cell,model,window_index,trade_date,forecast,realized,qlike,share_of_cell_qlike,reason
ES/GLOBEX/B0/1day,M4_HARQ,513,2018-02-06,1e-300,0.0018763285831937537,1.8763285831937537e+297,0.7576262391031873,below_1e-12
ES/GLOBEX/B0/1day,M4_HARQ,1018,2020-03-04,1e-300,0.0006002601176078315,6.002601176078315e+296,0.24237376089681273,below_1e-12
ES/GLOBEX/B0/1h,M3_HARJ,679,2016-02-15,7.310977434879219e-06,0.0,inf,inf,nonfinite_qlike
ES/GLOBEX/B0/1h,M3_HARJ,680,2016-02-15,6.468309433968533e-06,0.0,inf,inf,nonfinite_qlike
ES/GLOBEX/B0/1h,M3_HARJ,681,2016-02-15,6.5415766636362665e-06,0.0,inf,inf,nonfinite_qlike
ES/GLOBEX/B0/1h,M3_HARJ,2241,2016-05-30,9.192288641280008e-07,0.0,inf,inf,nonfinite_qlike
ES/GLOBEX/B0/1h,M3_HARJ,2242,2016-05-30,5.427422860328211e-07,0.0,inf,inf,nonfinite_qlike
ES/GLOBEX/B0/1h,M3_HARJ,2243,2016-05-30,5.358947389690704e-07,0.0,inf,inf,nonfinite_qlike
ES/GLOBEX/B0/1h,M3_HARJ,2725,2016-07-04,1.6821937511938465e-06,0.0,inf,inf,nonfinite_qlike
ES/GLOBEX/B0/1h,M3_HARJ,2726,2016-07-04,1.1581582342065857e-06,0.0,inf,inf,nonfinite_qlike
ES/GLOBEX/B0/1h,M3_HARJ,2727,2016-07-04,1.1343644490054909e-06,0.0,inf,inf,nonfinite_qlike
ES/GLOBEX/B0/1h,M3_HARJ,4925,2016-11-24,9.736586837551776e-07,0.0,inf,inf,nonfinite_qlike
ES/GLOBEX/B0/1h,M3_HARJ,4926,2016-11-24,4.090807389878028e-07,0.0,inf,inf,nonfinite_qlike
ES/GLOBEX/B0/1h,M3_HARJ,4927,2016-11-24,4.061498653822879e-07,0.0,inf,inf,nonfinite_qlike
ES/GLOBEX/B0/1h,M3_HARJ,5607,2017-01-16,1.096334913639797e-06,0.0,inf,inf,nonfinite_qlike
ES/GLOBEX/B0/1h,M3_HARJ,5608,2017-01-16,2.740540694001617e-07,0.0,inf,inf,nonfinite_qlike
ES/GLOBEX/B0/1h,M3_HARJ,5609,2017-01-16,2.715403047783981e-07,0.0,inf,inf,nonfinite_qlike
ES/GLOBEX/B0/1h,M3_HARJ,6157,2017-02-20,9.876190514183757e-07,0.0,inf,inf,nonfinite_qlike
ES/GLOBEX/B0/1h,M3_HARJ,6158,2017-02-20,2.0510953132713872e-07,0.0,inf,inf,nonfinite_qlike
ES/GLOBEX/B0/1h,M3_HARJ,6159,2017-02-20,2.027940162600453e-07,0.0,inf,inf,nonfinite_qlike
ES/GLOBEX/B0/1h,M3_HARJ,7609,2017-05-29,5.587178424741879e-07,0.0,inf,inf,nonfinite_qlike
ES/GLOBEX/B0/1h,M3_HARJ,7610,2017-05-29,1.7423153273277944e-07,0.0,inf,inf,nonfinite_qlike
ES/GLOBEX/B0/1h,M3_HARJ,7611,2017-05-29,1.7246094030923878e-07,0.0,inf,inf,nonfinite_qlike
ES/GLOBEX/B0/1h,M3_HARJ,8093,2017-07-04,1.0211075225735836e-06,0.0,inf,inf,nonfinite_qlike
ES/GLOBEX/B0/1h,M3_HARJ,8094,2017-07-04,2.961322496814905e-07,0.0,inf,inf,nonfinite_qlike
ES/GLOBEX/B0/1h,M3_HARJ,8095,2017-07-04,2.9347712508338966e-07,0.0,inf,inf,nonfinite_qlike
ES/GLOBEX/B0/1h,M3_HARJ,9061,2017-09-04,6.895381384935262e-07,0.0,inf,inf,nonfinite_qlike
ES/GLOBEX/B0/1h,M3_HARJ,9062,2017-09-04,2.3704760498319078e-07,0.0,inf,inf,nonfinite_qlike
ES/GLOBEX/B0/1h,M3_HARJ,9063,2017-09-04,2.3531371098002254e-07,0.0,inf,inf,nonfinite_qlike
ES/GLOBEX/B0/1h,M3_HARJ,10271,2017-11-23,4.682185528793264e-07,0.0,inf,inf,nonfinite_qlike
ES/GLOBEX/B0/1h,M3_HARJ,10272,2017-11-23,1.4018046115245974e-07,0.0,inf,inf,nonfinite_qlike
ES/GLOBEX/B0/1h,M3_HARJ,10273,2017-11-23,1.388376053995838e-07,0.0,inf,inf,nonfinite_qlike
ES/GLOBEX/B0/1h,M3_HARJ,10953,2018-01-15,5.401508131279142e-07,0.0,inf,inf,nonfinite_qlike
ES/GLOBEX/B0/1h,M3_HARJ,10954,2018-01-15,1.7648347459849152e-07,0.0,inf,inf,nonfinite_qlike
ES/GLOBEX/B0/1h,M3_HARJ,10955,2018-01-15,1.7542942537719048e-07,0.0,inf,inf,nonfinite_qlike
ES/GLOBEX/B0/1h,M3_HARJ,11503,2018-02-19,4.804215781736199e-06,0.0,inf,inf,nonfinite_qlike
ES/GLOBEX/B0/1h,M3_HARJ,11504,2018-02-19,2.840624769515529e-06,0.0,inf,inf,nonfinite_qlike
ES/GLOBEX/B0/1h,M3_HARJ,11505,2018-02-19,2.8052171550746913e-06,0.0,inf,inf,nonfinite_qlike
ES/GLOBEX/B0/1h,M3_HARJ,12955,2018-05-28,1.1983359289274193e-06,0.0,inf,inf,nonfinite_qlike
ES/GLOBEX/B0/1h,M3_HARJ,12956,2018-05-28,9.080520380916154e-07,0.0,inf,inf,nonfinite_qlike
ES/GLOBEX/B0/1h,M3_HARJ,12957,2018-05-28,8.989630751269e-07,0.0,inf,inf,nonfinite_qlike
ES/GLOBEX/B0/1h,M3_HARJ,13461,2018-07-04,1.898552761537875e-06,0.0,inf,inf,nonfinite_qlike
ES/GLOBEX/B0/1h,M3_HARJ,13462,2018-07-04,1.5331204083470905e-06,0.0,inf,inf,nonfinite_qlike
ES/GLOBEX/B0/1h,M3_HARJ,13463,2018-07-04,1.5279614453258987e-06,0.0,inf,inf,nonfinite_qlike
ES/GLOBEX/B0/1h,M3_HARJ,14407,2018-09-03,8.604883288496775e-07,0.0,inf,inf,nonfinite_qlike
ES/GLOBEX/B0/1h,M3_HARJ,14408,2018-09-03,6.001378073593695e-07,0.0,inf,inf,nonfinite_qlike
ES/GLOBEX/B0/1h,M3_HARJ,14409,2018-09-03,5.976431165505674e-07,0.0,inf,inf,nonfinite_qlike
ES/GLOBEX/B0/1h,M3_HARJ,15617,2018-11-22,3.773475526324792e-06,0.0,inf,inf,nonfinite_qlike
ES/GLOBEX/B0/1h,M3_HARJ,15618,2018-11-22,2.7501725729132023e-06,0.0,inf,inf,nonfinite_qlike
ES/GLOBEX/B0/1h,M3_HARJ,15619,2018-11-22,2.69437703455992e-06,0.0,inf,inf,nonfinite_qlike
ES/GLOBEX/B0/1h,M3_HARJ,15790,2018-12-05,2.483151286653727e-06,0.0,inf,inf,nonfinite_qlike
ES/GLOBEX/B0/1h,M3_HARJ,15791,2018-12-05,1.9291321253308077e-06,0.0,inf,inf,nonfinite_qlike
ES/GLOBEX/B0/1h,M3_HARJ,15792,2018-12-05,1.8771087662396348e-06,0.0,inf,inf,nonfinite_qlike
ES/GLOBEX/B0/1h,M3_HARJ,15793,2018-12-05,1.8149624160923129e-06,0.0,inf,inf,nonfinite_qlike
ES/GLOBEX/B0/1h,M3_HARJ,15794,2018-12-05,1.791095169865107e-06,0.0,inf,inf,nonfinite_qlike
ES/GLOBEX/B0/1h,M3_HARJ,15795,2018-12-05,1.7632077646374386e-06,0.0,inf,inf,nonfinite_qlike
ES/GLOBEX/B0/1h,M3_HARJ,16387,2019-01-21,1.9074872897070018e-06,0.0,inf,inf,nonfinite_qlike
ES/GLOBEX/B0/1h,M3_HARJ,16388,2019-01-21,1.4372919488043984e-06,0.0,inf,inf,nonfinite_qlike
ES/GLOBEX/B0/1h,M3_HARJ,16389,2019-01-21,1.4300329721624728e-06,0.0,inf,inf,nonfinite_qlike
ES/GLOBEX/B0/1h,M3_HARJ,16827,2019-02-18,1.4115248242929012e-06,0.0,inf,inf,nonfinite_qlike
ES/GLOBEX/B0/1h,M3_HARJ,16828,2019-02-18,9.977479131939697e-07,0.0,inf,inf,nonfinite_qlike
ES/GLOBEX/B0/1h,M3_HARJ,16829,2019-02-18,9.868865437162282e-07,0.0,inf,inf,nonfinite_qlike
ES/GLOBEX/B0/1h,M3_HARJ,16964,2019-02-27,1.2304203754316114e-06,0.0,inf,inf,nonfinite_qlike
ES/GLOBEX/B0/1h,M3_HARJ,16965,2019-02-27,9.077343177660449e-07,0.0,inf,inf,nonfinite_qlike
ES/GLOBEX/B0/1h,M3_HARJ,18279,2019-05-27,1.3429079299688998e-06,0.0,inf,inf,nonfinite_qlike
ES/GLOBEX/B0/1h,M3_HARJ,18280,2019-05-27,1.1384951447987575e-06,0.0,inf,inf,nonfinite_qlike
ES/GLOBEX/B0/1h,M3_HARJ,18281,2019-05-27,1.123548467570299e-06,0.0,inf,inf,nonfinite_qlike
ES/GLOBEX/B0/1h,M3_HARJ,18807,2019-07-04,9.410432793172057e-07,0.0,inf,inf,nonfinite_qlike
ES/GLOBEX/B0/1h,M3_HARJ,18808,2019-07-04,7.457817487669235e-07,0.0,inf,inf,nonfinite_qlike
ES/GLOBEX/B0/1h,M3_HARJ,18809,2019-07-04,7.364189569812806e-07,0.0,inf,inf,nonfinite_qlike
ES/GLOBEX/B0/1h,M3_HARJ,19731,2019-09-02,3.862785592792715e-06,0.0,inf,inf,nonfinite_qlike
ES/GLOBEX/B0/1h,M3_HARJ,19732,2019-09-02,1.8047152097287762e-06,0.0,inf,inf,nonfinite_qlike
ES/GLOBEX/B0/1h,M3_HARJ,19733,2019-09-02,1.7864196499303007e-06,0.0,inf,inf,nonfinite_qlike
ES/GLOBEX/B0/1h,M3_HARJ,21051,2019-11-28,7.746983414109588e-07,0.0,inf,inf,nonfinite_qlike
ES/GLOBEX/B0/1h,M3_HARJ,21052,2019-11-28,5.819179884999429e-07,0.0,inf,inf,nonfinite_qlike
ES/GLOBEX/B0/1h,M3_HARJ,21053,2019-11-28,5.78249225206239e-07,0.0,inf,inf,nonfinite_qlike
ES/GLOBEX/B0/1h,M3_HARJ,21711,2020-01-20,8.582539159321326e-07,0.0,inf,inf,nonfinite_qlike
ES/GLOBEX/B0/1h,M3_HARJ,21712,2020-01-20,6.931952940904474e-07,0.0,inf,inf,nonfinite_qlike
ES/GLOBEX/B0/1h,M3_HARJ,21713,2020-01-20,6.909783196128541e-07,0.0,inf,inf,nonfinite_qlike
ES/GLOBEX/B0/1h,M3_HARJ,22151,2020-02-17,1.0524209009027822e-06,0.0,inf,inf,nonfinite_qlike
ES/GLOBEX/B0/1h,M3_HARJ,22152,2020-02-17,8.159617588239618e-07,0.0,inf,inf,nonfinite_qlike
ES/GLOBEX/B0/1h,M3_HARJ,22153,2020-02-17,8.133257676480467e-07,0.0,inf,inf,nonfinite_qlike
ES/GLOBEX/B0/1h,M3_HARJ,22466,2020-03-09,2.4399843524388696e-05,0.0,inf,inf,nonfinite_qlike
ES/GLOBEX/B0/1h,M3_HARJ,22468,2020-03-09,2.422285684124028e-05,0.0,inf,inf,nonfinite_qlike
ES/GLOBEX/B0/1h,M3_HARJ,22469,2020-03-09,1.6935458288928853e-05,0.0,inf,inf,nonfinite_qlike
ES/GLOBEX/B0/1h,M3_HARJ,22470,2020-03-09,1.6892611427447186e-05,0.0,inf,inf,nonfinite_qlike
ES/GLOBEX/B0/1h,M3_HARJ,22471,2020-03-09,1.6793860608608134e-05,0.0,inf,inf,nonfinite_qlike
ES/GLOBEX/B0/1h,M3_HARJ,22472,2020-03-09,1.666354106951632e-05,0.0,inf,inf,nonfinite_qlike
ES/GLOBEX/B0/1h,M3_HARJ,22474,2020-03-09,1.752185395758488e-05,0.0,inf,inf,nonfinite_qlike
ES/GLOBEX/B0/1h,M3_HARJ,22475,2020-03-09,1.6171594464710372e-05,0.0,inf,inf,nonfinite_qlike
ES/GLOBEX/B0/1h,M3_HARJ,22476,2020-03-09,1.5984602148088534e-05,0.0,inf,inf,nonfinite_qlike
ES/GLOBEX/B0/1h,M3_HARJ,22558,2020-03-18,6.808929070294546e-05,0.0,inf,inf,nonfinite_qlike
ES/GLOBEX/B0/1h,M3_HARJ,22559,2020-03-18,6.339138561649196e-05,0.0,inf,inf,nonfinite_qlike
ES/GLOBEX/B0/1h,M3_HARJ,22560,2020-03-18,6.318778695101561e-05,0.0,inf,inf,nonfinite_qlike
ES/GLOBEX/B0/1h,M3_HARJ,22561,2020-03-18,6.301063419736701e-05,0.0,inf,inf,nonfinite_qlike
ES/GLOBEX/B0/1h,M3_HARJ,22562,2020-03-18,6.276157626960356e-05,0.0,inf,inf,nonfinite_qlike
ES/GLOBEX/B0/1h,M3_HARJ,22563,2020-03-18,6.256365226765967e-05,0.0,inf,inf,nonfinite_qlike
ES/GLOBEX/B0/1h,M3_HARJ,22564,2020-03-18,6.235675520175145e-05,0.0,inf,inf,nonfinite_qlike
ES/GLOBEX/B0/1h,M3_HARJ,22572,2020-03-19,0.0006488706780826375,0.00029439407217068947,0.24401640988587103,1.7396183996278795e-05,above_100x_mean_rv
ES/GLOBEX/B0/1h,M3_HARJ,22631,2020-03-23,0.0007316108749376811,0.000636566045386644,0.009248881710303136,6.593624095506667e-07,above_100x_mean_rv
ES/GLOBEX/B0/1h,M3_HARJ,22650,2020-03-24,0.00015721144510718856,0.0,inf,inf,nonfinite_qlike
ES/GLOBEX/B0/1h,M3_HARJ,23603,2020-05-25,3.286778562166036e-06,0.0,inf,inf,nonfinite_qlike
ES/GLOBEX/B0/1h,M3_HARJ,23604,2020-05-25,2.8759846278455522e-06,0.0,inf,inf,nonfinite_qlike
ES/GLOBEX/B0/1h,M3_HARJ,23605,2020-05-25,2.851560352950304e-06,0.0,inf,inf,nonfinite_qlike
ES/GLOBEX/B0/1h,M3_HARJ,24112,2020-07-01,1.5589836456303773e-05,0.0,inf,inf,nonfinite_qlike
ES/GLOBEX/B0/1h,M3_HARJ,24113,2020-07-01,5.185816715609311e-06,0.0,inf,inf,nonfinite_qlike
ES/GLOBEX/B0/1h,M3_HARJ,25165,2020-09-07,6.8519944496822955e-06,0.0,inf,inf,nonfinite_qlike
ES/GLOBEX/B0/1h,M3_HARJ,25166,2020-09-07,5.647596610849064e-06,0.0,inf,inf,nonfinite_qlike
ES/GLOBEX/B0/1h,M3_HARJ,25167,2020-09-07,5.637857410433424e-06,0.0,inf,inf,nonfinite_qlike
ES/GLOBEX/B0/1h,M3_HARJ,26375,2020-11-26,3.0038361974720835e-06,0.0,inf,inf,nonfinite_qlike
ES/GLOBEX/B0/1h,M3_HARJ,26376,2020-11-26,1.1492734784394503e-06,0.0,inf,inf,nonfinite_qlike
ES/GLOBEX/B0/1h,M3_HARJ,26377,2020-11-26,1.1313392837528043e-06,0.0,inf,inf,nonfinite_qlike
ES/GLOBEX/B0/1h,M3_HARJ,27035,2021-01-18,1.842896042588735e-06,0.0,inf,inf,nonfinite_qlike
ES/GLOBEX/B0/1h,M3_HARJ,27036,2021-01-18,1.6148759205232735e-06,0.0,inf,inf,nonfinite_qlike
ES/GLOBEX/B0/1h,M3_HARJ,27037,2021-01-18,1.5916515773683117e-06,0.0,inf,inf,nonfinite_qlike
ES/GLOBEX/B0/1h,M3_HARJ,27475,2021-02-15,1.0789705796393403e-06,0.0,inf,inf,nonfinite_qlike
ES/GLOBEX/B0/1h,M3_HARJ,27476,2021-02-15,9.814311959873503e-07,0.0,inf,inf,nonfinite_qlike
ES/GLOBEX/B0/1h,M3_HARJ,27477,2021-02-15,9.755153474065494e-07,0.0,inf,inf,nonfinite_qlike
ES/GLOBEX/B0/1h,M3_HARJ,28154,2021-04-02,1.7762216527376626e-06,0.0,inf,inf,nonfinite_qlike
ES/GLOBEX/B0/1h,M3_HARJ,28155,2021-04-02,1.2017734570532083e-06,0.0,inf,inf,nonfinite_qlike
ES/GLOBEX/B0/1h,M3_HARJ,28156,2021-04-02,1.181830599340722e-06,0.0,inf,inf,nonfinite_qlike
ES/GLOBEX/B0/1h,M3_HARJ,28157,2021-04-02,1.1694829366450308e-06,0.0,inf,inf,nonfinite_qlike
ES/GLOBEX/B0/1h,M3_HARJ,28158,2021-04-02,1.159266169759703e-06,0.0,inf,inf,nonfinite_qlike
ES/GLOBEX/B0/1h,M3_HARJ,28159,2021-04-02,1.1023528796678928e-06,0.0,inf,inf,nonfinite_qlike
ES/GLOBEX/B0/1h,M3_HARJ,29059,2021-05-31,1.000022252827716e-06,0.0,inf,inf,nonfinite_qlike
ES/GLOBEX/B0/1h,M3_HARJ,29060,2021-05-31,7.759327589154597e-07,0.0,inf,inf,nonfinite_qlike
ES/GLOBEX/B0/1h,M3_HARJ,29061,2021-05-31,7.729383925764014e-07,0.0,inf,inf,nonfinite_qlike
ES/GLOBEX/B0/1h,M3_HARJ,29543,2021-07-05,8.682698998613248e-07,0.0,inf,inf,nonfinite_qlike
ES/GLOBEX/B0/1h,M3_HARJ,29544,2021-07-05,6.908954415633193e-07,0.0,inf,inf,nonfinite_qlike
ES/GLOBEX/B0/1h,M3_HARJ,29545,2021-07-05,6.877625226236473e-07,0.0,inf,inf,nonfinite_qlike
ES/GLOBEX/B0/1h,M3_HARJ,30533,2021-09-06,8.778886021316447e-07,0.0,inf,inf,nonfinite_qlike
ES/GLOBEX/B0/1h,M3_HARJ,30534,2021-09-06,7.670229654477747e-07,0.0,inf,inf,nonfinite_qlike
ES/GLOBEX/B0/1h,M3_HARJ,30535,2021-09-06,7.644238396300799e-07,0.0,inf,inf,nonfinite_qlike
ES/GLOBEX/B0/1h,M3_HARJ,31743,2021-11-25,1.6580426491653689e-06,0.0,inf,inf,nonfinite_qlike
ES/GLOBEX/B0/1h,M3_HARJ,31744,2021-11-25,1.5169737074505036e-06,0.0,inf,inf,nonfinite_qlike
ES/GLOBEX/B0/1h,M3_HARJ,31745,2021-11-25,1.5094717851905296e-06,0.0,inf,inf,nonfinite_qlike
ES/GLOBEX/B0/1h,M3_HARJ,32447,2022-01-17,2.7886989200465694e-06,0.0,inf,inf,nonfinite_qlike
ES/GLOBEX/B0/1h,M3_HARJ,32448,2022-01-17,2.436351417112576e-06,0.0,inf,inf,nonfinite_qlike
ES/GLOBEX/B0/1h,M3_HARJ,32449,2022-01-17,2.3886207786260176e-06,0.0,inf,inf,nonfinite_qlike
ES/GLOBEX/B0/1h,M3_HARJ,32997,2022-02-21,6.164085080576652e-06,0.0,inf,inf,nonfinite_qlike
ES/GLOBEX/B0/1h,M3_HARJ,32998,2022-02-21,3.316396844914125e-06,0.0,inf,inf,nonfinite_qlike
ES/GLOBEX/B0/1h,M3_HARJ,32999,2022-02-21,3.1359543736134167e-06,0.0,inf,inf,nonfinite_qlike
ES/GLOBEX/B0/1h,M3_HARJ,34449,2022-05-30,5.98217796466819e-06,0.0,inf,inf,nonfinite_qlike
ES/GLOBEX/B0/1h,M3_HARJ,34450,2022-05-30,2.996901579370849e-06,0.0,inf,inf,nonfinite_qlike
ES/GLOBEX/B0/1h,M3_HARJ,34451,2022-05-30,2.9266816288351374e-06,0.0,inf,inf,nonfinite_qlike
ES/GLOBEX/B0/1h,M3_HARJ,34713,2022-06-20,8.329842511123007e-06,0.0,inf,inf,nonfinite_qlike
ES/GLOBEX/B0/1h,M3_HARJ,34714,2022-06-20,7.2690124965667445e-06,0.0,inf,inf,nonfinite_qlike
ES/GLOBEX/B0/1h,M3_HARJ,34715,2022-06-20,7.229661055638205e-06,0.0,inf,inf,nonfinite_qlike
ES/GLOBEX/B0/1h,M3_HARJ,34933,2022-07-04,5.575210081314806e-06,0.0,inf,inf,nonfinite_qlike
ES/GLOBEX/B0/1h,M3_HARJ,34934,2022-07-04,4.5644609220146244e-06,0.0,inf,inf,nonfinite_qlike
ES/GLOBEX/B0/1h,M3_HARJ,34935,2022-07-04,4.530900274210781e-06,0.0,inf,inf,nonfinite_qlike
ES/GLOBEX/B0/1h,M3_HARJ,35923,2022-09-05,4.804064449128833e-06,0.0,inf,inf,nonfinite_qlike
ES/GLOBEX/B0/1h,M3_HARJ,35924,2022-09-05,4.0812573475626795e-06,0.0,inf,inf,nonfinite_qlike
ES/GLOBEX/B0/1h,M3_HARJ,35925,2022-09-05,4.03130670570088e-06,0.0,inf,inf,nonfinite_qlike
ES/GLOBEX/B0/1h,M3_HARJ,37133,2022-11-24,1.656886587233015e-06,0.0,inf,inf,nonfinite_qlike
ES/GLOBEX/B0/1h,M3_HARJ,37134,2022-11-24,1.490889624169632e-06,0.0,inf,inf,nonfinite_qlike
ES/GLOBEX/B0/1h,M3_HARJ,37135,2022-11-24,1.4541606218628659e-06,0.0,inf,inf,nonfinite_qlike
ES/GLOBEX/B0/1h,M3_HARJ,37815,2023-01-16,3.2825319611367235e-06,0.0,inf,inf,nonfinite_qlike
ES/GLOBEX/B0/1h,M3_HARJ,37816,2023-01-16,2.6220871882085683e-06,0.0,inf,inf,nonfinite_qlike
ES/GLOBEX/B0/1h,M3_HARJ,37817,2023-01-16,2.5823220198702325e-06,0.0,inf,inf,nonfinite_qlike
ES/GLOBEX/B0/1h,M3_HARJ,38365,2023-02-20,3.0001759079696546e-06,0.0,inf,inf,nonfinite_qlike
ES/GLOBEX/B0/1h,M3_HARJ,38366,2023-02-20,2.735718264704222e-06,0.0,inf,inf,nonfinite_qlike
ES/GLOBEX/B0/1h,M3_HARJ,38367,2023-02-20,2.718337058386572e-06,0.0,inf,inf,nonfinite_qlike
ES/GLOBEX/B0/1h,M3_HARJ,39044,2023-04-07,1.3304856394373152e-06,0.0,inf,inf,nonfinite_qlike
ES/GLOBEX/B0/1h,M3_HARJ,39045,2023-04-07,1.1071922569872322e-06,0.0,inf,inf,nonfinite_qlike
ES/GLOBEX/B0/1h,M3_HARJ,39046,2023-04-07,1.0969267137317529e-06,0.0,inf,inf,nonfinite_qlike
ES/GLOBEX/B0/1h,M3_HARJ,39047,2023-04-07,1.0881588212600237e-06,0.0,inf,inf,nonfinite_qlike
ES/GLOBEX/B0/1h,M3_HARJ,39048,2023-04-07,1.0796603545175121e-06,0.0,inf,inf,nonfinite_qlike
ES/GLOBEX/B0/1h,M3_HARJ,39049,2023-04-07,1.0676207207798621e-06,0.0,inf,inf,nonfinite_qlike
ES/GLOBEX/B0/1h,M3_HARJ,39839,2023-05-29,1.8068572643129698e-06,0.0,inf,inf,nonfinite_qlike
ES/GLOBEX/B0/1h,M3_HARJ,39840,2023-05-29,1.6564669152933625e-06,0.0,inf,inf,nonfinite_qlike
ES/GLOBEX/B0/1h,M3_HARJ,39841,2023-05-29,1.6440690403932179e-06,0.0,inf,inf,nonfinite_qlike
ES/GLOBEX/B0/1h,M3_HARJ,40103,2023-06-19,1.6473493057473906e-06,0.0,inf,inf,nonfinite_qlike
ES/GLOBEX/B0/1h,M3_HARJ,40104,2023-06-19,1.450553001910657e-06,0.0,inf,inf,nonfinite_qlike
ES/GLOBEX/B0/1h,M3_HARJ,40105,2023-06-19,1.4341309946240409e-06,0.0,inf,inf,nonfinite_qlike
ES/GLOBEX/B0/1h,M3_HARJ,40323,2023-07-04,1.2232825349844341e-06,0.0,inf,inf,nonfinite_qlike
ES/GLOBEX/B0/1h,M3_HARJ,40324,2023-07-04,1.1297444812945496e-06,0.0,inf,inf,nonfinite_qlike
ES/GLOBEX/B0/1h,M3_HARJ,40325,2023-07-04,1.1139075602356955e-06,0.0,inf,inf,nonfinite_qlike
ES/GLOBEX/B0/1h,M3_HARJ,41291,2023-09-04,1.4315269654833291e-06,0.0,inf,inf,nonfinite_qlike
ES/GLOBEX/B0/1h,M3_HARJ,41292,2023-09-04,1.2541535145095273e-06,0.0,inf,inf,nonfinite_qlike
ES/GLOBEX/B0/1h,M3_HARJ,41293,2023-09-04,1.2313297965626383e-06,0.0,inf,inf,nonfinite_qlike
ES/GLOBEX/B0/1h,M3_HARJ,42501,2023-11-23,9.373147034053137e-07,0.0,inf,inf,nonfinite_qlike
ES/GLOBEX/B0/1h,M3_HARJ,42502,2023-11-23,8.284980737842167e-07,0.0,inf,inf,nonfinite_qlike
ES/GLOBEX/B0/1h,M3_HARJ,42503,2023-11-23,8.146747047369506e-07,0.0,inf,inf,nonfinite_qlike
ES/GLOBEX/B0/1h,M4_HARQ,637,2016-02-11,1e-300,4.0977511162054725e-05,4.097751116205472e+295,0.0943582240790064,below_1e-12
ES/GLOBEX/B0/1h,M4_HARQ,679,2016-02-15,5.564497003115864e-06,0.0,inf,inf,nonfinite_qlike
ES/GLOBEX/B0/1h,M4_HARQ,680,2016-02-15,4.503153656343956e-06,0.0,inf,inf,nonfinite_qlike
ES/GLOBEX/B0/1h,M4_HARQ,681,2016-02-15,4.580427423754559e-06,0.0,inf,inf,nonfinite_qlike
ES/GLOBEX/B0/1h,M4_HARQ,2241,2016-05-30,6.710289598762822e-07,0.0,inf,inf,nonfinite_qlike
ES/GLOBEX/B0/1h,M4_HARQ,2242,2016-05-30,2.6847825828583726e-07,0.0,inf,inf,nonfinite_qlike
ES/GLOBEX/B0/1h,M4_HARQ,2243,2016-05-30,2.621497581268017e-07,0.0,inf,inf,nonfinite_qlike
ES/GLOBEX/B0/1h,M4_HARQ,2578,2016-06-24,1e-300,0.00011502942061270005,1.1502942061270004e+296,0.26487630746843,below_1e-12
ES/GLOBEX/B0/1h,M4_HARQ,2725,2016-07-04,1.5550427327730484e-06,0.0,inf,inf,nonfinite_qlike
ES/GLOBEX/B0/1h,M4_HARQ,2726,2016-07-04,1.0968264572914183e-06,0.0,inf,inf,nonfinite_qlike
ES/GLOBEX/B0/1h,M4_HARQ,2727,2016-07-04,1.076354833324346e-06,0.0,inf,inf,nonfinite_qlike
ES/GLOBEX/B0/1h,M4_HARQ,4925,2016-11-24,1.0133763776957102e-06,0.0,inf,inf,nonfinite_qlike
ES/GLOBEX/B0/1h,M4_HARQ,4926,2016-11-24,6.130649117195399e-07,0.0,inf,inf,nonfinite_qlike
ES/GLOBEX/B0/1h,M4_HARQ,4927,2016-11-24,6.109648593782248e-07,0.0,inf,inf,nonfinite_qlike
ES/GLOBEX/B0/1h,M4_HARQ,5607,2017-01-16,8.968066763165473e-07,0.0,inf,inf,nonfinite_qlike
ES/GLOBEX/B0/1h,M4_HARQ,5608,2017-01-16,4.2375254113893603e-07,0.0,inf,inf,nonfinite_qlike
ES/GLOBEX/B0/1h,M4_HARQ,5609,2017-01-16,4.218401506286912e-07,0.0,inf,inf,nonfinite_qlike
ES/GLOBEX/B0/1h,M4_HARQ,6157,2017-02-20,8.630915827044125e-07,0.0,inf,inf,nonfinite_qlike
ES/GLOBEX/B0/1h,M4_HARQ,6158,2017-02-20,3.556598808773277e-07,0.0,inf,inf,nonfinite_qlike
ES/GLOBEX/B0/1h,M4_HARQ,6159,2017-02-20,3.5371044015043534e-07,0.0,inf,inf,nonfinite_qlike
ES/GLOBEX/B0/1h,M4_HARQ,7609,2017-05-29,5.665405103282812e-07,0.0,inf,inf,nonfinite_qlike
ES/GLOBEX/B0/1h,M4_HARQ,7610,2017-05-29,3.1080092988022323e-07,0.0,inf,inf,nonfinite_qlike
ES/GLOBEX/B0/1h,M4_HARQ,7611,2017-05-29,3.094040282324632e-07,0.0,inf,inf,nonfinite_qlike
ES/GLOBEX/B0/1h,M4_HARQ,8093,2017-07-04,8.633521918296363e-07,0.0,inf,inf,nonfinite_qlike
ES/GLOBEX/B0/1h,M4_HARQ,8094,2017-07-04,3.9802933446416865e-07,0.0,inf,inf,nonfinite_qlike
ES/GLOBEX/B0/1h,M4_HARQ,8095,2017-07-04,3.960212485941436e-07,0.0,inf,inf,nonfinite_qlike
ES/GLOBEX/B0/1h,M4_HARQ,9061,2017-09-04,6.873167972937828e-07,0.0,inf,inf,nonfinite_qlike
ES/GLOBEX/B0/1h,M4_HARQ,9062,2017-09-04,3.490083979087459e-07,0.0,inf,inf,nonfinite_qlike
ES/GLOBEX/B0/1h,M4_HARQ,9063,2017-09-04,3.4766750757694326e-07,0.0,inf,inf,nonfinite_qlike
ES/GLOBEX/B0/1h,M4_HARQ,10271,2017-11-23,5.784258964353798e-07,0.0,inf,inf,nonfinite_qlike
ES/GLOBEX/B0/1h,M4_HARQ,10272,2017-11-23,2.5929485380054467e-07,0.0,inf,inf,nonfinite_qlike
ES/GLOBEX/B0/1h,M4_HARQ,10273,2017-11-23,2.5820867115909685e-07,0.0,inf,inf,nonfinite_qlike
ES/GLOBEX/B0/1h,M4_HARQ,10953,2018-01-15,5.077728253859272e-07,0.0,inf,inf,nonfinite_qlike
ES/GLOBEX/B0/1h,M4_HARQ,10954,2018-01-15,2.7940445350299546e-07,0.0,inf,inf,nonfinite_qlike
ES/GLOBEX/B0/1h,M4_HARQ,10955,2018-01-15,2.785296251337192e-07,0.0,inf,inf,nonfinite_qlike
ES/GLOBEX/B0/1h,M4_HARQ,11503,2018-02-19,3.960708053824591e-06,0.0,inf,inf,nonfinite_qlike
ES/GLOBEX/B0/1h,M4_HARQ,11504,2018-02-19,6.853404370426232e-07,0.0,inf,inf,nonfinite_qlike
ES/GLOBEX/B0/1h,M4_HARQ,11505,2018-02-19,6.68480339520934e-07,0.0,inf,inf,nonfinite_qlike
ES/GLOBEX/B0/1h,M4_HARQ,12955,2018-05-28,8.69693603538023e-07,0.0,inf,inf,nonfinite_qlike
ES/GLOBEX/B0/1h,M4_HARQ,12956,2018-05-28,3.404889790321041e-07,0.0,inf,inf,nonfinite_qlike
ES/GLOBEX/B0/1h,M4_HARQ,12957,2018-05-28,3.356964195746592e-07,0.0,inf,inf,nonfinite_qlike
ES/GLOBEX/B0/1h,M4_HARQ,13461,2018-07-04,1.2384665470469305e-06,0.0,inf,inf,nonfinite_qlike
ES/GLOBEX/B0/1h,M4_HARQ,13462,2018-07-04,6.973629271522213e-07,0.0,inf,inf,nonfinite_qlike
ES/GLOBEX/B0/1h,M4_HARQ,13463,2018-07-04,6.955540300552433e-07,0.0,inf,inf,nonfinite_qlike
ES/GLOBEX/B0/1h,M4_HARQ,14407,2018-09-03,6.226886857551161e-07,0.0,inf,inf,nonfinite_qlike
ES/GLOBEX/B0/1h,M4_HARQ,14408,2018-09-03,2.2821315312068063e-07,0.0,inf,inf,nonfinite_qlike
ES/GLOBEX/B0/1h,M4_HARQ,14409,2018-09-03,2.2696214243929712e-07,0.0,inf,inf,nonfinite_qlike
ES/GLOBEX/B0/1h,M4_HARQ,15617,2018-11-22,2.632869236354701e-06,0.0,inf,inf,nonfinite_qlike
ES/GLOBEX/B0/1h,M4_HARQ,15618,2018-11-22,1.2878259475335378e-06,0.0,inf,inf,nonfinite_qlike
ES/GLOBEX/B0/1h,M4_HARQ,15619,2018-11-22,1.25489489230122e-06,0.0,inf,inf,nonfinite_qlike
ES/GLOBEX/B0/1h,M4_HARQ,15790,2018-12-05,1.6599967019686525e-06,0.0,inf,inf,nonfinite_qlike
ES/GLOBEX/B0/1h,M4_HARQ,15791,2018-12-05,8.949925864655809e-07,0.0,inf,inf,nonfinite_qlike
ES/GLOBEX/B0/1h,M4_HARQ,15792,2018-12-05,8.646793198632255e-07,0.0,inf,inf,nonfinite_qlike
ES/GLOBEX/B0/1h,M4_HARQ,15793,2018-12-05,8.27436320543115e-07,0.0,inf,inf,nonfinite_qlike
ES/GLOBEX/B0/1h,M4_HARQ,15794,2018-12-05,8.134383625544806e-07,0.0,inf,inf,nonfinite_qlike
ES/GLOBEX/B0/1h,M4_HARQ,15795,2018-12-05,8.001404416583556e-07,0.0,inf,inf,nonfinite_qlike
ES/GLOBEX/B0/1h,M4_HARQ,16387,2019-01-21,1.2451720483485725e-06,0.0,inf,inf,nonfinite_qlike
ES/GLOBEX/B0/1h,M4_HARQ,16388,2019-01-21,6.004888502439629e-07,0.0,inf,inf,nonfinite_qlike
ES/GLOBEX/B0/1h,M4_HARQ,16389,2019-01-21,5.967511981783074e-07,0.0,inf,inf,nonfinite_qlike
ES/GLOBEX/B0/1h,M4_HARQ,16827,2019-02-18,1.1762776149051885e-06,0.0,inf,inf,nonfinite_qlike
ES/GLOBEX/B0/1h,M4_HARQ,16828,2019-02-18,5.647902455034318e-07,0.0,inf,inf,nonfinite_qlike
ES/GLOBEX/B0/1h,M4_HARQ,16829,2019-02-18,5.585038277853929e-07,0.0,inf,inf,nonfinite_qlike
ES/GLOBEX/B0/1h,M4_HARQ,16964,2019-02-27,9.788558973376344e-07,0.0,inf,inf,nonfinite_qlike
ES/GLOBEX/B0/1h,M4_HARQ,16965,2019-02-27,5.196946368169383e-07,0.0,inf,inf,nonfinite_qlike
ES/GLOBEX/B0/1h,M4_HARQ,18279,2019-05-27,9.38966044913802e-07,0.0,inf,inf,nonfinite_qlike
ES/GLOBEX/B0/1h,M4_HARQ,18280,2019-05-27,6.360700083368576e-07,0.0,inf,inf,nonfinite_qlike
ES/GLOBEX/B0/1h,M4_HARQ,18281,2019-05-27,6.254970606605353e-07,0.0,inf,inf,nonfinite_qlike
ES/GLOBEX/B0/1h,M4_HARQ,18807,2019-07-04,6.776099200890832e-07,0.0,inf,inf,nonfinite_qlike
ES/GLOBEX/B0/1h,M4_HARQ,18808,2019-07-04,4.095074637797241e-07,0.0,inf,inf,nonfinite_qlike
ES/GLOBEX/B0/1h,M4_HARQ,18809,2019-07-04,4.032138912409458e-07,0.0,inf,inf,nonfinite_qlike
ES/GLOBEX/B0/1h,M4_HARQ,19731,2019-09-02,3.763497700172768e-06,0.0,inf,inf,nonfinite_qlike
ES/GLOBEX/B0/1h,M4_HARQ,19732,2019-09-02,1.0750187319134756e-06,0.0,inf,inf,nonfinite_qlike
ES/GLOBEX/B0/1h,M4_HARQ,19733,2019-09-02,1.063647596513071e-06,0.0,inf,inf,nonfinite_qlike
ES/GLOBEX/B0/1h,M4_HARQ,21051,2019-11-28,5.89132141357073e-07,0.0,inf,inf,nonfinite_qlike
ES/GLOBEX/B0/1h,M4_HARQ,21052,2019-11-28,3.4187532373949255e-07,0.0,inf,inf,nonfinite_qlike
ES/GLOBEX/B0/1h,M4_HARQ,21053,2019-11-28,3.392145211307809e-07,0.0,inf,inf,nonfinite_qlike
ES/GLOBEX/B0/1h,M4_HARQ,21711,2020-01-20,6.375752602939459e-07,0.0,inf,inf,nonfinite_qlike
ES/GLOBEX/B0/1h,M4_HARQ,21712,2020-01-20,4.249745473514225e-07,0.0,inf,inf,nonfinite_qlike
ES/GLOBEX/B0/1h,M4_HARQ,21713,2020-01-20,4.234470977948761e-07,0.0,inf,inf,nonfinite_qlike
ES/GLOBEX/B0/1h,M4_HARQ,22151,2020-02-17,8.112594326772555e-07,0.0,inf,inf,nonfinite_qlike
ES/GLOBEX/B0/1h,M4_HARQ,22152,2020-02-17,4.880930002332504e-07,0.0,inf,inf,nonfinite_qlike
ES/GLOBEX/B0/1h,M4_HARQ,22153,2020-02-17,4.861424603596345e-07,0.0,inf,inf,nonfinite_qlike
ES/GLOBEX/B0/1h,M4_HARQ,22390,2020-03-03,1e-300,0.00027826905807160074,2.7826905807160074e+296,0.6407654684525637,below_1e-12
ES/GLOBEX/B0/1h,M4_HARQ,22466,2020-03-09,2.3828998358241387e-05,0.0,inf,inf,nonfinite_qlike
ES/GLOBEX/B0/1h,M4_HARQ,22468,2020-03-09,2.394939583456564e-05,0.0,inf,inf,nonfinite_qlike
ES/GLOBEX/B0/1h,M4_HARQ,22469,2020-03-09,1.6283600930299164e-05,0.0,inf,inf,nonfinite_qlike
ES/GLOBEX/B0/1h,M4_HARQ,22470,2020-03-09,1.6241665687220742e-05,0.0,inf,inf,nonfinite_qlike
ES/GLOBEX/B0/1h,M4_HARQ,22471,2020-03-09,1.6144972548278842e-05,0.0,inf,inf,nonfinite_qlike
ES/GLOBEX/B0/1h,M4_HARQ,22472,2020-03-09,1.6017368688666913e-05,0.0,inf,inf,nonfinite_qlike
ES/GLOBEX/B0/1h,M4_HARQ,22474,2020-03-09,1.7038650200589335e-05,0.0,inf,inf,nonfinite_qlike
ES/GLOBEX/B0/1h,M4_HARQ,22475,2020-03-09,1.5535558639110797e-05,0.0,inf,inf,nonfinite_qlike
ES/GLOBEX/B0/1h,M4_HARQ,22476,2020-03-09,1.535241199552949e-05,0.0,inf,inf,nonfinite_qlike
ES/GLOBEX/B0/1h,M4_HARQ,22558,2020-03-18,6.12355964241323e-05,0.0,inf,inf,nonfinite_qlike
ES/GLOBEX/B0/1h,M4_HARQ,22559,2020-03-18,5.592503723674142e-05,0.0,inf,inf,nonfinite_qlike
ES/GLOBEX/B0/1h,M4_HARQ,22560,2020-03-18,5.574282426880555e-05,0.0,inf,inf,nonfinite_qlike
ES/GLOBEX/B0/1h,M4_HARQ,22561,2020-03-18,5.5584244326620915e-05,0.0,inf,inf,nonfinite_qlike
ES/GLOBEX/B0/1h,M4_HARQ,22562,2020-03-18,5.536129092740896e-05,0.0,inf,inf,nonfinite_qlike
ES/GLOBEX/B0/1h,M4_HARQ,22563,2020-03-18,5.5184109963271154e-05,0.0,inf,inf,nonfinite_qlike
ES/GLOBEX/B0/1h,M4_HARQ,22564,2020-03-18,5.499890148879169e-05,0.0,inf,inf,nonfinite_qlike
ES/GLOBEX/B0/1h,M4_HARQ,22650,2020-03-24,0.00013344229580757123,0.0,inf,inf,nonfinite_qlike
ES/GLOBEX/B0/1h,M4_HARQ,23603,2020-05-25,2.595902718776008e-06,0.0,inf,inf,nonfinite_qlike
ES/GLOBEX/B0/1h,M4_HARQ,23604,2020-05-25,1.8904362263872366e-06,0.0,inf,inf,nonfinite_qlike
ES/GLOBEX/B0/1h,M4_HARQ,23605,2020-05-25,1.872003356020048e-06,0.0,inf,inf,nonfinite_qlike
ES/GLOBEX/B0/1h,M4_HARQ,24112,2020-07-01,1.8416211342176223e-05,0.0,inf,inf,nonfinite_qlike
ES/GLOBEX/B0/1h,M4_HARQ,24113,2020-07-01,3.8134997812795153e-06,0.0,inf,inf,nonfinite_qlike
ES/GLOBEX/B0/1h,M4_HARQ,25165,2020-09-07,6.265197051573228e-06,0.0,inf,inf,nonfinite_qlike
ES/GLOBEX/B0/1h,M4_HARQ,25166,2020-09-07,4.328347544871677e-06,0.0,inf,inf,nonfinite_qlike
ES/GLOBEX/B0/1h,M4_HARQ,25167,2020-09-07,4.320408035142969e-06,0.0,inf,inf,nonfinite_qlike
ES/GLOBEX/B0/1h,M4_HARQ,26375,2020-11-26,2.8249489497906327e-06,0.0,inf,inf,nonfinite_qlike
ES/GLOBEX/B0/1h,M4_HARQ,26376,2020-11-26,4.84336152499576e-07,0.0,inf,inf,nonfinite_qlike
ES/GLOBEX/B0/1h,M4_HARQ,26377,2020-11-26,4.6976234507182736e-07,0.0,inf,inf,nonfinite_qlike
ES/GLOBEX/B0/1h,M4_HARQ,27035,2021-01-18,1.3368508135853525e-06,0.0,inf,inf,nonfinite_qlike
ES/GLOBEX/B0/1h,M4_HARQ,27036,2021-01-18,1.0134736642472986e-06,0.0,inf,inf,nonfinite_qlike
ES/GLOBEX/B0/1h,M4_HARQ,27037,2021-01-18,9.947348470865482e-07,0.0,inf,inf,nonfinite_qlike
ES/GLOBEX/B0/1h,M4_HARQ,27475,2021-02-15,6.233977648541812e-07,0.0,inf,inf,nonfinite_qlike
ES/GLOBEX/B0/1h,M4_HARQ,27476,2021-02-15,4.771449908036117e-07,0.0,inf,inf,nonfinite_qlike
ES/GLOBEX/B0/1h,M4_HARQ,27477,2021-02-15,4.7229576348691694e-07,0.0,inf,inf,nonfinite_qlike
ES/GLOBEX/B0/1h,M4_HARQ,28154,2021-04-02,1.4391975514502169e-06,0.0,inf,inf,nonfinite_qlike
ES/GLOBEX/B0/1h,M4_HARQ,28155,2021-04-02,6.170154385432638e-07,0.0,inf,inf,nonfinite_qlike
ES/GLOBEX/B0/1h,M4_HARQ,28156,2021-04-02,6.017309093058e-07,0.0,inf,inf,nonfinite_qlike
ES/GLOBEX/B0/1h,M4_HARQ,28157,2021-04-02,5.923034917457521e-07,0.0,inf,inf,nonfinite_qlike
ES/GLOBEX/B0/1h,M4_HARQ,28158,2021-04-02,5.850004335793974e-07,0.0,inf,inf,nonfinite_qlike
ES/GLOBEX/B0/1h,M4_HARQ,28159,2021-04-02,5.385022962474215e-07,0.0,inf,inf,nonfinite_qlike
ES/GLOBEX/B0/1h,M4_HARQ,29059,2021-05-31,6.384226496342945e-07,0.0,inf,inf,nonfinite_qlike
ES/GLOBEX/B0/1h,M4_HARQ,29060,2021-05-31,3.3109651659694785e-07,0.0,inf,inf,nonfinite_qlike
ES/GLOBEX/B0/1h,M4_HARQ,29061,2021-05-31,3.2873692787432603e-07,0.0,inf,inf,nonfinite_qlike
ES/GLOBEX/B0/1h,M4_HARQ,29543,2021-07-05,5.460624327251731e-07,0.0,inf,inf,nonfinite_qlike
ES/GLOBEX/B0/1h,M4_HARQ,29544,2021-07-05,3.01864646344413e-07,0.0,inf,inf,nonfinite_qlike
ES/GLOBEX/B0/1h,M4_HARQ,29545,2021-07-05,2.9924725342386664e-07,0.0,inf,inf,nonfinite_qlike
ES/GLOBEX/B0/1h,M4_HARQ,30533,2021-09-06,5.43196941742416e-07,0.0,inf,inf,nonfinite_qlike
ES/GLOBEX/B0/1h,M4_HARQ,30534,2021-09-06,3.745312453678972e-07,0.0,inf,inf,nonfinite_qlike
ES/GLOBEX/B0/1h,M4_HARQ,30535,2021-09-06,3.723914603778585e-07,0.0,inf,inf,nonfinite_qlike
ES/GLOBEX/B0/1h,M4_HARQ,31743,2021-11-25,1.1733993869497676e-06,0.0,inf,inf,nonfinite_qlike
ES/GLOBEX/B0/1h,M4_HARQ,31744,2021-11-25,9.953937443341907e-07,0.0,inf,inf,nonfinite_qlike
ES/GLOBEX/B0/1h,M4_HARQ,31745,2021-11-25,9.892222448777104e-07,0.0,inf,inf,nonfinite_qlike
ES/GLOBEX/B0/1h,M4_HARQ,32447,2022-01-17,2.335818405437579e-06,0.0,inf,inf,nonfinite_qlike
ES/GLOBEX/B0/1h,M4_HARQ,32448,2022-01-17,1.7111428363755056e-06,0.0,inf,inf,nonfinite_qlike
ES/GLOBEX/B0/1h,M4_HARQ,32449,2022-01-17,1.673061265849503e-06,0.0,inf,inf,nonfinite_qlike
ES/GLOBEX/B0/1h,M4_HARQ,32997,2022-02-21,5.9570680884532824e-06,0.0,inf,inf,nonfinite_qlike
ES/GLOBEX/B0/1h,M4_HARQ,32998,2022-02-21,2.2582081664460116e-06,0.0,inf,inf,nonfinite_qlike
ES/GLOBEX/B0/1h,M4_HARQ,32999,2022-02-21,2.1074280172632445e-06,0.0,inf,inf,nonfinite_qlike
ES/GLOBEX/B0/1h,M4_HARQ,34449,2022-05-30,5.601871075900841e-06,0.0,inf,inf,nonfinite_qlike
ES/GLOBEX/B0/1h,M4_HARQ,34450,2022-05-30,1.9551973941961805e-06,0.0,inf,inf,nonfinite_qlike
ES/GLOBEX/B0/1h,M4_HARQ,34451,2022-05-30,1.8958198532761955e-06,0.0,inf,inf,nonfinite_qlike
ES/GLOBEX/B0/1h,M4_HARQ,34713,2022-06-20,7.145434965491776e-06,0.0,inf,inf,nonfinite_qlike
ES/GLOBEX/B0/1h,M4_HARQ,34714,2022-06-20,5.7257915399940425e-06,0.0,inf,inf,nonfinite_qlike
ES/GLOBEX/B0/1h,M4_HARQ,34715,2022-06-20,5.692710439581463e-06,0.0,inf,inf,nonfinite_qlike
ES/GLOBEX/B0/1h,M4_HARQ,34933,2022-07-04,4.704362001306486e-06,0.0,inf,inf,nonfinite_qlike
ES/GLOBEX/B0/1h,M4_HARQ,34934,2022-07-04,3.4276077035439867e-06,0.0,inf,inf,nonfinite_qlike
ES/GLOBEX/B0/1h,M4_HARQ,34935,2022-07-04,3.3988512791771503e-06,0.0,inf,inf,nonfinite_qlike
ES/GLOBEX/B0/1h,M4_HARQ,35923,2022-09-05,4.076594466092434e-06,0.0,inf,inf,nonfinite_qlike
ES/GLOBEX/B0/1h,M4_HARQ,35924,2022-09-05,3.141369106497468e-06,0.0,inf,inf,nonfinite_qlike
ES/GLOBEX/B0/1h,M4_HARQ,35925,2022-09-05,3.098504327516285e-06,0.0,inf,inf,nonfinite_qlike
ES/GLOBEX/B0/1h,M4_HARQ,37133,2022-11-24,1.050673701541776e-06,0.0,inf,inf,nonfinite_qlike
ES/GLOBEX/B0/1h,M4_HARQ,37134,2022-11-24,8.092025365662965e-07,0.0,inf,inf,nonfinite_qlike
ES/GLOBEX/B0/1h,M4_HARQ,37135,2022-11-24,7.781769109822996e-07,0.0,inf,inf,nonfinite_qlike
ES/GLOBEX/B0/1h,M4_HARQ,37815,2023-01-16,2.76330592012141e-06,0.0,inf,inf,nonfinite_qlike
ES/GLOBEX/B0/1h,M4_HARQ,37816,2023-01-16,1.8385418339896848e-06,0.0,inf,inf,nonfinite_qlike
ES/GLOBEX/B0/1h,M4_HARQ,37817,2023-01-16,1.8049919006945631e-06,0.0,inf,inf,nonfinite_qlike
ES/GLOBEX/B0/1h,M4_HARQ,38365,2023-02-20,2.4118409205898366e-06,0.0,inf,inf,nonfinite_qlike
ES/GLOBEX/B0/1h,M4_HARQ,38366,2023-02-20,1.9743959821926082e-06,0.0,inf,inf,nonfinite_qlike
ES/GLOBEX/B0/1h,M4_HARQ,38367,2023-02-20,1.95984074937227e-06,0.0,inf,inf,nonfinite_qlike
ES/GLOBEX/B0/1h,M4_HARQ,39044,2023-04-07,8.461930065101318e-07,0.0,inf,inf,nonfinite_qlike
ES/GLOBEX/B0/1h,M4_HARQ,39045,2023-04-07,5.797708783832434e-07,0.0,inf,inf,nonfinite_qlike
ES/GLOBEX/B0/1h,M4_HARQ,39046,2023-04-07,5.712254025125713e-07,0.0,inf,inf,nonfinite_qlike
ES/GLOBEX/B0/1h,M4_HARQ,39047,2023-04-07,5.63811634290022e-07,0.0,inf,inf,nonfinite_qlike
ES/GLOBEX/B0/1h,M4_HARQ,39048,2023-04-07,5.566096485020398e-07,0.0,inf,inf,nonfinite_qlike
ES/GLOBEX/B0/1h,M4_HARQ,39049,2023-04-07,5.463378226464957e-07,0.0,inf,inf,nonfinite_qlike
ES/GLOBEX/B0/1h,M4_HARQ,39839,2023-05-29,1.3485666976301522e-06,0.0,inf,inf,nonfinite_qlike
ES/GLOBEX/B0/1h,M4_HARQ,39840,2023-05-29,1.1037729657624065e-06,0.0,inf,inf,nonfinite_qlike
ES/GLOBEX/B0/1h,M4_HARQ,39841,2023-05-29,1.0932593256554092e-06,0.0,inf,inf,nonfinite_qlike
ES/GLOBEX/B0/1h,M4_HARQ,40103,2023-06-19,1.2220164785290527e-06,0.0,inf,inf,nonfinite_qlike
ES/GLOBEX/B0/1h,M4_HARQ,40104,2023-06-19,9.365919355560595e-07,0.0,inf,inf,nonfinite_qlike
ES/GLOBEX/B0/1h,M4_HARQ,40105,2023-06-19,9.225669246188764e-07,0.0,inf,inf,nonfinite_qlike
ES/GLOBEX/B0/1h,M4_HARQ,40323,2023-07-04,8.107762687551766e-07,0.0,inf,inf,nonfinite_qlike
ES/GLOBEX/B0/1h,M4_HARQ,40324,2023-07-04,6.696308819462179e-07,0.0,inf,inf,nonfinite_qlike
ES/GLOBEX/B0/1h,M4_HARQ,40325,2023-07-04,6.56010269784954e-07,0.0,inf,inf,nonfinite_qlike
ES/GLOBEX/B0/1h,M4_HARQ,41291,2023-09-04,1.0231343704123055e-06,0.0,inf,inf,nonfinite_qlike
ES/GLOBEX/B0/1h,M4_HARQ,41292,2023-09-04,7.639011004786644e-07,0.0,inf,inf,nonfinite_qlike
ES/GLOBEX/B0/1h,M4_HARQ,41293,2023-09-04,7.444103502341401e-07,0.0,inf,inf,nonfinite_qlike
ES/GLOBEX/B0/1h,M4_HARQ,42501,2023-11-23,5.604935431772667e-07,0.0,inf,inf,nonfinite_qlike
ES/GLOBEX/B0/1h,M4_HARQ,42502,2023-11-23,4.0434489439078235e-07,0.0,inf,inf,nonfinite_qlike
ES/GLOBEX/B0/1h,M4_HARQ,42503,2023-11-23,3.926924095881772e-07,0.0,inf,inf,nonfinite_qlike
ES/GLOBEX/B0/30min,M3_HARJ,1389,2016-02-15,2.9659526083185328e-06,0.0,inf,inf,nonfinite_qlike
ES/GLOBEX/B0/30min,M3_HARJ,1390,2016-02-15,2.973610942759687e-06,0.0,inf,inf,nonfinite_qlike
ES/GLOBEX/B0/30min,M3_HARJ,1391,2016-02-15,2.9891551465812525e-06,0.0,inf,inf,nonfinite_qlike
ES/GLOBEX/B0/30min,M3_HARJ,1392,2016-02-15,2.9938465956459124e-06,0.0,inf,inf,nonfinite_qlike
ES/GLOBEX/B0/30min,M3_HARJ,1393,2016-02-15,2.9928686010168124e-06,0.0,inf,inf,nonfinite_qlike
ES/GLOBEX/B0/30min,M3_HARJ,1394,2016-02-15,2.9944861901846735e-06,0.0,inf,inf,nonfinite_qlike
ES/GLOBEX/B0/30min,M3_HARJ,62454,2021-09-06,3.5727831424475494e-07,0.0,inf,inf,nonfinite_qlike
ES/GLOBEX/B0/30min,M3_HARJ,62455,2021-09-06,3.567547705761792e-07,0.0,inf,inf,nonfinite_qlike
ES/GLOBEX/B0/30min,M3_HARJ,62456,2021-09-06,3.560422559162772e-07,0.0,inf,inf,nonfinite_qlike
ES/GLOBEX/B0/30min,M3_HARJ,62457,2021-09-06,3.5535826985625676e-07,0.0,inf,inf,nonfinite_qlike
ES/GLOBEX/B0/30min,M3_HARJ,62458,2021-09-06,3.549941507824034e-07,0.0,inf,inf,nonfinite_qlike
ES/GLOBEX/B0/30min,M3_HARJ,62459,2021-09-06,3.537110640990554e-07,0.0,inf,inf,nonfinite_qlike
ES/GLOBEX/B0/30min,M3_HARJ,66368,2022-01-17,1.4740763095362724e-06,0.0,inf,inf,nonfinite_qlike
ES/GLOBEX/B0/30min,M3_HARJ,66369,2022-01-17,1.2684007165142562e-06,0.0,inf,inf,nonfinite_qlike
ES/GLOBEX/B0/30min,M3_HARJ,66370,2022-01-17,1.2552595281477802e-06,0.0,inf,inf,nonfinite_qlike
ES/GLOBEX/B0/30min,M3_HARJ,66371,2022-01-17,1.2452009338339123e-06,0.0,inf,inf,nonfinite_qlike
ES/GLOBEX/B0/30min,M3_HARJ,66372,2022-01-17,1.2297945471667256e-06,0.0,inf,inf,nonfinite_qlike
ES/GLOBEX/B0/30min,M3_HARJ,66373,2022-01-17,1.2098832945711433e-06,0.0,inf,inf,nonfinite_qlike
ES/GLOBEX/B0/30min,M3_HARJ,66374,2022-01-17,1.1814931299992899e-06,0.0,inf,inf,nonfinite_qlike
ES/GLOBEX/B0/30min,M3_HARJ,67493,2022-02-21,2.8879519952519548e-06,0.0,inf,inf,nonfinite_qlike
ES/GLOBEX/B0/30min,M3_HARJ,67494,2022-02-21,1.7445864556025853e-06,0.0,inf,inf,nonfinite_qlike
ES/GLOBEX/B0/30min,M3_HARJ,67495,2022-02-21,1.705335187801039e-06,0.0,inf,inf,nonfinite_qlike
ES/GLOBEX/B0/30min,M3_HARJ,67496,2022-02-21,1.657352058524014e-06,0.0,inf,inf,nonfinite_qlike
ES/GLOBEX/B0/30min,M3_HARJ,67497,2022-02-21,1.6085528888849406e-06,0.0,inf,inf,nonfinite_qlike
ES/GLOBEX/B0/30min,M3_HARJ,67498,2022-02-21,1.562893502672533e-06,0.0,inf,inf,nonfinite_qlike
ES/GLOBEX/B0/30min,M3_HARJ,67499,2022-02-21,1.5159550383627689e-06,0.0,inf,inf,nonfinite_qlike
ES/GLOBEX/B0/30min,M3_HARJ,70463,2022-05-30,3.4481452051543837e-06,0.0,inf,inf,nonfinite_qlike
ES/GLOBEX/B0/30min,M3_HARJ,70464,2022-05-30,1.549933722727038e-06,0.0,inf,inf,nonfinite_qlike
ES/GLOBEX/B0/30min,M3_HARJ,70465,2022-05-30,1.5354646644681129e-06,0.0,inf,inf,nonfinite_qlike
ES/GLOBEX/B0/30min,M3_HARJ,70466,2022-05-30,1.5247402744275509e-06,0.0,inf,inf,nonfinite_qlike
ES/GLOBEX/B0/30min,M3_HARJ,70467,2022-05-30,1.497973102292862e-06,0.0,inf,inf,nonfinite_qlike
ES/GLOBEX/B0/30min,M3_HARJ,70468,2022-05-30,1.4765130561683087e-06,0.0,inf,inf,nonfinite_qlike
ES/GLOBEX/B0/30min,M3_HARJ,70469,2022-05-30,1.4418978907758041e-06,0.0,inf,inf,nonfinite_qlike
ES/GLOBEX/B0/30min,M3_HARJ,71003,2022-06-20,4.372548943421202e-06,0.0,inf,inf,nonfinite_qlike
ES/GLOBEX/B0/30min,M3_HARJ,71004,2022-06-20,3.841432140745096e-06,0.0,inf,inf,nonfinite_qlike
ES/GLOBEX/B0/30min,M3_HARJ,71005,2022-06-20,3.831684416841855e-06,0.0,inf,inf,nonfinite_qlike
ES/GLOBEX/B0/30min,M3_HARJ,71006,2022-06-20,3.820261226224164e-06,0.0,inf,inf,nonfinite_qlike
ES/GLOBEX/B0/30min,M3_HARJ,71007,2022-06-20,3.810851821077412e-06,0.0,inf,inf,nonfinite_qlike
ES/GLOBEX/B0/30min,M3_HARJ,71008,2022-06-20,3.805083758469404e-06,0.0,inf,inf,nonfinite_qlike
ES/GLOBEX/B0/30min,M3_HARJ,71009,2022-06-20,3.789986284251771e-06,0.0,inf,inf,nonfinite_qlike
ES/GLOBEX/B0/30min,M3_HARJ,71453,2022-07-04,3.106307075448327e-06,0.0,inf,inf,nonfinite_qlike
ES/GLOBEX/B0/30min,M3_HARJ,71454,2022-07-04,2.3802265947332093e-06,0.0,inf,inf,nonfinite_qlike
ES/GLOBEX/B0/30min,M3_HARJ,71455,2022-07-04,2.370375404194888e-06,0.0,inf,inf,nonfinite_qlike
ES/GLOBEX/B0/30min,M3_HARJ,71456,2022-07-04,2.362056101478863e-06,0.0,inf,inf,nonfinite_qlike
ES/GLOBEX/B0/30min,M3_HARJ,71457,2022-07-04,2.352543728571605e-06,0.0,inf,inf,nonfinite_qlike
ES/GLOBEX/B0/30min,M3_HARJ,71458,2022-07-04,2.334318086108966e-06,0.0,inf,inf,nonfinite_qlike
ES/GLOBEX/B0/30min,M3_HARJ,71459,2022-07-04,2.3101382623633253e-06,0.0,inf,inf,nonfinite_qlike
ES/GLOBEX/B0/30min,M3_HARJ,73478,2022-09-05,2.472726703800407e-06,0.0,inf,inf,nonfinite_qlike
ES/GLOBEX/B0/30min,M3_HARJ,73479,2022-09-05,2.153766984844785e-06,0.0,inf,inf,nonfinite_qlike
ES/GLOBEX/B0/30min,M3_HARJ,73480,2022-09-05,2.1422090101230077e-06,0.0,inf,inf,nonfinite_qlike
ES/GLOBEX/B0/30min,M3_HARJ,73481,2022-09-05,2.1335229465901266e-06,0.0,inf,inf,nonfinite_qlike
ES/GLOBEX/B0/30min,M3_HARJ,73482,2022-09-05,2.1153525383817977e-06,0.0,inf,inf,nonfinite_qlike
ES/GLOBEX/B0/30min,M3_HARJ,73483,2022-09-05,2.098608088037992e-06,0.0,inf,inf,nonfinite_qlike
ES/GLOBEX/B0/30min,M3_HARJ,73484,2022-09-05,2.0653943017598416e-06,0.0,inf,inf,nonfinite_qlike
ES/GLOBEX/B0/30min,M3_HARJ,74594,2022-10-13,0.00041041957903912543,6.16519228060497e-05,1.0458923987570987,0.00010296055426297946,above_100x_mean_rv
ES/GLOBEX/B0/30min,M3_HARJ,75953,2022-11-24,8.545267907487557e-07,0.0,inf,inf,nonfinite_qlike
ES/GLOBEX/B0/30min,M3_HARJ,75954,2022-11-24,7.490215884466643e-07,0.0,inf,inf,nonfinite_qlike
ES/GLOBEX/B0/30min,M3_HARJ,75955,2022-11-24,7.413782293406249e-07,0.0,inf,inf,nonfinite_qlike
ES/GLOBEX/B0/30min,M3_HARJ,75956,2022-11-24,7.329917228836941e-07,0.0,inf,inf,nonfinite_qlike
ES/GLOBEX/B0/30min,M3_HARJ,75957,2022-11-24,7.214714413744843e-07,0.0,inf,inf,nonfinite_qlike
ES/GLOBEX/B0/30min,M3_HARJ,75958,2022-11-24,7.118866534191624e-07,0.0,inf,inf,nonfinite_qlike
ES/GLOBEX/B0/30min,M3_HARJ,75959,2022-11-24,6.953867419537344e-07,0.0,inf,inf,nonfinite_qlike
ES/GLOBEX/B0/30min,M3_HARJ,77348,2023-01-16,1.8850256445978138e-06,0.0,inf,inf,nonfinite_qlike
ES/GLOBEX/B0/30min,M3_HARJ,77349,2023-01-16,1.3796092363394065e-06,0.0,inf,inf,nonfinite_qlike
ES/GLOBEX/B0/30min,M3_HARJ,77350,2023-01-16,1.3632242247143873e-06,0.0,inf,inf,nonfinite_qlike
ES/GLOBEX/B0/30min,M3_HARJ,77351,2023-01-16,1.3516250622831732e-06,0.0,inf,inf,nonfinite_qlike
ES/GLOBEX/B0/30min,M3_HARJ,77352,2023-01-16,1.3417515282406746e-06,0.0,inf,inf,nonfinite_qlike
ES/GLOBEX/B0/30min,M3_HARJ,77353,2023-01-16,1.3308025921025008e-06,0.0,inf,inf,nonfinite_qlike
ES/GLOBEX/B0/30min,M3_HARJ,77354,2023-01-16,1.3140013648023739e-06,0.0,inf,inf,nonfinite_qlike
ES/GLOBEX/B0/30min,M3_HARJ,78473,2023-02-20,1.613664112551153e-06,0.0,inf,inf,nonfinite_qlike
ES/GLOBEX/B0/30min,M3_HARJ,78474,2023-02-20,1.4302828799646802e-06,0.0,inf,inf,nonfinite_qlike
ES/GLOBEX/B0/30min,M3_HARJ,78475,2023-02-20,1.4286456735175087e-06,0.0,inf,inf,nonfinite_qlike
ES/GLOBEX/B0/30min,M3_HARJ,78476,2023-02-20,1.4257735346384175e-06,0.0,inf,inf,nonfinite_qlike
ES/GLOBEX/B0/30min,M3_HARJ,78477,2023-02-20,1.4192839931230764e-06,0.0,inf,inf,nonfinite_qlike
ES/GLOBEX/B0/30min,M3_HARJ,78478,2023-02-20,1.4145039384072137e-06,0.0,inf,inf,nonfinite_qlike
ES/GLOBEX/B0/30min,M3_HARJ,78479,2023-02-20,1.4059499124632937e-06,0.0,inf,inf,nonfinite_qlike
ES/GLOBEX/B0/30min,M3_HARJ,79861,2023-04-07,7.352864335202789e-07,0.0,inf,inf,nonfinite_qlike
ES/GLOBEX/B0/30min,M3_HARJ,79862,2023-04-07,5.560897470729897e-07,0.0,inf,inf,nonfinite_qlike
ES/GLOBEX/B0/30min,M3_HARJ,79863,2023-04-07,5.492444920469279e-07,0.0,inf,inf,nonfinite_qlike
ES/GLOBEX/B0/30min,M3_HARJ,79864,2023-04-07,5.456069631775238e-07,0.0,inf,inf,nonfinite_qlike
ES/GLOBEX/B0/30min,M3_HARJ,79865,2023-04-07,5.421027617419332e-07,0.0,inf,inf,nonfinite_qlike
ES/GLOBEX/B0/30min,M3_HARJ,79866,2023-04-07,5.400905209315078e-07,0.0,inf,inf,nonfinite_qlike
ES/GLOBEX/B0/30min,M3_HARJ,79867,2023-04-07,5.376501683674791e-07,0.0,inf,inf,nonfinite_qlike
ES/GLOBEX/B0/30min,M3_HARJ,79868,2023-04-07,5.353634908274906e-07,0.0,inf,inf,nonfinite_qlike
ES/GLOBEX/B0/30min,M3_HARJ,79869,2023-04-07,5.331800558283469e-07,0.0,inf,inf,nonfinite_qlike
ES/GLOBEX/B0/30min,M3_HARJ,79870,2023-04-07,5.307795708697928e-07,0.0,inf,inf,nonfinite_qlike
ES/GLOBEX/B0/30min,M3_HARJ,79871,2023-04-07,5.274996053983191e-07,0.0,inf,inf,nonfinite_qlike
ES/GLOBEX/B0/30min,M3_HARJ,79872,2023-04-07,5.242763909218307e-07,0.0,inf,inf,nonfinite_qlike
ES/GLOBEX/B0/30min,M3_HARJ,79873,2023-04-07,5.174978778610902e-07,0.0,inf,inf,nonfinite_qlike
ES/GLOBEX/B0/30min,M3_HARJ,79874,2023-04-07,5.040229563709691e-07,0.0,inf,inf,nonfinite_qlike
ES/GLOBEX/B0/30min,M3_HARJ,81488,2023-05-29,9.652146245807448e-07,0.0,inf,inf,nonfinite_qlike
ES/GLOBEX/B0/30min,M3_HARJ,81489,2023-05-29,8.770014005023937e-07,0.0,inf,inf,nonfinite_qlike
ES/GLOBEX/B0/30min,M3_HARJ,81490,2023-05-29,8.750778033754422e-07,0.0,inf,inf,nonfinite_qlike
ES/GLOBEX/B0/30min,M3_HARJ,81491,2023-05-29,8.733165038069844e-07,0.0,inf,inf,nonfinite_qlike
ES/GLOBEX/B0/30min,M3_HARJ,81492,2023-05-29,8.683924243700989e-07,0.0,inf,inf,nonfinite_qlike
ES/GLOBEX/B0/30min,M3_HARJ,81493,2023-05-29,8.655454481046309e-07,0.0,inf,inf,nonfinite_qlike
ES/GLOBEX/B0/30min,M3_HARJ,81494,2023-05-29,8.61098095488625e-07,0.0,inf,inf,nonfinite_qlike
ES/GLOBEX/B0/30min,M3_HARJ,82028,2023-06-19,8.92190170991899e-07,0.0,inf,inf,nonfinite_qlike
ES/GLOBEX/B0/30min,M3_HARJ,82029,2023-06-19,7.478859799954227e-07,0.0,inf,inf,nonfinite_qlike
ES/GLOBEX/B0/30min,M3_HARJ,82030,2023-06-19,7.438153406284312e-07,0.0,inf,inf,nonfinite_qlike
ES/GLOBEX/B0/30min,M3_HARJ,82031,2023-06-19,7.392184182198067e-07,0.0,inf,inf,nonfinite_qlike
ES/GLOBEX/B0/30min,M3_HARJ,82032,2023-06-19,7.349482231844112e-07,0.0,inf,inf,nonfinite_qlike
ES/GLOBEX/B0/30min,M3_HARJ,82033,2023-06-19,7.285307364415462e-07,0.0,inf,inf,nonfinite_qlike
ES/GLOBEX/B0/30min,M3_HARJ,82034,2023-06-19,7.202424996431697e-07,0.0,inf,inf,nonfinite_qlike
ES/GLOBEX/B0/30min,M3_HARJ,82478,2023-07-04,6.473236674378747e-07,0.0,inf,inf,nonfinite_qlike
ES/GLOBEX/B0/30min,M3_HARJ,82479,2023-07-04,5.76964591784831e-07,0.0,inf,inf,nonfinite_qlike
ES/GLOBEX/B0/30min,M3_HARJ,82480,2023-07-04,5.697891640241668e-07,0.0,inf,inf,nonfinite_qlike
ES/GLOBEX/B0/30min,M3_HARJ,82481,2023-07-04,5.656415252520171e-07,0.0,inf,inf,nonfinite_qlike
ES/GLOBEX/B0/30min,M3_HARJ,82482,2023-07-04,5.612252843350184e-07,0.0,inf,inf,nonfinite_qlike
ES/GLOBEX/B0/30min,M3_HARJ,82483,2023-07-04,5.576083997077556e-07,0.0,inf,inf,nonfinite_qlike
ES/GLOBEX/B0/30min,M3_HARJ,82484,2023-07-04,5.490886289843483e-07,0.0,inf,inf,nonfinite_qlike
ES/GLOBEX/B0/30min,M3_HARJ,84458,2023-09-04,7.699687983556166e-07,0.0,inf,inf,nonfinite_qlike
ES/GLOBEX/B0/30min,M3_HARJ,84459,2023-09-04,6.433843432869607e-07,0.0,inf,inf,nonfinite_qlike
ES/GLOBEX/B0/30min,M3_HARJ,84460,2023-09-04,6.322346761880488e-07,0.0,inf,inf,nonfinite_qlike
ES/GLOBEX/B0/30min,M3_HARJ,84461,2023-09-04,6.267088205618532e-07,0.0,inf,inf,nonfinite_qlike
ES/GLOBEX/B0/30min,M3_HARJ,84462,2023-09-04,6.199120071137238e-07,0.0,inf,inf,nonfinite_qlike
ES/GLOBEX/B0/30min,M3_HARJ,84463,2023-09-04,6.147687103203294e-07,0.0,inf,inf,nonfinite_qlike
ES/GLOBEX/B0/30min,M3_HARJ,84464,2023-09-04,6.040919026744419e-07,0.0,inf,inf,nonfinite_qlike
ES/GLOBEX/B0/30min,M3_HARJ,86933,2023-11-23,4.982134372974505e-07,0.0,inf,inf,nonfinite_qlike
ES/GLOBEX/B0/30min,M3_HARJ,86934,2023-11-23,4.126249948483593e-07,0.0,inf,inf,nonfinite_qlike
ES/GLOBEX/B0/30min,M3_HARJ,86935,2023-11-23,4.0658874202414386e-07,0.0,inf,inf,nonfinite_qlike
ES/GLOBEX/B0/30min,M3_HARJ,86936,2023-11-23,4.0385270810013717e-07,0.0,inf,inf,nonfinite_qlike
ES/GLOBEX/B0/30min,M3_HARJ,86937,2023-11-23,3.9915111452892617e-07,0.0,inf,inf,nonfinite_qlike
ES/GLOBEX/B0/30min,M3_HARJ,86938,2023-11-23,3.966430283357605e-07,0.0,inf,inf,nonfinite_qlike
ES/GLOBEX/B0/30min,M3_HARJ,86939,2023-11-23,3.9301636244037126e-07,0.0,inf,inf,nonfinite_qlike
ES/GLOBEX/B0/30min,M4_HARQ,1389,2016-02-15,1.7491435845451627e-06,0.0,inf,inf,nonfinite_qlike
ES/GLOBEX/B0/30min,M4_HARQ,1390,2016-02-15,1.7576533729710428e-06,0.0,inf,inf,nonfinite_qlike
ES/GLOBEX/B0/30min,M4_HARQ,1391,2016-02-15,1.7742485701941998e-06,0.0,inf,inf,nonfinite_qlike
ES/GLOBEX/B0/30min,M4_HARQ,1392,2016-02-15,1.7811284038187043e-06,0.0,inf,inf,nonfinite_qlike
ES/GLOBEX/B0/30min,M4_HARQ,1393,2016-02-15,1.7828054922225225e-06,0.0,inf,inf,nonfinite_qlike
ES/GLOBEX/B0/30min,M4_HARQ,1394,2016-02-15,1.7909498367237202e-06,0.0,inf,inf,nonfinite_qlike
ES/GLOBEX/B0/30min,M4_HARQ,62454,2021-09-06,2.3004527126112048e-07,0.0,inf,inf,nonfinite_qlike
ES/GLOBEX/B0/30min,M4_HARQ,62455,2021-09-06,2.2962903511366435e-07,0.0,inf,inf,nonfinite_qlike
ES/GLOBEX/B0/30min,M4_HARQ,62456,2021-09-06,2.290656520816603e-07,0.0,inf,inf,nonfinite_qlike
ES/GLOBEX/B0/30min,M4_HARQ,62457,2021-09-06,2.2852329687783424e-07,0.0,inf,inf,nonfinite_qlike
ES/GLOBEX/B0/30min,M4_HARQ,62458,2021-09-06,2.2823690537456028e-07,0.0,inf,inf,nonfinite_qlike
ES/GLOBEX/B0/30min,M4_HARQ,62459,2021-09-06,2.2722246234712072e-07,0.0,inf,inf,nonfinite_qlike
ES/GLOBEX/B0/30min,M4_HARQ,66368,2022-01-17,1.183066500694045e-06,0.0,inf,inf,nonfinite_qlike
ES/GLOBEX/B0/30min,M4_HARQ,66369,2022-01-17,9.404924552744647e-07,0.0,inf,inf,nonfinite_qlike
ES/GLOBEX/B0/30min,M4_HARQ,66370,2022-01-17,9.301452823922024e-07,0.0,inf,inf,nonfinite_qlike
ES/GLOBEX/B0/30min,M4_HARQ,66371,2022-01-17,9.224266866806541e-07,0.0,inf,inf,nonfinite_qlike
ES/GLOBEX/B0/30min,M4_HARQ,66372,2022-01-17,9.102743952544822e-07,0.0,inf,inf,nonfinite_qlike
ES/GLOBEX/B0/30min,M4_HARQ,66373,2022-01-17,8.945154539732683e-07,0.0,inf,inf,nonfinite_qlike
ES/GLOBEX/B0/30min,M4_HARQ,66374,2022-01-17,8.719643893514858e-07,0.0,inf,inf,nonfinite_qlike
ES/GLOBEX/B0/30min,M4_HARQ,67493,2022-02-21,2.8434318078087564e-06,0.0,inf,inf,nonfinite_qlike
ES/GLOBEX/B0/30min,M4_HARQ,67494,2022-02-21,1.2669008422496197e-06,0.0,inf,inf,nonfinite_qlike
ES/GLOBEX/B0/30min,M4_HARQ,67495,2022-02-21,1.2355851857577155e-06,0.0,inf,inf,nonfinite_qlike
ES/GLOBEX/B0/30min,M4_HARQ,67496,2022-02-21,1.1973603849823304e-06,0.0,inf,inf,nonfinite_qlike
ES/GLOBEX/B0/30min,M4_HARQ,67497,2022-02-21,1.1584901602389168e-06,0.0,inf,inf,nonfinite_qlike
ES/GLOBEX/B0/30min,M4_HARQ,67498,2022-02-21,1.1221401520828252e-06,0.0,inf,inf,nonfinite_qlike
ES/GLOBEX/B0/30min,M4_HARQ,67499,2022-02-21,1.0848223991547409e-06,0.0,inf,inf,nonfinite_qlike
ES/GLOBEX/B0/30min,M4_HARQ,70463,2022-05-30,3.7862936976080383e-06,0.0,inf,inf,nonfinite_qlike
ES/GLOBEX/B0/30min,M4_HARQ,70464,2022-05-30,1.098099188882819e-06,0.0,inf,inf,nonfinite_qlike
ES/GLOBEX/B0/30min,M4_HARQ,70465,2022-05-30,1.0865544742679573e-06,0.0,inf,inf,nonfinite_qlike
ES/GLOBEX/B0/30min,M4_HARQ,70466,2022-05-30,1.0779795022409712e-06,0.0,inf,inf,nonfinite_qlike
ES/GLOBEX/B0/30min,M4_HARQ,70467,2022-05-30,1.0564832522543835e-06,0.0,inf,inf,nonfinite_qlike
ES/GLOBEX/B0/30min,M4_HARQ,70468,2022-05-30,1.0392864315986701e-06,0.0,inf,inf,nonfinite_qlike
ES/GLOBEX/B0/30min,M4_HARQ,70469,2022-05-30,1.0116252671852049e-06,0.0,inf,inf,nonfinite_qlike
ES/GLOBEX/B0/30min,M4_HARQ,71003,2022-06-20,3.673892782439275e-06,0.0,inf,inf,nonfinite_qlike
ES/GLOBEX/B0/30min,M4_HARQ,71004,2022-06-20,2.9707279859539336e-06,0.0,inf,inf,nonfinite_qlike
ES/GLOBEX/B0/30min,M4_HARQ,71005,2022-06-20,2.962925721618079e-06,0.0,inf,inf,nonfinite_qlike
ES/GLOBEX/B0/30min,M4_HARQ,71006,2022-06-20,2.9538096896883272e-06,0.0,inf,inf,nonfinite_qlike
ES/GLOBEX/B0/30min,M4_HARQ,71007,2022-06-20,2.9462926076504112e-06,0.0,inf,inf,nonfinite_qlike
ES/GLOBEX/B0/30min,M4_HARQ,71008,2022-06-20,2.9418282669901216e-06,0.0,inf,inf,nonfinite_qlike
ES/GLOBEX/B0/30min,M4_HARQ,71009,2022-06-20,2.9297714550805213e-06,0.0,inf,inf,nonfinite_qlike
ES/GLOBEX/B0/30min,M4_HARQ,71453,2022-07-04,2.5587282048974017e-06,0.0,inf,inf,nonfinite_qlike
ES/GLOBEX/B0/30min,M4_HARQ,71454,2022-07-04,1.7979649525159853e-06,0.0,inf,inf,nonfinite_qlike
ES/GLOBEX/B0/30min,M4_HARQ,71455,2022-07-04,1.79001612714538e-06,0.0,inf,inf,nonfinite_qlike
ES/GLOBEX/B0/30min,M4_HARQ,71456,2022-07-04,1.7833033664655772e-06,0.0,inf,inf,nonfinite_qlike
ES/GLOBEX/B0/30min,M4_HARQ,71457,2022-07-04,1.7756279295926698e-06,0.0,inf,inf,nonfinite_qlike
ES/GLOBEX/B0/30min,M4_HARQ,71458,2022-07-04,1.7609218442074515e-06,0.0,inf,inf,nonfinite_qlike
ES/GLOBEX/B0/30min,M4_HARQ,71459,2022-07-04,1.7414113905522866e-06,0.0,inf,inf,nonfinite_qlike
ES/GLOBEX/B0/30min,M4_HARQ,73478,2022-09-05,2.0491909601181014e-06,0.0,inf,inf,nonfinite_qlike
ES/GLOBEX/B0/30min,M4_HARQ,73479,2022-09-05,1.6277407725091767e-06,0.0,inf,inf,nonfinite_qlike
ES/GLOBEX/B0/30min,M4_HARQ,73480,2022-09-05,1.618506410808956e-06,0.0,inf,inf,nonfinite_qlike
ES/GLOBEX/B0/30min,M4_HARQ,73481,2022-09-05,1.6115774016166235e-06,0.0,inf,inf,nonfinite_qlike
ES/GLOBEX/B0/30min,M4_HARQ,73482,2022-09-05,1.5970521963737617e-06,0.0,inf,inf,nonfinite_qlike
ES/GLOBEX/B0/30min,M4_HARQ,73483,2022-09-05,1.583663995582199e-06,0.0,inf,inf,nonfinite_qlike
ES/GLOBEX/B0/30min,M4_HARQ,73484,2022-09-05,1.557091458897873e-06,0.0,inf,inf,nonfinite_qlike
ES/GLOBEX/B0/30min,M4_HARQ,75953,2022-11-24,5.872127768372027e-07,0.0,inf,inf,nonfinite_qlike
ES/GLOBEX/B0/30min,M4_HARQ,75954,2022-11-24,4.462496662274432e-07,0.0,inf,inf,nonfinite_qlike
ES/GLOBEX/B0/30min,M4_HARQ,75955,2022-11-24,4.403444257130594e-07,0.0,inf,inf,nonfinite_qlike
ES/GLOBEX/B0/30min,M4_HARQ,75956,2022-11-24,4.338350291605238e-07,0.0,inf,inf,nonfinite_qlike
ES/GLOBEX/B0/30min,M4_HARQ,75957,2022-11-24,4.249167547225207e-07,0.0,inf,inf,nonfinite_qlike
ES/GLOBEX/B0/30min,M4_HARQ,75958,2022-11-24,4.1747494033439306e-07,0.0,inf,inf,nonfinite_qlike
ES/GLOBEX/B0/30min,M4_HARQ,75959,2022-11-24,4.0468185943068705e-07,0.0,inf,inf,nonfinite_qlike
ES/GLOBEX/B0/30min,M4_HARQ,77348,2023-01-16,1.6423388761795535e-06,0.0,inf,inf,nonfinite_qlike
ES/GLOBEX/B0/30min,M4_HARQ,77349,2023-01-16,9.573220255798157e-07,0.0,inf,inf,nonfinite_qlike
ES/GLOBEX/B0/30min,M4_HARQ,77350,2023-01-16,9.445337554453549e-07,0.0,inf,inf,nonfinite_qlike
ES/GLOBEX/B0/30min,M4_HARQ,77351,2023-01-16,9.355704912578731e-07,0.0,inf,inf,nonfinite_qlike
ES/GLOBEX/B0/30min,M4_HARQ,77352,2023-01-16,9.278980418553719e-07,0.0,inf,inf,nonfinite_qlike
ES/GLOBEX/B0/30min,M4_HARQ,77353,2023-01-16,9.193976961903754e-07,0.0,inf,inf,nonfinite_qlike
ES/GLOBEX/B0/30min,M4_HARQ,77354,2023-01-16,9.063168542326765e-07,0.0,inf,inf,nonfinite_qlike
ES/GLOBEX/B0/30min,M4_HARQ,78473,2023-02-20,1.255755000581809e-06,0.0,inf,inf,nonfinite_qlike
ES/GLOBEX/B0/30min,M4_HARQ,78474,2023-02-20,1.007625486378743e-06,0.0,inf,inf,nonfinite_qlike
ES/GLOBEX/B0/30min,M4_HARQ,78475,2023-02-20,1.0063897147347727e-06,0.0,inf,inf,nonfinite_qlike
ES/GLOBEX/B0/30min,M4_HARQ,78476,2023-02-20,1.0042049657540075e-06,0.0,inf,inf,nonfinite_qlike
ES/GLOBEX/B0/30min,M4_HARQ,78477,2023-02-20,9.99169594105474e-07,0.0,inf,inf,nonfinite_qlike
ES/GLOBEX/B0/30min,M4_HARQ,78478,2023-02-20,9.95484676095989e-07,0.0,inf,inf,nonfinite_qlike
ES/GLOBEX/B0/30min,M4_HARQ,78479,2023-02-20,9.888550452080227e-07,0.0,inf,inf,nonfinite_qlike
ES/GLOBEX/B0/30min,M4_HARQ,79861,2023-04-07,5.713832966515469e-07,0.0,inf,inf,nonfinite_qlike
ES/GLOBEX/B0/30min,M4_HARQ,79862,2023-04-07,3.244110548409254e-07,0.0,inf,inf,nonfinite_qlike
ES/GLOBEX/B0/30min,M4_HARQ,79863,2023-04-07,3.1915916321254327e-07,0.0,inf,inf,nonfinite_qlike
ES/GLOBEX/B0/30min,M4_HARQ,79864,2023-04-07,3.1635520865799646e-07,0.0,inf,inf,nonfinite_qlike
ES/GLOBEX/B0/30min,M4_HARQ,79865,2023-04-07,3.1364588924056326e-07,0.0,inf,inf,nonfinite_qlike
ES/GLOBEX/B0/30min,M4_HARQ,79866,2023-04-07,3.1211617633724036e-07,0.0,inf,inf,nonfinite_qlike
ES/GLOBEX/B0/30min,M4_HARQ,79867,2023-04-07,3.102247032066248e-07,0.0,inf,inf,nonfinite_qlike
ES/GLOBEX/B0/30min,M4_HARQ,79868,2023-04-07,3.084488539057182e-07,0.0,inf,inf,nonfinite_qlike
ES/GLOBEX/B0/30min,M4_HARQ,79869,2023-04-07,3.0675465079377765e-07,0.0,inf,inf,nonfinite_qlike
ES/GLOBEX/B0/30min,M4_HARQ,79870,2023-04-07,3.048877089909808e-07,0.0,inf,inf,nonfinite_qlike
ES/GLOBEX/B0/30min,M4_HARQ,79871,2023-04-07,3.023318565514534e-07,0.0,inf,inf,nonfinite_qlike
ES/GLOBEX/B0/30min,M4_HARQ,79872,2023-04-07,2.9981470216265123e-07,0.0,inf,inf,nonfinite_qlike
ES/GLOBEX/B0/30min,M4_HARQ,79873,2023-04-07,2.945343266814181e-07,0.0,inf,inf,nonfinite_qlike
ES/GLOBEX/B0/30min,M4_HARQ,79874,2023-04-07,2.8400674589118916e-07,0.0,inf,inf,nonfinite_qlike
ES/GLOBEX/B0/30min,M4_HARQ,81488,2023-05-29,7.045240673016201e-07,0.0,inf,inf,nonfinite_qlike
ES/GLOBEX/B0/30min,M4_HARQ,81489,2023-05-29,5.914284572474456e-07,0.0,inf,inf,nonfinite_qlike
ES/GLOBEX/B0/30min,M4_HARQ,81490,2023-05-29,5.899425292961156e-07,0.0,inf,inf,nonfinite_qlike
ES/GLOBEX/B0/30min,M4_HARQ,81491,2023-05-29,5.885813518939721e-07,0.0,inf,inf,nonfinite_qlike
ES/GLOBEX/B0/30min,M4_HARQ,81492,2023-05-29,5.847458098728874e-07,0.0,inf,inf,nonfinite_qlike
ES/GLOBEX/B0/30min,M4_HARQ,81493,2023-05-29,5.825331126117247e-07,0.0,inf,inf,nonfinite_qlike
ES/GLOBEX/B0/30min,M4_HARQ,81494,2023-05-29,5.79073711465941e-07,0.0,inf,inf,nonfinite_qlike
ES/GLOBEX/B0/30min,M4_HARQ,82028,2023-06-19,6.826358225933835e-07,0.0,inf,inf,nonfinite_qlike
ES/GLOBEX/B0/30min,M4_HARQ,82029,2023-06-19,4.931841352065375e-07,0.0,inf,inf,nonfinite_qlike
ES/GLOBEX/B0/30min,M4_HARQ,82030,2023-06-19,4.900191752279036e-07,0.0,inf,inf,nonfinite_qlike
ES/GLOBEX/B0/30min,M4_HARQ,82031,2023-06-19,4.86435309123147e-07,0.0,inf,inf,nonfinite_qlike
ES/GLOBEX/B0/30min,M4_HARQ,82032,2023-06-19,4.830968842320138e-07,0.0,inf,inf,nonfinite_qlike
ES/GLOBEX/B0/30min,M4_HARQ,82033,2023-06-19,4.780744396987141e-07,0.0,inf,inf,nonfinite_qlike
ES/GLOBEX/B0/30min,M4_HARQ,82034,2023-06-19,4.716025394116022e-07,0.0,inf,inf,nonfinite_qlike
ES/GLOBEX/B0/30min,M4_HARQ,82478,2023-07-04,4.5322867113946115e-07,0.0,inf,inf,nonfinite_qlike
ES/GLOBEX/B0/30min,M4_HARQ,82479,2023-07-04,3.619961703316041e-07,0.0,inf,inf,nonfinite_qlike
ES/GLOBEX/B0/30min,M4_HARQ,82480,2023-07-04,3.56370402635931e-07,0.0,inf,inf,nonfinite_qlike
ES/GLOBEX/B0/30min,M4_HARQ,82481,2023-07-04,3.531185195432467e-07,0.0,inf,inf,nonfinite_qlike
ES/GLOBEX/B0/30min,M4_HARQ,82482,2023-07-04,3.496560436720018e-07,0.0,inf,inf,nonfinite_qlike
ES/GLOBEX/B0/30min,M4_HARQ,82483,2023-07-04,3.468202890140595e-07,0.0,inf,inf,nonfinite_qlike
ES/GLOBEX/B0/30min,M4_HARQ,82484,2023-07-04,3.4014051290746407e-07,0.0,inf,inf,nonfinite_qlike
ES/GLOBEX/B0/30min,M4_HARQ,84458,2023-09-04,5.783156517701386e-07,0.0,inf,inf,nonfinite_qlike
ES/GLOBEX/B0/30min,M4_HARQ,84459,2023-09-04,4.098854430443237e-07,0.0,inf,inf,nonfinite_qlike
ES/GLOBEX/B0/30min,M4_HARQ,84460,2023-09-04,4.0116079660707847e-07,0.0,inf,inf,nonfinite_qlike
ES/GLOBEX/B0/30min,M4_HARQ,84461,2023-09-04,3.9684453580147966e-07,0.0,inf,inf,nonfinite_qlike
ES/GLOBEX/B0/30min,M4_HARQ,84462,2023-09-04,3.9153992835950135e-07,0.0,inf,inf,nonfinite_qlike
ES/GLOBEX/B0/30min,M4_HARQ,84463,2023-09-04,3.8753946642994536e-07,0.0,inf,inf,nonfinite_qlike
ES/GLOBEX/B0/30min,M4_HARQ,84464,2023-09-04,3.7922311093396207e-07,0.0,inf,inf,nonfinite_qlike
ES/GLOBEX/B0/30min,M4_HARQ,86933,2023-11-23,3.444476970900407e-07,0.0,inf,inf,nonfinite_qlike
ES/GLOBEX/B0/30min,M4_HARQ,86934,2023-11-23,2.3087084282750432e-07,0.0,inf,inf,nonfinite_qlike
ES/GLOBEX/B0/30min,M4_HARQ,86935,2023-11-23,2.2615461198245297e-07,0.0,inf,inf,nonfinite_qlike
ES/GLOBEX/B0/30min,M4_HARQ,86936,2023-11-23,2.2404439347235567e-07,0.0,inf,inf,nonfinite_qlike
ES/GLOBEX/B0/30min,M4_HARQ,86937,2023-11-23,2.2039065622289013e-07,0.0,inf,inf,nonfinite_qlike
ES/GLOBEX/B0/30min,M4_HARQ,86938,2023-11-23,2.1845128723402013e-07,0.0,inf,inf,nonfinite_qlike
ES/GLOBEX/B0/30min,M4_HARQ,86939,2023-11-23,2.156894218925063e-07,0.0,inf,inf,nonfinite_qlike
ES/GLOBEX/B1/1day,M3_HARJ,1678,2022-11-11,1e-300,0.00017370031946484232,1.737003194648423e+296,1.0,below_1e-12
ES/GLOBEX/B1/1day,M4_HARQ,513,2018-02-06,1e-300,0.001818701705587955,1.818701705587955e+297,0.7153648424447875,below_1e-12
ES/GLOBEX/B1/1day,M4_HARQ,1018,2020-03-04,1e-300,0.0005939990769547876,5.939990769547876e+296,0.2336425235609154,below_1e-12
ES/GLOBEX/B1/1day,M4_HARQ,1249,2021-02-16,1e-300,4.9089921049016993e-05,4.908992104901699e+295,0.019308940838929003,below_1e-12
ES/GLOBEX/B1/1day,M4_HARQ,1280,2021-04-05,1e-300,2.491358100087382e-05,2.491358100087382e+295,0.009799462931533297,below_1e-12
ES/GLOBEX/B1/1day,M4_HARQ,1321,2021-06-01,1e-300,2.7321103516442236e-05,2.7321103516442235e+295,0.010746433487364553,below_1e-12
ES/GLOBEX/B1/1day,M4_HARQ,1343,2021-07-06,1e-300,2.8316082534729503e-05,2.8316082534729504e+295,0.011137796736470232,below_1e-12
ES/GLOBEX/B1/1h,M3_HARJ,679,2016-02-15,7.178750072503408e-06,0.0,inf,inf,nonfinite_qlike
ES/GLOBEX/B1/1h,M3_HARJ,680,2016-02-15,6.351293145090641e-06,0.0,inf,inf,nonfinite_qlike
ES/GLOBEX/B1/1h,M3_HARJ,681,2016-02-15,6.422779142466752e-06,0.0,inf,inf,nonfinite_qlike
ES/GLOBEX/B1/1h,M3_HARJ,2242,2016-05-30,5.226056791004972e-07,0.0,inf,inf,nonfinite_qlike
ES/GLOBEX/B1/1h,M3_HARJ,2243,2016-05-30,5.158128380603862e-07,0.0,inf,inf,nonfinite_qlike
ES/GLOBEX/B1/1h,M3_HARJ,2726,2016-07-04,1.1084961887124057e-06,0.0,inf,inf,nonfinite_qlike
ES/GLOBEX/B1/1h,M3_HARJ,2727,2016-07-04,1.0851907352543858e-06,0.0,inf,inf,nonfinite_qlike
ES/GLOBEX/B1/1h,M3_HARJ,3716,2016-09-05,4.739943663598355e-07,0.0,inf,inf,nonfinite_qlike
ES/GLOBEX/B1/1h,M3_HARJ,3717,2016-09-05,4.7214174203764215e-07,0.0,inf,inf,nonfinite_qlike
ES/GLOBEX/B1/1h,M3_HARJ,4926,2016-11-24,3.8315434380403424e-07,0.0,inf,inf,nonfinite_qlike
ES/GLOBEX/B1/1h,M3_HARJ,4927,2016-11-24,3.802969239129362e-07,0.0,inf,inf,nonfinite_qlike
ES/GLOBEX/B1/1h,M3_HARJ,5608,2017-01-16,2.571341957603219e-07,0.0,inf,inf,nonfinite_qlike
ES/GLOBEX/B1/1h,M3_HARJ,5609,2017-01-16,2.546850248775728e-07,0.0,inf,inf,nonfinite_qlike
ES/GLOBEX/B1/1h,M3_HARJ,6158,2017-02-20,1.9040836923615245e-07,0.0,inf,inf,nonfinite_qlike
ES/GLOBEX/B1/1h,M3_HARJ,6159,2017-02-20,1.8815481423693197e-07,0.0,inf,inf,nonfinite_qlike
ES/GLOBEX/B1/1h,M4_HARQ,679,2016-02-15,5.390000041629427e-06,0.0,inf,inf,nonfinite_qlike
ES/GLOBEX/B1/1h,M4_HARQ,680,2016-02-15,4.311437093691177e-06,0.0,inf,inf,nonfinite_qlike
ES/GLOBEX/B1/1h,M4_HARQ,681,2016-02-15,4.3867142941309185e-06,0.0,inf,inf,nonfinite_qlike
ES/GLOBEX/B1/1h,M4_HARQ,2242,2016-05-30,2.2705154822789397e-07,0.0,inf,inf,nonfinite_qlike
ES/GLOBEX/B1/1h,M4_HARQ,2243,2016-05-30,2.208361986353596e-07,0.0,inf,inf,nonfinite_qlike
ES/GLOBEX/B1/1h,M4_HARQ,2726,2016-07-04,1.0443987674705437e-06,0.0,inf,inf,nonfinite_qlike
ES/GLOBEX/B1/1h,M4_HARQ,2727,2016-07-04,1.0247449957783409e-06,0.0,inf,inf,nonfinite_qlike
ES/GLOBEX/B1/1h,M4_HARQ,3716,2016-09-05,4.623465296713276e-07,0.0,inf,inf,nonfinite_qlike
ES/GLOBEX/B1/1h,M4_HARQ,3717,2016-09-05,4.607288357475754e-07,0.0,inf,inf,nonfinite_qlike
ES/GLOBEX/B1/1h,M4_HARQ,4926,2016-11-24,5.848388293378417e-07,0.0,inf,inf,nonfinite_qlike
ES/GLOBEX/B1/1h,M4_HARQ,4927,2016-11-24,5.82873440720748e-07,0.0,inf,inf,nonfinite_qlike
ES/GLOBEX/B1/1h,M4_HARQ,5608,2017-01-16,4.0032291595503797e-07,0.0,inf,inf,nonfinite_qlike
ES/GLOBEX/B1/1h,M4_HARQ,5609,2017-01-16,3.9852486061678446e-07,0.0,inf,inf,nonfinite_qlike
ES/GLOBEX/B1/1h,M4_HARQ,6158,2017-02-20,3.363087842201641e-07,0.0,inf,inf,nonfinite_qlike
ES/GLOBEX/B1/1h,M4_HARQ,6159,2017-02-20,3.3445075175866163e-07,0.0,inf,inf,nonfinite_qlike
ES/GLOBEX/B1/30min,M3_HARJ,4583,2016-05-30,4.82101085399156e-07,0.0,inf,inf,nonfinite_qlike
ES/GLOBEX/B1/30min,M3_HARJ,4584,2016-05-30,2.609400092140335e-07,0.0,inf,inf,nonfinite_qlike
ES/GLOBEX/B1/30min,M3_HARJ,4585,2016-05-30,2.599041822929351e-07,0.0,inf,inf,nonfinite_qlike
ES/GLOBEX/B1/30min,M3_HARJ,4586,2016-05-30,2.582137135248882e-07,0.0,inf,inf,nonfinite_qlike
ES/GLOBEX/B1/30min,M3_HARJ,4587,2016-05-30,2.566613335234181e-07,0.0,inf,inf,nonfinite_qlike
ES/GLOBEX/B1/30min,M3_HARJ,4588,2016-05-30,2.5484686847387825e-07,0.0,inf,inf,nonfinite_qlike
ES/GLOBEX/B1/30min,M3_HARJ,4589,2016-05-30,2.530902182338091e-07,0.0,inf,inf,nonfinite_qlike
ES/GLOBEX/B1/30min,M3_HARJ,5573,2016-07-04,9.562072221656741e-07,0.0,inf,inf,nonfinite_qlike
ES/GLOBEX/B1/30min,M3_HARJ,5574,2016-07-04,7.054312802250767e-07,0.0,inf,inf,nonfinite_qlike
ES/GLOBEX/B1/30min,M3_HARJ,5575,2016-07-04,6.938077212216404e-07,0.0,inf,inf,nonfinite_qlike
ES/GLOBEX/B1/30min,M3_HARJ,5576,2016-07-04,6.848762127239564e-07,0.0,inf,inf,nonfinite_qlike
ES/GLOBEX/B1/30min,M3_HARJ,5577,2016-07-04,6.758896057175115e-07,0.0,inf,inf,nonfinite_qlike
ES/GLOBEX/B1/30min,M3_HARJ,5578,2016-07-04,6.669854068527289e-07,0.0,inf,inf,nonfinite_qlike
ES/GLOBEX/B1/30min,M3_HARJ,5579,2016-07-04,6.527482100901785e-07,0.0,inf,inf,nonfinite_qlike
ES/GLOBEX/B1/30min,M3_HARJ,10073,2016-11-24,4.825381423596946e-07,0.0,inf,inf,nonfinite_qlike
ES/GLOBEX/B1/30min,M3_HARJ,10074,2016-11-24,3.426190800335597e-07,0.0,inf,inf,nonfinite_qlike
ES/GLOBEX/B1/30min,M3_HARJ,10075,2016-11-24,3.415788394672296e-07,0.0,inf,inf,nonfinite_qlike
ES/GLOBEX/B1/30min,M3_HARJ,10076,2016-11-24,3.4048879492145715e-07,0.0,inf,inf,nonfinite_qlike
ES/GLOBEX/B1/30min,M3_HARJ,10077,2016-11-24,3.3936236479541226e-07,0.0,inf,inf,nonfinite_qlike
ES/GLOBEX/B1/30min,M3_HARJ,10078,2016-11-24,3.385748128306698e-07,0.0,inf,inf,nonfinite_qlike
ES/GLOBEX/B1/30min,M3_HARJ,10079,2016-11-24,3.375035668745545e-07,0.0,inf,inf,nonfinite_qlike
ES/GLOBEX/B1/30min,M3_HARJ,11468,2017-01-16,5.879529778909109e-07,0.0,inf,inf,nonfinite_qlike
ES/GLOBEX/B1/30min,M3_HARJ,11469,2017-01-16,2.7140844161155406e-07,0.0,inf,inf,nonfinite_qlike
ES/GLOBEX/B1/30min,M3_HARJ,11470,2017-01-16,2.707676105653043e-07,0.0,inf,inf,nonfinite_qlike
ES/GLOBEX/B1/30min,M3_HARJ,11471,2017-01-16,2.697343409307944e-07,0.0,inf,inf,nonfinite_qlike
ES/GLOBEX/B1/30min,M3_HARJ,11472,2017-01-16,2.688866802122487e-07,0.0,inf,inf,nonfinite_qlike
ES/GLOBEX/B1/30min,M3_HARJ,11473,2017-01-16,2.6795884430263763e-07,0.0,inf,inf,nonfinite_qlike
ES/GLOBEX/B1/30min,M3_HARJ,11474,2017-01-16,2.673998573606364e-07,0.0,inf,inf,nonfinite_qlike
ES/GLOBEX/B1/30min,M3_HARJ,12593,2017-02-20,4.6417760934127447e-07,0.0,inf,inf,nonfinite_qlike
ES/GLOBEX/B1/30min,M3_HARJ,12594,2017-02-20,2.177565553513836e-07,0.0,inf,inf,nonfinite_qlike
ES/GLOBEX/B1/30min,M3_HARJ,12595,2017-02-20,2.1698494616240573e-07,0.0,inf,inf,nonfinite_qlike
ES/GLOBEX/B1/30min,M3_HARJ,12596,2017-02-20,2.1604511784771865e-07,0.0,inf,inf,nonfinite_qlike
ES/GLOBEX/B1/30min,M3_HARJ,12597,2017-02-20,2.1532786661975103e-07,0.0,inf,inf,nonfinite_qlike
ES/GLOBEX/B1/30min,M3_HARJ,12598,2017-02-20,2.1469124579959568e-07,0.0,inf,inf,nonfinite_qlike
ES/GLOBEX/B1/30min,M3_HARJ,12599,2017-02-20,2.1397437575340713e-07,0.0,inf,inf,nonfinite_qlike
ES/GLOBEX/B1/30min,M3_HARJ,15563,2017-05-29,3.301732283568799e-07,0.0,inf,inf,nonfinite_qlike
ES/GLOBEX/B1/30min,M3_HARJ,15564,2017-05-29,1.8529491703741602e-07,0.0,inf,inf,nonfinite_qlike
ES/GLOBEX/B1/30min,M3_HARJ,15565,2017-05-29,1.8457222097900272e-07,0.0,inf,inf,nonfinite_qlike
ES/GLOBEX/B1/30min,M3_HARJ,15566,2017-05-29,1.8415401883928395e-07,0.0,inf,inf,nonfinite_qlike
ES/GLOBEX/B1/30min,M3_HARJ,15567,2017-05-29,1.8326204835386882e-07,0.0,inf,inf,nonfinite_qlike
ES/GLOBEX/B1/30min,M3_HARJ,15568,2017-05-29,1.825428313664918e-07,0.0,inf,inf,nonfinite_qlike
ES/GLOBEX/B1/30min,M3_HARJ,15569,2017-05-29,1.8178239779245744e-07,0.0,inf,inf,nonfinite_qlike
ES/GLOBEX/B1/30min,M3_HARJ,16553,2017-07-04,4.454614545383549e-07,0.0,inf,inf,nonfinite_qlike
ES/GLOBEX/B1/30min,M3_HARJ,16554,2017-07-04,2.747262862543445e-07,0.0,inf,inf,nonfinite_qlike
ES/GLOBEX/B1/30min,M3_HARJ,16555,2017-07-04,2.740761242938244e-07,0.0,inf,inf,nonfinite_qlike
ES/GLOBEX/B1/30min,M3_HARJ,16556,2017-07-04,2.729499508979235e-07,0.0,inf,inf,nonfinite_qlike
ES/GLOBEX/B1/30min,M3_HARJ,16557,2017-07-04,2.720675882372176e-07,0.0,inf,inf,nonfinite_qlike
ES/GLOBEX/B1/30min,M3_HARJ,16558,2017-07-04,2.710466606563529e-07,0.0,inf,inf,nonfinite_qlike
ES/GLOBEX/B1/30min,M3_HARJ,16559,2017-07-04,2.6937438311138573e-07,0.0,inf,inf,nonfinite_qlike
ES/GLOBEX/B1/30min,M3_HARJ,18533,2017-09-04,3.9001998893010317e-07,0.0,inf,inf,nonfinite_qlike
ES/GLOBEX/B1/30min,M3_HARJ,18534,2017-09-04,2.2581417144165838e-07,0.0,inf,inf,nonfinite_qlike
ES/GLOBEX/B1/30min,M3_HARJ,18535,2017-09-04,2.2503085995340378e-07,0.0,inf,inf,nonfinite_qlike
ES/GLOBEX/B1/30min,M3_HARJ,18536,2017-09-04,2.2438453179308762e-07,0.0,inf,inf,nonfinite_qlike
ES/GLOBEX/B1/30min,M3_HARJ,18537,2017-09-04,2.2373239408508558e-07,0.0,inf,inf,nonfinite_qlike
ES/GLOBEX/B1/30min,M3_HARJ,18538,2017-09-04,2.2294930106954964e-07,0.0,inf,inf,nonfinite_qlike
ES/GLOBEX/B1/30min,M3_HARJ,18539,2017-09-04,2.221915544116861e-07,0.0,inf,inf,nonfinite_qlike
ES/GLOBEX/B1/30min,M3_HARJ,19542,2017-10-10,1.6794202712544209e-07,0.0,inf,inf,nonfinite_qlike
ES/GLOBEX/B1/30min,M3_HARJ,21008,2017-11-23,2.9293078315843206e-07,0.0,inf,inf,nonfinite_qlike
ES/GLOBEX/B1/30min,M3_HARJ,21009,2017-11-23,1.5495035494486066e-07,0.0,inf,inf,nonfinite_qlike
ES/GLOBEX/B1/30min,M3_HARJ,21010,2017-11-23,1.5436277299045438e-07,0.0,inf,inf,nonfinite_qlike
ES/GLOBEX/B1/30min,M3_HARJ,21011,2017-11-23,1.5400418355830558e-07,0.0,inf,inf,nonfinite_qlike
ES/GLOBEX/B1/30min,M3_HARJ,21012,2017-11-23,1.5337289977762732e-07,0.0,inf,inf,nonfinite_qlike
ES/GLOBEX/B1/30min,M3_HARJ,21013,2017-11-23,1.5234149148167998e-07,0.0,inf,inf,nonfinite_qlike
ES/GLOBEX/B1/30min,M3_HARJ,21014,2017-11-23,1.5101102979777745e-07,0.0,inf,inf,nonfinite_qlike
ES/GLOBEX/B1/30min,M3_HARJ,22403,2018-01-15,2.861958710309125e-07,0.0,inf,inf,nonfinite_qlike
ES/GLOBEX/B1/30min,M3_HARJ,22404,2018-01-15,1.6995170776638306e-07,0.0,inf,inf,nonfinite_qlike
ES/GLOBEX/B1/30min,M3_HARJ,22405,2018-01-15,1.6969371111932828e-07,0.0,inf,inf,nonfinite_qlike
ES/GLOBEX/B1/30min,M3_HARJ,22406,2018-01-15,1.694873721656499e-07,0.0,inf,inf,nonfinite_qlike
ES/GLOBEX/B1/30min,M3_HARJ,22407,2018-01-15,1.6897402916011502e-07,0.0,inf,inf,nonfinite_qlike
ES/GLOBEX/B1/30min,M3_HARJ,22408,2018-01-15,1.6837196495712086e-07,0.0,inf,inf,nonfinite_qlike
ES/GLOBEX/B1/30min,M3_HARJ,22409,2018-01-15,1.6774657002379337e-07,0.0,inf,inf,nonfinite_qlike
ES/GLOBEX/B1/30min,M3_HARJ,23528,2018-02-19,2.7363777639094822e-06,0.0,inf,inf,nonfinite_qlike
ES/GLOBEX/B1/30min,M3_HARJ,23529,2018-02-19,1.2531423592049967e-06,0.0,inf,inf,nonfinite_qlike
ES/GLOBEX/B1/30min,M3_HARJ,23530,2018-02-19,1.2445150135075386e-06,0.0,inf,inf,nonfinite_qlike
ES/GLOBEX/B1/30min,M3_HARJ,23531,2018-02-19,1.2376329347185332e-06,0.0,inf,inf,nonfinite_qlike
ES/GLOBEX/B1/30min,M3_HARJ,23532,2018-02-19,1.2269151646375935e-06,0.0,inf,inf,nonfinite_qlike
ES/GLOBEX/B1/30min,M3_HARJ,23533,2018-02-19,1.2195460168208952e-06,0.0,inf,inf,nonfinite_qlike
ES/GLOBEX/B1/30min,M3_HARJ,23534,2018-02-19,1.171203869865202e-06,0.0,inf,inf,nonfinite_qlike
ES/GLOBEX/B1/30min,M3_HARJ,25560,2018-04-30,1.0108228858537195e-06,0.0,inf,inf,nonfinite_qlike
ES/GLOBEX/B1/30min,M3_HARJ,26498,2018-05-28,5.210051606184576e-07,0.0,inf,inf,nonfinite_qlike
ES/GLOBEX/B1/30min,M3_HARJ,26499,2018-05-28,4.00326098496679e-07,0.0,inf,inf,nonfinite_qlike
ES/GLOBEX/B1/30min,M3_HARJ,26500,2018-05-28,3.985074769549661e-07,0.0,inf,inf,nonfinite_qlike
ES/GLOBEX/B1/30min,M3_HARJ,26501,2018-05-28,3.9535903398030665e-07,0.0,inf,inf,nonfinite_qlike
ES/GLOBEX/B1/30min,M3_HARJ,26502,2018-05-28,3.9412317617077674e-07,0.0,inf,inf,nonfinite_qlike
ES/GLOBEX/B1/30min,M3_HARJ,26503,2018-05-28,3.9014531594904524e-07,0.0,inf,inf,nonfinite_qlike
ES/GLOBEX/B1/30min,M3_HARJ,26504,2018-05-28,3.885224741489826e-07,0.0,inf,inf,nonfinite_qlike
ES/GLOBEX/B1/30min,M3_HARJ,27533,2018-07-04,8.663968833912283e-07,0.0,inf,inf,nonfinite_qlike
ES/GLOBEX/B1/30min,M3_HARJ,27534,2018-07-04,6.968105694412679e-07,0.0,inf,inf,nonfinite_qlike
ES/GLOBEX/B1/30min,M3_HARJ,27535,2018-07-04,6.951237420883128e-07,0.0,inf,inf,nonfinite_qlike
ES/GLOBEX/B1/30min,M3_HARJ,27536,2018-07-04,6.939806892293477e-07,0.0,inf,inf,nonfinite_qlike
ES/GLOBEX/B1/30min,M3_HARJ,27537,2018-07-04,6.92767899899634e-07,0.0,inf,inf,nonfinite_qlike
ES/GLOBEX/B1/30min,M3_HARJ,27538,2018-07-04,6.917409474415262e-07,0.0,inf,inf,nonfinite_qlike
ES/GLOBEX/B1/30min,M3_HARJ,27539,2018-07-04,6.880736117587279e-07,0.0,inf,inf,nonfinite_qlike
ES/GLOBEX/B1/30min,M3_HARJ,29470,2018-09-03,2.5846906856779124e-07,0.0,inf,inf,nonfinite_qlike
ES/GLOBEX/B1/30min,M3_HARJ,29471,2018-09-03,2.578961591686179e-07,0.0,inf,inf,nonfinite_qlike
ES/GLOBEX/B1/30min,M3_HARJ,29472,2018-09-03,2.5727853578534827e-07,0.0,inf,inf,nonfinite_qlike
ES/GLOBEX/B1/30min,M3_HARJ,29473,2018-09-03,2.564978644616515e-07,0.0,inf,inf,nonfinite_qlike
ES/GLOBEX/B1/30min,M3_HARJ,29474,2018-09-03,2.555954847714327e-07,0.0,inf,inf,nonfinite_qlike
ES/GLOBEX/B1/30min,M3_HARJ,31943,2018-11-22,1.5805725584935302e-06,0.0,inf,inf,nonfinite_qlike
ES/GLOBEX/B1/30min,M3_HARJ,31944,2018-11-22,1.2404610393705882e-06,0.0,inf,inf,nonfinite_qlike
ES/GLOBEX/B1/30min,M3_HARJ,31945,2018-11-22,1.2140423034607734e-06,0.0,inf,inf,nonfinite_qlike
ES/GLOBEX/B1/30min,M3_HARJ,31946,2018-11-22,1.1998938292783428e-06,0.0,inf,inf,nonfinite_qlike
ES/GLOBEX/B1/30min,M3_HARJ,31947,2018-11-22,1.187957751286773e-06,0.0,inf,inf,nonfinite_qlike
ES/GLOBEX/B1/30min,M3_HARJ,31948,2018-11-22,1.151950205400561e-06,0.0,inf,inf,nonfinite_qlike
ES/GLOBEX/B1/30min,M3_HARJ,31949,2018-11-22,1.1394353915155631e-06,0.0,inf,inf,nonfinite_qlike
ES/GLOBEX/B1/30min,M3_HARJ,32308,2018-12-05,7.768645186453389e-07,0.0,inf,inf,nonfinite_qlike
ES/GLOBEX/B1/30min,M3_HARJ,32309,2018-12-05,7.724784300621793e-07,0.0,inf,inf,nonfinite_qlike
ES/GLOBEX/B1/30min,M3_HARJ,33518,2019-01-21,8.686545101665454e-07,0.0,inf,inf,nonfinite_qlike
ES/GLOBEX/B1/30min,M3_HARJ,33519,2019-01-21,6.142045249575444e-07,0.0,inf,inf,nonfinite_qlike
ES/GLOBEX/B1/30min,M3_HARJ,33520,2019-01-21,6.126343457843131e-07,0.0,inf,inf,nonfinite_qlike
ES/GLOBEX/B1/30min,M3_HARJ,33521,2019-01-21,6.106348170086501e-07,0.0,inf,inf,nonfinite_qlike
ES/GLOBEX/B1/30min,M3_HARJ,33522,2019-01-21,6.094151950938406e-07,0.0,inf,inf,nonfinite_qlike
ES/GLOBEX/B1/30min,M3_HARJ,33523,2019-01-21,6.066118815879166e-07,0.0,inf,inf,nonfinite_qlike
ES/GLOBEX/B1/30min,M3_HARJ,33524,2019-01-21,6.017885550303808e-07,0.0,inf,inf,nonfinite_qlike
ES/GLOBEX/B1/30min,M3_HARJ,34418,2019-02-18,7.614541933154677e-07,0.0,inf,inf,nonfinite_qlike
ES/GLOBEX/B1/30min,M3_HARJ,34419,2019-02-18,4.386722706727233e-07,0.0,inf,inf,nonfinite_qlike
ES/GLOBEX/B1/30min,M3_HARJ,34420,2019-02-18,4.3699445099406616e-07,0.0,inf,inf,nonfinite_qlike
ES/GLOBEX/B1/30min,M3_HARJ,34421,2019-02-18,4.3503309616597394e-07,0.0,inf,inf,nonfinite_qlike
ES/GLOBEX/B1/30min,M3_HARJ,34422,2019-02-18,4.3209097662382303e-07,0.0,inf,inf,nonfinite_qlike
ES/GLOBEX/B1/30min,M3_HARJ,34423,2019-02-18,4.309019105696641e-07,0.0,inf,inf,nonfinite_qlike
ES/GLOBEX/B1/30min,M3_HARJ,34424,2019-02-18,4.280112440563596e-07,0.0,inf,inf,nonfinite_qlike
ES/GLOBEX/B1/30min,M3_HARJ,34699,2019-02-27,4.185064973593436e-07,0.0,inf,inf,nonfinite_qlike
ES/GLOBEX/B1/30min,M3_HARJ,34700,2019-02-27,4.0022793530475616e-07,0.0,inf,inf,nonfinite_qlike
ES/GLOBEX/B1/30min,M3_HARJ,34701,2019-02-27,3.995708419336432e-07,0.0,inf,inf,nonfinite_qlike
ES/GLOBEX/B1/30min,M3_HARJ,34702,2019-02-27,3.991748044982299e-07,0.0,inf,inf,nonfinite_qlike
ES/GLOBEX/B1/30min,M3_HARJ,34703,2019-02-27,3.9880202599771565e-07,0.0,inf,inf,nonfinite_qlike
ES/GLOBEX/B1/30min,M3_HARJ,37388,2019-05-27,6.496008115008407e-07,0.0,inf,inf,nonfinite_qlike
ES/GLOBEX/B1/30min,M3_HARJ,37389,2019-05-27,5.054311568555844e-07,0.0,inf,inf,nonfinite_qlike
ES/GLOBEX/B1/30min,M3_HARJ,37390,2019-05-27,5.034261169717348e-07,0.0,inf,inf,nonfinite_qlike
ES/GLOBEX/B1/30min,M3_HARJ,37391,2019-05-27,4.991509874193622e-07,0.0,inf,inf,nonfinite_qlike
ES/GLOBEX/B1/30min,M3_HARJ,37392,2019-05-27,4.964306535600059e-07,0.0,inf,inf,nonfinite_qlike
ES/GLOBEX/B1/30min,M3_HARJ,37393,2019-05-27,4.930194766051008e-07,0.0,inf,inf,nonfinite_qlike
ES/GLOBEX/B1/30min,M3_HARJ,37394,2019-05-27,4.888949879666237e-07,0.0,inf,inf,nonfinite_qlike
ES/GLOBEX/B1/30min,M3_HARJ,38468,2019-07-04,4.104634766226305e-07,0.0,inf,inf,nonfinite_qlike
ES/GLOBEX/B1/30min,M3_HARJ,38469,2019-07-04,3.253149616823857e-07,0.0,inf,inf,nonfinite_qlike
ES/GLOBEX/B1/30min,M3_HARJ,38470,2019-07-04,3.2353714886979783e-07,0.0,inf,inf,nonfinite_qlike
ES/GLOBEX/B1/30min,M3_HARJ,38471,2019-07-04,3.218484724824126e-07,0.0,inf,inf,nonfinite_qlike
ES/GLOBEX/B1/30min,M3_HARJ,38472,2019-07-04,3.1920521813261855e-07,0.0,inf,inf,nonfinite_qlike
ES/GLOBEX/B1/30min,M3_HARJ,38473,2019-07-04,3.173734004629456e-07,0.0,inf,inf,nonfinite_qlike
ES/GLOBEX/B1/30min,M3_HARJ,38474,2019-07-04,3.1554051225510974e-07,0.0,inf,inf,nonfinite_qlike
ES/GLOBEX/B1/30min,M3_HARJ,40358,2019-09-02,1.7051594222612916e-06,0.0,inf,inf,nonfinite_qlike
ES/GLOBEX/B1/30min,M3_HARJ,40359,2019-09-02,8.029486399640127e-07,0.0,inf,inf,nonfinite_qlike
ES/GLOBEX/B1/30min,M3_HARJ,40360,2019-09-02,8.010023405295731e-07,0.0,inf,inf,nonfinite_qlike
ES/GLOBEX/B1/30min,M3_HARJ,40361,2019-09-02,7.978640986893756e-07,0.0,inf,inf,nonfinite_qlike
ES/GLOBEX/B1/30min,M3_HARJ,40362,2019-09-02,7.926134558571999e-07,0.0,inf,inf,nonfinite_qlike
ES/GLOBEX/B1/30min,M3_HARJ,40363,2019-09-02,7.879906717588801e-07,0.0,inf,inf,nonfinite_qlike
ES/GLOBEX/B1/30min,M3_HARJ,40364,2019-09-02,7.837453123720225e-07,0.0,inf,inf,nonfinite_qlike
ES/GLOBEX/B1/30min,M3_HARJ,43058,2019-11-28,3.119479784370463e-07,0.0,inf,inf,nonfinite_qlike
ES/GLOBEX/B1/30min,M3_HARJ,43059,2019-11-28,2.592020965060291e-07,0.0,inf,inf,nonfinite_qlike
ES/GLOBEX/B1/30min,M3_HARJ,43060,2019-11-28,2.58755069747237e-07,0.0,inf,inf,nonfinite_qlike
ES/GLOBEX/B1/30min,M3_HARJ,43061,2019-11-28,2.5747903123915804e-07,0.0,inf,inf,nonfinite_qlike
ES/GLOBEX/B1/30min,M3_HARJ,43062,2019-11-28,2.5701362223888506e-07,0.0,inf,inf,nonfinite_qlike
ES/GLOBEX/B1/30min,M3_HARJ,43063,2019-11-28,2.5607300155549413e-07,0.0,inf,inf,nonfinite_qlike
ES/GLOBEX/B1/30min,M3_HARJ,43064,2019-11-28,2.5323442915583275e-07,0.0,inf,inf,nonfinite_qlike
ES/GLOBEX/B1/30min,M3_HARJ,44408,2020-01-20,4.073130505062835e-07,0.0,inf,inf,nonfinite_qlike
ES/GLOBEX/B1/30min,M3_HARJ,44409,2020-01-20,3.093148911241725e-07,0.0,inf,inf,nonfinite_qlike
ES/GLOBEX/B1/30min,M3_HARJ,44410,2020-01-20,3.090239318490748e-07,0.0,inf,inf,nonfinite_qlike
ES/GLOBEX/B1/30min,M3_HARJ,44411,2020-01-20,3.083178616243319e-07,0.0,inf,inf,nonfinite_qlike
ES/GLOBEX/B1/30min,M3_HARJ,44412,2020-01-20,3.079844445593544e-07,0.0,inf,inf,nonfinite_qlike
ES/GLOBEX/B1/30min,M3_HARJ,44413,2020-01-20,3.074983773899315e-07,0.0,inf,inf,nonfinite_qlike
ES/GLOBEX/B1/30min,M3_HARJ,44414,2020-01-20,3.06526114811521e-07,0.0,inf,inf,nonfinite_qlike
ES/GLOBEX/B1/30min,M3_HARJ,45308,2020-02-17,4.833558927548692e-07,0.0,inf,inf,nonfinite_qlike
ES/GLOBEX/B1/30min,M3_HARJ,45309,2020-02-17,3.626139151911627e-07,0.0,inf,inf,nonfinite_qlike
ES/GLOBEX/B1/30min,M3_HARJ,45310,2020-02-17,3.6159829105165107e-07,0.0,inf,inf,nonfinite_qlike
ES/GLOBEX/B1/30min,M3_HARJ,45311,2020-02-17,3.610876032592284e-07,0.0,inf,inf,nonfinite_qlike
ES/GLOBEX/B1/30min,M3_HARJ,45312,2020-02-17,3.6033906830214837e-07,0.0,inf,inf,nonfinite_qlike
ES/GLOBEX/B1/30min,M3_HARJ,45313,2020-02-17,3.592810539757078e-07,0.0,inf,inf,nonfinite_qlike
ES/GLOBEX/B1/30min,M3_HARJ,45314,2020-02-17,3.569837142591605e-07,0.0,inf,inf,nonfinite_qlike
ES/GLOBEX/B1/30min,M3_HARJ,45953,2020-03-09,1.2113075385588479e-05,0.0,inf,inf,nonfinite_qlike
ES/GLOBEX/B1/30min,M3_HARJ,45954,2020-03-09,8.557348653827578e-06,0.0,inf,inf,nonfinite_qlike
ES/GLOBEX/B1/30min,M3_HARJ,45957,2020-03-09,8.542900696456484e-06,0.0,inf,inf,nonfinite_qlike
ES/GLOBEX/B1/30min,M3_HARJ,45958,2020-03-09,8.507283449064228e-06,0.0,inf,inf,nonfinite_qlike
ES/GLOBEX/B1/30min,M3_HARJ,45959,2020-03-09,8.50018242256676e-06,0.0,inf,inf,nonfinite_qlike
ES/GLOBEX/B1/30min,M3_HARJ,45960,2020-03-09,8.487043897108157e-06,0.0,inf,inf,nonfinite_qlike
ES/GLOBEX/B1/30min,M3_HARJ,45961,2020-03-09,8.478688402193095e-06,0.0,inf,inf,nonfinite_qlike
ES/GLOBEX/B1/30min,M3_HARJ,45962,2020-03-09,8.45929937948611e-06,0.0,inf,inf,nonfinite_qlike
ES/GLOBEX/B1/30min,M3_HARJ,45963,2020-03-09,8.429135049631844e-06,0.0,inf,inf,nonfinite_qlike
ES/GLOBEX/B1/30min,M3_HARJ,45964,2020-03-09,8.398220987362458e-06,0.0,inf,inf,nonfinite_qlike
ES/GLOBEX/B1/30min,M3_HARJ,45965,2020-03-09,8.363736491177961e-06,0.0,inf,inf,nonfinite_qlike
ES/GLOBEX/B1/30min,M3_HARJ,45966,2020-03-09,8.323922109840265e-06,0.0,inf,inf,nonfinite_qlike
ES/GLOBEX/B1/30min,M3_HARJ,45968,2020-03-09,9.373816245359802e-06,0.0,inf,inf,nonfinite_qlike
ES/GLOBEX/B1/30min,M3_HARJ,45969,2020-03-09,8.22785728280842e-06,0.0,inf,inf,nonfinite_qlike
ES/GLOBEX/B1/30min,M3_HARJ,45970,2020-03-09,8.186038922092411e-06,0.0,inf,inf,nonfinite_qlike
ES/GLOBEX/B1/30min,M3_HARJ,45971,2020-03-09,8.116846429010042e-06,0.0,inf,inf,nonfinite_qlike
ES/GLOBEX/B1/30min,M3_HARJ,45972,2020-03-09,8.070875585070979e-06,0.0,inf,inf,nonfinite_qlike
ES/GLOBEX/B1/30min,M3_HARJ,45973,2020-03-09,8.022970570899689e-06,0.0,inf,inf,nonfinite_qlike
ES/GLOBEX/B1/30min,M3_HARJ,45974,2020-03-09,7.981840997969383e-06,0.0,inf,inf,nonfinite_qlike
ES/GLOBEX/B1/30min,M3_HARJ,45975,2020-03-09,7.908942972441603e-06,0.0,inf,inf,nonfinite_qlike
ES/GLOBEX/B1/30min,M3_HARJ,45977,2020-03-09,0.00029958913178281487,0.00013315504202182638,0.2553566499145199,8.983519871414706e-06,above_100x_mean_rv
ES/GLOBEX/B1/30min,M3_HARJ,46109,2020-03-12,1.661432365084974e-05,0.0,inf,inf,nonfinite_qlike
ES/GLOBEX/B1/30min,M3_HARJ,46110,2020-03-12,1.592650282785328e-05,0.0,inf,inf,nonfinite_qlike
ES/GLOBEX/B1/30min,M3_HARJ,46119,2020-03-12,0.0004016107123434728,0.00020690796873168438,0.17840448636262796,6.276320780855728e-06,above_100x_mean_rv
ES/GLOBEX/B1/30min,M3_HARJ,46140,2020-03-18,3.252877887709014e-05,0.0,inf,inf,nonfinite_qlike
ES/GLOBEX/B1/30min,M3_HARJ,46141,2020-03-18,2.8010340834219126e-05,0.0,inf,inf,nonfinite_qlike
ES/GLOBEX/B1/30min,M3_HARJ,46142,2020-03-18,2.7988151533097794e-05,0.0,inf,inf,nonfinite_qlike
ES/GLOBEX/B1/30min,M3_HARJ,46143,2020-03-18,2.7969204298218916e-05,0.0,inf,inf,nonfinite_qlike
ES/GLOBEX/B1/30min,M3_HARJ,46144,2020-03-18,2.793015123103371e-05,0.0,inf,inf,nonfinite_qlike
ES/GLOBEX/B1/30min,M3_HARJ,46145,2020-03-18,2.787525356312961e-05,0.0,inf,inf,nonfinite_qlike
ES/GLOBEX/B1/30min,M3_HARJ,46146,2020-03-18,2.7838957973205892e-05,0.0,inf,inf,nonfinite_qlike
ES/GLOBEX/B1/30min,M3_HARJ,46147,2020-03-18,2.779351691916732e-05,0.0,inf,inf,nonfinite_qlike
ES/GLOBEX/B1/30min,M3_HARJ,46148,2020-03-18,2.7753781059799428e-05,0.0,inf,inf,nonfinite_qlike
ES/GLOBEX/B1/30min,M3_HARJ,46149,2020-03-18,2.7678598142477658e-05,0.0,inf,inf,nonfinite_qlike
ES/GLOBEX/B1/30min,M3_HARJ,46150,2020-03-18,2.7628653086205528e-05,0.0,inf,inf,nonfinite_qlike
ES/GLOBEX/B1/30min,M3_HARJ,46151,2020-03-18,2.758726280936971e-05,0.0,inf,inf,nonfinite_qlike
ES/GLOBEX/B1/30min,M3_HARJ,46152,2020-03-18,2.7553094248878872e-05,0.0,inf,inf,nonfinite_qlike
ES/GLOBEX/B1/30min,M3_HARJ,46153,2020-03-18,2.749177625913185e-05,0.0,inf,inf,nonfinite_qlike
ES/GLOBEX/B1/30min,M3_HARJ,46154,2020-03-18,2.7433530697409998e-05,0.0,inf,inf,nonfinite_qlike
ES/GLOBEX/B1/30min,M3_HARJ,46155,2020-03-18,2.7315461598227427e-05,0.0,inf,inf,nonfinite_qlike
ES/GLOBEX/B1/30min,M3_HARJ,46169,2020-03-18,0.0002891911353394781,0.00021035033341831877,0.04568820497831405,1.607324099252347e-06,above_100x_mean_rv
ES/GLOBEX/B1/30min,M3_HARJ,46261,2020-03-23,9.532346218987407e-05,0.0,inf,inf,nonfinite_qlike
ES/GLOBEX/B1/30min,M3_HARJ,46262,2020-03-23,4.7832196765229536e-05,0.0,inf,inf,nonfinite_qlike
ES/GLOBEX/B1/30min,M3_HARJ,46264,2020-03-23,0.00027848604437282615,0.00013235203073236335,0.21915819916845036,7.710048036235953e-06,above_100x_mean_rv
ES/GLOBEX/B1/30min,M3_HARJ,46289,2020-03-23,0.000552089675431812,0.00021194350938458228,0.3412839819515452,1.200646795250313e-05,above_100x_mean_rv
ES/GLOBEX/B1/30min,M3_HARJ,46292,2020-03-23,0.0002881198785659715,0.0002179729517592932,0.03554128071420681,1.2503524057763345e-06,above_100x_mean_rv
ES/GLOBEX/B1/30min,M3_HARJ,46329,2020-03-24,7.482891803910487e-05,0.0,inf,inf,nonfinite_qlike
ES/GLOBEX/B1/30min,M3_HARJ,46330,2020-03-24,7.216477686999407e-05,0.0,inf,inf,nonfinite_qlike
ES/GLOBEX/B1/30min,M3_HARJ,48278,2020-05-25,1.7486464313044487e-06,0.0,inf,inf,nonfinite_qlike
ES/GLOBEX/B1/30min,M3_HARJ,48279,2020-05-25,1.5053086504403598e-06,0.0,inf,inf,nonfinite_qlike
ES/GLOBEX/B1/30min,M3_HARJ,48280,2020-05-25,1.5015871320177753e-06,0.0,inf,inf,nonfinite_qlike
ES/GLOBEX/B1/30min,M3_HARJ,48281,2020-05-25,1.4956736532882959e-06,0.0,inf,inf,nonfinite_qlike
ES/GLOBEX/B1/30min,M3_HARJ,48282,2020-05-25,1.4885642525608563e-06,0.0,inf,inf,nonfinite_qlike
ES/GLOBEX/B1/30min,M3_HARJ,48283,2020-05-25,1.480705711749353e-06,0.0,inf,inf,nonfinite_qlike
ES/GLOBEX/B1/30min,M3_HARJ,48284,2020-05-25,1.4618868916413097e-06,0.0,inf,inf,nonfinite_qlike
ES/GLOBEX/B1/30min,M3_HARJ,51473,2020-09-07,3.785346597298166e-06,0.0,inf,inf,nonfinite_qlike
ES/GLOBEX/B1/30min,M3_HARJ,51474,2020-09-07,2.8864561823704057e-06,0.0,inf,inf,nonfinite_qlike
ES/GLOBEX/B1/30min,M3_HARJ,51475,2020-09-07,2.884292557720544e-06,0.0,inf,inf,nonfinite_qlike
ES/GLOBEX/B1/30min,M3_HARJ,51476,2020-09-07,2.8811990323515914e-06,0.0,inf,inf,nonfinite_qlike
ES/GLOBEX/B1/30min,M3_HARJ,51477,2020-09-07,2.8791028714770973e-06,0.0,inf,inf,nonfinite_qlike
ES/GLOBEX/B1/30min,M3_HARJ,51478,2020-09-07,2.872066557370823e-06,0.0,inf,inf,nonfinite_qlike
ES/GLOBEX/B1/30min,M3_HARJ,51479,2020-09-07,2.8563294325859894e-06,0.0,inf,inf,nonfinite_qlike
ES/GLOBEX/B1/30min,M3_HARJ,53948,2020-11-26,1.201061148012645e-06,0.0,inf,inf,nonfinite_qlike
ES/GLOBEX/B1/30min,M3_HARJ,53949,2020-11-26,5.719741171249295e-07,0.0,inf,inf,nonfinite_qlike
ES/GLOBEX/B1/30min,M3_HARJ,53950,2020-11-26,5.688613723447439e-07,0.0,inf,inf,nonfinite_qlike
ES/GLOBEX/B1/30min,M3_HARJ,53951,2020-11-26,5.66418334842301e-07,0.0,inf,inf,nonfinite_qlike
ES/GLOBEX/B1/30min,M3_HARJ,53952,2020-11-26,5.592955833031006e-07,0.0,inf,inf,nonfinite_qlike
ES/GLOBEX/B1/30min,M3_HARJ,53953,2020-11-26,5.539166115106731e-07,0.0,inf,inf,nonfinite_qlike
ES/GLOBEX/B1/30min,M3_HARJ,53954,2020-11-26,5.432667987850742e-07,0.0,inf,inf,nonfinite_qlike
ES/GLOBEX/B1/30min,M3_HARJ,55298,2021-01-18,9.237601117837693e-07,0.0,inf,inf,nonfinite_qlike
ES/GLOBEX/B1/30min,M3_HARJ,55299,2021-01-18,8.141530583443162e-07,0.0,inf,inf,nonfinite_qlike
ES/GLOBEX/B1/30min,M3_HARJ,55300,2021-01-18,8.088286948999328e-07,0.0,inf,inf,nonfinite_qlike
ES/GLOBEX/B1/30min,M3_HARJ,55301,2021-01-18,8.031663430710646e-07,0.0,inf,inf,nonfinite_qlike
ES/GLOBEX/B1/30min,M3_HARJ,55302,2021-01-18,7.96444273526025e-07,0.0,inf,inf,nonfinite_qlike
ES/GLOBEX/B1/30min,M3_HARJ,55303,2021-01-18,7.872550707196407e-07,0.0,inf,inf,nonfinite_qlike
ES/GLOBEX/B1/30min,M3_HARJ,55304,2021-01-18,7.773463515120408e-07,0.0,inf,inf,nonfinite_qlike
ES/GLOBEX/B1/30min,M3_HARJ,56198,2021-02-15,5.288938577112331e-07,0.0,inf,inf,nonfinite_qlike
ES/GLOBEX/B1/30min,M3_HARJ,56199,2021-02-15,4.769987795297769e-07,0.0,inf,inf,nonfinite_qlike
ES/GLOBEX/B1/30min,M3_HARJ,56200,2021-02-15,4.747445807447708e-07,0.0,inf,inf,nonfinite_qlike
ES/GLOBEX/B1/30min,M3_HARJ,56201,2021-02-15,4.732905438365438e-07,0.0,inf,inf,nonfinite_qlike
ES/GLOBEX/B1/30min,M3_HARJ,56202,2021-02-15,4.7158190733983224e-07,0.0,inf,inf,nonfinite_qlike
ES/GLOBEX/B1/30min,M3_HARJ,56203,2021-02-15,4.708191798193817e-07,0.0,inf,inf,nonfinite_qlike
ES/GLOBEX/B1/30min,M3_HARJ,56204,2021-02-15,4.6923927213348174e-07,0.0,inf,inf,nonfinite_qlike
ES/GLOBEX/B1/30min,M3_HARJ,57586,2021-04-02,1.1513803957335418e-06,0.0,inf,inf,nonfinite_qlike
ES/GLOBEX/B1/30min,M3_HARJ,57587,2021-04-02,5.78995548297347e-07,0.0,inf,inf,nonfinite_qlike
ES/GLOBEX/B1/30min,M3_HARJ,57588,2021-04-02,5.754357874604062e-07,0.0,inf,inf,nonfinite_qlike
ES/GLOBEX/B1/30min,M3_HARJ,57589,2021-04-02,5.759854394551363e-07,0.0,inf,inf,nonfinite_qlike
ES/GLOBEX/B1/30min,M3_HARJ,57590,2021-04-02,5.684349503897157e-07,0.0,inf,inf,nonfinite_qlike
ES/GLOBEX/B1/30min,M3_HARJ,57591,2021-04-02,5.653899676201374e-07,0.0,inf,inf,nonfinite_qlike
ES/GLOBEX/B1/30min,M3_HARJ,57592,2021-04-02,5.617201905778338e-07,0.0,inf,inf,nonfinite_qlike
ES/GLOBEX/B1/30min,M3_HARJ,57593,2021-04-02,5.588260476666666e-07,0.0,inf,inf,nonfinite_qlike
ES/GLOBEX/B1/30min,M3_HARJ,57594,2021-04-02,5.567397593092007e-07,0.0,inf,inf,nonfinite_qlike
ES/GLOBEX/B1/30min,M3_HARJ,57595,2021-04-02,5.534243724076212e-07,0.0,inf,inf,nonfinite_qlike
ES/GLOBEX/B1/30min,M3_HARJ,57596,2021-04-02,5.445070292932098e-07,0.0,inf,inf,nonfinite_qlike
ES/GLOBEX/B1/30min,M3_HARJ,57597,2021-04-02,5.230858741020695e-07,0.0,inf,inf,nonfinite_qlike
ES/GLOBEX/B1/30min,M3_HARJ,57598,2021-04-02,5.147085707488308e-07,0.0,inf,inf,nonfinite_qlike
ES/GLOBEX/B1/30min,M3_HARJ,57599,2021-04-02,5.015449390111925e-07,0.0,inf,inf,nonfinite_qlike
ES/GLOBEX/B1/30min,M3_HARJ,59438,2021-05-31,4.5774314673399915e-07,0.0,inf,inf,nonfinite_qlike
ES/GLOBEX/B1/30min,M3_HARJ,59439,2021-05-31,3.666782512760659e-07,0.0,inf,inf,nonfinite_qlike
ES/GLOBEX/B1/30min,M3_HARJ,59440,2021-05-31,3.659059497568851e-07,0.0,inf,inf,nonfinite_qlike
ES/GLOBEX/B1/30min,M3_HARJ,59441,2021-05-31,3.652160567042566e-07,0.0,inf,inf,nonfinite_qlike
ES/GLOBEX/B1/30min,M3_HARJ,59442,2021-05-31,3.643102972782743e-07,0.0,inf,inf,nonfinite_qlike
ES/GLOBEX/B1/30min,M3_HARJ,59443,2021-05-31,3.632144723415161e-07,0.0,inf,inf,nonfinite_qlike
ES/GLOBEX/B1/30min,M3_HARJ,59444,2021-05-31,3.609675005571726e-07,0.0,inf,inf,nonfinite_qlike
ES/GLOBEX/B1/30min,M3_HARJ,60428,2021-07-05,4.600115772014256e-07,0.0,inf,inf,nonfinite_qlike
ES/GLOBEX/B1/30min,M3_HARJ,60429,2021-07-05,3.2387182760901464e-07,0.0,inf,inf,nonfinite_qlike
ES/GLOBEX/B1/30min,M3_HARJ,60430,2021-07-05,3.227255594618452e-07,0.0,inf,inf,nonfinite_qlike
ES/GLOBEX/B1/30min,M3_HARJ,60431,2021-07-05,3.217933445571375e-07,0.0,inf,inf,nonfinite_qlike
ES/GLOBEX/B1/30min,M3_HARJ,60432,2021-07-05,3.210537775706453e-07,0.0,inf,inf,nonfinite_qlike
ES/GLOBEX/B1/30min,M3_HARJ,60433,2021-07-05,3.197506061318639e-07,0.0,inf,inf,nonfinite_qlike
ES/GLOBEX/B1/30min,M3_HARJ,60434,2021-07-05,3.180729825400761e-07,0.0,inf,inf,nonfinite_qlike
ES/GLOBEX/B1/30min,M3_HARJ,62453,2021-09-06,4.261845589847783e-07,0.0,inf,inf,nonfinite_qlike
ES/GLOBEX/B1/30min,M3_HARJ,62454,2021-09-06,3.67173226907959e-07,0.0,inf,inf,nonfinite_qlike
ES/GLOBEX/B1/30min,M3_HARJ,62455,2021-09-06,3.6665526309067525e-07,0.0,inf,inf,nonfinite_qlike
ES/GLOBEX/B1/30min,M3_HARJ,62456,2021-09-06,3.659475959465764e-07,0.0,inf,inf,nonfinite_qlike
ES/GLOBEX/B1/30min,M3_HARJ,62457,2021-09-06,3.652707780813658e-07,0.0,inf,inf,nonfinite_qlike
ES/GLOBEX/B1/30min,M3_HARJ,62458,2021-09-06,3.6490962024087627e-07,0.0,inf,inf,nonfinite_qlike
ES/GLOBEX/B1/30min,M3_HARJ,62459,2021-09-06,3.6379869663277787e-07,0.0,inf,inf,nonfinite_qlike
ES/GLOBEX/B1/30min,M3_HARJ,64928,2021-11-25,8.451083130905215e-07,0.0,inf,inf,nonfinite_qlike
ES/GLOBEX/B1/30min,M3_HARJ,64929,2021-11-25,7.765228061621561e-07,0.0,inf,inf,nonfinite_qlike
ES/GLOBEX/B1/30min,M3_HARJ,64930,2021-11-25,7.734045909502327e-07,0.0,inf,inf,nonfinite_qlike
ES/GLOBEX/B1/30min,M3_HARJ,64931,2021-11-25,7.70842672081902e-07,0.0,inf,inf,nonfinite_qlike
ES/GLOBEX/B1/30min,M3_HARJ,64932,2021-11-25,7.694128231547222e-07,0.0,inf,inf,nonfinite_qlike
ES/GLOBEX/B1/30min,M3_HARJ,64933,2021-11-25,7.67756878951756e-07,0.0,inf,inf,nonfinite_qlike
ES/GLOBEX/B1/30min,M3_HARJ,64934,2021-11-25,7.65295689611127e-07,0.0,inf,inf,nonfinite_qlike
ES/GLOBEX/B1/30min,M3_HARJ,66368,2022-01-17,1.450328005002282e-06,0.0,inf,inf,nonfinite_qlike
ES/GLOBEX/B1/30min,M3_HARJ,66369,2022-01-17,1.2654077757852657e-06,0.0,inf,inf,nonfinite_qlike
ES/GLOBEX/B1/30min,M3_HARJ,66370,2022-01-17,1.2523386322845398e-06,0.0,inf,inf,nonfinite_qlike
ES/GLOBEX/B1/30min,M3_HARJ,66371,2022-01-17,1.2422640918216624e-06,0.0,inf,inf,nonfinite_qlike
ES/GLOBEX/B1/30min,M3_HARJ,66372,2022-01-17,1.2269538189349256e-06,0.0,inf,inf,nonfinite_qlike
ES/GLOBEX/B1/30min,M3_HARJ,66373,2022-01-17,1.2071867113057182e-06,0.0,inf,inf,nonfinite_qlike
ES/GLOBEX/B1/30min,M3_HARJ,66374,2022-01-17,1.1799735445361495e-06,0.0,inf,inf,nonfinite_qlike
ES/GLOBEX/B1/30min,M3_HARJ,67493,2022-02-21,2.947590866935935e-06,0.0,inf,inf,nonfinite_qlike
ES/GLOBEX/B1/30min,M3_HARJ,67494,2022-02-21,1.7487777400919683e-06,0.0,inf,inf,nonfinite_qlike
ES/GLOBEX/B1/30min,M3_HARJ,67495,2022-02-21,1.7099210866496044e-06,0.0,inf,inf,nonfinite_qlike
ES/GLOBEX/B1/30min,M3_HARJ,67496,2022-02-21,1.6623844971362731e-06,0.0,inf,inf,nonfinite_qlike
ES/GLOBEX/B1/30min,M3_HARJ,67497,2022-02-21,1.6140704737595913e-06,0.0,inf,inf,nonfinite_qlike
ES/GLOBEX/B1/30min,M3_HARJ,67498,2022-02-21,1.5688410332728583e-06,0.0,inf,inf,nonfinite_qlike
ES/GLOBEX/B1/30min,M3_HARJ,67499,2022-02-21,1.5244383995993154e-06,0.0,inf,inf,nonfinite_qlike
ES/GLOBEX/B1/30min,M3_HARJ,70463,2022-05-30,3.6385436699416515e-06,0.0,inf,inf,nonfinite_qlike
ES/GLOBEX/B1/30min,M3_HARJ,70464,2022-05-30,1.5628213352623404e-06,0.0,inf,inf,nonfinite_qlike
ES/GLOBEX/B1/30min,M3_HARJ,70465,2022-05-30,1.5484640271876099e-06,0.0,inf,inf,nonfinite_qlike
ES/GLOBEX/B1/30min,M3_HARJ,70466,2022-05-30,1.5378321848035511e-06,0.0,inf,inf,nonfinite_qlike
ES/GLOBEX/B1/30min,M3_HARJ,70467,2022-05-30,1.5113500395034012e-06,0.0,inf,inf,nonfinite_qlike
ES/GLOBEX/B1/30min,M3_HARJ,70468,2022-05-30,1.4900938686872098e-06,0.0,inf,inf,nonfinite_qlike
ES/GLOBEX/B1/30min,M3_HARJ,70469,2022-05-30,1.456529582204922e-06,0.0,inf,inf,nonfinite_qlike
ES/GLOBEX/B1/30min,M3_HARJ,71003,2022-06-20,4.347060681092134e-06,0.0,inf,inf,nonfinite_qlike
ES/GLOBEX/B1/30min,M3_HARJ,71004,2022-06-20,3.805079367713319e-06,0.0,inf,inf,nonfinite_qlike
ES/GLOBEX/B1/30min,M3_HARJ,71005,2022-06-20,3.795422360854074e-06,0.0,inf,inf,nonfinite_qlike
ES/GLOBEX/B1/30min,M3_HARJ,71006,2022-06-20,3.7841000405198902e-06,0.0,inf,inf,nonfinite_qlike
ES/GLOBEX/B1/30min,M3_HARJ,71007,2022-06-20,3.7747739495083054e-06,0.0,inf,inf,nonfinite_qlike
ES/GLOBEX/B1/30min,M3_HARJ,71008,2022-06-20,3.7690088225069093e-06,0.0,inf,inf,nonfinite_qlike
ES/GLOBEX/B1/30min,M3_HARJ,71009,2022-06-20,3.755168996746119e-06,0.0,inf,inf,nonfinite_qlike
ES/GLOBEX/B1/30min,M3_HARJ,71453,2022-07-04,2.8989390347612694e-06,0.0,inf,inf,nonfinite_qlike
ES/GLOBEX/B1/30min,M3_HARJ,71454,2022-07-04,2.3322226940545526e-06,0.0,inf,inf,nonfinite_qlike
ES/GLOBEX/B1/30min,M3_HARJ,71455,2022-07-04,2.3224878433078984e-06,0.0,inf,inf,nonfinite_qlike
ES/GLOBEX/B1/30min,M3_HARJ,71456,2022-07-04,2.314265408792674e-06,0.0,inf,inf,nonfinite_qlike
ES/GLOBEX/B1/30min,M3_HARJ,71457,2022-07-04,2.3048634770303447e-06,0.0,inf,inf,nonfinite_qlike
ES/GLOBEX/B1/30min,M3_HARJ,71458,2022-07-04,2.2868494390580096e-06,0.0,inf,inf,nonfinite_qlike
ES/GLOBEX/B1/30min,M3_HARJ,71459,2022-07-04,2.267547706105315e-06,0.0,inf,inf,nonfinite_qlike
ES/GLOBEX/B1/30min,M3_HARJ,73478,2022-09-05,2.4307082626645956e-06,0.0,inf,inf,nonfinite_qlike
ES/GLOBEX/B1/30min,M3_HARJ,73479,2022-09-05,2.1056841250227775e-06,0.0,inf,inf,nonfinite_qlike
ES/GLOBEX/B1/30min,M3_HARJ,73480,2022-09-05,2.0943121395239404e-06,0.0,inf,inf,nonfinite_qlike
ES/GLOBEX/B1/30min,M3_HARJ,73481,2022-09-05,2.0857582260723873e-06,0.0,inf,inf,nonfinite_qlike
ES/GLOBEX/B1/30min,M3_HARJ,73482,2022-09-05,2.067877228331065e-06,0.0,inf,inf,nonfinite_qlike
ES/GLOBEX/B1/30min,M3_HARJ,73483,2022-09-05,2.0513975139457154e-06,0.0,inf,inf,nonfinite_qlike
ES/GLOBEX/B1/30min,M3_HARJ,73484,2022-09-05,2.02195890428426e-06,0.0,inf,inf,nonfinite_qlike
ES/GLOBEX/B1/30min,M3_HARJ,75953,2022-11-24,8.518301207522183e-07,0.0,inf,inf,nonfinite_qlike
ES/GLOBEX/B1/30min,M3_HARJ,75954,2022-11-24,7.502310244827583e-07,0.0,inf,inf,nonfinite_qlike
ES/GLOBEX/B1/30min,M3_HARJ,75955,2022-11-24,7.428213999197799e-07,0.0,inf,inf,nonfinite_qlike
ES/GLOBEX/B1/30min,M3_HARJ,75956,2022-11-24,7.347083728196056e-07,0.0,inf,inf,nonfinite_qlike
ES/GLOBEX/B1/30min,M3_HARJ,75957,2022-11-24,7.235531552962065e-07,0.0,inf,inf,nonfinite_qlike
ES/GLOBEX/B1/30min,M3_HARJ,75958,2022-11-24,7.142818383503085e-07,0.0,inf,inf,nonfinite_qlike
ES/GLOBEX/B1/30min,M3_HARJ,75959,2022-11-24,7.012840330571376e-07,0.0,inf,inf,nonfinite_qlike
ES/GLOBEX/B1/30min,M3_HARJ,77348,2023-01-16,1.8173751583676236e-06,0.0,inf,inf,nonfinite_qlike
ES/GLOBEX/B1/30min,M3_HARJ,77349,2023-01-16,1.3518360380192774e-06,0.0,inf,inf,nonfinite_qlike
ES/GLOBEX/B1/30min,M3_HARJ,77350,2023-01-16,1.3360081275850708e-06,0.0,inf,inf,nonfinite_qlike
ES/GLOBEX/B1/30min,M3_HARJ,77351,2023-01-16,1.3247767199692422e-06,0.0,inf,inf,nonfinite_qlike
ES/GLOBEX/B1/30min,M3_HARJ,77352,2023-01-16,1.3152283080007531e-06,0.0,inf,inf,nonfinite_qlike
ES/GLOBEX/B1/30min,M3_HARJ,77353,2023-01-16,1.3046351184878813e-06,0.0,inf,inf,nonfinite_qlike
ES/GLOBEX/B1/30min,M3_HARJ,77354,2023-01-16,1.2890764084178338e-06,0.0,inf,inf,nonfinite_qlike
ES/GLOBEX/B1/30min,M3_HARJ,78473,2023-02-20,1.555370140417459e-06,0.0,inf,inf,nonfinite_qlike
ES/GLOBEX/B1/30min,M3_HARJ,78474,2023-02-20,1.3864683187364353e-06,0.0,inf,inf,nonfinite_qlike
ES/GLOBEX/B1/30min,M3_HARJ,78475,2023-02-20,1.3848699891600915e-06,0.0,inf,inf,nonfinite_qlike
ES/GLOBEX/B1/30min,M3_HARJ,78476,2023-02-20,1.3820736456000657e-06,0.0,inf,inf,nonfinite_qlike
ES/GLOBEX/B1/30min,M3_HARJ,78477,2023-02-20,1.375787804028162e-06,0.0,inf,inf,nonfinite_qlike
ES/GLOBEX/B1/30min,M3_HARJ,78478,2023-02-20,1.3711494214986224e-06,0.0,inf,inf,nonfinite_qlike
ES/GLOBEX/B1/30min,M3_HARJ,78479,2023-02-20,1.3651990349962922e-06,0.0,inf,inf,nonfinite_qlike
ES/GLOBEX/B1/30min,M3_HARJ,79861,2023-04-07,7.593343247152508e-07,0.0,inf,inf,nonfinite_qlike
ES/GLOBEX/B1/30min,M3_HARJ,79862,2023-04-07,5.628717275939679e-07,0.0,inf,inf,nonfinite_qlike
ES/GLOBEX/B1/30min,M3_HARJ,79863,2023-04-07,5.562109701650256e-07,0.0,inf,inf,nonfinite_qlike
ES/GLOBEX/B1/30min,M3_HARJ,79864,2023-04-07,5.526752317139781e-07,0.0,inf,inf,nonfinite_qlike
ES/GLOBEX/B1/30min,M3_HARJ,79865,2023-04-07,5.492878074453637e-07,0.0,inf,inf,nonfinite_qlike
ES/GLOBEX/B1/30min,M3_HARJ,79866,2023-04-07,5.473307073918888e-07,0.0,inf,inf,nonfinite_qlike
ES/GLOBEX/B1/30min,M3_HARJ,79867,2023-04-07,5.449715368205621e-07,0.0,inf,inf,nonfinite_qlike
ES/GLOBEX/B1/30min,M3_HARJ,79868,2023-04-07,5.427606663928228e-07,0.0,inf,inf,nonfinite_qlike
ES/GLOBEX/B1/30min,M3_HARJ,79869,2023-04-07,5.406450285646929e-07,0.0,inf,inf,nonfinite_qlike
ES/GLOBEX/B1/30min,M3_HARJ,79870,2023-04-07,5.383233166725695e-07,0.0,inf,inf,nonfinite_qlike
ES/GLOBEX/B1/30min,M3_HARJ,79871,2023-04-07,5.351551147899689e-07,0.0,inf,inf,nonfinite_qlike
ES/GLOBEX/B1/30min,M3_HARJ,79872,2023-04-07,5.320415299848729e-07,0.0,inf,inf,nonfinite_qlike
ES/GLOBEX/B1/30min,M3_HARJ,79873,2023-04-07,5.254868466666152e-07,0.0,inf,inf,nonfinite_qlike
ES/GLOBEX/B1/30min,M3_HARJ,79874,2023-04-07,5.140889070153532e-07,0.0,inf,inf,nonfinite_qlike
ES/GLOBEX/B1/30min,M3_HARJ,81488,2023-05-29,9.282439339202986e-07,0.0,inf,inf,nonfinite_qlike
ES/GLOBEX/B1/30min,M3_HARJ,81489,2023-05-29,8.550451469767907e-07,0.0,inf,inf,nonfinite_qlike
ES/GLOBEX/B1/30min,M3_HARJ,81490,2023-05-29,8.531796575433894e-07,0.0,inf,inf,nonfinite_qlike
ES/GLOBEX/B1/30min,M3_HARJ,81491,2023-05-29,8.514750951199207e-07,0.0,inf,inf,nonfinite_qlike
ES/GLOBEX/B1/30min,M3_HARJ,81492,2023-05-29,8.467073523727781e-07,0.0,inf,inf,nonfinite_qlike
ES/GLOBEX/B1/30min,M3_HARJ,81493,2023-05-29,8.43953819037332e-07,0.0,inf,inf,nonfinite_qlike
ES/GLOBEX/B1/30min,M3_HARJ,81494,2023-05-29,8.396998032126776e-07,0.0,inf,inf,nonfinite_qlike
ES/GLOBEX/B1/30min,M3_HARJ,82028,2023-06-19,8.575311284116435e-07,0.0,inf,inf,nonfinite_qlike
ES/GLOBEX/B1/30min,M3_HARJ,82029,2023-06-19,7.337540462438904e-07,0.0,inf,inf,nonfinite_qlike
ES/GLOBEX/B1/30min,M3_HARJ,82030,2023-06-19,7.29819198005295e-07,0.0,inf,inf,nonfinite_qlike
ES/GLOBEX/B1/30min,M3_HARJ,82031,2023-06-19,7.253770241748337e-07,0.0,inf,inf,nonfinite_qlike
ES/GLOBEX/B1/30min,M3_HARJ,82032,2023-06-19,7.212443935769556e-07,0.0,inf,inf,nonfinite_qlike
ES/GLOBEX/B1/30min,M3_HARJ,82033,2023-06-19,7.150444620682252e-07,0.0,inf,inf,nonfinite_qlike
ES/GLOBEX/B1/30min,M3_HARJ,82034,2023-06-19,7.069659757200667e-07,0.0,inf,inf,nonfinite_qlike
ES/GLOBEX/B1/30min,M3_HARJ,82478,2023-07-04,6.254511811067783e-07,0.0,inf,inf,nonfinite_qlike
ES/GLOBEX/B1/30min,M3_HARJ,82479,2023-07-04,5.651749100293212e-07,0.0,inf,inf,nonfinite_qlike
ES/GLOBEX/B1/30min,M3_HARJ,82480,2023-07-04,5.582384136790197e-07,0.0,inf,inf,nonfinite_qlike
ES/GLOBEX/B1/30min,M3_HARJ,82481,2023-07-04,5.542332672557014e-07,0.0,inf,inf,nonfinite_qlike
ES/GLOBEX/B1/30min,M3_HARJ,82482,2023-07-04,5.499667666417132e-07,0.0,inf,inf,nonfinite_qlike
ES/GLOBEX/B1/30min,M3_HARJ,82483,2023-07-04,5.464735357685596e-07,0.0,inf,inf,nonfinite_qlike
ES/GLOBEX/B1/30min,M3_HARJ,82484,2023-07-04,5.390375913391497e-07,0.0,inf,inf,nonfinite_qlike
ES/GLOBEX/B1/30min,M3_HARJ,84458,2023-09-04,7.488663788261073e-07,0.0,inf,inf,nonfinite_qlike
ES/GLOBEX/B1/30min,M3_HARJ,84459,2023-09-04,6.403504495033108e-07,0.0,inf,inf,nonfinite_qlike
ES/GLOBEX/B1/30min,M3_HARJ,84460,2023-09-04,6.295723291743778e-07,0.0,inf,inf,nonfinite_qlike
ES/GLOBEX/B1/30min,M3_HARJ,84461,2023-09-04,6.242264701357464e-07,0.0,inf,inf,nonfinite_qlike
ES/GLOBEX/B1/30min,M3_HARJ,84462,2023-09-04,6.176589222655841e-07,0.0,inf,inf,nonfinite_qlike
ES/GLOBEX/B1/30min,M3_HARJ,84463,2023-09-04,6.126800979026525e-07,0.0,inf,inf,nonfinite_qlike
ES/GLOBEX/B1/30min,M3_HARJ,84464,2023-09-04,6.025206143918396e-07,0.0,inf,inf,nonfinite_qlike
ES/GLOBEX/B1/30min,M3_HARJ,86933,2023-11-23,4.96118173958739e-07,0.0,inf,inf,nonfinite_qlike
ES/GLOBEX/B1/30min,M3_HARJ,86934,2023-11-23,4.170167230425381e-07,0.0,inf,inf,nonfinite_qlike
ES/GLOBEX/B1/30min,M3_HARJ,86935,2023-11-23,4.1117865156372354e-07,0.0,inf,inf,nonfinite_qlike
ES/GLOBEX/B1/30min,M3_HARJ,86936,2023-11-23,4.085246477404735e-07,0.0,inf,inf,nonfinite_qlike
ES/GLOBEX/B1/30min,M3_HARJ,86937,2023-11-23,4.03966831259796e-07,0.0,inf,inf,nonfinite_qlike
ES/GLOBEX/B1/30min,M3_HARJ,86938,2023-11-23,4.0154600750353177e-07,0.0,inf,inf,nonfinite_qlike
ES/GLOBEX/B1/30min,M3_HARJ,86939,2023-11-23,3.979961623301263e-07,0.0,inf,inf,nonfinite_qlike
ES/GLOBEX/B1/30min,M4_HARQ,4583,2016-05-30,3.8100972542993757e-07,0.0,inf,inf,nonfinite_qlike
ES/GLOBEX/B1/30min,M4_HARQ,4584,2016-05-30,9.523954929396902e-08,0.0,inf,inf,nonfinite_qlike
ES/GLOBEX/B1/30min,M4_HARQ,4585,2016-05-30,9.435433974440152e-08,0.0,inf,inf,nonfinite_qlike
ES/GLOBEX/B1/30min,M4_HARQ,4586,2016-05-30,9.290397194100066e-08,0.0,inf,inf,nonfinite_qlike
ES/GLOBEX/B1/30min,M4_HARQ,4587,2016-05-30,9.15925201744764e-08,0.0,inf,inf,nonfinite_qlike
ES/GLOBEX/B1/30min,M4_HARQ,4588,2016-05-30,9.022192239791991e-08,0.0,inf,inf,nonfinite_qlike
ES/GLOBEX/B1/30min,M4_HARQ,4589,2016-05-30,8.880698690273129e-08,0.0,inf,inf,nonfinite_qlike
ES/GLOBEX/B1/30min,M4_HARQ,5272,2016-06-24,1e-300,2.6871407726503094e-05,2.687140772650309e+295,0.07182622591869066,below_1e-12
ES/GLOBEX/B1/30min,M4_HARQ,5573,2016-07-04,5.944754840640268e-07,0.0,inf,inf,nonfinite_qlike
ES/GLOBEX/B1/30min,M4_HARQ,5574,2016-07-04,3.6894880848439834e-07,0.0,inf,inf,nonfinite_qlike
ES/GLOBEX/B1/30min,M4_HARQ,5575,2016-07-04,3.629848315222551e-07,0.0,inf,inf,nonfinite_qlike
ES/GLOBEX/B1/30min,M4_HARQ,5576,2016-07-04,3.584021291931641e-07,0.0,inf,inf,nonfinite_qlike
ES/GLOBEX/B1/30min,M4_HARQ,5577,2016-07-04,3.5379115615655557e-07,0.0,inf,inf,nonfinite_qlike
ES/GLOBEX/B1/30min,M4_HARQ,5578,2016-07-04,3.4922246623290944e-07,0.0,inf,inf,nonfinite_qlike
ES/GLOBEX/B1/30min,M4_HARQ,5579,2016-07-04,3.4191744773795033e-07,0.0,inf,inf,nonfinite_qlike
ES/GLOBEX/B1/30min,M4_HARQ,10073,2016-11-24,2.750846149423071e-07,0.0,inf,inf,nonfinite_qlike
ES/GLOBEX/B1/30min,M4_HARQ,10074,2016-11-24,1.3689321339731702e-07,0.0,inf,inf,nonfinite_qlike
ES/GLOBEX/B1/30min,M4_HARQ,10075,2016-11-24,1.364976499365353e-07,0.0,inf,inf,nonfinite_qlike
ES/GLOBEX/B1/30min,M4_HARQ,10076,2016-11-24,1.360882576514811e-07,0.0,inf,inf,nonfinite_qlike
ES/GLOBEX/B1/30min,M4_HARQ,10077,2016-11-24,1.3566312457204117e-07,0.0,inf,inf,nonfinite_qlike
ES/GLOBEX/B1/30min,M4_HARQ,10078,2016-11-24,1.3536940198175833e-07,0.0,inf,inf,nonfinite_qlike
ES/GLOBEX/B1/30min,M4_HARQ,10079,2016-11-24,1.3497088585265532e-07,0.0,inf,inf,nonfinite_qlike
ES/GLOBEX/B1/30min,M4_HARQ,11468,2017-01-16,4.997846746206155e-07,0.0,inf,inf,nonfinite_qlike
ES/GLOBEX/B1/30min,M4_HARQ,11469,2017-01-16,1.316715810853356e-07,0.0,inf,inf,nonfinite_qlike
ES/GLOBEX/B1/30min,M4_HARQ,11470,2017-01-16,1.3142452212004332e-07,0.0,inf,inf,nonfinite_qlike
ES/GLOBEX/B1/30min,M4_HARQ,11471,2017-01-16,1.3102431607712775e-07,0.0,inf,inf,nonfinite_qlike
ES/GLOBEX/B1/30min,M4_HARQ,11472,2017-01-16,1.306951658380324e-07,0.0,inf,inf,nonfinite_qlike
ES/GLOBEX/B1/30min,M4_HARQ,11473,2017-01-16,1.3033405535191024e-07,0.0,inf,inf,nonfinite_qlike
ES/GLOBEX/B1/30min,M4_HARQ,11474,2017-01-16,1.301269838094659e-07,0.0,inf,inf,nonfinite_qlike
ES/GLOBEX/B1/30min,M4_HARQ,12593,2017-02-20,3.6741398043089616e-07,0.0,inf,inf,nonfinite_qlike
ES/GLOBEX/B1/30min,M4_HARQ,12594,2017-02-20,1.0660044736416717e-07,0.0,inf,inf,nonfinite_qlike
ES/GLOBEX/B1/30min,M4_HARQ,12595,2017-02-20,1.0629428556094876e-07,0.0,inf,inf,nonfinite_qlike
ES/GLOBEX/B1/30min,M4_HARQ,12596,2017-02-20,1.0596200831670145e-07,0.0,inf,inf,nonfinite_qlike
ES/GLOBEX/B1/30min,M4_HARQ,12597,2017-02-20,1.0569178681741073e-07,0.0,inf,inf,nonfinite_qlike
ES/GLOBEX/B1/30min,M4_HARQ,12598,2017-02-20,1.0545636570679758e-07,0.0,inf,inf,nonfinite_qlike
ES/GLOBEX/B1/30min,M4_HARQ,12599,2017-02-20,1.0517415281019357e-07,0.0,inf,inf,nonfinite_qlike
ES/GLOBEX/B1/30min,M4_HARQ,15563,2017-05-29,2.3966426988188676e-07,0.0,inf,inf,nonfinite_qlike
ES/GLOBEX/B1/30min,M4_HARQ,15564,2017-05-29,8.8076604273449e-08,0.0,inf,inf,nonfinite_qlike
ES/GLOBEX/B1/30min,M4_HARQ,15565,2017-05-29,8.77743259033572e-08,0.0,inf,inf,nonfinite_qlike
ES/GLOBEX/B1/30min,M4_HARQ,15566,2017-05-29,8.76034359305964e-08,0.0,inf,inf,nonfinite_qlike
ES/GLOBEX/B1/30min,M4_HARQ,15567,2017-05-29,8.722934339141786e-08,0.0,inf,inf,nonfinite_qlike
ES/GLOBEX/B1/30min,M4_HARQ,15568,2017-05-29,8.693212348315781e-08,0.0,inf,inf,nonfinite_qlike
ES/GLOBEX/B1/30min,M4_HARQ,15569,2017-05-29,8.661635406992784e-08,0.0,inf,inf,nonfinite_qlike
ES/GLOBEX/B1/30min,M4_HARQ,16553,2017-07-04,2.930359628290294e-07,0.0,inf,inf,nonfinite_qlike
ES/GLOBEX/B1/30min,M4_HARQ,16554,2017-07-04,1.2481700639004096e-07,0.0,inf,inf,nonfinite_qlike
ES/GLOBEX/B1/30min,M4_HARQ,16555,2017-07-04,1.2453786183712226e-07,0.0,inf,inf,nonfinite_qlike
ES/GLOBEX/B1/30min,M4_HARQ,16556,2017-07-04,1.2405434359367383e-07,0.0,inf,inf,nonfinite_qlike
ES/GLOBEX/B1/30min,M4_HARQ,16557,2017-07-04,1.236755045575699e-07,0.0,inf,inf,nonfinite_qlike
ES/GLOBEX/B1/30min,M4_HARQ,16558,2017-07-04,1.2323717320257203e-07,0.0,inf,inf,nonfinite_qlike
ES/GLOBEX/B1/30min,M4_HARQ,16559,2017-07-04,1.225191872298578e-07,0.0,inf,inf,nonfinite_qlike
ES/GLOBEX/B1/30min,M4_HARQ,18533,2017-09-04,2.638516284582483e-07,0.0,inf,inf,nonfinite_qlike
ES/GLOBEX/B1/30min,M4_HARQ,18534,2017-09-04,1.020365867315406e-07,0.0,inf,inf,nonfinite_qlike
ES/GLOBEX/B1/30min,M4_HARQ,18535,2017-09-04,1.0169771494414298e-07,0.0,inf,inf,nonfinite_qlike
ES/GLOBEX/B1/30min,M4_HARQ,18536,2017-09-04,1.0141736001668038e-07,0.0,inf,inf,nonfinite_qlike
ES/GLOBEX/B1/30min,M4_HARQ,18537,2017-09-04,1.0113513936828426e-07,0.0,inf,inf,nonfinite_qlike
ES/GLOBEX/B1/30min,M4_HARQ,18538,2017-09-04,1.0079929405520457e-07,0.0,inf,inf,nonfinite_qlike
ES/GLOBEX/B1/30min,M4_HARQ,18539,2017-09-04,1.0048347802863674e-07,0.0,inf,inf,nonfinite_qlike
ES/GLOBEX/B1/30min,M4_HARQ,19542,2017-10-10,1.1198736604497227e-07,0.0,inf,inf,nonfinite_qlike
ES/GLOBEX/B1/30min,M4_HARQ,21008,2017-11-23,2.4135425950645314e-07,0.0,inf,inf,nonfinite_qlike
ES/GLOBEX/B1/30min,M4_HARQ,21009,2017-11-23,7.148027654695972e-08,0.0,inf,inf,nonfinite_qlike
ES/GLOBEX/B1/30min,M4_HARQ,21010,2017-11-23,7.12227168413483e-08,0.0,inf,inf,nonfinite_qlike
ES/GLOBEX/B1/30min,M4_HARQ,21011,2017-11-23,7.106748495131336e-08,0.0,inf,inf,nonfinite_qlike
ES/GLOBEX/B1/30min,M4_HARQ,21012,2017-11-23,7.079341203364893e-08,0.0,inf,inf,nonfinite_qlike
ES/GLOBEX/B1/30min,M4_HARQ,21013,2017-11-23,7.034798509134005e-08,0.0,inf,inf,nonfinite_qlike
ES/GLOBEX/B1/30min,M4_HARQ,21014,2017-11-23,6.976518322724232e-08,0.0,inf,inf,nonfinite_qlike
ES/GLOBEX/B1/30min,M4_HARQ,22403,2018-01-15,1.8680448901871624e-07,0.0,inf,inf,nonfinite_qlike
ES/GLOBEX/B1/30min,M4_HARQ,22404,2018-01-15,8.258721968861554e-08,0.0,inf,inf,nonfinite_qlike
ES/GLOBEX/B1/30min,M4_HARQ,22405,2018-01-15,8.247484109942182e-08,0.0,inf,inf,nonfinite_qlike
ES/GLOBEX/B1/30min,M4_HARQ,22406,2018-01-15,8.238538242020845e-08,0.0,inf,inf,nonfinite_qlike
ES/GLOBEX/B1/30min,M4_HARQ,22407,2018-01-15,8.215589797236743e-08,0.0,inf,inf,nonfinite_qlike
ES/GLOBEX/B1/30min,M4_HARQ,22408,2018-01-15,8.18858029363896e-08,0.0,inf,inf,nonfinite_qlike
ES/GLOBEX/B1/30min,M4_HARQ,22409,2018-01-15,8.160940885266196e-08,0.0,inf,inf,nonfinite_qlike
ES/GLOBEX/B1/30min,M4_HARQ,23083,2018-02-05,1e-300,8.466496956316405e-05,8.466496956316404e+295,0.22630616501885292,below_1e-12
ES/GLOBEX/B1/30min,M4_HARQ,23528,2018-02-19,2.6364092151707143e-06,0.0,inf,inf,nonfinite_qlike
ES/GLOBEX/B1/30min,M4_HARQ,23529,2018-02-19,5.131191675694468e-07,0.0,inf,inf,nonfinite_qlike
ES/GLOBEX/B1/30min,M4_HARQ,23530,2018-02-19,5.083837451670795e-07,0.0,inf,inf,nonfinite_qlike
ES/GLOBEX/B1/30min,M4_HARQ,23531,2018-02-19,5.045922860908654e-07,0.0,inf,inf,nonfinite_qlike
ES/GLOBEX/B1/30min,M4_HARQ,23532,2018-02-19,4.986663550876605e-07,0.0,inf,inf,nonfinite_qlike
ES/GLOBEX/B1/30min,M4_HARQ,23533,2018-02-19,4.945931169356933e-07,0.0,inf,inf,nonfinite_qlike
ES/GLOBEX/B1/30min,M4_HARQ,23534,2018-02-19,4.677925747200237e-07,0.0,inf,inf,nonfinite_qlike
ES/GLOBEX/B1/30min,M4_HARQ,25560,2018-04-30,6.830631240472514e-07,0.0,inf,inf,nonfinite_qlike
ES/GLOBEX/B1/30min,M4_HARQ,26498,2018-05-28,3.6274536842254987e-07,0.0,inf,inf,nonfinite_qlike
ES/GLOBEX/B1/30min,M4_HARQ,26499,2018-05-28,1.9571353071295885e-07,0.0,inf,inf,nonfinite_qlike
ES/GLOBEX/B1/30min,M4_HARQ,26500,2018-05-28,1.94667790223671e-07,0.0,inf,inf,nonfinite_qlike
ES/GLOBEX/B1/30min,M4_HARQ,26501,2018-05-28,1.9279764138948327e-07,0.0,inf,inf,nonfinite_qlike
ES/GLOBEX/B1/30min,M4_HARQ,26502,2018-05-28,1.9212291639425378e-07,0.0,inf,inf,nonfinite_qlike
ES/GLOBEX/B1/30min,M4_HARQ,26503,2018-05-28,1.8981789389785095e-07,0.0,inf,inf,nonfinite_qlike
ES/GLOBEX/B1/30min,M4_HARQ,26504,2018-05-28,1.8892247707836784e-07,0.0,inf,inf,nonfinite_qlike
ES/GLOBEX/B1/30min,M4_HARQ,27533,2018-07-04,6.114169146828925e-07,0.0,inf,inf,nonfinite_qlike
ES/GLOBEX/B1/30min,M4_HARQ,27534,2018-07-04,3.7607728078500266e-07,0.0,inf,inf,nonfinite_qlike
ES/GLOBEX/B1/30min,M4_HARQ,27535,2018-07-04,3.75189065519948e-07,0.0,inf,inf,nonfinite_qlike
ES/GLOBEX/B1/30min,M4_HARQ,27536,2018-07-04,3.746717776615004e-07,0.0,inf,inf,nonfinite_qlike
ES/GLOBEX/B1/30min,M4_HARQ,27537,2018-07-04,3.740915325839174e-07,0.0,inf,inf,nonfinite_qlike
ES/GLOBEX/B1/30min,M4_HARQ,27538,2018-07-04,3.735527704505489e-07,0.0,inf,inf,nonfinite_qlike
ES/GLOBEX/B1/30min,M4_HARQ,27539,2018-07-04,3.714808940576956e-07,0.0,inf,inf,nonfinite_qlike
ES/GLOBEX/B1/30min,M4_HARQ,29470,2018-09-03,1.28243054825122e-07,0.0,inf,inf,nonfinite_qlike
ES/GLOBEX/B1/30min,M4_HARQ,29471,2018-09-03,1.279250053556225e-07,0.0,inf,inf,nonfinite_qlike
ES/GLOBEX/B1/30min,M4_HARQ,29472,2018-09-03,1.275683527161043e-07,0.0,inf,inf,nonfinite_qlike
ES/GLOBEX/B1/30min,M4_HARQ,29473,2018-09-03,1.2712764429433593e-07,0.0,inf,inf,nonfinite_qlike
ES/GLOBEX/B1/30min,M4_HARQ,29474,2018-09-03,1.2659255675544098e-07,0.0,inf,inf,nonfinite_qlike
ES/GLOBEX/B1/30min,M4_HARQ,31943,2018-11-22,1.0952605203635883e-06,0.0,inf,inf,nonfinite_qlike
ES/GLOBEX/B1/30min,M4_HARQ,31944,2018-11-22,6.574991314891081e-07,0.0,inf,inf,nonfinite_qlike
ES/GLOBEX/B1/30min,M4_HARQ,31945,2018-11-22,6.410227454140233e-07,0.0,inf,inf,nonfinite_qlike
ES/GLOBEX/B1/30min,M4_HARQ,31946,2018-11-22,6.32365227617955e-07,0.0,inf,inf,nonfinite_qlike
ES/GLOBEX/B1/30min,M4_HARQ,31947,2018-11-22,6.250926621138023e-07,0.0,inf,inf,nonfinite_qlike
ES/GLOBEX/B1/30min,M4_HARQ,31948,2018-11-22,6.026005625767895e-07,0.0,inf,inf,nonfinite_qlike
ES/GLOBEX/B1/30min,M4_HARQ,31949,2018-11-22,5.948367390525825e-07,0.0,inf,inf,nonfinite_qlike
ES/GLOBEX/B1/30min,M4_HARQ,32308,2018-12-05,4.059287447511443e-07,0.0,inf,inf,nonfinite_qlike
ES/GLOBEX/B1/30min,M4_HARQ,32309,2018-12-05,4.032512627898688e-07,0.0,inf,inf,nonfinite_qlike
ES/GLOBEX/B1/30min,M4_HARQ,33518,2019-01-21,6.258764852877402e-07,0.0,inf,inf,nonfinite_qlike
ES/GLOBEX/B1/30min,M4_HARQ,33519,2019-01-21,2.741435599213271e-07,0.0,inf,inf,nonfinite_qlike
ES/GLOBEX/B1/30min,M4_HARQ,33520,2019-01-21,2.7317686566369327e-07,0.0,inf,inf,nonfinite_qlike
ES/GLOBEX/B1/30min,M4_HARQ,33521,2019-01-21,2.7206439445422626e-07,0.0,inf,inf,nonfinite_qlike
ES/GLOBEX/B1/30min,M4_HARQ,33522,2019-01-21,2.7148562183377074e-07,0.0,inf,inf,nonfinite_qlike
ES/GLOBEX/B1/30min,M4_HARQ,33523,2019-01-21,2.6984305822294094e-07,0.0,inf,inf,nonfinite_qlike
ES/GLOBEX/B1/30min,M4_HARQ,33524,2019-01-21,2.6683095832799937e-07,0.0,inf,inf,nonfinite_qlike
ES/GLOBEX/B1/30min,M4_HARQ,34418,2019-02-18,6.828593878440116e-07,0.0,inf,inf,nonfinite_qlike
ES/GLOBEX/B1/30min,M4_HARQ,34419,2019-02-18,2.5080419761563887e-07,0.0,inf,inf,nonfinite_qlike
ES/GLOBEX/B1/30min,M4_HARQ,34420,2019-02-18,2.4969869011166116e-07,0.0,inf,inf,nonfinite_qlike
ES/GLOBEX/B1/30min,M4_HARQ,34421,2019-02-18,2.484025444326444e-07,0.0,inf,inf,nonfinite_qlike
ES/GLOBEX/B1/30min,M4_HARQ,34422,2019-02-18,2.468625873719857e-07,0.0,inf,inf,nonfinite_qlike
ES/GLOBEX/B1/30min,M4_HARQ,34423,2019-02-18,2.4620822812699307e-07,0.0,inf,inf,nonfinite_qlike
ES/GLOBEX/B1/30min,M4_HARQ,34424,2019-02-18,2.4432341495305913e-07,0.0,inf,inf,nonfinite_qlike
ES/GLOBEX/B1/30min,M4_HARQ,34699,2019-02-27,2.568653158877775e-07,0.0,inf,inf,nonfinite_qlike
ES/GLOBEX/B1/30min,M4_HARQ,34700,2019-02-27,2.3097965476952282e-07,0.0,inf,inf,nonfinite_qlike
ES/GLOBEX/B1/30min,M4_HARQ,34701,2019-02-27,2.3056522728478876e-07,0.0,inf,inf,nonfinite_qlike
ES/GLOBEX/B1/30min,M4_HARQ,34702,2019-02-27,2.3031247345487737e-07,0.0,inf,inf,nonfinite_qlike
ES/GLOBEX/B1/30min,M4_HARQ,34703,2019-02-27,2.3007373640560773e-07,0.0,inf,inf,nonfinite_qlike
ES/GLOBEX/B1/30min,M4_HARQ,37388,2019-05-27,4.869732142376655e-07,0.0,inf,inf,nonfinite_qlike
ES/GLOBEX/B1/30min,M4_HARQ,37389,2019-05-27,2.8859678590373975e-07,0.0,inf,inf,nonfinite_qlike
ES/GLOBEX/B1/30min,M4_HARQ,37390,2019-05-27,2.872412783742151e-07,0.0,inf,inf,nonfinite_qlike
ES/GLOBEX/B1/30min,M4_HARQ,37391,2019-05-27,2.8432572870567323e-07,0.0,inf,inf,nonfinite_qlike
ES/GLOBEX/B1/30min,M4_HARQ,37392,2019-05-27,2.8247347086056753e-07,0.0,inf,inf,nonfinite_qlike
ES/GLOBEX/B1/30min,M4_HARQ,37393,2019-05-27,2.8015506640950283e-07,0.0,inf,inf,nonfinite_qlike
ES/GLOBEX/B1/30min,M4_HARQ,37394,2019-05-27,2.7736104573833477e-07,0.0,inf,inf,nonfinite_qlike
ES/GLOBEX/B1/30min,M4_HARQ,38468,2019-07-04,2.9897265375755553e-07,0.0,inf,inf,nonfinite_qlike
ES/GLOBEX/B1/30min,M4_HARQ,38469,2019-07-04,1.836214126180603e-07,0.0,inf,inf,nonfinite_qlike
ES/GLOBEX/B1/30min,M4_HARQ,38470,2019-07-04,1.8243676437986495e-07,0.0,inf,inf,nonfinite_qlike
ES/GLOBEX/B1/30min,M4_HARQ,38471,2019-07-04,1.8134471578120608e-07,0.0,inf,inf,nonfinite_qlike
ES/GLOBEX/B1/30min,M4_HARQ,38472,2019-07-04,1.7959097005919596e-07,0.0,inf,inf,nonfinite_qlike
ES/GLOBEX/B1/30min,M4_HARQ,38473,2019-07-04,1.783955346406861e-07,0.0,inf,inf,nonfinite_qlike
ES/GLOBEX/B1/30min,M4_HARQ,38474,2019-07-04,1.7729471976694412e-07,0.0,inf,inf,nonfinite_qlike
ES/GLOBEX/B1/30min,M4_HARQ,40358,2019-09-02,1.647815689684787e-06,0.0,inf,inf,nonfinite_qlike
ES/GLOBEX/B1/30min,M4_HARQ,40359,2019-09-02,4.850698320757638e-07,0.0,inf,inf,nonfinite_qlike
ES/GLOBEX/B1/30min,M4_HARQ,40360,2019-09-02,4.84380843876386e-07,0.0,inf,inf,nonfinite_qlike
ES/GLOBEX/B1/30min,M4_HARQ,40361,2019-09-02,4.825527814056157e-07,0.0,inf,inf,nonfinite_qlike
ES/GLOBEX/B1/30min,M4_HARQ,40362,2019-09-02,4.791423502139581e-07,0.0,inf,inf,nonfinite_qlike
ES/GLOBEX/B1/30min,M4_HARQ,40363,2019-09-02,4.7618581497194457e-07,0.0,inf,inf,nonfinite_qlike
ES/GLOBEX/B1/30min,M4_HARQ,40364,2019-09-02,4.733493375605375e-07,0.0,inf,inf,nonfinite_qlike
ES/GLOBEX/B1/30min,M4_HARQ,43058,2019-11-28,2.2400600420046987e-07,0.0,inf,inf,nonfinite_qlike
ES/GLOBEX/B1/30min,M4_HARQ,43059,2019-11-28,1.5710013523423485e-07,0.0,inf,inf,nonfinite_qlike
ES/GLOBEX/B1/30min,M4_HARQ,43060,2019-11-28,1.5678469408076797e-07,0.0,inf,inf,nonfinite_qlike
ES/GLOBEX/B1/30min,M4_HARQ,43061,2019-11-28,1.5587304840098074e-07,0.0,inf,inf,nonfinite_qlike
ES/GLOBEX/B1/30min,M4_HARQ,43062,2019-11-28,1.555500681513915e-07,0.0,inf,inf,nonfinite_qlike
ES/GLOBEX/B1/30min,M4_HARQ,43063,2019-11-28,1.5488505362427618e-07,0.0,inf,inf,nonfinite_qlike
ES/GLOBEX/B1/30min,M4_HARQ,43064,2019-11-28,1.5285924020967576e-07,0.0,inf,inf,nonfinite_qlike
ES/GLOBEX/B1/30min,M4_HARQ,44408,2020-01-20,3.1767924921471226e-07,0.0,inf,inf,nonfinite_qlike
ES/GLOBEX/B1/30min,M4_HARQ,44409,2020-01-20,1.9376368563141913e-07,0.0,inf,inf,nonfinite_qlike
ES/GLOBEX/B1/30min,M4_HARQ,44410,2020-01-20,1.9356004186538874e-07,0.0,inf,inf,nonfinite_qlike
ES/GLOBEX/B1/30min,M4_HARQ,44411,2020-01-20,1.9306409756681155e-07,0.0,inf,inf,nonfinite_qlike
ES/GLOBEX/B1/30min,M4_HARQ,44412,2020-01-20,1.928505476676419e-07,0.0,inf,inf,nonfinite_qlike
ES/GLOBEX/B1/30min,M4_HARQ,44413,2020-01-20,1.9251493907676751e-07,0.0,inf,inf,nonfinite_qlike
ES/GLOBEX/B1/30min,M4_HARQ,44414,2020-01-20,1.918568086313834e-07,0.0,inf,inf,nonfinite_qlike
ES/GLOBEX/B1/30min,M4_HARQ,45308,2020-02-17,3.8804292205450825e-07,0.0,inf,inf,nonfinite_qlike
ES/GLOBEX/B1/30min,M4_HARQ,45309,2020-02-17,2.2289847731416256e-07,0.0,inf,inf,nonfinite_qlike
ES/GLOBEX/B1/30min,M4_HARQ,45310,2020-02-17,2.221638315038954e-07,0.0,inf,inf,nonfinite_qlike
ES/GLOBEX/B1/30min,M4_HARQ,45311,2020-02-17,2.217939928864755e-07,0.0,inf,inf,nonfinite_qlike
ES/GLOBEX/B1/30min,M4_HARQ,45312,2020-02-17,2.2125458285372106e-07,0.0,inf,inf,nonfinite_qlike
ES/GLOBEX/B1/30min,M4_HARQ,45313,2020-02-17,2.2049060074910621e-07,0.0,inf,inf,nonfinite_qlike
ES/GLOBEX/B1/30min,M4_HARQ,45314,2020-02-17,2.1883583590991088e-07,0.0,inf,inf,nonfinite_qlike
ES/GLOBEX/B1/30min,M4_HARQ,45797,2020-03-03,1e-300,0.0002009265936067095,2.009265936067095e+296,0.5370689564296429,below_1e-12
ES/GLOBEX/B1/30min,M4_HARQ,45953,2020-03-09,1.1597473731013897e-05,0.0,inf,inf,nonfinite_qlike
ES/GLOBEX/B1/30min,M4_HARQ,45954,2020-03-09,8.002224345004966e-06,0.0,inf,inf,nonfinite_qlike
ES/GLOBEX/B1/30min,M4_HARQ,45957,2020-03-09,8.01658727878037e-06,0.0,inf,inf,nonfinite_qlike
ES/GLOBEX/B1/30min,M4_HARQ,45958,2020-03-09,7.954360676949038e-06,0.0,inf,inf,nonfinite_qlike
ES/GLOBEX/B1/30min,M4_HARQ,45959,2020-03-09,7.947597241466274e-06,0.0,inf,inf,nonfinite_qlike
ES/GLOBEX/B1/30min,M4_HARQ,45960,2020-03-09,7.935074990208968e-06,0.0,inf,inf,nonfinite_qlike
ES/GLOBEX/B1/30min,M4_HARQ,45961,2020-03-09,7.927120135317674e-06,0.0,inf,inf,nonfinite_qlike
ES/GLOBEX/B1/30min,M4_HARQ,45962,2020-03-09,7.908640432973554e-06,0.0,inf,inf,nonfinite_qlike
ES/GLOBEX/B1/30min,M4_HARQ,45963,2020-03-09,7.879888712338469e-06,0.0,inf,inf,nonfinite_qlike
ES/GLOBEX/B1/30min,M4_HARQ,45964,2020-03-09,7.850429472944005e-06,0.0,inf,inf,nonfinite_qlike
ES/GLOBEX/B1/30min,M4_HARQ,45965,2020-03-09,7.817554646310618e-06,0.0,inf,inf,nonfinite_qlike
ES/GLOBEX/B1/30min,M4_HARQ,45966,2020-03-09,7.779603922309135e-06,0.0,inf,inf,nonfinite_qlike
ES/GLOBEX/B1/30min,M4_HARQ,45968,2020-03-09,9.004571511561113e-06,0.0,inf,inf,nonfinite_qlike
ES/GLOBEX/B1/30min,M4_HARQ,45969,2020-03-09,7.688006124066162e-06,0.0,inf,inf,nonfinite_qlike
ES/GLOBEX/B1/30min,M4_HARQ,45970,2020-03-09,7.648137570177506e-06,0.0,inf,inf,nonfinite_qlike
ES/GLOBEX/B1/30min,M4_HARQ,45971,2020-03-09,7.582173869407478e-06,0.0,inf,inf,nonfinite_qlike
ES/GLOBEX/B1/30min,M4_HARQ,45972,2020-03-09,7.538347402878041e-06,0.0,inf,inf,nonfinite_qlike
ES/GLOBEX/B1/30min,M4_HARQ,45973,2020-03-09,7.492670438703598e-06,0.0,inf,inf,nonfinite_qlike
ES/GLOBEX/B1/30min,M4_HARQ,45974,2020-03-09,7.453455709224008e-06,0.0,inf,inf,nonfinite_qlike
ES/GLOBEX/B1/30min,M4_HARQ,45975,2020-03-09,7.38395291023706e-06,0.0,inf,inf,nonfinite_qlike
ES/GLOBEX/B1/30min,M4_HARQ,46109,2020-03-12,1.5102740098715396e-05,0.0,inf,inf,nonfinite_qlike
ES/GLOBEX/B1/30min,M4_HARQ,46110,2020-03-12,1.3978722249163848e-05,0.0,inf,inf,nonfinite_qlike
ES/GLOBEX/B1/30min,M4_HARQ,46119,2020-03-12,0.0003386274838461577,0.00020690796873168438,0.10364595643774166,2.7704160341825128e-298,above_100x_mean_rv
ES/GLOBEX/B1/30min,M4_HARQ,46140,2020-03-18,2.8634219502562757e-05,0.0,inf,inf,nonfinite_qlike
ES/GLOBEX/B1/30min,M4_HARQ,46141,2020-03-18,2.3233479019212316e-05,0.0,inf,inf,nonfinite_qlike
ES/GLOBEX/B1/30min,M4_HARQ,46142,2020-03-18,2.321479809826818e-05,0.0,inf,inf,nonfinite_qlike
ES/GLOBEX/B1/30min,M4_HARQ,46143,2020-03-18,2.3198847568658172e-05,0.0,inf,inf,nonfinite_qlike
ES/GLOBEX/B1/30min,M4_HARQ,46144,2020-03-18,2.316597692406017e-05,0.0,inf,inf,nonfinite_qlike
ES/GLOBEX/B1/30min,M4_HARQ,46145,2020-03-18,2.3119764772104816e-05,0.0,inf,inf,nonfinite_qlike
ES/GLOBEX/B1/30min,M4_HARQ,46146,2020-03-18,2.3089206901663535e-05,0.0,inf,inf,nonfinite_qlike
ES/GLOBEX/B1/30min,M4_HARQ,46147,2020-03-18,2.305094702433751e-05,0.0,inf,inf,nonfinite_qlike
ES/GLOBEX/B1/30min,M4_HARQ,46148,2020-03-18,2.3017491140022342e-05,0.0,inf,inf,nonfinite_qlike
ES/GLOBEX/B1/30min,M4_HARQ,46149,2020-03-18,2.295418858727655e-05,0.0,inf,inf,nonfinite_qlike
ES/GLOBEX/B1/30min,M4_HARQ,46150,2020-03-18,2.291213561904562e-05,0.0,inf,inf,nonfinite_qlike
ES/GLOBEX/B1/30min,M4_HARQ,46151,2020-03-18,2.2877285843027448e-05,0.0,inf,inf,nonfinite_qlike
ES/GLOBEX/B1/30min,M4_HARQ,46152,2020-03-18,2.2848517069584962e-05,0.0,inf,inf,nonfinite_qlike
ES/GLOBEX/B1/30min,M4_HARQ,46153,2020-03-18,2.279689021669568e-05,0.0,inf,inf,nonfinite_qlike
ES/GLOBEX/B1/30min,M4_HARQ,46154,2020-03-18,2.2747847565615556e-05,0.0,inf,inf,nonfinite_qlike
ES/GLOBEX/B1/30min,M4_HARQ,46155,2020-03-18,2.26484322023669e-05,0.0,inf,inf,nonfinite_qlike
ES/GLOBEX/B1/30min,M4_HARQ,46261,2020-03-23,9.804754522597879e-05,0.0,inf,inf,nonfinite_qlike
ES/GLOBEX/B1/30min,M4_HARQ,46262,2020-03-23,3.857960912418414e-05,0.0,inf,inf,nonfinite_qlike
ES/GLOBEX/B1/30min,M4_HARQ,46289,2020-03-23,0.00039609246996529684,0.00021194350938458228,0.16041385437244848,4.287799828692798e-298,above_100x_mean_rv
ES/GLOBEX/B1/30min,M4_HARQ,46292,2020-03-23,0.0002808347419730284,0.0002179729517592932,0.029556329100118184,7.900291614340837e-299,above_100x_mean_rv
ES/GLOBEX/B1/30min,M4_HARQ,46329,2020-03-24,5.8491999153631955e-05,0.0,inf,inf,nonfinite_qlike
ES/GLOBEX/B1/30min,M4_HARQ,46330,2020-03-24,5.44647451477425e-05,0.0,inf,inf,nonfinite_qlike
ES/GLOBEX/B1/30min,M4_HARQ,48278,2020-05-25,1.3082712811694258e-06,0.0,inf,inf,nonfinite_qlike
ES/GLOBEX/B1/30min,M4_HARQ,48279,2020-05-25,9.543296042061925e-07,0.0,inf,inf,nonfinite_qlike
ES/GLOBEX/B1/30min,M4_HARQ,48280,2020-05-25,9.518325811054406e-07,0.0,inf,inf,nonfinite_qlike
ES/GLOBEX/B1/30min,M4_HARQ,48281,2020-05-25,9.477418248504933e-07,0.0,inf,inf,nonfinite_qlike
ES/GLOBEX/B1/30min,M4_HARQ,48282,2020-05-25,9.42583826939298e-07,0.0,inf,inf,nonfinite_qlike
ES/GLOBEX/B1/30min,M4_HARQ,48283,2020-05-25,9.368481445718365e-07,0.0,inf,inf,nonfinite_qlike
ES/GLOBEX/B1/30min,M4_HARQ,48284,2020-05-25,9.23073394606013e-07,0.0,inf,inf,nonfinite_qlike
ES/GLOBEX/B1/30min,M4_HARQ,51473,2020-09-07,3.3852347194259344e-06,0.0,inf,inf,nonfinite_qlike
ES/GLOBEX/B1/30min,M4_HARQ,51474,2020-09-07,2.064896605669093e-06,0.0,inf,inf,nonfinite_qlike
ES/GLOBEX/B1/30min,M4_HARQ,51475,2020-09-07,2.063266885006358e-06,0.0,inf,inf,nonfinite_qlike
ES/GLOBEX/B1/30min,M4_HARQ,51476,2020-09-07,2.0609329519166157e-06,0.0,inf,inf,nonfinite_qlike
ES/GLOBEX/B1/30min,M4_HARQ,51477,2020-09-07,2.059350792804159e-06,0.0,inf,inf,nonfinite_qlike
ES/GLOBEX/B1/30min,M4_HARQ,51478,2020-09-07,2.054032036704914e-06,0.0,inf,inf,nonfinite_qlike
ES/GLOBEX/B1/30min,M4_HARQ,51479,2020-09-07,2.042077671563388e-06,0.0,inf,inf,nonfinite_qlike
ES/GLOBEX/B1/30min,M4_HARQ,53948,2020-11-26,1.1365764823878423e-06,0.0,inf,inf,nonfinite_qlike
ES/GLOBEX/B1/30min,M4_HARQ,53949,2020-11-26,2.460152013059458e-07,0.0,inf,inf,nonfinite_qlike
ES/GLOBEX/B1/30min,M4_HARQ,53950,2020-11-26,2.4366535462348136e-07,0.0,inf,inf,nonfinite_qlike
ES/GLOBEX/B1/30min,M4_HARQ,53951,2020-11-26,2.4185008546968914e-07,0.0,inf,inf,nonfinite_qlike
ES/GLOBEX/B1/30min,M4_HARQ,53952,2020-11-26,2.364381200491461e-07,0.0,inf,inf,nonfinite_qlike
ES/GLOBEX/B1/30min,M4_HARQ,53953,2020-11-26,2.3236569734317187e-07,0.0,inf,inf,nonfinite_qlike
ES/GLOBEX/B1/30min,M4_HARQ,53954,2020-11-26,2.242424717443336e-07,0.0,inf,inf,nonfinite_qlike
ES/GLOBEX/B1/30min,M4_HARQ,55298,2021-01-18,6.484015045255965e-07,0.0,inf,inf,nonfinite_qlike
ES/GLOBEX/B1/30min,M4_HARQ,55299,2021-01-18,4.926202887921866e-07,0.0,inf,inf,nonfinite_qlike
ES/GLOBEX/B1/30min,M4_HARQ,55300,2021-01-18,4.886925165814326e-07,0.0,inf,inf,nonfinite_qlike
ES/GLOBEX/B1/30min,M4_HARQ,55301,2021-01-18,4.844176592805746e-07,0.0,inf,inf,nonfinite_qlike
ES/GLOBEX/B1/30min,M4_HARQ,55302,2021-01-18,4.793939883512272e-07,0.0,inf,inf,nonfinite_qlike
ES/GLOBEX/B1/30min,M4_HARQ,55303,2021-01-18,4.724326500656916e-07,0.0,inf,inf,nonfinite_qlike
ES/GLOBEX/B1/30min,M4_HARQ,55304,2021-01-18,4.649034870994736e-07,0.0,inf,inf,nonfinite_qlike
ES/GLOBEX/B1/30min,M4_HARQ,56198,2021-02-15,3.007549808342038e-07,0.0,inf,inf,nonfinite_qlike
ES/GLOBEX/B1/30min,M4_HARQ,56199,2021-02-15,2.2817072854714028e-07,0.0,inf,inf,nonfinite_qlike
ES/GLOBEX/B1/30min,M4_HARQ,56200,2021-02-15,2.2644068789731853e-07,0.0,inf,inf,nonfinite_qlike
ES/GLOBEX/B1/30min,M4_HARQ,56201,2021-02-15,2.253360631620935e-07,0.0,inf,inf,nonfinite_qlike
ES/GLOBEX/B1/30min,M4_HARQ,56202,2021-02-15,2.2403204086148417e-07,0.0,inf,inf,nonfinite_qlike
ES/GLOBEX/B1/30min,M4_HARQ,56203,2021-02-15,2.2354750454948993e-07,0.0,inf,inf,nonfinite_qlike
ES/GLOBEX/B1/30min,M4_HARQ,56204,2021-02-15,2.2239997464024398e-07,0.0,inf,inf,nonfinite_qlike
ES/GLOBEX/B1/30min,M4_HARQ,57586,2021-04-02,1.1027918580684379e-06,0.0,inf,inf,nonfinite_qlike
ES/GLOBEX/B1/30min,M4_HARQ,57587,2021-04-02,2.87295653942533e-07,0.0,inf,inf,nonfinite_qlike
ES/GLOBEX/B1/30min,M4_HARQ,57588,2021-04-02,2.8543768976082233e-07,0.0,inf,inf,nonfinite_qlike
ES/GLOBEX/B1/30min,M4_HARQ,57589,2021-04-02,2.8650071801622655e-07,0.0,inf,inf,nonfinite_qlike
ES/GLOBEX/B1/30min,M4_HARQ,57590,2021-04-02,2.8101322409079875e-07,0.0,inf,inf,nonfinite_qlike
ES/GLOBEX/B1/30min,M4_HARQ,57591,2021-04-02,2.7888333762159794e-07,0.0,inf,inf,nonfinite_qlike
ES/GLOBEX/B1/30min,M4_HARQ,57592,2021-04-02,2.762253644998454e-07,0.0,inf,inf,nonfinite_qlike
ES/GLOBEX/B1/30min,M4_HARQ,57593,2021-04-02,2.741793556224743e-07,0.0,inf,inf,nonfinite_qlike
ES/GLOBEX/B1/30min,M4_HARQ,57594,2021-04-02,2.727032562125707e-07,0.0,inf,inf,nonfinite_qlike
ES/GLOBEX/B1/30min,M4_HARQ,57595,2021-04-02,2.7051952384057944e-07,0.0,inf,inf,nonfinite_qlike
ES/GLOBEX/B1/30min,M4_HARQ,57596,2021-04-02,2.6387327150228445e-07,0.0,inf,inf,nonfinite_qlike
ES/GLOBEX/B1/30min,M4_HARQ,57597,2021-04-02,2.474896609333675e-07,0.0,inf,inf,nonfinite_qlike
ES/GLOBEX/B1/30min,M4_HARQ,57598,2021-04-02,2.4114783952819027e-07,0.0,inf,inf,nonfinite_qlike
ES/GLOBEX/B1/30min,M4_HARQ,57599,2021-04-02,2.3142559716686752e-07,0.0,inf,inf,nonfinite_qlike
ES/GLOBEX/B1/30min,M4_HARQ,59438,2021-05-31,2.836232947471263e-07,0.0,inf,inf,nonfinite_qlike
ES/GLOBEX/B1/30min,M4_HARQ,59439,2021-05-31,1.5334889082511619e-07,0.0,inf,inf,nonfinite_qlike
ES/GLOBEX/B1/30min,M4_HARQ,59440,2021-05-31,1.527858923673248e-07,0.0,inf,inf,nonfinite_qlike
ES/GLOBEX/B1/30min,M4_HARQ,59441,2021-05-31,1.5226896805817583e-07,0.0,inf,inf,nonfinite_qlike
ES/GLOBEX/B1/30min,M4_HARQ,59442,2021-05-31,1.5161127748803092e-07,0.0,inf,inf,nonfinite_qlike
ES/GLOBEX/B1/30min,M4_HARQ,59443,2021-05-31,1.5078398267815895e-07,0.0,inf,inf,nonfinite_qlike
ES/GLOBEX/B1/30min,M4_HARQ,59444,2021-05-31,1.4908536939089274e-07,0.0,inf,inf,nonfinite_qlike
ES/GLOBEX/B1/30min,M4_HARQ,60428,2021-07-05,3.3004488925659234e-07,0.0,inf,inf,nonfinite_qlike
ES/GLOBEX/B1/30min,M4_HARQ,60429,2021-07-05,1.3789010219570042e-07,0.0,inf,inf,nonfinite_qlike
ES/GLOBEX/B1/30min,M4_HARQ,60430,2021-07-05,1.3700313840886087e-07,0.0,inf,inf,nonfinite_qlike
ES/GLOBEX/B1/30min,M4_HARQ,60431,2021-07-05,1.3628180556534635e-07,0.0,inf,inf,nonfinite_qlike
ES/GLOBEX/B1/30min,M4_HARQ,60432,2021-07-05,1.3570954057082436e-07,0.0,inf,inf,nonfinite_qlike
ES/GLOBEX/B1/30min,M4_HARQ,60433,2021-07-05,1.3470116754999406e-07,0.0,inf,inf,nonfinite_qlike
ES/GLOBEX/B1/30min,M4_HARQ,60434,2021-07-05,1.3340304949835153e-07,0.0,inf,inf,nonfinite_qlike
ES/GLOBEX/B1/30min,M4_HARQ,62453,2021-09-06,2.6003602688820735e-07,0.0,inf,inf,nonfinite_qlike
ES/GLOBEX/B1/30min,M4_HARQ,62454,2021-09-06,1.749005465222667e-07,0.0,inf,inf,nonfinite_qlike
ES/GLOBEX/B1/30min,M4_HARQ,62455,2021-09-06,1.745019044171451e-07,0.0,inf,inf,nonfinite_qlike
ES/GLOBEX/B1/30min,M4_HARQ,62456,2021-09-06,1.7396240912291285e-07,0.0,inf,inf,nonfinite_qlike
ES/GLOBEX/B1/30min,M4_HARQ,62457,2021-09-06,1.7344390356528599e-07,0.0,inf,inf,nonfinite_qlike
ES/GLOBEX/B1/30min,M4_HARQ,62458,2021-09-06,1.7317115040056077e-07,0.0,inf,inf,nonfinite_qlike
ES/GLOBEX/B1/30min,M4_HARQ,62459,2021-09-06,1.7232228594284937e-07,0.0,inf,inf,nonfinite_qlike
ES/GLOBEX/B1/30min,M4_HARQ,64928,2021-11-25,5.836040871145278e-07,0.0,inf,inf,nonfinite_qlike
ES/GLOBEX/B1/30min,M4_HARQ,64929,2021-11-25,4.886319295282991e-07,0.0,inf,inf,nonfinite_qlike
ES/GLOBEX/B1/30min,M4_HARQ,64930,2021-11-25,4.862524823516239e-07,0.0,inf,inf,nonfinite_qlike
ES/GLOBEX/B1/30min,M4_HARQ,64931,2021-11-25,4.842814229139503e-07,0.0,inf,inf,nonfinite_qlike
ES/GLOBEX/B1/30min,M4_HARQ,64932,2021-11-25,4.832033238070755e-07,0.0,inf,inf,nonfinite_qlike
ES/GLOBEX/B1/30min,M4_HARQ,64933,2021-11-25,4.819467270990745e-07,0.0,inf,inf,nonfinite_qlike
ES/GLOBEX/B1/30min,M4_HARQ,64934,2021-11-25,4.800797841379917e-07,0.0,inf,inf,nonfinite_qlike
ES/GLOBEX/B1/30min,M4_HARQ,66368,2022-01-17,1.1010458329794036e-06,0.0,inf,inf,nonfinite_qlike
ES/GLOBEX/B1/30min,M4_HARQ,66369,2022-01-17,8.447861628287035e-07,0.0,inf,inf,nonfinite_qlike
ES/GLOBEX/B1/30min,M4_HARQ,66370,2022-01-17,8.349024006920946e-07,0.0,inf,inf,nonfinite_qlike
ES/GLOBEX/B1/30min,M4_HARQ,66371,2022-01-17,8.276204649049112e-07,0.0,inf,inf,nonfinite_qlike
ES/GLOBEX/B1/30min,M4_HARQ,66372,2022-01-17,8.160057922966276e-07,0.0,inf,inf,nonfinite_qlike
ES/GLOBEX/B1/30min,M4_HARQ,66373,2022-01-17,8.009209133944371e-07,0.0,inf,inf,nonfinite_qlike
ES/GLOBEX/B1/30min,M4_HARQ,66374,2022-01-17,7.800245345657178e-07,0.0,inf,inf,nonfinite_qlike
ES/GLOBEX/B1/30min,M4_HARQ,67493,2022-02-21,2.8072448333252957e-06,0.0,inf,inf,nonfinite_qlike
ES/GLOBEX/B1/30min,M4_HARQ,67494,2022-02-21,1.1334505040237591e-06,0.0,inf,inf,nonfinite_qlike
ES/GLOBEX/B1/30min,M4_HARQ,67495,2022-02-21,1.1033548004285964e-06,0.0,inf,inf,nonfinite_qlike
ES/GLOBEX/B1/30min,M4_HARQ,67496,2022-02-21,1.0666324310417927e-06,0.0,inf,inf,nonfinite_qlike
ES/GLOBEX/B1/30min,M4_HARQ,67497,2022-02-21,1.0293173078977832e-06,0.0,inf,inf,nonfinite_qlike
ES/GLOBEX/B1/30min,M4_HARQ,67498,2022-02-21,9.94416839279315e-07,0.0,inf,inf,nonfinite_qlike
ES/GLOBEX/B1/30min,M4_HARQ,67499,2022-02-21,9.60231778394288e-07,0.0,inf,inf,nonfinite_qlike
ES/GLOBEX/B1/30min,M4_HARQ,70463,2022-05-30,3.815409555037279e-06,0.0,inf,inf,nonfinite_qlike
ES/GLOBEX/B1/30min,M4_HARQ,70464,2022-05-30,9.706070883997563e-07,0.0,inf,inf,nonfinite_qlike
ES/GLOBEX/B1/30min,M4_HARQ,70465,2022-05-30,9.594998991026562e-07,0.0,inf,inf,nonfinite_qlike
ES/GLOBEX/B1/30min,M4_HARQ,70466,2022-05-30,9.512451458884058e-07,0.0,inf,inf,nonfinite_qlike
ES/GLOBEX/B1/30min,M4_HARQ,70467,2022-05-30,9.30529958753922e-07,0.0,inf,inf,nonfinite_qlike
ES/GLOBEX/B1/30min,M4_HARQ,70468,2022-05-30,9.139641877062287e-07,0.0,inf,inf,nonfinite_qlike
ES/GLOBEX/B1/30min,M4_HARQ,70469,2022-05-30,8.878600999085383e-07,0.0,inf,inf,nonfinite_qlike
ES/GLOBEX/B1/30min,M4_HARQ,71003,2022-06-20,3.5206480667799936e-06,0.0,inf,inf,nonfinite_qlike
ES/GLOBEX/B1/30min,M4_HARQ,71004,2022-06-20,2.776701096884948e-06,0.0,inf,inf,nonfinite_qlike
ES/GLOBEX/B1/30min,M4_HARQ,71005,2022-06-20,2.7691952874665653e-06,0.0,inf,inf,nonfinite_qlike
ES/GLOBEX/B1/30min,M4_HARQ,71006,2022-06-20,2.7604396839333587e-06,0.0,inf,inf,nonfinite_qlike
ES/GLOBEX/B1/30min,M4_HARQ,71007,2022-06-20,2.7532145793291166e-06,0.0,inf,inf,nonfinite_qlike
ES/GLOBEX/B1/30min,M4_HARQ,71008,2022-06-20,2.748982627883994e-06,0.0,inf,inf,nonfinite_qlike
ES/GLOBEX/B1/30min,M4_HARQ,71009,2022-06-20,2.7382577869416182e-06,0.0,inf,inf,nonfinite_qlike
ES/GLOBEX/B1/30min,M4_HARQ,71453,2022-07-04,2.432634026860683e-06,0.0,inf,inf,nonfinite_qlike
ES/GLOBEX/B1/30min,M4_HARQ,71454,2022-07-04,1.6263393495487108e-06,0.0,inf,inf,nonfinite_qlike
ES/GLOBEX/B1/30min,M4_HARQ,71455,2022-07-04,1.6186725027607561e-06,0.0,inf,inf,nonfinite_qlike
ES/GLOBEX/B1/30min,M4_HARQ,71456,2022-07-04,1.6121967850232363e-06,0.0,inf,inf,nonfinite_qlike
ES/GLOBEX/B1/30min,M4_HARQ,71457,2022-07-04,1.604792134226987e-06,0.0,inf,inf,nonfinite_qlike
ES/GLOBEX/B1/30min,M4_HARQ,71458,2022-07-04,1.5906048731419871e-06,0.0,inf,inf,nonfinite_qlike
ES/GLOBEX/B1/30min,M4_HARQ,71459,2022-07-04,1.5754034660386284e-06,0.0,inf,inf,nonfinite_qlike
ES/GLOBEX/B1/30min,M4_HARQ,73478,2022-09-05,1.9332161368481168e-06,0.0,inf,inf,nonfinite_qlike
ES/GLOBEX/B1/30min,M4_HARQ,73479,2022-09-05,1.489227223993128e-06,0.0,inf,inf,nonfinite_qlike
ES/GLOBEX/B1/30min,M4_HARQ,73480,2022-09-05,1.4803262148743943e-06,0.0,inf,inf,nonfinite_qlike
ES/GLOBEX/B1/30min,M4_HARQ,73481,2022-09-05,1.4736481767951145e-06,0.0,inf,inf,nonfinite_qlike
ES/GLOBEX/B1/30min,M4_HARQ,73482,2022-09-05,1.4596400219631866e-06,0.0,inf,inf,nonfinite_qlike
ES/GLOBEX/B1/30min,M4_HARQ,73483,2022-09-05,1.4467250698263612e-06,0.0,inf,inf,nonfinite_qlike
ES/GLOBEX/B1/30min,M4_HARQ,73484,2022-09-05,1.423623814829513e-06,0.0,inf,inf,nonfinite_qlike
ES/GLOBEX/B1/30min,M4_HARQ,74594,2022-10-13,1e-300,6.165396735013928e-05,6.165396735013928e+295,0.1647986526328134,below_1e-12
ES/GLOBEX/B1/30min,M4_HARQ,75953,2022-11-24,5.605919543833372e-07,0.0,inf,inf,nonfinite_qlike
ES/GLOBEX/B1/30min,M4_HARQ,75954,2022-11-24,4.1753128840295975e-07,0.0,inf,inf,nonfinite_qlike
ES/GLOBEX/B1/30min,M4_HARQ,75955,2022-11-24,4.116734314058321e-07,0.0,inf,inf,nonfinite_qlike
ES/GLOBEX/B1/30min,M4_HARQ,75956,2022-11-24,4.0522045105770626e-07,0.0,inf,inf,nonfinite_qlike
ES/GLOBEX/B1/30min,M4_HARQ,75957,2022-11-24,3.9637837897603283e-07,0.0,inf,inf,nonfinite_qlike
ES/GLOBEX/B1/30min,M4_HARQ,75958,2022-11-24,3.8900105776323283e-07,0.0,inf,inf,nonfinite_qlike
ES/GLOBEX/B1/30min,M4_HARQ,75959,2022-11-24,3.7867574364215375e-07,0.0,inf,inf,nonfinite_qlike
ES/GLOBEX/B1/30min,M4_HARQ,77348,2023-01-16,1.6182420004611297e-06,0.0,inf,inf,nonfinite_qlike
ES/GLOBEX/B1/30min,M4_HARQ,77349,2023-01-16,9.237001347398471e-07,0.0,inf,inf,nonfinite_qlike
ES/GLOBEX/B1/30min,M4_HARQ,77350,2023-01-16,9.110252160763389e-07,0.0,inf,inf,nonfinite_qlike
ES/GLOBEX/B1/30min,M4_HARQ,77351,2023-01-16,9.021481823349988e-07,0.0,inf,inf,nonfinite_qlike
ES/GLOBEX/B1/30min,M4_HARQ,77352,2023-01-16,8.945458531157591e-07,0.0,inf,inf,nonfinite_qlike
ES/GLOBEX/B1/30min,M4_HARQ,77353,2023-01-16,8.861217773110738e-07,0.0,inf,inf,nonfinite_qlike
ES/GLOBEX/B1/30min,M4_HARQ,77354,2023-01-16,8.737038488522059e-07,0.0,inf,inf,nonfinite_qlike
ES/GLOBEX/B1/30min,M4_HARQ,78473,2023-02-20,1.2176497972928255e-06,0.0,inf,inf,nonfinite_qlike
ES/GLOBEX/B1/30min,M4_HARQ,78474,2023-02-20,9.654969580777882e-07,0.0,inf,inf,nonfinite_qlike
ES/GLOBEX/B1/30min,M4_HARQ,78475,2023-02-20,9.642720320524642e-07,0.0,inf,inf,nonfinite_qlike
ES/GLOBEX/B1/30min,M4_HARQ,78476,2023-02-20,9.621073002772386e-07,0.0,inf,inf,nonfinite_qlike
ES/GLOBEX/B1/30min,M4_HARQ,78477,2023-02-20,9.571132412183509e-07,0.0,inf,inf,nonfinite_qlike
ES/GLOBEX/B1/30min,M4_HARQ,78478,2023-02-20,9.534593137145207e-07,0.0,inf,inf,nonfinite_qlike
ES/GLOBEX/B1/30min,M4_HARQ,78479,2023-02-20,9.487326601954203e-07,0.0,inf,inf,nonfinite_qlike
ES/GLOBEX/B1/30min,M4_HARQ,79861,2023-04-07,5.557708522106624e-07,0.0,inf,inf,nonfinite_qlike
ES/GLOBEX/B1/30min,M4_HARQ,79862,2023-04-07,3.0507892395769975e-07,0.0,inf,inf,nonfinite_qlike
ES/GLOBEX/B1/30min,M4_HARQ,79863,2023-04-07,2.9986474854351384e-07,0.0,inf,inf,nonfinite_qlike
ES/GLOBEX/B1/30min,M4_HARQ,79864,2023-04-07,2.9707983892803127e-07,0.0,inf,inf,nonfinite_qlike
ES/GLOBEX/B1/30min,M4_HARQ,79865,2023-04-07,2.944014616050378e-07,0.0,inf,inf,nonfinite_qlike
ES/GLOBEX/B1/30min,M4_HARQ,79866,2023-04-07,2.928878327300145e-07,0.0,inf,inf,nonfinite_qlike
ES/GLOBEX/B1/30min,M4_HARQ,79867,2023-04-07,2.910163460768378e-07,0.0,inf,inf,nonfinite_qlike
ES/GLOBEX/B1/30min,M4_HARQ,79868,2023-04-07,2.8925800110246074e-07,0.0,inf,inf,nonfinite_qlike
ES/GLOBEX/B1/30min,M4_HARQ,79869,2023-04-07,2.875772470893648e-07,0.0,inf,inf,nonfinite_qlike
ES/GLOBEX/B1/30min,M4_HARQ,79870,2023-04-07,2.8572719012435823e-07,0.0,inf,inf,nonfinite_qlike
ES/GLOBEX/B1/30min,M4_HARQ,79871,2023-04-07,2.831962443819855e-07,0.0,inf,inf,nonfinite_qlike
ES/GLOBEX/B1/30min,M4_HARQ,79872,2023-04-07,2.8070172994072616e-07,0.0,inf,inf,nonfinite_qlike
ES/GLOBEX/B1/30min,M4_HARQ,79873,2023-04-07,2.754675793242767e-07,0.0,inf,inf,nonfinite_qlike
ES/GLOBEX/B1/30min,M4_HARQ,79874,2023-04-07,2.663314618844818e-07,0.0,inf,inf,nonfinite_qlike
ES/GLOBEX/B1/30min,M4_HARQ,81488,2023-05-29,6.748461063858681e-07,0.0,inf,inf,nonfinite_qlike
ES/GLOBEX/B1/30min,M4_HARQ,81489,2023-05-29,5.601760226977604e-07,0.0,inf,inf,nonfinite_qlike
ES/GLOBEX/B1/30min,M4_HARQ,81490,2023-05-29,5.587028424745511e-07,0.0,inf,inf,nonfinite_qlike
ES/GLOBEX/B1/30min,M4_HARQ,81491,2023-05-29,5.573560132166158e-07,0.0,inf,inf,nonfinite_qlike
ES/GLOBEX/B1/30min,M4_HARQ,81492,2023-05-29,5.535494975659377e-07,0.0,inf,inf,nonfinite_qlike
ES/GLOBEX/B1/30min,M4_HARQ,81493,2023-05-29,5.513574857246137e-07,0.0,inf,inf,nonfinite_qlike
ES/GLOBEX/B1/30min,M4_HARQ,81494,2023-05-29,5.479608176043633e-07,0.0,inf,inf,nonfinite_qlike
ES/GLOBEX/B1/30min,M4_HARQ,82028,2023-06-19,6.594915703391544e-07,0.0,inf,inf,nonfinite_qlike
ES/GLOBEX/B1/30min,M4_HARQ,82029,2023-06-19,4.6650956957504266e-07,0.0,inf,inf,nonfinite_qlike
ES/GLOBEX/B1/30min,M4_HARQ,82030,2023-06-19,4.6337563200521973e-07,0.0,inf,inf,nonfinite_qlike
ES/GLOBEX/B1/30min,M4_HARQ,82031,2023-06-19,4.5982500893774076e-07,0.0,inf,inf,nonfinite_qlike
ES/GLOBEX/B1/30min,M4_HARQ,82032,2023-06-19,4.565096704347089e-07,0.0,inf,inf,nonfinite_qlike
ES/GLOBEX/B1/30min,M4_HARQ,82033,2023-06-19,4.515290017406392e-07,0.0,inf,inf,nonfinite_qlike
ES/GLOBEX/B1/30min,M4_HARQ,82034,2023-06-19,4.45043483368756e-07,0.0,inf,inf,nonfinite_qlike
ES/GLOBEX/B1/30min,M4_HARQ,82478,2023-07-04,4.260572995741354e-07,0.0,inf,inf,nonfinite_qlike
ES/GLOBEX/B1/30min,M4_HARQ,82479,2023-07-04,3.3450250787742796e-07,0.0,inf,inf,nonfinite_qlike
ES/GLOBEX/B1/30min,M4_HARQ,82480,2023-07-04,3.2891694679222255e-07,0.0,inf,inf,nonfinite_qlike
ES/GLOBEX/B1/30min,M4_HARQ,82481,2023-07-04,3.256918330066924e-07,0.0,inf,inf,nonfinite_qlike
ES/GLOBEX/B1/30min,M4_HARQ,82482,2023-07-04,3.2225626574102776e-07,0.0,inf,inf,nonfinite_qlike
ES/GLOBEX/B1/30min,M4_HARQ,82483,2023-07-04,3.1944336807030717e-07,0.0,inf,inf,nonfinite_qlike
ES/GLOBEX/B1/30min,M4_HARQ,82484,2023-07-04,3.1345563020681694e-07,0.0,inf,inf,nonfinite_qlike
ES/GLOBEX/B1/30min,M4_HARQ,84458,2023-09-04,5.607361941666881e-07,0.0,inf,inf,nonfinite_qlike
ES/GLOBEX/B1/30min,M4_HARQ,84459,2023-09-04,3.8978868586867807e-07,0.0,inf,inf,nonfinite_qlike
ES/GLOBEX/B1/30min,M4_HARQ,84460,2023-09-04,3.811325012987369e-07,0.0,inf,inf,nonfinite_qlike
ES/GLOBEX/B1/30min,M4_HARQ,84461,2023-09-04,3.768491801466859e-07,0.0,inf,inf,nonfinite_qlike
ES/GLOBEX/B1/30min,M4_HARQ,84462,2023-09-04,3.7159281521826626e-07,0.0,inf,inf,nonfinite_qlike
ES/GLOBEX/B1/30min,M4_HARQ,84463,2023-09-04,3.676258078211611e-07,0.0,inf,inf,nonfinite_qlike
ES/GLOBEX/B1/30min,M4_HARQ,84464,2023-09-04,3.594673646734828e-07,0.0,inf,inf,nonfinite_qlike
ES/GLOBEX/B1/30min,M4_HARQ,86933,2023-11-23,3.273711058532772e-07,0.0,inf,inf,nonfinite_qlike
ES/GLOBEX/B1/30min,M4_HARQ,86934,2023-11-23,2.122761752729501e-07,0.0,inf,inf,nonfinite_qlike
ES/GLOBEX/B1/30min,M4_HARQ,86935,2023-11-23,2.0759831064031928e-07,0.0,inf,inf,nonfinite_qlike
ES/GLOBEX/B1/30min,M4_HARQ,86936,2023-11-23,2.055075058783451e-07,0.0,inf,inf,nonfinite_qlike
ES/GLOBEX/B1/30min,M4_HARQ,86937,2023-11-23,2.0188109147041446e-07,0.0,inf,inf,nonfinite_qlike
ES/GLOBEX/B1/30min,M4_HARQ,86938,2023-11-23,1.9996785868483725e-07,0.0,inf,inf,nonfinite_qlike
ES/GLOBEX/B1/30min,M4_HARQ,86939,2023-11-23,1.9715459017146992e-07,0.0,inf,inf,nonfinite_qlike
NQ/GLOBEX/B0/1day,M4_HARQ,1013,2020-03-04,1e-300,0.0006766630485799396,6.766630485799397e+296,1.0,below_1e-12
NQ/GLOBEX/B0/1h,M3_HARJ,679,2016-02-15,7.780827218340346e-06,0.0,inf,inf,nonfinite_qlike
NQ/GLOBEX/B0/1h,M3_HARJ,680,2016-02-15,7.132950780918452e-06,0.0,inf,inf,nonfinite_qlike
NQ/GLOBEX/B0/1h,M3_HARJ,681,2016-02-15,7.173573848192815e-06,0.0,inf,inf,nonfinite_qlike
NQ/GLOBEX/B0/1h,M3_HARJ,5519,2017-01-16,7.552759250349683e-07,0.0,inf,inf,nonfinite_qlike
NQ/GLOBEX/B0/1h,M3_HARJ,5520,2017-01-16,4.819332455691795e-07,0.0,inf,inf,nonfinite_qlike
NQ/GLOBEX/B0/1h,M3_HARJ,5521,2017-01-16,4.770026701267523e-07,0.0,inf,inf,nonfinite_qlike
NQ/GLOBEX/B0/1h,M3_HARJ,6069,2017-02-20,6.932200397346223e-07,0.0,inf,inf,nonfinite_qlike
NQ/GLOBEX/B0/1h,M3_HARJ,6070,2017-02-20,3.0895459883203827e-07,0.0,inf,inf,nonfinite_qlike
NQ/GLOBEX/B0/1h,M3_HARJ,6071,2017-02-20,3.0696748526150203e-07,0.0,inf,inf,nonfinite_qlike
NQ/GLOBEX/B0/1h,M3_HARJ,7983,2017-07-04,3.7537981648427614e-06,0.0,inf,inf,nonfinite_qlike
NQ/GLOBEX/B0/1h,M3_HARJ,7984,2017-07-04,1.187360074974453e-06,0.0,inf,inf,nonfinite_qlike
NQ/GLOBEX/B0/1h,M3_HARJ,7985,2017-07-04,1.1763582868821922e-06,0.0,inf,inf,nonfinite_qlike
NQ/GLOBEX/B0/1h,M3_HARJ,8951,2017-09-04,9.173099408136013e-07,0.0,inf,inf,nonfinite_qlike
NQ/GLOBEX/B0/1h,M3_HARJ,8952,2017-09-04,5.884461083023891e-07,0.0,inf,inf,nonfinite_qlike
NQ/GLOBEX/B0/1h,M3_HARJ,8953,2017-09-04,5.855248115846796e-07,0.0,inf,inf,nonfinite_qlike
NQ/GLOBEX/B0/1h,M3_HARJ,10161,2017-11-23,4.692554632769585e-07,0.0,inf,inf,nonfinite_qlike
NQ/GLOBEX/B0/1h,M3_HARJ,10162,2017-11-23,3.403063127433932e-07,0.0,inf,inf,nonfinite_qlike
NQ/GLOBEX/B0/1h,M3_HARJ,10163,2017-11-23,3.385029180070327e-07,0.0,inf,inf,nonfinite_qlike
NQ/GLOBEX/B0/1h,M3_HARJ,10843,2018-01-15,7.779511381166455e-07,0.0,inf,inf,nonfinite_qlike
NQ/GLOBEX/B0/1h,M3_HARJ,10844,2018-01-15,4.646025979449692e-07,0.0,inf,inf,nonfinite_qlike
NQ/GLOBEX/B0/1h,M3_HARJ,10845,2018-01-15,4.6251550823842003e-07,0.0,inf,inf,nonfinite_qlike
NQ/GLOBEX/B0/1h,M3_HARJ,11393,2018-02-19,6.194628275683919e-06,0.0,inf,inf,nonfinite_qlike
NQ/GLOBEX/B0/1h,M3_HARJ,11394,2018-02-19,3.683911945585402e-06,0.0,inf,inf,nonfinite_qlike
NQ/GLOBEX/B0/1h,M3_HARJ,11395,2018-02-19,3.634859793158857e-06,0.0,inf,inf,nonfinite_qlike
NQ/GLOBEX/B0/1h,M3_HARJ,12845,2018-05-28,1.7274351276428224e-06,0.0,inf,inf,nonfinite_qlike
NQ/GLOBEX/B0/1h,M3_HARJ,12846,2018-05-28,1.2588472851760397e-06,0.0,inf,inf,nonfinite_qlike
NQ/GLOBEX/B0/1h,M3_HARJ,12847,2018-05-28,1.238767104383855e-06,0.0,inf,inf,nonfinite_qlike
NQ/GLOBEX/B0/1h,M3_HARJ,13351,2018-07-04,2.8237254280030477e-06,0.0,inf,inf,nonfinite_qlike
NQ/GLOBEX/B0/1h,M3_HARJ,13352,2018-07-04,2.232606912934822e-06,0.0,inf,inf,nonfinite_qlike
NQ/GLOBEX/B0/1h,M3_HARJ,13353,2018-07-04,2.2241485982582823e-06,0.0,inf,inf,nonfinite_qlike
NQ/GLOBEX/B0/1h,M3_HARJ,14297,2018-09-03,1.0907049752791166e-06,0.0,inf,inf,nonfinite_qlike
NQ/GLOBEX/B0/1h,M3_HARJ,14298,2018-09-03,7.921360879865731e-07,0.0,inf,inf,nonfinite_qlike
NQ/GLOBEX/B0/1h,M3_HARJ,14299,2018-09-03,7.878548246878457e-07,0.0,inf,inf,nonfinite_qlike
NQ/GLOBEX/B0/1h,M3_HARJ,15507,2018-11-22,7.474694377967899e-06,0.0,inf,inf,nonfinite_qlike
NQ/GLOBEX/B0/1h,M3_HARJ,15508,2018-11-22,5.139894036450234e-06,0.0,inf,inf,nonfinite_qlike
NQ/GLOBEX/B0/1h,M3_HARJ,15509,2018-11-22,5.074362201207306e-06,0.0,inf,inf,nonfinite_qlike
NQ/GLOBEX/B0/1h,M3_HARJ,15680,2018-12-05,3.2986875090888993e-06,0.0,inf,inf,nonfinite_qlike
NQ/GLOBEX/B0/1h,M3_HARJ,15681,2018-12-05,2.881842835501906e-06,0.0,inf,inf,nonfinite_qlike
NQ/GLOBEX/B0/1h,M3_HARJ,15682,2018-12-05,2.81304687037298e-06,0.0,inf,inf,nonfinite_qlike
NQ/GLOBEX/B0/1h,M3_HARJ,15683,2018-12-05,2.7025636572389577e-06,0.0,inf,inf,nonfinite_qlike
NQ/GLOBEX/B0/1h,M3_HARJ,15684,2018-12-05,2.6602611033437364e-06,0.0,inf,inf,nonfinite_qlike
NQ/GLOBEX/B0/1h,M3_HARJ,15685,2018-12-05,2.6151740962377147e-06,0.0,inf,inf,nonfinite_qlike
NQ/GLOBEX/B0/1h,M3_HARJ,16277,2019-01-21,2.7196270805733026e-06,0.0,inf,inf,nonfinite_qlike
NQ/GLOBEX/B0/1h,M3_HARJ,16278,2019-01-21,1.9751364987260665e-06,0.0,inf,inf,nonfinite_qlike
NQ/GLOBEX/B0/1h,M3_HARJ,16279,2019-01-21,1.9676939470668106e-06,0.0,inf,inf,nonfinite_qlike
NQ/GLOBEX/B0/1h,M3_HARJ,16717,2019-02-18,2.1269657180888792e-06,0.0,inf,inf,nonfinite_qlike
NQ/GLOBEX/B0/1h,M3_HARJ,16718,2019-02-18,1.4056577799328077e-06,0.0,inf,inf,nonfinite_qlike
NQ/GLOBEX/B0/1h,M3_HARJ,16719,2019-02-18,1.3873234315843863e-06,0.0,inf,inf,nonfinite_qlike
NQ/GLOBEX/B0/1h,M3_HARJ,16854,2019-02-27,1.6336774258035093e-06,0.0,inf,inf,nonfinite_qlike
NQ/GLOBEX/B0/1h,M3_HARJ,16855,2019-02-27,1.2644841835604085e-06,0.0,inf,inf,nonfinite_qlike
NQ/GLOBEX/B0/1h,M3_HARJ,18169,2019-05-27,2.000581073219931e-06,0.0,inf,inf,nonfinite_qlike
NQ/GLOBEX/B0/1h,M3_HARJ,18170,2019-05-27,1.7707382785490321e-06,0.0,inf,inf,nonfinite_qlike
NQ/GLOBEX/B0/1h,M3_HARJ,18171,2019-05-27,1.7435951533199305e-06,0.0,inf,inf,nonfinite_qlike
NQ/GLOBEX/B0/1h,M3_HARJ,18697,2019-07-04,1.2365491521585433e-06,0.0,inf,inf,nonfinite_qlike
NQ/GLOBEX/B0/1h,M3_HARJ,18698,2019-07-04,1.0310460750158623e-06,0.0,inf,inf,nonfinite_qlike
NQ/GLOBEX/B0/1h,M3_HARJ,18699,2019-07-04,1.0196419489116896e-06,0.0,inf,inf,nonfinite_qlike
NQ/GLOBEX/B0/1h,M3_HARJ,19621,2019-09-02,6.103644859697778e-06,0.0,inf,inf,nonfinite_qlike
NQ/GLOBEX/B0/1h,M3_HARJ,19622,2019-09-02,2.5626500123503108e-06,0.0,inf,inf,nonfinite_qlike
NQ/GLOBEX/B0/1h,M3_HARJ,19623,2019-09-02,2.5420979723191764e-06,0.0,inf,inf,nonfinite_qlike
NQ/GLOBEX/B0/1h,M3_HARJ,20941,2019-11-28,8.323733777681427e-07,0.0,inf,inf,nonfinite_qlike
NQ/GLOBEX/B0/1h,M3_HARJ,20942,2019-11-28,7.236838137858872e-07,0.0,inf,inf,nonfinite_qlike
NQ/GLOBEX/B0/1h,M3_HARJ,20943,2019-11-28,7.179239389282787e-07,0.0,inf,inf,nonfinite_qlike
NQ/GLOBEX/B0/1h,M3_HARJ,21601,2020-01-20,1.0414397711683936e-06,0.0,inf,inf,nonfinite_qlike
NQ/GLOBEX/B0/1h,M3_HARJ,21602,2020-01-20,9.572789263781252e-07,0.0,inf,inf,nonfinite_qlike
NQ/GLOBEX/B0/1h,M3_HARJ,21603,2020-01-20,9.548725262852375e-07,0.0,inf,inf,nonfinite_qlike
NQ/GLOBEX/B0/1h,M3_HARJ,22041,2020-02-17,1.495636354226957e-06,0.0,inf,inf,nonfinite_qlike
NQ/GLOBEX/B0/1h,M3_HARJ,22042,2020-02-17,1.1910503536657765e-06,0.0,inf,inf,nonfinite_qlike
NQ/GLOBEX/B0/1h,M3_HARJ,22043,2020-02-17,1.1876558645662261e-06,0.0,inf,inf,nonfinite_qlike
NQ/GLOBEX/B0/1h,M3_HARJ,22356,2020-03-09,2.7928371178974e-05,0.0,inf,inf,nonfinite_qlike
NQ/GLOBEX/B0/1h,M3_HARJ,22358,2020-03-09,2.6128456830370852e-05,0.0,inf,inf,nonfinite_qlike
NQ/GLOBEX/B0/1h,M3_HARJ,22361,2020-03-09,1.7787360996869073e-05,0.0,inf,inf,nonfinite_qlike
NQ/GLOBEX/B0/1h,M3_HARJ,22362,2020-03-09,1.765763436519305e-05,0.0,inf,inf,nonfinite_qlike
NQ/GLOBEX/B0/1h,M3_HARJ,22364,2020-03-09,2.210352804040633e-05,0.0,inf,inf,nonfinite_qlike
NQ/GLOBEX/B0/1h,M3_HARJ,22365,2020-03-09,1.7125515018976894e-05,0.0,inf,inf,nonfinite_qlike
NQ/GLOBEX/B0/1h,M3_HARJ,22366,2020-03-09,1.6936067508058278e-05,0.0,inf,inf,nonfinite_qlike
NQ/GLOBEX/B0/1h,M3_HARJ,22438,2020-03-12,0.0007163555903191995,0.00027682387099048356,0.3372288209251537,3.7441594781742036e-05,above_100x_mean_rv
NQ/GLOBEX/B0/1h,M3_HARJ,22448,2020-03-18,6.965116556679644e-05,0.0,inf,inf,nonfinite_qlike
NQ/GLOBEX/B0/1h,M3_HARJ,22449,2020-03-18,5.2292499388990156e-05,0.0,inf,inf,nonfinite_qlike
NQ/GLOBEX/B0/1h,M3_HARJ,22450,2020-03-18,5.2125003391847567e-05,0.0,inf,inf,nonfinite_qlike
NQ/GLOBEX/B0/1h,M3_HARJ,22451,2020-03-18,5.196843734189378e-05,0.0,inf,inf,nonfinite_qlike
NQ/GLOBEX/B0/1h,M3_HARJ,22452,2020-03-18,5.172810549860816e-05,0.0,inf,inf,nonfinite_qlike
NQ/GLOBEX/B0/1h,M3_HARJ,22453,2020-03-18,5.156768548663735e-05,0.0,inf,inf,nonfinite_qlike
NQ/GLOBEX/B0/1h,M3_HARJ,22454,2020-03-18,5.1394793064602693e-05,0.0,inf,inf,nonfinite_qlike
NQ/GLOBEX/B0/1h,M3_HARJ,22462,2020-03-19,0.0006983257955200758,0.0002659738565853331,0.34616132470920724,3.843334627602828e-05,above_100x_mean_rv
NQ/GLOBEX/B0/1h,M3_HARJ,22521,2020-03-23,0.0006802314267673095,0.0006710512989229755,9.189324818725808e-05,1.0202656322097093e-08,above_100x_mean_rv
NQ/GLOBEX/B0/1h,M3_HARJ,22540,2020-03-24,0.00014261190067245622,0.0,inf,inf,nonfinite_qlike
NQ/GLOBEX/B0/1h,M3_HARJ,23494,2020-05-25,2.916925229463267e-06,0.0,inf,inf,nonfinite_qlike
NQ/GLOBEX/B0/1h,M3_HARJ,23495,2020-05-25,2.8935395628008888e-06,0.0,inf,inf,nonfinite_qlike
NQ/GLOBEX/B0/1h,M3_HARJ,24003,2020-07-01,5.036264451817706e-06,0.0,inf,inf,nonfinite_qlike
NQ/GLOBEX/B0/1h,M3_HARJ,25056,2020-09-07,1.1201300117308872e-05,0.0,inf,inf,nonfinite_qlike
NQ/GLOBEX/B0/1h,M3_HARJ,25057,2020-09-07,1.1186711451724252e-05,0.0,inf,inf,nonfinite_qlike
NQ/GLOBEX/B0/1h,M3_HARJ,26266,2020-11-26,1.0769207916197587e-06,0.0,inf,inf,nonfinite_qlike
NQ/GLOBEX/B0/1h,M3_HARJ,26267,2020-11-26,1.0669166630637764e-06,0.0,inf,inf,nonfinite_qlike
NQ/GLOBEX/B0/1h,M3_HARJ,26926,2021-01-18,2.1383937708876297e-06,0.0,inf,inf,nonfinite_qlike
NQ/GLOBEX/B0/1h,M3_HARJ,26927,2021-01-18,2.1101992917861107e-06,0.0,inf,inf,nonfinite_qlike
NQ/GLOBEX/B0/1h,M3_HARJ,27366,2021-02-15,1.3365731810240831e-06,0.0,inf,inf,nonfinite_qlike
NQ/GLOBEX/B0/1h,M3_HARJ,27367,2021-02-15,1.3273193266391374e-06,0.0,inf,inf,nonfinite_qlike
NQ/GLOBEX/B0/1h,M3_HARJ,28045,2021-04-02,2.312481130486371e-06,0.0,inf,inf,nonfinite_qlike
NQ/GLOBEX/B0/1h,M3_HARJ,28046,2021-04-02,2.2520052078692465e-06,0.0,inf,inf,nonfinite_qlike
NQ/GLOBEX/B0/1h,M3_HARJ,28047,2021-04-02,2.2049036869127672e-06,0.0,inf,inf,nonfinite_qlike
NQ/GLOBEX/B0/1h,M3_HARJ,28048,2021-04-02,2.177814405120355e-06,0.0,inf,inf,nonfinite_qlike
NQ/GLOBEX/B0/1h,M3_HARJ,28049,2021-04-02,2.0443819405461643e-06,0.0,inf,inf,nonfinite_qlike
NQ/GLOBEX/B0/1h,M3_HARJ,28950,2021-05-31,1.0886919554140892e-06,0.0,inf,inf,nonfinite_qlike
NQ/GLOBEX/B0/1h,M3_HARJ,28951,2021-05-31,1.0854505920568805e-06,0.0,inf,inf,nonfinite_qlike
NQ/GLOBEX/B0/1h,M3_HARJ,29434,2021-07-05,9.67730775346547e-07,0.0,inf,inf,nonfinite_qlike
NQ/GLOBEX/B0/1h,M3_HARJ,29435,2021-07-05,9.603709639956453e-07,0.0,inf,inf,nonfinite_qlike
NQ/GLOBEX/B0/1h,M3_HARJ,30424,2021-09-06,1.0690533632843697e-06,0.0,inf,inf,nonfinite_qlike
NQ/GLOBEX/B0/1h,M3_HARJ,30425,2021-09-06,1.0657819040105833e-06,0.0,inf,inf,nonfinite_qlike
NQ/GLOBEX/B0/1h,M3_HARJ,31634,2021-11-25,2.4441787000567466e-06,0.0,inf,inf,nonfinite_qlike
NQ/GLOBEX/B0/1h,M3_HARJ,31635,2021-11-25,2.426281660676067e-06,0.0,inf,inf,nonfinite_qlike
NQ/GLOBEX/B0/1h,M3_HARJ,32338,2022-01-17,4.414661763884636e-06,0.0,inf,inf,nonfinite_qlike
NQ/GLOBEX/B0/1h,M3_HARJ,32339,2022-01-17,4.335133203751227e-06,0.0,inf,inf,nonfinite_qlike
NQ/GLOBEX/B0/1h,M3_HARJ,32888,2022-02-21,4.787559160669571e-06,0.0,inf,inf,nonfinite_qlike
NQ/GLOBEX/B0/1h,M3_HARJ,32889,2022-02-21,4.526363878733122e-06,0.0,inf,inf,nonfinite_qlike
NQ/GLOBEX/B0/1h,M3_HARJ,34340,2022-05-30,5.013476674354032e-06,0.0,inf,inf,nonfinite_qlike
NQ/GLOBEX/B0/1h,M3_HARJ,34341,2022-05-30,4.9034230326284045e-06,0.0,inf,inf,nonfinite_qlike
NQ/GLOBEX/B0/1h,M3_HARJ,34604,2022-06-20,9.40346218512832e-06,0.0,inf,inf,nonfinite_qlike
NQ/GLOBEX/B0/1h,M3_HARJ,34605,2022-06-20,9.347003487488388e-06,0.0,inf,inf,nonfinite_qlike
NQ/GLOBEX/B0/1h,M3_HARJ,34824,2022-07-04,6.59058070724899e-06,0.0,inf,inf,nonfinite_qlike
NQ/GLOBEX/B0/1h,M3_HARJ,34825,2022-07-04,6.545461998874159e-06,0.0,inf,inf,nonfinite_qlike
NQ/GLOBEX/B0/1h,M3_HARJ,35814,2022-09-05,5.985839558105785e-06,0.0,inf,inf,nonfinite_qlike
NQ/GLOBEX/B0/1h,M3_HARJ,35815,2022-09-05,5.926045039843178e-06,0.0,inf,inf,nonfinite_qlike
NQ/GLOBEX/B0/1h,M3_HARJ,37024,2022-11-24,2.69065348401619e-06,0.0,inf,inf,nonfinite_qlike
NQ/GLOBEX/B0/1h,M3_HARJ,37025,2022-11-24,2.6342722129018833e-06,0.0,inf,inf,nonfinite_qlike
NQ/GLOBEX/B0/1h,M3_HARJ,37706,2023-01-16,4.921907586652817e-06,0.0,inf,inf,nonfinite_qlike
NQ/GLOBEX/B0/1h,M3_HARJ,37707,2023-01-16,4.859017599692113e-06,0.0,inf,inf,nonfinite_qlike
NQ/GLOBEX/B0/1h,M3_HARJ,38256,2023-02-20,4.67102250143042e-06,0.0,inf,inf,nonfinite_qlike
NQ/GLOBEX/B0/1h,M3_HARJ,38257,2023-02-20,4.637968934256927e-06,0.0,inf,inf,nonfinite_qlike
NQ/GLOBEX/B0/1h,M3_HARJ,38935,2023-04-07,1.7729600064099167e-06,0.0,inf,inf,nonfinite_qlike
NQ/GLOBEX/B0/1h,M3_HARJ,38936,2023-04-07,1.757344501286516e-06,0.0,inf,inf,nonfinite_qlike
NQ/GLOBEX/B0/1h,M3_HARJ,38937,2023-04-07,1.746868639559576e-06,0.0,inf,inf,nonfinite_qlike
NQ/GLOBEX/B0/1h,M3_HARJ,38938,2023-04-07,1.7361852588843861e-06,0.0,inf,inf,nonfinite_qlike
NQ/GLOBEX/B0/1h,M3_HARJ,38939,2023-04-07,1.7226564889838332e-06,0.0,inf,inf,nonfinite_qlike
NQ/GLOBEX/B0/1h,M3_HARJ,39730,2023-05-29,2.0966462329542592e-06,0.0,inf,inf,nonfinite_qlike
NQ/GLOBEX/B0/1h,M3_HARJ,39731,2023-05-29,2.0793312603871314e-06,0.0,inf,inf,nonfinite_qlike
NQ/GLOBEX/B0/1h,M3_HARJ,39994,2023-06-19,2.596112105666944e-06,0.0,inf,inf,nonfinite_qlike
NQ/GLOBEX/B0/1h,M3_HARJ,39995,2023-06-19,2.557361818108597e-06,0.0,inf,inf,nonfinite_qlike
NQ/GLOBEX/B0/1h,M3_HARJ,40214,2023-07-04,2.1497205843766735e-06,0.0,inf,inf,nonfinite_qlike
NQ/GLOBEX/B0/1h,M3_HARJ,40215,2023-07-04,2.115224757729304e-06,0.0,inf,inf,nonfinite_qlike
NQ/GLOBEX/B0/1h,M3_HARJ,41182,2023-09-04,2.0865135431052256e-06,0.0,inf,inf,nonfinite_qlike
NQ/GLOBEX/B0/1h,M3_HARJ,41183,2023-09-04,2.0530818925532275e-06,0.0,inf,inf,nonfinite_qlike
NQ/GLOBEX/B0/1h,M3_HARJ,42392,2023-11-23,1.2898121270518543e-06,0.0,inf,inf,nonfinite_qlike
NQ/GLOBEX/B0/1h,M3_HARJ,42393,2023-11-23,1.2740064042855735e-06,0.0,inf,inf,nonfinite_qlike
NQ/GLOBEX/B0/1h,M4_HARQ,679,2016-02-15,4.5624667554913415e-06,0.0,inf,inf,nonfinite_qlike
NQ/GLOBEX/B0/1h,M4_HARQ,680,2016-02-15,3.5893343376351553e-06,0.0,inf,inf,nonfinite_qlike
NQ/GLOBEX/B0/1h,M4_HARQ,681,2016-02-15,3.6396652292205013e-06,0.0,inf,inf,nonfinite_qlike
NQ/GLOBEX/B0/1h,M4_HARQ,2556,2016-06-24,1e-300,0.00012695919576799497,1.2695919576799496e+296,0.32005955639271616,below_1e-12
NQ/GLOBEX/B0/1h,M4_HARQ,5519,2017-01-16,7.623433439560094e-07,0.0,inf,inf,nonfinite_qlike
NQ/GLOBEX/B0/1h,M4_HARQ,5520,2017-01-16,5.141212457785273e-07,0.0,inf,inf,nonfinite_qlike
NQ/GLOBEX/B0/1h,M4_HARQ,5521,2017-01-16,5.100713735993408e-07,0.0,inf,inf,nonfinite_qlike
NQ/GLOBEX/B0/1h,M4_HARQ,6069,2017-02-20,5.976151392070926e-07,0.0,inf,inf,nonfinite_qlike
NQ/GLOBEX/B0/1h,M4_HARQ,6070,2017-02-20,3.511769927206083e-07,0.0,inf,inf,nonfinite_qlike
NQ/GLOBEX/B0/1h,M4_HARQ,6071,2017-02-20,3.493942748075128e-07,0.0,inf,inf,nonfinite_qlike
NQ/GLOBEX/B0/1h,M4_HARQ,7983,2017-07-04,4.263717759914777e-06,0.0,inf,inf,nonfinite_qlike
NQ/GLOBEX/B0/1h,M4_HARQ,7984,2017-07-04,1.0811775469586499e-06,0.0,inf,inf,nonfinite_qlike
NQ/GLOBEX/B0/1h,M4_HARQ,7985,2017-07-04,1.0721555626518287e-06,0.0,inf,inf,nonfinite_qlike
NQ/GLOBEX/B0/1h,M4_HARQ,8951,2017-09-04,8.972436768316358e-07,0.0,inf,inf,nonfinite_qlike
NQ/GLOBEX/B0/1h,M4_HARQ,8952,2017-09-04,5.862398168742737e-07,0.0,inf,inf,nonfinite_qlike
NQ/GLOBEX/B0/1h,M4_HARQ,8953,2017-09-04,5.837677173812142e-07,0.0,inf,inf,nonfinite_qlike
NQ/GLOBEX/B0/1h,M4_HARQ,10161,2017-11-23,5.07458571543238e-07,0.0,inf,inf,nonfinite_qlike
NQ/GLOBEX/B0/1h,M4_HARQ,10162,2017-11-23,3.606958787690429e-07,0.0,inf,inf,nonfinite_qlike
NQ/GLOBEX/B0/1h,M4_HARQ,10163,2017-11-23,3.5913961745465273e-07,0.0,inf,inf,nonfinite_qlike
NQ/GLOBEX/B0/1h,M4_HARQ,10843,2018-01-15,7.878883892013255e-07,0.0,inf,inf,nonfinite_qlike
NQ/GLOBEX/B0/1h,M4_HARQ,10844,2018-01-15,4.6512403972333476e-07,0.0,inf,inf,nonfinite_qlike
NQ/GLOBEX/B0/1h,M4_HARQ,10845,2018-01-15,4.632902903047264e-07,0.0,inf,inf,nonfinite_qlike
NQ/GLOBEX/B0/1h,M4_HARQ,11393,2018-02-19,5.182519765185917e-06,0.0,inf,inf,nonfinite_qlike
NQ/GLOBEX/B0/1h,M4_HARQ,11394,2018-02-19,1.4928838018583838e-06,0.0,inf,inf,nonfinite_qlike
NQ/GLOBEX/B0/1h,M4_HARQ,11395,2018-02-19,1.4617044409198354e-06,0.0,inf,inf,nonfinite_qlike
NQ/GLOBEX/B0/1h,M4_HARQ,12845,2018-05-28,1.3866635471501897e-06,0.0,inf,inf,nonfinite_qlike
NQ/GLOBEX/B0/1h,M4_HARQ,12846,2018-05-28,6.076457156857969e-07,0.0,inf,inf,nonfinite_qlike
NQ/GLOBEX/B0/1h,M4_HARQ,12847,2018-05-28,5.94251124240059e-07,0.0,inf,inf,nonfinite_qlike
NQ/GLOBEX/B0/1h,M4_HARQ,13351,2018-07-04,2.1619752719065895e-06,0.0,inf,inf,nonfinite_qlike
NQ/GLOBEX/B0/1h,M4_HARQ,13352,2018-07-04,1.2939179727387518e-06,0.0,inf,inf,nonfinite_qlike
NQ/GLOBEX/B0/1h,M4_HARQ,13353,2018-07-04,1.289213393807426e-06,0.0,inf,inf,nonfinite_qlike
NQ/GLOBEX/B0/1h,M4_HARQ,14297,2018-09-03,7.967295153624229e-07,0.0,inf,inf,nonfinite_qlike
NQ/GLOBEX/B0/1h,M4_HARQ,14298,2018-09-03,3.746880990286829e-07,0.0,inf,inf,nonfinite_qlike
NQ/GLOBEX/B0/1h,M4_HARQ,14299,2018-09-03,3.7195783399865304e-07,0.0,inf,inf,nonfinite_qlike
NQ/GLOBEX/B0/1h,M4_HARQ,15507,2018-11-22,6.004008850805917e-06,0.0,inf,inf,nonfinite_qlike
NQ/GLOBEX/B0/1h,M4_HARQ,15508,2018-11-22,2.9853355865649013e-06,0.0,inf,inf,nonfinite_qlike
NQ/GLOBEX/B0/1h,M4_HARQ,15509,2018-11-22,2.9398599530457884e-06,0.0,inf,inf,nonfinite_qlike
NQ/GLOBEX/B0/1h,M4_HARQ,15680,2018-12-05,2.091069681702179e-06,0.0,inf,inf,nonfinite_qlike
NQ/GLOBEX/B0/1h,M4_HARQ,15681,2018-12-05,1.5749702248503605e-06,0.0,inf,inf,nonfinite_qlike
NQ/GLOBEX/B0/1h,M4_HARQ,15682,2018-12-05,1.5285775542473404e-06,0.0,inf,inf,nonfinite_qlike
NQ/GLOBEX/B0/1h,M4_HARQ,15683,2018-12-05,1.4494524329787579e-06,0.0,inf,inf,nonfinite_qlike
NQ/GLOBEX/B0/1h,M4_HARQ,15684,2018-12-05,1.419446995231336e-06,0.0,inf,inf,nonfinite_qlike
NQ/GLOBEX/B0/1h,M4_HARQ,15685,2018-12-05,1.391343691859599e-06,0.0,inf,inf,nonfinite_qlike
NQ/GLOBEX/B0/1h,M4_HARQ,16277,2019-01-21,2.0724314621863988e-06,0.0,inf,inf,nonfinite_qlike
NQ/GLOBEX/B0/1h,M4_HARQ,16278,2019-01-21,1.0535054760049872e-06,0.0,inf,inf,nonfinite_qlike
NQ/GLOBEX/B0/1h,M4_HARQ,16279,2019-01-21,1.0491232036515172e-06,0.0,inf,inf,nonfinite_qlike
NQ/GLOBEX/B0/1h,M4_HARQ,16717,2019-02-18,1.797374076893634e-06,0.0,inf,inf,nonfinite_qlike
NQ/GLOBEX/B0/1h,M4_HARQ,16718,2019-02-18,9.002299179845809e-07,0.0,inf,inf,nonfinite_qlike
NQ/GLOBEX/B0/1h,M4_HARQ,16719,2019-02-18,8.875500984625931e-07,0.0,inf,inf,nonfinite_qlike
NQ/GLOBEX/B0/1h,M4_HARQ,16854,2019-02-27,1.2720203410259315e-06,0.0,inf,inf,nonfinite_qlike
NQ/GLOBEX/B0/1h,M4_HARQ,16855,2019-02-27,8.11400737240099e-07,0.0,inf,inf,nonfinite_qlike
NQ/GLOBEX/B0/1h,M4_HARQ,18169,2019-05-27,1.4230716562974088e-06,0.0,inf,inf,nonfinite_qlike
NQ/GLOBEX/B0/1h,M4_HARQ,18170,2019-05-27,1.1445385945623878e-06,0.0,inf,inf,nonfinite_qlike
NQ/GLOBEX/B0/1h,M4_HARQ,18171,2019-05-27,1.1236409350876875e-06,0.0,inf,inf,nonfinite_qlike
NQ/GLOBEX/B0/1h,M4_HARQ,18697,2019-07-04,8.860148046119601e-07,0.0,inf,inf,nonfinite_qlike
NQ/GLOBEX/B0/1h,M4_HARQ,18698,2019-07-04,6.295727259383804e-07,0.0,inf,inf,nonfinite_qlike
NQ/GLOBEX/B0/1h,M4_HARQ,18699,2019-07-04,6.211180804239937e-07,0.0,inf,inf,nonfinite_qlike
NQ/GLOBEX/B0/1h,M4_HARQ,19621,2019-09-02,6.230526616793923e-06,0.0,inf,inf,nonfinite_qlike
NQ/GLOBEX/B0/1h,M4_HARQ,19622,2019-09-02,1.708886615483274e-06,0.0,inf,inf,nonfinite_qlike
NQ/GLOBEX/B0/1h,M4_HARQ,19623,2019-09-02,1.6952763916085994e-06,0.0,inf,inf,nonfinite_qlike
NQ/GLOBEX/B0/1h,M4_HARQ,20941,2019-11-28,5.885587888883746e-07,0.0,inf,inf,nonfinite_qlike
NQ/GLOBEX/B0/1h,M4_HARQ,20942,2019-11-28,4.517245471983688e-07,0.0,inf,inf,nonfinite_qlike
NQ/GLOBEX/B0/1h,M4_HARQ,20943,2019-11-28,4.472446315082174e-07,0.0,inf,inf,nonfinite_qlike
NQ/GLOBEX/B0/1h,M4_HARQ,21601,2020-01-20,7.406210945799147e-07,0.0,inf,inf,nonfinite_qlike
NQ/GLOBEX/B0/1h,M4_HARQ,21602,2020-01-20,6.354077700195388e-07,0.0,inf,inf,nonfinite_qlike
NQ/GLOBEX/B0/1h,M4_HARQ,21603,2020-01-20,6.336396593908846e-07,0.0,inf,inf,nonfinite_qlike
NQ/GLOBEX/B0/1h,M4_HARQ,22041,2020-02-17,1.1634890821010461e-06,0.0,inf,inf,nonfinite_qlike
NQ/GLOBEX/B0/1h,M4_HARQ,22042,2020-02-17,7.875108180455146e-07,0.0,inf,inf,nonfinite_qlike
NQ/GLOBEX/B0/1h,M4_HARQ,22043,2020-02-17,7.848387809880357e-07,0.0,inf,inf,nonfinite_qlike
NQ/GLOBEX/B0/1h,M4_HARQ,22280,2020-03-03,1e-300,0.0002697144645935623,2.6971446459356228e+296,0.6799404436072839,below_1e-12
NQ/GLOBEX/B0/1h,M4_HARQ,22356,2020-03-09,2.7215771416721066e-05,0.0,inf,inf,nonfinite_qlike
NQ/GLOBEX/B0/1h,M4_HARQ,22358,2020-03-09,2.6055947479032847e-05,0.0,inf,inf,nonfinite_qlike
NQ/GLOBEX/B0/1h,M4_HARQ,22361,2020-03-09,1.6854646549860354e-05,0.0,inf,inf,nonfinite_qlike
NQ/GLOBEX/B0/1h,M4_HARQ,22362,2020-03-09,1.6728118513618817e-05,0.0,inf,inf,nonfinite_qlike
NQ/GLOBEX/B0/1h,M4_HARQ,22364,2020-03-09,2.16128309869338e-05,0.0,inf,inf,nonfinite_qlike
NQ/GLOBEX/B0/1h,M4_HARQ,22365,2020-03-09,1.6211274223919144e-05,0.0,inf,inf,nonfinite_qlike
NQ/GLOBEX/B0/1h,M4_HARQ,22366,2020-03-09,1.6027315739564892e-05,0.0,inf,inf,nonfinite_qlike
NQ/GLOBEX/B0/1h,M4_HARQ,22448,2020-03-18,6.453568680839768e-05,0.0,inf,inf,nonfinite_qlike
NQ/GLOBEX/B0/1h,M4_HARQ,22449,2020-03-18,4.384813741860126e-05,0.0,inf,inf,nonfinite_qlike
NQ/GLOBEX/B0/1h,M4_HARQ,22450,2020-03-18,4.37048559109758e-05,0.0,inf,inf,nonfinite_qlike
NQ/GLOBEX/B0/1h,M4_HARQ,22451,2020-03-18,4.357087640510892e-05,0.0,inf,inf,nonfinite_qlike
NQ/GLOBEX/B0/1h,M4_HARQ,22452,2020-03-18,4.336519938141094e-05,0.0,inf,inf,nonfinite_qlike
NQ/GLOBEX/B0/1h,M4_HARQ,22453,2020-03-18,4.322791792784825e-05,0.0,inf,inf,nonfinite_qlike
NQ/GLOBEX/B0/1h,M4_HARQ,22454,2020-03-18,4.307997195969912e-05,0.0,inf,inf,nonfinite_qlike
NQ/GLOBEX/B0/1h,M4_HARQ,22540,2020-03-24,0.00012031938466994051,0.0,inf,inf,nonfinite_qlike
NQ/GLOBEX/B0/1h,M4_HARQ,23494,2020-05-25,1.798126685238734e-06,0.0,inf,inf,nonfinite_qlike
NQ/GLOBEX/B0/1h,M4_HARQ,23495,2020-05-25,1.7811937644359774e-06,0.0,inf,inf,nonfinite_qlike
NQ/GLOBEX/B0/1h,M4_HARQ,24003,2020-07-01,3.5135475447042338e-06,0.0,inf,inf,nonfinite_qlike
NQ/GLOBEX/B0/1h,M4_HARQ,25056,2020-09-07,8.45936804142365e-06,0.0,inf,inf,nonfinite_qlike
NQ/GLOBEX/B0/1h,M4_HARQ,25057,2020-09-07,8.447899506082179e-06,0.0,inf,inf,nonfinite_qlike
NQ/GLOBEX/B0/1h,M4_HARQ,26266,2020-11-26,2.752108276707956e-07,0.0,inf,inf,nonfinite_qlike
NQ/GLOBEX/B0/1h,M4_HARQ,26267,2020-11-26,2.6761796474520046e-07,0.0,inf,inf,nonfinite_qlike
NQ/GLOBEX/B0/1h,M4_HARQ,26926,2021-01-18,1.3290875677152804e-06,0.0,inf,inf,nonfinite_qlike
NQ/GLOBEX/B0/1h,M4_HARQ,26927,2021-01-18,1.307341923159429e-06,0.0,inf,inf,nonfinite_qlike
NQ/GLOBEX/B0/1h,M4_HARQ,27366,2021-02-15,6.541993490983497e-07,0.0,inf,inf,nonfinite_qlike
NQ/GLOBEX/B0/1h,M4_HARQ,27367,2021-02-15,6.468150995169341e-07,0.0,inf,inf,nonfinite_qlike
NQ/GLOBEX/B0/1h,M4_HARQ,28045,2021-04-02,1.2889444697743335e-06,0.0,inf,inf,nonfinite_qlike
NQ/GLOBEX/B0/1h,M4_HARQ,28046,2021-04-02,1.241998954232325e-06,0.0,inf,inf,nonfinite_qlike
NQ/GLOBEX/B0/1h,M4_HARQ,28047,2021-04-02,1.2053417247766348e-06,0.0,inf,inf,nonfinite_qlike
NQ/GLOBEX/B0/1h,M4_HARQ,28048,2021-04-02,1.1851128273362612e-06,0.0,inf,inf,nonfinite_qlike
NQ/GLOBEX/B0/1h,M4_HARQ,28049,2021-04-02,1.0780450877144675e-06,0.0,inf,inf,nonfinite_qlike
NQ/GLOBEX/B0/1h,M4_HARQ,28950,2021-05-31,4.489089945483837e-07,0.0,inf,inf,nonfinite_qlike
NQ/GLOBEX/B0/1h,M4_HARQ,28951,2021-05-31,4.4643482908794224e-07,0.0,inf,inf,nonfinite_qlike
NQ/GLOBEX/B0/1h,M4_HARQ,29434,2021-07-05,4.297568011281866e-07,0.0,inf,inf,nonfinite_qlike
NQ/GLOBEX/B0/1h,M4_HARQ,29435,2021-07-05,4.237435745317641e-07,0.0,inf,inf,nonfinite_qlike
NQ/GLOBEX/B0/1h,M4_HARQ,30424,2021-09-06,5.335597727827054e-07,0.0,inf,inf,nonfinite_qlike
NQ/GLOBEX/B0/1h,M4_HARQ,30425,2021-09-06,5.309247101698349e-07,0.0,inf,inf,nonfinite_qlike
NQ/GLOBEX/B0/1h,M4_HARQ,31634,2021-11-25,1.6371936907161193e-06,0.0,inf,inf,nonfinite_qlike
NQ/GLOBEX/B0/1h,M4_HARQ,31635,2021-11-25,1.622732088498933e-06,0.0,inf,inf,nonfinite_qlike
NQ/GLOBEX/B0/1h,M4_HARQ,32338,2022-01-17,3.1582288714778226e-06,0.0,inf,inf,nonfinite_qlike
NQ/GLOBEX/B0/1h,M4_HARQ,32339,2022-01-17,3.0970796335445046e-06,0.0,inf,inf,nonfinite_qlike
NQ/GLOBEX/B0/1h,M4_HARQ,32888,2022-02-21,3.22881079671587e-06,0.0,inf,inf,nonfinite_qlike
NQ/GLOBEX/B0/1h,M4_HARQ,32889,2022-02-21,3.013749873692322e-06,0.0,inf,inf,nonfinite_qlike
NQ/GLOBEX/B0/1h,M4_HARQ,34340,2022-05-30,3.4161049039163832e-06,0.0,inf,inf,nonfinite_qlike
NQ/GLOBEX/B0/1h,M4_HARQ,34341,2022-05-30,3.323032946865399e-06,0.0,inf,inf,nonfinite_qlike
NQ/GLOBEX/B0/1h,M4_HARQ,34604,2022-06-20,7.355020261015005e-06,0.0,inf,inf,nonfinite_qlike
NQ/GLOBEX/B0/1h,M4_HARQ,34605,2022-06-20,7.3079110278587155e-06,0.0,inf,inf,nonfinite_qlike
NQ/GLOBEX/B0/1h,M4_HARQ,34824,2022-07-04,5.001259221914842e-06,0.0,inf,inf,nonfinite_qlike
NQ/GLOBEX/B0/1h,M4_HARQ,34825,2022-07-04,4.962662820465577e-06,0.0,inf,inf,nonfinite_qlike
NQ/GLOBEX/B0/1h,M4_HARQ,35814,2022-09-05,4.730278002064195e-06,0.0,inf,inf,nonfinite_qlike
NQ/GLOBEX/B0/1h,M4_HARQ,35815,2022-09-05,4.679339836148991e-06,0.0,inf,inf,nonfinite_qlike
NQ/GLOBEX/B0/1h,M4_HARQ,37024,2022-11-24,2.0740706036240773e-06,0.0,inf,inf,nonfinite_qlike
NQ/GLOBEX/B0/1h,M4_HARQ,37025,2022-11-24,2.024259506359628e-06,0.0,inf,inf,nonfinite_qlike
NQ/GLOBEX/B0/1h,M4_HARQ,37706,2023-01-16,4.1189023083991465e-06,0.0,inf,inf,nonfinite_qlike
NQ/GLOBEX/B0/1h,M4_HARQ,37707,2023-01-16,4.063038306245749e-06,0.0,inf,inf,nonfinite_qlike
NQ/GLOBEX/B0/1h,M4_HARQ,38256,2023-02-20,3.916979008229705e-06,0.0,inf,inf,nonfinite_qlike
NQ/GLOBEX/B0/1h,M4_HARQ,38257,2023-02-20,3.88765549948438e-06,0.0,inf,inf,nonfinite_qlike
NQ/GLOBEX/B0/1h,M4_HARQ,38935,2023-04-07,1.3515656161078952e-06,0.0,inf,inf,nonfinite_qlike
NQ/GLOBEX/B0/1h,M4_HARQ,38936,2023-04-07,1.337802952355949e-06,0.0,inf,inf,nonfinite_qlike
NQ/GLOBEX/B0/1h,M4_HARQ,38937,2023-04-07,1.3285154720808648e-06,0.0,inf,inf,nonfinite_qlike
NQ/GLOBEX/B0/1h,M4_HARQ,38938,2023-04-07,1.319031033246718e-06,0.0,inf,inf,nonfinite_qlike
NQ/GLOBEX/B0/1h,M4_HARQ,38939,2023-04-07,1.3069733287344978e-06,0.0,inf,inf,nonfinite_qlike
NQ/GLOBEX/B0/1h,M4_HARQ,39730,2023-05-29,1.6768707634369772e-06,0.0,inf,inf,nonfinite_qlike
NQ/GLOBEX/B0/1h,M4_HARQ,39731,2023-05-29,1.6614305806046533e-06,0.0,inf,inf,nonfinite_qlike
NQ/GLOBEX/B0/1h,M4_HARQ,39994,2023-06-19,2.122073856504943e-06,0.0,inf,inf,nonfinite_qlike
NQ/GLOBEX/B0/1h,M4_HARQ,39995,2023-06-19,2.0874044589458885e-06,0.0,inf,inf,nonfinite_qlike
NQ/GLOBEX/B0/1h,M4_HARQ,40214,2023-07-04,1.718569266482299e-06,0.0,inf,inf,nonfinite_qlike
NQ/GLOBEX/B0/1h,M4_HARQ,40215,2023-07-04,1.6876547920469882e-06,0.0,inf,inf,nonfinite_qlike
NQ/GLOBEX/B0/1h,M4_HARQ,41182,2023-09-04,1.6555569459532918e-06,0.0,inf,inf,nonfinite_qlike
NQ/GLOBEX/B0/1h,M4_HARQ,41183,2023-09-04,1.6257038129471707e-06,0.0,inf,inf,nonfinite_qlike
NQ/GLOBEX/B0/1h,M4_HARQ,42392,2023-11-23,9.530468117415213e-07,0.0,inf,inf,nonfinite_qlike
NQ/GLOBEX/B0/1h,M4_HARQ,42393,2023-11-23,9.390132504688085e-07,0.0,inf,inf,nonfinite_qlike
NQ/GLOBEX/B0/30min,M3_HARJ,11288,2017-01-16,4.84614064191803e-07,0.0,inf,inf,nonfinite_qlike
NQ/GLOBEX/B0/30min,M3_HARJ,11289,2017-01-16,3.816674635323981e-07,0.0,inf,inf,nonfinite_qlike
NQ/GLOBEX/B0/30min,M3_HARJ,11290,2017-01-16,3.806074583939305e-07,0.0,inf,inf,nonfinite_qlike
NQ/GLOBEX/B0/30min,M3_HARJ,11291,2017-01-16,3.7827869008000235e-07,0.0,inf,inf,nonfinite_qlike
NQ/GLOBEX/B0/30min,M3_HARJ,11292,2017-01-16,3.770887344183874e-07,0.0,inf,inf,nonfinite_qlike
NQ/GLOBEX/B0/30min,M3_HARJ,11293,2017-01-16,3.7589175051206954e-07,0.0,inf,inf,nonfinite_qlike
NQ/GLOBEX/B0/30min,M3_HARJ,11294,2017-01-16,3.746921477261891e-07,0.0,inf,inf,nonfinite_qlike
NQ/GLOBEX/B0/30min,M3_HARJ,12413,2017-02-20,4.149795623786122e-07,0.0,inf,inf,nonfinite_qlike
NQ/GLOBEX/B0/30min,M3_HARJ,12414,2017-02-20,2.568368600321041e-07,0.0,inf,inf,nonfinite_qlike
NQ/GLOBEX/B0/30min,M3_HARJ,12415,2017-02-20,2.563427663432005e-07,0.0,inf,inf,nonfinite_qlike
NQ/GLOBEX/B0/30min,M3_HARJ,12416,2017-02-20,2.556045490761964e-07,0.0,inf,inf,nonfinite_qlike
NQ/GLOBEX/B0/30min,M3_HARJ,12417,2017-02-20,2.5494147195028734e-07,0.0,inf,inf,nonfinite_qlike
NQ/GLOBEX/B0/30min,M3_HARJ,12418,2017-02-20,2.5412139352969917e-07,0.0,inf,inf,nonfinite_qlike
NQ/GLOBEX/B0/30min,M3_HARJ,12419,2017-02-20,2.5359242559411435e-07,0.0,inf,inf,nonfinite_qlike
NQ/GLOBEX/B0/30min,M3_HARJ,16328,2017-07-04,1.4606161076693817e-06,0.0,inf,inf,nonfinite_qlike
NQ/GLOBEX/B0/30min,M3_HARJ,16329,2017-07-04,8.706267531046162e-07,0.0,inf,inf,nonfinite_qlike
NQ/GLOBEX/B0/30min,M3_HARJ,16330,2017-07-04,8.694227534550367e-07,0.0,inf,inf,nonfinite_qlike
NQ/GLOBEX/B0/30min,M3_HARJ,16331,2017-07-04,8.646271909539172e-07,0.0,inf,inf,nonfinite_qlike
NQ/GLOBEX/B0/30min,M3_HARJ,16332,2017-07-04,8.616192866404779e-07,0.0,inf,inf,nonfinite_qlike
NQ/GLOBEX/B0/30min,M3_HARJ,16333,2017-07-04,8.57531425963969e-07,0.0,inf,inf,nonfinite_qlike
NQ/GLOBEX/B0/30min,M3_HARJ,16334,2017-07-04,8.514588319505587e-07,0.0,inf,inf,nonfinite_qlike
NQ/GLOBEX/B0/30min,M3_HARJ,18308,2017-09-04,5.419888619780075e-07,0.0,inf,inf,nonfinite_qlike
NQ/GLOBEX/B0/30min,M3_HARJ,18309,2017-09-04,4.3319101355113834e-07,0.0,inf,inf,nonfinite_qlike
NQ/GLOBEX/B0/30min,M3_HARJ,18310,2017-09-04,4.315141689359288e-07,0.0,inf,inf,nonfinite_qlike
NQ/GLOBEX/B0/30min,M3_HARJ,18311,2017-09-04,4.3032537009079987e-07,0.0,inf,inf,nonfinite_qlike
NQ/GLOBEX/B0/30min,M3_HARJ,18312,2017-09-04,4.294809479188853e-07,0.0,inf,inf,nonfinite_qlike
NQ/GLOBEX/B0/30min,M3_HARJ,18313,2017-09-04,4.2790796234357974e-07,0.0,inf,inf,nonfinite_qlike
NQ/GLOBEX/B0/30min,M3_HARJ,18314,2017-09-04,4.2530816072326506e-07,0.0,inf,inf,nonfinite_qlike
NQ/GLOBEX/B0/30min,M3_HARJ,20783,2017-11-23,3.0225322604241274e-07,0.0,inf,inf,nonfinite_qlike
NQ/GLOBEX/B0/30min,M3_HARJ,20784,2017-11-23,2.57382114640324e-07,0.0,inf,inf,nonfinite_qlike
NQ/GLOBEX/B0/30min,M3_HARJ,20785,2017-11-23,2.563020518178326e-07,0.0,inf,inf,nonfinite_qlike
NQ/GLOBEX/B0/30min,M3_HARJ,20786,2017-11-23,2.5565801205211634e-07,0.0,inf,inf,nonfinite_qlike
NQ/GLOBEX/B0/30min,M3_HARJ,20787,2017-11-23,2.55054172665982e-07,0.0,inf,inf,nonfinite_qlike
NQ/GLOBEX/B0/30min,M3_HARJ,20788,2017-11-23,2.536195066697359e-07,0.0,inf,inf,nonfinite_qlike
NQ/GLOBEX/B0/30min,M3_HARJ,20789,2017-11-23,2.517291567354892e-07,0.0,inf,inf,nonfinite_qlike
NQ/GLOBEX/B0/30min,M3_HARJ,22178,2018-01-15,4.5838795835088093e-07,0.0,inf,inf,nonfinite_qlike
NQ/GLOBEX/B0/30min,M3_HARJ,22179,2018-01-15,3.368201300373133e-07,0.0,inf,inf,nonfinite_qlike
NQ/GLOBEX/B0/30min,M3_HARJ,22180,2018-01-15,3.363540902706219e-07,0.0,inf,inf,nonfinite_qlike
NQ/GLOBEX/B0/30min,M3_HARJ,22181,2018-01-15,3.359552721542066e-07,0.0,inf,inf,nonfinite_qlike
NQ/GLOBEX/B0/30min,M3_HARJ,22182,2018-01-15,3.349483418486945e-07,0.0,inf,inf,nonfinite_qlike
NQ/GLOBEX/B0/30min,M3_HARJ,22183,2018-01-15,3.3400338207844757e-07,0.0,inf,inf,nonfinite_qlike
NQ/GLOBEX/B0/30min,M3_HARJ,22184,2018-01-15,3.3312481605707224e-07,0.0,inf,inf,nonfinite_qlike
NQ/GLOBEX/B0/30min,M3_HARJ,23303,2018-02-19,3.2876253439093735e-06,0.0,inf,inf,nonfinite_qlike
NQ/GLOBEX/B0/30min,M3_HARJ,23304,2018-02-19,1.5487213792393008e-06,0.0,inf,inf,nonfinite_qlike
NQ/GLOBEX/B0/30min,M3_HARJ,23305,2018-02-19,1.5387014141766803e-06,0.0,inf,inf,nonfinite_qlike
NQ/GLOBEX/B0/30min,M3_HARJ,23306,2018-02-19,1.5270385979778986e-06,0.0,inf,inf,nonfinite_qlike
NQ/GLOBEX/B0/30min,M3_HARJ,23307,2018-02-19,1.5143211359525213e-06,0.0,inf,inf,nonfinite_qlike
NQ/GLOBEX/B0/30min,M3_HARJ,23308,2018-02-19,1.505067694741337e-06,0.0,inf,inf,nonfinite_qlike
NQ/GLOBEX/B0/30min,M3_HARJ,23309,2018-02-19,1.4613835217850066e-06,0.0,inf,inf,nonfinite_qlike
NQ/GLOBEX/B0/30min,M3_HARJ,25335,2018-04-30,1.9112348170935616e-06,0.0,inf,inf,nonfinite_qlike
NQ/GLOBEX/B0/30min,M3_HARJ,26273,2018-05-28,8.96250944814106e-07,0.0,inf,inf,nonfinite_qlike
NQ/GLOBEX/B0/30min,M3_HARJ,26274,2018-05-28,5.567461365749919e-07,0.0,inf,inf,nonfinite_qlike
NQ/GLOBEX/B0/30min,M3_HARJ,26275,2018-05-28,5.534761194441858e-07,0.0,inf,inf,nonfinite_qlike
NQ/GLOBEX/B0/30min,M3_HARJ,26276,2018-05-28,5.458865671728617e-07,0.0,inf,inf,nonfinite_qlike
NQ/GLOBEX/B0/30min,M3_HARJ,26277,2018-05-28,5.435859249227366e-07,0.0,inf,inf,nonfinite_qlike
NQ/GLOBEX/B0/30min,M3_HARJ,26278,2018-05-28,5.389187513200367e-07,0.0,inf,inf,nonfinite_qlike
NQ/GLOBEX/B0/30min,M3_HARJ,26279,2018-05-28,5.357719716327352e-07,0.0,inf,inf,nonfinite_qlike
NQ/GLOBEX/B0/30min,M3_HARJ,27308,2018-07-04,1.281338035447395e-06,0.0,inf,inf,nonfinite_qlike
NQ/GLOBEX/B0/30min,M3_HARJ,27309,2018-07-04,1.0456374775635985e-06,0.0,inf,inf,nonfinite_qlike
NQ/GLOBEX/B0/30min,M3_HARJ,27310,2018-07-04,1.0422871447872988e-06,0.0,inf,inf,nonfinite_qlike
NQ/GLOBEX/B0/30min,M3_HARJ,27311,2018-07-04,1.0409159995579063e-06,0.0,inf,inf,nonfinite_qlike
NQ/GLOBEX/B0/30min,M3_HARJ,27312,2018-07-04,1.0383542453899223e-06,0.0,inf,inf,nonfinite_qlike
NQ/GLOBEX/B0/30min,M3_HARJ,27313,2018-07-04,1.035442534422459e-06,0.0,inf,inf,nonfinite_qlike
NQ/GLOBEX/B0/30min,M3_HARJ,27314,2018-07-04,1.028229384886165e-06,0.0,inf,inf,nonfinite_qlike
NQ/GLOBEX/B0/30min,M3_HARJ,29243,2018-09-03,4.5240181324827585e-07,0.0,inf,inf,nonfinite_qlike
NQ/GLOBEX/B0/30min,M3_HARJ,29244,2018-09-03,3.429354852052804e-07,0.0,inf,inf,nonfinite_qlike
NQ/GLOBEX/B0/30min,M3_HARJ,29245,2018-09-03,3.4239389560476107e-07,0.0,inf,inf,nonfinite_qlike
NQ/GLOBEX/B0/30min,M3_HARJ,29246,2018-09-03,3.4126543393981295e-07,0.0,inf,inf,nonfinite_qlike
NQ/GLOBEX/B0/30min,M3_HARJ,29247,2018-09-03,3.403183276730953e-07,0.0,inf,inf,nonfinite_qlike
NQ/GLOBEX/B0/30min,M3_HARJ,29248,2018-09-03,3.391957703807239e-07,0.0,inf,inf,nonfinite_qlike
NQ/GLOBEX/B0/30min,M3_HARJ,29249,2018-09-03,3.3732122704749913e-07,0.0,inf,inf,nonfinite_qlike
NQ/GLOBEX/B0/30min,M3_HARJ,31718,2018-11-22,3.657940738390204e-06,0.0,inf,inf,nonfinite_qlike
NQ/GLOBEX/B0/30min,M3_HARJ,31719,2018-11-22,2.4154394876574085e-06,0.0,inf,inf,nonfinite_qlike
NQ/GLOBEX/B0/30min,M3_HARJ,31720,2018-11-22,2.3806676131683843e-06,0.0,inf,inf,nonfinite_qlike
NQ/GLOBEX/B0/30min,M3_HARJ,31721,2018-11-22,2.3633306230943503e-06,0.0,inf,inf,nonfinite_qlike
NQ/GLOBEX/B0/30min,M3_HARJ,31722,2018-11-22,2.349172387429684e-06,0.0,inf,inf,nonfinite_qlike
NQ/GLOBEX/B0/30min,M3_HARJ,31723,2018-11-22,2.289957331574164e-06,0.0,inf,inf,nonfinite_qlike
NQ/GLOBEX/B0/30min,M3_HARJ,31724,2018-11-22,2.262516236157796e-06,0.0,inf,inf,nonfinite_qlike
NQ/GLOBEX/B0/30min,M3_HARJ,32071,2018-12-05,1.7027044369871993e-06,0.0,inf,inf,nonfinite_qlike
NQ/GLOBEX/B0/30min,M3_HARJ,32072,2018-12-05,1.3256053652174856e-06,0.0,inf,inf,nonfinite_qlike
NQ/GLOBEX/B0/30min,M3_HARJ,32073,2018-12-05,1.314519690936159e-06,0.0,inf,inf,nonfinite_qlike
NQ/GLOBEX/B0/30min,M3_HARJ,32074,2018-12-05,1.305867875888748e-06,0.0,inf,inf,nonfinite_qlike
NQ/GLOBEX/B0/30min,M3_HARJ,32075,2018-12-05,1.2997808045283665e-06,0.0,inf,inf,nonfinite_qlike
NQ/GLOBEX/B0/30min,M3_HARJ,32076,2018-12-05,1.2729598424711072e-06,0.0,inf,inf,nonfinite_qlike
NQ/GLOBEX/B0/30min,M3_HARJ,32077,2018-12-05,1.2398545580328034e-06,0.0,inf,inf,nonfinite_qlike
NQ/GLOBEX/B0/30min,M3_HARJ,32078,2018-12-05,1.2190009143890374e-06,0.0,inf,inf,nonfinite_qlike
NQ/GLOBEX/B0/30min,M3_HARJ,32079,2018-12-05,1.2078713863794187e-06,0.0,inf,inf,nonfinite_qlike
NQ/GLOBEX/B0/30min,M3_HARJ,32080,2018-12-05,1.198410556340152e-06,0.0,inf,inf,nonfinite_qlike
NQ/GLOBEX/B0/30min,M3_HARJ,32081,2018-12-05,1.1846147148444508e-06,0.0,inf,inf,nonfinite_qlike
NQ/GLOBEX/B0/30min,M3_HARJ,32082,2018-12-05,1.1773963947853615e-06,0.0,inf,inf,nonfinite_qlike
NQ/GLOBEX/B0/30min,M3_HARJ,32083,2018-12-05,1.169673823833165e-06,0.0,inf,inf,nonfinite_qlike
NQ/GLOBEX/B0/30min,M3_HARJ,32084,2018-12-05,1.1647326441546253e-06,0.0,inf,inf,nonfinite_qlike
NQ/GLOBEX/B0/30min,M3_HARJ,33293,2019-01-21,1.4545659147005456e-06,0.0,inf,inf,nonfinite_qlike
NQ/GLOBEX/B0/30min,M3_HARJ,33294,2019-01-21,8.918168013661402e-07,0.0,inf,inf,nonfinite_qlike
NQ/GLOBEX/B0/30min,M3_HARJ,33295,2019-01-21,8.898665626979586e-07,0.0,inf,inf,nonfinite_qlike
NQ/GLOBEX/B0/30min,M3_HARJ,33296,2019-01-21,8.878767249569874e-07,0.0,inf,inf,nonfinite_qlike
NQ/GLOBEX/B0/30min,M3_HARJ,33297,2019-01-21,8.864674538617426e-07,0.0,inf,inf,nonfinite_qlike
NQ/GLOBEX/B0/30min,M3_HARJ,33298,2019-01-21,8.836128486095676e-07,0.0,inf,inf,nonfinite_qlike
NQ/GLOBEX/B0/30min,M3_HARJ,33299,2019-01-21,8.722138041113508e-07,0.0,inf,inf,nonfinite_qlike
NQ/GLOBEX/B0/30min,M3_HARJ,34193,2019-02-18,1.2199444637180127e-06,0.0,inf,inf,nonfinite_qlike
NQ/GLOBEX/B0/30min,M3_HARJ,34194,2019-02-18,6.84851744660752e-07,0.0,inf,inf,nonfinite_qlike
NQ/GLOBEX/B0/30min,M3_HARJ,34195,2019-02-18,6.814922720117143e-07,0.0,inf,inf,nonfinite_qlike
NQ/GLOBEX/B0/30min,M3_HARJ,34196,2019-02-18,6.78689892476503e-07,0.0,inf,inf,nonfinite_qlike
NQ/GLOBEX/B0/30min,M3_HARJ,34197,2019-02-18,6.725336491166233e-07,0.0,inf,inf,nonfinite_qlike
NQ/GLOBEX/B0/30min,M3_HARJ,34198,2019-02-18,6.703970929622956e-07,0.0,inf,inf,nonfinite_qlike
NQ/GLOBEX/B0/30min,M3_HARJ,34199,2019-02-18,6.652754068604493e-07,0.0,inf,inf,nonfinite_qlike
NQ/GLOBEX/B0/30min,M3_HARJ,34474,2019-02-27,6.562169545633707e-07,0.0,inf,inf,nonfinite_qlike
NQ/GLOBEX/B0/30min,M3_HARJ,34475,2019-02-27,6.15104503435496e-07,0.0,inf,inf,nonfinite_qlike
NQ/GLOBEX/B0/30min,M3_HARJ,34476,2019-02-27,6.140970493283287e-07,0.0,inf,inf,nonfinite_qlike
NQ/GLOBEX/B0/30min,M3_HARJ,34477,2019-02-27,6.135159471053974e-07,0.0,inf,inf,nonfinite_qlike
NQ/GLOBEX/B0/30min,M3_HARJ,34478,2019-02-27,6.130751642469556e-07,0.0,inf,inf,nonfinite_qlike
NQ/GLOBEX/B0/30min,M3_HARJ,37163,2019-05-27,1.0049744385737117e-06,0.0,inf,inf,nonfinite_qlike
NQ/GLOBEX/B0/30min,M3_HARJ,37164,2019-05-27,8.645364637179476e-07,0.0,inf,inf,nonfinite_qlike
NQ/GLOBEX/B0/30min,M3_HARJ,37165,2019-05-27,8.602545344778229e-07,0.0,inf,inf,nonfinite_qlike
NQ/GLOBEX/B0/30min,M3_HARJ,37166,2019-05-27,8.528513533095569e-07,0.0,inf,inf,nonfinite_qlike
NQ/GLOBEX/B0/30min,M3_HARJ,37167,2019-05-27,8.463503440418345e-07,0.0,inf,inf,nonfinite_qlike
NQ/GLOBEX/B0/30min,M3_HARJ,37168,2019-05-27,8.40324985308491e-07,0.0,inf,inf,nonfinite_qlike
NQ/GLOBEX/B0/30min,M3_HARJ,37169,2019-05-27,8.338680547794321e-07,0.0,inf,inf,nonfinite_qlike
NQ/GLOBEX/B0/30min,M3_HARJ,38243,2019-07-04,6.231965174881038e-07,0.0,inf,inf,nonfinite_qlike
NQ/GLOBEX/B0/30min,M3_HARJ,38244,2019-07-04,5.037195989656226e-07,0.0,inf,inf,nonfinite_qlike
NQ/GLOBEX/B0/30min,M3_HARJ,38245,2019-07-04,4.992000328428234e-07,0.0,inf,inf,nonfinite_qlike
NQ/GLOBEX/B0/30min,M3_HARJ,38246,2019-07-04,4.95943111164305e-07,0.0,inf,inf,nonfinite_qlike
NQ/GLOBEX/B0/30min,M3_HARJ,38247,2019-07-04,4.93480377365181e-07,0.0,inf,inf,nonfinite_qlike
NQ/GLOBEX/B0/30min,M3_HARJ,38248,2019-07-04,4.913640161786949e-07,0.0,inf,inf,nonfinite_qlike
NQ/GLOBEX/B0/30min,M3_HARJ,38249,2019-07-04,4.886081425502162e-07,0.0,inf,inf,nonfinite_qlike
NQ/GLOBEX/B0/30min,M3_HARJ,40133,2019-09-02,2.2654354339140515e-06,0.0,inf,inf,nonfinite_qlike
NQ/GLOBEX/B0/30min,M3_HARJ,40134,2019-09-02,1.2455307555921671e-06,0.0,inf,inf,nonfinite_qlike
NQ/GLOBEX/B0/30min,M3_HARJ,40135,2019-09-02,1.2430815006644688e-06,0.0,inf,inf,nonfinite_qlike
NQ/GLOBEX/B0/30min,M3_HARJ,40136,2019-09-02,1.2392715292120167e-06,0.0,inf,inf,nonfinite_qlike
NQ/GLOBEX/B0/30min,M3_HARJ,40137,2019-09-02,1.2333094554671954e-06,0.0,inf,inf,nonfinite_qlike
NQ/GLOBEX/B0/30min,M3_HARJ,40138,2019-09-02,1.2286720660475944e-06,0.0,inf,inf,nonfinite_qlike
NQ/GLOBEX/B0/30min,M3_HARJ,40139,2019-09-02,1.21781584061426e-06,0.0,inf,inf,nonfinite_qlike
NQ/GLOBEX/B0/30min,M3_HARJ,42833,2019-11-28,4.119664194123604e-07,0.0,inf,inf,nonfinite_qlike
NQ/GLOBEX/B0/30min,M3_HARJ,42834,2019-11-28,3.5188233965841974e-07,0.0,inf,inf,nonfinite_qlike
NQ/GLOBEX/B0/30min,M3_HARJ,42835,2019-11-28,3.5098659198284173e-07,0.0,inf,inf,nonfinite_qlike
NQ/GLOBEX/B0/30min,M3_HARJ,42836,2019-11-28,3.487410490811706e-07,0.0,inf,inf,nonfinite_qlike
NQ/GLOBEX/B0/30min,M3_HARJ,42837,2019-11-28,3.4802808415514135e-07,0.0,inf,inf,nonfinite_qlike
NQ/GLOBEX/B0/30min,M3_HARJ,42838,2019-11-28,3.471702530911824e-07,0.0,inf,inf,nonfinite_qlike
NQ/GLOBEX/B0/30min,M3_HARJ,42839,2019-11-28,3.434355869454309e-07,0.0,inf,inf,nonfinite_qlike
NQ/GLOBEX/B0/30min,M3_HARJ,44183,2020-01-20,5.126184567813305e-07,0.0,inf,inf,nonfinite_qlike
NQ/GLOBEX/B0/30min,M3_HARJ,44184,2020-01-20,4.71229129584959e-07,0.0,inf,inf,nonfinite_qlike
NQ/GLOBEX/B0/30min,M3_HARJ,44185,2020-01-20,4.709555339128967e-07,0.0,inf,inf,nonfinite_qlike
NQ/GLOBEX/B0/30min,M3_HARJ,44186,2020-01-20,4.7023730636349305e-07,0.0,inf,inf,nonfinite_qlike
NQ/GLOBEX/B0/30min,M3_HARJ,44187,2020-01-20,4.6975498384890987e-07,0.0,inf,inf,nonfinite_qlike
NQ/GLOBEX/B0/30min,M3_HARJ,44188,2020-01-20,4.6918022485880294e-07,0.0,inf,inf,nonfinite_qlike
NQ/GLOBEX/B0/30min,M3_HARJ,44189,2020-01-20,4.67712946764964e-07,0.0,inf,inf,nonfinite_qlike
NQ/GLOBEX/B0/30min,M3_HARJ,45083,2020-02-17,7.215995322493089e-07,0.0,inf,inf,nonfinite_qlike
NQ/GLOBEX/B0/30min,M3_HARJ,45084,2020-02-17,5.861767205730052e-07,0.0,inf,inf,nonfinite_qlike
NQ/GLOBEX/B0/30min,M3_HARJ,45085,2020-02-17,5.85048337481323e-07,0.0,inf,inf,nonfinite_qlike
NQ/GLOBEX/B0/30min,M3_HARJ,45086,2020-02-17,5.844015847458925e-07,0.0,inf,inf,nonfinite_qlike
NQ/GLOBEX/B0/30min,M3_HARJ,45087,2020-02-17,5.832953082193493e-07,0.0,inf,inf,nonfinite_qlike
NQ/GLOBEX/B0/30min,M3_HARJ,45088,2020-02-17,5.820392544906191e-07,0.0,inf,inf,nonfinite_qlike
NQ/GLOBEX/B0/30min,M3_HARJ,45089,2020-02-17,5.785287569594428e-07,0.0,inf,inf,nonfinite_qlike
NQ/GLOBEX/B0/30min,M3_HARJ,45728,2020-03-09,1.3776696529837261e-05,0.0,inf,inf,nonfinite_qlike
NQ/GLOBEX/B0/30min,M3_HARJ,45729,2020-03-09,9.506985435513412e-06,0.0,inf,inf,nonfinite_qlike
NQ/GLOBEX/B0/30min,M3_HARJ,45732,2020-03-09,9.718254036095171e-06,0.0,inf,inf,nonfinite_qlike
NQ/GLOBEX/B0/30min,M3_HARJ,45733,2020-03-09,9.431868625669219e-06,0.0,inf,inf,nonfinite_qlike
NQ/GLOBEX/B0/30min,M3_HARJ,45734,2020-03-09,9.421428150254701e-06,0.0,inf,inf,nonfinite_qlike
NQ/GLOBEX/B0/30min,M3_HARJ,45737,2020-03-09,9.36155391989943e-06,0.0,inf,inf,nonfinite_qlike
NQ/GLOBEX/B0/30min,M3_HARJ,45738,2020-03-09,9.326699416779293e-06,0.0,inf,inf,nonfinite_qlike
NQ/GLOBEX/B0/30min,M3_HARJ,45739,2020-03-09,9.297205019758887e-06,0.0,inf,inf,nonfinite_qlike
NQ/GLOBEX/B0/30min,M3_HARJ,45740,2020-03-09,9.259775274525386e-06,0.0,inf,inf,nonfinite_qlike
NQ/GLOBEX/B0/30min,M3_HARJ,45741,2020-03-09,9.212366688219437e-06,0.0,inf,inf,nonfinite_qlike
NQ/GLOBEX/B0/30min,M3_HARJ,45744,2020-03-09,9.355765849928128e-06,0.0,inf,inf,nonfinite_qlike
NQ/GLOBEX/B0/30min,M3_HARJ,45745,2020-03-09,9.048536392200829e-06,0.0,inf,inf,nonfinite_qlike
NQ/GLOBEX/B0/30min,M3_HARJ,45746,2020-03-09,8.983894690291163e-06,0.0,inf,inf,nonfinite_qlike
NQ/GLOBEX/B0/30min,M3_HARJ,45747,2020-03-09,8.936500954383247e-06,0.0,inf,inf,nonfinite_qlike
NQ/GLOBEX/B0/30min,M3_HARJ,45748,2020-03-09,8.885683443977617e-06,0.0,inf,inf,nonfinite_qlike
NQ/GLOBEX/B0/30min,M3_HARJ,45749,2020-03-09,8.842867180276812e-06,0.0,inf,inf,nonfinite_qlike
NQ/GLOBEX/B0/30min,M3_HARJ,45884,2020-03-12,1.4565434584576925e-05,0.0,inf,inf,nonfinite_qlike
NQ/GLOBEX/B0/30min,M3_HARJ,45894,2020-03-12,0.0005154020656731585,0.00023182205040939152,0.2487660019707807,6.609189572636392e-06,above_100x_mean_rv
NQ/GLOBEX/B0/30min,M3_HARJ,45915,2020-03-18,4.225535275280325e-05,0.0,inf,inf,nonfinite_qlike
NQ/GLOBEX/B0/30min,M3_HARJ,45916,2020-03-18,2.5374538149263322e-05,0.0,inf,inf,nonfinite_qlike
NQ/GLOBEX/B0/30min,M3_HARJ,45917,2020-03-18,2.5355326893227192e-05,0.0,inf,inf,nonfinite_qlike
NQ/GLOBEX/B0/30min,M3_HARJ,45918,2020-03-18,2.53417054411206e-05,0.0,inf,inf,nonfinite_qlike
NQ/GLOBEX/B0/30min,M3_HARJ,45919,2020-03-18,2.5309359729103914e-05,0.0,inf,inf,nonfinite_qlike
NQ/GLOBEX/B0/30min,M3_HARJ,45920,2020-03-18,2.5261939510887684e-05,0.0,inf,inf,nonfinite_qlike
NQ/GLOBEX/B0/30min,M3_HARJ,45921,2020-03-18,2.5227872733428115e-05,0.0,inf,inf,nonfinite_qlike
NQ/GLOBEX/B0/30min,M3_HARJ,45922,2020-03-18,2.518737027667396e-05,0.0,inf,inf,nonfinite_qlike
NQ/GLOBEX/B0/30min,M3_HARJ,45923,2020-03-18,2.5147210763542373e-05,0.0,inf,inf,nonfinite_qlike
NQ/GLOBEX/B0/30min,M3_HARJ,45924,2020-03-18,2.5072902283140763e-05,0.0,inf,inf,nonfinite_qlike
NQ/GLOBEX/B0/30min,M3_HARJ,45925,2020-03-18,2.5029077301086868e-05,0.0,inf,inf,nonfinite_qlike
NQ/GLOBEX/B0/30min,M3_HARJ,45926,2020-03-18,2.4996496786107378e-05,0.0,inf,inf,nonfinite_qlike
NQ/GLOBEX/B0/30min,M3_HARJ,45927,2020-03-18,2.4970186415889913e-05,0.0,inf,inf,nonfinite_qlike
NQ/GLOBEX/B0/30min,M3_HARJ,45928,2020-03-18,2.4914152448421402e-05,0.0,inf,inf,nonfinite_qlike
NQ/GLOBEX/B0/30min,M3_HARJ,45929,2020-03-18,2.4863534760492245e-05,0.0,inf,inf,nonfinite_qlike
NQ/GLOBEX/B0/30min,M3_HARJ,45944,2020-03-18,0.0005022258341795495,0.00017112203113356372,0.41740021058219967,1.10894458951032e-05,above_100x_mean_rv
NQ/GLOBEX/B0/30min,M3_HARJ,46036,2020-03-23,0.00013987809072420155,0.0,inf,inf,nonfinite_qlike
NQ/GLOBEX/B0/30min,M3_HARJ,46037,2020-03-23,4.809118221327855e-05,0.0,inf,inf,nonfinite_qlike
NQ/GLOBEX/B0/30min,M3_HARJ,46064,2020-03-23,0.00047458322579598894,0.00024442521225864766,0.17855891037342264,4.7439347788366815e-06,above_100x_mean_rv
NQ/GLOBEX/B0/30min,M3_HARJ,46104,2020-03-24,7.180801739342683e-05,0.0,inf,inf,nonfinite_qlike
NQ/GLOBEX/B0/30min,M3_HARJ,46105,2020-03-24,6.652987151426073e-05,0.0,inf,inf,nonfinite_qlike
NQ/GLOBEX/B0/30min,M3_HARJ,48053,2020-05-25,1.8337792417047241e-06,0.0,inf,inf,nonfinite_qlike
NQ/GLOBEX/B0/30min,M3_HARJ,48054,2020-05-25,1.5437988412109191e-06,0.0,inf,inf,nonfinite_qlike
NQ/GLOBEX/B0/30min,M3_HARJ,48055,2020-05-25,1.5389655806302083e-06,0.0,inf,inf,nonfinite_qlike
NQ/GLOBEX/B0/30min,M3_HARJ,48056,2020-05-25,1.5350225476869228e-06,0.0,inf,inf,nonfinite_qlike
NQ/GLOBEX/B0/30min,M3_HARJ,48057,2020-05-25,1.5266259812889181e-06,0.0,inf,inf,nonfinite_qlike
NQ/GLOBEX/B0/30min,M3_HARJ,48058,2020-05-25,1.5173473664041016e-06,0.0,inf,inf,nonfinite_qlike
NQ/GLOBEX/B0/30min,M3_HARJ,48059,2020-05-25,1.4917175615706864e-06,0.0,inf,inf,nonfinite_qlike
NQ/GLOBEX/B0/30min,M3_HARJ,49095,2020-07-01,3.4100624373612627e-06,0.0,inf,inf,nonfinite_qlike
NQ/GLOBEX/B0/30min,M3_HARJ,49096,2020-07-01,2.675464943042907e-06,0.0,inf,inf,nonfinite_qlike
NQ/GLOBEX/B0/30min,M3_HARJ,49097,2020-07-01,2.670105781772369e-06,0.0,inf,inf,nonfinite_qlike
NQ/GLOBEX/B0/30min,M3_HARJ,49098,2020-07-01,2.6620134787820317e-06,0.0,inf,inf,nonfinite_qlike
NQ/GLOBEX/B0/30min,M3_HARJ,51248,2020-09-07,7.837766601075256e-06,0.0,inf,inf,nonfinite_qlike
NQ/GLOBEX/B0/30min,M3_HARJ,51249,2020-09-07,5.946085353488057e-06,0.0,inf,inf,nonfinite_qlike
NQ/GLOBEX/B0/30min,M3_HARJ,51250,2020-09-07,5.941547844605258e-06,0.0,inf,inf,nonfinite_qlike
NQ/GLOBEX/B0/30min,M3_HARJ,51251,2020-09-07,5.937943075152212e-06,0.0,inf,inf,nonfinite_qlike
NQ/GLOBEX/B0/30min,M3_HARJ,51252,2020-09-07,5.933813327200541e-06,0.0,inf,inf,nonfinite_qlike
NQ/GLOBEX/B0/30min,M3_HARJ,51253,2020-09-07,5.921627557539842e-06,0.0,inf,inf,nonfinite_qlike
NQ/GLOBEX/B0/30min,M3_HARJ,51254,2020-09-07,5.86705901477788e-06,0.0,inf,inf,nonfinite_qlike
NQ/GLOBEX/B0/30min,M3_HARJ,53723,2020-11-26,1.7419437146626019e-06,0.0,inf,inf,nonfinite_qlike
NQ/GLOBEX/B0/30min,M3_HARJ,53724,2020-11-26,5.466211892298428e-07,0.0,inf,inf,nonfinite_qlike
NQ/GLOBEX/B0/30min,M3_HARJ,53725,2020-11-26,5.427476114765211e-07,0.0,inf,inf,nonfinite_qlike
NQ/GLOBEX/B0/30min,M3_HARJ,53726,2020-11-26,5.407277973483791e-07,0.0,inf,inf,nonfinite_qlike
NQ/GLOBEX/B0/30min,M3_HARJ,53727,2020-11-26,5.374244984763411e-07,0.0,inf,inf,nonfinite_qlike
NQ/GLOBEX/B0/30min,M3_HARJ,53728,2020-11-26,5.330158939141115e-07,0.0,inf,inf,nonfinite_qlike
NQ/GLOBEX/B0/30min,M3_HARJ,53729,2020-11-26,5.245489093785833e-07,0.0,inf,inf,nonfinite_qlike
NQ/GLOBEX/B0/30min,M3_HARJ,55073,2021-01-18,1.379992679949224e-06,0.0,inf,inf,nonfinite_qlike
NQ/GLOBEX/B0/30min,M3_HARJ,55074,2021-01-18,1.1316729998212987e-06,0.0,inf,inf,nonfinite_qlike
NQ/GLOBEX/B0/30min,M3_HARJ,55075,2021-01-18,1.1255176923054222e-06,0.0,inf,inf,nonfinite_qlike
NQ/GLOBEX/B0/30min,M3_HARJ,55076,2021-01-18,1.1192142589731154e-06,0.0,inf,inf,nonfinite_qlike
NQ/GLOBEX/B0/30min,M3_HARJ,55077,2021-01-18,1.110503243151119e-06,0.0,inf,inf,nonfinite_qlike
NQ/GLOBEX/B0/30min,M3_HARJ,55078,2021-01-18,1.0981803573229234e-06,0.0,inf,inf,nonfinite_qlike
NQ/GLOBEX/B0/30min,M3_HARJ,55079,2021-01-18,1.0784406354572443e-06,0.0,inf,inf,nonfinite_qlike
NQ/GLOBEX/B0/30min,M3_HARJ,55973,2021-02-15,9.438106469977463e-07,0.0,inf,inf,nonfinite_qlike
NQ/GLOBEX/B0/30min,M3_HARJ,55974,2021-02-15,6.859532930106076e-07,0.0,inf,inf,nonfinite_qlike
NQ/GLOBEX/B0/30min,M3_HARJ,55975,2021-02-15,6.828230416233322e-07,0.0,inf,inf,nonfinite_qlike
NQ/GLOBEX/B0/30min,M3_HARJ,55976,2021-02-15,6.80621818851018e-07,0.0,inf,inf,nonfinite_qlike
NQ/GLOBEX/B0/30min,M3_HARJ,55977,2021-02-15,6.778813776130456e-07,0.0,inf,inf,nonfinite_qlike
NQ/GLOBEX/B0/30min,M3_HARJ,55978,2021-02-15,6.767542072012498e-07,0.0,inf,inf,nonfinite_qlike
NQ/GLOBEX/B0/30min,M3_HARJ,55979,2021-02-15,6.720032981511239e-07,0.0,inf,inf,nonfinite_qlike
NQ/GLOBEX/B0/30min,M3_HARJ,57361,2021-04-02,2.186387512942237e-06,0.0,inf,inf,nonfinite_qlike
NQ/GLOBEX/B0/30min,M3_HARJ,57362,2021-04-02,1.2607174717231807e-06,0.0,inf,inf,nonfinite_qlike
NQ/GLOBEX/B0/30min,M3_HARJ,57363,2021-04-02,1.2298225777980212e-06,0.0,inf,inf,nonfinite_qlike
NQ/GLOBEX/B0/30min,M3_HARJ,57364,2021-04-02,1.2230207451343802e-06,0.0,inf,inf,nonfinite_qlike
NQ/GLOBEX/B0/30min,M3_HARJ,57365,2021-04-02,1.2013893156568939e-06,0.0,inf,inf,nonfinite_qlike
NQ/GLOBEX/B0/30min,M3_HARJ,57366,2021-04-02,1.1908027220444824e-06,0.0,inf,inf,nonfinite_qlike
NQ/GLOBEX/B0/30min,M3_HARJ,57367,2021-04-02,1.1749504065259116e-06,0.0,inf,inf,nonfinite_qlike
NQ/GLOBEX/B0/30min,M3_HARJ,57368,2021-04-02,1.1657048169745612e-06,0.0,inf,inf,nonfinite_qlike
NQ/GLOBEX/B0/30min,M3_HARJ,57369,2021-04-02,1.160511163812879e-06,0.0,inf,inf,nonfinite_qlike
NQ/GLOBEX/B0/30min,M3_HARJ,57370,2021-04-02,1.1513156634982613e-06,0.0,inf,inf,nonfinite_qlike
NQ/GLOBEX/B0/30min,M3_HARJ,57371,2021-04-02,1.1280076148008113e-06,0.0,inf,inf,nonfinite_qlike
NQ/GLOBEX/B0/30min,M3_HARJ,57372,2021-04-02,1.0800455922702116e-06,0.0,inf,inf,nonfinite_qlike
NQ/GLOBEX/B0/30min,M3_HARJ,57373,2021-04-02,1.0685021996608683e-06,0.0,inf,inf,nonfinite_qlike
NQ/GLOBEX/B0/30min,M3_HARJ,57374,2021-04-02,1.0480704887046834e-06,0.0,inf,inf,nonfinite_qlike
NQ/GLOBEX/B0/30min,M3_HARJ,59213,2021-05-31,6.606678142272828e-07,0.0,inf,inf,nonfinite_qlike
NQ/GLOBEX/B0/30min,M3_HARJ,59214,2021-05-31,5.577485256771286e-07,0.0,inf,inf,nonfinite_qlike
NQ/GLOBEX/B0/30min,M3_HARJ,59215,2021-05-31,5.568099897263478e-07,0.0,inf,inf,nonfinite_qlike
NQ/GLOBEX/B0/30min,M3_HARJ,59216,2021-05-31,5.561256748359792e-07,0.0,inf,inf,nonfinite_qlike
NQ/GLOBEX/B0/30min,M3_HARJ,59217,2021-05-31,5.55087579160203e-07,0.0,inf,inf,nonfinite_qlike
NQ/GLOBEX/B0/30min,M3_HARJ,59218,2021-05-31,5.534652860310106e-07,0.0,inf,inf,nonfinite_qlike
NQ/GLOBEX/B0/30min,M3_HARJ,59219,2021-05-31,5.502916158989637e-07,0.0,inf,inf,nonfinite_qlike
NQ/GLOBEX/B0/30min,M3_HARJ,60203,2021-07-05,5.615263752327654e-07,0.0,inf,inf,nonfinite_qlike
NQ/GLOBEX/B0/30min,M3_HARJ,60204,2021-07-05,4.991404289676101e-07,0.0,inf,inf,nonfinite_qlike
NQ/GLOBEX/B0/30min,M3_HARJ,60205,2021-07-05,4.979651254551231e-07,0.0,inf,inf,nonfinite_qlike
NQ/GLOBEX/B0/30min,M3_HARJ,60206,2021-07-05,4.964002974954853e-07,0.0,inf,inf,nonfinite_qlike
NQ/GLOBEX/B0/30min,M3_HARJ,60207,2021-07-05,4.940331750889496e-07,0.0,inf,inf,nonfinite_qlike
NQ/GLOBEX/B0/30min,M3_HARJ,60208,2021-07-05,4.889140644183606e-07,0.0,inf,inf,nonfinite_qlike
NQ/GLOBEX/B0/30min,M3_HARJ,60209,2021-07-05,4.847468602127391e-07,0.0,inf,inf,nonfinite_qlike
NQ/GLOBEX/B0/30min,M3_HARJ,62228,2021-09-06,6.103224475405967e-07,0.0,inf,inf,nonfinite_qlike
NQ/GLOBEX/B0/30min,M3_HARJ,62229,2021-09-06,5.537886142224781e-07,0.0,inf,inf,nonfinite_qlike
NQ/GLOBEX/B0/30min,M3_HARJ,62230,2021-09-06,5.52720033895762e-07,0.0,inf,inf,nonfinite_qlike
NQ/GLOBEX/B0/30min,M3_HARJ,62231,2021-09-06,5.517866764718049e-07,0.0,inf,inf,nonfinite_qlike
NQ/GLOBEX/B0/30min,M3_HARJ,62232,2021-09-06,5.509744381710394e-07,0.0,inf,inf,nonfinite_qlike
NQ/GLOBEX/B0/30min,M3_HARJ,62233,2021-09-06,5.503472572934613e-07,0.0,inf,inf,nonfinite_qlike
NQ/GLOBEX/B0/30min,M3_HARJ,62234,2021-09-06,5.483819415714885e-07,0.0,inf,inf,nonfinite_qlike
NQ/GLOBEX/B0/30min,M3_HARJ,64703,2021-11-25,1.4552973079674185e-06,0.0,inf,inf,nonfinite_qlike
NQ/GLOBEX/B0/30min,M3_HARJ,64704,2021-11-25,1.300690483657889e-06,0.0,inf,inf,nonfinite_qlike
NQ/GLOBEX/B0/30min,M3_HARJ,64705,2021-11-25,1.2923548050722426e-06,0.0,inf,inf,nonfinite_qlike
NQ/GLOBEX/B0/30min,M3_HARJ,64706,2021-11-25,1.2863852957096702e-06,0.0,inf,inf,nonfinite_qlike
NQ/GLOBEX/B0/30min,M3_HARJ,64707,2021-11-25,1.2828051564042002e-06,0.0,inf,inf,nonfinite_qlike
NQ/GLOBEX/B0/30min,M3_HARJ,64708,2021-11-25,1.2791427178304944e-06,0.0,inf,inf,nonfinite_qlike
NQ/GLOBEX/B0/30min,M3_HARJ,64709,2021-11-25,1.2744288372161932e-06,0.0,inf,inf,nonfinite_qlike
NQ/GLOBEX/B0/30min,M3_HARJ,66143,2022-01-17,2.9171382682648705e-06,0.0,inf,inf,nonfinite_qlike
NQ/GLOBEX/B0/30min,M3_HARJ,66144,2022-01-17,2.367990262126481e-06,0.0,inf,inf,nonfinite_qlike
NQ/GLOBEX/B0/30min,M3_HARJ,66145,2022-01-17,2.3432287419305667e-06,0.0,inf,inf,nonfinite_qlike
NQ/GLOBEX/B0/30min,M3_HARJ,66146,2022-01-17,2.326179229853725e-06,0.0,inf,inf,nonfinite_qlike
NQ/GLOBEX/B0/30min,M3_HARJ,66147,2022-01-17,2.3009700163290517e-06,0.0,inf,inf,nonfinite_qlike
NQ/GLOBEX/B0/30min,M3_HARJ,66148,2022-01-17,2.26522680635671e-06,0.0,inf,inf,nonfinite_qlike
NQ/GLOBEX/B0/30min,M3_HARJ,66149,2022-01-17,2.2282385921421515e-06,0.0,inf,inf,nonfinite_qlike
NQ/GLOBEX/B0/30min,M3_HARJ,67268,2022-02-21,5.468186043521869e-06,0.0,inf,inf,nonfinite_qlike
NQ/GLOBEX/B0/30min,M3_HARJ,67269,2022-02-21,2.562087449692758e-06,0.0,inf,inf,nonfinite_qlike
NQ/GLOBEX/B0/30min,M3_HARJ,67270,2022-02-21,2.509071024088147e-06,0.0,inf,inf,nonfinite_qlike
NQ/GLOBEX/B0/30min,M3_HARJ,67271,2022-02-21,2.432341432986976e-06,0.0,inf,inf,nonfinite_qlike
NQ/GLOBEX/B0/30min,M3_HARJ,67272,2022-02-21,2.3703664398993526e-06,0.0,inf,inf,nonfinite_qlike
NQ/GLOBEX/B0/30min,M3_HARJ,67273,2022-02-21,2.3113876665232118e-06,0.0,inf,inf,nonfinite_qlike
NQ/GLOBEX/B0/30min,M3_HARJ,67274,2022-02-21,2.2526601907154255e-06,0.0,inf,inf,nonfinite_qlike
NQ/GLOBEX/B0/30min,M3_HARJ,70238,2022-05-30,4.480271936806155e-06,0.0,inf,inf,nonfinite_qlike
NQ/GLOBEX/B0/30min,M3_HARJ,70239,2022-05-30,2.6755652977305863e-06,0.0,inf,inf,nonfinite_qlike
NQ/GLOBEX/B0/30min,M3_HARJ,70240,2022-05-30,2.652649821248244e-06,0.0,inf,inf,nonfinite_qlike
NQ/GLOBEX/B0/30min,M3_HARJ,70241,2022-05-30,2.633689387701647e-06,0.0,inf,inf,nonfinite_qlike
NQ/GLOBEX/B0/30min,M3_HARJ,70242,2022-05-30,2.5947267294966038e-06,0.0,inf,inf,nonfinite_qlike
NQ/GLOBEX/B0/30min,M3_HARJ,70243,2022-05-30,2.5631213828993185e-06,0.0,inf,inf,nonfinite_qlike
NQ/GLOBEX/B0/30min,M3_HARJ,70244,2022-05-30,2.5154533658131644e-06,0.0,inf,inf,nonfinite_qlike
NQ/GLOBEX/B0/30min,M3_HARJ,70778,2022-06-20,6.094273072286638e-06,0.0,inf,inf,nonfinite_qlike
NQ/GLOBEX/B0/30min,M3_HARJ,70779,2022-06-20,4.916515363031218e-06,0.0,inf,inf,nonfinite_qlike
NQ/GLOBEX/B0/30min,M3_HARJ,70780,2022-06-20,4.903494452470192e-06,0.0,inf,inf,nonfinite_qlike
NQ/GLOBEX/B0/30min,M3_HARJ,70781,2022-06-20,4.887437508697946e-06,0.0,inf,inf,nonfinite_qlike
NQ/GLOBEX/B0/30min,M3_HARJ,70782,2022-06-20,4.874158270838294e-06,0.0,inf,inf,nonfinite_qlike
NQ/GLOBEX/B0/30min,M3_HARJ,70783,2022-06-20,4.866465768565599e-06,0.0,inf,inf,nonfinite_qlike
NQ/GLOBEX/B0/30min,M3_HARJ,70784,2022-06-20,4.845171109614869e-06,0.0,inf,inf,nonfinite_qlike
NQ/GLOBEX/B0/30min,M3_HARJ,71228,2022-07-04,4.169692704332823e-06,0.0,inf,inf,nonfinite_qlike
NQ/GLOBEX/B0/30min,M3_HARJ,71229,2022-07-04,3.4362082774760254e-06,0.0,inf,inf,nonfinite_qlike
NQ/GLOBEX/B0/30min,M3_HARJ,71230,2022-07-04,3.4234345273827925e-06,0.0,inf,inf,nonfinite_qlike
NQ/GLOBEX/B0/30min,M3_HARJ,71231,2022-07-04,3.4133809639962207e-06,0.0,inf,inf,nonfinite_qlike
NQ/GLOBEX/B0/30min,M3_HARJ,71232,2022-07-04,3.399939273272122e-06,0.0,inf,inf,nonfinite_qlike
NQ/GLOBEX/B0/30min,M3_HARJ,71233,2022-07-04,3.3787491517044684e-06,0.0,inf,inf,nonfinite_qlike
NQ/GLOBEX/B0/30min,M3_HARJ,71234,2022-07-04,3.3495633357184616e-06,0.0,inf,inf,nonfinite_qlike
NQ/GLOBEX/B0/30min,M3_HARJ,71534,2022-07-13,0.0004600387722012989,0.00010235725858365186,0.7253385703332988,1.9270720587618336e-05,above_100x_mean_rv
NQ/GLOBEX/B0/30min,M3_HARJ,73253,2022-09-05,3.962850487952795e-06,0.0,inf,inf,nonfinite_qlike
NQ/GLOBEX/B0/30min,M3_HARJ,73254,2022-09-05,3.1653821668453593e-06,0.0,inf,inf,nonfinite_qlike
NQ/GLOBEX/B0/30min,M3_HARJ,73255,2022-09-05,3.148070306919957e-06,0.0,inf,inf,nonfinite_qlike
NQ/GLOBEX/B0/30min,M3_HARJ,73256,2022-09-05,3.1363835640298425e-06,0.0,inf,inf,nonfinite_qlike
NQ/GLOBEX/B0/30min,M3_HARJ,73257,2022-09-05,3.1164627304416394e-06,0.0,inf,inf,nonfinite_qlike
NQ/GLOBEX/B0/30min,M3_HARJ,73258,2022-09-05,3.091366734650409e-06,0.0,inf,inf,nonfinite_qlike
NQ/GLOBEX/B0/30min,M3_HARJ,73259,2022-09-05,3.0518770485754747e-06,0.0,inf,inf,nonfinite_qlike
NQ/GLOBEX/B0/30min,M3_HARJ,74369,2022-10-13,0.000638260602262413,5.0958565225300845e-05,1.607573558838205,4.27098490876876e-05,above_100x_mean_rv
NQ/GLOBEX/B0/30min,M3_HARJ,75728,2022-11-24,1.7387918047184162e-06,0.0,inf,inf,nonfinite_qlike
NQ/GLOBEX/B0/30min,M3_HARJ,75729,2022-11-24,1.3866420117387313e-06,0.0,inf,inf,nonfinite_qlike
NQ/GLOBEX/B0/30min,M3_HARJ,75730,2022-11-24,1.374547676054041e-06,0.0,inf,inf,nonfinite_qlike
NQ/GLOBEX/B0/30min,M3_HARJ,75731,2022-11-24,1.3621661493296504e-06,0.0,inf,inf,nonfinite_qlike
NQ/GLOBEX/B0/30min,M3_HARJ,75732,2022-11-24,1.344495976380547e-06,0.0,inf,inf,nonfinite_qlike
NQ/GLOBEX/B0/30min,M3_HARJ,75733,2022-11-24,1.3292624852729808e-06,0.0,inf,inf,nonfinite_qlike
NQ/GLOBEX/B0/30min,M3_HARJ,75734,2022-11-24,1.3098813021489364e-06,0.0,inf,inf,nonfinite_qlike
NQ/GLOBEX/B0/30min,M3_HARJ,77123,2023-01-16,3.414708236206424e-06,0.0,inf,inf,nonfinite_qlike
NQ/GLOBEX/B0/30min,M3_HARJ,77124,2023-01-16,2.6035194445103254e-06,0.0,inf,inf,nonfinite_qlike
NQ/GLOBEX/B0/30min,M3_HARJ,77125,2023-01-16,2.5786217685200655e-06,0.0,inf,inf,nonfinite_qlike
NQ/GLOBEX/B0/30min,M3_HARJ,77126,2023-01-16,2.5635824275771473e-06,0.0,inf,inf,nonfinite_qlike
NQ/GLOBEX/B0/30min,M3_HARJ,77127,2023-01-16,2.54528018272234e-06,0.0,inf,inf,nonfinite_qlike
NQ/GLOBEX/B0/30min,M3_HARJ,77128,2023-01-16,2.527794524028683e-06,0.0,inf,inf,nonfinite_qlike
NQ/GLOBEX/B0/30min,M3_HARJ,77129,2023-01-16,2.4997344060838614e-06,0.0,inf,inf,nonfinite_qlike
NQ/GLOBEX/B0/30min,M3_HARJ,78248,2023-02-20,2.644353720572819e-06,0.0,inf,inf,nonfinite_qlike
NQ/GLOBEX/B0/30min,M3_HARJ,78249,2023-02-20,2.442687663056294e-06,0.0,inf,inf,nonfinite_qlike
NQ/GLOBEX/B0/30min,M3_HARJ,78250,2023-02-20,2.439288838749315e-06,0.0,inf,inf,nonfinite_qlike
NQ/GLOBEX/B0/30min,M3_HARJ,78251,2023-02-20,2.4329482105477163e-06,0.0,inf,inf,nonfinite_qlike
NQ/GLOBEX/B0/30min,M3_HARJ,78252,2023-02-20,2.4217921883153833e-06,0.0,inf,inf,nonfinite_qlike
NQ/GLOBEX/B0/30min,M3_HARJ,78253,2023-02-20,2.413277413289727e-06,0.0,inf,inf,nonfinite_qlike
NQ/GLOBEX/B0/30min,M3_HARJ,78254,2023-02-20,2.3989616462456144e-06,0.0,inf,inf,nonfinite_qlike
NQ/GLOBEX/B0/30min,M3_HARJ,79636,2023-04-07,1.0571922551440686e-06,0.0,inf,inf,nonfinite_qlike
NQ/GLOBEX/B0/30min,M3_HARJ,79637,2023-04-07,9.295181833411683e-07,0.0,inf,inf,nonfinite_qlike
NQ/GLOBEX/B0/30min,M3_HARJ,79638,2023-04-07,9.176981951448911e-07,0.0,inf,inf,nonfinite_qlike
NQ/GLOBEX/B0/30min,M3_HARJ,79639,2023-04-07,9.101248268080179e-07,0.0,inf,inf,nonfinite_qlike
NQ/GLOBEX/B0/30min,M3_HARJ,79640,2023-04-07,9.054413135516504e-07,0.0,inf,inf,nonfinite_qlike
NQ/GLOBEX/B0/30min,M3_HARJ,79641,2023-04-07,9.018926662983067e-07,0.0,inf,inf,nonfinite_qlike
NQ/GLOBEX/B0/30min,M3_HARJ,79642,2023-04-07,8.992400412624265e-07,0.0,inf,inf,nonfinite_qlike
NQ/GLOBEX/B0/30min,M3_HARJ,79643,2023-04-07,8.963571087047753e-07,0.0,inf,inf,nonfinite_qlike
NQ/GLOBEX/B0/30min,M3_HARJ,79644,2023-04-07,8.935027486815693e-07,0.0,inf,inf,nonfinite_qlike
NQ/GLOBEX/B0/30min,M3_HARJ,79645,2023-04-07,8.907088285003302e-07,0.0,inf,inf,nonfinite_qlike
NQ/GLOBEX/B0/30min,M3_HARJ,79646,2023-04-07,8.87159189398187e-07,0.0,inf,inf,nonfinite_qlike
NQ/GLOBEX/B0/30min,M3_HARJ,79647,2023-04-07,8.835450435399392e-07,0.0,inf,inf,nonfinite_qlike
NQ/GLOBEX/B0/30min,M3_HARJ,79648,2023-04-07,8.777060743442281e-07,0.0,inf,inf,nonfinite_qlike
NQ/GLOBEX/B0/30min,M3_HARJ,79649,2023-04-07,8.613630120511381e-07,0.0,inf,inf,nonfinite_qlike
NQ/GLOBEX/B0/30min,M3_HARJ,81263,2023-05-29,1.6086149002745725e-06,0.0,inf,inf,nonfinite_qlike
NQ/GLOBEX/B0/30min,M3_HARJ,81264,2023-05-29,1.1736158169734055e-06,0.0,inf,inf,nonfinite_qlike
NQ/GLOBEX/B0/30min,M3_HARJ,81265,2023-05-29,1.170807807887136e-06,0.0,inf,inf,nonfinite_qlike
NQ/GLOBEX/B0/30min,M3_HARJ,81266,2023-05-29,1.168322472602738e-06,0.0,inf,inf,nonfinite_qlike
NQ/GLOBEX/B0/30min,M3_HARJ,81267,2023-05-29,1.161641374380725e-06,0.0,inf,inf,nonfinite_qlike
NQ/GLOBEX/B0/30min,M3_HARJ,81268,2023-05-29,1.1585228871220358e-06,0.0,inf,inf,nonfinite_qlike
NQ/GLOBEX/B0/30min,M3_HARJ,81269,2023-05-29,1.1535232265495086e-06,0.0,inf,inf,nonfinite_qlike
NQ/GLOBEX/B0/30min,M3_HARJ,81803,2023-06-19,1.5117792109205008e-06,0.0,inf,inf,nonfinite_qlike
NQ/GLOBEX/B0/30min,M3_HARJ,81804,2023-06-19,1.3717596316547663e-06,0.0,inf,inf,nonfinite_qlike
NQ/GLOBEX/B0/30min,M3_HARJ,81805,2023-06-19,1.3602930936459123e-06,0.0,inf,inf,nonfinite_qlike
NQ/GLOBEX/B0/30min,M3_HARJ,81806,2023-06-19,1.3500795087322297e-06,0.0,inf,inf,nonfinite_qlike
NQ/GLOBEX/B0/30min,M3_HARJ,81807,2023-06-19,1.339756239521163e-06,0.0,inf,inf,nonfinite_qlike
NQ/GLOBEX/B0/30min,M3_HARJ,81808,2023-06-19,1.3238530406035748e-06,0.0,inf,inf,nonfinite_qlike
NQ/GLOBEX/B0/30min,M3_HARJ,81809,2023-06-19,1.305279954621704e-06,0.0,inf,inf,nonfinite_qlike
NQ/GLOBEX/B0/30min,M3_HARJ,82253,2023-07-04,1.2245924360848852e-06,0.0,inf,inf,nonfinite_qlike
NQ/GLOBEX/B0/30min,M3_HARJ,82254,2023-07-04,1.138123279624428e-06,0.0,inf,inf,nonfinite_qlike
NQ/GLOBEX/B0/30min,M3_HARJ,82255,2023-07-04,1.1219594645700461e-06,0.0,inf,inf,nonfinite_qlike
NQ/GLOBEX/B0/30min,M3_HARJ,82256,2023-07-04,1.1134933851424748e-06,0.0,inf,inf,nonfinite_qlike
NQ/GLOBEX/B0/30min,M3_HARJ,82257,2023-07-04,1.103665186074894e-06,0.0,inf,inf,nonfinite_qlike
NQ/GLOBEX/B0/30min,M3_HARJ,82258,2023-07-04,1.0952785047038944e-06,0.0,inf,inf,nonfinite_qlike
NQ/GLOBEX/B0/30min,M3_HARJ,82259,2023-07-04,1.080434437219371e-06,0.0,inf,inf,nonfinite_qlike
NQ/GLOBEX/B0/30min,M3_HARJ,84233,2023-09-04,1.3932491469337569e-06,0.0,inf,inf,nonfinite_qlike
NQ/GLOBEX/B0/30min,M3_HARJ,84234,2023-09-04,1.0953271404236733e-06,0.0,inf,inf,nonfinite_qlike
NQ/GLOBEX/B0/30min,M3_HARJ,84235,2023-09-04,1.0787535634190053e-06,0.0,inf,inf,nonfinite_qlike
NQ/GLOBEX/B0/30min,M3_HARJ,84236,2023-09-04,1.0718838234486381e-06,0.0,inf,inf,nonfinite_qlike
NQ/GLOBEX/B0/30min,M3_HARJ,84237,2023-09-04,1.0610496160848453e-06,0.0,inf,inf,nonfinite_qlike
NQ/GLOBEX/B0/30min,M3_HARJ,84238,2023-09-04,1.0545801487707113e-06,0.0,inf,inf,nonfinite_qlike
NQ/GLOBEX/B0/30min,M3_HARJ,84239,2023-09-04,1.0422088463193152e-06,0.0,inf,inf,nonfinite_qlike
NQ/GLOBEX/B0/30min,M3_HARJ,86708,2023-11-23,7.251956385227387e-07,0.0,inf,inf,nonfinite_qlike
NQ/GLOBEX/B0/30min,M3_HARJ,86709,2023-11-23,6.850986607263205e-07,0.0,inf,inf,nonfinite_qlike
NQ/GLOBEX/B0/30min,M3_HARJ,86710,2023-11-23,6.766395698214026e-07,0.0,inf,inf,nonfinite_qlike
NQ/GLOBEX/B0/30min,M3_HARJ,86711,2023-11-23,6.729514772015149e-07,0.0,inf,inf,nonfinite_qlike
NQ/GLOBEX/B0/30min,M3_HARJ,86712,2023-11-23,6.682973474396666e-07,0.0,inf,inf,nonfinite_qlike
NQ/GLOBEX/B0/30min,M3_HARJ,86713,2023-11-23,6.653447206897049e-07,0.0,inf,inf,nonfinite_qlike
NQ/GLOBEX/B0/30min,M3_HARJ,86714,2023-11-23,6.614480490715182e-07,0.0,inf,inf,nonfinite_qlike
NQ/GLOBEX/B0/30min,M4_HARQ,11288,2017-01-16,3.742715965940708e-07,0.0,inf,inf,nonfinite_qlike
NQ/GLOBEX/B0/30min,M4_HARQ,11289,2017-01-16,2.0987516290744543e-07,0.0,inf,inf,nonfinite_qlike
NQ/GLOBEX/B0/30min,M4_HARQ,11290,2017-01-16,2.0930070734966364e-07,0.0,inf,inf,nonfinite_qlike
NQ/GLOBEX/B0/30min,M4_HARQ,11291,2017-01-16,2.080178679955605e-07,0.0,inf,inf,nonfinite_qlike
NQ/GLOBEX/B0/30min,M4_HARQ,11292,2017-01-16,2.0737183479234902e-07,0.0,inf,inf,nonfinite_qlike
NQ/GLOBEX/B0/30min,M4_HARQ,11293,2017-01-16,2.0671733348515398e-07,0.0,inf,inf,nonfinite_qlike
NQ/GLOBEX/B0/30min,M4_HARQ,11294,2017-01-16,2.0610022356196995e-07,0.0,inf,inf,nonfinite_qlike
NQ/GLOBEX/B0/30min,M4_HARQ,12413,2017-02-20,3.330370046546134e-07,0.0,inf,inf,nonfinite_qlike
NQ/GLOBEX/B0/30min,M4_HARQ,12414,2017-02-20,1.4228014895334795e-07,0.0,inf,inf,nonfinite_qlike
NQ/GLOBEX/B0/30min,M4_HARQ,12415,2017-02-20,1.4200820180874592e-07,0.0,inf,inf,nonfinite_qlike
NQ/GLOBEX/B0/30min,M4_HARQ,12416,2017-02-20,1.4165981718469324e-07,0.0,inf,inf,nonfinite_qlike
NQ/GLOBEX/B0/30min,M4_HARQ,12417,2017-02-20,1.4130474020025626e-07,0.0,inf,inf,nonfinite_qlike
NQ/GLOBEX/B0/30min,M4_HARQ,12418,2017-02-20,1.4085959553415588e-07,0.0,inf,inf,nonfinite_qlike
NQ/GLOBEX/B0/30min,M4_HARQ,12419,2017-02-20,1.4057959474757938e-07,0.0,inf,inf,nonfinite_qlike
NQ/GLOBEX/B0/30min,M4_HARQ,16328,2017-07-04,1.4122972713216622e-06,0.0,inf,inf,nonfinite_qlike
NQ/GLOBEX/B0/30min,M4_HARQ,16329,2017-07-04,4.867010142136408e-07,0.0,inf,inf,nonfinite_qlike
NQ/GLOBEX/B0/30min,M4_HARQ,16330,2017-07-04,4.859987073783582e-07,0.0,inf,inf,nonfinite_qlike
NQ/GLOBEX/B0/30min,M4_HARQ,16331,2017-07-04,4.831880096397465e-07,0.0,inf,inf,nonfinite_qlike
NQ/GLOBEX/B0/30min,M4_HARQ,16332,2017-07-04,4.814264568229258e-07,0.0,inf,inf,nonfinite_qlike
NQ/GLOBEX/B0/30min,M4_HARQ,16333,2017-07-04,4.790318250334368e-07,0.0,inf,inf,nonfinite_qlike
NQ/GLOBEX/B0/30min,M4_HARQ,16334,2017-07-04,4.75481044716658e-07,0.0,inf,inf,nonfinite_qlike
NQ/GLOBEX/B0/30min,M4_HARQ,18308,2017-09-04,3.9468208055078403e-07,0.0,inf,inf,nonfinite_qlike
NQ/GLOBEX/B0/30min,M4_HARQ,18309,2017-09-04,2.3379268744288937e-07,0.0,inf,inf,nonfinite_qlike
NQ/GLOBEX/B0/30min,M4_HARQ,18310,2017-09-04,2.3279591547924198e-07,0.0,inf,inf,nonfinite_qlike
NQ/GLOBEX/B0/30min,M4_HARQ,18311,2017-09-04,2.3209601664185512e-07,0.0,inf,inf,nonfinite_qlike
NQ/GLOBEX/B0/30min,M4_HARQ,18312,2017-09-04,2.3159846636382757e-07,0.0,inf,inf,nonfinite_qlike
NQ/GLOBEX/B0/30min,M4_HARQ,18313,2017-09-04,2.3067921868587764e-07,0.0,inf,inf,nonfinite_qlike
NQ/GLOBEX/B0/30min,M4_HARQ,18314,2017-09-04,2.291860125387083e-07,0.0,inf,inf,nonfinite_qlike
NQ/GLOBEX/B0/30min,M4_HARQ,20783,2017-11-23,2.020214636511549e-07,0.0,inf,inf,nonfinite_qlike
NQ/GLOBEX/B0/30min,M4_HARQ,20784,2017-11-23,1.3434206190528452e-07,0.0,inf,inf,nonfinite_qlike
NQ/GLOBEX/B0/30min,M4_HARQ,20785,2017-11-23,1.3369072992984738e-07,0.0,inf,inf,nonfinite_qlike
NQ/GLOBEX/B0/30min,M4_HARQ,20786,2017-11-23,1.333032358024013e-07,0.0,inf,inf,nonfinite_qlike
NQ/GLOBEX/B0/30min,M4_HARQ,20787,2017-11-23,1.329455885390035e-07,0.0,inf,inf,nonfinite_qlike
NQ/GLOBEX/B0/30min,M4_HARQ,20788,2017-11-23,1.3209480999107454e-07,0.0,inf,inf,nonfinite_qlike
NQ/GLOBEX/B0/30min,M4_HARQ,20789,2017-11-23,1.3095618467231896e-07,0.0,inf,inf,nonfinite_qlike
NQ/GLOBEX/B0/30min,M4_HARQ,22178,2018-01-15,3.5419182997918553e-07,0.0,inf,inf,nonfinite_qlike
NQ/GLOBEX/B0/30min,M4_HARQ,22179,2018-01-15,1.886997423251828e-07,0.0,inf,inf,nonfinite_qlike
NQ/GLOBEX/B0/30min,M4_HARQ,22180,2018-01-15,1.8842812366125437e-07,0.0,inf,inf,nonfinite_qlike
NQ/GLOBEX/B0/30min,M4_HARQ,22181,2018-01-15,1.8819338135079144e-07,0.0,inf,inf,nonfinite_qlike
NQ/GLOBEX/B0/30min,M4_HARQ,22182,2018-01-15,1.8757607655553296e-07,0.0,inf,inf,nonfinite_qlike
NQ/GLOBEX/B0/30min,M4_HARQ,22183,2018-01-15,1.8699807798719062e-07,0.0,inf,inf,nonfinite_qlike
NQ/GLOBEX/B0/30min,M4_HARQ,22184,2018-01-15,1.8648170125143013e-07,0.0,inf,inf,nonfinite_qlike
NQ/GLOBEX/B0/30min,M4_HARQ,22858,2018-02-05,1e-300,0.00012506839448178653,1.2506839448178652e+296,0.26222729402149114,below_1e-12
NQ/GLOBEX/B0/30min,M4_HARQ,23303,2018-02-19,3.1850902732411833e-06,0.0,inf,inf,nonfinite_qlike
NQ/GLOBEX/B0/30min,M4_HARQ,23304,2018-02-19,8.511231206745247e-07,0.0,inf,inf,nonfinite_qlike
NQ/GLOBEX/B0/30min,M4_HARQ,23305,2018-02-19,8.443885461294859e-07,0.0,inf,inf,nonfinite_qlike
NQ/GLOBEX/B0/30min,M4_HARQ,23306,2018-02-19,8.365256626087868e-07,0.0,inf,inf,nonfinite_qlike
NQ/GLOBEX/B0/30min,M4_HARQ,23307,2018-02-19,8.279466806805871e-07,0.0,inf,inf,nonfinite_qlike
NQ/GLOBEX/B0/30min,M4_HARQ,23308,2018-02-19,8.21712467833888e-07,0.0,inf,inf,nonfinite_qlike
NQ/GLOBEX/B0/30min,M4_HARQ,23309,2018-02-19,7.922256715308657e-07,0.0,inf,inf,nonfinite_qlike
NQ/GLOBEX/B0/30min,M4_HARQ,25335,2018-04-30,1.415707994327744e-06,0.0,inf,inf,nonfinite_qlike
NQ/GLOBEX/B0/30min,M4_HARQ,26273,2018-05-28,6.967254189666426e-07,0.0,inf,inf,nonfinite_qlike
NQ/GLOBEX/B0/30min,M4_HARQ,26274,2018-05-28,3.3729125063176705e-07,0.0,inf,inf,nonfinite_qlike
NQ/GLOBEX/B0/30min,M4_HARQ,26275,2018-05-28,3.350013506704833e-07,0.0,inf,inf,nonfinite_qlike
NQ/GLOBEX/B0/30min,M4_HARQ,26276,2018-05-28,3.2959376389771974e-07,0.0,inf,inf,nonfinite_qlike
NQ/GLOBEX/B0/30min,M4_HARQ,26277,2018-05-28,3.279983355993806e-07,0.0,inf,inf,nonfinite_qlike
NQ/GLOBEX/B0/30min,M4_HARQ,26278,2018-05-28,3.247239468720284e-07,0.0,inf,inf,nonfinite_qlike
NQ/GLOBEX/B0/30min,M4_HARQ,26279,2018-05-28,3.2261422164012526e-07,0.0,inf,inf,nonfinite_qlike
NQ/GLOBEX/B0/30min,M4_HARQ,27308,2018-07-04,9.935579154123564e-07,0.0,inf,inf,nonfinite_qlike
NQ/GLOBEX/B0/30min,M4_HARQ,27309,2018-07-04,6.955342320750374e-07,0.0,inf,inf,nonfinite_qlike
NQ/GLOBEX/B0/30min,M4_HARQ,27310,2018-07-04,6.932670082798868e-07,0.0,inf,inf,nonfinite_qlike
NQ/GLOBEX/B0/30min,M4_HARQ,27311,2018-07-04,6.924504065857505e-07,0.0,inf,inf,nonfinite_qlike
NQ/GLOBEX/B0/30min,M4_HARQ,27312,2018-07-04,6.907462813587289e-07,0.0,inf,inf,nonfinite_qlike
NQ/GLOBEX/B0/30min,M4_HARQ,27313,2018-07-04,6.887405212862799e-07,0.0,inf,inf,nonfinite_qlike
NQ/GLOBEX/B0/30min,M4_HARQ,27314,2018-07-04,6.837000478940468e-07,0.0,inf,inf,nonfinite_qlike
NQ/GLOBEX/B0/30min,M4_HARQ,29243,2018-09-03,3.4844529754537705e-07,0.0,inf,inf,nonfinite_qlike
NQ/GLOBEX/B0/30min,M4_HARQ,29244,2018-09-03,2.1005982129995194e-07,0.0,inf,inf,nonfinite_qlike
NQ/GLOBEX/B0/30min,M4_HARQ,29245,2018-09-03,2.0972640300661836e-07,0.0,inf,inf,nonfinite_qlike
NQ/GLOBEX/B0/30min,M4_HARQ,29246,2018-09-03,2.0894233204425719e-07,0.0,inf,inf,nonfinite_qlike
NQ/GLOBEX/B0/30min,M4_HARQ,29247,2018-09-03,2.08283872289987e-07,0.0,inf,inf,nonfinite_qlike
NQ/GLOBEX/B0/30min,M4_HARQ,29248,2018-09-03,2.0751634497744153e-07,0.0,inf,inf,nonfinite_qlike
NQ/GLOBEX/B0/30min,M4_HARQ,29249,2018-09-03,2.0621029753693465e-07,0.0,inf,inf,nonfinite_qlike
NQ/GLOBEX/B0/30min,M4_HARQ,31718,2018-11-22,2.9339843201709923e-06,0.0,inf,inf,nonfinite_qlike
NQ/GLOBEX/B0/30min,M4_HARQ,31719,2018-11-22,1.5943497567315699e-06,0.0,inf,inf,nonfinite_qlike
NQ/GLOBEX/B0/30min,M4_HARQ,31720,2018-11-22,1.5683752800050797e-06,0.0,inf,inf,nonfinite_qlike
NQ/GLOBEX/B0/30min,M4_HARQ,31721,2018-11-22,1.555728261952649e-06,0.0,inf,inf,nonfinite_qlike
NQ/GLOBEX/B0/30min,M4_HARQ,31722,2018-11-22,1.545366256235896e-06,0.0,inf,inf,nonfinite_qlike
NQ/GLOBEX/B0/30min,M4_HARQ,31723,2018-11-22,1.5009664544978518e-06,0.0,inf,inf,nonfinite_qlike
NQ/GLOBEX/B0/30min,M4_HARQ,31724,2018-11-22,1.480475260237188e-06,0.0,inf,inf,nonfinite_qlike
NQ/GLOBEX/B0/30min,M4_HARQ,32071,2018-12-05,1.337484563882326e-06,0.0,inf,inf,nonfinite_qlike
NQ/GLOBEX/B0/30min,M4_HARQ,32072,2018-12-05,8.500581678257535e-07,0.0,inf,inf,nonfinite_qlike
NQ/GLOBEX/B0/30min,M4_HARQ,32073,2018-12-05,8.425775473785658e-07,0.0,inf,inf,nonfinite_qlike
NQ/GLOBEX/B0/30min,M4_HARQ,32074,2018-12-05,8.369424745207949e-07,0.0,inf,inf,nonfinite_qlike
NQ/GLOBEX/B0/30min,M4_HARQ,32075,2018-12-05,8.331889078481091e-07,0.0,inf,inf,nonfinite_qlike
NQ/GLOBEX/B0/30min,M4_HARQ,32076,2018-12-05,8.13195274478066e-07,0.0,inf,inf,nonfinite_qlike
NQ/GLOBEX/B0/30min,M4_HARQ,32077,2018-12-05,7.882189810824231e-07,0.0,inf,inf,nonfinite_qlike
NQ/GLOBEX/B0/30min,M4_HARQ,32078,2018-12-05,7.729058788094006e-07,0.0,inf,inf,nonfinite_qlike
NQ/GLOBEX/B0/30min,M4_HARQ,32079,2018-12-05,7.646448518769153e-07,0.0,inf,inf,nonfinite_qlike
NQ/GLOBEX/B0/30min,M4_HARQ,32080,2018-12-05,7.576149409676019e-07,0.0,inf,inf,nonfinite_qlike
NQ/GLOBEX/B0/30min,M4_HARQ,32081,2018-12-05,7.481937632568879e-07,0.0,inf,inf,nonfinite_qlike
NQ/GLOBEX/B0/30min,M4_HARQ,32082,2018-12-05,7.431236639209024e-07,0.0,inf,inf,nonfinite_qlike
NQ/GLOBEX/B0/30min,M4_HARQ,32083,2018-12-05,7.376561125963525e-07,0.0,inf,inf,nonfinite_qlike
NQ/GLOBEX/B0/30min,M4_HARQ,32084,2018-12-05,7.340658224723982e-07,0.0,inf,inf,nonfinite_qlike
NQ/GLOBEX/B0/30min,M4_HARQ,33293,2019-01-21,1.2203467053822532e-06,0.0,inf,inf,nonfinite_qlike
NQ/GLOBEX/B0/30min,M4_HARQ,33294,2019-01-21,4.946882575368348e-07,0.0,inf,inf,nonfinite_qlike
NQ/GLOBEX/B0/30min,M4_HARQ,33295,2019-01-21,4.933241651844471e-07,0.0,inf,inf,nonfinite_qlike
NQ/GLOBEX/B0/30min,M4_HARQ,33296,2019-01-21,4.920829938890582e-07,0.0,inf,inf,nonfinite_qlike
NQ/GLOBEX/B0/30min,M4_HARQ,33297,2019-01-21,4.912792819252728e-07,0.0,inf,inf,nonfinite_qlike
NQ/GLOBEX/B0/30min,M4_HARQ,33298,2019-01-21,4.894194905820145e-07,0.0,inf,inf,nonfinite_qlike
NQ/GLOBEX/B0/30min,M4_HARQ,33299,2019-01-21,4.813800711151758e-07,0.0,inf,inf,nonfinite_qlike
NQ/GLOBEX/B0/30min,M4_HARQ,34193,2019-02-18,1.1190540364952717e-06,0.0,inf,inf,nonfinite_qlike
NQ/GLOBEX/B0/30min,M4_HARQ,34194,2019-02-18,4.400445147764184e-07,0.0,inf,inf,nonfinite_qlike
NQ/GLOBEX/B0/30min,M4_HARQ,34195,2019-02-18,4.3760523425340476e-07,0.0,inf,inf,nonfinite_qlike
NQ/GLOBEX/B0/30min,M4_HARQ,34196,2019-02-18,4.355685306338156e-07,0.0,inf,inf,nonfinite_qlike
NQ/GLOBEX/B0/30min,M4_HARQ,34197,2019-02-18,4.3149111535933486e-07,0.0,inf,inf,nonfinite_qlike
NQ/GLOBEX/B0/30min,M4_HARQ,34198,2019-02-18,4.3007367786659034e-07,0.0,inf,inf,nonfinite_qlike
NQ/GLOBEX/B0/30min,M4_HARQ,34199,2019-02-18,4.2638362502033033e-07,0.0,inf,inf,nonfinite_qlike
NQ/GLOBEX/B0/30min,M4_HARQ,34474,2019-02-27,4.486404050637403e-07,0.0,inf,inf,nonfinite_qlike
NQ/GLOBEX/B0/30min,M4_HARQ,34475,2019-02-27,3.9569414366106666e-07,0.0,inf,inf,nonfinite_qlike
NQ/GLOBEX/B0/30min,M4_HARQ,34476,2019-02-27,3.949830991055886e-07,0.0,inf,inf,nonfinite_qlike
NQ/GLOBEX/B0/30min,M4_HARQ,34477,2019-02-27,3.945683382798339e-07,0.0,inf,inf,nonfinite_qlike
NQ/GLOBEX/B0/30min,M4_HARQ,34478,2019-02-27,3.9425517918186493e-07,0.0,inf,inf,nonfinite_qlike
NQ/GLOBEX/B0/30min,M4_HARQ,37163,2019-05-27,7.395114734816262e-07,0.0,inf,inf,nonfinite_qlike
NQ/GLOBEX/B0/30min,M4_HARQ,37164,2019-05-27,5.644003444885322e-07,0.0,inf,inf,nonfinite_qlike
NQ/GLOBEX/B0/30min,M4_HARQ,37165,2019-05-27,5.612351274376781e-07,0.0,inf,inf,nonfinite_qlike
NQ/GLOBEX/B0/30min,M4_HARQ,37166,2019-05-27,5.557480663047611e-07,0.0,inf,inf,nonfinite_qlike
NQ/GLOBEX/B0/30min,M4_HARQ,37167,2019-05-27,5.50930229356855e-07,0.0,inf,inf,nonfinite_qlike
NQ/GLOBEX/B0/30min,M4_HARQ,37168,2019-05-27,5.464717321277897e-07,0.0,inf,inf,nonfinite_qlike
NQ/GLOBEX/B0/30min,M4_HARQ,37169,2019-05-27,5.417075676119959e-07,0.0,inf,inf,nonfinite_qlike
NQ/GLOBEX/B0/30min,M4_HARQ,38243,2019-07-04,4.6813880465851995e-07,0.0,inf,inf,nonfinite_qlike
NQ/GLOBEX/B0/30min,M4_HARQ,38244,2019-07-04,3.164014672001722e-07,0.0,inf,inf,nonfinite_qlike
NQ/GLOBEX/B0/30min,M4_HARQ,38245,2019-07-04,3.1306226580632564e-07,0.0,inf,inf,nonfinite_qlike
NQ/GLOBEX/B0/30min,M4_HARQ,38246,2019-07-04,3.1069553711544837e-07,0.0,inf,inf,nonfinite_qlike
NQ/GLOBEX/B0/30min,M4_HARQ,38247,2019-07-04,3.0892187146031254e-07,0.0,inf,inf,nonfinite_qlike
NQ/GLOBEX/B0/30min,M4_HARQ,38248,2019-07-04,3.0740237681413424e-07,0.0,inf,inf,nonfinite_qlike
NQ/GLOBEX/B0/30min,M4_HARQ,38249,2019-07-04,3.0548465806341086e-07,0.0,inf,inf,nonfinite_qlike
NQ/GLOBEX/B0/30min,M4_HARQ,40133,2019-09-02,2.13114304466792e-06,0.0,inf,inf,nonfinite_qlike
NQ/GLOBEX/B0/30min,M4_HARQ,40134,2019-09-02,8.358277637101259e-07,0.0,inf,inf,nonfinite_qlike
NQ/GLOBEX/B0/30min,M4_HARQ,40135,2019-09-02,8.348000320073122e-07,0.0,inf,inf,nonfinite_qlike
NQ/GLOBEX/B0/30min,M4_HARQ,40136,2019-09-02,8.324329963553946e-07,0.0,inf,inf,nonfinite_qlike
NQ/GLOBEX/B0/30min,M4_HARQ,40137,2019-09-02,8.282503339482726e-07,0.0,inf,inf,nonfinite_qlike
NQ/GLOBEX/B0/30min,M4_HARQ,40138,2019-09-02,8.250440972352175e-07,0.0,inf,inf,nonfinite_qlike
NQ/GLOBEX/B0/30min,M4_HARQ,40139,2019-09-02,8.170529694005039e-07,0.0,inf,inf,nonfinite_qlike
NQ/GLOBEX/B0/30min,M4_HARQ,42833,2019-11-28,3.028776904573846e-07,0.0,inf,inf,nonfinite_qlike
NQ/GLOBEX/B0/30min,M4_HARQ,42834,2019-11-28,2.2498995042426396e-07,0.0,inf,inf,nonfinite_qlike
NQ/GLOBEX/B0/30min,M4_HARQ,42835,2019-11-28,2.2431678322356274e-07,0.0,inf,inf,nonfinite_qlike
NQ/GLOBEX/B0/30min,M4_HARQ,42836,2019-11-28,2.22614793540481e-07,0.0,inf,inf,nonfinite_qlike
NQ/GLOBEX/B0/30min,M4_HARQ,42837,2019-11-28,2.2208580243500935e-07,0.0,inf,inf,nonfinite_qlike
NQ/GLOBEX/B0/30min,M4_HARQ,42838,2019-11-28,2.2144691132218805e-07,0.0,inf,inf,nonfinite_qlike
NQ/GLOBEX/B0/30min,M4_HARQ,42839,2019-11-28,2.1861327320748518e-07,0.0,inf,inf,nonfinite_qlike
NQ/GLOBEX/B0/30min,M4_HARQ,44183,2020-01-20,3.6788263663487233e-07,0.0,inf,inf,nonfinite_qlike
NQ/GLOBEX/B0/30min,M4_HARQ,44184,2020-01-20,3.1615372241764763e-07,0.0,inf,inf,nonfinite_qlike
NQ/GLOBEX/B0/30min,M4_HARQ,44185,2020-01-20,3.1595035920246295e-07,0.0,inf,inf,nonfinite_qlike
NQ/GLOBEX/B0/30min,M4_HARQ,44186,2020-01-20,3.154218848331896e-07,0.0,inf,inf,nonfinite_qlike
NQ/GLOBEX/B0/30min,M4_HARQ,44187,2020-01-20,3.150784078682666e-07,0.0,inf,inf,nonfinite_qlike
NQ/GLOBEX/B0/30min,M4_HARQ,44188,2020-01-20,3.14649267887639e-07,0.0,inf,inf,nonfinite_qlike
NQ/GLOBEX/B0/30min,M4_HARQ,44189,2020-01-20,3.135584710080438e-07,0.0,inf,inf,nonfinite_qlike
NQ/GLOBEX/B0/30min,M4_HARQ,45083,2020-02-17,5.624225252516829e-07,0.0,inf,inf,nonfinite_qlike
NQ/GLOBEX/B0/30min,M4_HARQ,45084,2020-02-17,3.9296212360620763e-07,0.0,inf,inf,nonfinite_qlike
NQ/GLOBEX/B0/30min,M4_HARQ,45085,2020-02-17,3.921014518050502e-07,0.0,inf,inf,nonfinite_qlike
NQ/GLOBEX/B0/30min,M4_HARQ,45086,2020-02-17,3.916090147011647e-07,0.0,inf,inf,nonfinite_qlike
NQ/GLOBEX/B0/30min,M4_HARQ,45087,2020-02-17,3.907637602047225e-07,0.0,inf,inf,nonfinite_qlike
NQ/GLOBEX/B0/30min,M4_HARQ,45088,2020-02-17,3.8980697296116523e-07,0.0,inf,inf,nonfinite_qlike
NQ/GLOBEX/B0/30min,M4_HARQ,45089,2020-02-17,3.871390105243372e-07,0.0,inf,inf,nonfinite_qlike
NQ/GLOBEX/B0/30min,M4_HARQ,45572,2020-03-03,1e-300,0.00019856229846482165,1.9856229846482166e+296,0.41631984193017285,below_1e-12
NQ/GLOBEX/B0/30min,M4_HARQ,45728,2020-03-09,1.317543037119142e-05,0.0,inf,inf,nonfinite_qlike
NQ/GLOBEX/B0/30min,M4_HARQ,45729,2020-03-09,8.721977558184827e-06,0.0,inf,inf,nonfinite_qlike
NQ/GLOBEX/B0/30min,M4_HARQ,45732,2020-03-09,8.99712387533613e-06,0.0,inf,inf,nonfinite_qlike
NQ/GLOBEX/B0/30min,M4_HARQ,45733,2020-03-09,8.65131475130899e-06,0.0,inf,inf,nonfinite_qlike
NQ/GLOBEX/B0/30min,M4_HARQ,45734,2020-03-09,8.641522706243088e-06,0.0,inf,inf,nonfinite_qlike
NQ/GLOBEX/B0/30min,M4_HARQ,45737,2020-03-09,8.58590169913512e-06,0.0,inf,inf,nonfinite_qlike
NQ/GLOBEX/B0/30min,M4_HARQ,45738,2020-03-09,8.5526369108568e-06,0.0,inf,inf,nonfinite_qlike
NQ/GLOBEX/B0/30min,M4_HARQ,45739,2020-03-09,8.524974510510228e-06,0.0,inf,inf,nonfinite_qlike
NQ/GLOBEX/B0/30min,M4_HARQ,45740,2020-03-09,8.489851051635167e-06,0.0,inf,inf,nonfinite_qlike
NQ/GLOBEX/B0/30min,M4_HARQ,45741,2020-03-09,8.445367706114004e-06,0.0,inf,inf,nonfinite_qlike
NQ/GLOBEX/B0/30min,M4_HARQ,45744,2020-03-09,8.619724783847263e-06,0.0,inf,inf,nonfinite_qlike
NQ/GLOBEX/B0/30min,M4_HARQ,45745,2020-03-09,8.291511589293109e-06,0.0,inf,inf,nonfinite_qlike
NQ/GLOBEX/B0/30min,M4_HARQ,45746,2020-03-09,8.2308486164693e-06,0.0,inf,inf,nonfinite_qlike
NQ/GLOBEX/B0/30min,M4_HARQ,45747,2020-03-09,8.18636852041321e-06,0.0,inf,inf,nonfinite_qlike
NQ/GLOBEX/B0/30min,M4_HARQ,45748,2020-03-09,8.138669587227304e-06,0.0,inf,inf,nonfinite_qlike
NQ/GLOBEX/B0/30min,M4_HARQ,45749,2020-03-09,8.09848516257454e-06,0.0,inf,inf,nonfinite_qlike
NQ/GLOBEX/B0/30min,M4_HARQ,45884,2020-03-12,1.3644940958125243e-05,0.0,inf,inf,nonfinite_qlike
NQ/GLOBEX/B0/30min,M4_HARQ,45894,2020-03-12,0.00044387876209654097,0.00023182205040939152,0.1718457573401453,3.6030404102566847e-298,above_100x_mean_rv
NQ/GLOBEX/B0/30min,M4_HARQ,45915,2020-03-18,4.1587145858724594e-05,0.0,inf,inf,nonfinite_qlike
NQ/GLOBEX/B0/30min,M4_HARQ,45916,2020-03-18,2.1167697807185694e-05,0.0,inf,inf,nonfinite_qlike
NQ/GLOBEX/B0/30min,M4_HARQ,45917,2020-03-18,2.1151455778724777e-05,0.0,inf,inf,nonfinite_qlike
NQ/GLOBEX/B0/30min,M4_HARQ,45918,2020-03-18,2.1139941254729292e-05,0.0,inf,inf,nonfinite_qlike
NQ/GLOBEX/B0/30min,M4_HARQ,45919,2020-03-18,2.11126019943467e-05,0.0,inf,inf,nonfinite_qlike
NQ/GLOBEX/B0/30min,M4_HARQ,45920,2020-03-18,2.107251691321791e-05,0.0,inf,inf,nonfinite_qlike
NQ/GLOBEX/B0/30min,M4_HARQ,45921,2020-03-18,2.104371392179906e-05,0.0,inf,inf,nonfinite_qlike
NQ/GLOBEX/B0/30min,M4_HARQ,45922,2020-03-18,2.100946995987247e-05,0.0,inf,inf,nonfinite_qlike
NQ/GLOBEX/B0/30min,M4_HARQ,45923,2020-03-18,2.0975514416526105e-05,0.0,inf,inf,nonfinite_qlike
NQ/GLOBEX/B0/30min,M4_HARQ,45924,2020-03-18,2.0912684229855807e-05,0.0,inf,inf,nonfinite_qlike
NQ/GLOBEX/B0/30min,M4_HARQ,45925,2020-03-18,2.0875631354300535e-05,0.0,inf,inf,nonfinite_qlike
NQ/GLOBEX/B0/30min,M4_HARQ,45926,2020-03-18,2.0848083483714093e-05,0.0,inf,inf,nonfinite_qlike
NQ/GLOBEX/B0/30min,M4_HARQ,45927,2020-03-18,2.0825839438511267e-05,0.0,inf,inf,nonfinite_qlike
NQ/GLOBEX/B0/30min,M4_HARQ,45928,2020-03-18,2.077846429778158e-05,0.0,inf,inf,nonfinite_qlike
NQ/GLOBEX/B0/30min,M4_HARQ,45929,2020-03-18,2.073566674983866e-05,0.0,inf,inf,nonfinite_qlike
NQ/GLOBEX/B0/30min,M4_HARQ,46036,2020-03-23,0.00012564474430983938,0.0,inf,inf,nonfinite_qlike
NQ/GLOBEX/B0/30min,M4_HARQ,46037,2020-03-23,3.5067144510743813e-05,0.0,inf,inf,nonfinite_qlike
NQ/GLOBEX/B0/30min,M4_HARQ,46104,2020-03-24,5.69784920030323e-05,0.0,inf,inf,nonfinite_qlike
NQ/GLOBEX/B0/30min,M4_HARQ,46105,2020-03-24,4.886628978663965e-05,0.0,inf,inf,nonfinite_qlike
NQ/GLOBEX/B0/30min,M4_HARQ,48053,2020-05-25,1.3784779146122387e-06,0.0,inf,inf,nonfinite_qlike
NQ/GLOBEX/B0/30min,M4_HARQ,48054,2020-05-25,9.56769509586595e-07,0.0,inf,inf,nonfinite_qlike
NQ/GLOBEX/B0/30min,M4_HARQ,48055,2020-05-25,9.534465597332742e-07,0.0,inf,inf,nonfinite_qlike
NQ/GLOBEX/B0/30min,M4_HARQ,48056,2020-05-25,9.50878567633329e-07,0.0,inf,inf,nonfinite_qlike
NQ/GLOBEX/B0/30min,M4_HARQ,48057,2020-05-25,9.447735266083104e-07,0.0,inf,inf,nonfinite_qlike
NQ/GLOBEX/B0/30min,M4_HARQ,48058,2020-05-25,9.380390973150457e-07,0.0,inf,inf,nonfinite_qlike
NQ/GLOBEX/B0/30min,M4_HARQ,48059,2020-05-25,9.191299474965242e-07,0.0,inf,inf,nonfinite_qlike
NQ/GLOBEX/B0/30min,M4_HARQ,49095,2020-07-01,2.9074306244728867e-06,0.0,inf,inf,nonfinite_qlike
NQ/GLOBEX/B0/30min,M4_HARQ,49096,2020-07-01,1.8285071697611563e-06,0.0,inf,inf,nonfinite_qlike
NQ/GLOBEX/B0/30min,M4_HARQ,49097,2020-07-01,1.8244664035905366e-06,0.0,inf,inf,nonfinite_qlike
NQ/GLOBEX/B0/30min,M4_HARQ,49098,2020-07-01,1.8183478634831526e-06,0.0,inf,inf,nonfinite_qlike
NQ/GLOBEX/B0/30min,M4_HARQ,51248,2020-09-07,6.869841359048625e-06,0.0,inf,inf,nonfinite_qlike
NQ/GLOBEX/B0/30min,M4_HARQ,51249,2020-09-07,4.337630663156213e-06,0.0,inf,inf,nonfinite_qlike
NQ/GLOBEX/B0/30min,M4_HARQ,51250,2020-09-07,4.334200775653611e-06,0.0,inf,inf,nonfinite_qlike
NQ/GLOBEX/B0/30min,M4_HARQ,51251,2020-09-07,4.331492043047662e-06,0.0,inf,inf,nonfinite_qlike
NQ/GLOBEX/B0/30min,M4_HARQ,51252,2020-09-07,4.328376228246935e-06,0.0,inf,inf,nonfinite_qlike
NQ/GLOBEX/B0/30min,M4_HARQ,51253,2020-09-07,4.319142652716003e-06,0.0,inf,inf,nonfinite_qlike
NQ/GLOBEX/B0/30min,M4_HARQ,51254,2020-09-07,4.277522078501019e-06,0.0,inf,inf,nonfinite_qlike
NQ/GLOBEX/B0/30min,M4_HARQ,53723,2020-11-26,1.8290758734189135e-06,0.0,inf,inf,nonfinite_qlike
NQ/GLOBEX/B0/30min,M4_HARQ,53724,2020-11-26,1.8243975738144726e-07,0.0,inf,inf,nonfinite_qlike
NQ/GLOBEX/B0/30min,M4_HARQ,53725,2020-11-26,1.7950603578234971e-07,0.0,inf,inf,nonfinite_qlike
NQ/GLOBEX/B0/30min,M4_HARQ,53726,2020-11-26,1.780331963046053e-07,0.0,inf,inf,nonfinite_qlike
NQ/GLOBEX/B0/30min,M4_HARQ,53727,2020-11-26,1.7557381501085181e-07,0.0,inf,inf,nonfinite_qlike
NQ/GLOBEX/B0/30min,M4_HARQ,53728,2020-11-26,1.722399900762527e-07,0.0,inf,inf,nonfinite_qlike
NQ/GLOBEX/B0/30min,M4_HARQ,53729,2020-11-26,1.6576193651193597e-07,0.0,inf,inf,nonfinite_qlike
NQ/GLOBEX/B0/30min,M4_HARQ,55073,2021-01-18,1.055811634163496e-06,0.0,inf,inf,nonfinite_qlike
NQ/GLOBEX/B0/30min,M4_HARQ,55074,2021-01-18,7.180753509593347e-07,0.0,inf,inf,nonfinite_qlike
NQ/GLOBEX/B0/30min,M4_HARQ,55075,2021-01-18,7.137262476315116e-07,0.0,inf,inf,nonfinite_qlike
NQ/GLOBEX/B0/30min,M4_HARQ,55076,2021-01-18,7.090008937206743e-07,0.0,inf,inf,nonfinite_qlike
NQ/GLOBEX/B0/30min,M4_HARQ,55077,2021-01-18,7.024902556706004e-07,0.0,inf,inf,nonfinite_qlike
NQ/GLOBEX/B0/30min,M4_HARQ,55078,2021-01-18,6.931391474916602e-07,0.0,inf,inf,nonfinite_qlike
NQ/GLOBEX/B0/30min,M4_HARQ,55079,2021-01-18,6.781237077081935e-07,0.0,inf,inf,nonfinite_qlike
NQ/GLOBEX/B0/30min,M4_HARQ,55973,2021-02-15,7.005549811426123e-07,0.0,inf,inf,nonfinite_qlike
NQ/GLOBEX/B0/30min,M4_HARQ,55974,2021-02-15,3.591901516912472e-07,0.0,inf,inf,nonfinite_qlike
NQ/GLOBEX/B0/30min,M4_HARQ,55975,2021-02-15,3.56768981402577e-07,0.0,inf,inf,nonfinite_qlike
NQ/GLOBEX/B0/30min,M4_HARQ,55976,2021-02-15,3.5507911687405345e-07,0.0,inf,inf,nonfinite_qlike
NQ/GLOBEX/B0/30min,M4_HARQ,55977,2021-02-15,3.529651725340969e-07,0.0,inf,inf,nonfinite_qlike
NQ/GLOBEX/B0/30min,M4_HARQ,55978,2021-02-15,3.5219513635310795e-07,0.0,inf,inf,nonfinite_qlike
NQ/GLOBEX/B0/30min,M4_HARQ,55979,2021-02-15,3.485538337084321e-07,0.0,inf,inf,nonfinite_qlike
NQ/GLOBEX/B0/30min,M4_HARQ,57361,2021-04-02,2.0411432182223035e-06,0.0,inf,inf,nonfinite_qlike
NQ/GLOBEX/B0/30min,M4_HARQ,57362,2021-04-02,7.424886781822252e-07,0.0,inf,inf,nonfinite_qlike
NQ/GLOBEX/B0/30min,M4_HARQ,57363,2021-04-02,7.199260364532155e-07,0.0,inf,inf,nonfinite_qlike
NQ/GLOBEX/B0/30min,M4_HARQ,57364,2021-04-02,7.156065775068736e-07,0.0,inf,inf,nonfinite_qlike
NQ/GLOBEX/B0/30min,M4_HARQ,57365,2021-04-02,6.992458137695041e-07,0.0,inf,inf,nonfinite_qlike
NQ/GLOBEX/B0/30min,M4_HARQ,57366,2021-04-02,6.91339047373832e-07,0.0,inf,inf,nonfinite_qlike
NQ/GLOBEX/B0/30min,M4_HARQ,57367,2021-04-02,6.792787250290285e-07,0.0,inf,inf,nonfinite_qlike
NQ/GLOBEX/B0/30min,M4_HARQ,57368,2021-04-02,6.723961167674314e-07,0.0,inf,inf,nonfinite_qlike
NQ/GLOBEX/B0/30min,M4_HARQ,57369,2021-04-02,6.685441505373102e-07,0.0,inf,inf,nonfinite_qlike
NQ/GLOBEX/B0/30min,M4_HARQ,57370,2021-04-02,6.618856883343161e-07,0.0,inf,inf,nonfinite_qlike
NQ/GLOBEX/B0/30min,M4_HARQ,57371,2021-04-02,6.439759575374519e-07,0.0,inf,inf,nonfinite_qlike
NQ/GLOBEX/B0/30min,M4_HARQ,57372,2021-04-02,6.067726361681968e-07,0.0,inf,inf,nonfinite_qlike
NQ/GLOBEX/B0/30min,M4_HARQ,57373,2021-04-02,5.979784462361063e-07,0.0,inf,inf,nonfinite_qlike
NQ/GLOBEX/B0/30min,M4_HARQ,57374,2021-04-02,5.829488273072723e-07,0.0,inf,inf,nonfinite_qlike
NQ/GLOBEX/B0/30min,M4_HARQ,59213,2021-05-31,3.9409066286373715e-07,0.0,inf,inf,nonfinite_qlike
NQ/GLOBEX/B0/30min,M4_HARQ,59214,2021-05-31,2.589082161720615e-07,0.0,inf,inf,nonfinite_qlike
NQ/GLOBEX/B0/30min,M4_HARQ,59215,2021-05-31,2.5823542569073005e-07,0.0,inf,inf,nonfinite_qlike
NQ/GLOBEX/B0/30min,M4_HARQ,59216,2021-05-31,2.5772316660774424e-07,0.0,inf,inf,nonfinite_qlike
NQ/GLOBEX/B0/30min,M4_HARQ,59217,2021-05-31,2.569561386641321e-07,0.0,inf,inf,nonfinite_qlike
NQ/GLOBEX/B0/30min,M4_HARQ,59218,2021-05-31,2.557074271237501e-07,0.0,inf,inf,nonfinite_qlike
NQ/GLOBEX/B0/30min,M4_HARQ,59219,2021-05-31,2.532559314199421e-07,0.0,inf,inf,nonfinite_qlike
NQ/GLOBEX/B0/30min,M4_HARQ,60203,2021-07-05,3.324752478633271e-07,0.0,inf,inf,nonfinite_qlike
NQ/GLOBEX/B0/30min,M4_HARQ,60204,2021-07-05,2.461142893635923e-07,0.0,inf,inf,nonfinite_qlike
NQ/GLOBEX/B0/30min,M4_HARQ,60205,2021-07-05,2.4519258855005664e-07,0.0,inf,inf,nonfinite_qlike
NQ/GLOBEX/B0/30min,M4_HARQ,60206,2021-07-05,2.4396541345177954e-07,0.0,inf,inf,nonfinite_qlike
NQ/GLOBEX/B0/30min,M4_HARQ,60207,2021-07-05,2.421090600718549e-07,0.0,inf,inf,nonfinite_qlike
NQ/GLOBEX/B0/30min,M4_HARQ,60208,2021-07-05,2.3809453240344263e-07,0.0,inf,inf,nonfinite_qlike
NQ/GLOBEX/B0/30min,M4_HARQ,60209,2021-07-05,2.34826512299969e-07,0.0,inf,inf,nonfinite_qlike
NQ/GLOBEX/B0/30min,M4_HARQ,62228,2021-09-06,3.7416736334586445e-07,0.0,inf,inf,nonfinite_qlike
NQ/GLOBEX/B0/30min,M4_HARQ,62229,2021-09-06,2.9746667116896176e-07,0.0,inf,inf,nonfinite_qlike
NQ/GLOBEX/B0/30min,M4_HARQ,62230,2021-09-06,2.966329020648224e-07,0.0,inf,inf,nonfinite_qlike
NQ/GLOBEX/B0/30min,M4_HARQ,62231,2021-09-06,2.959102435096604e-07,0.0,inf,inf,nonfinite_qlike
NQ/GLOBEX/B0/30min,M4_HARQ,62232,2021-09-06,2.952792811773338e-07,0.0,inf,inf,nonfinite_qlike
NQ/GLOBEX/B0/30min,M4_HARQ,62233,2021-09-06,2.947941581329513e-07,0.0,inf,inf,nonfinite_qlike
NQ/GLOBEX/B0/30min,M4_HARQ,62234,2021-09-06,2.9326415023819836e-07,0.0,inf,inf,nonfinite_qlike
NQ/GLOBEX/B0/30min,M4_HARQ,64703,2021-11-25,1.0894981060355259e-06,0.0,inf,inf,nonfinite_qlike
NQ/GLOBEX/B0/30min,M4_HARQ,64704,2021-11-25,8.746353133623911e-07,0.0,inf,inf,nonfinite_qlike
NQ/GLOBEX/B0/30min,M4_HARQ,64705,2021-11-25,8.681635849715011e-07,0.0,inf,inf,nonfinite_qlike
NQ/GLOBEX/B0/30min,M4_HARQ,64706,2021-11-25,8.634984352125301e-07,0.0,inf,inf,nonfinite_qlike
NQ/GLOBEX/B0/30min,M4_HARQ,64707,2021-11-25,8.607358422651919e-07,0.0,inf,inf,nonfinite_qlike
NQ/GLOBEX/B0/30min,M4_HARQ,64708,2021-11-25,8.579015726178526e-07,0.0,inf,inf,nonfinite_qlike
NQ/GLOBEX/B0/30min,M4_HARQ,64709,2021-11-25,8.542719198950192e-07,0.0,inf,inf,nonfinite_qlike
NQ/GLOBEX/B0/30min,M4_HARQ,66143,2022-01-17,2.4145998832962526e-06,0.0,inf,inf,nonfinite_qlike
NQ/GLOBEX/B0/30min,M4_HARQ,66144,2022-01-17,1.6770791610784413e-06,0.0,inf,inf,nonfinite_qlike
NQ/GLOBEX/B0/30min,M4_HARQ,66145,2022-01-17,1.658021577046025e-06,0.0,inf,inf,nonfinite_qlike
NQ/GLOBEX/B0/30min,M4_HARQ,66146,2022-01-17,1.6457786538365187e-06,0.0,inf,inf,nonfinite_qlike
NQ/GLOBEX/B0/30min,M4_HARQ,66147,2022-01-17,1.6263955704342243e-06,0.0,inf,inf,nonfinite_qlike
NQ/GLOBEX/B0/30min,M4_HARQ,66148,2022-01-17,1.5985982737786933e-06,0.0,inf,inf,nonfinite_qlike
NQ/GLOBEX/B0/30min,M4_HARQ,66149,2022-01-17,1.569746901986933e-06,0.0,inf,inf,nonfinite_qlike
NQ/GLOBEX/B0/30min,M4_HARQ,67268,2022-02-21,5.731972789827334e-06,0.0,inf,inf,nonfinite_qlike
NQ/GLOBEX/B0/30min,M4_HARQ,67269,2022-02-21,1.7220041261120747e-06,0.0,inf,inf,nonfinite_qlike
NQ/GLOBEX/B0/30min,M4_HARQ,67270,2022-02-21,1.6800557190373821e-06,0.0,inf,inf,nonfinite_qlike
NQ/GLOBEX/B0/30min,M4_HARQ,67271,2022-02-21,1.6194812918168605e-06,0.0,inf,inf,nonfinite_qlike
NQ/GLOBEX/B0/30min,M4_HARQ,67272,2022-02-21,1.570606218784345e-06,0.0,inf,inf,nonfinite_qlike
NQ/GLOBEX/B0/30min,M4_HARQ,67273,2022-02-21,1.524089681021619e-06,0.0,inf,inf,nonfinite_qlike
NQ/GLOBEX/B0/30min,M4_HARQ,67274,2022-02-21,1.4779393293237187e-06,0.0,inf,inf,nonfinite_qlike
NQ/GLOBEX/B0/30min,M4_HARQ,70238,2022-05-30,4.219087692688716e-06,0.0,inf,inf,nonfinite_qlike
NQ/GLOBEX/B0/30min,M4_HARQ,70239,2022-05-30,1.7963765309685276e-06,0.0,inf,inf,nonfinite_qlike
NQ/GLOBEX/B0/30min,M4_HARQ,70240,2022-05-30,1.7780979020000002e-06,0.0,inf,inf,nonfinite_qlike
NQ/GLOBEX/B0/30min,M4_HARQ,70241,2022-05-30,1.7628770201521756e-06,0.0,inf,inf,nonfinite_qlike
NQ/GLOBEX/B0/30min,M4_HARQ,70242,2022-05-30,1.7314337804876906e-06,0.0,inf,inf,nonfinite_qlike
NQ/GLOBEX/B0/30min,M4_HARQ,70243,2022-05-30,1.7060510264381029e-06,0.0,inf,inf,nonfinite_qlike
NQ/GLOBEX/B0/30min,M4_HARQ,70244,2022-05-30,1.6678291549219583e-06,0.0,inf,inf,nonfinite_qlike
NQ/GLOBEX/B0/30min,M4_HARQ,70778,2022-06-20,5.269256708259988e-06,0.0,inf,inf,nonfinite_qlike
NQ/GLOBEX/B0/30min,M4_HARQ,70779,2022-06-20,3.68381652527663e-06,0.0,inf,inf,nonfinite_qlike
NQ/GLOBEX/B0/30min,M4_HARQ,70780,2022-06-20,3.6734410865152895e-06,0.0,inf,inf,nonfinite_qlike
NQ/GLOBEX/B0/30min,M4_HARQ,70781,2022-06-20,3.6606945352388384e-06,0.0,inf,inf,nonfinite_qlike
NQ/GLOBEX/B0/30min,M4_HARQ,70782,2022-06-20,3.6501696990056655e-06,0.0,inf,inf,nonfinite_qlike
NQ/GLOBEX/B0/30min,M4_HARQ,70783,2022-06-20,3.6443745167184623e-06,0.0,inf,inf,nonfinite_qlike
NQ/GLOBEX/B0/30min,M4_HARQ,70784,2022-06-20,3.62738617409607e-06,0.0,inf,inf,nonfinite_qlike
NQ/GLOBEX/B0/30min,M4_HARQ,71228,2022-07-04,3.443200734889001e-06,0.0,inf,inf,nonfinite_qlike
NQ/GLOBEX/B0/30min,M4_HARQ,71229,2022-07-04,2.5081563325671775e-06,0.0,inf,inf,nonfinite_qlike
NQ/GLOBEX/B0/30min,M4_HARQ,71230,2022-07-04,2.4977920857538106e-06,0.0,inf,inf,nonfinite_qlike
NQ/GLOBEX/B0/30min,M4_HARQ,71231,2022-07-04,2.4896349187878263e-06,0.0,inf,inf,nonfinite_qlike
NQ/GLOBEX/B0/30min,M4_HARQ,71232,2022-07-04,2.4787287245037132e-06,0.0,inf,inf,nonfinite_qlike
NQ/GLOBEX/B0/30min,M4_HARQ,71233,2022-07-04,2.461535680305302e-06,0.0,inf,inf,nonfinite_qlike
NQ/GLOBEX/B0/30min,M4_HARQ,71234,2022-07-04,2.437855163767818e-06,0.0,inf,inf,nonfinite_qlike
NQ/GLOBEX/B0/30min,M4_HARQ,71534,2022-07-13,1e-300,0.00010235725858365186,1.0235725858365185e+296,0.21460951068463469,below_1e-12
NQ/GLOBEX/B0/30min,M4_HARQ,73253,2022-09-05,3.429261643797324e-06,0.0,inf,inf,nonfinite_qlike
NQ/GLOBEX/B0/30min,M4_HARQ,73254,2022-09-05,2.409329633032587e-06,0.0,inf,inf,nonfinite_qlike
NQ/GLOBEX/B0/30min,M4_HARQ,73255,2022-09-05,2.3953150930185057e-06,0.0,inf,inf,nonfinite_qlike
NQ/GLOBEX/B0/30min,M4_HARQ,73256,2022-09-05,2.3858891937300873e-06,0.0,inf,inf,nonfinite_qlike
NQ/GLOBEX/B0/30min,M4_HARQ,73257,2022-09-05,2.369765957493992e-06,0.0,inf,inf,nonfinite_qlike
NQ/GLOBEX/B0/30min,M4_HARQ,73258,2022-09-05,2.349429628147279e-06,0.0,inf,inf,nonfinite_qlike
NQ/GLOBEX/B0/30min,M4_HARQ,73259,2022-09-05,2.317446489198587e-06,0.0,inf,inf,nonfinite_qlike
NQ/GLOBEX/B0/30min,M4_HARQ,74369,2022-10-13,1e-300,5.0958565225300845e-05,5.095856522530084e+295,0.10684335336370124,below_1e-12
NQ/GLOBEX/B0/30min,M4_HARQ,75728,2022-11-24,1.624916551814863e-06,0.0,inf,inf,nonfinite_qlike
NQ/GLOBEX/B0/30min,M4_HARQ,75729,2022-11-24,1.0628030167807964e-06,0.0,inf,inf,nonfinite_qlike
NQ/GLOBEX/B0/30min,M4_HARQ,75730,2022-11-24,1.052544565484836e-06,0.0,inf,inf,nonfinite_qlike
NQ/GLOBEX/B0/30min,M4_HARQ,75731,2022-11-24,1.0420298857710533e-06,0.0,inf,inf,nonfinite_qlike
NQ/GLOBEX/B0/30min,M4_HARQ,75732,2022-11-24,1.0270369737482353e-06,0.0,inf,inf,nonfinite_qlike
NQ/GLOBEX/B0/30min,M4_HARQ,75733,2022-11-24,1.0141000325098377e-06,0.0,inf,inf,nonfinite_qlike
NQ/GLOBEX/B0/30min,M4_HARQ,75734,2022-11-24,9.976689577524098e-07,0.0,inf,inf,nonfinite_qlike
NQ/GLOBEX/B0/30min,M4_HARQ,77123,2023-01-16,3.176697338672531e-06,0.0,inf,inf,nonfinite_qlike
NQ/GLOBEX/B0/30min,M4_HARQ,77124,2023-01-16,2.1268629341906742e-06,0.0,inf,inf,nonfinite_qlike
NQ/GLOBEX/B0/30min,M4_HARQ,77125,2023-01-16,2.1055452121205625e-06,0.0,inf,inf,nonfinite_qlike
NQ/GLOBEX/B0/30min,M4_HARQ,77126,2023-01-16,2.092740968521231e-06,0.0,inf,inf,nonfinite_qlike
NQ/GLOBEX/B0/30min,M4_HARQ,77127,2023-01-16,2.0770892003436787e-06,0.0,inf,inf,nonfinite_qlike
NQ/GLOBEX/B0/30min,M4_HARQ,77128,2023-01-16,2.062151101464722e-06,0.0,inf,inf,nonfinite_qlike
NQ/GLOBEX/B0/30min,M4_HARQ,77129,2023-01-16,2.038140784985403e-06,0.0,inf,inf,nonfinite_qlike
NQ/GLOBEX/B0/30min,M4_HARQ,78248,2023-02-20,2.2217980679995213e-06,0.0,inf,inf,nonfinite_qlike
NQ/GLOBEX/B0/30min,M4_HARQ,78249,2023-02-20,1.9964095905774354e-06,0.0,inf,inf,nonfinite_qlike
NQ/GLOBEX/B0/30min,M4_HARQ,78250,2023-02-20,1.993532038714185e-06,0.0,inf,inf,nonfinite_qlike
NQ/GLOBEX/B0/30min,M4_HARQ,78251,2023-02-20,1.988137988098692e-06,0.0,inf,inf,nonfinite_qlike
NQ/GLOBEX/B0/30min,M4_HARQ,78252,2023-02-20,1.978596089627884e-06,0.0,inf,inf,nonfinite_qlike
NQ/GLOBEX/B0/30min,M4_HARQ,78253,2023-02-20,1.9713307450706062e-06,0.0,inf,inf,nonfinite_qlike
NQ/GLOBEX/B0/30min,M4_HARQ,78254,2023-02-20,1.9591583658142077e-06,0.0,inf,inf,nonfinite_qlike
NQ/GLOBEX/B0/30min,M4_HARQ,79636,2023-04-07,8.797751906382526e-07,0.0,inf,inf,nonfinite_qlike
NQ/GLOBEX/B0/30min,M4_HARQ,79637,2023-04-07,7.08662160366433e-07,0.0,inf,inf,nonfinite_qlike
NQ/GLOBEX/B0/30min,M4_HARQ,79638,2023-04-07,6.986145594601451e-07,0.0,inf,inf,nonfinite_qlike
NQ/GLOBEX/B0/30min,M4_HARQ,79639,2023-04-07,6.921517952807702e-07,0.0,inf,inf,nonfinite_qlike
NQ/GLOBEX/B0/30min,M4_HARQ,79640,2023-04-07,6.881627983114347e-07,0.0,inf,inf,nonfinite_qlike
NQ/GLOBEX/B0/30min,M4_HARQ,79641,2023-04-07,6.851559550870917e-07,0.0,inf,inf,nonfinite_qlike
NQ/GLOBEX/B0/30min,M4_HARQ,79642,2023-04-07,6.828928701931619e-07,0.0,inf,inf,nonfinite_qlike
NQ/GLOBEX/B0/30min,M4_HARQ,79643,2023-04-07,6.804325073801697e-07,0.0,inf,inf,nonfinite_qlike
NQ/GLOBEX/B0/30min,M4_HARQ,79644,2023-04-07,6.77996556957829e-07,0.0,inf,inf,nonfinite_qlike
NQ/GLOBEX/B0/30min,M4_HARQ,79645,2023-04-07,6.756083150724064e-07,0.0,inf,inf,nonfinite_qlike
NQ/GLOBEX/B0/30min,M4_HARQ,79646,2023-04-07,6.725694512957553e-07,0.0,inf,inf,nonfinite_qlike
NQ/GLOBEX/B0/30min,M4_HARQ,79647,2023-04-07,6.694731616319789e-07,0.0,inf,inf,nonfinite_qlike
NQ/GLOBEX/B0/30min,M4_HARQ,79648,2023-04-07,6.644792270534427e-07,0.0,inf,inf,nonfinite_qlike
NQ/GLOBEX/B0/30min,M4_HARQ,79649,2023-04-07,6.504584631940645e-07,0.0,inf,inf,nonfinite_qlike
NQ/GLOBEX/B0/30min,M4_HARQ,81263,2023-05-29,1.4177581660542909e-06,0.0,inf,inf,nonfinite_qlike
NQ/GLOBEX/B0/30min,M4_HARQ,81264,2023-05-29,9.311279085219262e-07,0.0,inf,inf,nonfinite_qlike
NQ/GLOBEX/B0/30min,M4_HARQ,81265,2023-05-29,9.287270138517872e-07,0.0,inf,inf,nonfinite_qlike
NQ/GLOBEX/B0/30min,M4_HARQ,81266,2023-05-29,9.265993698755413e-07,0.0,inf,inf,nonfinite_qlike
NQ/GLOBEX/B0/30min,M4_HARQ,81267,2023-05-29,9.208651843735428e-07,0.0,inf,inf,nonfinite_qlike
NQ/GLOBEX/B0/30min,M4_HARQ,81268,2023-05-29,9.181954157639411e-07,0.0,inf,inf,nonfinite_qlike
NQ/GLOBEX/B0/30min,M4_HARQ,81269,2023-05-29,9.139135190276746e-07,0.0,inf,inf,nonfinite_qlike
NQ/GLOBEX/B0/30min,M4_HARQ,81803,2023-06-19,1.2536666249703798e-06,0.0,inf,inf,nonfinite_qlike
NQ/GLOBEX/B0/30min,M4_HARQ,81804,2023-06-19,1.1010947908469676e-06,0.0,inf,inf,nonfinite_qlike
NQ/GLOBEX/B0/30min,M4_HARQ,81805,2023-06-19,1.0912432531822346e-06,0.0,inf,inf,nonfinite_qlike
NQ/GLOBEX/B0/30min,M4_HARQ,81806,2023-06-19,1.0824663027325913e-06,0.0,inf,inf,nonfinite_qlike
NQ/GLOBEX/B0/30min,M4_HARQ,81807,2023-06-19,1.0735896323934572e-06,0.0,inf,inf,nonfinite_qlike
NQ/GLOBEX/B0/30min,M4_HARQ,81808,2023-06-19,1.0599095436250733e-06,0.0,inf,inf,nonfinite_qlike
NQ/GLOBEX/B0/30min,M4_HARQ,81809,2023-06-19,1.0439371150027293e-06,0.0,inf,inf,nonfinite_qlike
NQ/GLOBEX/B0/30min,M4_HARQ,82253,2023-07-04,9.91961568116582e-07,0.0,inf,inf,nonfinite_qlike
NQ/GLOBEX/B0/30min,M4_HARQ,82254,2023-07-04,8.991212841220656e-07,0.0,inf,inf,nonfinite_qlike
NQ/GLOBEX/B0/30min,M4_HARQ,82255,2023-07-04,8.852109013875149e-07,0.0,inf,inf,nonfinite_qlike
NQ/GLOBEX/B0/30min,M4_HARQ,82256,2023-07-04,8.779250963530966e-07,0.0,inf,inf,nonfinite_qlike
NQ/GLOBEX/B0/30min,M4_HARQ,82257,2023-07-04,8.69467067715585e-07,0.0,inf,inf,nonfinite_qlike
NQ/GLOBEX/B0/30min,M4_HARQ,82258,2023-07-04,8.622495916834211e-07,0.0,inf,inf,nonfinite_qlike
NQ/GLOBEX/B0/30min,M4_HARQ,82259,2023-07-04,8.494749676635032e-07,0.0,inf,inf,nonfinite_qlike
NQ/GLOBEX/B0/30min,M4_HARQ,84233,2023-09-04,1.2090834103277913e-06,0.0,inf,inf,nonfinite_qlike
NQ/GLOBEX/B0/30min,M4_HARQ,84234,2023-09-04,8.597075289696604e-07,0.0,inf,inf,nonfinite_qlike
NQ/GLOBEX/B0/30min,M4_HARQ,84235,2023-09-04,8.454607619938201e-07,0.0,inf,inf,nonfinite_qlike
NQ/GLOBEX/B0/30min,M4_HARQ,84236,2023-09-04,8.395636612259704e-07,0.0,inf,inf,nonfinite_qlike
NQ/GLOBEX/B0/30min,M4_HARQ,84237,2023-09-04,8.302588562023654e-07,0.0,inf,inf,nonfinite_qlike
NQ/GLOBEX/B0/30min,M4_HARQ,84238,2023-09-04,8.247171379727768e-07,0.0,inf,inf,nonfinite_qlike
NQ/GLOBEX/B0/30min,M4_HARQ,84239,2023-09-04,8.141114079869381e-07,0.0,inf,inf,nonfinite_qlike
NQ/GLOBEX/B0/30min,M4_HARQ,86708,2023-11-23,5.541318464881951e-07,0.0,inf,inf,nonfinite_qlike
NQ/GLOBEX/B0/30min,M4_HARQ,86709,2023-11-23,5.106989280685926e-07,0.0,inf,inf,nonfinite_qlike
NQ/GLOBEX/B0/30min,M4_HARQ,86710,2023-11-23,5.034222168951277e-07,0.0,inf,inf,nonfinite_qlike
NQ/GLOBEX/B0/30min,M4_HARQ,86711,2023-11-23,5.00267429434161e-07,0.0,inf,inf,nonfinite_qlike
NQ/GLOBEX/B0/30min,M4_HARQ,86712,2023-11-23,4.96280752808185e-07,0.0,inf,inf,nonfinite_qlike
NQ/GLOBEX/B0/30min,M4_HARQ,86713,2023-11-23,4.937535067126333e-07,0.0,inf,inf,nonfinite_qlike
NQ/GLOBEX/B0/30min,M4_HARQ,86714,2023-11-23,4.904627150780344e-07,0.0,inf,inf,nonfinite_qlike
NQ/GLOBEX/B1/1day,M3_HARJ,1325,2021-06-17,1e-300,9.650255378801376e-05,9.650255378801375e+295,0.08548607297588089,below_1e-12
NQ/GLOBEX/B1/1day,M3_HARJ,1590,2022-07-14,1e-300,0.0003510252099658828,3.510252099658828e+296,0.3109530840130423,below_1e-12
NQ/GLOBEX/B1/1day,M3_HARJ,1653,2022-10-14,1e-300,0.0006813409563619643,6.813409563619644e+296,0.6035608430110768,below_1e-12
NQ/GLOBEX/B1/1day,M4_HARQ,1013,2020-03-04,1e-300,0.0006621843922403059,6.621843922403059e+296,0.49287078426112774,below_1e-12
NQ/GLOBEX/B1/1day,M4_HARQ,1653,2022-10-14,1e-300,0.0006813409563619643,6.813409563619644e+296,0.5071292157388724,below_1e-12
NQ/GLOBEX/B1/1h,M3_HARJ,680,2016-02-15,6.938155381085826e-06,0.0,inf,inf,nonfinite_qlike
NQ/GLOBEX/B1/1h,M3_HARJ,681,2016-02-15,6.980557062224404e-06,0.0,inf,inf,nonfinite_qlike
NQ/GLOBEX/B1/1h,M3_HARJ,5519,2017-01-16,7.242744703791111e-07,0.0,inf,inf,nonfinite_qlike
NQ/GLOBEX/B1/1h,M3_HARJ,5520,2017-01-16,4.464993141154126e-07,0.0,inf,inf,nonfinite_qlike
NQ/GLOBEX/B1/1h,M3_HARJ,5521,2017-01-16,4.4181090423683344e-07,0.0,inf,inf,nonfinite_qlike
NQ/GLOBEX/B1/1h,M3_HARJ,6069,2017-02-20,6.762706132246755e-07,0.0,inf,inf,nonfinite_qlike
NQ/GLOBEX/B1/1h,M3_HARJ,6070,2017-02-20,2.8268456847476243e-07,0.0,inf,inf,nonfinite_qlike
NQ/GLOBEX/B1/1h,M3_HARJ,6071,2017-02-20,2.80789421473521e-07,0.0,inf,inf,nonfinite_qlike
NQ/GLOBEX/B1/1h,M3_HARJ,7983,2017-07-04,3.709719531215814e-06,0.0,inf,inf,nonfinite_qlike
NQ/GLOBEX/B1/1h,M3_HARJ,7984,2017-07-04,1.0955093552939737e-06,0.0,inf,inf,nonfinite_qlike
NQ/GLOBEX/B1/1h,M3_HARJ,7985,2017-07-04,1.0850541972804532e-06,0.0,inf,inf,nonfinite_qlike
NQ/GLOBEX/B1/1h,M3_HARJ,8951,2017-09-04,8.82726594800307e-07,0.0,inf,inf,nonfinite_qlike
NQ/GLOBEX/B1/1h,M3_HARJ,8952,2017-09-04,5.476478525699658e-07,0.0,inf,inf,nonfinite_qlike
NQ/GLOBEX/B1/1h,M3_HARJ,8953,2017-09-04,5.448737461108835e-07,0.0,inf,inf,nonfinite_qlike
NQ/GLOBEX/B1/1h,M3_HARJ,10161,2017-11-23,4.4649571715148296e-07,0.0,inf,inf,nonfinite_qlike
NQ/GLOBEX/B1/1h,M3_HARJ,10162,2017-11-23,3.143628779828255e-07,0.0,inf,inf,nonfinite_qlike
NQ/GLOBEX/B1/1h,M3_HARJ,10163,2017-11-23,3.1264627249870834e-07,0.0,inf,inf,nonfinite_qlike
NQ/GLOBEX/B1/1h,M3_HARJ,10843,2018-01-15,7.38530480623669e-07,0.0,inf,inf,nonfinite_qlike
NQ/GLOBEX/B1/1h,M3_HARJ,10844,2018-01-15,4.1983354987725924e-07,0.0,inf,inf,nonfinite_qlike
NQ/GLOBEX/B1/1h,M3_HARJ,10845,2018-01-15,4.1784847660552715e-07,0.0,inf,inf,nonfinite_qlike
NQ/GLOBEX/B1/1h,M3_HARJ,11393,2018-02-19,6.089123017506142e-06,0.0,inf,inf,nonfinite_qlike
NQ/GLOBEX/B1/1h,M3_HARJ,11394,2018-02-19,3.446392831202546e-06,0.0,inf,inf,nonfinite_qlike
NQ/GLOBEX/B1/1h,M3_HARJ,11395,2018-02-19,3.4006808948094487e-06,0.0,inf,inf,nonfinite_qlike
NQ/GLOBEX/B1/1h,M3_HARJ,12845,2018-05-28,1.6233869470180682e-06,0.0,inf,inf,nonfinite_qlike
NQ/GLOBEX/B1/1h,M3_HARJ,12846,2018-05-28,1.1749764107777543e-06,0.0,inf,inf,nonfinite_qlike
NQ/GLOBEX/B1/1h,M3_HARJ,12847,2018-05-28,1.1561262128191269e-06,0.0,inf,inf,nonfinite_qlike
NQ/GLOBEX/B1/1h,M3_HARJ,13351,2018-07-04,2.6736004045056036e-06,0.0,inf,inf,nonfinite_qlike
NQ/GLOBEX/B1/1h,M3_HARJ,13352,2018-07-04,2.073365059782994e-06,0.0,inf,inf,nonfinite_qlike
NQ/GLOBEX/B1/1h,M3_HARJ,13353,2018-07-04,2.065343769978908e-06,0.0,inf,inf,nonfinite_qlike
NQ/GLOBEX/B1/1h,M3_HARJ,14297,2018-09-03,1.048335527391208e-06,0.0,inf,inf,nonfinite_qlike
NQ/GLOBEX/B1/1h,M3_HARJ,14298,2018-09-03,7.393353724832676e-07,0.0,inf,inf,nonfinite_qlike
NQ/GLOBEX/B1/1h,M3_HARJ,14299,2018-09-03,7.352997785981419e-07,0.0,inf,inf,nonfinite_qlike
NQ/GLOBEX/B1/1h,M3_HARJ,15507,2018-11-22,7.1374998239240805e-06,0.0,inf,inf,nonfinite_qlike
NQ/GLOBEX/B1/1h,M3_HARJ,15508,2018-11-22,4.728027871704443e-06,0.0,inf,inf,nonfinite_qlike
NQ/GLOBEX/B1/1h,M3_HARJ,15509,2018-11-22,4.6661886226569705e-06,0.0,inf,inf,nonfinite_qlike
NQ/GLOBEX/B1/1h,M3_HARJ,15680,2018-12-05,3.0989193674227657e-06,0.0,inf,inf,nonfinite_qlike
NQ/GLOBEX/B1/1h,M3_HARJ,15681,2018-12-05,2.6676522735755274e-06,0.0,inf,inf,nonfinite_qlike
NQ/GLOBEX/B1/1h,M3_HARJ,15682,2018-12-05,2.6026419264729795e-06,0.0,inf,inf,nonfinite_qlike
NQ/GLOBEX/B1/1h,M3_HARJ,15683,2018-12-05,2.49854849911652e-06,0.0,inf,inf,nonfinite_qlike
NQ/GLOBEX/B1/1h,M3_HARJ,15684,2018-12-05,2.458666977033495e-06,0.0,inf,inf,nonfinite_qlike
NQ/GLOBEX/B1/1h,M3_HARJ,15685,2018-12-05,2.4159013199509006e-06,0.0,inf,inf,nonfinite_qlike
NQ/GLOBEX/B1/1h,M3_HARJ,16277,2019-01-21,2.591714651739467e-06,0.0,inf,inf,nonfinite_qlike
NQ/GLOBEX/B1/1h,M3_HARJ,16278,2019-01-21,1.7520739804542832e-06,0.0,inf,inf,nonfinite_qlike
NQ/GLOBEX/B1/1h,M3_HARJ,16279,2019-01-21,1.7452894039345868e-06,0.0,inf,inf,nonfinite_qlike
NQ/GLOBEX/B1/1h,M3_HARJ,16717,2019-02-18,1.98935135286649e-06,0.0,inf,inf,nonfinite_qlike
NQ/GLOBEX/B1/1h,M3_HARJ,16718,2019-02-18,1.2530870139949939e-06,0.0,inf,inf,nonfinite_qlike
NQ/GLOBEX/B1/1h,M3_HARJ,16719,2019-02-18,1.236251612473569e-06,0.0,inf,inf,nonfinite_qlike
NQ/GLOBEX/B1/1h,M3_HARJ,16854,2019-02-27,1.5092866958745427e-06,0.0,inf,inf,nonfinite_qlike
NQ/GLOBEX/B1/1h,M3_HARJ,16855,2019-02-27,1.1324523746252554e-06,0.0,inf,inf,nonfinite_qlike
NQ/GLOBEX/B1/1h,M3_HARJ,18169,2019-05-27,1.8214267804099544e-06,0.0,inf,inf,nonfinite_qlike
NQ/GLOBEX/B1/1h,M3_HARJ,18170,2019-05-27,1.5881852775110776e-06,0.0,inf,inf,nonfinite_qlike
NQ/GLOBEX/B1/1h,M3_HARJ,18171,2019-05-27,1.5630685816259095e-06,0.0,inf,inf,nonfinite_qlike
NQ/GLOBEX/B1/1h,M3_HARJ,18697,2019-07-04,1.1230176824295934e-06,0.0,inf,inf,nonfinite_qlike
NQ/GLOBEX/B1/1h,M3_HARJ,18698,2019-07-04,9.070685967018833e-07,0.0,inf,inf,nonfinite_qlike
NQ/GLOBEX/B1/1h,M3_HARJ,18699,2019-07-04,8.965312843538573e-07,0.0,inf,inf,nonfinite_qlike
NQ/GLOBEX/B1/1h,M3_HARJ,19621,2019-09-02,6.056218511582618e-06,0.0,inf,inf,nonfinite_qlike
NQ/GLOBEX/B1/1h,M3_HARJ,19622,2019-09-02,2.3185712607238405e-06,0.0,inf,inf,nonfinite_qlike
NQ/GLOBEX/B1/1h,M3_HARJ,19623,2019-09-02,2.2996093207922815e-06,0.0,inf,inf,nonfinite_qlike
NQ/GLOBEX/B1/1h,M3_HARJ,20941,2019-11-28,7.594050834619582e-07,0.0,inf,inf,nonfinite_qlike
NQ/GLOBEX/B1/1h,M3_HARJ,20942,2019-11-28,6.463767617160329e-07,0.0,inf,inf,nonfinite_qlike
NQ/GLOBEX/B1/1h,M3_HARJ,20943,2019-11-28,6.409648314420441e-07,0.0,inf,inf,nonfinite_qlike
NQ/GLOBEX/B1/1h,M3_HARJ,21601,2020-01-20,9.558792959568292e-07,0.0,inf,inf,nonfinite_qlike
NQ/GLOBEX/B1/1h,M3_HARJ,21602,2020-01-20,8.692787616793334e-07,0.0,inf,inf,nonfinite_qlike
NQ/GLOBEX/B1/1h,M3_HARJ,21603,2020-01-20,8.67026187287107e-07,0.0,inf,inf,nonfinite_qlike
NQ/GLOBEX/B1/1h,M3_HARJ,22041,2020-02-17,1.372483554057183e-06,0.0,inf,inf,nonfinite_qlike
NQ/GLOBEX/B1/1h,M3_HARJ,22042,2020-02-17,1.061381946862352e-06,0.0,inf,inf,nonfinite_qlike
NQ/GLOBEX/B1/1h,M3_HARJ,22043,2020-02-17,1.0581930683171458e-06,0.0,inf,inf,nonfinite_qlike
NQ/GLOBEX/B1/1h,M3_HARJ,22356,2020-03-09,2.692854875929334e-05,0.0,inf,inf,nonfinite_qlike
NQ/GLOBEX/B1/1h,M3_HARJ,22358,2020-03-09,2.5192556900208347e-05,0.0,inf,inf,nonfinite_qlike
NQ/GLOBEX/B1/1h,M3_HARJ,22361,2020-03-09,1.6491554304663183e-05,0.0,inf,inf,nonfinite_qlike
NQ/GLOBEX/B1/1h,M3_HARJ,22362,2020-03-09,1.6369549505336804e-05,0.0,inf,inf,nonfinite_qlike
NQ/GLOBEX/B1/1h,M3_HARJ,22364,2020-03-09,2.1042431649628465e-05,0.0,inf,inf,nonfinite_qlike
NQ/GLOBEX/B1/1h,M3_HARJ,22365,2020-03-09,1.5869563973941648e-05,0.0,inf,inf,nonfinite_qlike
NQ/GLOBEX/B1/1h,M3_HARJ,22366,2020-03-09,1.5691568652825318e-05,0.0,inf,inf,nonfinite_qlike
NQ/GLOBEX/B1/1h,M3_HARJ,22448,2020-03-18,6.19143229496909e-05,0.0,inf,inf,nonfinite_qlike
NQ/GLOBEX/B1/1h,M3_HARJ,22449,2020-03-18,4.394431195911179e-05,0.0,inf,inf,nonfinite_qlike
NQ/GLOBEX/B1/1h,M3_HARJ,22450,2020-03-18,4.379427251912755e-05,0.0,inf,inf,nonfinite_qlike
NQ/GLOBEX/B1/1h,M3_HARJ,22451,2020-03-18,4.365409770380353e-05,0.0,inf,inf,nonfinite_qlike
NQ/GLOBEX/B1/1h,M3_HARJ,22452,2020-03-18,4.343886353459373e-05,0.0,inf,inf,nonfinite_qlike
NQ/GLOBEX/B1/1h,M3_HARJ,22453,2020-03-18,4.329514827471778e-05,0.0,inf,inf,nonfinite_qlike
NQ/GLOBEX/B1/1h,M3_HARJ,22454,2020-03-18,4.314031347194132e-05,0.0,inf,inf,nonfinite_qlike
NQ/GLOBEX/B1/1h,M3_HARJ,22540,2020-03-24,0.0001251176554430214,0.0,inf,inf,nonfinite_qlike
NQ/GLOBEX/B1/1h,M3_HARJ,23493,2020-05-25,3.383241244261802e-06,0.0,inf,inf,nonfinite_qlike
NQ/GLOBEX/B1/1h,M3_HARJ,23494,2020-05-25,2.5765891618673634e-06,0.0,inf,inf,nonfinite_qlike
NQ/GLOBEX/B1/1h,M3_HARJ,23495,2020-05-25,2.5553998615124646e-06,0.0,inf,inf,nonfinite_qlike
NQ/GLOBEX/B1/1h,M3_HARJ,24002,2020-07-01,1.2635055241319113e-05,0.0,inf,inf,nonfinite_qlike
NQ/GLOBEX/B1/1h,M3_HARJ,24003,2020-07-01,4.44765089148072e-06,0.0,inf,inf,nonfinite_qlike
NQ/GLOBEX/B1/1h,M3_HARJ,25055,2020-09-07,1.4895709451538007e-05,0.0,inf,inf,nonfinite_qlike
NQ/GLOBEX/B1/1h,M3_HARJ,25056,2020-09-07,9.732979758403193e-06,0.0,inf,inf,nonfinite_qlike
NQ/GLOBEX/B1/1h,M3_HARJ,25057,2020-09-07,9.719857933120572e-06,0.0,inf,inf,nonfinite_qlike
NQ/GLOBEX/B1/1h,M3_HARJ,26265,2020-11-26,3.966133531570972e-06,0.0,inf,inf,nonfinite_qlike
NQ/GLOBEX/B1/1h,M3_HARJ,26266,2020-11-26,9.715073448445688e-07,0.0,inf,inf,nonfinite_qlike
NQ/GLOBEX/B1/1h,M3_HARJ,26267,2020-11-26,9.624571256517661e-07,0.0,inf,inf,nonfinite_qlike
NQ/GLOBEX/B1/1h,M3_HARJ,26925,2021-01-18,2.6117319958640664e-06,0.0,inf,inf,nonfinite_qlike
NQ/GLOBEX/B1/1h,M3_HARJ,26926,2021-01-18,1.87467853793719e-06,0.0,inf,inf,nonfinite_qlike
NQ/GLOBEX/B1/1h,M3_HARJ,26927,2021-01-18,1.849199876271226e-06,0.0,inf,inf,nonfinite_qlike
NQ/GLOBEX/B1/1h,M3_HARJ,27365,2021-02-15,1.5389538966105547e-06,0.0,inf,inf,nonfinite_qlike
NQ/GLOBEX/B1/1h,M3_HARJ,27366,2021-02-15,1.1773728565755576e-06,0.0,inf,inf,nonfinite_qlike
NQ/GLOBEX/B1/1h,M3_HARJ,27367,2021-02-15,1.1690456883847917e-06,0.0,inf,inf,nonfinite_qlike
NQ/GLOBEX/B1/1h,M3_HARJ,28044,2021-04-02,3.1337110972924043e-06,0.0,inf,inf,nonfinite_qlike
NQ/GLOBEX/B1/1h,M3_HARJ,28045,2021-04-02,1.9949048286357235e-06,0.0,inf,inf,nonfinite_qlike
NQ/GLOBEX/B1/1h,M3_HARJ,28046,2021-04-02,1.9403061242868245e-06,0.0,inf,inf,nonfinite_qlike
NQ/GLOBEX/B1/1h,M3_HARJ,28047,2021-04-02,1.8978190271575392e-06,0.0,inf,inf,nonfinite_qlike
NQ/GLOBEX/B1/1h,M3_HARJ,28048,2021-04-02,1.8733016588652804e-06,0.0,inf,inf,nonfinite_qlike
NQ/GLOBEX/B1/1h,M3_HARJ,28049,2021-04-02,1.753219861747326e-06,0.0,inf,inf,nonfinite_qlike
NQ/GLOBEX/B1/1h,M3_HARJ,28949,2021-05-31,1.3275259003695219e-06,0.0,inf,inf,nonfinite_qlike
NQ/GLOBEX/B1/1h,M3_HARJ,28950,2021-05-31,9.492631688705523e-07,0.0,inf,inf,nonfinite_qlike
NQ/GLOBEX/B1/1h,M3_HARJ,28951,2021-05-31,9.463269327194296e-07,0.0,inf,inf,nonfinite_qlike
NQ/GLOBEX/B1/1h,M3_HARJ,29433,2021-07-05,9.552750581746668e-07,0.0,inf,inf,nonfinite_qlike
NQ/GLOBEX/B1/1h,M3_HARJ,29434,2021-07-05,8.449272771623917e-07,0.0,inf,inf,nonfinite_qlike
NQ/GLOBEX/B1/1h,M3_HARJ,29435,2021-07-05,8.382972181410653e-07,0.0,inf,inf,nonfinite_qlike
NQ/GLOBEX/B1/1h,M3_HARJ,30423,2021-09-06,1.040913982590717e-06,0.0,inf,inf,nonfinite_qlike
NQ/GLOBEX/B1/1h,M3_HARJ,30424,2021-09-06,9.031925255577144e-07,0.0,inf,inf,nonfinite_qlike
NQ/GLOBEX/B1/1h,M3_HARJ,30425,2021-09-06,9.00245663227681e-07,0.0,inf,inf,nonfinite_qlike
NQ/GLOBEX/B1/1h,M3_HARJ,31633,2021-11-25,2.513350883323847e-06,0.0,inf,inf,nonfinite_qlike
NQ/GLOBEX/B1/1h,M3_HARJ,31634,2021-11-25,2.1531061645680606e-06,0.0,inf,inf,nonfinite_qlike
NQ/GLOBEX/B1/1h,M3_HARJ,31635,2021-11-25,2.136966034278016e-06,0.0,inf,inf,nonfinite_qlike
NQ/GLOBEX/B1/1h,M3_HARJ,32337,2022-01-17,5.208776085485562e-06,0.0,inf,inf,nonfinite_qlike
NQ/GLOBEX/B1/1h,M3_HARJ,32338,2022-01-17,3.916428192455117e-06,0.0,inf,inf,nonfinite_qlike
NQ/GLOBEX/B1/1h,M3_HARJ,32339,2022-01-17,3.8443944187771534e-06,0.0,inf,inf,nonfinite_qlike
NQ/GLOBEX/B1/1h,M3_HARJ,32887,2022-02-21,9.56374422909145e-06,0.0,inf,inf,nonfinite_qlike
NQ/GLOBEX/B1/1h,M3_HARJ,32888,2022-02-21,4.225759042175058e-06,0.0,inf,inf,nonfinite_qlike
NQ/GLOBEX/B1/1h,M3_HARJ,32889,2022-02-21,3.990128845462668e-06,0.0,inf,inf,nonfinite_qlike
NQ/GLOBEX/B1/1h,M3_HARJ,34339,2022-05-30,8.902753177250743e-06,0.0,inf,inf,nonfinite_qlike
NQ/GLOBEX/B1/1h,M3_HARJ,34340,2022-05-30,4.546457157510528e-06,0.0,inf,inf,nonfinite_qlike
NQ/GLOBEX/B1/1h,M3_HARJ,34341,2022-05-30,4.446134276043883e-06,0.0,inf,inf,nonfinite_qlike
NQ/GLOBEX/B1/1h,M3_HARJ,34603,2022-06-20,1.0477841371209659e-05,0.0,inf,inf,nonfinite_qlike
NQ/GLOBEX/B1/1h,M3_HARJ,34604,2022-06-20,8.547340885658703e-06,0.0,inf,inf,nonfinite_qlike
NQ/GLOBEX/B1/1h,M3_HARJ,34605,2022-06-20,8.495605664701683e-06,0.0,inf,inf,nonfinite_qlike
NQ/GLOBEX/B1/1h,M3_HARJ,34823,2022-07-04,7.511750771156724e-06,0.0,inf,inf,nonfinite_qlike
NQ/GLOBEX/B1/1h,M3_HARJ,34824,2022-07-04,5.886382506541744e-06,0.0,inf,inf,nonfinite_qlike
NQ/GLOBEX/B1/1h,M3_HARJ,34825,2022-07-04,5.8451462805561046e-06,0.0,inf,inf,nonfinite_qlike
NQ/GLOBEX/B1/1h,M3_HARJ,35813,2022-09-05,7.408258714347161e-06,0.0,inf,inf,nonfinite_qlike
NQ/GLOBEX/B1/1h,M3_HARJ,35814,2022-09-05,5.5458168178216895e-06,0.0,inf,inf,nonfinite_qlike
NQ/GLOBEX/B1/1h,M3_HARJ,35815,2022-09-05,5.489511060614895e-06,0.0,inf,inf,nonfinite_qlike
NQ/GLOBEX/B1/1h,M3_HARJ,37023,2022-11-24,3.0301638614312498e-06,0.0,inf,inf,nonfinite_qlike
NQ/GLOBEX/B1/1h,M3_HARJ,37024,2022-11-24,2.5229615114587052e-06,0.0,inf,inf,nonfinite_qlike
NQ/GLOBEX/B1/1h,M3_HARJ,37025,2022-11-24,2.4690554728949852e-06,0.0,inf,inf,nonfinite_qlike
NQ/GLOBEX/B1/1h,M3_HARJ,37705,2023-01-16,5.8756292324066684e-06,0.0,inf,inf,nonfinite_qlike
NQ/GLOBEX/B1/1h,M3_HARJ,37706,2023-01-16,4.629519606639993e-06,0.0,inf,inf,nonfinite_qlike
NQ/GLOBEX/B1/1h,M3_HARJ,37707,2023-01-16,4.569272252159564e-06,0.0,inf,inf,nonfinite_qlike
NQ/GLOBEX/B1/1h,M3_HARJ,38255,2023-02-20,4.86951939927255e-06,0.0,inf,inf,nonfinite_qlike
NQ/GLOBEX/B1/1h,M3_HARJ,38256,2023-02-20,4.395506438335754e-06,0.0,inf,inf,nonfinite_qlike
NQ/GLOBEX/B1/1h,M3_HARJ,38257,2023-02-20,4.363783967763218e-06,0.0,inf,inf,nonfinite_qlike
NQ/GLOBEX/B1/1h,M3_HARJ,38934,2023-04-07,1.8457945826590052e-06,0.0,inf,inf,nonfinite_qlike
NQ/GLOBEX/B1/1h,M3_HARJ,38935,2023-04-07,1.689220754669439e-06,0.0,inf,inf,nonfinite_qlike
NQ/GLOBEX/B1/1h,M3_HARJ,38936,2023-04-07,1.674201124957931e-06,0.0,inf,inf,nonfinite_qlike
NQ/GLOBEX/B1/1h,M3_HARJ,38937,2023-04-07,1.6641482472607905e-06,0.0,inf,inf,nonfinite_qlike
NQ/GLOBEX/B1/1h,M3_HARJ,38938,2023-04-07,1.653898422511961e-06,0.0,inf,inf,nonfinite_qlike
NQ/GLOBEX/B1/1h,M3_HARJ,38939,2023-04-07,1.6409305871376398e-06,0.0,inf,inf,nonfinite_qlike
NQ/GLOBEX/B1/1h,M3_HARJ,39729,2023-05-29,2.5846720587478243e-06,0.0,inf,inf,nonfinite_qlike
NQ/GLOBEX/B1/1h,M3_HARJ,39730,2023-05-29,1.9756290061993824e-06,0.0,inf,inf,nonfinite_qlike
NQ/GLOBEX/B1/1h,M3_HARJ,39731,2023-05-29,1.9590415929086634e-06,0.0,inf,inf,nonfinite_qlike
NQ/GLOBEX/B1/1h,M3_HARJ,39993,2023-06-19,2.7694169087426247e-06,0.0,inf,inf,nonfinite_qlike
NQ/GLOBEX/B1/1h,M3_HARJ,39994,2023-06-19,2.438869411260976e-06,0.0,inf,inf,nonfinite_qlike
NQ/GLOBEX/B1/1h,M3_HARJ,39995,2023-06-19,2.40175380120725e-06,0.0,inf,inf,nonfinite_qlike
NQ/GLOBEX/B1/1h,M3_HARJ,40213,2023-07-04,2.1859176075124136e-06,0.0,inf,inf,nonfinite_qlike
NQ/GLOBEX/B1/1h,M3_HARJ,40214,2023-07-04,2.005731835120372e-06,0.0,inf,inf,nonfinite_qlike
NQ/GLOBEX/B1/1h,M3_HARJ,40215,2023-07-04,1.972715764631486e-06,0.0,inf,inf,nonfinite_qlike
NQ/GLOBEX/B1/1h,M3_HARJ,41181,2023-09-04,2.5214556701698765e-06,0.0,inf,inf,nonfinite_qlike
NQ/GLOBEX/B1/1h,M3_HARJ,41182,2023-09-04,1.977919774589188e-06,0.0,inf,inf,nonfinite_qlike
NQ/GLOBEX/B1/1h,M3_HARJ,41183,2023-09-04,1.9458659123017295e-06,0.0,inf,inf,nonfinite_qlike
NQ/GLOBEX/B1/1h,M3_HARJ,42391,2023-11-23,1.2805261965639986e-06,0.0,inf,inf,nonfinite_qlike
NQ/GLOBEX/B1/1h,M3_HARJ,42392,2023-11-23,1.1946022303608773e-06,0.0,inf,inf,nonfinite_qlike
NQ/GLOBEX/B1/1h,M3_HARJ,42393,2023-11-23,1.1794230473579154e-06,0.0,inf,inf,nonfinite_qlike
NQ/GLOBEX/B1/1h,M4_HARQ,680,2016-02-15,3.3504140036630034e-06,0.0,inf,inf,nonfinite_qlike
NQ/GLOBEX/B1/1h,M4_HARQ,681,2016-02-15,3.4006805922975815e-06,0.0,inf,inf,nonfinite_qlike
NQ/GLOBEX/B1/1h,M4_HARQ,5519,2017-01-16,7.330528059223625e-07,0.0,inf,inf,nonfinite_qlike
NQ/GLOBEX/B1/1h,M4_HARQ,5520,2017-01-16,4.817376382494199e-07,0.0,inf,inf,nonfinite_qlike
NQ/GLOBEX/B1/1h,M4_HARQ,5521,2017-01-16,4.77923615705885e-07,0.0,inf,inf,nonfinite_qlike
NQ/GLOBEX/B1/1h,M4_HARQ,6069,2017-02-20,5.778731548154688e-07,0.0,inf,inf,nonfinite_qlike
NQ/GLOBEX/B1/1h,M4_HARQ,6070,2017-02-20,3.281382587636327e-07,0.0,inf,inf,nonfinite_qlike
NQ/GLOBEX/B1/1h,M4_HARQ,6071,2017-02-20,3.2641546039252976e-07,0.0,inf,inf,nonfinite_qlike
NQ/GLOBEX/B1/1h,M4_HARQ,7983,2017-07-04,4.232052199754262e-06,0.0,inf,inf,nonfinite_qlike
NQ/GLOBEX/B1/1h,M4_HARQ,7984,2017-07-04,9.992872078988656e-07,0.0,inf,inf,nonfinite_qlike
NQ/GLOBEX/B1/1h,M4_HARQ,7985,2017-07-04,9.90858300881633e-07,0.0,inf,inf,nonfinite_qlike
NQ/GLOBEX/B1/1h,M4_HARQ,8951,2017-09-04,8.698251988865505e-07,0.0,inf,inf,nonfinite_qlike
NQ/GLOBEX/B1/1h,M4_HARQ,8952,2017-09-04,5.546642484442467e-07,0.0,inf,inf,nonfinite_qlike
NQ/GLOBEX/B1/1h,M4_HARQ,8953,2017-09-04,5.523414166235233e-07,0.0,inf,inf,nonfinite_qlike
NQ/GLOBEX/B1/1h,M4_HARQ,10161,2017-11-23,4.916414662646761e-07,0.0,inf,inf,nonfinite_qlike
NQ/GLOBEX/B1/1h,M4_HARQ,10162,2017-11-23,3.423057155976449e-07,0.0,inf,inf,nonfinite_qlike
NQ/GLOBEX/B1/1h,M4_HARQ,10163,2017-11-23,3.4083572742222886e-07,0.0,inf,inf,nonfinite_qlike
NQ/GLOBEX/B1/1h,M4_HARQ,10843,2018-01-15,7.548589119517576e-07,0.0,inf,inf,nonfinite_qlike
NQ/GLOBEX/B1/1h,M4_HARQ,10844,2018-01-15,4.258138508270744e-07,0.0,inf,inf,nonfinite_qlike
NQ/GLOBEX/B1/1h,M4_HARQ,10845,2018-01-15,4.2408638754398087e-07,0.0,inf,inf,nonfinite_qlike
NQ/GLOBEX/B1/1h,M4_HARQ,11393,2018-02-19,5.127264700394418e-06,0.0,inf,inf,nonfinite_qlike
NQ/GLOBEX/B1/1h,M4_HARQ,11394,2018-02-19,1.3394144842435883e-06,0.0,inf,inf,nonfinite_qlike
NQ/GLOBEX/B1/1h,M4_HARQ,11395,2018-02-19,1.3115008136092521e-06,0.0,inf,inf,nonfinite_qlike
NQ/GLOBEX/B1/1h,M4_HARQ,12845,2018-05-28,1.3379020229554234e-06,0.0,inf,inf,nonfinite_qlike
NQ/GLOBEX/B1/1h,M4_HARQ,12846,2018-05-28,5.399023200033635e-07,0.0,inf,inf,nonfinite_qlike
NQ/GLOBEX/B1/1h,M4_HARQ,12847,2018-05-28,5.276666168822254e-07,0.0,inf,inf,nonfinite_qlike
NQ/GLOBEX/B1/1h,M4_HARQ,13351,2018-07-04,2.0501459135067596e-06,0.0,inf,inf,nonfinite_qlike
NQ/GLOBEX/B1/1h,M4_HARQ,13352,2018-07-04,1.1598127372101034e-06,0.0,inf,inf,nonfinite_qlike
NQ/GLOBEX/B1/1h,M4_HARQ,13353,2018-07-04,1.1554812342046117e-06,0.0,inf,inf,nonfinite_qlike
NQ/GLOBEX/B1/1h,M4_HARQ,14297,2018-09-03,7.63120424495754e-07,0.0,inf,inf,nonfinite_qlike
NQ/GLOBEX/B1/1h,M4_HARQ,14298,2018-09-03,3.305057455716741e-07,0.0,inf,inf,nonfinite_qlike
NQ/GLOBEX/B1/1h,M4_HARQ,14299,2018-09-03,3.2799821157180393e-07,0.0,inf,inf,nonfinite_qlike
NQ/GLOBEX/B1/1h,M4_HARQ,15507,2018-11-22,5.729309858591363e-06,0.0,inf,inf,nonfinite_qlike
NQ/GLOBEX/B1/1h,M4_HARQ,15508,2018-11-22,2.643123729339052e-06,0.0,inf,inf,nonfinite_qlike
NQ/GLOBEX/B1/1h,M4_HARQ,15509,2018-11-22,2.601399254485387e-06,0.0,inf,inf,nonfinite_qlike
NQ/GLOBEX/B1/1h,M4_HARQ,15680,2018-12-05,1.9257118304606614e-06,0.0,inf,inf,nonfinite_qlike
NQ/GLOBEX/B1/1h,M4_HARQ,15681,2018-12-05,1.3984066070122915e-06,0.0,inf,inf,nonfinite_qlike
NQ/GLOBEX/B1/1h,M4_HARQ,15682,2018-12-05,1.3558233908710905e-06,0.0,inf,inf,nonfinite_qlike
NQ/GLOBEX/B1/1h,M4_HARQ,15683,2018-12-05,1.2832261520777333e-06,0.0,inf,inf,nonfinite_qlike
NQ/GLOBEX/B1/1h,M4_HARQ,15684,2018-12-05,1.255689954654347e-06,0.0,inf,inf,nonfinite_qlike
NQ/GLOBEX/B1/1h,M4_HARQ,15685,2018-12-05,1.2298758086695882e-06,0.0,inf,inf,nonfinite_qlike
NQ/GLOBEX/B1/1h,M4_HARQ,16277,2019-01-21,2.031349819817414e-06,0.0,inf,inf,nonfinite_qlike
NQ/GLOBEX/B1/1h,M4_HARQ,16278,2019-01-21,9.991942226319168e-07,0.0,inf,inf,nonfinite_qlike
NQ/GLOBEX/B1/1h,M4_HARQ,16279,2019-01-21,9.949805850588222e-07,0.0,inf,inf,nonfinite_qlike
NQ/GLOBEX/B1/1h,M4_HARQ,16717,2019-02-18,1.7462460552236792e-06,0.0,inf,inf,nonfinite_qlike
NQ/GLOBEX/B1/1h,M4_HARQ,16718,2019-02-18,8.375184712789177e-07,0.0,inf,inf,nonfinite_qlike
NQ/GLOBEX/B1/1h,M4_HARQ,16719,2019-02-18,8.254881571971371e-07,0.0,inf,inf,nonfinite_qlike
NQ/GLOBEX/B1/1h,M4_HARQ,16854,2019-02-27,1.2245664768544723e-06,0.0,inf,inf,nonfinite_qlike
NQ/GLOBEX/B1/1h,M4_HARQ,16855,2019-02-27,7.582074032028436e-07,0.0,inf,inf,nonfinite_qlike
NQ/GLOBEX/B1/1h,M4_HARQ,18169,2019-05-27,1.353343323431924e-06,0.0,inf,inf,nonfinite_qlike
NQ/GLOBEX/B1/1h,M4_HARQ,18170,2019-05-27,1.071965951297046e-06,0.0,inf,inf,nonfinite_qlike
NQ/GLOBEX/B1/1h,M4_HARQ,18171,2019-05-27,1.0522491058986043e-06,0.0,inf,inf,nonfinite_qlike
NQ/GLOBEX/B1/1h,M4_HARQ,18697,2019-07-04,8.398440407158844e-07,0.0,inf,inf,nonfinite_qlike
NQ/GLOBEX/B1/1h,M4_HARQ,18698,2019-07-04,5.805592368271013e-07,0.0,inf,inf,nonfinite_qlike
NQ/GLOBEX/B1/1h,M4_HARQ,18699,2019-07-04,5.725483692009185e-07,0.0,inf,inf,nonfinite_qlike
NQ/GLOBEX/B1/1h,M4_HARQ,19621,2019-09-02,6.189210369941593e-06,0.0,inf,inf,nonfinite_qlike
NQ/GLOBEX/B1/1h,M4_HARQ,19622,2019-09-02,1.5986851731708848e-06,0.0,inf,inf,nonfinite_qlike
NQ/GLOBEX/B1/1h,M4_HARQ,19623,2019-09-02,1.585674133864129e-06,0.0,inf,inf,nonfinite_qlike
NQ/GLOBEX/B1/1h,M4_HARQ,20941,2019-11-28,5.56144425381045e-07,0.0,inf,inf,nonfinite_qlike
NQ/GLOBEX/B1/1h,M4_HARQ,20942,2019-11-28,4.1732482956887366e-07,0.0,inf,inf,nonfinite_qlike
NQ/GLOBEX/B1/1h,M4_HARQ,20943,2019-11-28,4.1306140731398976e-07,0.0,inf,inf,nonfinite_qlike
NQ/GLOBEX/B1/1h,M4_HARQ,21601,2020-01-20,7.014599986168789e-07,0.0,inf,inf,nonfinite_qlike
NQ/GLOBEX/B1/1h,M4_HARQ,21602,2020-01-20,5.952269516280187e-07,0.0,inf,inf,nonfinite_qlike
NQ/GLOBEX/B1/1h,M4_HARQ,21603,2020-01-20,5.935390972521647e-07,0.0,inf,inf,nonfinite_qlike
NQ/GLOBEX/B1/1h,M4_HARQ,22041,2020-02-17,1.1026655586721052e-06,0.0,inf,inf,nonfinite_qlike
NQ/GLOBEX/B1/1h,M4_HARQ,22042,2020-02-17,7.21659706896671e-07,0.0,inf,inf,nonfinite_qlike
NQ/GLOBEX/B1/1h,M4_HARQ,22043,2020-02-17,7.191202833718428e-07,0.0,inf,inf,nonfinite_qlike
NQ/GLOBEX/B1/1h,M4_HARQ,22280,2020-03-03,1e-300,0.0002697358695513685,2.697358695513685e+296,0.5156894923817151,below_1e-12
NQ/GLOBEX/B1/1h,M4_HARQ,22356,2020-03-09,2.63094524546257e-05,0.0,inf,inf,nonfinite_qlike
NQ/GLOBEX/B1/1h,M4_HARQ,22358,2020-03-09,2.5127148659503163e-05,0.0,inf,inf,nonfinite_qlike
NQ/GLOBEX/B1/1h,M4_HARQ,22361,2020-03-09,1.5663057859828164e-05,0.0,inf,inf,nonfinite_qlike
NQ/GLOBEX/B1/1h,M4_HARQ,22362,2020-03-09,1.5544000432680817e-05,0.0,inf,inf,nonfinite_qlike
NQ/GLOBEX/B1/1h,M4_HARQ,22364,2020-03-09,2.0607490148398317e-05,0.0,inf,inf,nonfinite_qlike
NQ/GLOBEX/B1/1h,M4_HARQ,22365,2020-03-09,1.5057991588593152e-05,0.0,inf,inf,nonfinite_qlike
NQ/GLOBEX/B1/1h,M4_HARQ,22366,2020-03-09,1.4885017211110335e-05,0.0,inf,inf,nonfinite_qlike
NQ/GLOBEX/B1/1h,M4_HARQ,22448,2020-03-18,5.752152148704171e-05,0.0,inf,inf,nonfinite_qlike
NQ/GLOBEX/B1/1h,M4_HARQ,22449,2020-03-18,3.540942396537901e-05,0.0,inf,inf,nonfinite_qlike
NQ/GLOBEX/B1/1h,M4_HARQ,22450,2020-03-18,3.52849375983839e-05,0.0,inf,inf,nonfinite_qlike
NQ/GLOBEX/B1/1h,M4_HARQ,22451,2020-03-18,3.5168572328179227e-05,0.0,inf,inf,nonfinite_qlike
NQ/GLOBEX/B1/1h,M4_HARQ,22452,2020-03-18,3.498987578569449e-05,0.0,inf,inf,nonfinite_qlike
NQ/GLOBEX/B1/1h,M4_HARQ,22453,2020-03-18,3.487056615660683e-05,0.0,inf,inf,nonfinite_qlike
NQ/GLOBEX/B1/1h,M4_HARQ,22454,2020-03-18,3.4742037153844346e-05,0.0,inf,inf,nonfinite_qlike
NQ/GLOBEX/B1/1h,M4_HARQ,22540,2020-03-24,0.0001103935527968527,0.0,inf,inf,nonfinite_qlike
NQ/GLOBEX/B1/1h,M4_HARQ,23493,2020-05-25,2.652522558990741e-06,0.0,inf,inf,nonfinite_qlike
NQ/GLOBEX/B1/1h,M4_HARQ,23494,2020-05-25,1.6315653559263957e-06,0.0,inf,inf,nonfinite_qlike
NQ/GLOBEX/B1/1h,M4_HARQ,23495,2020-05-25,1.6157424510177961e-06,0.0,inf,inf,nonfinite_qlike
NQ/GLOBEX/B1/1h,M4_HARQ,24002,2020-07-01,1.3640907666830687e-05,0.0,inf,inf,nonfinite_qlike
NQ/GLOBEX/B1/1h,M4_HARQ,24003,2020-07-01,3.202499077134615e-06,0.0,inf,inf,nonfinite_qlike
NQ/GLOBEX/B1/1h,M4_HARQ,25055,2020-09-07,1.4199847903762262e-05,0.0,inf,inf,nonfinite_qlike
NQ/GLOBEX/B1/1h,M4_HARQ,25056,2020-09-07,7.5950114956390194e-06,0.0,inf,inf,nonfinite_qlike
NQ/GLOBEX/B1/1h,M4_HARQ,25057,2020-09-07,7.5843384602385996e-06,0.0,inf,inf,nonfinite_qlike
NQ/GLOBEX/B1/1h,M4_HARQ,26265,2020-11-26,4.0161000329756436e-06,0.0,inf,inf,nonfinite_qlike
NQ/GLOBEX/B1/1h,M4_HARQ,26266,2020-11-26,2.602752741722603e-07,0.0,inf,inf,nonfinite_qlike
NQ/GLOBEX/B1/1h,M4_HARQ,26267,2020-11-26,2.531829314749804e-07,0.0,inf,inf,nonfinite_qlike
NQ/GLOBEX/B1/1h,M4_HARQ,26925,2021-01-18,2.1394739697705767e-06,0.0,inf,inf,nonfinite_qlike
NQ/GLOBEX/B1/1h,M4_HARQ,26926,2021-01-18,1.2008269720564139e-06,0.0,inf,inf,nonfinite_qlike
NQ/GLOBEX/B1/1h,M4_HARQ,26927,2021-01-18,1.1805268359744367e-06,0.0,inf,inf,nonfinite_qlike
NQ/GLOBEX/B1/1h,M4_HARQ,27365,2021-02-15,1.0348409478302202e-06,0.0,inf,inf,nonfinite_qlike
NQ/GLOBEX/B1/1h,M4_HARQ,27366,2021-02-15,5.924995762593312e-07,0.0,inf,inf,nonfinite_qlike
NQ/GLOBEX/B1/1h,M4_HARQ,27367,2021-02-15,5.856309998030239e-07,0.0,inf,inf,nonfinite_qlike
NQ/GLOBEX/B1/1h,M4_HARQ,28044,2021-04-02,2.554846352927086e-06,0.0,inf,inf,nonfinite_qlike
NQ/GLOBEX/B1/1h,M4_HARQ,28045,2021-04-02,1.1318685842967272e-06,0.0,inf,inf,nonfinite_qlike
NQ/GLOBEX/B1/1h,M4_HARQ,28046,2021-04-02,1.088039335395634e-06,0.0,inf,inf,nonfinite_qlike
NQ/GLOBEX/B1/1h,M4_HARQ,28047,2021-04-02,1.053844222123796e-06,0.0,inf,inf,nonfinite_qlike
NQ/GLOBEX/B1/1h,M4_HARQ,28048,2021-04-02,1.0349263308879409e-06,0.0,inf,inf,nonfinite_qlike
NQ/GLOBEX/B1/1h,M4_HARQ,28049,2021-04-02,9.352048037909941e-07,0.0,inf,inf,nonfinite_qlike
NQ/GLOBEX/B1/1h,M4_HARQ,28949,2021-05-31,8.444103650813715e-07,0.0,inf,inf,nonfinite_qlike
NQ/GLOBEX/B1/1h,M4_HARQ,28950,2021-05-31,3.967746464745543e-07,0.0,inf,inf,nonfinite_qlike
NQ/GLOBEX/B1/1h,M4_HARQ,28951,2021-05-31,3.944595425568458e-07,0.0,inf,inf,nonfinite_qlike
NQ/GLOBEX/B1/1h,M4_HARQ,29433,2021-07-05,5.224947472398694e-07,0.0,inf,inf,nonfinite_qlike
NQ/GLOBEX/B1/1h,M4_HARQ,29434,2021-07-05,3.840142868965371e-07,0.0,inf,inf,nonfinite_qlike
NQ/GLOBEX/B1/1h,M4_HARQ,29435,2021-07-05,3.7841023312445313e-07,0.0,inf,inf,nonfinite_qlike
NQ/GLOBEX/B1/1h,M4_HARQ,30423,2021-09-06,6.260093780045392e-07,0.0,inf,inf,nonfinite_qlike
NQ/GLOBEX/B1/1h,M4_HARQ,30424,2021-09-06,4.529557309164861e-07,0.0,inf,inf,nonfinite_qlike
NQ/GLOBEX/B1/1h,M4_HARQ,30425,2021-09-06,4.5050123617052584e-07,0.0,inf,inf,nonfinite_qlike
NQ/GLOBEX/B1/1h,M4_HARQ,31633,2021-11-25,1.938798292863471e-06,0.0,inf,inf,nonfinite_qlike
NQ/GLOBEX/B1/1h,M4_HARQ,31634,2021-11-25,1.4895840552408525e-06,0.0,inf,inf,nonfinite_qlike
NQ/GLOBEX/B1/1h,M4_HARQ,31635,2021-11-25,1.4760985807315058e-06,0.0,inf,inf,nonfinite_qlike
NQ/GLOBEX/B1/1h,M4_HARQ,32337,2022-01-17,4.417712802310972e-06,0.0,inf,inf,nonfinite_qlike
NQ/GLOBEX/B1/1h,M4_HARQ,32338,2022-01-17,2.896627927057824e-06,0.0,inf,inf,nonfinite_qlike
NQ/GLOBEX/B1/1h,M4_HARQ,32339,2022-01-17,2.839410992194827e-06,0.0,inf,inf,nonfinite_qlike
NQ/GLOBEX/B1/1h,M4_HARQ,32887,2022-02-21,9.534027735585756e-06,0.0,inf,inf,nonfinite_qlike
NQ/GLOBEX/B1/1h,M4_HARQ,32888,2022-02-21,2.9435372858090303e-06,0.0,inf,inf,nonfinite_qlike
NQ/GLOBEX/B1/1h,M4_HARQ,32889,2022-02-21,2.7428212558057112e-06,0.0,inf,inf,nonfinite_qlike
NQ/GLOBEX/B1/1h,M4_HARQ,34339,2022-05-30,8.478029110503244e-06,0.0,inf,inf,nonfinite_qlike
NQ/GLOBEX/B1/1h,M4_HARQ,34340,2022-05-30,3.209113510000484e-06,0.0,inf,inf,nonfinite_qlike
NQ/GLOBEX/B1/1h,M4_HARQ,34341,2022-05-30,3.1215861405986096e-06,0.0,inf,inf,nonfinite_qlike
NQ/GLOBEX/B1/1h,M4_HARQ,34603,2022-06-20,9.229811673320887e-06,0.0,inf,inf,nonfinite_qlike
NQ/GLOBEX/B1/1h,M4_HARQ,34604,2022-06-20,6.881833065997713e-06,0.0,inf,inf,nonfinite_qlike
NQ/GLOBEX/B1/1h,M4_HARQ,34605,2022-06-20,6.837431218440605e-06,0.0,inf,inf,nonfinite_qlike
NQ/GLOBEX/B1/1h,M4_HARQ,34823,2022-07-04,6.5935745834476625e-06,0.0,inf,inf,nonfinite_qlike
NQ/GLOBEX/B1/1h,M4_HARQ,34824,2022-07-04,4.59029154471594e-06,0.0,inf,inf,nonfinite_qlike
NQ/GLOBEX/B1/1h,M4_HARQ,34825,2022-07-04,4.554005524055068e-06,0.0,inf,inf,nonfinite_qlike
NQ/GLOBEX/B1/1h,M4_HARQ,34973,2022-07-13,1e-300,0.00014119174556981307,1.4119174556981307e+296,0.2699348059362162,below_1e-12
NQ/GLOBEX/B1/1h,M4_HARQ,35813,2022-09-05,6.724282490409065e-06,0.0,inf,inf,nonfinite_qlike
NQ/GLOBEX/B1/1h,M4_HARQ,35814,2022-09-05,4.434497040863761e-06,0.0,inf,inf,nonfinite_qlike
NQ/GLOBEX/B1/1h,M4_HARQ,35815,2022-09-05,4.386328493250691e-06,0.0,inf,inf,nonfinite_qlike
NQ/GLOBEX/B1/1h,M4_HARQ,36359,2022-10-13,1e-300,0.00011213107336516259,1.1213107336516259e+296,0.21437570168206865,below_1e-12
NQ/GLOBEX/B1/1h,M4_HARQ,37023,2022-11-24,2.7120335885194158e-06,0.0,inf,inf,nonfinite_qlike
NQ/GLOBEX/B1/1h,M4_HARQ,37024,2022-11-24,1.959882640264211e-06,0.0,inf,inf,nonfinite_qlike
NQ/GLOBEX/B1/1h,M4_HARQ,37025,2022-11-24,1.9126491557438777e-06,0.0,inf,inf,nonfinite_qlike
NQ/GLOBEX/B1/1h,M4_HARQ,37705,2023-01-16,5.340551742422337e-06,0.0,inf,inf,nonfinite_qlike
NQ/GLOBEX/B1/1h,M4_HARQ,37706,2023-01-16,3.87661328354064e-06,0.0,inf,inf,nonfinite_qlike
NQ/GLOBEX/B1/1h,M4_HARQ,37707,2023-01-16,3.823405844344406e-06,0.0,inf,inf,nonfinite_qlike
NQ/GLOBEX/B1/1h,M4_HARQ,38255,2023-02-20,4.281824975580791e-06,0.0,inf,inf,nonfinite_qlike
NQ/GLOBEX/B1/1h,M4_HARQ,38256,2023-02-20,3.6892808442092688e-06,0.0,inf,inf,nonfinite_qlike
NQ/GLOBEX/B1/1h,M4_HARQ,38257,2023-02-20,3.661289591702774e-06,0.0,inf,inf,nonfinite_qlike
NQ/GLOBEX/B1/1h,M4_HARQ,38934,2023-04-07,1.5079140907442367e-06,0.0,inf,inf,nonfinite_qlike
NQ/GLOBEX/B1/1h,M4_HARQ,38935,2023-04-07,1.3052310589011084e-06,0.0,inf,inf,nonfinite_qlike
NQ/GLOBEX/B1/1h,M4_HARQ,38936,2023-04-07,1.2920559437025196e-06,0.0,inf,inf,nonfinite_qlike
NQ/GLOBEX/B1/1h,M4_HARQ,38937,2023-04-07,1.2831915026321158e-06,0.0,inf,inf,nonfinite_qlike
NQ/GLOBEX/B1/1h,M4_HARQ,38938,2023-04-07,1.2741423439349221e-06,0.0,inf,inf,nonfinite_qlike
NQ/GLOBEX/B1/1h,M4_HARQ,38939,2023-04-07,1.2626535037439495e-06,0.0,inf,inf,nonfinite_qlike
NQ/GLOBEX/B1/1h,M4_HARQ,39729,2023-05-29,2.2475505436271925e-06,0.0,inf,inf,nonfinite_qlike
NQ/GLOBEX/B1/1h,M4_HARQ,39730,2023-05-29,1.590249866388429e-06,0.0,inf,inf,nonfinite_qlike
NQ/GLOBEX/B1/1h,M4_HARQ,39731,2023-05-29,1.5755430147531613e-06,0.0,inf,inf,nonfinite_qlike
NQ/GLOBEX/B1/1h,M4_HARQ,39993,2023-06-19,2.349631418457982e-06,0.0,inf,inf,nonfinite_qlike
NQ/GLOBEX/B1/1h,M4_HARQ,39994,2023-06-19,2.0010812240771845e-06,0.0,inf,inf,nonfinite_qlike
NQ/GLOBEX/B1/1h,M4_HARQ,39995,2023-06-19,1.9680765794287635e-06,0.0,inf,inf,nonfinite_qlike
NQ/GLOBEX/B1/1h,M4_HARQ,40213,2023-07-04,1.7967748689507604e-06,0.0,inf,inf,nonfinite_qlike
NQ/GLOBEX/B1/1h,M4_HARQ,40214,2023-07-04,1.612585634546633e-06,0.0,inf,inf,nonfinite_qlike
NQ/GLOBEX/B1/1h,M4_HARQ,40215,2023-07-04,1.5831825017566275e-06,0.0,inf,inf,nonfinite_qlike
NQ/GLOBEX/B1/1h,M4_HARQ,41181,2023-09-04,2.176902682959202e-06,0.0,inf,inf,nonfinite_qlike
NQ/GLOBEX/B1/1h,M4_HARQ,41182,2023-09-04,1.58238642203677e-06,0.0,inf,inf,nonfinite_qlike
NQ/GLOBEX/B1/1h,M4_HARQ,41183,2023-09-04,1.5539310791679874e-06,0.0,inf,inf,nonfinite_qlike
NQ/GLOBEX/B1/1h,M4_HARQ,42391,2023-11-23,9.898464028426654e-07,0.0,inf,inf,nonfinite_qlike
NQ/GLOBEX/B1/1h,M4_HARQ,42392,2023-11-23,8.945899582286344e-07,0.0,inf,inf,nonfinite_qlike
NQ/GLOBEX/B1/1h,M4_HARQ,42393,2023-11-23,8.811762946585759e-07,0.0,inf,inf,nonfinite_qlike
NQ/GLOBEX/B1/30min,M3_HARJ,11288,2017-01-16,4.86088446258946e-07,0.0,inf,inf,nonfinite_qlike
NQ/GLOBEX/B1/30min,M3_HARJ,11289,2017-01-16,3.8079109133208964e-07,0.0,inf,inf,nonfinite_qlike
NQ/GLOBEX/B1/30min,M3_HARJ,11290,2017-01-16,3.797328846478298e-07,0.0,inf,inf,nonfinite_qlike
NQ/GLOBEX/B1/30min,M3_HARJ,11291,2017-01-16,3.7741204764985236e-07,0.0,inf,inf,nonfinite_qlike
NQ/GLOBEX/B1/30min,M3_HARJ,11292,2017-01-16,3.76224804002334e-07,0.0,inf,inf,nonfinite_qlike
NQ/GLOBEX/B1/30min,M3_HARJ,11293,2017-01-16,3.7503073543687515e-07,0.0,inf,inf,nonfinite_qlike
NQ/GLOBEX/B1/30min,M3_HARJ,11294,2017-01-16,3.7403595737122196e-07,0.0,inf,inf,nonfinite_qlike
NQ/GLOBEX/B1/30min,M3_HARJ,12413,2017-02-20,4.0546922190516304e-07,0.0,inf,inf,nonfinite_qlike
NQ/GLOBEX/B1/30min,M3_HARJ,12414,2017-02-20,2.565118244877407e-07,0.0,inf,inf,nonfinite_qlike
NQ/GLOBEX/B1/30min,M3_HARJ,12415,2017-02-20,2.5601869458453914e-07,0.0,inf,inf,nonfinite_qlike
NQ/GLOBEX/B1/30min,M3_HARJ,12416,2017-02-20,2.552749023678442e-07,0.0,inf,inf,nonfinite_qlike
NQ/GLOBEX/B1/30min,M3_HARJ,12417,2017-02-20,2.546117484960871e-07,0.0,inf,inf,nonfinite_qlike
NQ/GLOBEX/B1/30min,M3_HARJ,12418,2017-02-20,2.537921874777476e-07,0.0,inf,inf,nonfinite_qlike
NQ/GLOBEX/B1/30min,M3_HARJ,12419,2017-02-20,2.5333477381690844e-07,0.0,inf,inf,nonfinite_qlike
NQ/GLOBEX/B1/30min,M3_HARJ,16328,2017-07-04,1.4585097197204937e-06,0.0,inf,inf,nonfinite_qlike
NQ/GLOBEX/B1/30min,M3_HARJ,16329,2017-07-04,8.542673425225713e-07,0.0,inf,inf,nonfinite_qlike
NQ/GLOBEX/B1/30min,M3_HARJ,16330,2017-07-04,8.53066717746201e-07,0.0,inf,inf,nonfinite_qlike
NQ/GLOBEX/B1/30min,M3_HARJ,16331,2017-07-04,8.482874942933995e-07,0.0,inf,inf,nonfinite_qlike
NQ/GLOBEX/B1/30min,M3_HARJ,16332,2017-07-04,8.452897066936288e-07,0.0,inf,inf,nonfinite_qlike
NQ/GLOBEX/B1/30min,M3_HARJ,16333,2017-07-04,8.412183474637246e-07,0.0,inf,inf,nonfinite_qlike
NQ/GLOBEX/B1/30min,M3_HARJ,16334,2017-07-04,8.353806342448469e-07,0.0,inf,inf,nonfinite_qlike
NQ/GLOBEX/B1/30min,M3_HARJ,18308,2017-09-04,5.432412302460397e-07,0.0,inf,inf,nonfinite_qlike
NQ/GLOBEX/B1/30min,M3_HARJ,18309,2017-09-04,4.3360908521725314e-07,0.0,inf,inf,nonfinite_qlike
NQ/GLOBEX/B1/30min,M3_HARJ,18310,2017-09-04,4.3193846595354075e-07,0.0,inf,inf,nonfinite_qlike
NQ/GLOBEX/B1/30min,M3_HARJ,18311,2017-09-04,4.307549077689214e-07,0.0,inf,inf,nonfinite_qlike
NQ/GLOBEX/B1/30min,M3_HARJ,18312,2017-09-04,4.299145044238939e-07,0.0,inf,inf,nonfinite_qlike
NQ/GLOBEX/B1/30min,M3_HARJ,18313,2017-09-04,4.283461469822732e-07,0.0,inf,inf,nonfinite_qlike
NQ/GLOBEX/B1/30min,M3_HARJ,18314,2017-09-04,4.2595962900472365e-07,0.0,inf,inf,nonfinite_qlike
NQ/GLOBEX/B1/30min,M3_HARJ,20783,2017-11-23,3.052575450589734e-07,0.0,inf,inf,nonfinite_qlike
NQ/GLOBEX/B1/30min,M3_HARJ,20784,2017-11-23,2.594302956438523e-07,0.0,inf,inf,nonfinite_qlike
NQ/GLOBEX/B1/30min,M3_HARJ,20785,2017-11-23,2.5835173305869046e-07,0.0,inf,inf,nonfinite_qlike
NQ/GLOBEX/B1/30min,M3_HARJ,20786,2017-11-23,2.5771034566332725e-07,0.0,inf,inf,nonfinite_qlike
NQ/GLOBEX/B1/30min,M3_HARJ,20787,2017-11-23,2.5710660353110005e-07,0.0,inf,inf,nonfinite_qlike
NQ/GLOBEX/B1/30min,M3_HARJ,20788,2017-11-23,2.5567300563371454e-07,0.0,inf,inf,nonfinite_qlike
NQ/GLOBEX/B1/30min,M3_HARJ,20789,2017-11-23,2.5390166367069854e-07,0.0,inf,inf,nonfinite_qlike
NQ/GLOBEX/B1/30min,M3_HARJ,22178,2018-01-15,4.483441087617174e-07,0.0,inf,inf,nonfinite_qlike
NQ/GLOBEX/B1/30min,M3_HARJ,22179,2018-01-15,3.290865009480245e-07,0.0,inf,inf,nonfinite_qlike
NQ/GLOBEX/B1/30min,M3_HARJ,22180,2018-01-15,3.286165977034747e-07,0.0,inf,inf,nonfinite_qlike
NQ/GLOBEX/B1/30min,M3_HARJ,22181,2018-01-15,3.2821583199007926e-07,0.0,inf,inf,nonfinite_qlike
NQ/GLOBEX/B1/30min,M3_HARJ,22182,2018-01-15,3.272136515494063e-07,0.0,inf,inf,nonfinite_qlike
NQ/GLOBEX/B1/30min,M3_HARJ,22183,2018-01-15,3.2627034592421454e-07,0.0,inf,inf,nonfinite_qlike
NQ/GLOBEX/B1/30min,M3_HARJ,22184,2018-01-15,3.256224441753413e-07,0.0,inf,inf,nonfinite_qlike
NQ/GLOBEX/B1/30min,M3_HARJ,23303,2018-02-19,3.3090933474340924e-06,0.0,inf,inf,nonfinite_qlike
NQ/GLOBEX/B1/30min,M3_HARJ,23304,2018-02-19,1.5937627241644586e-06,0.0,inf,inf,nonfinite_qlike
NQ/GLOBEX/B1/30min,M3_HARJ,23305,2018-02-19,1.5836573199915567e-06,0.0,inf,inf,nonfinite_qlike
NQ/GLOBEX/B1/30min,M3_HARJ,23306,2018-02-19,1.5719027955983462e-06,0.0,inf,inf,nonfinite_qlike
NQ/GLOBEX/B1/30min,M3_HARJ,23307,2018-02-19,1.5590869518829605e-06,0.0,inf,inf,nonfinite_qlike
NQ/GLOBEX/B1/30min,M3_HARJ,23308,2018-02-19,1.5497550611167384e-06,0.0,inf,inf,nonfinite_qlike
NQ/GLOBEX/B1/30min,M3_HARJ,23309,2018-02-19,1.5072944134918791e-06,0.0,inf,inf,nonfinite_qlike
NQ/GLOBEX/B1/30min,M3_HARJ,25335,2018-04-30,1.8993732974471074e-06,0.0,inf,inf,nonfinite_qlike
NQ/GLOBEX/B1/30min,M3_HARJ,26273,2018-05-28,8.627370367578094e-07,0.0,inf,inf,nonfinite_qlike
NQ/GLOBEX/B1/30min,M3_HARJ,26274,2018-05-28,5.621048884128634e-07,0.0,inf,inf,nonfinite_qlike
NQ/GLOBEX/B1/30min,M3_HARJ,26275,2018-05-28,5.5881881461252e-07,0.0,inf,inf,nonfinite_qlike
NQ/GLOBEX/B1/30min,M3_HARJ,26276,2018-05-28,5.512056412366727e-07,0.0,inf,inf,nonfinite_qlike
NQ/GLOBEX/B1/30min,M3_HARJ,26277,2018-05-28,5.488877902131642e-07,0.0,inf,inf,nonfinite_qlike
NQ/GLOBEX/B1/30min,M3_HARJ,26278,2018-05-28,5.441967925371968e-07,0.0,inf,inf,nonfinite_qlike
NQ/GLOBEX/B1/30min,M3_HARJ,26279,2018-05-28,5.410213346018087e-07,0.0,inf,inf,nonfinite_qlike
NQ/GLOBEX/B1/30min,M3_HARJ,27308,2018-07-04,1.2736236209340786e-06,0.0,inf,inf,nonfinite_qlike
NQ/GLOBEX/B1/30min,M3_HARJ,27309,2018-07-04,1.0425277662782307e-06,0.0,inf,inf,nonfinite_qlike
NQ/GLOBEX/B1/30min,M3_HARJ,27310,2018-07-04,1.0391408733216092e-06,0.0,inf,inf,nonfinite_qlike
NQ/GLOBEX/B1/30min,M3_HARJ,27311,2018-07-04,1.0377378624942178e-06,0.0,inf,inf,nonfinite_qlike
NQ/GLOBEX/B1/30min,M3_HARJ,27312,2018-07-04,1.0351482973331525e-06,0.0,inf,inf,nonfinite_qlike
NQ/GLOBEX/B1/30min,M3_HARJ,27313,2018-07-04,1.032211811994938e-06,0.0,inf,inf,nonfinite_qlike
NQ/GLOBEX/B1/30min,M3_HARJ,27314,2018-07-04,1.0256468790591685e-06,0.0,inf,inf,nonfinite_qlike
NQ/GLOBEX/B1/30min,M3_HARJ,29243,2018-09-03,4.5392251361210464e-07,0.0,inf,inf,nonfinite_qlike
NQ/GLOBEX/B1/30min,M3_HARJ,29244,2018-09-03,3.465232975842274e-07,0.0,inf,inf,nonfinite_qlike
NQ/GLOBEX/B1/30min,M3_HARJ,29245,2018-09-03,3.459696447579126e-07,0.0,inf,inf,nonfinite_qlike
NQ/GLOBEX/B1/30min,M3_HARJ,29246,2018-09-03,3.4483343199071637e-07,0.0,inf,inf,nonfinite_qlike
NQ/GLOBEX/B1/30min,M3_HARJ,29247,2018-09-03,3.438804390267297e-07,0.0,inf,inf,nonfinite_qlike
NQ/GLOBEX/B1/30min,M3_HARJ,29248,2018-09-03,3.4275008053951e-07,0.0,inf,inf,nonfinite_qlike
NQ/GLOBEX/B1/30min,M3_HARJ,29249,2018-09-03,3.4172463519767266e-07,0.0,inf,inf,nonfinite_qlike
NQ/GLOBEX/B1/30min,M3_HARJ,31718,2018-11-22,3.481409657036573e-06,0.0,inf,inf,nonfinite_qlike
NQ/GLOBEX/B1/30min,M3_HARJ,31719,2018-11-22,2.3839762245114344e-06,0.0,inf,inf,nonfinite_qlike
NQ/GLOBEX/B1/30min,M3_HARJ,31720,2018-11-22,2.3491627490312155e-06,0.0,inf,inf,nonfinite_qlike
NQ/GLOBEX/B1/30min,M3_HARJ,31721,2018-11-22,2.3317411744793187e-06,0.0,inf,inf,nonfinite_qlike
NQ/GLOBEX/B1/30min,M3_HARJ,31722,2018-11-22,2.3175257534011243e-06,0.0,inf,inf,nonfinite_qlike
NQ/GLOBEX/B1/30min,M3_HARJ,31723,2018-11-22,2.2582717969737463e-06,0.0,inf,inf,nonfinite_qlike
NQ/GLOBEX/B1/30min,M3_HARJ,31724,2018-11-22,2.239942338448233e-06,0.0,inf,inf,nonfinite_qlike
NQ/GLOBEX/B1/30min,M3_HARJ,32071,2018-12-05,1.7068008922269618e-06,0.0,inf,inf,nonfinite_qlike
NQ/GLOBEX/B1/30min,M3_HARJ,32072,2018-12-05,1.3183336680812843e-06,0.0,inf,inf,nonfinite_qlike
NQ/GLOBEX/B1/30min,M3_HARJ,32073,2018-12-05,1.3070737713573719e-06,0.0,inf,inf,nonfinite_qlike
NQ/GLOBEX/B1/30min,M3_HARJ,32074,2018-12-05,1.298238639589012e-06,0.0,inf,inf,nonfinite_qlike
NQ/GLOBEX/B1/30min,M3_HARJ,32075,2018-12-05,1.2919806085150346e-06,0.0,inf,inf,nonfinite_qlike
NQ/GLOBEX/B1/30min,M3_HARJ,32076,2018-12-05,1.2651354284643398e-06,0.0,inf,inf,nonfinite_qlike
NQ/GLOBEX/B1/30min,M3_HARJ,32077,2018-12-05,1.2320607732723837e-06,0.0,inf,inf,nonfinite_qlike
NQ/GLOBEX/B1/30min,M3_HARJ,32078,2018-12-05,1.211136969332355e-06,0.0,inf,inf,nonfinite_qlike
NQ/GLOBEX/B1/30min,M3_HARJ,32079,2018-12-05,1.1999851834568774e-06,0.0,inf,inf,nonfinite_qlike
NQ/GLOBEX/B1/30min,M3_HARJ,32080,2018-12-05,1.1905110792688943e-06,0.0,inf,inf,nonfinite_qlike
NQ/GLOBEX/B1/30min,M3_HARJ,32081,2018-12-05,1.1765199281785613e-06,0.0,inf,inf,nonfinite_qlike
NQ/GLOBEX/B1/30min,M3_HARJ,32082,2018-12-05,1.1692300046297116e-06,0.0,inf,inf,nonfinite_qlike
NQ/GLOBEX/B1/30min,M3_HARJ,32083,2018-12-05,1.1614398749920954e-06,0.0,inf,inf,nonfinite_qlike
NQ/GLOBEX/B1/30min,M3_HARJ,32084,2018-12-05,1.1567010105469117e-06,0.0,inf,inf,nonfinite_qlike
NQ/GLOBEX/B1/30min,M3_HARJ,33293,2019-01-21,1.4155589914198612e-06,0.0,inf,inf,nonfinite_qlike
NQ/GLOBEX/B1/30min,M3_HARJ,33294,2019-01-21,8.317817839998689e-07,0.0,inf,inf,nonfinite_qlike
NQ/GLOBEX/B1/30min,M3_HARJ,33295,2019-01-21,8.299346299729915e-07,0.0,inf,inf,nonfinite_qlike
NQ/GLOBEX/B1/30min,M3_HARJ,33296,2019-01-21,8.280407177399296e-07,0.0,inf,inf,nonfinite_qlike
NQ/GLOBEX/B1/30min,M3_HARJ,33297,2019-01-21,8.266954629814017e-07,0.0,inf,inf,nonfinite_qlike
NQ/GLOBEX/B1/30min,M3_HARJ,33298,2019-01-21,8.239827209898472e-07,0.0,inf,inf,nonfinite_qlike
NQ/GLOBEX/B1/30min,M3_HARJ,33299,2019-01-21,8.162426507473708e-07,0.0,inf,inf,nonfinite_qlike
NQ/GLOBEX/B1/30min,M3_HARJ,34193,2019-02-18,1.1862662564341056e-06,0.0,inf,inf,nonfinite_qlike
NQ/GLOBEX/B1/30min,M3_HARJ,34194,2019-02-18,6.333681374935217e-07,0.0,inf,inf,nonfinite_qlike
NQ/GLOBEX/B1/30min,M3_HARJ,34195,2019-02-18,6.301893834890754e-07,0.0,inf,inf,nonfinite_qlike
NQ/GLOBEX/B1/30min,M3_HARJ,34196,2019-02-18,6.275386704166559e-07,0.0,inf,inf,nonfinite_qlike
NQ/GLOBEX/B1/30min,M3_HARJ,34197,2019-02-18,6.21691728122477e-07,0.0,inf,inf,nonfinite_qlike
NQ/GLOBEX/B1/30min,M3_HARJ,34198,2019-02-18,6.196662684509643e-07,0.0,inf,inf,nonfinite_qlike
NQ/GLOBEX/B1/30min,M3_HARJ,34199,2019-02-18,6.156466401368027e-07,0.0,inf,inf,nonfinite_qlike
NQ/GLOBEX/B1/30min,M3_HARJ,34474,2019-02-27,6.1367397872254e-07,0.0,inf,inf,nonfinite_qlike
NQ/GLOBEX/B1/30min,M3_HARJ,34475,2019-02-27,5.711108390745669e-07,0.0,inf,inf,nonfinite_qlike
NQ/GLOBEX/B1/30min,M3_HARJ,34476,2019-02-27,5.701561547615813e-07,0.0,inf,inf,nonfinite_qlike
NQ/GLOBEX/B1/30min,M3_HARJ,34477,2019-02-27,5.69606546201904e-07,0.0,inf,inf,nonfinite_qlike
NQ/GLOBEX/B1/30min,M3_HARJ,34478,2019-02-27,5.691887466816094e-07,0.0,inf,inf,nonfinite_qlike
NQ/GLOBEX/B1/30min,M3_HARJ,37163,2019-05-27,9.506825703807152e-07,0.0,inf,inf,nonfinite_qlike
NQ/GLOBEX/B1/30min,M3_HARJ,37164,2019-05-27,8.057361906802308e-07,0.0,inf,inf,nonfinite_qlike
NQ/GLOBEX/B1/30min,M3_HARJ,37165,2019-05-27,8.016757010557928e-07,0.0,inf,inf,nonfinite_qlike
NQ/GLOBEX/B1/30min,M3_HARJ,37166,2019-05-27,7.946623326611216e-07,0.0,inf,inf,nonfinite_qlike
NQ/GLOBEX/B1/30min,M3_HARJ,37167,2019-05-27,7.884976843970292e-07,0.0,inf,inf,nonfinite_qlike
NQ/GLOBEX/B1/30min,M3_HARJ,37168,2019-05-27,7.827864321570533e-07,0.0,inf,inf,nonfinite_qlike
NQ/GLOBEX/B1/30min,M3_HARJ,37169,2019-05-27,7.777918718336678e-07,0.0,inf,inf,nonfinite_qlike
NQ/GLOBEX/B1/30min,M3_HARJ,38243,2019-07-04,5.84815732865342e-07,0.0,inf,inf,nonfinite_qlike
NQ/GLOBEX/B1/30min,M3_HARJ,38244,2019-07-04,4.6178954359045697e-07,0.0,inf,inf,nonfinite_qlike
NQ/GLOBEX/B1/30min,M3_HARJ,38245,2019-07-04,4.5750225533973326e-07,0.0,inf,inf,nonfinite_qlike
NQ/GLOBEX/B1/30min,M3_HARJ,38246,2019-07-04,4.5440698265545206e-07,0.0,inf,inf,nonfinite_qlike
NQ/GLOBEX/B1/30min,M3_HARJ,38247,2019-07-04,4.520660323577804e-07,0.0,inf,inf,nonfinite_qlike
NQ/GLOBEX/B1/30min,M3_HARJ,38248,2019-07-04,4.5005647216866253e-07,0.0,inf,inf,nonfinite_qlike
NQ/GLOBEX/B1/30min,M3_HARJ,38249,2019-07-04,4.475435460982638e-07,0.0,inf,inf,nonfinite_qlike
NQ/GLOBEX/B1/30min,M3_HARJ,40133,2019-09-02,2.220013057619963e-06,0.0,inf,inf,nonfinite_qlike
NQ/GLOBEX/B1/30min,M3_HARJ,40134,2019-09-02,1.1680236864441847e-06,0.0,inf,inf,nonfinite_qlike
NQ/GLOBEX/B1/30min,M3_HARJ,40135,2019-09-02,1.1656391724646004e-06,0.0,inf,inf,nonfinite_qlike
NQ/GLOBEX/B1/30min,M3_HARJ,40136,2019-09-02,1.1619716388213074e-06,0.0,inf,inf,nonfinite_qlike
NQ/GLOBEX/B1/30min,M3_HARJ,40137,2019-09-02,1.1562601328522058e-06,0.0,inf,inf,nonfinite_qlike
NQ/GLOBEX/B1/30min,M3_HARJ,40138,2019-09-02,1.1518150018904512e-06,0.0,inf,inf,nonfinite_qlike
NQ/GLOBEX/B1/30min,M3_HARJ,40139,2019-09-02,1.1464719560075368e-06,0.0,inf,inf,nonfinite_qlike
NQ/GLOBEX/B1/30min,M3_HARJ,42833,2019-11-28,3.8686504168023075e-07,0.0,inf,inf,nonfinite_qlike
NQ/GLOBEX/B1/30min,M3_HARJ,42834,2019-11-28,3.2518144649374367e-07,0.0,inf,inf,nonfinite_qlike
NQ/GLOBEX/B1/30min,M3_HARJ,42835,2019-11-28,3.2432243617337883e-07,0.0,inf,inf,nonfinite_qlike
NQ/GLOBEX/B1/30min,M3_HARJ,42836,2019-11-28,3.2216887331001434e-07,0.0,inf,inf,nonfinite_qlike
NQ/GLOBEX/B1/30min,M3_HARJ,42837,2019-11-28,3.214836363016689e-07,0.0,inf,inf,nonfinite_qlike
NQ/GLOBEX/B1/30min,M3_HARJ,42838,2019-11-28,3.2066178593799256e-07,0.0,inf,inf,nonfinite_qlike
NQ/GLOBEX/B1/30min,M3_HARJ,42839,2019-11-28,3.1721516155251954e-07,0.0,inf,inf,nonfinite_qlike
NQ/GLOBEX/B1/30min,M3_HARJ,44183,2020-01-20,4.841386933300494e-07,0.0,inf,inf,nonfinite_qlike
NQ/GLOBEX/B1/30min,M3_HARJ,44184,2020-01-20,4.4175614469084007e-07,0.0,inf,inf,nonfinite_qlike
NQ/GLOBEX/B1/30min,M3_HARJ,44185,2020-01-20,4.4149326539837125e-07,0.0,inf,inf,nonfinite_qlike
NQ/GLOBEX/B1/30min,M3_HARJ,44186,2020-01-20,4.4080302184628727e-07,0.0,inf,inf,nonfinite_qlike
NQ/GLOBEX/B1/30min,M3_HARJ,44187,2020-01-20,4.4033823302694606e-07,0.0,inf,inf,nonfinite_qlike
NQ/GLOBEX/B1/30min,M3_HARJ,44188,2020-01-20,4.3978805490040384e-07,0.0,inf,inf,nonfinite_qlike
NQ/GLOBEX/B1/30min,M3_HARJ,44189,2020-01-20,4.3849864378964055e-07,0.0,inf,inf,nonfinite_qlike
NQ/GLOBEX/B1/30min,M3_HARJ,45083,2020-02-17,6.798313084183429e-07,0.0,inf,inf,nonfinite_qlike
NQ/GLOBEX/B1/30min,M3_HARJ,45084,2020-02-17,5.401086766603285e-07,0.0,inf,inf,nonfinite_qlike
NQ/GLOBEX/B1/30min,M3_HARJ,45085,2020-02-17,5.390261432529378e-07,0.0,inf,inf,nonfinite_qlike
NQ/GLOBEX/B1/30min,M3_HARJ,45086,2020-02-17,5.384055955157843e-07,0.0,inf,inf,nonfinite_qlike
NQ/GLOBEX/B1/30min,M3_HARJ,45087,2020-02-17,5.373443872501559e-07,0.0,inf,inf,nonfinite_qlike
NQ/GLOBEX/B1/30min,M3_HARJ,45088,2020-02-17,5.36139268116923e-07,0.0,inf,inf,nonfinite_qlike
NQ/GLOBEX/B1/30min,M3_HARJ,45089,2020-02-17,5.332429876853665e-07,0.0,inf,inf,nonfinite_qlike
NQ/GLOBEX/B1/30min,M3_HARJ,45728,2020-03-09,1.3546278067833393e-05,0.0,inf,inf,nonfinite_qlike
NQ/GLOBEX/B1/30min,M3_HARJ,45729,2020-03-09,9.171785240747324e-06,0.0,inf,inf,nonfinite_qlike
NQ/GLOBEX/B1/30min,M3_HARJ,45732,2020-03-09,9.383453995084404e-06,0.0,inf,inf,nonfinite_qlike
NQ/GLOBEX/B1/30min,M3_HARJ,45733,2020-03-09,9.098328799234757e-06,0.0,inf,inf,nonfinite_qlike
NQ/GLOBEX/B1/30min,M3_HARJ,45734,2020-03-09,9.08811889889836e-06,0.0,inf,inf,nonfinite_qlike
NQ/GLOBEX/B1/30min,M3_HARJ,45737,2020-03-09,9.029537565310995e-06,0.0,inf,inf,nonfinite_qlike
NQ/GLOBEX/B1/30min,M3_HARJ,45738,2020-03-09,8.995510876433235e-06,0.0,inf,inf,nonfinite_qlike
NQ/GLOBEX/B1/30min,M3_HARJ,45739,2020-03-09,8.966683922683698e-06,0.0,inf,inf,nonfinite_qlike
NQ/GLOBEX/B1/30min,M3_HARJ,45740,2020-03-09,8.930093158612424e-06,0.0,inf,inf,nonfinite_qlike
NQ/GLOBEX/B1/30min,M3_HARJ,45741,2020-03-09,8.88373779446292e-06,0.0,inf,inf,nonfinite_qlike
NQ/GLOBEX/B1/30min,M3_HARJ,45744,2020-03-09,9.034337384986976e-06,0.0,inf,inf,nonfinite_qlike
NQ/GLOBEX/B1/30min,M3_HARJ,45745,2020-03-09,8.723520968944334e-06,0.0,inf,inf,nonfinite_qlike
NQ/GLOBEX/B1/30min,M3_HARJ,45746,2020-03-09,8.66033683816765e-06,0.0,inf,inf,nonfinite_qlike
NQ/GLOBEX/B1/30min,M3_HARJ,45747,2020-03-09,8.614016034732433e-06,0.0,inf,inf,nonfinite_qlike
NQ/GLOBEX/B1/30min,M3_HARJ,45748,2020-03-09,8.564312688311865e-06,0.0,inf,inf,nonfinite_qlike
NQ/GLOBEX/B1/30min,M3_HARJ,45749,2020-03-09,8.522439091404825e-06,0.0,inf,inf,nonfinite_qlike
NQ/GLOBEX/B1/30min,M3_HARJ,45750,2020-03-09,8.434213736460218e-06,0.0,inf,inf,nonfinite_qlike
NQ/GLOBEX/B1/30min,M3_HARJ,45884,2020-03-12,1.2975139969271029e-05,0.0,inf,inf,nonfinite_qlike
NQ/GLOBEX/B1/30min,M3_HARJ,45885,2020-03-12,1.2962081306013328e-05,0.0,inf,inf,nonfinite_qlike
NQ/GLOBEX/B1/30min,M3_HARJ,45894,2020-03-12,0.0005401399472975422,0.0002318252199984272,0.27503927411299944,7.080884057526419e-06,above_100x_mean_rv
NQ/GLOBEX/B1/30min,M3_HARJ,45915,2020-03-18,4.062893690038161e-05,0.0,inf,inf,nonfinite_qlike
NQ/GLOBEX/B1/30min,M3_HARJ,45916,2020-03-18,2.3123726336644027e-05,0.0,inf,inf,nonfinite_qlike
NQ/GLOBEX/B1/30min,M3_HARJ,45917,2020-03-18,2.3105040590637513e-05,0.0,inf,inf,nonfinite_qlike
NQ/GLOBEX/B1/30min,M3_HARJ,45918,2020-03-18,2.309180078001627e-05,0.0,inf,inf,nonfinite_qlike
NQ/GLOBEX/B1/30min,M3_HARJ,45919,2020-03-18,2.3060354395140376e-05,0.0,inf,inf,nonfinite_qlike
NQ/GLOBEX/B1/30min,M3_HARJ,45920,2020-03-18,2.301427201340236e-05,0.0,inf,inf,nonfinite_qlike
NQ/GLOBEX/B1/30min,M3_HARJ,45921,2020-03-18,2.2981181366842442e-05,0.0,inf,inf,nonfinite_qlike
NQ/GLOBEX/B1/30min,M3_HARJ,45922,2020-03-18,2.2941828343210274e-05,0.0,inf,inf,nonfinite_qlike
NQ/GLOBEX/B1/30min,M3_HARJ,45923,2020-03-18,2.290281288392502e-05,0.0,inf,inf,nonfinite_qlike
NQ/GLOBEX/B1/30min,M3_HARJ,45924,2020-03-18,2.2830589221762348e-05,0.0,inf,inf,nonfinite_qlike
NQ/GLOBEX/B1/30min,M3_HARJ,45925,2020-03-18,2.278798845003245e-05,0.0,inf,inf,nonfinite_qlike
NQ/GLOBEX/B1/30min,M3_HARJ,45926,2020-03-18,2.275631480357524e-05,0.0,inf,inf,nonfinite_qlike
NQ/GLOBEX/B1/30min,M3_HARJ,45927,2020-03-18,2.2730755316358213e-05,0.0,inf,inf,nonfinite_qlike
NQ/GLOBEX/B1/30min,M3_HARJ,45928,2020-03-18,2.2676295896020123e-05,0.0,inf,inf,nonfinite_qlike
NQ/GLOBEX/B1/30min,M3_HARJ,45929,2020-03-18,2.2627110645102813e-05,0.0,inf,inf,nonfinite_qlike
NQ/GLOBEX/B1/30min,M3_HARJ,45930,2020-03-18,2.2519390112735124e-05,0.0,inf,inf,nonfinite_qlike
NQ/GLOBEX/B1/30min,M3_HARJ,46036,2020-03-23,0.00011261820116657004,0.0,inf,inf,nonfinite_qlike
NQ/GLOBEX/B1/30min,M3_HARJ,46037,2020-03-23,4.152686651515588e-05,0.0,inf,inf,nonfinite_qlike
NQ/GLOBEX/B1/30min,M3_HARJ,46064,2020-03-23,0.0005208550651138649,0.0002444160372760962,0.22585918469745403,5.814743022892994e-06,above_100x_mean_rv
NQ/GLOBEX/B1/30min,M3_HARJ,46104,2020-03-24,6.576143980049226e-05,0.0,inf,inf,nonfinite_qlike
NQ/GLOBEX/B1/30min,M3_HARJ,46105,2020-03-24,5.9871141017857524e-05,0.0,inf,inf,nonfinite_qlike
NQ/GLOBEX/B1/30min,M3_HARJ,48053,2020-05-25,1.754228825223782e-06,0.0,inf,inf,nonfinite_qlike
NQ/GLOBEX/B1/30min,M3_HARJ,48054,2020-05-25,1.436912514285248e-06,0.0,inf,inf,nonfinite_qlike
NQ/GLOBEX/B1/30min,M3_HARJ,48055,2020-05-25,1.4323329006802913e-06,0.0,inf,inf,nonfinite_qlike
NQ/GLOBEX/B1/30min,M3_HARJ,48056,2020-05-25,1.4285796450168144e-06,0.0,inf,inf,nonfinite_qlike
NQ/GLOBEX/B1/30min,M3_HARJ,48057,2020-05-25,1.4206535970388703e-06,0.0,inf,inf,nonfinite_qlike
NQ/GLOBEX/B1/30min,M3_HARJ,48058,2020-05-25,1.4118961232899017e-06,0.0,inf,inf,nonfinite_qlike
NQ/GLOBEX/B1/30min,M3_HARJ,48059,2020-05-25,1.3887520950580803e-06,0.0,inf,inf,nonfinite_qlike
NQ/GLOBEX/B1/30min,M3_HARJ,49095,2020-07-01,3.293619963784558e-06,0.0,inf,inf,nonfinite_qlike
NQ/GLOBEX/B1/30min,M3_HARJ,49096,2020-07-01,2.4807206414119943e-06,0.0,inf,inf,nonfinite_qlike
NQ/GLOBEX/B1/30min,M3_HARJ,49097,2020-07-01,2.4756633505143604e-06,0.0,inf,inf,nonfinite_qlike
NQ/GLOBEX/B1/30min,M3_HARJ,49098,2020-07-01,2.468046744194112e-06,0.0,inf,inf,nonfinite_qlike
NQ/GLOBEX/B1/30min,M3_HARJ,51248,2020-09-07,7.331891064088704e-06,0.0,inf,inf,nonfinite_qlike
NQ/GLOBEX/B1/30min,M3_HARJ,51249,2020-09-07,5.4151270325157565e-06,0.0,inf,inf,nonfinite_qlike
NQ/GLOBEX/B1/30min,M3_HARJ,51250,2020-09-07,5.410856461820981e-06,0.0,inf,inf,nonfinite_qlike
NQ/GLOBEX/B1/30min,M3_HARJ,51251,2020-09-07,5.407462853153248e-06,0.0,inf,inf,nonfinite_qlike
NQ/GLOBEX/B1/30min,M3_HARJ,51252,2020-09-07,5.403579647428462e-06,0.0,inf,inf,nonfinite_qlike
NQ/GLOBEX/B1/30min,M3_HARJ,51253,2020-09-07,5.392101146930954e-06,0.0,inf,inf,nonfinite_qlike
NQ/GLOBEX/B1/30min,M3_HARJ,51254,2020-09-07,5.370320761397544e-06,0.0,inf,inf,nonfinite_qlike
NQ/GLOBEX/B1/30min,M3_HARJ,53723,2020-11-26,1.7958578787730168e-06,0.0,inf,inf,nonfinite_qlike
NQ/GLOBEX/B1/30min,M3_HARJ,53724,2020-11-26,5.26423625066446e-07,0.0,inf,inf,nonfinite_qlike
NQ/GLOBEX/B1/30min,M3_HARJ,53725,2020-11-26,5.227698610287029e-07,0.0,inf,inf,nonfinite_qlike
NQ/GLOBEX/B1/30min,M3_HARJ,53726,2020-11-26,5.208586467533859e-07,0.0,inf,inf,nonfinite_qlike
NQ/GLOBEX/B1/30min,M3_HARJ,53727,2020-11-26,5.177392187252477e-07,0.0,inf,inf,nonfinite_qlike
NQ/GLOBEX/B1/30min,M3_HARJ,53728,2020-11-26,5.135847531473417e-07,0.0,inf,inf,nonfinite_qlike
NQ/GLOBEX/B1/30min,M3_HARJ,53729,2020-11-26,5.058501158778964e-07,0.0,inf,inf,nonfinite_qlike
NQ/GLOBEX/B1/30min,M3_HARJ,55073,2021-01-18,1.3095719467492284e-06,0.0,inf,inf,nonfinite_qlike
NQ/GLOBEX/B1/30min,M3_HARJ,55074,2021-01-18,1.0484376585401633e-06,0.0,inf,inf,nonfinite_qlike
NQ/GLOBEX/B1/30min,M3_HARJ,55075,2021-01-18,1.0425949869688274e-06,0.0,inf,inf,nonfinite_qlike
NQ/GLOBEX/B1/30min,M3_HARJ,55076,2021-01-18,1.0366437274959546e-06,0.0,inf,inf,nonfinite_qlike
NQ/GLOBEX/B1/30min,M3_HARJ,55077,2021-01-18,1.0284181196255096e-06,0.0,inf,inf,nonfinite_qlike
NQ/GLOBEX/B1/30min,M3_HARJ,55078,2021-01-18,1.016796017421946e-06,0.0,inf,inf,nonfinite_qlike
NQ/GLOBEX/B1/30min,M3_HARJ,55079,2021-01-18,1.0018170934034227e-06,0.0,inf,inf,nonfinite_qlike
NQ/GLOBEX/B1/30min,M3_HARJ,55973,2021-02-15,9.054625983481714e-07,0.0,inf,inf,nonfinite_qlike
NQ/GLOBEX/B1/30min,M3_HARJ,55974,2021-02-15,6.430084842827442e-07,0.0,inf,inf,nonfinite_qlike
NQ/GLOBEX/B1/30min,M3_HARJ,55975,2021-02-15,6.400595301228453e-07,0.0,inf,inf,nonfinite_qlike
NQ/GLOBEX/B1/30min,M3_HARJ,55976,2021-02-15,6.379891908257504e-07,0.0,inf,inf,nonfinite_qlike
NQ/GLOBEX/B1/30min,M3_HARJ,55977,2021-02-15,6.354067726537917e-07,0.0,inf,inf,nonfinite_qlike
NQ/GLOBEX/B1/30min,M3_HARJ,55978,2021-02-15,6.34332352122251e-07,0.0,inf,inf,nonfinite_qlike
NQ/GLOBEX/B1/30min,M3_HARJ,55979,2021-02-15,6.314980788696921e-07,0.0,inf,inf,nonfinite_qlike
NQ/GLOBEX/B1/30min,M3_HARJ,57361,2021-04-02,2.1662185979491556e-06,0.0,inf,inf,nonfinite_qlike
NQ/GLOBEX/B1/30min,M3_HARJ,57362,2021-04-02,1.1498586233103534e-06,0.0,inf,inf,nonfinite_qlike
NQ/GLOBEX/B1/30min,M3_HARJ,57363,2021-04-02,1.1206023502361856e-06,0.0,inf,inf,nonfinite_qlike
NQ/GLOBEX/B1/30min,M3_HARJ,57364,2021-04-02,1.1140993769334626e-06,0.0,inf,inf,nonfinite_qlike
NQ/GLOBEX/B1/30min,M3_HARJ,57365,2021-04-02,1.09366867369559e-06,0.0,inf,inf,nonfinite_qlike
NQ/GLOBEX/B1/30min,M3_HARJ,57366,2021-04-02,1.0836599395881934e-06,0.0,inf,inf,nonfinite_qlike
NQ/GLOBEX/B1/30min,M3_HARJ,57367,2021-04-02,1.0687101859349093e-06,0.0,inf,inf,nonfinite_qlike
NQ/GLOBEX/B1/30min,M3_HARJ,57368,2021-04-02,1.0599676728500868e-06,0.0,inf,inf,nonfinite_qlike
NQ/GLOBEX/B1/30min,M3_HARJ,57369,2021-04-02,1.0550512580684674e-06,0.0,inf,inf,nonfinite_qlike
NQ/GLOBEX/B1/30min,M3_HARJ,57370,2021-04-02,1.046343782263189e-06,0.0,inf,inf,nonfinite_qlike
NQ/GLOBEX/B1/30min,M3_HARJ,57371,2021-04-02,1.0243798684228936e-06,0.0,inf,inf,nonfinite_qlike
NQ/GLOBEX/B1/30min,M3_HARJ,57372,2021-04-02,9.792014247889027e-07,0.0,inf,inf,nonfinite_qlike
NQ/GLOBEX/B1/30min,M3_HARJ,57373,2021-04-02,9.683130725513188e-07,0.0,inf,inf,nonfinite_qlike
NQ/GLOBEX/B1/30min,M3_HARJ,57374,2021-04-02,9.52989825660371e-07,0.0,inf,inf,nonfinite_qlike
NQ/GLOBEX/B1/30min,M3_HARJ,59213,2021-05-31,6.234409500701651e-07,0.0,inf,inf,nonfinite_qlike
NQ/GLOBEX/B1/30min,M3_HARJ,59214,2021-05-31,5.181449552955523e-07,0.0,inf,inf,nonfinite_qlike
NQ/GLOBEX/B1/30min,M3_HARJ,59215,2021-05-31,5.172518319147438e-07,0.0,inf,inf,nonfinite_qlike
NQ/GLOBEX/B1/30min,M3_HARJ,59216,2021-05-31,5.166019630685585e-07,0.0,inf,inf,nonfinite_qlike
NQ/GLOBEX/B1/30min,M3_HARJ,59217,2021-05-31,5.156218004535483e-07,0.0,inf,inf,nonfinite_qlike
NQ/GLOBEX/B1/30min,M3_HARJ,59218,2021-05-31,5.140887950861424e-07,0.0,inf,inf,nonfinite_qlike
NQ/GLOBEX/B1/30min,M3_HARJ,59219,2021-05-31,5.110949684221027e-07,0.0,inf,inf,nonfinite_qlike
NQ/GLOBEX/B1/30min,M3_HARJ,60203,2021-07-05,5.344602838020671e-07,0.0,inf,inf,nonfinite_qlike
NQ/GLOBEX/B1/30min,M3_HARJ,60204,2021-07-05,4.6607064466429485e-07,0.0,inf,inf,nonfinite_qlike
NQ/GLOBEX/B1/30min,M3_HARJ,60205,2021-07-05,4.6496235924468874e-07,0.0,inf,inf,nonfinite_qlike
NQ/GLOBEX/B1/30min,M3_HARJ,60206,2021-07-05,4.634875465982855e-07,0.0,inf,inf,nonfinite_qlike
NQ/GLOBEX/B1/30min,M3_HARJ,60207,2021-07-05,4.6125981125737275e-07,0.0,inf,inf,nonfinite_qlike
NQ/GLOBEX/B1/30min,M3_HARJ,60208,2021-07-05,4.564474445203519e-07,0.0,inf,inf,nonfinite_qlike
NQ/GLOBEX/B1/30min,M3_HARJ,60209,2021-07-05,4.526591322695144e-07,0.0,inf,inf,nonfinite_qlike
NQ/GLOBEX/B1/30min,M3_HARJ,62228,2021-09-06,5.583377359728346e-07,0.0,inf,inf,nonfinite_qlike
NQ/GLOBEX/B1/30min,M3_HARJ,62229,2021-09-06,4.987723829851024e-07,0.0,inf,inf,nonfinite_qlike
NQ/GLOBEX/B1/30min,M3_HARJ,62230,2021-09-06,4.977673458616755e-07,0.0,inf,inf,nonfinite_qlike
NQ/GLOBEX/B1/30min,M3_HARJ,62231,2021-09-06,4.968868616461184e-07,0.0,inf,inf,nonfinite_qlike
NQ/GLOBEX/B1/30min,M3_HARJ,62232,2021-09-06,4.961239827039055e-07,0.0,inf,inf,nonfinite_qlike
NQ/GLOBEX/B1/30min,M3_HARJ,62233,2021-09-06,4.955339305483225e-07,0.0,inf,inf,nonfinite_qlike
NQ/GLOBEX/B1/30min,M3_HARJ,62234,2021-09-06,4.937154264409073e-07,0.0,inf,inf,nonfinite_qlike
NQ/GLOBEX/B1/30min,M3_HARJ,64703,2021-11-25,1.3770534937060054e-06,0.0,inf,inf,nonfinite_qlike
NQ/GLOBEX/B1/30min,M3_HARJ,64704,2021-11-25,1.207710408124163e-06,0.0,inf,inf,nonfinite_qlike
NQ/GLOBEX/B1/30min,M3_HARJ,64705,2021-11-25,1.199851104252023e-06,0.0,inf,inf,nonfinite_qlike
NQ/GLOBEX/B1/30min,M3_HARJ,64706,2021-11-25,1.1942294091801268e-06,0.0,inf,inf,nonfinite_qlike
NQ/GLOBEX/B1/30min,M3_HARJ,64707,2021-11-25,1.1908494432196526e-06,0.0,inf,inf,nonfinite_qlike
NQ/GLOBEX/B1/30min,M3_HARJ,64708,2021-11-25,1.1873969960622084e-06,0.0,inf,inf,nonfinite_qlike
NQ/GLOBEX/B1/30min,M3_HARJ,64709,2021-11-25,1.1843828446980903e-06,0.0,inf,inf,nonfinite_qlike
NQ/GLOBEX/B1/30min,M3_HARJ,66143,2022-01-17,2.787612233785725e-06,0.0,inf,inf,nonfinite_qlike
NQ/GLOBEX/B1/30min,M3_HARJ,66144,2022-01-17,2.204789128006306e-06,0.0,inf,inf,nonfinite_qlike
NQ/GLOBEX/B1/30min,M3_HARJ,66145,2022-01-17,2.1814275658056663e-06,0.0,inf,inf,nonfinite_qlike
NQ/GLOBEX/B1/30min,M3_HARJ,66146,2022-01-17,2.1652351392882323e-06,0.0,inf,inf,nonfinite_qlike
NQ/GLOBEX/B1/30min,M3_HARJ,66147,2022-01-17,2.141445637137188e-06,0.0,inf,inf,nonfinite_qlike
NQ/GLOBEX/B1/30min,M3_HARJ,66148,2022-01-17,2.1077675913893957e-06,0.0,inf,inf,nonfinite_qlike
NQ/GLOBEX/B1/30min,M3_HARJ,66149,2022-01-17,2.073016789536035e-06,0.0,inf,inf,nonfinite_qlike
NQ/GLOBEX/B1/30min,M3_HARJ,67268,2022-02-21,5.563334286244584e-06,0.0,inf,inf,nonfinite_qlike
NQ/GLOBEX/B1/30min,M3_HARJ,67269,2022-02-21,2.372043910104786e-06,0.0,inf,inf,nonfinite_qlike
NQ/GLOBEX/B1/30min,M3_HARJ,67270,2022-02-21,2.3221905138750636e-06,0.0,inf,inf,nonfinite_qlike
NQ/GLOBEX/B1/30min,M3_HARJ,67271,2022-02-21,2.2500184885492346e-06,0.0,inf,inf,nonfinite_qlike
NQ/GLOBEX/B1/30min,M3_HARJ,67272,2022-02-21,2.1916756712000176e-06,0.0,inf,inf,nonfinite_qlike
NQ/GLOBEX/B1/30min,M3_HARJ,67273,2022-02-21,2.1361997834444133e-06,0.0,inf,inf,nonfinite_qlike
NQ/GLOBEX/B1/30min,M3_HARJ,67274,2022-02-21,2.0820285622821507e-06,0.0,inf,inf,nonfinite_qlike
NQ/GLOBEX/B1/30min,M3_HARJ,70238,2022-05-30,4.4965187273283954e-06,0.0,inf,inf,nonfinite_qlike
NQ/GLOBEX/B1/30min,M3_HARJ,70239,2022-05-30,2.5254268120351653e-06,0.0,inf,inf,nonfinite_qlike
NQ/GLOBEX/B1/30min,M3_HARJ,70240,2022-05-30,2.5037427832807518e-06,0.0,inf,inf,nonfinite_qlike
NQ/GLOBEX/B1/30min,M3_HARJ,70241,2022-05-30,2.4858235483158673e-06,0.0,inf,inf,nonfinite_qlike
NQ/GLOBEX/B1/30min,M3_HARJ,70242,2022-05-30,2.449011261667831e-06,0.0,inf,inf,nonfinite_qlike
NQ/GLOBEX/B1/30min,M3_HARJ,70243,2022-05-30,2.419136067413016e-06,0.0,inf,inf,nonfinite_qlike
NQ/GLOBEX/B1/30min,M3_HARJ,70244,2022-05-30,2.3746628811460033e-06,0.0,inf,inf,nonfinite_qlike
NQ/GLOBEX/B1/30min,M3_HARJ,70778,2022-06-20,5.917160314697385e-06,0.0,inf,inf,nonfinite_qlike
NQ/GLOBEX/B1/30min,M3_HARJ,70779,2022-06-20,4.633634882425796e-06,0.0,inf,inf,nonfinite_qlike
NQ/GLOBEX/B1/30min,M3_HARJ,70780,2022-06-20,4.621292301770496e-06,0.0,inf,inf,nonfinite_qlike
NQ/GLOBEX/B1/30min,M3_HARJ,70781,2022-06-20,4.606068124288448e-06,0.0,inf,inf,nonfinite_qlike
NQ/GLOBEX/B1/30min,M3_HARJ,70782,2022-06-20,4.593474876815805e-06,0.0,inf,inf,nonfinite_qlike
NQ/GLOBEX/B1/30min,M3_HARJ,70783,2022-06-20,4.586139285566748e-06,0.0,inf,inf,nonfinite_qlike
NQ/GLOBEX/B1/30min,M3_HARJ,70784,2022-06-20,4.569976781492122e-06,0.0,inf,inf,nonfinite_qlike
NQ/GLOBEX/B1/30min,M3_HARJ,71228,2022-07-04,3.927057263714198e-06,0.0,inf,inf,nonfinite_qlike
NQ/GLOBEX/B1/30min,M3_HARJ,71229,2022-07-04,3.1847405597620193e-06,0.0,inf,inf,nonfinite_qlike
NQ/GLOBEX/B1/30min,M3_HARJ,71230,2022-07-04,3.1726482702567525e-06,0.0,inf,inf,nonfinite_qlike
NQ/GLOBEX/B1/30min,M3_HARJ,71231,2022-07-04,3.1631389525683118e-06,0.0,inf,inf,nonfinite_qlike
NQ/GLOBEX/B1/30min,M3_HARJ,71232,2022-07-04,3.1504212839028314e-06,0.0,inf,inf,nonfinite_qlike
NQ/GLOBEX/B1/30min,M3_HARJ,71233,2022-07-04,3.130358631182751e-06,0.0,inf,inf,nonfinite_qlike
NQ/GLOBEX/B1/30min,M3_HARJ,71234,2022-07-04,3.1068955736220764e-06,0.0,inf,inf,nonfinite_qlike
NQ/GLOBEX/B1/30min,M3_HARJ,73253,2022-09-05,3.783739081364637e-06,0.0,inf,inf,nonfinite_qlike
NQ/GLOBEX/B1/30min,M3_HARJ,73254,2022-09-05,2.9532309252816027e-06,0.0,inf,inf,nonfinite_qlike
NQ/GLOBEX/B1/30min,M3_HARJ,73255,2022-09-05,2.93687854162473e-06,0.0,inf,inf,nonfinite_qlike
NQ/GLOBEX/B1/30min,M3_HARJ,73256,2022-09-05,2.9258280659030515e-06,0.0,inf,inf,nonfinite_qlike
NQ/GLOBEX/B1/30min,M3_HARJ,73257,2022-09-05,2.9070142788049098e-06,0.0,inf,inf,nonfinite_qlike
NQ/GLOBEX/B1/30min,M3_HARJ,73258,2022-09-05,2.8833177670343423e-06,0.0,inf,inf,nonfinite_qlike
NQ/GLOBEX/B1/30min,M3_HARJ,73259,2022-09-05,2.848322159911394e-06,0.0,inf,inf,nonfinite_qlike
NQ/GLOBEX/B1/30min,M3_HARJ,74369,2022-10-13,0.0004601227663208499,5.095309279568028e-05,1.3113259156911856,3.3760075904011e-05,above_100x_mean_rv
NQ/GLOBEX/B1/30min,M3_HARJ,75728,2022-11-24,1.6132382920090688e-06,0.0,inf,inf,nonfinite_qlike
NQ/GLOBEX/B1/30min,M3_HARJ,75729,2022-11-24,1.2863529825423937e-06,0.0,inf,inf,nonfinite_qlike
NQ/GLOBEX/B1/30min,M3_HARJ,75730,2022-11-24,1.275027631610271e-06,0.0,inf,inf,nonfinite_qlike
NQ/GLOBEX/B1/30min,M3_HARJ,75731,2022-11-24,1.263429519544665e-06,0.0,inf,inf,nonfinite_qlike
NQ/GLOBEX/B1/30min,M3_HARJ,75732,2022-11-24,1.2468623406293472e-06,0.0,inf,inf,nonfinite_qlike
NQ/GLOBEX/B1/30min,M3_HARJ,75733,2022-11-24,1.2325863392379887e-06,0.0,inf,inf,nonfinite_qlike
NQ/GLOBEX/B1/30min,M3_HARJ,75734,2022-11-24,1.2162414718890111e-06,0.0,inf,inf,nonfinite_qlike
NQ/GLOBEX/B1/30min,M3_HARJ,77123,2023-01-16,3.2407437051339254e-06,0.0,inf,inf,nonfinite_qlike
NQ/GLOBEX/B1/30min,M3_HARJ,77124,2023-01-16,2.4097123092169697e-06,0.0,inf,inf,nonfinite_qlike
NQ/GLOBEX/B1/30min,M3_HARJ,77125,2023-01-16,2.3863793688487036e-06,0.0,inf,inf,nonfinite_qlike
NQ/GLOBEX/B1/30min,M3_HARJ,77126,2023-01-16,2.3722407043612644e-06,0.0,inf,inf,nonfinite_qlike
NQ/GLOBEX/B1/30min,M3_HARJ,77127,2023-01-16,2.3550758038276458e-06,0.0,inf,inf,nonfinite_qlike
NQ/GLOBEX/B1/30min,M3_HARJ,77128,2023-01-16,2.338667860304309e-06,0.0,inf,inf,nonfinite_qlike
NQ/GLOBEX/B1/30min,M3_HARJ,77129,2023-01-16,2.31419787393508e-06,0.0,inf,inf,nonfinite_qlike
NQ/GLOBEX/B1/30min,M3_HARJ,78248,2023-02-20,2.4791605462215543e-06,0.0,inf,inf,nonfinite_qlike
NQ/GLOBEX/B1/30min,M3_HARJ,78249,2023-02-20,2.2635885238914562e-06,0.0,inf,inf,nonfinite_qlike
NQ/GLOBEX/B1/30min,M3_HARJ,78250,2023-02-20,2.2603744000920584e-06,0.0,inf,inf,nonfinite_qlike
NQ/GLOBEX/B1/30min,M3_HARJ,78251,2023-02-20,2.254400066669545e-06,0.0,inf,inf,nonfinite_qlike
NQ/GLOBEX/B1/30min,M3_HARJ,78252,2023-02-20,2.2439104006237147e-06,0.0,inf,inf,nonfinite_qlike
NQ/GLOBEX/B1/30min,M3_HARJ,78253,2023-02-20,2.2358945909742765e-06,0.0,inf,inf,nonfinite_qlike
NQ/GLOBEX/B1/30min,M3_HARJ,78254,2023-02-20,2.22519312828632e-06,0.0,inf,inf,nonfinite_qlike
NQ/GLOBEX/B1/30min,M3_HARJ,79636,2023-04-07,1.0037270816484282e-06,0.0,inf,inf,nonfinite_qlike
NQ/GLOBEX/B1/30min,M3_HARJ,79637,2023-04-07,8.76789322078666e-07,0.0,inf,inf,nonfinite_qlike
NQ/GLOBEX/B1/30min,M3_HARJ,79638,2023-04-07,8.656379062632993e-07,0.0,inf,inf,nonfinite_qlike
NQ/GLOBEX/B1/30min,M3_HARJ,79639,2023-04-07,8.58505477498427e-07,0.0,inf,inf,nonfinite_qlike
NQ/GLOBEX/B1/30min,M3_HARJ,79640,2023-04-07,8.540937132096552e-07,0.0,inf,inf,nonfinite_qlike
NQ/GLOBEX/B1/30min,M3_HARJ,79641,2023-04-07,8.507405250252536e-07,0.0,inf,inf,nonfinite_qlike
NQ/GLOBEX/B1/30min,M3_HARJ,79642,2023-04-07,8.482448841033085e-07,0.0,inf,inf,nonfinite_qlike
NQ/GLOBEX/B1/30min,M3_HARJ,79643,2023-04-07,8.455331161728007e-07,0.0,inf,inf,nonfinite_qlike
NQ/GLOBEX/B1/30min,M3_HARJ,79644,2023-04-07,8.428470604548524e-07,0.0,inf,inf,nonfinite_qlike
NQ/GLOBEX/B1/30min,M3_HARJ,79645,2023-04-07,8.402212435823469e-07,0.0,inf,inf,nonfinite_qlike
NQ/GLOBEX/B1/30min,M3_HARJ,79646,2023-04-07,8.368864376640734e-07,0.0,inf,inf,nonfinite_qlike
NQ/GLOBEX/B1/30min,M3_HARJ,79647,2023-04-07,8.3349192791161e-07,0.0,inf,inf,nonfinite_qlike
NQ/GLOBEX/B1/30min,M3_HARJ,79648,2023-04-07,8.279997631614861e-07,0.0,inf,inf,nonfinite_qlike
NQ/GLOBEX/B1/30min,M3_HARJ,79649,2023-04-07,8.142215572666504e-07,0.0,inf,inf,nonfinite_qlike
NQ/GLOBEX/B1/30min,M3_HARJ,81263,2023-05-29,1.5593490087698123e-06,0.0,inf,inf,nonfinite_qlike
NQ/GLOBEX/B1/30min,M3_HARJ,81264,2023-05-29,1.0926696668044573e-06,0.0,inf,inf,nonfinite_qlike
NQ/GLOBEX/B1/30min,M3_HARJ,81265,2023-05-29,1.0900251494041398e-06,0.0,inf,inf,nonfinite_qlike
NQ/GLOBEX/B1/30min,M3_HARJ,81266,2023-05-29,1.0876889741762407e-06,0.0,inf,inf,nonfinite_qlike
NQ/GLOBEX/B1/30min,M3_HARJ,81267,2023-05-29,1.0814199170861675e-06,0.0,inf,inf,nonfinite_qlike
NQ/GLOBEX/B1/30min,M3_HARJ,81268,2023-05-29,1.0784926330844663e-06,0.0,inf,inf,nonfinite_qlike
NQ/GLOBEX/B1/30min,M3_HARJ,81269,2023-05-29,1.0743915721757197e-06,0.0,inf,inf,nonfinite_qlike
NQ/GLOBEX/B1/30min,M3_HARJ,81803,2023-06-19,1.4188662954897054e-06,0.0,inf,inf,nonfinite_qlike
NQ/GLOBEX/B1/30min,M3_HARJ,81804,2023-06-19,1.2705559074903078e-06,0.0,inf,inf,nonfinite_qlike
NQ/GLOBEX/B1/30min,M3_HARJ,81805,2023-06-19,1.2597943353506607e-06,0.0,inf,inf,nonfinite_qlike
NQ/GLOBEX/B1/30min,M3_HARJ,81806,2023-06-19,1.2502092002617438e-06,0.0,inf,inf,nonfinite_qlike
NQ/GLOBEX/B1/30min,M3_HARJ,81807,2023-06-19,1.2405220035758038e-06,0.0,inf,inf,nonfinite_qlike
NQ/GLOBEX/B1/30min,M3_HARJ,81808,2023-06-19,1.2256118936140705e-06,0.0,inf,inf,nonfinite_qlike
NQ/GLOBEX/B1/30min,M3_HARJ,81809,2023-06-19,1.2082051589417365e-06,0.0,inf,inf,nonfinite_qlike
NQ/GLOBEX/B1/30min,M3_HARJ,82253,2023-07-04,1.1390301702723844e-06,0.0,inf,inf,nonfinite_qlike
NQ/GLOBEX/B1/30min,M3_HARJ,82254,2023-07-04,1.0483768062709454e-06,0.0,inf,inf,nonfinite_qlike
NQ/GLOBEX/B1/30min,M3_HARJ,82255,2023-07-04,1.0332198308055659e-06,0.0,inf,inf,nonfinite_qlike
NQ/GLOBEX/B1/30min,M3_HARJ,82256,2023-07-04,1.0252824872907403e-06,0.0,inf,inf,nonfinite_qlike
NQ/GLOBEX/B1/30min,M3_HARJ,82257,2023-07-04,1.016066484036867e-06,0.0,inf,inf,nonfinite_qlike
NQ/GLOBEX/B1/30min,M3_HARJ,82258,2023-07-04,1.0082022067391795e-06,0.0,inf,inf,nonfinite_qlike
NQ/GLOBEX/B1/30min,M3_HARJ,82259,2023-07-04,9.976323889032894e-07,0.0,inf,inf,nonfinite_qlike
NQ/GLOBEX/B1/30min,M3_HARJ,84233,2023-09-04,1.33884170634566e-06,0.0,inf,inf,nonfinite_qlike
NQ/GLOBEX/B1/30min,M3_HARJ,84234,2023-09-04,1.0256046408986792e-06,0.0,inf,inf,nonfinite_qlike
NQ/GLOBEX/B1/30min,M3_HARJ,84235,2023-09-04,1.0100489601912427e-06,0.0,inf,inf,nonfinite_qlike
NQ/GLOBEX/B1/30min,M3_HARJ,84236,2023-09-04,1.0035898151847449e-06,0.0,inf,inf,nonfinite_qlike
NQ/GLOBEX/B1/30min,M3_HARJ,84237,2023-09-04,9.934145481644251e-07,0.0,inf,inf,nonfinite_qlike
NQ/GLOBEX/B1/30min,M3_HARJ,84238,2023-09-04,9.873297154581135e-07,0.0,inf,inf,nonfinite_qlike
NQ/GLOBEX/B1/30min,M3_HARJ,84239,2023-09-04,9.756395386828675e-07,0.0,inf,inf,nonfinite_qlike
NQ/GLOBEX/B1/30min,M3_HARJ,86708,2023-11-23,6.721930869833947e-07,0.0,inf,inf,nonfinite_qlike
NQ/GLOBEX/B1/30min,M3_HARJ,86709,2023-11-23,6.298816721491728e-07,0.0,inf,inf,nonfinite_qlike
NQ/GLOBEX/B1/30min,M3_HARJ,86710,2023-11-23,6.219272579492365e-07,0.0,inf,inf,nonfinite_qlike
NQ/GLOBEX/B1/30min,M3_HARJ,86711,2023-11-23,6.18451461366974e-07,0.0,inf,inf,nonfinite_qlike
NQ/GLOBEX/B1/30min,M3_HARJ,86712,2023-11-23,6.140721656272553e-07,0.0,inf,inf,nonfinite_qlike
NQ/GLOBEX/B1/30min,M3_HARJ,86713,2023-11-23,6.112882123597581e-07,0.0,inf,inf,nonfinite_qlike
NQ/GLOBEX/B1/30min,M3_HARJ,86714,2023-11-23,6.075134413959944e-07,0.0,inf,inf,nonfinite_qlike
NQ/GLOBEX/B1/30min,M4_HARQ,5227,2016-06-24,1e-300,3.2444649150420446e-05,3.2444649150420447e+295,0.0670834861652669,below_1e-12
NQ/GLOBEX/B1/30min,M4_HARQ,11288,2017-01-16,3.703010199332452e-07,0.0,inf,inf,nonfinite_qlike
NQ/GLOBEX/B1/30min,M4_HARQ,11289,2017-01-16,2.066542470768309e-07,0.0,inf,inf,nonfinite_qlike
NQ/GLOBEX/B1/30min,M4_HARQ,11290,2017-01-16,2.0608262388202291e-07,0.0,inf,inf,nonfinite_qlike
NQ/GLOBEX/B1/30min,M4_HARQ,11291,2017-01-16,2.0481240888756222e-07,0.0,inf,inf,nonfinite_qlike
NQ/GLOBEX/B1/30min,M4_HARQ,11292,2017-01-16,2.0417013516121646e-07,0.0,inf,inf,nonfinite_qlike
NQ/GLOBEX/B1/30min,M4_HARQ,11293,2017-01-16,2.0352047401532419e-07,0.0,inf,inf,nonfinite_qlike
NQ/GLOBEX/B1/30min,M4_HARQ,11294,2017-01-16,2.0300652610134399e-07,0.0,inf,inf,nonfinite_qlike
NQ/GLOBEX/B1/30min,M4_HARQ,12413,2017-02-20,3.289597695333943e-07,0.0,inf,inf,nonfinite_qlike
NQ/GLOBEX/B1/30min,M4_HARQ,12414,2017-02-20,1.394449611862472e-07,0.0,inf,inf,nonfinite_qlike
NQ/GLOBEX/B1/30min,M4_HARQ,12415,2017-02-20,1.3917462265778073e-07,0.0,inf,inf,nonfinite_qlike
NQ/GLOBEX/B1/30min,M4_HARQ,12416,2017-02-20,1.3881275976892916e-07,0.0,inf,inf,nonfinite_qlike
NQ/GLOBEX/B1/30min,M4_HARQ,12417,2017-02-20,1.3845707650757477e-07,0.0,inf,inf,nonfinite_qlike
NQ/GLOBEX/B1/30min,M4_HARQ,12418,2017-02-20,1.3801278817992137e-07,0.0,inf,inf,nonfinite_qlike
NQ/GLOBEX/B1/30min,M4_HARQ,12419,2017-02-20,1.3776484966636955e-07,0.0,inf,inf,nonfinite_qlike
NQ/GLOBEX/B1/30min,M4_HARQ,16328,2017-07-04,1.3956976049130736e-06,0.0,inf,inf,nonfinite_qlike
NQ/GLOBEX/B1/30min,M4_HARQ,16329,2017-07-04,4.736099656161542e-07,0.0,inf,inf,nonfinite_qlike
NQ/GLOBEX/B1/30min,M4_HARQ,16330,2017-07-04,4.7291687218420517e-07,0.0,inf,inf,nonfinite_qlike
NQ/GLOBEX/B1/30min,M4_HARQ,16331,2017-07-04,4.7014763575321474e-07,0.0,inf,inf,nonfinite_qlike
NQ/GLOBEX/B1/30min,M4_HARQ,16332,2017-07-04,4.684116998179026e-07,0.0,inf,inf,nonfinite_qlike
NQ/GLOBEX/B1/30min,M4_HARQ,16333,2017-07-04,4.6605361686566323e-07,0.0,inf,inf,nonfinite_qlike
NQ/GLOBEX/B1/30min,M4_HARQ,16334,2017-07-04,4.6267656038814335e-07,0.0,inf,inf,nonfinite_qlike
NQ/GLOBEX/B1/30min,M4_HARQ,18308,2017-09-04,3.9288495797332767e-07,0.0,inf,inf,nonfinite_qlike
NQ/GLOBEX/B1/30min,M4_HARQ,18309,2017-09-04,2.327882895067155e-07,0.0,inf,inf,nonfinite_qlike
NQ/GLOBEX/B1/30min,M4_HARQ,18310,2017-09-04,2.3180538851743184e-07,0.0,inf,inf,nonfinite_qlike
NQ/GLOBEX/B1/30min,M4_HARQ,18311,2017-09-04,2.3111426017183112e-07,0.0,inf,inf,nonfinite_qlike
NQ/GLOBEX/B1/30min,M4_HARQ,18312,2017-09-04,2.3062318970298714e-07,0.0,inf,inf,nonfinite_qlike
NQ/GLOBEX/B1/30min,M4_HARQ,18313,2017-09-04,2.2971256929997752e-07,0.0,inf,inf,nonfinite_qlike
NQ/GLOBEX/B1/30min,M4_HARQ,18314,2017-09-04,2.2834769134297446e-07,0.0,inf,inf,nonfinite_qlike
NQ/GLOBEX/B1/30min,M4_HARQ,20783,2017-11-23,2.0216512154383634e-07,0.0,inf,inf,nonfinite_qlike
NQ/GLOBEX/B1/30min,M4_HARQ,20784,2017-11-23,1.3470354485719623e-07,0.0,inf,inf,nonfinite_qlike
NQ/GLOBEX/B1/30min,M4_HARQ,20785,2017-11-23,1.3405882702321114e-07,0.0,inf,inf,nonfinite_qlike
NQ/GLOBEX/B1/30min,M4_HARQ,20786,2017-11-23,1.3367613209198827e-07,0.0,inf,inf,nonfinite_qlike
NQ/GLOBEX/B1/30min,M4_HARQ,20787,2017-11-23,1.333202796897117e-07,0.0,inf,inf,nonfinite_qlike
NQ/GLOBEX/B1/30min,M4_HARQ,20788,2017-11-23,1.3247443416167515e-07,0.0,inf,inf,nonfinite_qlike
NQ/GLOBEX/B1/30min,M4_HARQ,20789,2017-11-23,1.3141367393513527e-07,0.0,inf,inf,nonfinite_qlike
NQ/GLOBEX/B1/30min,M4_HARQ,22178,2018-01-15,3.457979551383883e-07,0.0,inf,inf,nonfinite_qlike
NQ/GLOBEX/B1/30min,M4_HARQ,22179,2018-01-15,1.8117428146138366e-07,0.0,inf,inf,nonfinite_qlike
NQ/GLOBEX/B1/30min,M4_HARQ,22180,2018-01-15,1.8090017452014454e-07,0.0,inf,inf,nonfinite_qlike
NQ/GLOBEX/B1/30min,M4_HARQ,22181,2018-01-15,1.8066470088917748e-07,0.0,inf,inf,nonfinite_qlike
NQ/GLOBEX/B1/30min,M4_HARQ,22182,2018-01-15,1.800574633589388e-07,0.0,inf,inf,nonfinite_qlike
NQ/GLOBEX/B1/30min,M4_HARQ,22183,2018-01-15,1.794868783239967e-07,0.0,inf,inf,nonfinite_qlike
NQ/GLOBEX/B1/30min,M4_HARQ,22184,2018-01-15,1.7910833349511327e-07,0.0,inf,inf,nonfinite_qlike
NQ/GLOBEX/B1/30min,M4_HARQ,22858,2018-02-05,1e-300,9.929481166182086e-05,9.929481166182085e+295,0.20530479751889139,below_1e-12
NQ/GLOBEX/B1/30min,M4_HARQ,23303,2018-02-19,3.1866857436588154e-06,0.0,inf,inf,nonfinite_qlike
NQ/GLOBEX/B1/30min,M4_HARQ,23304,2018-02-19,8.302500653591763e-07,0.0,inf,inf,nonfinite_qlike
NQ/GLOBEX/B1/30min,M4_HARQ,23305,2018-02-19,8.236990261524046e-07,0.0,inf,inf,nonfinite_qlike
NQ/GLOBEX/B1/30min,M4_HARQ,23306,2018-02-19,8.160529648507525e-07,0.0,inf,inf,nonfinite_qlike
NQ/GLOBEX/B1/30min,M4_HARQ,23307,2018-02-19,8.077110555042785e-07,0.0,inf,inf,nonfinite_qlike
NQ/GLOBEX/B1/30min,M4_HARQ,23308,2018-02-19,8.016455038906675e-07,0.0,inf,inf,nonfinite_qlike
NQ/GLOBEX/B1/30min,M4_HARQ,23309,2018-02-19,7.739744109265655e-07,0.0,inf,inf,nonfinite_qlike
NQ/GLOBEX/B1/30min,M4_HARQ,25335,2018-04-30,1.3845220206769859e-06,0.0,inf,inf,nonfinite_qlike
NQ/GLOBEX/B1/30min,M4_HARQ,26273,2018-05-28,6.833747150085186e-07,0.0,inf,inf,nonfinite_qlike
NQ/GLOBEX/B1/30min,M4_HARQ,26274,2018-05-28,3.195786548409712e-07,0.0,inf,inf,nonfinite_qlike
NQ/GLOBEX/B1/30min,M4_HARQ,26275,2018-05-28,3.173516715742281e-07,0.0,inf,inf,nonfinite_qlike
NQ/GLOBEX/B1/30min,M4_HARQ,26276,2018-05-28,3.120938319560555e-07,0.0,inf,inf,nonfinite_qlike
NQ/GLOBEX/B1/30min,M4_HARQ,26277,2018-05-28,3.105394892921188e-07,0.0,inf,inf,nonfinite_qlike
NQ/GLOBEX/B1/30min,M4_HARQ,26278,2018-05-28,3.073538192750076e-07,0.0,inf,inf,nonfinite_qlike
NQ/GLOBEX/B1/30min,M4_HARQ,26279,2018-05-28,3.052960665514241e-07,0.0,inf,inf,nonfinite_qlike
NQ/GLOBEX/B1/30min,M4_HARQ,27308,2018-07-04,9.633449039900321e-07,0.0,inf,inf,nonfinite_qlike
NQ/GLOBEX/B1/30min,M4_HARQ,27309,2018-07-04,6.624511431681267e-07,0.0,inf,inf,nonfinite_qlike
NQ/GLOBEX/B1/30min,M4_HARQ,27310,2018-07-04,6.602378598004288e-07,0.0,inf,inf,nonfinite_qlike
NQ/GLOBEX/B1/30min,M4_HARQ,27311,2018-07-04,6.59438453564191e-07,0.0,inf,inf,nonfinite_qlike
NQ/GLOBEX/B1/30min,M4_HARQ,27312,2018-07-04,6.577773930544417e-07,0.0,inf,inf,nonfinite_qlike
NQ/GLOBEX/B1/30min,M4_HARQ,27313,2018-07-04,6.558211406569284e-07,0.0,inf,inf,nonfinite_qlike
NQ/GLOBEX/B1/30min,M4_HARQ,27314,2018-07-04,6.513648173209097e-07,0.0,inf,inf,nonfinite_qlike
NQ/GLOBEX/B1/30min,M4_HARQ,29243,2018-09-03,3.373799496797529e-07,0.0,inf,inf,nonfinite_qlike
NQ/GLOBEX/B1/30min,M4_HARQ,29244,2018-09-03,1.9755747917558902e-07,0.0,inf,inf,nonfinite_qlike
NQ/GLOBEX/B1/30min,M4_HARQ,29245,2018-09-03,1.9722987884275316e-07,0.0,inf,inf,nonfinite_qlike
NQ/GLOBEX/B1/30min,M4_HARQ,29246,2018-09-03,1.9646476646120894e-07,0.0,inf,inf,nonfinite_qlike
NQ/GLOBEX/B1/30min,M4_HARQ,29247,2018-09-03,1.9582259046348302e-07,0.0,inf,inf,nonfinite_qlike
NQ/GLOBEX/B1/30min,M4_HARQ,29248,2018-09-03,1.950746599406042e-07,0.0,inf,inf,nonfinite_qlike
NQ/GLOBEX/B1/30min,M4_HARQ,29249,2018-09-03,1.943922131757128e-07,0.0,inf,inf,nonfinite_qlike
NQ/GLOBEX/B1/30min,M4_HARQ,31718,2018-11-22,2.8592973892242236e-06,0.0,inf,inf,nonfinite_qlike
NQ/GLOBEX/B1/30min,M4_HARQ,31719,2018-11-22,1.5088832295910953e-06,0.0,inf,inf,nonfinite_qlike
NQ/GLOBEX/B1/30min,M4_HARQ,31720,2018-11-22,1.4835251712698465e-06,0.0,inf,inf,nonfinite_qlike
NQ/GLOBEX/B1/30min,M4_HARQ,31721,2018-11-22,1.4711676258200304e-06,0.0,inf,inf,nonfinite_qlike
NQ/GLOBEX/B1/30min,M4_HARQ,31722,2018-11-22,1.461047874308417e-06,0.0,inf,inf,nonfinite_qlike
NQ/GLOBEX/B1/30min,M4_HARQ,31723,2018-11-22,1.4177052036941637e-06,0.0,inf,inf,nonfinite_qlike
NQ/GLOBEX/B1/30min,M4_HARQ,31724,2018-11-22,1.404382247127429e-06,0.0,inf,inf,nonfinite_qlike
NQ/GLOBEX/B1/30min,M4_HARQ,32071,2018-12-05,1.2950385188931611e-06,0.0,inf,inf,nonfinite_qlike
NQ/GLOBEX/B1/30min,M4_HARQ,32072,2018-12-05,8.051004798308947e-07,0.0,inf,inf,nonfinite_qlike
NQ/GLOBEX/B1/30min,M4_HARQ,32073,2018-12-05,7.977888301758415e-07,0.0,inf,inf,nonfinite_qlike
NQ/GLOBEX/B1/30min,M4_HARQ,32074,2018-12-05,7.922730215137376e-07,0.0,inf,inf,nonfinite_qlike
NQ/GLOBEX/B1/30min,M4_HARQ,32075,2018-12-05,7.885956419471148e-07,0.0,inf,inf,nonfinite_qlike
NQ/GLOBEX/B1/30min,M4_HARQ,32076,2018-12-05,7.69095523424165e-07,0.0,inf,inf,nonfinite_qlike
NQ/GLOBEX/B1/30min,M4_HARQ,32077,2018-12-05,7.447401643284296e-07,0.0,inf,inf,nonfinite_qlike
NQ/GLOBEX/B1/30min,M4_HARQ,32078,2018-12-05,7.297985414291719e-07,0.0,inf,inf,nonfinite_qlike
NQ/GLOBEX/B1/30min,M4_HARQ,32079,2018-12-05,7.217371726436952e-07,0.0,inf,inf,nonfinite_qlike
NQ/GLOBEX/B1/30min,M4_HARQ,32080,2018-12-05,7.148803324287283e-07,0.0,inf,inf,nonfinite_qlike
NQ/GLOBEX/B1/30min,M4_HARQ,32081,2018-12-05,7.056731771680673e-07,0.0,inf,inf,nonfinite_qlike
NQ/GLOBEX/B1/30min,M4_HARQ,32082,2018-12-05,7.007220628970465e-07,0.0,inf,inf,nonfinite_qlike
NQ/GLOBEX/B1/30min,M4_HARQ,32083,2018-12-05,6.953837718433202e-07,0.0,inf,inf,nonfinite_qlike
NQ/GLOBEX/B1/30min,M4_HARQ,32084,2018-12-05,6.920383278159421e-07,0.0,inf,inf,nonfinite_qlike
NQ/GLOBEX/B1/30min,M4_HARQ,33293,2019-01-21,1.2073621403355453e-06,0.0,inf,inf,nonfinite_qlike
NQ/GLOBEX/B1/30min,M4_HARQ,33294,2019-01-21,4.810202937845109e-07,0.0,inf,inf,nonfinite_qlike
NQ/GLOBEX/B1/30min,M4_HARQ,33295,2019-01-21,4.796712023345469e-07,0.0,inf,inf,nonfinite_qlike
NQ/GLOBEX/B1/30min,M4_HARQ,33296,2019-01-21,4.784413459844095e-07,0.0,inf,inf,nonfinite_qlike
NQ/GLOBEX/B1/30min,M4_HARQ,33297,2019-01-21,4.776438933859567e-07,0.0,inf,inf,nonfinite_qlike
NQ/GLOBEX/B1/30min,M4_HARQ,33298,2019-01-21,4.758017875004873e-07,0.0,inf,inf,nonfinite_qlike
NQ/GLOBEX/B1/30min,M4_HARQ,33299,2019-01-21,4.701428038484625e-07,0.0,inf,inf,nonfinite_qlike
NQ/GLOBEX/B1/30min,M4_HARQ,34193,2019-02-18,1.105400303433034e-06,0.0,inf,inf,nonfinite_qlike
NQ/GLOBEX/B1/30min,M4_HARQ,34194,2019-02-18,4.252389032994012e-07,0.0,inf,inf,nonfinite_qlike
NQ/GLOBEX/B1/30min,M4_HARQ,34195,2019-02-18,4.2283001185955704e-07,0.0,inf,inf,nonfinite_qlike
NQ/GLOBEX/B1/30min,M4_HARQ,34196,2019-02-18,4.208193003146992e-07,0.0,inf,inf,nonfinite_qlike
NQ/GLOBEX/B1/30min,M4_HARQ,34197,2019-02-18,4.167872069569836e-07,0.0,inf,inf,nonfinite_qlike
NQ/GLOBEX/B1/30min,M4_HARQ,34198,2019-02-18,4.1538833105818433e-07,0.0,inf,inf,nonfinite_qlike
NQ/GLOBEX/B1/30min,M4_HARQ,34199,2019-02-18,4.1235702399691656e-07,0.0,inf,inf,nonfinite_qlike
NQ/GLOBEX/B1/30min,M4_HARQ,34474,2019-02-27,4.370381140309838e-07,0.0,inf,inf,nonfinite_qlike
NQ/GLOBEX/B1/30min,M4_HARQ,34475,2019-02-27,3.84099407763705e-07,0.0,inf,inf,nonfinite_qlike
NQ/GLOBEX/B1/30min,M4_HARQ,34476,2019-02-27,3.8339671412371027e-07,0.0,inf,inf,nonfinite_qlike
NQ/GLOBEX/B1/30min,M4_HARQ,34477,2019-02-27,3.8298749575565496e-07,0.0,inf,inf,nonfinite_qlike
NQ/GLOBEX/B1/30min,M4_HARQ,34478,2019-02-27,3.826778678847958e-07,0.0,inf,inf,nonfinite_qlike
NQ/GLOBEX/B1/30min,M4_HARQ,37163,2019-05-27,7.244653137107413e-07,0.0,inf,inf,nonfinite_qlike
NQ/GLOBEX/B1/30min,M4_HARQ,37164,2019-05-27,5.489525304921023e-07,0.0,inf,inf,nonfinite_qlike
NQ/GLOBEX/B1/30min,M4_HARQ,37165,2019-05-27,5.458203371127688e-07,0.0,inf,inf,nonfinite_qlike
NQ/GLOBEX/B1/30min,M4_HARQ,37166,2019-05-27,5.403954335624588e-07,0.0,inf,inf,nonfinite_qlike
NQ/GLOBEX/B1/30min,M4_HARQ,37167,2019-05-27,5.356275886602137e-07,0.0,inf,inf,nonfinite_qlike
NQ/GLOBEX/B1/30min,M4_HARQ,37168,2019-05-27,5.312174160173756e-07,0.0,inf,inf,nonfinite_qlike
NQ/GLOBEX/B1/30min,M4_HARQ,37169,2019-05-27,5.273654321070052e-07,0.0,inf,inf,nonfinite_qlike
NQ/GLOBEX/B1/30min,M4_HARQ,38243,2019-07-04,4.538167923351519e-07,0.0,inf,inf,nonfinite_qlike
NQ/GLOBEX/B1/30min,M4_HARQ,38244,2019-07-04,3.0228007898191203e-07,0.0,inf,inf,nonfinite_qlike
NQ/GLOBEX/B1/30min,M4_HARQ,38245,2019-07-04,2.9897692013139857e-07,0.0,inf,inf,nonfinite_qlike
NQ/GLOBEX/B1/30min,M4_HARQ,38246,2019-07-04,2.9663273334685003e-07,0.0,inf,inf,nonfinite_qlike
NQ/GLOBEX/B1/30min,M4_HARQ,38247,2019-07-04,2.948761816747763e-07,0.0,inf,inf,nonfinite_qlike
NQ/GLOBEX/B1/30min,M4_HARQ,38248,2019-07-04,2.933731629867777e-07,0.0,inf,inf,nonfinite_qlike
NQ/GLOBEX/B1/30min,M4_HARQ,38249,2019-07-04,2.9155546937741366e-07,0.0,inf,inf,nonfinite_qlike
NQ/GLOBEX/B1/30min,M4_HARQ,40133,2019-09-02,2.1075228778822916e-06,0.0,inf,inf,nonfinite_qlike
NQ/GLOBEX/B1/30min,M4_HARQ,40134,2019-09-02,8.065412399400308e-07,0.0,inf,inf,nonfinite_qlike
NQ/GLOBEX/B1/30min,M4_HARQ,40135,2019-09-02,8.055483442445419e-07,0.0,inf,inf,nonfinite_qlike
NQ/GLOBEX/B1/30min,M4_HARQ,40136,2019-09-02,8.032242930523713e-07,0.0,inf,inf,nonfinite_qlike
NQ/GLOBEX/B1/30min,M4_HARQ,40137,2019-09-02,7.991031345153784e-07,0.0,inf,inf,nonfinite_qlike
NQ/GLOBEX/B1/30min,M4_HARQ,40138,2019-09-02,7.959452743113222e-07,0.0,inf,inf,nonfinite_qlike
NQ/GLOBEX/B1/30min,M4_HARQ,40139,2019-09-02,7.91967779667726e-07,0.0,inf,inf,nonfinite_qlike
NQ/GLOBEX/B1/30min,M4_HARQ,42833,2019-11-28,2.917072719955279e-07,0.0,inf,inf,nonfinite_qlike
NQ/GLOBEX/B1/30min,M4_HARQ,42834,2019-11-28,2.1316089134169877e-07,0.0,inf,inf,nonfinite_qlike
NQ/GLOBEX/B1/30min,M4_HARQ,42835,2019-11-28,2.1249665342498773e-07,0.0,inf,inf,nonfinite_qlike
NQ/GLOBEX/B1/30min,M4_HARQ,42836,2019-11-28,2.1081591546128277e-07,0.0,inf,inf,nonfinite_qlike
NQ/GLOBEX/B1/30min,M4_HARQ,42837,2019-11-28,2.1029332484411285e-07,0.0,inf,inf,nonfinite_qlike
NQ/GLOBEX/B1/30min,M4_HARQ,42838,2019-11-28,2.0966402843329916e-07,0.0,inf,inf,nonfinite_qlike
NQ/GLOBEX/B1/30min,M4_HARQ,42839,2019-11-28,2.0697078709007584e-07,0.0,inf,inf,nonfinite_qlike
NQ/GLOBEX/B1/30min,M4_HARQ,44183,2020-01-20,3.566489889912022e-07,0.0,inf,inf,nonfinite_qlike
NQ/GLOBEX/B1/30min,M4_HARQ,44184,2020-01-20,3.050369476990881e-07,0.0,inf,inf,nonfinite_qlike
NQ/GLOBEX/B1/30min,M4_HARQ,44185,2020-01-20,3.0483611132445914e-07,0.0,inf,inf,nonfinite_qlike
NQ/GLOBEX/B1/30min,M4_HARQ,44186,2020-01-20,3.043145495229847e-07,0.0,inf,inf,nonfinite_qlike
NQ/GLOBEX/B1/30min,M4_HARQ,44187,2020-01-20,3.0397560508383153e-07,0.0,inf,inf,nonfinite_qlike
NQ/GLOBEX/B1/30min,M4_HARQ,44188,2020-01-20,3.0355325361323866e-07,0.0,inf,inf,nonfinite_qlike
NQ/GLOBEX/B1/30min,M4_HARQ,44189,2020-01-20,3.02569213425584e-07,0.0,inf,inf,nonfinite_qlike
NQ/GLOBEX/B1/30min,M4_HARQ,45083,2020-02-17,5.409054233045709e-07,0.0,inf,inf,nonfinite_qlike
NQ/GLOBEX/B1/30min,M4_HARQ,45084,2020-02-17,3.706555235943186e-07,0.0,inf,inf,nonfinite_qlike
NQ/GLOBEX/B1/30min,M4_HARQ,45085,2020-02-17,3.6980534753007265e-07,0.0,inf,inf,nonfinite_qlike
NQ/GLOBEX/B1/30min,M4_HARQ,45086,2020-02-17,3.693189499802322e-07,0.0,inf,inf,nonfinite_qlike
NQ/GLOBEX/B1/30min,M4_HARQ,45087,2020-02-17,3.6848396250533096e-07,0.0,inf,inf,nonfinite_qlike
NQ/GLOBEX/B1/30min,M4_HARQ,45088,2020-02-17,3.675388797695948e-07,0.0,inf,inf,nonfinite_qlike
NQ/GLOBEX/B1/30min,M4_HARQ,45089,2020-02-17,3.652744174869243e-07,0.0,inf,inf,nonfinite_qlike
NQ/GLOBEX/B1/30min,M4_HARQ,45572,2020-03-03,1e-300,0.00019858539417327847,1.985853941732785e+296,0.41060085072532104,below_1e-12
NQ/GLOBEX/B1/30min,M4_HARQ,45728,2020-03-09,1.3036030534209926e-05,0.0,inf,inf,nonfinite_qlike
NQ/GLOBEX/B1/30min,M4_HARQ,45729,2020-03-09,8.57909922505236e-06,0.0,inf,inf,nonfinite_qlike
NQ/GLOBEX/B1/30min,M4_HARQ,45732,2020-03-09,8.856430114781358e-06,0.0,inf,inf,nonfinite_qlike
NQ/GLOBEX/B1/30min,M4_HARQ,45733,2020-03-09,8.508760159210967e-06,0.0,inf,inf,nonfinite_qlike
NQ/GLOBEX/B1/30min,M4_HARQ,45734,2020-03-09,8.499011365029173e-06,0.0,inf,inf,nonfinite_qlike
NQ/GLOBEX/B1/30min,M4_HARQ,45737,2020-03-09,8.443672205831307e-06,0.0,inf,inf,nonfinite_qlike
NQ/GLOBEX/B1/30min,M4_HARQ,45738,2020-03-09,8.410547508212383e-06,0.0,inf,inf,nonfinite_qlike
NQ/GLOBEX/B1/30min,M4_HARQ,45739,2020-03-09,8.38302263989603e-06,0.0,inf,inf,nonfinite_qlike
NQ/GLOBEX/B1/30min,M4_HARQ,45740,2020-03-09,8.348067014810795e-06,0.0,inf,inf,nonfinite_qlike
NQ/GLOBEX/B1/30min,M4_HARQ,45741,2020-03-09,8.303787016258365e-06,0.0,inf,inf,nonfinite_qlike
NQ/GLOBEX/B1/30min,M4_HARQ,45744,2020-03-09,8.479935623256147e-06,0.0,inf,inf,nonfinite_qlike
NQ/GLOBEX/B1/30min,M4_HARQ,45745,2020-03-09,8.150615622685453e-06,0.0,inf,inf,nonfinite_qlike
NQ/GLOBEX/B1/30min,M4_HARQ,45746,2020-03-09,8.090250982442891e-06,0.0,inf,inf,nonfinite_qlike
NQ/GLOBEX/B1/30min,M4_HARQ,45747,2020-03-09,8.045993886718368e-06,0.0,inf,inf,nonfinite_qlike
NQ/GLOBEX/B1/30min,M4_HARQ,45748,2020-03-09,7.998499680639561e-06,0.0,inf,inf,nonfinite_qlike
NQ/GLOBEX/B1/30min,M4_HARQ,45749,2020-03-09,7.95849127814891e-06,0.0,inf,inf,nonfinite_qlike
NQ/GLOBEX/B1/30min,M4_HARQ,45750,2020-03-09,7.874202725423265e-06,0.0,inf,inf,nonfinite_qlike
NQ/GLOBEX/B1/30min,M4_HARQ,45884,2020-03-12,1.210758463082016e-05,0.0,inf,inf,nonfinite_qlike
NQ/GLOBEX/B1/30min,M4_HARQ,45885,2020-03-12,1.2094944470266975e-05,0.0,inf,inf,nonfinite_qlike
NQ/GLOBEX/B1/30min,M4_HARQ,45915,2020-03-18,3.9710488086699364e-05,0.0,inf,inf,nonfinite_qlike
NQ/GLOBEX/B1/30min,M4_HARQ,45916,2020-03-18,1.8612517192776345e-05,0.0,inf,inf,nonfinite_qlike
NQ/GLOBEX/B1/30min,M4_HARQ,45917,2020-03-18,1.859714209410082e-05,0.0,inf,inf,nonfinite_qlike
NQ/GLOBEX/B1/30min,M4_HARQ,45918,2020-03-18,1.8586250645863674e-05,0.0,inf,inf,nonfinite_qlike
NQ/GLOBEX/B1/30min,M4_HARQ,45919,2020-03-18,1.8560387184894225e-05,0.0,inf,inf,nonfinite_qlike
NQ/GLOBEX/B1/30min,M4_HARQ,45920,2020-03-18,1.8522479029216267e-05,0.0,inf,inf,nonfinite_qlike
NQ/GLOBEX/B1/30min,M4_HARQ,45921,2020-03-18,1.8495248894835147e-05,0.0,inf,inf,nonfinite_qlike
NQ/GLOBEX/B1/30min,M4_HARQ,45922,2020-03-18,1.8462865993291366e-05,0.0,inf,inf,nonfinite_qlike
NQ/GLOBEX/B1/30min,M4_HARQ,45923,2020-03-18,1.8430758410754728e-05,0.0,inf,inf,nonfinite_qlike
NQ/GLOBEX/B1/30min,M4_HARQ,45924,2020-03-18,1.837132056430587e-05,0.0,inf,inf,nonfinite_qlike
NQ/GLOBEX/B1/30min,M4_HARQ,45925,2020-03-18,1.8336265470064373e-05,0.0,inf,inf,nonfinite_qlike
NQ/GLOBEX/B1/30min,M4_HARQ,45926,2020-03-18,1.831019901643656e-05,0.0,inf,inf,nonfinite_qlike
NQ/GLOBEX/B1/30min,M4_HARQ,45927,2020-03-18,1.828916785057109e-05,0.0,inf,inf,nonfinite_qlike
NQ/GLOBEX/B1/30min,M4_HARQ,45928,2020-03-18,1.8244354756434685e-05,0.0,inf,inf,nonfinite_qlike
NQ/GLOBEX/B1/30min,M4_HARQ,45929,2020-03-18,1.8203878898310835e-05,0.0,inf,inf,nonfinite_qlike
NQ/GLOBEX/B1/30min,M4_HARQ,45930,2020-03-18,1.8115232658567452e-05,0.0,inf,inf,nonfinite_qlike
NQ/GLOBEX/B1/30min,M4_HARQ,46036,2020-03-23,0.00011093363896350545,0.0,inf,inf,nonfinite_qlike
NQ/GLOBEX/B1/30min,M4_HARQ,46037,2020-03-23,3.289067711299919e-05,0.0,inf,inf,nonfinite_qlike
NQ/GLOBEX/B1/30min,M4_HARQ,46104,2020-03-24,5.4391513610749906e-05,0.0,inf,inf,nonfinite_qlike
NQ/GLOBEX/B1/30min,M4_HARQ,46105,2020-03-24,4.62153629799975e-05,0.0,inf,inf,nonfinite_qlike
NQ/GLOBEX/B1/30min,M4_HARQ,48053,2020-05-25,1.3397074468353504e-06,0.0,inf,inf,nonfinite_qlike
NQ/GLOBEX/B1/30min,M4_HARQ,48054,2020-05-25,9.133546072086109e-07,0.0,inf,inf,nonfinite_qlike
NQ/GLOBEX/B1/30min,M4_HARQ,48055,2020-05-25,9.100875316476562e-07,0.0,inf,inf,nonfinite_qlike
NQ/GLOBEX/B1/30min,M4_HARQ,48056,2020-05-25,9.07556527358672e-07,0.0,inf,inf,nonfinite_qlike
NQ/GLOBEX/B1/30min,M4_HARQ,48057,2020-05-25,9.015605260567012e-07,0.0,inf,inf,nonfinite_qlike
NQ/GLOBEX/B1/30min,M4_HARQ,48058,2020-05-25,8.94948024702457e-07,0.0,inf,inf,nonfinite_qlike
NQ/GLOBEX/B1/30min,M4_HARQ,48059,2020-05-25,8.771675487632496e-07,0.0,inf,inf,nonfinite_qlike
NQ/GLOBEX/B1/30min,M4_HARQ,49095,2020-07-01,2.842650338978496e-06,0.0,inf,inf,nonfinite_qlike
NQ/GLOBEX/B1/30min,M4_HARQ,49096,2020-07-01,1.7517589668315563e-06,0.0,inf,inf,nonfinite_qlike
NQ/GLOBEX/B1/30min,M4_HARQ,49097,2020-07-01,1.747786759983731e-06,0.0,inf,inf,nonfinite_qlike
NQ/GLOBEX/B1/30min,M4_HARQ,49098,2020-07-01,1.7417869326833703e-06,0.0,inf,inf,nonfinite_qlike
NQ/GLOBEX/B1/30min,M4_HARQ,51248,2020-09-07,6.655568028166829e-06,0.0,inf,inf,nonfinite_qlike
NQ/GLOBEX/B1/30min,M4_HARQ,51249,2020-09-07,4.0945585246548814e-06,0.0,inf,inf,nonfinite_qlike
NQ/GLOBEX/B1/30min,M4_HARQ,51250,2020-09-07,4.091200004370646e-06,0.0,inf,inf,nonfinite_qlike
NQ/GLOBEX/B1/30min,M4_HARQ,51251,2020-09-07,4.088547789148441e-06,0.0,inf,inf,nonfinite_qlike
NQ/GLOBEX/B1/30min,M4_HARQ,51252,2020-09-07,4.085500001504827e-06,0.0,inf,inf,nonfinite_qlike
NQ/GLOBEX/B1/30min,M4_HARQ,51253,2020-09-07,4.076449570927497e-06,0.0,inf,inf,nonfinite_qlike
NQ/GLOBEX/B1/30min,M4_HARQ,51254,2020-09-07,4.059214916794539e-06,0.0,inf,inf,nonfinite_qlike
NQ/GLOBEX/B1/30min,M4_HARQ,53723,2020-11-26,1.8413676409438378e-06,0.0,inf,inf,nonfinite_qlike
NQ/GLOBEX/B1/30min,M4_HARQ,53724,2020-11-26,1.7182425010179925e-07,0.0,inf,inf,nonfinite_qlike
NQ/GLOBEX/B1/30min,M4_HARQ,53725,2020-11-26,1.6895759135922847e-07,0.0,inf,inf,nonfinite_qlike
NQ/GLOBEX/B1/30min,M4_HARQ,53726,2020-11-26,1.675174547566687e-07,0.0,inf,inf,nonfinite_qlike
NQ/GLOBEX/B1/30min,M4_HARQ,53727,2020-11-26,1.651143642456145e-07,0.0,inf,inf,nonfinite_qlike
NQ/GLOBEX/B1/30min,M4_HARQ,53728,2020-11-26,1.6186036729058916e-07,0.0,inf,inf,nonfinite_qlike
NQ/GLOBEX/B1/30min,M4_HARQ,53729,2020-11-26,1.5572115161691592e-07,0.0,inf,inf,nonfinite_qlike
NQ/GLOBEX/B1/30min,M4_HARQ,55073,2021-01-18,1.0183299423898199e-06,0.0,inf,inf,nonfinite_qlike
NQ/GLOBEX/B1/30min,M4_HARQ,55074,2021-01-18,6.762884622631763e-07,0.0,inf,inf,nonfinite_qlike
NQ/GLOBEX/B1/30min,M4_HARQ,55075,2021-01-18,6.720316540307734e-07,0.0,inf,inf,nonfinite_qlike
NQ/GLOBEX/B1/30min,M4_HARQ,55076,2021-01-18,6.674143533029685e-07,0.0,inf,inf,nonfinite_qlike
NQ/GLOBEX/B1/30min,M4_HARQ,55077,2021-01-18,6.610528848839952e-07,0.0,inf,inf,nonfinite_qlike
NQ/GLOBEX/B1/30min,M4_HARQ,55078,2021-01-18,6.519177209399789e-07,0.0,inf,inf,nonfinite_qlike
NQ/GLOBEX/B1/30min,M4_HARQ,55079,2021-01-18,6.400627382545215e-07,0.0,inf,inf,nonfinite_qlike
NQ/GLOBEX/B1/30min,M4_HARQ,55973,2021-02-15,6.825277107555187e-07,0.0,inf,inf,nonfinite_qlike
NQ/GLOBEX/B1/30min,M4_HARQ,55974,2021-02-15,3.371929580837727e-07,0.0,inf,inf,nonfinite_qlike
NQ/GLOBEX/B1/30min,M4_HARQ,55975,2021-02-15,3.348267434127149e-07,0.0,inf,inf,nonfinite_qlike
NQ/GLOBEX/B1/30min,M4_HARQ,55976,2021-02-15,3.331788947117074e-07,0.0,inf,inf,nonfinite_qlike
NQ/GLOBEX/B1/30min,M4_HARQ,55977,2021-02-15,3.3111278268658234e-07,0.0,inf,inf,nonfinite_qlike
NQ/GLOBEX/B1/30min,M4_HARQ,55978,2021-02-15,3.30356970607815e-07,0.0,inf,inf,nonfinite_qlike
NQ/GLOBEX/B1/30min,M4_HARQ,55979,2021-02-15,3.281307778395376e-07,0.0,inf,inf,nonfinite_qlike
NQ/GLOBEX/B1/30min,M4_HARQ,57361,2021-04-02,1.9958730447081114e-06,0.0,inf,inf,nonfinite_qlike
NQ/GLOBEX/B1/30min,M4_HARQ,57362,2021-04-02,6.801774694761125e-07,0.0,inf,inf,nonfinite_qlike
NQ/GLOBEX/B1/30min,M4_HARQ,57363,2021-04-02,6.581032038747994e-07,0.0,inf,inf,nonfinite_qlike
NQ/GLOBEX/B1/30min,M4_HARQ,57364,2021-04-02,6.538701704652579e-07,0.0,inf,inf,nonfinite_qlike
NQ/GLOBEX/B1/30min,M4_HARQ,57365,2021-04-02,6.378693628947662e-07,0.0,inf,inf,nonfinite_qlike
NQ/GLOBEX/B1/30min,M4_HARQ,57366,2021-04-02,6.301351334981528e-07,0.0,inf,inf,nonfinite_qlike
NQ/GLOBEX/B1/30min,M4_HARQ,57367,2021-04-02,6.18353729546581e-07,0.0,inf,inf,nonfinite_qlike
NQ/GLOBEX/B1/30min,M4_HARQ,57368,2021-04-02,6.116215636190856e-07,0.0,inf,inf,nonfinite_qlike
NQ/GLOBEX/B1/30min,M4_HARQ,57369,2021-04-02,6.078504145027327e-07,0.0,inf,inf,nonfinite_qlike
NQ/GLOBEX/B1/30min,M4_HARQ,57370,2021-04-02,6.013401811604862e-07,0.0,inf,inf,nonfinite_qlike
NQ/GLOBEX/B1/30min,M4_HARQ,57371,2021-04-02,5.838463269567565e-07,0.0,inf,inf,nonfinite_qlike
NQ/GLOBEX/B1/30min,M4_HARQ,57372,2021-04-02,5.474974091175992e-07,0.0,inf,inf,nonfinite_qlike
NQ/GLOBEX/B1/30min,M4_HARQ,57373,2021-04-02,5.389039974882576e-07,0.0,inf,inf,nonfinite_qlike
NQ/GLOBEX/B1/30min,M4_HARQ,57374,2021-04-02,5.271032685125089e-07,0.0,inf,inf,nonfinite_qlike
NQ/GLOBEX/B1/30min,M4_HARQ,59213,2021-05-31,3.731298924868808e-07,0.0,inf,inf,nonfinite_qlike
NQ/GLOBEX/B1/30min,M4_HARQ,59214,2021-05-31,2.358268226783356e-07,0.0,inf,inf,nonfinite_qlike
NQ/GLOBEX/B1/30min,M4_HARQ,59215,2021-05-31,2.3516574608157767e-07,0.0,inf,inf,nonfinite_qlike
NQ/GLOBEX/B1/30min,M4_HARQ,59216,2021-05-31,2.3466215037668217e-07,0.0,inf,inf,nonfinite_qlike
NQ/GLOBEX/B1/30min,M4_HARQ,59217,2021-05-31,2.3391332196439906e-07,0.0,inf,inf,nonfinite_qlike
NQ/GLOBEX/B1/30min,M4_HARQ,59218,2021-05-31,2.3268986728745966e-07,0.0,inf,inf,nonfinite_qlike
NQ/GLOBEX/B1/30min,M4_HARQ,59219,2021-05-31,2.3028399702677242e-07,0.0,inf,inf,nonfinite_qlike
NQ/GLOBEX/B1/30min,M4_HARQ,60203,2021-07-05,3.1546794273691676e-07,0.0,inf,inf,nonfinite_qlike
NQ/GLOBEX/B1/30min,M4_HARQ,60204,2021-07-05,2.2745712885874022e-07,0.0,inf,inf,nonfinite_qlike
NQ/GLOBEX/B1/30min,M4_HARQ,60205,2021-07-05,2.2655487721220053e-07,0.0,inf,inf,nonfinite_qlike
NQ/GLOBEX/B1/30min,M4_HARQ,60206,2021-07-05,2.2535423691231473e-07,0.0,inf,inf,nonfinite_qlike
NQ/GLOBEX/B1/30min,M4_HARQ,60207,2021-07-05,2.2354064463379532e-07,0.0,inf,inf,nonfinite_qlike
NQ/GLOBEX/B1/30min,M4_HARQ,60208,2021-07-05,2.1962291212967802e-07,0.0,inf,inf,nonfinite_qlike
NQ/GLOBEX/B1/30min,M4_HARQ,60209,2021-07-05,2.1653885913623566e-07,0.0,inf,inf,nonfinite_qlike
NQ/GLOBEX/B1/30min,M4_HARQ,62228,2021-09-06,3.4039071583977546e-07,0.0,inf,inf,nonfinite_qlike
NQ/GLOBEX/B1/30min,M4_HARQ,62229,2021-09-06,2.6304073940395725e-07,0.0,inf,inf,nonfinite_qlike
NQ/GLOBEX/B1/30min,M4_HARQ,62230,2021-09-06,2.622269685317731e-07,0.0,inf,inf,nonfinite_qlike
NQ/GLOBEX/B1/30min,M4_HARQ,62231,2021-09-06,2.615198902354916e-07,0.0,inf,inf,nonfinite_qlike
NQ/GLOBEX/B1/30min,M4_HARQ,62232,2021-09-06,2.6090511559086333e-07,0.0,inf,inf,nonfinite_qlike
NQ/GLOBEX/B1/30min,M4_HARQ,62233,2021-09-06,2.6043178850740904e-07,0.0,inf,inf,nonfinite_qlike
NQ/GLOBEX/B1/30min,M4_HARQ,62234,2021-09-06,2.5896170588217177e-07,0.0,inf,inf,nonfinite_qlike
NQ/GLOBEX/B1/30min,M4_HARQ,64703,2021-11-25,1.048592892193568e-06,0.0,inf,inf,nonfinite_qlike
NQ/GLOBEX/B1/30min,M4_HARQ,64704,2021-11-25,8.3112441008607e-07,0.0,inf,inf,nonfinite_qlike
NQ/GLOBEX/B1/30min,M4_HARQ,64705,2021-11-25,8.247961477175069e-07,0.0,inf,inf,nonfinite_qlike
NQ/GLOBEX/B1/30min,M4_HARQ,64706,2021-11-25,8.20237821211184e-07,0.0,inf,inf,nonfinite_qlike
NQ/GLOBEX/B1/30min,M4_HARQ,64707,2021-11-25,8.175339931539615e-07,0.0,inf,inf,nonfinite_qlike
NQ/GLOBEX/B1/30min,M4_HARQ,64708,2021-11-25,8.147637661207213e-07,0.0,inf,inf,nonfinite_qlike
NQ/GLOBEX/B1/30min,M4_HARQ,64709,2021-11-25,8.12379609595421e-07,0.0,inf,inf,nonfinite_qlike
NQ/GLOBEX/B1/30min,M4_HARQ,66143,2022-01-17,2.354017887119492e-06,0.0,inf,inf,nonfinite_qlike
NQ/GLOBEX/B1/30min,M4_HARQ,66144,2022-01-17,1.6062459085423654e-06,0.0,inf,inf,nonfinite_qlike
NQ/GLOBEX/B1/30min,M4_HARQ,66145,2022-01-17,1.5876229143849205e-06,0.0,inf,inf,nonfinite_qlike
NQ/GLOBEX/B1/30min,M4_HARQ,66146,2022-01-17,1.5756322682934372e-06,0.0,inf,inf,nonfinite_qlike
NQ/GLOBEX/B1/30min,M4_HARQ,66147,2022-01-17,1.5566881409126433e-06,0.0,inf,inf,nonfinite_qlike
NQ/GLOBEX/B1/30min,M4_HARQ,66148,2022-01-17,1.529541480177199e-06,0.0,inf,inf,nonfinite_qlike
NQ/GLOBEX/B1/30min,M4_HARQ,66149,2022-01-17,1.5014311498470236e-06,0.0,inf,inf,nonfinite_qlike
NQ/GLOBEX/B1/30min,M4_HARQ,67268,2022-02-21,5.695403478791575e-06,0.0,inf,inf,nonfinite_qlike
NQ/GLOBEX/B1/30min,M4_HARQ,67269,2022-02-21,1.6271778218905789e-06,0.0,inf,inf,nonfinite_qlike
NQ/GLOBEX/B1/30min,M4_HARQ,67270,2022-02-21,1.5862988793403508e-06,0.0,inf,inf,nonfinite_qlike
NQ/GLOBEX/B1/30min,M4_HARQ,67271,2022-02-21,1.5272636142815122e-06,0.0,inf,inf,nonfinite_qlike
NQ/GLOBEX/B1/30min,M4_HARQ,67272,2022-02-21,1.4795942276585668e-06,0.0,inf,inf,nonfinite_qlike
NQ/GLOBEX/B1/30min,M4_HARQ,67273,2022-02-21,1.4342631023449882e-06,0.0,inf,inf,nonfinite_qlike
NQ/GLOBEX/B1/30min,M4_HARQ,67274,2022-02-21,1.390141267669381e-06,0.0,inf,inf,nonfinite_qlike
NQ/GLOBEX/B1/30min,M4_HARQ,70238,2022-05-30,4.187493153573016e-06,0.0,inf,inf,nonfinite_qlike
NQ/GLOBEX/B1/30min,M4_HARQ,70239,2022-05-30,1.732080290574085e-06,0.0,inf,inf,nonfinite_qlike
NQ/GLOBEX/B1/30min,M4_HARQ,70240,2022-05-30,1.7141950740144762e-06,0.0,inf,inf,nonfinite_qlike
NQ/GLOBEX/B1/30min,M4_HARQ,70241,2022-05-30,1.69931335870282e-06,0.0,inf,inf,nonfinite_qlike
NQ/GLOBEX/B1/30min,M4_HARQ,70242,2022-05-30,1.6685677107006313e-06,0.0,inf,inf,nonfinite_qlike
NQ/GLOBEX/B1/30min,M4_HARQ,70243,2022-05-30,1.6437452227509662e-06,0.0,inf,inf,nonfinite_qlike
NQ/GLOBEX/B1/30min,M4_HARQ,70244,2022-05-30,1.6067702851663512e-06,0.0,inf,inf,nonfinite_qlike
NQ/GLOBEX/B1/30min,M4_HARQ,70778,2022-06-20,5.169430128598636e-06,0.0,inf,inf,nonfinite_qlike
NQ/GLOBEX/B1/30min,M4_HARQ,70779,2022-06-20,3.5618015633600625e-06,0.0,inf,inf,nonfinite_qlike
NQ/GLOBEX/B1/30min,M4_HARQ,70780,2022-06-20,3.55166493655048e-06,0.0,inf,inf,nonfinite_qlike
NQ/GLOBEX/B1/30min,M4_HARQ,70781,2022-06-20,3.53921204661111e-06,0.0,inf,inf,nonfinite_qlike
NQ/GLOBEX/B1/30min,M4_HARQ,70782,2022-06-20,3.5289286487129306e-06,0.0,inf,inf,nonfinite_qlike
NQ/GLOBEX/B1/30min,M4_HARQ,70783,2022-06-20,3.5232541162247867e-06,0.0,inf,inf,nonfinite_qlike
NQ/GLOBEX/B1/30min,M4_HARQ,70784,2022-06-20,3.509985222363389e-06,0.0,inf,inf,nonfinite_qlike
NQ/GLOBEX/B1/30min,M4_HARQ,71228,2022-07-04,3.3238273485257596e-06,0.0,inf,inf,nonfinite_qlike
NQ/GLOBEX/B1/30min,M4_HARQ,71229,2022-07-04,2.3754781162229494e-06,0.0,inf,inf,nonfinite_qlike
NQ/GLOBEX/B1/30min,M4_HARQ,71230,2022-07-04,2.3653555110656962e-06,0.0,inf,inf,nonfinite_qlike
NQ/GLOBEX/B1/30min,M4_HARQ,71231,2022-07-04,2.357395143574243e-06,0.0,inf,inf,nonfinite_qlike
NQ/GLOBEX/B1/30min,M4_HARQ,71232,2022-07-04,2.3467490257844433e-06,0.0,inf,inf,nonfinite_qlike
NQ/GLOBEX/B1/30min,M4_HARQ,71233,2022-07-04,2.3299543309663933e-06,0.0,inf,inf,nonfinite_qlike
NQ/GLOBEX/B1/30min,M4_HARQ,71234,2022-07-04,2.3103131151846205e-06,0.0,inf,inf,nonfinite_qlike
NQ/GLOBEX/B1/30min,M4_HARQ,71534,2022-07-13,1e-300,0.00010236789421469439,1.0236789421469438e+296,0.21165879105306845,below_1e-12
NQ/GLOBEX/B1/30min,M4_HARQ,73253,2022-09-05,3.3850650274858376e-06,0.0,inf,inf,nonfinite_qlike
NQ/GLOBEX/B1/30min,M4_HARQ,73254,2022-09-05,2.37323160652008e-06,0.0,inf,inf,nonfinite_qlike
NQ/GLOBEX/B1/30min,M4_HARQ,73255,2022-09-05,2.359328107337695e-06,0.0,inf,inf,nonfinite_qlike
NQ/GLOBEX/B1/30min,M4_HARQ,73256,2022-09-05,2.3499637226422393e-06,0.0,inf,inf,nonfinite_qlike
NQ/GLOBEX/B1/30min,M4_HARQ,73257,2022-09-05,2.333970363199951e-06,0.0,inf,inf,nonfinite_qlike
NQ/GLOBEX/B1/30min,M4_HARQ,73258,2022-09-05,2.313804420516684e-06,0.0,inf,inf,nonfinite_qlike
NQ/GLOBEX/B1/30min,M4_HARQ,73259,2022-09-05,2.2840268240997004e-06,0.0,inf,inf,nonfinite_qlike
NQ/GLOBEX/B1/30min,M4_HARQ,74369,2022-10-13,1e-300,5.095309279568028e-05,5.095309279568027e+295,0.10535207453745214,below_1e-12
NQ/GLOBEX/B1/30min,M4_HARQ,75728,2022-11-24,1.6014441754983009e-06,0.0,inf,inf,nonfinite_qlike
NQ/GLOBEX/B1/30min,M4_HARQ,75729,2022-11-24,1.0405811008744127e-06,0.0,inf,inf,nonfinite_qlike
NQ/GLOBEX/B1/30min,M4_HARQ,75730,2022-11-24,1.0304545029171762e-06,0.0,inf,inf,nonfinite_qlike
NQ/GLOBEX/B1/30min,M4_HARQ,75731,2022-11-24,1.0200710084570592e-06,0.0,inf,inf,nonfinite_qlike
NQ/GLOBEX/B1/30min,M4_HARQ,75732,2022-11-24,1.0052521597111974e-06,0.0,inf,inf,nonfinite_qlike
NQ/GLOBEX/B1/30min,M4_HARQ,75733,2022-11-24,9.92470858554897e-07,0.0,inf,inf,nonfinite_qlike
NQ/GLOBEX/B1/30min,M4_HARQ,75734,2022-11-24,9.778511787367862e-07,0.0,inf,inf,nonfinite_qlike
NQ/GLOBEX/B1/30min,M4_HARQ,77123,2023-01-16,3.123222065795971e-06,0.0,inf,inf,nonfinite_qlike
NQ/GLOBEX/B1/30min,M4_HARQ,77124,2023-01-16,2.076400091143654e-06,0.0,inf,inf,nonfinite_qlike
NQ/GLOBEX/B1/30min,M4_HARQ,77125,2023-01-16,2.0553296526834552e-06,0.0,inf,inf,nonfinite_qlike
NQ/GLOBEX/B1/30min,M4_HARQ,77126,2023-01-16,2.0426378921494814e-06,0.0,inf,inf,nonfinite_qlike
NQ/GLOBEX/B1/30min,M4_HARQ,77127,2023-01-16,2.027157105817197e-06,0.0,inf,inf,nonfinite_qlike
NQ/GLOBEX/B1/30min,M4_HARQ,77128,2023-01-16,2.0123750470808017e-06,0.0,inf,inf,nonfinite_qlike
NQ/GLOBEX/B1/30min,M4_HARQ,77129,2023-01-16,1.990295832989253e-06,0.0,inf,inf,nonfinite_qlike
NQ/GLOBEX/B1/30min,M4_HARQ,78248,2023-02-20,2.1757096650924206e-06,0.0,inf,inf,nonfinite_qlike
NQ/GLOBEX/B1/30min,M4_HARQ,78249,2023-02-20,1.9517767652804136e-06,0.0,inf,inf,nonfinite_qlike
NQ/GLOBEX/B1/30min,M4_HARQ,78250,2023-02-20,1.948908852738923e-06,0.0,inf,inf,nonfinite_qlike
NQ/GLOBEX/B1/30min,M4_HARQ,78251,2023-02-20,1.9435512963954376e-06,0.0,inf,inf,nonfinite_qlike
NQ/GLOBEX/B1/30min,M4_HARQ,78252,2023-02-20,1.934091147599919e-06,0.0,inf,inf,nonfinite_qlike
NQ/GLOBEX/B1/30min,M4_HARQ,78253,2023-02-20,1.9268802606015307e-06,0.0,inf,inf,nonfinite_qlike
NQ/GLOBEX/B1/30min,M4_HARQ,78254,2023-02-20,1.9172218801322644e-06,0.0,inf,inf,nonfinite_qlike
NQ/GLOBEX/B1/30min,M4_HARQ,79636,2023-04-07,8.774160505415381e-07,0.0,inf,inf,nonfinite_qlike
NQ/GLOBEX/B1/30min,M4_HARQ,79637,2023-04-07,7.074227049636701e-07,0.0,inf,inf,nonfinite_qlike
NQ/GLOBEX/B1/30min,M4_HARQ,79638,2023-04-07,6.974327715774797e-07,0.0,inf,inf,nonfinite_qlike
NQ/GLOBEX/B1/30min,M4_HARQ,79639,2023-04-07,6.910172158062247e-07,0.0,inf,inf,nonfinite_qlike
NQ/GLOBEX/B1/30min,M4_HARQ,79640,2023-04-07,6.870569204520497e-07,0.0,inf,inf,nonfinite_qlike
NQ/GLOBEX/B1/30min,M4_HARQ,79641,2023-04-07,6.840630620225566e-07,0.0,inf,inf,nonfinite_qlike
NQ/GLOBEX/B1/30min,M4_HARQ,79642,2023-04-07,6.818188489548338e-07,0.0,inf,inf,nonfinite_qlike
NQ/GLOBEX/B1/30min,M4_HARQ,79643,2023-04-07,6.793794463691236e-07,0.0,inf,inf,nonfinite_qlike
NQ/GLOBEX/B1/30min,M4_HARQ,79644,2023-04-07,6.769631885127276e-07,0.0,inf,inf,nonfinite_qlike
NQ/GLOBEX/B1/30min,M4_HARQ,79645,2023-04-07,6.745971026606054e-07,0.0,inf,inf,nonfinite_qlike
NQ/GLOBEX/B1/30min,M4_HARQ,79646,2023-04-07,6.715873061567698e-07,0.0,inf,inf,nonfinite_qlike
NQ/GLOBEX/B1/30min,M4_HARQ,79647,2023-04-07,6.685213314575774e-07,0.0,inf,inf,nonfinite_qlike
NQ/GLOBEX/B1/30min,M4_HARQ,79648,2023-04-07,6.635694625038451e-07,0.0,inf,inf,nonfinite_qlike
NQ/GLOBEX/B1/30min,M4_HARQ,79649,2023-04-07,6.511080872783158e-07,0.0,inf,inf,nonfinite_qlike
NQ/GLOBEX/B1/30min,M4_HARQ,81263,2023-05-29,1.4008505143465973e-06,0.0,inf,inf,nonfinite_qlike
NQ/GLOBEX/B1/30min,M4_HARQ,81264,2023-05-29,9.160150624039196e-07,0.0,inf,inf,nonfinite_qlike
NQ/GLOBEX/B1/30min,M4_HARQ,81265,2023-05-29,9.136314174564497e-07,0.0,inf,inf,nonfinite_qlike
NQ/GLOBEX/B1/30min,M4_HARQ,81266,2023-05-29,9.115229612401305e-07,0.0,inf,inf,nonfinite_qlike
NQ/GLOBEX/B1/30min,M4_HARQ,81267,2023-05-29,9.058497178021776e-07,0.0,inf,inf,nonfinite_qlike
NQ/GLOBEX/B1/30min,M4_HARQ,81268,2023-05-29,9.032076905453683e-07,0.0,inf,inf,nonfinite_qlike
NQ/GLOBEX/B1/30min,M4_HARQ,81269,2023-05-29,8.995050206870517e-07,0.0,inf,inf,nonfinite_qlike
NQ/GLOBEX/B1/30min,M4_HARQ,81803,2023-06-19,1.2292828203363072e-06,0.0,inf,inf,nonfinite_qlike
NQ/GLOBEX/B1/30min,M4_HARQ,81804,2023-06-19,1.0771298636400698e-06,0.0,inf,inf,nonfinite_qlike
NQ/GLOBEX/B1/30min,M4_HARQ,81805,2023-06-19,1.067380650229936e-06,0.0,inf,inf,nonfinite_qlike
NQ/GLOBEX/B1/30min,M4_HARQ,81806,2023-06-19,1.058695191877438e-06,0.0,inf,inf,nonfinite_qlike
NQ/GLOBEX/B1/30min,M4_HARQ,81807,2023-06-19,1.0499115389379999e-06,0.0,inf,inf,nonfinite_qlike
NQ/GLOBEX/B1/30min,M4_HARQ,81808,2023-06-19,1.0363864493856082e-06,0.0,inf,inf,nonfinite_qlike
NQ/GLOBEX/B1/30min,M4_HARQ,81809,2023-06-19,1.0205973901719416e-06,0.0,inf,inf,nonfinite_qlike
NQ/GLOBEX/B1/30min,M4_HARQ,82253,2023-07-04,9.669832570437962e-07,0.0,inf,inf,nonfinite_qlike
NQ/GLOBEX/B1/30min,M4_HARQ,82254,2023-07-04,8.74649540304444e-07,0.0,inf,inf,nonfinite_qlike
NQ/GLOBEX/B1/30min,M4_HARQ,82255,2023-07-04,8.608942438644046e-07,0.0,inf,inf,nonfinite_qlike
NQ/GLOBEX/B1/30min,M4_HARQ,82256,2023-07-04,8.536909259437395e-07,0.0,inf,inf,nonfinite_qlike
NQ/GLOBEX/B1/30min,M4_HARQ,82257,2023-07-04,8.453271955254281e-07,0.0,inf,inf,nonfinite_qlike
NQ/GLOBEX/B1/30min,M4_HARQ,82258,2023-07-04,8.38190186841641e-07,0.0,inf,inf,nonfinite_qlike
NQ/GLOBEX/B1/30min,M4_HARQ,82259,2023-07-04,8.285978392138458e-07,0.0,inf,inf,nonfinite_qlike
NQ/GLOBEX/B1/30min,M4_HARQ,84233,2023-09-04,1.1974471797525995e-06,0.0,inf,inf,nonfinite_qlike
NQ/GLOBEX/B1/30min,M4_HARQ,84234,2023-09-04,8.51373246778099e-07,0.0,inf,inf,nonfinite_qlike
NQ/GLOBEX/B1/30min,M4_HARQ,84235,2023-09-04,8.372734019805859e-07,0.0,inf,inf,nonfinite_qlike
NQ/GLOBEX/B1/30min,M4_HARQ,84236,2023-09-04,8.314273195985731e-07,0.0,inf,inf,nonfinite_qlike
NQ/GLOBEX/B1/30min,M4_HARQ,84237,2023-09-04,8.222130983197342e-07,0.0,inf,inf,nonfinite_qlike
NQ/GLOBEX/B1/30min,M4_HARQ,84238,2023-09-04,8.167181751613308e-07,0.0,inf,inf,nonfinite_qlike
NQ/GLOBEX/B1/30min,M4_HARQ,84239,2023-09-04,8.061204795041312e-07,0.0,inf,inf,nonfinite_qlike
NQ/GLOBEX/B1/30min,M4_HARQ,86708,2023-11-23,5.39508255143642e-07,0.0,inf,inf,nonfinite_qlike
NQ/GLOBEX/B1/30min,M4_HARQ,86709,2023-11-23,4.962689588977358e-07,0.0,inf,inf,nonfinite_qlike
NQ/GLOBEX/B1/30min,M4_HARQ,86710,2023-11-23,4.890541717741793e-07,0.0,inf,inf,nonfinite_qlike
NQ/GLOBEX/B1/30min,M4_HARQ,86711,2023-11-23,4.859202170698508e-07,0.0,inf,inf,nonfinite_qlike
NQ/GLOBEX/B1/30min,M4_HARQ,86712,2023-11-23,4.819658639370381e-07,0.0,inf,inf,nonfinite_qlike
NQ/GLOBEX/B1/30min,M4_HARQ,86713,2023-11-23,4.794540524310708e-07,0.0,inf,inf,nonfinite_qlike
NQ/GLOBEX/B1/30min,M4_HARQ,86714,2023-11-23,4.760461870969451e-07,0.0,inf,inf,nonfinite_qlike
ES/RTH/B0/1day,M4_HARQ,500,2018-02-06,1e-300,0.0007170024198330793,7.170024198330793e+296,0.6903533682708637,below_1e-12
ES/RTH/B0/1day,M4_HARQ,991,2020-03-04,1e-300,0.0003215996248400188,3.215996248400188e+296,0.3096466317291363,below_1e-12
ES/RTH/B0/1h,M4_HARQ,2756,2017-12-01,1e-300,5.5691304169158684e-05,5.569130416915868e+295,0.17445448868226246,below_1e-12
ES/RTH/B0/1h,M4_HARQ,3000,2018-02-06,1e-300,0.00026353982934779197,2.6353982934779195e+296,0.8255455113177376,below_1e-12
ES/RTH/B0/30min,M4_HARQ,5512,2017-12-01,1e-300,4.032152219224372e-05,4.032152219224372e+295,0.18711474056713942,below_1e-12
ES/RTH/B0/30min,M4_HARQ,6000,2018-02-06,1e-300,0.00017516936895844992,1.7516936895844992e+296,0.8128852594328605,below_1e-12
ES/RTH/B1/1day,M4_HARQ,500,2018-02-06,1e-300,0.0006815565425313252,6.815565425313252e+296,0.6795455837031924,below_1e-12
ES/RTH/B1/1day,M4_HARQ,991,2020-03-04,1e-300,0.0003214027274225373,3.2140272742253726e+296,0.3204544162968076,below_1e-12
ES/RTH/B1/1h,M4_HARQ,2756,2017-12-01,1e-300,5.5688867178105284e-05,5.568886717810528e+295,0.18993937845807338,below_1e-12
ES/RTH/B1/1h,M4_HARQ,3000,2018-02-06,1e-300,0.00023750398008814955,2.3750398008814954e+296,0.8100606215419266,below_1e-12
ES/RTH/B1/30min,M4_HARQ,6000,2018-02-06,1e-300,0.00014912852611814742,1.4912852611814742e+296,0.4260393245260669,below_1e-12
ES/RTH/B1/30min,M4_HARQ,11881,2020-03-03,1e-300,0.0002009061245189514,2.009061245189514e+296,0.5739606754739329,below_1e-12
NQ/RTH/B0/1day,M4_HARQ,991,2020-03-04,1e-300,0.0003407512349440367,3.407512349440367e+296,1.0,below_1e-12
NQ/RTH/B0/1h,M4_HARQ,3000,2018-02-06,1e-300,0.0004039442856083042,4.039442856083042e+296,0.7244151696168325,below_1e-12
NQ/RTH/B0/1h,M4_HARQ,3001,2018-02-06,1e-300,0.00015367005289590452,1.5367005289590451e+296,0.2755848303831675,below_1e-12
NQ/RTH/B0/30min,M4_HARQ,6000,2018-02-06,1e-300,0.00027548926846066024,2.7548926846066022e+296,0.6819981821151347,below_1e-12
NQ/RTH/B0/30min,M4_HARQ,6001,2018-02-06,1e-300,0.00012845501714764396,1.2845501714764395e+296,0.31800181788486526,below_1e-12
NQ/RTH/B1/1day,M3_HARJ,1296,2021-06-17,1e-300,5.638156017084839e-05,5.638156017084839e+295,1.0,below_1e-12
NQ/RTH/B1/1day,M4_HARQ,500,2018-02-06,1e-300,0.0008642354323455947,8.642354323455948e+296,0.717240427463764,below_1e-12
NQ/RTH/B1/1day,M4_HARQ,991,2020-03-04,1e-300,0.0003407097983654239,3.407097983654239e+296,0.282759572536236,below_1e-12
NQ/RTH/B1/1h,M4_HARQ,3000,2018-02-06,1e-300,0.00034168906495324336,3.416890649532434e+296,1.0,below_1e-12
NQ/RTH/B1/30min,M4_HARQ,6000,2018-02-06,1e-300,0.0002132585641447804,2.132585641447804e+296,1.0,below_1e-12
