root,geom,btag,horizon,model,window_index,session_date,window_in_session,window_start_min_from_1800NY,ny_clock,overnight,rv,forecast
ES,GLOBEX,B0,1h,M1_EWMA,679,2016-02-15,19,1140,13:00,False,0.0,4.650238143725185e-06
ES,GLOBEX,B0,1h,M1_EWMA,680,2016-02-15,20,1200,14:00,False,0.0,4.371223855101673e-06
ES,GLOBEX,B0,1h,M1_EWMA,681,2016-02-15,21,1260,15:00,False,0.0,4.1089504237955725e-06
ES,GLOBEX,B0,1h,M1_EWMA,2241,2016-05-30,19,1140,13:00,False,0.0,3.9858435460389127e-07
ES,GLOBEX,B0,1h,M1_EWMA,2242,2016-05-30,20,1200,14:00,False,0.0,3.746692933276578e-07
ES,GLOBEX,B0,1h,M1_EWMA,2243,2016-05-30,21,1260,15:00,False,0.0,3.521891357279983e-07
ES,GLOBEX,B0,1h,M1_EWMA,2725,2016-07-04,19,1140,13:00,False,0.0,1.180962469626071e-06
ES,GLOBEX,B0,1h,M1_EWMA,2726,2016-07-04,20,1200,14:00,False,0.0,1.1101047214485067e-06
ES,GLOBEX,B0,1h,M1_EWMA,2727,2016-07-04,21,1260,15:00,False,0.0,1.0434984381615962e-06
ES,GLOBEX,B0,1h,M1_EWMA,4925,2016-11-24,19,1140,13:00,False,0.0,4.0260929875582907e-07
ES,GLOBEX,B0,1h,M1_EWMA,4926,2016-11-24,20,1200,14:00,False,0.0,3.784527408304793e-07
ES,GLOBEX,B0,1h,M1_EWMA,4927,2016-11-24,21,1260,15:00,False,0.0,3.5574557638065056e-07
ES,GLOBEX,B0,1h,M1_EWMA,5607,2017-01-16,19,1140,13:00,False,0.0,3.7157524613573894e-07
ES,GLOBEX,B0,1h,M1_EWMA,5608,2017-01-16,20,1200,14:00,False,0.0,3.492807313675946e-07
ES,GLOBEX,B0,1h,M1_EWMA,5609,2017-01-16,21,1260,15:00,False,0.0,3.283238874855389e-07
ES,GLOBEX,B0,1h,M1_EWMA,6157,2017-02-20,19,1140,13:00,False,0.0,3.4990776576029014e-07
ES,GLOBEX,B0,1h,M1_EWMA,6158,2017-02-20,20,1200,14:00,False,0.0,3.289132998146727e-07
ES,GLOBEX,B0,1h,M1_EWMA,6159,2017-02-20,21,1260,15:00,False,0.0,3.091785018257923e-07
ES,GLOBEX,B0,1h,M1_EWMA,7609,2017-05-29,19,1140,13:00,False,0.0,2.6706945111579516e-07
ES,GLOBEX,B0,1h,M1_EWMA,7610,2017-05-29,20,1200,14:00,False,0.0,2.5104528404884744e-07
ES,GLOBEX,B0,1h,M1_EWMA,7611,2017-05-29,21,1260,15:00,False,0.0,2.3598256700591657e-07
ES,GLOBEX,B0,1h,M1_EWMA,8093,2017-07-04,19,1140,13:00,False,0.0,1.322442216206678e-06
ES,GLOBEX,B0,1h,M1_EWMA,8094,2017-07-04,20,1200,14:00,False,0.0,1.2430956832342774e-06
ES,GLOBEX,B0,1h,M1_EWMA,8095,2017-07-04,21,1260,15:00,False,0.0,1.1685099422402206e-06
ES,GLOBEX,B0,1h,M1_EWMA,9061,2017-09-04,19,1140,13:00,False,0.0,3.674557498195933e-07
ES,GLOBEX,B0,1h,M1_EWMA,9062,2017-09-04,20,1200,14:00,False,0.0,3.4540840483041766e-07
ES,GLOBEX,B0,1h,M1_EWMA,9063,2017-09-04,21,1260,15:00,False,0.0,3.2468390054059255e-07
ES,GLOBEX,B0,1h,M1_EWMA,10271,2017-11-23,19,1140,13:00,False,0.0,2.387917711308286e-07
ES,GLOBEX,B0,1h,M1_EWMA,10272,2017-11-23,20,1200,14:00,False,0.0,2.2446426486297884e-07
ES,GLOBEX,B0,1h,M1_EWMA,10273,2017-11-23,21,1260,15:00,False,0.0,2.109964089712001e-07
ES,GLOBEX,B0,1h,M1_EWMA,10953,2018-01-15,19,1140,13:00,False,0.0,4.879985861131781e-07
ES,GLOBEX,B0,1h,M1_EWMA,10954,2018-01-15,20,1200,14:00,False,0.0,4.587186709463874e-07
ES,GLOBEX,B0,1h,M1_EWMA,10955,2018-01-15,21,1260,15:00,False,0.0,4.311955506896041e-07
ES,GLOBEX,B0,1h,M1_EWMA,11503,2018-02-19,19,1140,13:00,False,0.0,3.725088522311137e-06
ES,GLOBEX,B0,1h,M1_EWMA,11504,2018-02-19,20,1200,14:00,False,0.0,3.5015832109724687e-06
ES,GLOBEX,B0,1h,M1_EWMA,11505,2018-02-19,21,1260,15:00,False,0.0,3.2914882183141205e-06
ES,GLOBEX,B0,1h,M1_EWMA,12955,2018-05-28,19,1140,13:00,False,0.0,1.187276558055529e-06
ES,GLOBEX,B0,1h,M1_EWMA,12956,2018-05-28,20,1200,14:00,False,0.0,1.1160399645721973e-06
ES,GLOBEX,B0,1h,M1_EWMA,12957,2018-05-28,21,1260,15:00,False,0.0,1.0490775666978653e-06
ES,GLOBEX,B0,1h,M1_EWMA,13461,2018-07-04,19,1140,13:00,False,0.0,1.3893331900282162e-06
ES,GLOBEX,B0,1h,M1_EWMA,13462,2018-07-04,20,1200,14:00,False,0.0,1.3059731986265232e-06
ES,GLOBEX,B0,1h,M1_EWMA,13463,2018-07-04,21,1260,15:00,False,0.0,1.2276148067089317e-06
ES,GLOBEX,B0,1h,M1_EWMA,14407,2018-09-03,19,1140,13:00,False,0.0,6.863518708529695e-07
ES,GLOBEX,B0,1h,M1_EWMA,14408,2018-09-03,20,1200,14:00,False,0.0,6.451707586017913e-07
ES,GLOBEX,B0,1h,M1_EWMA,14409,2018-09-03,21,1260,15:00,False,0.0,6.064605130856838e-07
ES,GLOBEX,B0,1h,M1_EWMA,15617,2018-11-22,19,1140,13:00,False,0.0,3.823582421940903e-06
ES,GLOBEX,B0,1h,M1_EWMA,15618,2018-11-22,20,1200,14:00,False,0.0,3.5941674766244484e-06
ES,GLOBEX,B0,1h,M1_EWMA,15619,2018-11-22,21,1260,15:00,False,0.0,3.3785174280269814e-06
ES,GLOBEX,B0,1h,M1_EWMA,15790,2018-12-05,16,960,10:00,False,0.0,5.735724332490146e-06
ES,GLOBEX,B0,1h,M1_EWMA,15791,2018-12-05,17,1020,11:00,False,0.0,5.391580872540738e-06
ES,GLOBEX,B0,1h,M1_EWMA,15792,2018-12-05,18,1080,12:00,False,0.0,5.068086020188293e-06
ES,GLOBEX,B0,1h,M1_EWMA,15793,2018-12-05,19,1140,13:00,False,0.0,4.764000858976996e-06
ES,GLOBEX,B0,1h,M1_EWMA,15794,2018-12-05,20,1200,14:00,False,0.0,4.4781608074383755e-06
ES,GLOBEX,B0,1h,M1_EWMA,15795,2018-12-05,21,1260,15:00,False,0.0,4.209471158992073e-06
ES,GLOBEX,B0,1h,M1_EWMA,16387,2019-01-21,19,1140,13:00,False,0.0,1.5238744377670437e-06
ES,GLOBEX,B0,1h,M1_EWMA,16388,2019-01-21,20,1200,14:00,False,0.0,1.432441971501021e-06
ES,GLOBEX,B0,1h,M1_EWMA,16389,2019-01-21,21,1260,15:00,False,0.0,1.3464954532109596e-06
ES,GLOBEX,B0,1h,M1_EWMA,16827,2019-02-18,19,1140,13:00,False,0.0,1.1398759779180858e-06
ES,GLOBEX,B0,1h,M1_EWMA,16828,2019-02-18,20,1200,14:00,False,0.0,1.0714834192430005e-06
ES,GLOBEX,B0,1h,M1_EWMA,16829,2019-02-18,21,1260,15:00,False,0.0,1.0071944140884204e-06
ES,GLOBEX,B0,1h,M1_EWMA,16964,2019-02-27,2,120,20:00,True,0.0,1.6346925899443953e-06
ES,GLOBEX,B0,1h,M1_EWMA,16965,2019-02-27,3,180,21:00,True,0.0,1.5366110345477314e-06
ES,GLOBEX,B0,1h,M1_EWMA,18279,2019-05-27,19,1140,13:00,False,0.0,1.1642890911660792e-06
ES,GLOBEX,B0,1h,M1_EWMA,18280,2019-05-27,20,1200,14:00,False,0.0,1.0944317456961145e-06
ES,GLOBEX,B0,1h,M1_EWMA,18281,2019-05-27,21,1260,15:00,False,0.0,1.0287658409543475e-06
ES,GLOBEX,B0,1h,M1_EWMA,18807,2019-07-04,19,1140,13:00,False,0.0,5.664636801542506e-07
ES,GLOBEX,B0,1h,M1_EWMA,18808,2019-07-04,20,1200,14:00,False,0.0,5.324758593449955e-07
ES,GLOBEX,B0,1h,M1_EWMA,18809,2019-07-04,21,1260,15:00,False,0.0,5.005273077842958e-07
ES,GLOBEX,B0,1h,M1_EWMA,19731,2019-09-02,19,1140,13:00,False,0.0,3.96762270700922e-06
ES,GLOBEX,B0,1h,M1_EWMA,19732,2019-09-02,20,1200,14:00,False,0.0,3.7295653445886666e-06
ES,GLOBEX,B0,1h,M1_EWMA,19733,2019-09-02,21,1260,15:00,False,0.0,3.5057914239133466e-06
ES,GLOBEX,B0,1h,M1_EWMA,21051,2019-11-28,19,1140,13:00,False,0.0,3.9088742402758395e-07
ES,GLOBEX,B0,1h,M1_EWMA,21052,2019-11-28,20,1200,14:00,False,0.0,3.6743417858592886e-07
ES,GLOBEX,B0,1h,M1_EWMA,21053,2019-11-28,21,1260,15:00,False,0.0,3.453881278707731e-07
ES,GLOBEX,B0,1h,M1_EWMA,21711,2020-01-20,19,1140,13:00,False,0.0,3.4044898228548914e-07
ES,GLOBEX,B0,1h,M1_EWMA,21712,2020-01-20,20,1200,14:00,False,0.0,3.200220433483598e-07
ES,GLOBEX,B0,1h,M1_EWMA,21713,2020-01-20,21,1260,15:00,False,0.0,3.0082072074745817e-07
ES,GLOBEX,B0,1h,M1_EWMA,22151,2020-02-17,19,1140,13:00,False,0.0,4.94705836020879e-07
ES,GLOBEX,B0,1h,M1_EWMA,22152,2020-02-17,20,1200,14:00,False,0.0,4.6502348585962627e-07
ES,GLOBEX,B0,1h,M1_EWMA,22153,2020-02-17,21,1260,15:00,False,0.0,4.3712207670804866e-07
ES,GLOBEX,B0,1h,M1_EWMA,22466,2020-03-09,4,240,22:00,True,0.0,5.8364749496679515e-05
ES,GLOBEX,B0,1h,M1_EWMA,22468,2020-03-09,6,360,00:00,True,0.0,5.157109265526601e-05
ES,GLOBEX,B0,1h,M1_EWMA,22469,2020-03-09,7,420,01:00,True,0.0,4.8476827095950046e-05
ES,GLOBEX,B0,1h,M1_EWMA,22470,2020-03-09,8,480,02:00,True,0.0,4.556821747019304e-05
ES,GLOBEX,B0,1h,M1_EWMA,22471,2020-03-09,9,540,03:00,True,0.0,4.2834124421981456e-05
ES,GLOBEX,B0,1h,M1_EWMA,22472,2020-03-09,10,600,04:00,True,0.0,4.0264076956662566e-05
ES,GLOBEX,B0,1h,M1_EWMA,22474,2020-03-09,12,720,06:00,True,0.0,3.5577338398907036e-05
ES,GLOBEX,B0,1h,M1_EWMA,22475,2020-03-09,13,780,07:00,True,0.0,3.344269809497261e-05
ES,GLOBEX,B0,1h,M1_EWMA,22476,2020-03-09,14,840,08:00,True,0.0,3.1436136209274256e-05
ES,GLOBEX,B0,1h,M1_EWMA,22558,2020-03-18,8,480,02:00,True,0.0,0.00013487390667420374
ES,GLOBEX,B0,1h,M1_EWMA,22559,2020-03-18,9,540,03:00,True,0.0,0.0001267814722737515
ES,GLOBEX,B0,1h,M1_EWMA,22560,2020-03-18,10,600,04:00,True,0.0,0.00011917458393732641
ES,GLOBEX,B0,1h,M1_EWMA,22561,2020-03-18,11,660,05:00,True,0.0,0.00011202410890108682
ES,GLOBEX,B0,1h,M1_EWMA,22562,2020-03-18,12,720,06:00,True,0.0,0.00010530266236702161
ES,GLOBEX,B0,1h,M1_EWMA,22563,2020-03-18,13,780,07:00,True,0.0,9.898450262500031e-05
ES,GLOBEX,B0,1h,M1_EWMA,22564,2020-03-18,14,840,08:00,True,0.0,9.304543246750029e-05
ES,GLOBEX,B0,1h,M1_EWMA,22650,2020-03-24,12,720,06:00,True,0.0,0.00014856509369153925
ES,GLOBEX,B0,1h,M1_EWMA,23603,2020-05-25,19,1140,13:00,False,0.0,4.0643857551209645e-06
ES,GLOBEX,B0,1h,M1_EWMA,23604,2020-05-25,20,1200,14:00,False,0.0,3.820522609813707e-06
ES,GLOBEX,B0,1h,M1_EWMA,23605,2020-05-25,21,1260,15:00,False,0.0,3.591291253224884e-06
ES,GLOBEX,B0,1h,M1_EWMA,24112,2020-07-01,0,0,18:00,True,0.0,6.4686736433586945e-06
ES,GLOBEX,B0,1h,M1_EWMA,24113,2020-07-01,1,60,19:00,True,0.0,6.0805532247571725e-06
ES,GLOBEX,B0,1h,M1_EWMA,25165,2020-09-07,19,1140,13:00,False,0.0,1.1977190321328215e-05
ES,GLOBEX,B0,1h,M1_EWMA,25166,2020-09-07,20,1200,14:00,False,0.0,1.1258558902048523e-05
ES,GLOBEX,B0,1h,M1_EWMA,25167,2020-09-07,21,1260,15:00,False,0.0,1.0583045367925611e-05
ES,GLOBEX,B0,1h,M1_EWMA,26375,2020-11-26,19,1140,13:00,False,0.0,1.327293849570293e-06
ES,GLOBEX,B0,1h,M1_EWMA,26376,2020-11-26,20,1200,14:00,False,0.0,1.2476562185960754e-06
ES,GLOBEX,B0,1h,M1_EWMA,26377,2020-11-26,21,1260,15:00,False,0.0,1.1727968454803108e-06
ES,GLOBEX,B0,1h,M1_EWMA,27035,2021-01-18,19,1140,13:00,False,0.0,1.5481415871808774e-06
ES,GLOBEX,B0,1h,M1_EWMA,27036,2021-01-18,20,1200,14:00,False,0.0,1.4552530919500246e-06
ES,GLOBEX,B0,1h,M1_EWMA,27037,2021-01-18,21,1260,15:00,False,0.0,1.367937906433023e-06
ES,GLOBEX,B0,1h,M1_EWMA,27475,2021-02-15,19,1140,13:00,False,0.0,1.0093027640714448e-06
ES,GLOBEX,B0,1h,M1_EWMA,27476,2021-02-15,20,1200,14:00,False,0.0,9.48744598227158e-07
ES,GLOBEX,B0,1h,M1_EWMA,27477,2021-02-15,21,1260,15:00,False,0.0,8.918199223335285e-07
ES,GLOBEX,B0,1h,M1_EWMA,28154,2021-04-02,16,960,10:00,False,0.0,7.943376573193944e-07
ES,GLOBEX,B0,1h,M1_EWMA,28155,2021-04-02,17,1020,11:00,False,0.0,7.466773978802307e-07
ES,GLOBEX,B0,1h,M1_EWMA,28156,2021-04-02,18,1080,12:00,False,0.0,7.018767540074168e-07
ES,GLOBEX,B0,1h,M1_EWMA,28157,2021-04-02,19,1140,13:00,False,0.0,6.597641487669717e-07
ES,GLOBEX,B0,1h,M1_EWMA,28158,2021-04-02,20,1200,14:00,False,0.0,6.201782998409533e-07
ES,GLOBEX,B0,1h,M1_EWMA,28159,2021-04-02,21,1260,15:00,False,0.0,5.829676018504961e-07
ES,GLOBEX,B0,1h,M1_EWMA,29059,2021-05-31,19,1140,13:00,False,0.0,3.5420414390141583e-07
ES,GLOBEX,B0,1h,M1_EWMA,29060,2021-05-31,20,1200,14:00,False,0.0,3.3295189526733087e-07
ES,GLOBEX,B0,1h,M1_EWMA,29061,2021-05-31,21,1260,15:00,False,0.0,3.12974781551291e-07
ES,GLOBEX,B0,1h,M1_EWMA,29543,2021-07-05,19,1140,13:00,False,0.0,3.3407200476884486e-07
ES,GLOBEX,B0,1h,M1_EWMA,29544,2021-07-05,20,1200,14:00,False,0.0,3.1402768448271415e-07
ES,GLOBEX,B0,1h,M1_EWMA,29545,2021-07-05,21,1260,15:00,False,0.0,2.951860234137513e-07
ES,GLOBEX,B0,1h,M1_EWMA,30533,2021-09-06,19,1140,13:00,False,0.0,3.859938692765032e-07
ES,GLOBEX,B0,1h,M1_EWMA,30534,2021-09-06,20,1200,14:00,False,0.0,3.6283423711991296e-07
ES,GLOBEX,B0,1h,M1_EWMA,30535,2021-09-06,21,1260,15:00,False,0.0,3.410641828927182e-07
ES,GLOBEX,B0,1h,M1_EWMA,31743,2021-11-25,19,1140,13:00,False,0.0,1.020028286647838e-06
ES,GLOBEX,B0,1h,M1_EWMA,31744,2021-11-25,20,1200,14:00,False,0.0,9.588265894489677e-07
ES,GLOBEX,B0,1h,M1_EWMA,31745,2021-11-25,21,1260,15:00,False,0.0,9.012969940820296e-07
ES,GLOBEX,B0,1h,M1_EWMA,32447,2022-01-17,19,1140,13:00,False,0.0,3.5393758693340825e-06
ES,GLOBEX,B0,1h,M1_EWMA,32448,2022-01-17,20,1200,14:00,False,0.0,3.3270133171740373e-06
ES,GLOBEX,B0,1h,M1_EWMA,32449,2022-01-17,21,1260,15:00,False,0.0,3.127392518143595e-06
ES,GLOBEX,B0,1h,M1_EWMA,32997,2022-02-21,19,1140,13:00,False,0.0,8.41368889601137e-06
ES,GLOBEX,B0,1h,M1_EWMA,32998,2022-02-21,20,1200,14:00,False,0.0,7.908867562250687e-06
ES,GLOBEX,B0,1h,M1_EWMA,32999,2022-02-21,21,1260,15:00,False,0.0,7.4343355085156455e-06
ES,GLOBEX,B0,1h,M1_EWMA,34449,2022-05-30,19,1140,13:00,False,0.0,4.44567178466434e-06
ES,GLOBEX,B0,1h,M1_EWMA,34450,2022-05-30,20,1200,14:00,False,0.0,4.1789314775844795e-06
ES,GLOBEX,B0,1h,M1_EWMA,34451,2022-05-30,21,1260,15:00,False,0.0,3.928195588929411e-06
ES,GLOBEX,B0,1h,M1_EWMA,34713,2022-06-20,19,1140,13:00,False,0.0,8.166819820499394e-06
ES,GLOBEX,B0,1h,M1_EWMA,34714,2022-06-20,20,1200,14:00,False,0.0,7.67681063126943e-06
ES,GLOBEX,B0,1h,M1_EWMA,34715,2022-06-20,21,1260,15:00,False,0.0,7.216201993393264e-06
ES,GLOBEX,B0,1h,M1_EWMA,34933,2022-07-04,19,1140,13:00,False,0.0,6.433441999110882e-06
ES,GLOBEX,B0,1h,M1_EWMA,34934,2022-07-04,20,1200,14:00,False,0.0,6.047435479164229e-06
ES,GLOBEX,B0,1h,M1_EWMA,34935,2022-07-04,21,1260,15:00,False,0.0,5.684589350414375e-06
ES,GLOBEX,B0,1h,M1_EWMA,35923,2022-09-05,19,1140,13:00,False,0.0,8.121782795286828e-06
ES,GLOBEX,B0,1h,M1_EWMA,35924,2022-09-05,20,1200,14:00,False,0.0,7.634475827569619e-06
ES,GLOBEX,B0,1h,M1_EWMA,35925,2022-09-05,21,1260,15:00,False,0.0,7.1764072779154415e-06
ES,GLOBEX,B0,1h,M1_EWMA,37133,2022-11-24,19,1140,13:00,False,0.0,1.6337241479002147e-06
ES,GLOBEX,B0,1h,M1_EWMA,37134,2022-11-24,20,1200,14:00,False,0.0,1.5357006990262018e-06
ES,GLOBEX,B0,1h,M1_EWMA,37135,2022-11-24,21,1260,15:00,False,0.0,1.4435586570846295e-06
ES,GLOBEX,B0,1h,M1_EWMA,37815,2023-01-16,19,1140,13:00,False,0.0,2.8464492366870774e-06
ES,GLOBEX,B0,1h,M1_EWMA,37816,2023-01-16,20,1200,14:00,False,0.0,2.6756622824858524e-06
ES,GLOBEX,B0,1h,M1_EWMA,37817,2023-01-16,21,1260,15:00,False,0.0,2.515122545536701e-06
ES,GLOBEX,B0,1h,M1_EWMA,38365,2023-02-20,19,1140,13:00,False,0.0,2.1496487202059305e-06
ES,GLOBEX,B0,1h,M1_EWMA,38366,2023-02-20,20,1200,14:00,False,0.0,2.0206697969935744e-06
ES,GLOBEX,B0,1h,M1_EWMA,38367,2023-02-20,21,1260,15:00,False,0.0,1.89942960917396e-06
ES,GLOBEX,B0,1h,M1_EWMA,39044,2023-04-07,16,960,10:00,False,0.0,1.7497913447153847e-06
ES,GLOBEX,B0,1h,M1_EWMA,39045,2023-04-07,17,1020,11:00,False,0.0,1.6448038640324614e-06
ES,GLOBEX,B0,1h,M1_EWMA,39046,2023-04-07,18,1080,12:00,False,0.0,1.5461156321905137e-06
ES,GLOBEX,B0,1h,M1_EWMA,39047,2023-04-07,19,1140,13:00,False,0.0,1.4533486942590828e-06
ES,GLOBEX,B0,1h,M1_EWMA,39048,2023-04-07,20,1200,14:00,False,0.0,1.3661477726035377e-06
ES,GLOBEX,B0,1h,M1_EWMA,39049,2023-04-07,21,1260,15:00,False,0.0,1.2841789062473254e-06
ES,GLOBEX,B0,1h,M1_EWMA,39839,2023-05-29,19,1140,13:00,False,0.0,1.729031058154939e-06
ES,GLOBEX,B0,1h,M1_EWMA,39840,2023-05-29,20,1200,14:00,False,0.0,1.6252891946656424e-06
ES,GLOBEX,B0,1h,M1_EWMA,39841,2023-05-29,21,1260,15:00,False,0.0,1.5277718429857038e-06
ES,GLOBEX,B0,1h,M1_EWMA,40103,2023-06-19,19,1140,13:00,False,0.0,1.0637718203701355e-06
ES,GLOBEX,B0,1h,M1_EWMA,40104,2023-06-19,20,1200,14:00,False,0.0,9.999455111479273e-07
ES,GLOBEX,B0,1h,M1_EWMA,40105,2023-06-19,21,1260,15:00,False,0.0,9.399487804790516e-07
ES,GLOBEX,B0,1h,M1_EWMA,40323,2023-07-04,19,1140,13:00,False,0.0,6.314510410561844e-07
ES,GLOBEX,B0,1h,M1_EWMA,40324,2023-07-04,20,1200,14:00,False,0.0,5.935639785928133e-07
ES,GLOBEX,B0,1h,M1_EWMA,40325,2023-07-04,21,1260,15:00,False,0.0,5.579501398772445e-07
ES,GLOBEX,B0,1h,M1_EWMA,41291,2023-09-04,19,1140,13:00,False,0.0,1.0464484975472e-06
ES,GLOBEX,B0,1h,M1_EWMA,41292,2023-09-04,20,1200,14:00,False,0.0,9.836615876943679e-07
ES,GLOBEX,B0,1h,M1_EWMA,41293,2023-09-04,21,1260,15:00,False,0.0,9.246418924327058e-07
ES,GLOBEX,B0,1h,M1_EWMA,42501,2023-11-23,19,1140,13:00,False,0.0,3.8878498122446144e-07
ES,GLOBEX,B0,1h,M1_EWMA,42502,2023-11-23,20,1200,14:00,False,0.0,3.654578823509937e-07
ES,GLOBEX,B0,1h,M1_EWMA,42503,2023-11-23,21,1260,15:00,False,0.0,3.4353040940993404e-07
ES,GLOBEX,B0,1h,M2_HAR,679,2016-02-15,19,1140,13:00,False,0.0,7.220704983918602e-06
ES,GLOBEX,B0,1h,M2_HAR,680,2016-02-15,20,1200,14:00,False,0.0,6.516403354677068e-06
ES,GLOBEX,B0,1h,M2_HAR,681,2016-02-15,21,1260,15:00,False,0.0,6.582046336488241e-06
ES,GLOBEX,B0,1h,M2_HAR,2241,2016-05-30,19,1140,13:00,False,0.0,9.238867992792899e-07
ES,GLOBEX,B0,1h,M2_HAR,2242,2016-05-30,20,1200,14:00,False,0.0,6.022076944853037e-07
ES,GLOBEX,B0,1h,M2_HAR,2243,2016-05-30,21,1260,15:00,False,0.0,5.954853134551791e-07
ES,GLOBEX,B0,1h,M2_HAR,2725,2016-07-04,19,1140,13:00,False,0.0,1.690479231435484e-06
ES,GLOBEX,B0,1h,M2_HAR,2726,2016-07-04,20,1200,14:00,False,0.0,1.2653625561307735e-06
ES,GLOBEX,B0,1h,M2_HAR,2727,2016-07-04,21,1260,15:00,False,0.0,1.2420011565619025e-06
ES,GLOBEX,B0,1h,M2_HAR,4925,2016-11-24,19,1140,13:00,False,0.0,1.1988059965447299e-06
ES,GLOBEX,B0,1h,M2_HAR,4926,2016-11-24,20,1200,14:00,False,0.0,8.576957827984956e-07
ES,GLOBEX,B0,1h,M2_HAR,4927,2016-11-24,21,1260,15:00,False,0.0,8.546199456115888e-07
ES,GLOBEX,B0,1h,M2_HAR,5607,2017-01-16,19,1140,13:00,False,0.0,9.808160403384468e-07
ES,GLOBEX,B0,1h,M2_HAR,5608,2017-01-16,20,1200,14:00,False,0.0,5.767223961360893e-07
ES,GLOBEX,B0,1h,M2_HAR,5609,2017-01-16,21,1260,15:00,False,0.0,5.73972082588494e-07
ES,GLOBEX,B0,1h,M2_HAR,6157,2017-02-20,19,1140,13:00,False,0.0,9.175693773842267e-07
ES,GLOBEX,B0,1h,M2_HAR,6158,2017-02-20,20,1200,14:00,False,0.0,4.83334434217058e-07
ES,GLOBEX,B0,1h,M2_HAR,6159,2017-02-20,21,1260,15:00,False,0.0,4.805393849715127e-07
ES,GLOBEX,B0,1h,M2_HAR,7609,2017-05-29,19,1140,13:00,False,0.0,6.432552068146109e-07
ES,GLOBEX,B0,1h,M2_HAR,7610,2017-05-29,20,1200,14:00,False,0.0,4.226939953389522e-07
ES,GLOBEX,B0,1h,M2_HAR,7611,2017-05-29,21,1260,15:00,False,0.0,4.207562882111386e-07
ES,GLOBEX,B0,1h,M2_HAR,8093,2017-07-04,19,1140,13:00,False,0.0,9.454483482943034e-07
ES,GLOBEX,B0,1h,M2_HAR,8094,2017-07-04,20,1200,14:00,False,0.0,5.441862711227268e-07
ES,GLOBEX,B0,1h,M2_HAR,8095,2017-07-04,21,1260,15:00,False,0.0,5.414137025024984e-07
ES,GLOBEX,B0,1h,M2_HAR,9061,2017-09-04,19,1140,13:00,False,0.0,7.693631667202753e-07
ES,GLOBEX,B0,1h,M2_HAR,9062,2017-09-04,20,1200,14:00,False,0.0,4.7670150530882777e-07
ES,GLOBEX,B0,1h,M2_HAR,9063,2017-09-04,21,1260,15:00,False,0.0,4.7486492858686544e-07
ES,GLOBEX,B0,1h,M2_HAR,10271,2017-11-23,19,1140,13:00,False,0.0,6.308557260397672e-07
ES,GLOBEX,B0,1h,M2_HAR,10272,2017-11-23,20,1200,14:00,False,0.0,3.5445521434158754e-07
ES,GLOBEX,B0,1h,M2_HAR,10273,2017-11-23,21,1260,15:00,False,0.0,3.529769539959571e-07
ES,GLOBEX,B0,1h,M2_HAR,10953,2018-01-15,19,1140,13:00,False,0.0,5.772326194992685e-07
ES,GLOBEX,B0,1h,M2_HAR,10954,2018-01-15,20,1200,14:00,False,0.0,3.825051515193473e-07
ES,GLOBEX,B0,1h,M2_HAR,10955,2018-01-15,21,1260,15:00,False,0.0,3.813114268500412e-07
ES,GLOBEX,B0,1h,M2_HAR,11503,2018-02-19,19,1140,13:00,False,0.0,4.790841066273481e-06
ES,GLOBEX,B0,1h,M2_HAR,11504,2018-02-19,20,1200,14:00,False,0.0,2.7399766009231383e-06
ES,GLOBEX,B0,1h,M2_HAR,11505,2018-02-19,21,1260,15:00,False,0.0,2.7042484307270075e-06
ES,GLOBEX,B0,1h,M2_HAR,12955,2018-05-28,19,1140,13:00,False,0.0,1.2282844637364823e-06
ES,GLOBEX,B0,1h,M2_HAR,12956,2018-05-28,20,1200,14:00,False,0.0,8.775519338287385e-07
ES,GLOBEX,B0,1h,M2_HAR,12957,2018-05-28,21,1260,15:00,False,0.0,8.684493900211828e-07
ES,GLOBEX,B0,1h,M2_HAR,13461,2018-07-04,19,1140,13:00,False,0.0,1.8654038062164762e-06
ES,GLOBEX,B0,1h,M2_HAR,13462,2018-07-04,20,1200,14:00,False,0.0,1.5049434390513146e-06
ES,GLOBEX,B0,1h,M2_HAR,13463,2018-07-04,21,1260,15:00,False,0.0,1.4998813548918924e-06
ES,GLOBEX,B0,1h,M2_HAR,14407,2018-09-03,19,1140,13:00,False,0.0,8.359166155002459e-07
ES,GLOBEX,B0,1h,M2_HAR,14408,2018-09-03,20,1200,14:00,False,0.0,5.738570589942644e-07
ES,GLOBEX,B0,1h,M2_HAR,14409,2018-09-03,21,1260,15:00,False,0.0,5.713687149707843e-07
ES,GLOBEX,B0,1h,M2_HAR,15617,2018-11-22,19,1140,13:00,False,0.0,3.696679049146543e-06
ES,GLOBEX,B0,1h,M2_HAR,15618,2018-11-22,20,1200,14:00,False,0.0,2.6964925820848345e-06
ES,GLOBEX,B0,1h,M2_HAR,15619,2018-11-22,21,1260,15:00,False,0.0,2.6406776953750917e-06
ES,GLOBEX,B0,1h,M2_HAR,15790,2018-12-05,16,960,10:00,False,0.0,2.4256885826676413e-06
ES,GLOBEX,B0,1h,M2_HAR,15791,2018-12-05,17,1020,11:00,False,0.0,1.8857937799818188e-06
ES,GLOBEX,B0,1h,M2_HAR,15792,2018-12-05,18,1080,12:00,False,0.0,1.833804621107128e-06
ES,GLOBEX,B0,1h,M2_HAR,15793,2018-12-05,19,1140,13:00,False,0.0,1.771576977505109e-06
ES,GLOBEX,B0,1h,M2_HAR,15794,2018-12-05,20,1200,14:00,False,0.0,1.747714659681748e-06
ES,GLOBEX,B0,1h,M2_HAR,15795,2018-12-05,21,1260,15:00,False,0.0,1.7201952177354137e-06
ES,GLOBEX,B0,1h,M2_HAR,16387,2019-01-21,19,1140,13:00,False,0.0,1.866884415879425e-06
ES,GLOBEX,B0,1h,M2_HAR,16388,2019-01-21,20,1200,14:00,False,0.0,1.3871215905075546e-06
ES,GLOBEX,B0,1h,M2_HAR,16389,2019-01-21,21,1260,15:00,False,0.0,1.3799807915996928e-06
ES,GLOBEX,B0,1h,M2_HAR,16827,2019-02-18,19,1140,13:00,False,0.0,1.4313555486969805e-06
ES,GLOBEX,B0,1h,M2_HAR,16828,2019-02-18,20,1200,14:00,False,0.0,9.7586396428328e-07
ES,GLOBEX,B0,1h,M2_HAR,16829,2019-02-18,21,1260,15:00,False,0.0,9.651121427812573e-07
ES,GLOBEX,B0,1h,M2_HAR,16964,2019-02-27,2,120,20:00,True,0.0,1.2285921324586783e-06
ES,GLOBEX,B0,1h,M2_HAR,16965,2019-02-27,3,180,21:00,True,0.0,8.877644772476165e-07
ES,GLOBEX,B0,1h,M2_HAR,18279,2019-05-27,19,1140,13:00,False,0.0,1.3432161290888799e-06
ES,GLOBEX,B0,1h,M2_HAR,18280,2019-05-27,20,1200,14:00,False,0.0,1.1137278668612905e-06
ES,GLOBEX,B0,1h,M2_HAR,18281,2019-05-27,21,1260,15:00,False,0.0,1.098695022493505e-06
ES,GLOBEX,B0,1h,M2_HAR,18807,2019-07-04,19,1140,13:00,False,0.0,9.290190156566178e-07
ES,GLOBEX,B0,1h,M2_HAR,18808,2019-07-04,20,1200,14:00,False,0.0,7.255772833595545e-07
ES,GLOBEX,B0,1h,M2_HAR,18809,2019-07-04,21,1260,15:00,False,0.0,7.162115261686437e-07
ES,GLOBEX,B0,1h,M2_HAR,19731,2019-09-02,19,1140,13:00,False,0.0,3.8108350131839686e-06
ES,GLOBEX,B0,1h,M2_HAR,19732,2019-09-02,20,1200,14:00,False,0.0,1.776492750931636e-06
ES,GLOBEX,B0,1h,M2_HAR,19733,2019-09-02,21,1260,15:00,False,0.0,1.7583608116108484e-06
ES,GLOBEX,B0,1h,M2_HAR,21051,2019-11-28,19,1140,13:00,False,0.0,7.512630417767167e-07
ES,GLOBEX,B0,1h,M2_HAR,21052,2019-11-28,20,1200,14:00,False,0.0,5.639569237497217e-07
ES,GLOBEX,B0,1h,M2_HAR,21053,2019-11-28,21,1260,15:00,False,0.0,5.602636260396088e-07
ES,GLOBEX,B0,1h,M2_HAR,21711,2020-01-20,19,1140,13:00,False,0.0,8.373276883368993e-07
ES,GLOBEX,B0,1h,M2_HAR,21712,2020-01-20,20,1200,14:00,False,0.0,6.763309011920851e-07
ES,GLOBEX,B0,1h,M2_HAR,21713,2020-01-20,21,1260,15:00,False,0.0,6.741134263758837e-07
ES,GLOBEX,B0,1h,M2_HAR,22151,2020-02-17,19,1140,13:00,False,0.0,1.0412226138360144e-06
ES,GLOBEX,B0,1h,M2_HAR,22152,2020-02-17,20,1200,14:00,False,0.0,7.956415103348534e-07
ES,GLOBEX,B0,1h,M2_HAR,22153,2020-02-17,21,1260,15:00,False,0.0,7.929829163223758e-07
ES,GLOBEX,B0,1h,M2_HAR,22466,2020-03-09,4,240,22:00,True,0.0,2.48292189627706e-05
ES,GLOBEX,B0,1h,M2_HAR,22468,2020-03-09,6,360,00:00,True,0.0,2.4931763204786122e-05
ES,GLOBEX,B0,1h,M2_HAR,22469,2020-03-09,7,420,01:00,True,0.0,1.7939604610050853e-05
ES,GLOBEX,B0,1h,M2_HAR,22470,2020-03-09,8,480,02:00,True,0.0,1.7894200906486565e-05
ES,GLOBEX,B0,1h,M2_HAR,22471,2020-03-09,9,540,03:00,True,0.0,1.7789557593839575e-05
ES,GLOBEX,B0,1h,M2_HAR,22472,2020-03-09,10,600,04:00,True,0.0,1.7651461843379615e-05
ES,GLOBEX,B0,1h,M2_HAR,22474,2020-03-09,12,720,06:00,True,0.0,1.8533563013410426e-05
ES,GLOBEX,B0,1h,M2_HAR,22475,2020-03-09,13,780,07:00,True,0.0,1.713016156841734e-05
ES,GLOBEX,B0,1h,M2_HAR,22476,2020-03-09,14,840,08:00,True,0.0,1.6932011778630724e-05
ES,GLOBEX,B0,1h,M2_HAR,22558,2020-03-18,8,480,02:00,True,0.0,7.478408137438581e-05
ES,GLOBEX,B0,1h,M2_HAR,22559,2020-03-18,9,540,03:00,True,0.0,7.09785317371767e-05
ES,GLOBEX,B0,1h,M2_HAR,22560,2020-03-18,10,600,04:00,True,0.0,7.075039453913487e-05
ES,GLOBEX,B0,1h,M2_HAR,22561,2020-03-18,11,660,05:00,True,0.0,7.055188740833297e-05
ES,GLOBEX,B0,1h,M2_HAR,22562,2020-03-18,12,720,06:00,True,0.0,7.027280686815399e-05
ES,GLOBEX,B0,1h,M2_HAR,22563,2020-03-18,13,780,07:00,True,0.0,7.005102399529567e-05
ES,GLOBEX,B0,1h,M2_HAR,22564,2020-03-18,14,840,08:00,True,0.0,6.98191868669392e-05
ES,GLOBEX,B0,1h,M2_HAR,22650,2020-03-24,12,720,06:00,True,0.0,0.000161907678607813
ES,GLOBEX,B0,1h,M2_HAR,23603,2020-05-25,19,1140,13:00,False,0.0,3.4650971361855627e-06
ES,GLOBEX,B0,1h,M2_HAR,23604,2020-05-25,20,1200,14:00,False,0.0,2.961034416121333e-06
ES,GLOBEX,B0,1h,M2_HAR,23605,2020-05-25,21,1260,15:00,False,0.0,2.935338098249847e-06
ES,GLOBEX,B0,1h,M2_HAR,24112,2020-07-01,0,0,18:00,True,0.0,1.5857784493680463e-05
ES,GLOBEX,B0,1h,M2_HAR,24113,2020-07-01,1,60,19:00,True,0.0,5.410324660697974e-06
ES,GLOBEX,B0,1h,M2_HAR,25165,2020-09-07,19,1140,13:00,False,0.0,7.296061568028553e-06
ES,GLOBEX,B0,1h,M2_HAR,25166,2020-09-07,20,1200,14:00,False,0.0,5.915324470615091e-06
ES,GLOBEX,B0,1h,M2_HAR,25167,2020-09-07,21,1260,15:00,False,0.0,5.905011246087441e-06
ES,GLOBEX,B0,1h,M2_HAR,26375,2020-11-26,19,1140,13:00,False,0.0,2.8140124935291546e-06
ES,GLOBEX,B0,1h,M2_HAR,26376,2020-11-26,20,1200,14:00,False,0.0,1.127458148175146e-06
ES,GLOBEX,B0,1h,M2_HAR,26377,2020-11-26,21,1260,15:00,False,0.0,1.108502617053698e-06
ES,GLOBEX,B0,1h,M2_HAR,27035,2021-01-18,19,1140,13:00,False,0.0,1.87829205019654e-06
ES,GLOBEX,B0,1h,M2_HAR,27036,2021-01-18,20,1200,14:00,False,0.0,1.6388447132493614e-06
ES,GLOBEX,B0,1h,M2_HAR,27037,2021-01-18,21,1260,15:00,False,0.0,1.6143182731376274e-06
ES,GLOBEX,B0,1h,M2_HAR,27475,2021-02-15,19,1140,13:00,False,0.0,1.0752682381265402e-06
ES,GLOBEX,B0,1h,M2_HAR,27476,2021-02-15,20,1200,14:00,False,0.0,9.672634799766265e-07
ES,GLOBEX,B0,1h,M2_HAR,27477,2021-02-15,21,1260,15:00,False,0.0,9.610069926046995e-07
ES,GLOBEX,B0,1h,M2_HAR,28154,2021-04-02,16,960,10:00,False,0.0,1.7913687929588703e-06
ES,GLOBEX,B0,1h,M2_HAR,28155,2021-04-02,17,1020,11:00,False,0.0,1.1954838094818125e-06
ES,GLOBEX,B0,1h,M2_HAR,28156,2021-04-02,18,1080,12:00,False,0.0,1.1745353214170134e-06
ES,GLOBEX,B0,1h,M2_HAR,28157,2021-04-02,19,1140,13:00,False,0.0,1.1615696542457544e-06
ES,GLOBEX,B0,1h,M2_HAR,28158,2021-04-02,20,1200,14:00,False,0.0,1.1509055048375681e-06
ES,GLOBEX,B0,1h,M2_HAR,28159,2021-04-02,21,1260,15:00,False,0.0,1.0907520992044632e-06
ES,GLOBEX,B0,1h,M2_HAR,29059,2021-05-31,19,1140,13:00,False,0.0,9.769771755509047e-07
ES,GLOBEX,B0,1h,M2_HAR,29060,2021-05-31,20,1200,14:00,False,0.0,7.54150009422544e-07
ES,GLOBEX,B0,1h,M2_HAR,29061,2021-05-31,21,1260,15:00,False,0.0,7.509966514876793e-07
ES,GLOBEX,B0,1h,M2_HAR,29543,2021-07-05,19,1140,13:00,False,0.0,8.480489717810676e-07
ES,GLOBEX,B0,1h,M2_HAR,29544,2021-07-05,20,1200,14:00,False,0.0,6.698298475045261e-07
ES,GLOBEX,B0,1h,M2_HAR,29545,2021-07-05,21,1260,15:00,False,0.0,6.6651185810941e-07
ES,GLOBEX,B0,1h,M2_HAR,30533,2021-09-06,19,1140,13:00,False,0.0,8.748570291556408e-07
ES,GLOBEX,B0,1h,M2_HAR,30534,2021-09-06,20,1200,14:00,False,0.0,7.528381855898159e-07
ES,GLOBEX,B0,1h,M2_HAR,30535,2021-09-06,21,1260,15:00,False,0.0,7.500897861905161e-07
ES,GLOBEX,B0,1h,M2_HAR,31743,2021-11-25,19,1140,13:00,False,0.0,1.6807582027697906e-06
ES,GLOBEX,B0,1h,M2_HAR,31744,2021-11-25,20,1200,14:00,False,0.0,1.547562005927823e-06
ES,GLOBEX,B0,1h,M2_HAR,31745,2021-11-25,21,1260,15:00,False,0.0,1.539632410555641e-06
ES,GLOBEX,B0,1h,M2_HAR,32447,2022-01-17,19,1140,13:00,False,0.0,2.9876524346125508e-06
ES,GLOBEX,B0,1h,M2_HAR,32448,2022-01-17,20,1200,14:00,False,0.0,2.514715989555431e-06
ES,GLOBEX,B0,1h,M2_HAR,32449,2022-01-17,21,1260,15:00,False,0.0,2.4644311810098976e-06
ES,GLOBEX,B0,1h,M2_HAR,32997,2022-02-21,19,1140,13:00,False,0.0,6.148730112285179e-06
ES,GLOBEX,B0,1h,M2_HAR,32998,2022-02-21,20,1200,14:00,False,0.0,3.4168184795352637e-06
ES,GLOBEX,B0,1h,M2_HAR,32999,2022-02-21,21,1260,15:00,False,0.0,3.226042439311467e-06
ES,GLOBEX,B0,1h,M2_HAR,34449,2022-05-30,19,1140,13:00,False,0.0,5.785317534368746e-06
ES,GLOBEX,B0,1h,M2_HAR,34450,2022-05-30,20,1200,14:00,False,0.0,3.069391507143541e-06
ES,GLOBEX,B0,1h,M2_HAR,34451,2022-05-30,21,1260,15:00,False,0.0,2.995249045499324e-06
ES,GLOBEX,B0,1h,M2_HAR,34713,2022-06-20,19,1140,13:00,False,0.0,8.656820826533365e-06
ES,GLOBEX,B0,1h,M2_HAR,34714,2022-06-20,20,1200,14:00,False,0.0,7.589289277737765e-06
ES,GLOBEX,B0,1h,M2_HAR,34715,2022-06-20,21,1260,15:00,False,0.0,7.547836924681033e-06
ES,GLOBEX,B0,1h,M2_HAR,34933,2022-07-04,19,1140,13:00,False,0.0,5.7004497984138e-06
ES,GLOBEX,B0,1h,M2_HAR,34934,2022-07-04,20,1200,14:00,False,0.0,4.736297200064574e-06
ES,GLOBEX,B0,1h,M2_HAR,34935,2022-07-04,21,1260,15:00,False,0.0,4.7008816670795735e-06
ES,GLOBEX,B0,1h,M2_HAR,35923,2022-09-05,19,1140,13:00,False,0.0,4.979782898756278e-06
ES,GLOBEX,B0,1h,M2_HAR,35924,2022-09-05,20,1200,14:00,False,0.0,4.269919698211123e-06
ES,GLOBEX,B0,1h,M2_HAR,35925,2022-09-05,21,1260,15:00,False,0.0,4.2167893523014424e-06
ES,GLOBEX,B0,1h,M2_HAR,37133,2022-11-24,19,1140,13:00,False,0.0,1.6951245706812812e-06
ES,GLOBEX,B0,1h,M2_HAR,37134,2022-11-24,20,1200,14:00,False,0.0,1.5111109756911576e-06
ES,GLOBEX,B0,1h,M2_HAR,37135,2022-11-24,21,1260,15:00,False,0.0,1.4713541461914133e-06
ES,GLOBEX,B0,1h,M2_HAR,37815,2023-01-16,19,1140,13:00,False,0.0,3.429530107603195e-06
ES,GLOBEX,B0,1h,M2_HAR,37816,2023-01-16,20,1200,14:00,False,0.0,2.7499756298995654e-06
ES,GLOBEX,B0,1h,M2_HAR,37817,2023-01-16,21,1260,15:00,False,0.0,2.7069062442192533e-06
ES,GLOBEX,B0,1h,M2_HAR,38365,2023-02-20,19,1140,13:00,False,0.0,3.195016018006495e-06
ES,GLOBEX,B0,1h,M2_HAR,38366,2023-02-20,20,1200,14:00,False,0.0,2.8793081114858187e-06
ES,GLOBEX,B0,1h,M2_HAR,38367,2023-02-20,21,1260,15:00,False,0.0,2.860516477538936e-06
ES,GLOBEX,B0,1h,M2_HAR,39044,2023-04-07,16,960,10:00,False,0.0,1.3120475631188914e-06
ES,GLOBEX,B0,1h,M2_HAR,39045,2023-04-07,17,1020,11:00,False,0.0,1.1129731911848224e-06
ES,GLOBEX,B0,1h,M2_HAR,39046,2023-04-07,18,1080,12:00,False,0.0,1.1018930274039218e-06
ES,GLOBEX,B0,1h,M2_HAR,39047,2023-04-07,19,1140,13:00,False,0.0,1.0924070768191604e-06
ES,GLOBEX,B0,1h,M2_HAR,39048,2023-04-07,20,1200,14:00,False,0.0,1.083209510290736e-06
ES,GLOBEX,B0,1h,M2_HAR,39049,2023-04-07,21,1260,15:00,False,0.0,1.0701661241722142e-06
ES,GLOBEX,B0,1h,M2_HAR,39839,2023-05-29,19,1140,13:00,False,0.0,1.9033540288331532e-06
ES,GLOBEX,B0,1h,M2_HAR,39840,2023-05-29,20,1200,14:00,False,0.0,1.71872751065229e-06
ES,GLOBEX,B0,1h,M2_HAR,39841,2023-05-29,21,1260,15:00,False,0.0,1.7053098277588875e-06
ES,GLOBEX,B0,1h,M2_HAR,40103,2023-06-19,19,1140,13:00,False,0.0,1.712761189882973e-06
ES,GLOBEX,B0,1h,M2_HAR,40104,2023-06-19,20,1200,14:00,False,0.0,1.4974974727493514e-06
ES,GLOBEX,B0,1h,M2_HAR,40105,2023-06-19,21,1260,15:00,False,0.0,1.479706948823433e-06
ES,GLOBEX,B0,1h,M2_HAR,40323,2023-07-04,19,1140,13:00,False,0.0,1.2643103330142914e-06
ES,GLOBEX,B0,1h,M2_HAR,40324,2023-07-04,20,1200,14:00,False,0.0,1.1515201200027105e-06
ES,GLOBEX,B0,1h,M2_HAR,40325,2023-07-04,21,1260,15:00,False,0.0,1.1343450311810061e-06
ES,GLOBEX,B0,1h,M2_HAR,41291,2023-09-04,19,1140,13:00,False,0.0,1.4829200185033703e-06
ES,GLOBEX,B0,1h,M2_HAR,41292,2023-09-04,20,1200,14:00,False,0.0,1.2844399493462348e-06
ES,GLOBEX,B0,1h,M2_HAR,41293,2023-09-04,21,1260,15:00,False,0.0,1.2597165014348807e-06
ES,GLOBEX,B0,1h,M2_HAR,42501,2023-11-23,19,1140,13:00,False,0.0,9.454016226451043e-07
ES,GLOBEX,B0,1h,M2_HAR,42502,2023-11-23,20,1200,14:00,False,0.0,8.24087293116153e-07
ES,GLOBEX,B0,1h,M2_HAR,42503,2023-11-23,21,1260,15:00,False,0.0,8.091435519789299e-07
ES,GLOBEX,B0,1h,M3_HARJ,679,2016-02-15,19,1140,13:00,False,0.0,7.310977434879219e-06
ES,GLOBEX,B0,1h,M3_HARJ,680,2016-02-15,20,1200,14:00,False,0.0,6.468309433968533e-06
ES,GLOBEX,B0,1h,M3_HARJ,681,2016-02-15,21,1260,15:00,False,0.0,6.5415766636362665e-06
ES,GLOBEX,B0,1h,M3_HARJ,2241,2016-05-30,19,1140,13:00,False,0.0,9.192288641280008e-07
ES,GLOBEX,B0,1h,M3_HARJ,2242,2016-05-30,20,1200,14:00,False,0.0,5.427422860328211e-07
ES,GLOBEX,B0,1h,M3_HARJ,2243,2016-05-30,21,1260,15:00,False,0.0,5.358947389690704e-07
ES,GLOBEX,B0,1h,M3_HARJ,2725,2016-07-04,19,1140,13:00,False,0.0,1.6821937511938465e-06
ES,GLOBEX,B0,1h,M3_HARJ,2726,2016-07-04,20,1200,14:00,False,0.0,1.1581582342065857e-06
ES,GLOBEX,B0,1h,M3_HARJ,2727,2016-07-04,21,1260,15:00,False,0.0,1.1343644490054909e-06
ES,GLOBEX,B0,1h,M3_HARJ,4925,2016-11-24,19,1140,13:00,False,0.0,9.736586837551776e-07
ES,GLOBEX,B0,1h,M3_HARJ,4926,2016-11-24,20,1200,14:00,False,0.0,4.090807389878028e-07
ES,GLOBEX,B0,1h,M3_HARJ,4927,2016-11-24,21,1260,15:00,False,0.0,4.061498653822879e-07
ES,GLOBEX,B0,1h,M3_HARJ,5607,2017-01-16,19,1140,13:00,False,0.0,1.096334913639797e-06
ES,GLOBEX,B0,1h,M3_HARJ,5608,2017-01-16,20,1200,14:00,False,0.0,2.740540694001617e-07
ES,GLOBEX,B0,1h,M3_HARJ,5609,2017-01-16,21,1260,15:00,False,0.0,2.715403047783981e-07
ES,GLOBEX,B0,1h,M3_HARJ,6157,2017-02-20,19,1140,13:00,False,0.0,9.876190514183757e-07
ES,GLOBEX,B0,1h,M3_HARJ,6158,2017-02-20,20,1200,14:00,False,0.0,2.0510953132713872e-07
ES,GLOBEX,B0,1h,M3_HARJ,6159,2017-02-20,21,1260,15:00,False,0.0,2.027940162600453e-07
ES,GLOBEX,B0,1h,M3_HARJ,7609,2017-05-29,19,1140,13:00,False,0.0,5.587178424741879e-07
ES,GLOBEX,B0,1h,M3_HARJ,7610,2017-05-29,20,1200,14:00,False,0.0,1.7423153273277944e-07
ES,GLOBEX,B0,1h,M3_HARJ,7611,2017-05-29,21,1260,15:00,False,0.0,1.7246094030923878e-07
ES,GLOBEX,B0,1h,M3_HARJ,8093,2017-07-04,19,1140,13:00,False,0.0,1.0211075225735836e-06
ES,GLOBEX,B0,1h,M3_HARJ,8094,2017-07-04,20,1200,14:00,False,0.0,2.961322496814905e-07
ES,GLOBEX,B0,1h,M3_HARJ,8095,2017-07-04,21,1260,15:00,False,0.0,2.9347712508338966e-07
ES,GLOBEX,B0,1h,M3_HARJ,9061,2017-09-04,19,1140,13:00,False,0.0,6.895381384935262e-07
ES,GLOBEX,B0,1h,M3_HARJ,9062,2017-09-04,20,1200,14:00,False,0.0,2.3704760498319078e-07
ES,GLOBEX,B0,1h,M3_HARJ,9063,2017-09-04,21,1260,15:00,False,0.0,2.3531371098002254e-07
ES,GLOBEX,B0,1h,M3_HARJ,10271,2017-11-23,19,1140,13:00,False,0.0,4.682185528793264e-07
ES,GLOBEX,B0,1h,M3_HARJ,10272,2017-11-23,20,1200,14:00,False,0.0,1.4018046115245974e-07
ES,GLOBEX,B0,1h,M3_HARJ,10273,2017-11-23,21,1260,15:00,False,0.0,1.388376053995838e-07
ES,GLOBEX,B0,1h,M3_HARJ,10953,2018-01-15,19,1140,13:00,False,0.0,5.401508131279142e-07
ES,GLOBEX,B0,1h,M3_HARJ,10954,2018-01-15,20,1200,14:00,False,0.0,1.7648347459849152e-07
ES,GLOBEX,B0,1h,M3_HARJ,10955,2018-01-15,21,1260,15:00,False,0.0,1.7542942537719048e-07
ES,GLOBEX,B0,1h,M3_HARJ,11503,2018-02-19,19,1140,13:00,False,0.0,4.804215781736199e-06
ES,GLOBEX,B0,1h,M3_HARJ,11504,2018-02-19,20,1200,14:00,False,0.0,2.840624769515529e-06
ES,GLOBEX,B0,1h,M3_HARJ,11505,2018-02-19,21,1260,15:00,False,0.0,2.8052171550746913e-06
ES,GLOBEX,B0,1h,M3_HARJ,12955,2018-05-28,19,1140,13:00,False,0.0,1.1983359289274193e-06
ES,GLOBEX,B0,1h,M3_HARJ,12956,2018-05-28,20,1200,14:00,False,0.0,9.080520380916154e-07
ES,GLOBEX,B0,1h,M3_HARJ,12957,2018-05-28,21,1260,15:00,False,0.0,8.989630751269e-07
ES,GLOBEX,B0,1h,M3_HARJ,13461,2018-07-04,19,1140,13:00,False,0.0,1.898552761537875e-06
ES,GLOBEX,B0,1h,M3_HARJ,13462,2018-07-04,20,1200,14:00,False,0.0,1.5331204083470905e-06
ES,GLOBEX,B0,1h,M3_HARJ,13463,2018-07-04,21,1260,15:00,False,0.0,1.5279614453258987e-06
ES,GLOBEX,B0,1h,M3_HARJ,14407,2018-09-03,19,1140,13:00,False,0.0,8.604883288496775e-07
ES,GLOBEX,B0,1h,M3_HARJ,14408,2018-09-03,20,1200,14:00,False,0.0,6.001378073593695e-07
ES,GLOBEX,B0,1h,M3_HARJ,14409,2018-09-03,21,1260,15:00,False,0.0,5.976431165505674e-07
ES,GLOBEX,B0,1h,M3_HARJ,15617,2018-11-22,19,1140,13:00,False,0.0,3.773475526324792e-06
ES,GLOBEX,B0,1h,M3_HARJ,15618,2018-11-22,20,1200,14:00,False,0.0,2.7501725729132023e-06
ES,GLOBEX,B0,1h,M3_HARJ,15619,2018-11-22,21,1260,15:00,False,0.0,2.69437703455992e-06
ES,GLOBEX,B0,1h,M3_HARJ,15790,2018-12-05,16,960,10:00,False,0.0,2.483151286653727e-06
ES,GLOBEX,B0,1h,M3_HARJ,15791,2018-12-05,17,1020,11:00,False,0.0,1.9291321253308077e-06
ES,GLOBEX,B0,1h,M3_HARJ,15792,2018-12-05,18,1080,12:00,False,0.0,1.8771087662396348e-06
ES,GLOBEX,B0,1h,M3_HARJ,15793,2018-12-05,19,1140,13:00,False,0.0,1.8149624160923129e-06
ES,GLOBEX,B0,1h,M3_HARJ,15794,2018-12-05,20,1200,14:00,False,0.0,1.791095169865107e-06
ES,GLOBEX,B0,1h,M3_HARJ,15795,2018-12-05,21,1260,15:00,False,0.0,1.7632077646374386e-06
ES,GLOBEX,B0,1h,M3_HARJ,16387,2019-01-21,19,1140,13:00,False,0.0,1.9074872897070018e-06
ES,GLOBEX,B0,1h,M3_HARJ,16388,2019-01-21,20,1200,14:00,False,0.0,1.4372919488043984e-06
ES,GLOBEX,B0,1h,M3_HARJ,16389,2019-01-21,21,1260,15:00,False,0.0,1.4300329721624728e-06
ES,GLOBEX,B0,1h,M3_HARJ,16827,2019-02-18,19,1140,13:00,False,0.0,1.4115248242929012e-06
ES,GLOBEX,B0,1h,M3_HARJ,16828,2019-02-18,20,1200,14:00,False,0.0,9.977479131939697e-07
ES,GLOBEX,B0,1h,M3_HARJ,16829,2019-02-18,21,1260,15:00,False,0.0,9.868865437162282e-07
ES,GLOBEX,B0,1h,M3_HARJ,16964,2019-02-27,2,120,20:00,True,0.0,1.2304203754316114e-06
ES,GLOBEX,B0,1h,M3_HARJ,16965,2019-02-27,3,180,21:00,True,0.0,9.077343177660449e-07
ES,GLOBEX,B0,1h,M3_HARJ,18279,2019-05-27,19,1140,13:00,False,0.0,1.3429079299688998e-06
ES,GLOBEX,B0,1h,M3_HARJ,18280,2019-05-27,20,1200,14:00,False,0.0,1.1384951447987575e-06
ES,GLOBEX,B0,1h,M3_HARJ,18281,2019-05-27,21,1260,15:00,False,0.0,1.123548467570299e-06
ES,GLOBEX,B0,1h,M3_HARJ,18807,2019-07-04,19,1140,13:00,False,0.0,9.410432793172057e-07
ES,GLOBEX,B0,1h,M3_HARJ,18808,2019-07-04,20,1200,14:00,False,0.0,7.457817487669235e-07
ES,GLOBEX,B0,1h,M3_HARJ,18809,2019-07-04,21,1260,15:00,False,0.0,7.364189569812806e-07
ES,GLOBEX,B0,1h,M3_HARJ,19731,2019-09-02,19,1140,13:00,False,0.0,3.862785592792715e-06
ES,GLOBEX,B0,1h,M3_HARJ,19732,2019-09-02,20,1200,14:00,False,0.0,1.8047152097287762e-06
ES,GLOBEX,B0,1h,M3_HARJ,19733,2019-09-02,21,1260,15:00,False,0.0,1.7864196499303007e-06
ES,GLOBEX,B0,1h,M3_HARJ,21051,2019-11-28,19,1140,13:00,False,0.0,7.746983414109588e-07
ES,GLOBEX,B0,1h,M3_HARJ,21052,2019-11-28,20,1200,14:00,False,0.0,5.819179884999429e-07
ES,GLOBEX,B0,1h,M3_HARJ,21053,2019-11-28,21,1260,15:00,False,0.0,5.78249225206239e-07
ES,GLOBEX,B0,1h,M3_HARJ,21711,2020-01-20,19,1140,13:00,False,0.0,8.582539159321326e-07
ES,GLOBEX,B0,1h,M3_HARJ,21712,2020-01-20,20,1200,14:00,False,0.0,6.931952940904474e-07
ES,GLOBEX,B0,1h,M3_HARJ,21713,2020-01-20,21,1260,15:00,False,0.0,6.909783196128541e-07
ES,GLOBEX,B0,1h,M3_HARJ,22151,2020-02-17,19,1140,13:00,False,0.0,1.0524209009027822e-06
ES,GLOBEX,B0,1h,M3_HARJ,22152,2020-02-17,20,1200,14:00,False,0.0,8.159617588239618e-07
ES,GLOBEX,B0,1h,M3_HARJ,22153,2020-02-17,21,1260,15:00,False,0.0,8.133257676480467e-07
ES,GLOBEX,B0,1h,M3_HARJ,22466,2020-03-09,4,240,22:00,True,0.0,2.4399843524388696e-05
ES,GLOBEX,B0,1h,M3_HARJ,22468,2020-03-09,6,360,00:00,True,0.0,2.422285684124028e-05
ES,GLOBEX,B0,1h,M3_HARJ,22469,2020-03-09,7,420,01:00,True,0.0,1.6935458288928853e-05
ES,GLOBEX,B0,1h,M3_HARJ,22470,2020-03-09,8,480,02:00,True,0.0,1.6892611427447186e-05
ES,GLOBEX,B0,1h,M3_HARJ,22471,2020-03-09,9,540,03:00,True,0.0,1.6793860608608134e-05
ES,GLOBEX,B0,1h,M3_HARJ,22472,2020-03-09,10,600,04:00,True,0.0,1.666354106951632e-05
ES,GLOBEX,B0,1h,M3_HARJ,22474,2020-03-09,12,720,06:00,True,0.0,1.752185395758488e-05
ES,GLOBEX,B0,1h,M3_HARJ,22475,2020-03-09,13,780,07:00,True,0.0,1.6171594464710372e-05
ES,GLOBEX,B0,1h,M3_HARJ,22476,2020-03-09,14,840,08:00,True,0.0,1.5984602148088534e-05
ES,GLOBEX,B0,1h,M3_HARJ,22558,2020-03-18,8,480,02:00,True,0.0,6.808929070294546e-05
ES,GLOBEX,B0,1h,M3_HARJ,22559,2020-03-18,9,540,03:00,True,0.0,6.339138561649196e-05
ES,GLOBEX,B0,1h,M3_HARJ,22560,2020-03-18,10,600,04:00,True,0.0,6.318778695101561e-05
ES,GLOBEX,B0,1h,M3_HARJ,22561,2020-03-18,11,660,05:00,True,0.0,6.301063419736701e-05
ES,GLOBEX,B0,1h,M3_HARJ,22562,2020-03-18,12,720,06:00,True,0.0,6.276157626960356e-05
ES,GLOBEX,B0,1h,M3_HARJ,22563,2020-03-18,13,780,07:00,True,0.0,6.256365226765967e-05
ES,GLOBEX,B0,1h,M3_HARJ,22564,2020-03-18,14,840,08:00,True,0.0,6.235675520175145e-05
ES,GLOBEX,B0,1h,M3_HARJ,22650,2020-03-24,12,720,06:00,True,0.0,0.00015721144510718856
ES,GLOBEX,B0,1h,M3_HARJ,23603,2020-05-25,19,1140,13:00,False,0.0,3.286778562166036e-06
ES,GLOBEX,B0,1h,M3_HARJ,23604,2020-05-25,20,1200,14:00,False,0.0,2.8759846278455522e-06
ES,GLOBEX,B0,1h,M3_HARJ,23605,2020-05-25,21,1260,15:00,False,0.0,2.851560352950304e-06
ES,GLOBEX,B0,1h,M3_HARJ,24112,2020-07-01,0,0,18:00,True,0.0,1.5589836456303773e-05
ES,GLOBEX,B0,1h,M3_HARJ,24113,2020-07-01,1,60,19:00,True,0.0,5.185816715609311e-06
ES,GLOBEX,B0,1h,M3_HARJ,25165,2020-09-07,19,1140,13:00,False,0.0,6.8519944496822955e-06
ES,GLOBEX,B0,1h,M3_HARJ,25166,2020-09-07,20,1200,14:00,False,0.0,5.647596610849064e-06
ES,GLOBEX,B0,1h,M3_HARJ,25167,2020-09-07,21,1260,15:00,False,0.0,5.637857410433424e-06
ES,GLOBEX,B0,1h,M3_HARJ,26375,2020-11-26,19,1140,13:00,False,0.0,3.0038361974720835e-06
ES,GLOBEX,B0,1h,M3_HARJ,26376,2020-11-26,20,1200,14:00,False,0.0,1.1492734784394503e-06
ES,GLOBEX,B0,1h,M3_HARJ,26377,2020-11-26,21,1260,15:00,False,0.0,1.1313392837528043e-06
ES,GLOBEX,B0,1h,M3_HARJ,27035,2021-01-18,19,1140,13:00,False,0.0,1.842896042588735e-06
ES,GLOBEX,B0,1h,M3_HARJ,27036,2021-01-18,20,1200,14:00,False,0.0,1.6148759205232735e-06
ES,GLOBEX,B0,1h,M3_HARJ,27037,2021-01-18,21,1260,15:00,False,0.0,1.5916515773683117e-06
ES,GLOBEX,B0,1h,M3_HARJ,27475,2021-02-15,19,1140,13:00,False,0.0,1.0789705796393403e-06
ES,GLOBEX,B0,1h,M3_HARJ,27476,2021-02-15,20,1200,14:00,False,0.0,9.814311959873503e-07
ES,GLOBEX,B0,1h,M3_HARJ,27477,2021-02-15,21,1260,15:00,False,0.0,9.755153474065494e-07
ES,GLOBEX,B0,1h,M3_HARJ,28154,2021-04-02,16,960,10:00,False,0.0,1.7762216527376626e-06
ES,GLOBEX,B0,1h,M3_HARJ,28155,2021-04-02,17,1020,11:00,False,0.0,1.2017734570532083e-06
ES,GLOBEX,B0,1h,M3_HARJ,28156,2021-04-02,18,1080,12:00,False,0.0,1.181830599340722e-06
ES,GLOBEX,B0,1h,M3_HARJ,28157,2021-04-02,19,1140,13:00,False,0.0,1.1694829366450308e-06
ES,GLOBEX,B0,1h,M3_HARJ,28158,2021-04-02,20,1200,14:00,False,0.0,1.159266169759703e-06
ES,GLOBEX,B0,1h,M3_HARJ,28159,2021-04-02,21,1260,15:00,False,0.0,1.1023528796678928e-06
ES,GLOBEX,B0,1h,M3_HARJ,29059,2021-05-31,19,1140,13:00,False,0.0,1.000022252827716e-06
ES,GLOBEX,B0,1h,M3_HARJ,29060,2021-05-31,20,1200,14:00,False,0.0,7.759327589154597e-07
ES,GLOBEX,B0,1h,M3_HARJ,29061,2021-05-31,21,1260,15:00,False,0.0,7.729383925764014e-07
ES,GLOBEX,B0,1h,M3_HARJ,29543,2021-07-05,19,1140,13:00,False,0.0,8.682698998613248e-07
ES,GLOBEX,B0,1h,M3_HARJ,29544,2021-07-05,20,1200,14:00,False,0.0,6.908954415633193e-07
ES,GLOBEX,B0,1h,M3_HARJ,29545,2021-07-05,21,1260,15:00,False,0.0,6.877625226236473e-07
ES,GLOBEX,B0,1h,M3_HARJ,30533,2021-09-06,19,1140,13:00,False,0.0,8.778886021316447e-07
ES,GLOBEX,B0,1h,M3_HARJ,30534,2021-09-06,20,1200,14:00,False,0.0,7.670229654477747e-07
ES,GLOBEX,B0,1h,M3_HARJ,30535,2021-09-06,21,1260,15:00,False,0.0,7.644238396300799e-07
ES,GLOBEX,B0,1h,M3_HARJ,31743,2021-11-25,19,1140,13:00,False,0.0,1.6580426491653689e-06
ES,GLOBEX,B0,1h,M3_HARJ,31744,2021-11-25,20,1200,14:00,False,0.0,1.5169737074505036e-06
ES,GLOBEX,B0,1h,M3_HARJ,31745,2021-11-25,21,1260,15:00,False,0.0,1.5094717851905296e-06
ES,GLOBEX,B0,1h,M3_HARJ,32447,2022-01-17,19,1140,13:00,False,0.0,2.7886989200465694e-06
ES,GLOBEX,B0,1h,M3_HARJ,32448,2022-01-17,20,1200,14:00,False,0.0,2.436351417112576e-06
ES,GLOBEX,B0,1h,M3_HARJ,32449,2022-01-17,21,1260,15:00,False,0.0,2.3886207786260176e-06
ES,GLOBEX,B0,1h,M3_HARJ,32997,2022-02-21,19,1140,13:00,False,0.0,6.164085080576652e-06
ES,GLOBEX,B0,1h,M3_HARJ,32998,2022-02-21,20,1200,14:00,False,0.0,3.316396844914125e-06
ES,GLOBEX,B0,1h,M3_HARJ,32999,2022-02-21,21,1260,15:00,False,0.0,3.1359543736134167e-06
ES,GLOBEX,B0,1h,M3_HARJ,34449,2022-05-30,19,1140,13:00,False,0.0,5.98217796466819e-06
ES,GLOBEX,B0,1h,M3_HARJ,34450,2022-05-30,20,1200,14:00,False,0.0,2.996901579370849e-06
ES,GLOBEX,B0,1h,M3_HARJ,34451,2022-05-30,21,1260,15:00,False,0.0,2.9266816288351374e-06
ES,GLOBEX,B0,1h,M3_HARJ,34713,2022-06-20,19,1140,13:00,False,0.0,8.329842511123007e-06
ES,GLOBEX,B0,1h,M3_HARJ,34714,2022-06-20,20,1200,14:00,False,0.0,7.2690124965667445e-06
ES,GLOBEX,B0,1h,M3_HARJ,34715,2022-06-20,21,1260,15:00,False,0.0,7.229661055638205e-06
ES,GLOBEX,B0,1h,M3_HARJ,34933,2022-07-04,19,1140,13:00,False,0.0,5.575210081314806e-06
ES,GLOBEX,B0,1h,M3_HARJ,34934,2022-07-04,20,1200,14:00,False,0.0,4.5644609220146244e-06
ES,GLOBEX,B0,1h,M3_HARJ,34935,2022-07-04,21,1260,15:00,False,0.0,4.530900274210781e-06
ES,GLOBEX,B0,1h,M3_HARJ,35923,2022-09-05,19,1140,13:00,False,0.0,4.804064449128833e-06
ES,GLOBEX,B0,1h,M3_HARJ,35924,2022-09-05,20,1200,14:00,False,0.0,4.0812573475626795e-06
ES,GLOBEX,B0,1h,M3_HARJ,35925,2022-09-05,21,1260,15:00,False,0.0,4.03130670570088e-06
ES,GLOBEX,B0,1h,M3_HARJ,37133,2022-11-24,19,1140,13:00,False,0.0,1.656886587233015e-06
ES,GLOBEX,B0,1h,M3_HARJ,37134,2022-11-24,20,1200,14:00,False,0.0,1.490889624169632e-06
ES,GLOBEX,B0,1h,M3_HARJ,37135,2022-11-24,21,1260,15:00,False,0.0,1.4541606218628659e-06
ES,GLOBEX,B0,1h,M3_HARJ,37815,2023-01-16,19,1140,13:00,False,0.0,3.2825319611367235e-06
ES,GLOBEX,B0,1h,M3_HARJ,37816,2023-01-16,20,1200,14:00,False,0.0,2.6220871882085683e-06
ES,GLOBEX,B0,1h,M3_HARJ,37817,2023-01-16,21,1260,15:00,False,0.0,2.5823220198702325e-06
ES,GLOBEX,B0,1h,M3_HARJ,38365,2023-02-20,19,1140,13:00,False,0.0,3.0001759079696546e-06
ES,GLOBEX,B0,1h,M3_HARJ,38366,2023-02-20,20,1200,14:00,False,0.0,2.735718264704222e-06
ES,GLOBEX,B0,1h,M3_HARJ,38367,2023-02-20,21,1260,15:00,False,0.0,2.718337058386572e-06
ES,GLOBEX,B0,1h,M3_HARJ,39044,2023-04-07,16,960,10:00,False,0.0,1.3304856394373152e-06
ES,GLOBEX,B0,1h,M3_HARJ,39045,2023-04-07,17,1020,11:00,False,0.0,1.1071922569872322e-06
ES,GLOBEX,B0,1h,M3_HARJ,39046,2023-04-07,18,1080,12:00,False,0.0,1.0969267137317529e-06
ES,GLOBEX,B0,1h,M3_HARJ,39047,2023-04-07,19,1140,13:00,False,0.0,1.0881588212600237e-06
ES,GLOBEX,B0,1h,M3_HARJ,39048,2023-04-07,20,1200,14:00,False,0.0,1.0796603545175121e-06
ES,GLOBEX,B0,1h,M3_HARJ,39049,2023-04-07,21,1260,15:00,False,0.0,1.0676207207798621e-06
ES,GLOBEX,B0,1h,M3_HARJ,39839,2023-05-29,19,1140,13:00,False,0.0,1.8068572643129698e-06
ES,GLOBEX,B0,1h,M3_HARJ,39840,2023-05-29,20,1200,14:00,False,0.0,1.6564669152933625e-06
ES,GLOBEX,B0,1h,M3_HARJ,39841,2023-05-29,21,1260,15:00,False,0.0,1.6440690403932179e-06
ES,GLOBEX,B0,1h,M3_HARJ,40103,2023-06-19,19,1140,13:00,False,0.0,1.6473493057473906e-06
ES,GLOBEX,B0,1h,M3_HARJ,40104,2023-06-19,20,1200,14:00,False,0.0,1.450553001910657e-06
ES,GLOBEX,B0,1h,M3_HARJ,40105,2023-06-19,21,1260,15:00,False,0.0,1.4341309946240409e-06
ES,GLOBEX,B0,1h,M3_HARJ,40323,2023-07-04,19,1140,13:00,False,0.0,1.2232825349844341e-06
ES,GLOBEX,B0,1h,M3_HARJ,40324,2023-07-04,20,1200,14:00,False,0.0,1.1297444812945496e-06
ES,GLOBEX,B0,1h,M3_HARJ,40325,2023-07-04,21,1260,15:00,False,0.0,1.1139075602356955e-06
ES,GLOBEX,B0,1h,M3_HARJ,41291,2023-09-04,19,1140,13:00,False,0.0,1.4315269654833291e-06
ES,GLOBEX,B0,1h,M3_HARJ,41292,2023-09-04,20,1200,14:00,False,0.0,1.2541535145095273e-06
ES,GLOBEX,B0,1h,M3_HARJ,41293,2023-09-04,21,1260,15:00,False,0.0,1.2313297965626383e-06
ES,GLOBEX,B0,1h,M3_HARJ,42501,2023-11-23,19,1140,13:00,False,0.0,9.373147034053137e-07
ES,GLOBEX,B0,1h,M3_HARJ,42502,2023-11-23,20,1200,14:00,False,0.0,8.284980737842167e-07
ES,GLOBEX,B0,1h,M3_HARJ,42503,2023-11-23,21,1260,15:00,False,0.0,8.146747047369506e-07
ES,GLOBEX,B0,1h,M4_HARQ,679,2016-02-15,19,1140,13:00,False,0.0,5.564497003115864e-06
ES,GLOBEX,B0,1h,M4_HARQ,680,2016-02-15,20,1200,14:00,False,0.0,4.503153656343956e-06
ES,GLOBEX,B0,1h,M4_HARQ,681,2016-02-15,21,1260,15:00,False,0.0,4.580427423754559e-06
ES,GLOBEX,B0,1h,M4_HARQ,2241,2016-05-30,19,1140,13:00,False,0.0,6.710289598762822e-07
ES,GLOBEX,B0,1h,M4_HARQ,2242,2016-05-30,20,1200,14:00,False,0.0,2.6847825828583726e-07
ES,GLOBEX,B0,1h,M4_HARQ,2243,2016-05-30,21,1260,15:00,False,0.0,2.621497581268017e-07
ES,GLOBEX,B0,1h,M4_HARQ,2725,2016-07-04,19,1140,13:00,False,0.0,1.5550427327730484e-06
ES,GLOBEX,B0,1h,M4_HARQ,2726,2016-07-04,20,1200,14:00,False,0.0,1.0968264572914183e-06
ES,GLOBEX,B0,1h,M4_HARQ,2727,2016-07-04,21,1260,15:00,False,0.0,1.076354833324346e-06
ES,GLOBEX,B0,1h,M4_HARQ,4925,2016-11-24,19,1140,13:00,False,0.0,1.0133763776957102e-06
ES,GLOBEX,B0,1h,M4_HARQ,4926,2016-11-24,20,1200,14:00,False,0.0,6.130649117195399e-07
ES,GLOBEX,B0,1h,M4_HARQ,4927,2016-11-24,21,1260,15:00,False,0.0,6.109648593782248e-07
ES,GLOBEX,B0,1h,M4_HARQ,5607,2017-01-16,19,1140,13:00,False,0.0,8.968066763165473e-07
ES,GLOBEX,B0,1h,M4_HARQ,5608,2017-01-16,20,1200,14:00,False,0.0,4.2375254113893603e-07
ES,GLOBEX,B0,1h,M4_HARQ,5609,2017-01-16,21,1260,15:00,False,0.0,4.218401506286912e-07
ES,GLOBEX,B0,1h,M4_HARQ,6157,2017-02-20,19,1140,13:00,False,0.0,8.630915827044125e-07
ES,GLOBEX,B0,1h,M4_HARQ,6158,2017-02-20,20,1200,14:00,False,0.0,3.556598808773277e-07
ES,GLOBEX,B0,1h,M4_HARQ,6159,2017-02-20,21,1260,15:00,False,0.0,3.5371044015043534e-07
ES,GLOBEX,B0,1h,M4_HARQ,7609,2017-05-29,19,1140,13:00,False,0.0,5.665405103282812e-07
ES,GLOBEX,B0,1h,M4_HARQ,7610,2017-05-29,20,1200,14:00,False,0.0,3.1080092988022323e-07
ES,GLOBEX,B0,1h,M4_HARQ,7611,2017-05-29,21,1260,15:00,False,0.0,3.094040282324632e-07
ES,GLOBEX,B0,1h,M4_HARQ,8093,2017-07-04,19,1140,13:00,False,0.0,8.633521918296363e-07
ES,GLOBEX,B0,1h,M4_HARQ,8094,2017-07-04,20,1200,14:00,False,0.0,3.9802933446416865e-07
ES,GLOBEX,B0,1h,M4_HARQ,8095,2017-07-04,21,1260,15:00,False,0.0,3.960212485941436e-07
ES,GLOBEX,B0,1h,M4_HARQ,9061,2017-09-04,19,1140,13:00,False,0.0,6.873167972937828e-07
ES,GLOBEX,B0,1h,M4_HARQ,9062,2017-09-04,20,1200,14:00,False,0.0,3.490083979087459e-07
ES,GLOBEX,B0,1h,M4_HARQ,9063,2017-09-04,21,1260,15:00,False,0.0,3.4766750757694326e-07
ES,GLOBEX,B0,1h,M4_HARQ,10271,2017-11-23,19,1140,13:00,False,0.0,5.784258964353798e-07
ES,GLOBEX,B0,1h,M4_HARQ,10272,2017-11-23,20,1200,14:00,False,0.0,2.5929485380054467e-07
ES,GLOBEX,B0,1h,M4_HARQ,10273,2017-11-23,21,1260,15:00,False,0.0,2.5820867115909685e-07
ES,GLOBEX,B0,1h,M4_HARQ,10953,2018-01-15,19,1140,13:00,False,0.0,5.077728253859272e-07
ES,GLOBEX,B0,1h,M4_HARQ,10954,2018-01-15,20,1200,14:00,False,0.0,2.7940445350299546e-07
ES,GLOBEX,B0,1h,M4_HARQ,10955,2018-01-15,21,1260,15:00,False,0.0,2.785296251337192e-07
ES,GLOBEX,B0,1h,M4_HARQ,11503,2018-02-19,19,1140,13:00,False,0.0,3.960708053824591e-06
ES,GLOBEX,B0,1h,M4_HARQ,11504,2018-02-19,20,1200,14:00,False,0.0,6.853404370426232e-07
ES,GLOBEX,B0,1h,M4_HARQ,11505,2018-02-19,21,1260,15:00,False,0.0,6.68480339520934e-07
ES,GLOBEX,B0,1h,M4_HARQ,12955,2018-05-28,19,1140,13:00,False,0.0,8.69693603538023e-07
ES,GLOBEX,B0,1h,M4_HARQ,12956,2018-05-28,20,1200,14:00,False,0.0,3.404889790321041e-07
ES,GLOBEX,B0,1h,M4_HARQ,12957,2018-05-28,21,1260,15:00,False,0.0,3.356964195746592e-07
ES,GLOBEX,B0,1h,M4_HARQ,13461,2018-07-04,19,1140,13:00,False,0.0,1.2384665470469305e-06
ES,GLOBEX,B0,1h,M4_HARQ,13462,2018-07-04,20,1200,14:00,False,0.0,6.973629271522213e-07
ES,GLOBEX,B0,1h,M4_HARQ,13463,2018-07-04,21,1260,15:00,False,0.0,6.955540300552433e-07
ES,GLOBEX,B0,1h,M4_HARQ,14407,2018-09-03,19,1140,13:00,False,0.0,6.226886857551161e-07
ES,GLOBEX,B0,1h,M4_HARQ,14408,2018-09-03,20,1200,14:00,False,0.0,2.2821315312068063e-07
ES,GLOBEX,B0,1h,M4_HARQ,14409,2018-09-03,21,1260,15:00,False,0.0,2.2696214243929712e-07
ES,GLOBEX,B0,1h,M4_HARQ,15617,2018-11-22,19,1140,13:00,False,0.0,2.632869236354701e-06
ES,GLOBEX,B0,1h,M4_HARQ,15618,2018-11-22,20,1200,14:00,False,0.0,1.2878259475335378e-06
ES,GLOBEX,B0,1h,M4_HARQ,15619,2018-11-22,21,1260,15:00,False,0.0,1.25489489230122e-06
ES,GLOBEX,B0,1h,M4_HARQ,15790,2018-12-05,16,960,10:00,False,0.0,1.6599967019686525e-06
ES,GLOBEX,B0,1h,M4_HARQ,15791,2018-12-05,17,1020,11:00,False,0.0,8.949925864655809e-07
ES,GLOBEX,B0,1h,M4_HARQ,15792,2018-12-05,18,1080,12:00,False,0.0,8.646793198632255e-07
ES,GLOBEX,B0,1h,M4_HARQ,15793,2018-12-05,19,1140,13:00,False,0.0,8.27436320543115e-07
ES,GLOBEX,B0,1h,M4_HARQ,15794,2018-12-05,20,1200,14:00,False,0.0,8.134383625544806e-07
ES,GLOBEX,B0,1h,M4_HARQ,15795,2018-12-05,21,1260,15:00,False,0.0,8.001404416583556e-07
ES,GLOBEX,B0,1h,M4_HARQ,16387,2019-01-21,19,1140,13:00,False,0.0,1.2451720483485725e-06
ES,GLOBEX,B0,1h,M4_HARQ,16388,2019-01-21,20,1200,14:00,False,0.0,6.004888502439629e-07
ES,GLOBEX,B0,1h,M4_HARQ,16389,2019-01-21,21,1260,15:00,False,0.0,5.967511981783074e-07
ES,GLOBEX,B0,1h,M4_HARQ,16827,2019-02-18,19,1140,13:00,False,0.0,1.1762776149051885e-06
ES,GLOBEX,B0,1h,M4_HARQ,16828,2019-02-18,20,1200,14:00,False,0.0,5.647902455034318e-07
ES,GLOBEX,B0,1h,M4_HARQ,16829,2019-02-18,21,1260,15:00,False,0.0,5.585038277853929e-07
ES,GLOBEX,B0,1h,M4_HARQ,16964,2019-02-27,2,120,20:00,True,0.0,9.788558973376344e-07
ES,GLOBEX,B0,1h,M4_HARQ,16965,2019-02-27,3,180,21:00,True,0.0,5.196946368169383e-07
ES,GLOBEX,B0,1h,M4_HARQ,18279,2019-05-27,19,1140,13:00,False,0.0,9.38966044913802e-07
ES,GLOBEX,B0,1h,M4_HARQ,18280,2019-05-27,20,1200,14:00,False,0.0,6.360700083368576e-07
ES,GLOBEX,B0,1h,M4_HARQ,18281,2019-05-27,21,1260,15:00,False,0.0,6.254970606605353e-07
ES,GLOBEX,B0,1h,M4_HARQ,18807,2019-07-04,19,1140,13:00,False,0.0,6.776099200890832e-07
ES,GLOBEX,B0,1h,M4_HARQ,18808,2019-07-04,20,1200,14:00,False,0.0,4.095074637797241e-07
ES,GLOBEX,B0,1h,M4_HARQ,18809,2019-07-04,21,1260,15:00,False,0.0,4.032138912409458e-07
ES,GLOBEX,B0,1h,M4_HARQ,19731,2019-09-02,19,1140,13:00,False,0.0,3.763497700172768e-06
ES,GLOBEX,B0,1h,M4_HARQ,19732,2019-09-02,20,1200,14:00,False,0.0,1.0750187319134756e-06
ES,GLOBEX,B0,1h,M4_HARQ,19733,2019-09-02,21,1260,15:00,False,0.0,1.063647596513071e-06
ES,GLOBEX,B0,1h,M4_HARQ,21051,2019-11-28,19,1140,13:00,False,0.0,5.89132141357073e-07
ES,GLOBEX,B0,1h,M4_HARQ,21052,2019-11-28,20,1200,14:00,False,0.0,3.4187532373949255e-07
ES,GLOBEX,B0,1h,M4_HARQ,21053,2019-11-28,21,1260,15:00,False,0.0,3.392145211307809e-07
ES,GLOBEX,B0,1h,M4_HARQ,21711,2020-01-20,19,1140,13:00,False,0.0,6.375752602939459e-07
ES,GLOBEX,B0,1h,M4_HARQ,21712,2020-01-20,20,1200,14:00,False,0.0,4.249745473514225e-07
ES,GLOBEX,B0,1h,M4_HARQ,21713,2020-01-20,21,1260,15:00,False,0.0,4.234470977948761e-07
ES,GLOBEX,B0,1h,M4_HARQ,22151,2020-02-17,19,1140,13:00,False,0.0,8.112594326772555e-07
ES,GLOBEX,B0,1h,M4_HARQ,22152,2020-02-17,20,1200,14:00,False,0.0,4.880930002332504e-07
ES,GLOBEX,B0,1h,M4_HARQ,22153,2020-02-17,21,1260,15:00,False,0.0,4.861424603596345e-07
ES,GLOBEX,B0,1h,M4_HARQ,22466,2020-03-09,4,240,22:00,True,0.0,2.3828998358241387e-05
ES,GLOBEX,B0,1h,M4_HARQ,22468,2020-03-09,6,360,00:00,True,0.0,2.394939583456564e-05
ES,GLOBEX,B0,1h,M4_HARQ,22469,2020-03-09,7,420,01:00,True,0.0,1.6283600930299164e-05
ES,GLOBEX,B0,1h,M4_HARQ,22470,2020-03-09,8,480,02:00,True,0.0,1.6241665687220742e-05
ES,GLOBEX,B0,1h,M4_HARQ,22471,2020-03-09,9,540,03:00,True,0.0,1.6144972548278842e-05
ES,GLOBEX,B0,1h,M4_HARQ,22472,2020-03-09,10,600,04:00,True,0.0,1.6017368688666913e-05
ES,GLOBEX,B0,1h,M4_HARQ,22474,2020-03-09,12,720,06:00,True,0.0,1.7038650200589335e-05
ES,GLOBEX,B0,1h,M4_HARQ,22475,2020-03-09,13,780,07:00,True,0.0,1.5535558639110797e-05
ES,GLOBEX,B0,1h,M4_HARQ,22476,2020-03-09,14,840,08:00,True,0.0,1.535241199552949e-05
ES,GLOBEX,B0,1h,M4_HARQ,22558,2020-03-18,8,480,02:00,True,0.0,6.12355964241323e-05
ES,GLOBEX,B0,1h,M4_HARQ,22559,2020-03-18,9,540,03:00,True,0.0,5.592503723674142e-05
ES,GLOBEX,B0,1h,M4_HARQ,22560,2020-03-18,10,600,04:00,True,0.0,5.574282426880555e-05
ES,GLOBEX,B0,1h,M4_HARQ,22561,2020-03-18,11,660,05:00,True,0.0,5.5584244326620915e-05
ES,GLOBEX,B0,1h,M4_HARQ,22562,2020-03-18,12,720,06:00,True,0.0,5.536129092740896e-05
ES,GLOBEX,B0,1h,M4_HARQ,22563,2020-03-18,13,780,07:00,True,0.0,5.5184109963271154e-05
ES,GLOBEX,B0,1h,M4_HARQ,22564,2020-03-18,14,840,08:00,True,0.0,5.499890148879169e-05
ES,GLOBEX,B0,1h,M4_HARQ,22650,2020-03-24,12,720,06:00,True,0.0,0.00013344229580757123
ES,GLOBEX,B0,1h,M4_HARQ,23603,2020-05-25,19,1140,13:00,False,0.0,2.595902718776008e-06
ES,GLOBEX,B0,1h,M4_HARQ,23604,2020-05-25,20,1200,14:00,False,0.0,1.8904362263872366e-06
ES,GLOBEX,B0,1h,M4_HARQ,23605,2020-05-25,21,1260,15:00,False,0.0,1.872003356020048e-06
ES,GLOBEX,B0,1h,M4_HARQ,24112,2020-07-01,0,0,18:00,True,0.0,1.8416211342176223e-05
ES,GLOBEX,B0,1h,M4_HARQ,24113,2020-07-01,1,60,19:00,True,0.0,3.8134997812795153e-06
ES,GLOBEX,B0,1h,M4_HARQ,25165,2020-09-07,19,1140,13:00,False,0.0,6.265197051573228e-06
ES,GLOBEX,B0,1h,M4_HARQ,25166,2020-09-07,20,1200,14:00,False,0.0,4.328347544871677e-06
ES,GLOBEX,B0,1h,M4_HARQ,25167,2020-09-07,21,1260,15:00,False,0.0,4.320408035142969e-06
ES,GLOBEX,B0,1h,M4_HARQ,26375,2020-11-26,19,1140,13:00,False,0.0,2.8249489497906327e-06
ES,GLOBEX,B0,1h,M4_HARQ,26376,2020-11-26,20,1200,14:00,False,0.0,4.84336152499576e-07
ES,GLOBEX,B0,1h,M4_HARQ,26377,2020-11-26,21,1260,15:00,False,0.0,4.6976234507182736e-07
ES,GLOBEX,B0,1h,M4_HARQ,27035,2021-01-18,19,1140,13:00,False,0.0,1.3368508135853525e-06
ES,GLOBEX,B0,1h,M4_HARQ,27036,2021-01-18,20,1200,14:00,False,0.0,1.0134736642472986e-06
ES,GLOBEX,B0,1h,M4_HARQ,27037,2021-01-18,21,1260,15:00,False,0.0,9.947348470865482e-07
ES,GLOBEX,B0,1h,M4_HARQ,27475,2021-02-15,19,1140,13:00,False,0.0,6.233977648541812e-07
ES,GLOBEX,B0,1h,M4_HARQ,27476,2021-02-15,20,1200,14:00,False,0.0,4.771449908036117e-07
ES,GLOBEX,B0,1h,M4_HARQ,27477,2021-02-15,21,1260,15:00,False,0.0,4.7229576348691694e-07
ES,GLOBEX,B0,1h,M4_HARQ,28154,2021-04-02,16,960,10:00,False,0.0,1.4391975514502169e-06
ES,GLOBEX,B0,1h,M4_HARQ,28155,2021-04-02,17,1020,11:00,False,0.0,6.170154385432638e-07
ES,GLOBEX,B0,1h,M4_HARQ,28156,2021-04-02,18,1080,12:00,False,0.0,6.017309093058e-07
ES,GLOBEX,B0,1h,M4_HARQ,28157,2021-04-02,19,1140,13:00,False,0.0,5.923034917457521e-07
ES,GLOBEX,B0,1h,M4_HARQ,28158,2021-04-02,20,1200,14:00,False,0.0,5.850004335793974e-07
ES,GLOBEX,B0,1h,M4_HARQ,28159,2021-04-02,21,1260,15:00,False,0.0,5.385022962474215e-07
ES,GLOBEX,B0,1h,M4_HARQ,29059,2021-05-31,19,1140,13:00,False,0.0,6.384226496342945e-07
ES,GLOBEX,B0,1h,M4_HARQ,29060,2021-05-31,20,1200,14:00,False,0.0,3.3109651659694785e-07
ES,GLOBEX,B0,1h,M4_HARQ,29061,2021-05-31,21,1260,15:00,False,0.0,3.2873692787432603e-07
ES,GLOBEX,B0,1h,M4_HARQ,29543,2021-07-05,19,1140,13:00,False,0.0,5.460624327251731e-07
ES,GLOBEX,B0,1h,M4_HARQ,29544,2021-07-05,20,1200,14:00,False,0.0,3.01864646344413e-07
ES,GLOBEX,B0,1h,M4_HARQ,29545,2021-07-05,21,1260,15:00,False,0.0,2.9924725342386664e-07
ES,GLOBEX,B0,1h,M4_HARQ,30533,2021-09-06,19,1140,13:00,False,0.0,5.43196941742416e-07
ES,GLOBEX,B0,1h,M4_HARQ,30534,2021-09-06,20,1200,14:00,False,0.0,3.745312453678972e-07
ES,GLOBEX,B0,1h,M4_HARQ,30535,2021-09-06,21,1260,15:00,False,0.0,3.723914603778585e-07
ES,GLOBEX,B0,1h,M4_HARQ,31743,2021-11-25,19,1140,13:00,False,0.0,1.1733993869497676e-06
ES,GLOBEX,B0,1h,M4_HARQ,31744,2021-11-25,20,1200,14:00,False,0.0,9.953937443341907e-07
ES,GLOBEX,B0,1h,M4_HARQ,31745,2021-11-25,21,1260,15:00,False,0.0,9.892222448777104e-07
ES,GLOBEX,B0,1h,M4_HARQ,32447,2022-01-17,19,1140,13:00,False,0.0,2.335818405437579e-06
ES,GLOBEX,B0,1h,M4_HARQ,32448,2022-01-17,20,1200,14:00,False,0.0,1.7111428363755056e-06
ES,GLOBEX,B0,1h,M4_HARQ,32449,2022-01-17,21,1260,15:00,False,0.0,1.673061265849503e-06
ES,GLOBEX,B0,1h,M4_HARQ,32997,2022-02-21,19,1140,13:00,False,0.0,5.9570680884532824e-06
ES,GLOBEX,B0,1h,M4_HARQ,32998,2022-02-21,20,1200,14:00,False,0.0,2.2582081664460116e-06
ES,GLOBEX,B0,1h,M4_HARQ,32999,2022-02-21,21,1260,15:00,False,0.0,2.1074280172632445e-06
ES,GLOBEX,B0,1h,M4_HARQ,34449,2022-05-30,19,1140,13:00,False,0.0,5.601871075900841e-06
ES,GLOBEX,B0,1h,M4_HARQ,34450,2022-05-30,20,1200,14:00,False,0.0,1.9551973941961805e-06
ES,GLOBEX,B0,1h,M4_HARQ,34451,2022-05-30,21,1260,15:00,False,0.0,1.8958198532761955e-06
ES,GLOBEX,B0,1h,M4_HARQ,34713,2022-06-20,19,1140,13:00,False,0.0,7.145434965491776e-06
ES,GLOBEX,B0,1h,M4_HARQ,34714,2022-06-20,20,1200,14:00,False,0.0,5.7257915399940425e-06
ES,GLOBEX,B0,1h,M4_HARQ,34715,2022-06-20,21,1260,15:00,False,0.0,5.692710439581463e-06
ES,GLOBEX,B0,1h,M4_HARQ,34933,2022-07-04,19,1140,13:00,False,0.0,4.704362001306486e-06
ES,GLOBEX,B0,1h,M4_HARQ,34934,2022-07-04,20,1200,14:00,False,0.0,3.4276077035439867e-06
ES,GLOBEX,B0,1h,M4_HARQ,34935,2022-07-04,21,1260,15:00,False,0.0,3.3988512791771503e-06
ES,GLOBEX,B0,1h,M4_HARQ,35923,2022-09-05,19,1140,13:00,False,0.0,4.076594466092434e-06
ES,GLOBEX,B0,1h,M4_HARQ,35924,2022-09-05,20,1200,14:00,False,0.0,3.141369106497468e-06
ES,GLOBEX,B0,1h,M4_HARQ,35925,2022-09-05,21,1260,15:00,False,0.0,3.098504327516285e-06
ES,GLOBEX,B0,1h,M4_HARQ,37133,2022-11-24,19,1140,13:00,False,0.0,1.050673701541776e-06
ES,GLOBEX,B0,1h,M4_HARQ,37134,2022-11-24,20,1200,14:00,False,0.0,8.092025365662965e-07
ES,GLOBEX,B0,1h,M4_HARQ,37135,2022-11-24,21,1260,15:00,False,0.0,7.781769109822996e-07
ES,GLOBEX,B0,1h,M4_HARQ,37815,2023-01-16,19,1140,13:00,False,0.0,2.76330592012141e-06
ES,GLOBEX,B0,1h,M4_HARQ,37816,2023-01-16,20,1200,14:00,False,0.0,1.8385418339896848e-06
ES,GLOBEX,B0,1h,M4_HARQ,37817,2023-01-16,21,1260,15:00,False,0.0,1.8049919006945631e-06
ES,GLOBEX,B0,1h,M4_HARQ,38365,2023-02-20,19,1140,13:00,False,0.0,2.4118409205898366e-06
ES,GLOBEX,B0,1h,M4_HARQ,38366,2023-02-20,20,1200,14:00,False,0.0,1.9743959821926082e-06
ES,GLOBEX,B0,1h,M4_HARQ,38367,2023-02-20,21,1260,15:00,False,0.0,1.95984074937227e-06
ES,GLOBEX,B0,1h,M4_HARQ,39044,2023-04-07,16,960,10:00,False,0.0,8.461930065101318e-07
ES,GLOBEX,B0,1h,M4_HARQ,39045,2023-04-07,17,1020,11:00,False,0.0,5.797708783832434e-07
ES,GLOBEX,B0,1h,M4_HARQ,39046,2023-04-07,18,1080,12:00,False,0.0,5.712254025125713e-07
ES,GLOBEX,B0,1h,M4_HARQ,39047,2023-04-07,19,1140,13:00,False,0.0,5.63811634290022e-07
ES,GLOBEX,B0,1h,M4_HARQ,39048,2023-04-07,20,1200,14:00,False,0.0,5.566096485020398e-07
ES,GLOBEX,B0,1h,M4_HARQ,39049,2023-04-07,21,1260,15:00,False,0.0,5.463378226464957e-07
ES,GLOBEX,B0,1h,M4_HARQ,39839,2023-05-29,19,1140,13:00,False,0.0,1.3485666976301522e-06
ES,GLOBEX,B0,1h,M4_HARQ,39840,2023-05-29,20,1200,14:00,False,0.0,1.1037729657624065e-06
ES,GLOBEX,B0,1h,M4_HARQ,39841,2023-05-29,21,1260,15:00,False,0.0,1.0932593256554092e-06
ES,GLOBEX,B0,1h,M4_HARQ,40103,2023-06-19,19,1140,13:00,False,0.0,1.2220164785290527e-06
ES,GLOBEX,B0,1h,M4_HARQ,40104,2023-06-19,20,1200,14:00,False,0.0,9.365919355560595e-07
ES,GLOBEX,B0,1h,M4_HARQ,40105,2023-06-19,21,1260,15:00,False,0.0,9.225669246188764e-07
ES,GLOBEX,B0,1h,M4_HARQ,40323,2023-07-04,19,1140,13:00,False,0.0,8.107762687551766e-07
ES,GLOBEX,B0,1h,M4_HARQ,40324,2023-07-04,20,1200,14:00,False,0.0,6.696308819462179e-07
ES,GLOBEX,B0,1h,M4_HARQ,40325,2023-07-04,21,1260,15:00,False,0.0,6.56010269784954e-07
ES,GLOBEX,B0,1h,M4_HARQ,41291,2023-09-04,19,1140,13:00,False,0.0,1.0231343704123055e-06
ES,GLOBEX,B0,1h,M4_HARQ,41292,2023-09-04,20,1200,14:00,False,0.0,7.639011004786644e-07
ES,GLOBEX,B0,1h,M4_HARQ,41293,2023-09-04,21,1260,15:00,False,0.0,7.444103502341401e-07
ES,GLOBEX,B0,1h,M4_HARQ,42501,2023-11-23,19,1140,13:00,False,0.0,5.604935431772667e-07
ES,GLOBEX,B0,1h,M4_HARQ,42502,2023-11-23,20,1200,14:00,False,0.0,4.0434489439078235e-07
ES,GLOBEX,B0,1h,M4_HARQ,42503,2023-11-23,21,1260,15:00,False,0.0,3.926924095881772e-07
ES,GLOBEX,B0,1h,M5_RGARCH,679,2016-02-15,19,1140,13:00,False,0.0,6.942463384201293e-24
ES,GLOBEX,B0,1h,M5_RGARCH,680,2016-02-15,20,1200,14:00,False,0.0,0.0
ES,GLOBEX,B0,1h,M5_RGARCH,681,2016-02-15,21,1260,15:00,False,0.0,0.0
ES,GLOBEX,B0,1h,M5_RGARCH,682,2016-02-16,0,0,18:00,True,3.637477675511036e-06,0.0
ES,GLOBEX,B0,1h,M5_RGARCH,2241,2016-05-30,19,1140,13:00,False,0.0,1.0812950616264427e+157
ES,GLOBEX,B0,1h,M5_RGARCH,2242,2016-05-30,20,1200,14:00,False,0.0,4.151658802787936e-40
ES,GLOBEX,B0,1h,M5_RGARCH,2243,2016-05-30,21,1260,15:00,False,0.0,4.151658790861718e-40
ES,GLOBEX,B0,1h,M5_RGARCH,2725,2016-07-04,19,1140,13:00,False,0.0,1.2144881711992154e+157
ES,GLOBEX,B0,1h,M5_RGARCH,2726,2016-07-04,20,1200,14:00,False,0.0,4.1516588027910035e-40
ES,GLOBEX,B0,1h,M5_RGARCH,2727,2016-07-04,21,1260,15:00,False,0.0,4.151658790861718e-40
ES,GLOBEX,B0,1h,M5_RGARCH,4925,2016-11-24,19,1140,13:00,False,0.0,5.0387391956401534e+262
ES,GLOBEX,B0,1h,M5_RGARCH,4926,2016-11-24,20,1200,14:00,False,0.0,5.463758111551837e+88
ES,GLOBEX,B0,1h,M5_RGARCH,4927,2016-11-24,21,1260,15:00,False,0.0,5.463702543851603e+88
ES,GLOBEX,B0,1h,M5_RGARCH,5607,2017-01-16,19,1140,13:00,False,0.0,5.5800188225620175e+262
ES,GLOBEX,B0,1h,M5_RGARCH,5608,2017-01-16,20,1200,14:00,False,0.0,5.463758125706771e+88
ES,GLOBEX,B0,1h,M5_RGARCH,5609,2017-01-16,21,1260,15:00,False,0.0,5.463702543851603e+88
ES,GLOBEX,B0,1h,M5_RGARCH,6157,2017-02-20,19,1140,13:00,False,0.0,4.703274314185148e+181
ES,GLOBEX,B0,1h,M5_RGARCH,6158,2017-02-20,20,1200,14:00,False,0.0,2.0464962136654212
ES,GLOBEX,B0,1h,M5_RGARCH,6159,2017-02-20,21,1260,15:00,False,0.0,2.0464962136654212
ES,GLOBEX,B0,1h,M5_RGARCH,7609,2017-05-29,19,1140,13:00,False,0.0,5.322122316206792e+169
ES,GLOBEX,B0,1h,M5_RGARCH,7610,2017-05-29,20,1200,14:00,False,0.0,3.6283172881473255e-26
ES,GLOBEX,B0,1h,M5_RGARCH,7611,2017-05-29,21,1260,15:00,False,0.0,3.6283172881473255e-26
ES,GLOBEX,B0,1h,M5_RGARCH,8093,2017-07-04,19,1140,13:00,False,0.0,7.942417477822226e+169
ES,GLOBEX,B0,1h,M5_RGARCH,8094,2017-07-04,20,1200,14:00,False,0.0,3.6283172881473255e-26
ES,GLOBEX,B0,1h,M5_RGARCH,8095,2017-07-04,21,1260,15:00,False,0.0,3.6283172881473255e-26
ES,GLOBEX,B0,1h,M5_RGARCH,9061,2017-09-04,19,1140,13:00,False,0.0,3.363981965348449e+179
ES,GLOBEX,B0,1h,M5_RGARCH,9062,2017-09-04,20,1200,14:00,False,0.0,6.932936170001195e-17
ES,GLOBEX,B0,1h,M5_RGARCH,9063,2017-09-04,21,1260,15:00,False,0.0,6.932936170001195e-17
ES,GLOBEX,B0,1h,M5_RGARCH,10271,2017-11-23,19,1140,13:00,False,0.0,3.241700475096767e+179
ES,GLOBEX,B0,1h,M5_RGARCH,10272,2017-11-23,20,1200,14:00,False,0.0,6.932936170001195e-17
ES,GLOBEX,B0,1h,M5_RGARCH,10273,2017-11-23,21,1260,15:00,False,0.0,6.932936170001195e-17
ES,GLOBEX,B0,1h,M5_RGARCH,10953,2018-01-15,19,1140,13:00,False,0.0,2.9923248818957127e+186
ES,GLOBEX,B0,1h,M5_RGARCH,10954,2018-01-15,20,1200,14:00,False,0.0,8.303896841143282e-10
ES,GLOBEX,B0,1h,M5_RGARCH,10955,2018-01-15,21,1260,15:00,False,0.0,8.303896841143282e-10
ES,GLOBEX,B0,1h,M5_RGARCH,11503,2018-02-19,19,1140,13:00,False,0.0,1.5492424818954649e+187
ES,GLOBEX,B0,1h,M5_RGARCH,11504,2018-02-19,20,1200,14:00,False,0.0,8.303896841143282e-10
ES,GLOBEX,B0,1h,M5_RGARCH,11505,2018-02-19,21,1260,15:00,False,0.0,8.303896841143282e-10
ES,GLOBEX,B0,1h,M5_RGARCH,12955,2018-05-28,19,1140,13:00,False,0.0,1.3847610984434686e+192
ES,GLOBEX,B0,1h,M5_RGARCH,12956,2018-05-28,20,1200,14:00,False,0.0,0.00025968399068282275
ES,GLOBEX,B0,1h,M5_RGARCH,12957,2018-05-28,21,1260,15:00,False,0.0,0.00025968399068282275
ES,GLOBEX,B0,1h,M5_RGARCH,13461,2018-07-04,19,1140,13:00,False,0.0,5.835887478301149e+183
ES,GLOBEX,B0,1h,M5_RGARCH,13462,2018-07-04,20,1200,14:00,False,0.0,8.658535766356801e-13
ES,GLOBEX,B0,1h,M5_RGARCH,13463,2018-07-04,21,1260,15:00,False,0.0,8.658535766356801e-13
ES,GLOBEX,B0,1h,M5_RGARCH,14407,2018-09-03,19,1140,13:00,False,0.0,4.738357531214876e+183
ES,GLOBEX,B0,1h,M5_RGARCH,14408,2018-09-03,20,1200,14:00,False,0.0,8.658535766356801e-13
ES,GLOBEX,B0,1h,M5_RGARCH,14409,2018-09-03,21,1260,15:00,False,0.0,8.658535766356801e-13
ES,GLOBEX,B0,1h,M5_RGARCH,15617,2018-11-22,19,1140,13:00,False,0.0,4.731501175902975e+188
ES,GLOBEX,B0,1h,M5_RGARCH,15618,2018-11-22,20,1200,14:00,False,0.0,4.432586674510947e-08
ES,GLOBEX,B0,1h,M5_RGARCH,15619,2018-11-22,21,1260,15:00,False,0.0,4.432586674510947e-08
ES,GLOBEX,B0,1h,M5_RGARCH,15790,2018-12-05,16,960,10:00,False,0.0,3.3545693016308785e+188
ES,GLOBEX,B0,1h,M5_RGARCH,15791,2018-12-05,17,1020,11:00,False,0.0,4.432586674510947e-08
ES,GLOBEX,B0,1h,M5_RGARCH,15792,2018-12-05,18,1080,12:00,False,0.0,4.432586674510947e-08
ES,GLOBEX,B0,1h,M5_RGARCH,15793,2018-12-05,19,1140,13:00,False,0.0,4.432586674510947e-08
ES,GLOBEX,B0,1h,M5_RGARCH,15794,2018-12-05,20,1200,14:00,False,0.0,4.432586674510947e-08
ES,GLOBEX,B0,1h,M5_RGARCH,15795,2018-12-05,21,1260,15:00,False,0.0,4.432586674510947e-08
ES,GLOBEX,B0,1h,M5_RGARCH,16387,2019-01-21,19,1140,13:00,False,0.0,1.4961827314727945e+193
ES,GLOBEX,B0,1h,M5_RGARCH,16388,2019-01-21,20,1200,14:00,False,0.0,0.0026833460731649104
ES,GLOBEX,B0,1h,M5_RGARCH,16389,2019-01-21,21,1260,15:00,False,0.0,0.0026833460731649104
ES,GLOBEX,B0,1h,M5_RGARCH,16827,2019-02-18,19,1140,13:00,False,0.0,1.4468825961189827e+193
ES,GLOBEX,B0,1h,M5_RGARCH,16828,2019-02-18,20,1200,14:00,False,0.0,0.0026833460731649104
ES,GLOBEX,B0,1h,M5_RGARCH,16829,2019-02-18,21,1260,15:00,False,0.0,0.0026833460731649104
ES,GLOBEX,B0,1h,M5_RGARCH,16964,2019-02-27,2,120,20:00,True,0.0,1.1986336069801716e+193
ES,GLOBEX,B0,1h,M5_RGARCH,16965,2019-02-27,3,180,21:00,True,0.0,0.0026833460731649104
ES,GLOBEX,B0,1h,M5_RGARCH,18279,2019-05-27,19,1140,13:00,False,0.0,1.813006706965607e+206
ES,GLOBEX,B0,1h,M5_RGARCH,18280,2019-05-27,20,1200,14:00,False,0.0,63999626.35557256
ES,GLOBEX,B0,1h,M5_RGARCH,18281,2019-05-27,21,1260,15:00,False,0.0,63999626.35557256
ES,GLOBEX,B0,1h,M5_RGARCH,18807,2019-07-04,19,1140,13:00,False,0.0,2.058955575816612e+199
ES,GLOBEX,B0,1h,M5_RGARCH,18808,2019-07-04,20,1200,14:00,False,0.0,9.761172985425853
ES,GLOBEX,B0,1h,M5_RGARCH,18809,2019-07-04,21,1260,15:00,False,0.0,9.761172985425853
ES,GLOBEX,B0,1h,M5_RGARCH,19731,2019-09-02,19,1140,13:00,False,0.0,1.002886980688846e+200
ES,GLOBEX,B0,1h,M5_RGARCH,19732,2019-09-02,20,1200,14:00,False,0.0,9.761172985425853
ES,GLOBEX,B0,1h,M5_RGARCH,19733,2019-09-02,21,1260,15:00,False,0.0,9.761172985425853
ES,GLOBEX,B0,1h,M5_RGARCH,21051,2019-11-28,19,1140,13:00,False,0.0,4.086057226966677e+201
ES,GLOBEX,B0,1h,M5_RGARCH,21052,2019-11-28,20,1200,14:00,False,0.0,3049.2668123027784
ES,GLOBEX,B0,1h,M5_RGARCH,21053,2019-11-28,21,1260,15:00,False,0.0,3049.2668123027784
ES,GLOBEX,B0,1h,M5_RGARCH,21711,2020-01-20,19,1140,13:00,False,0.0,6.761350573618057e+195
ES,GLOBEX,B0,1h,M5_RGARCH,21712,2020-01-20,20,1200,14:00,False,0.0,0.005974812305698716
ES,GLOBEX,B0,1h,M5_RGARCH,21713,2020-01-20,21,1260,15:00,False,0.0,0.005974812305698716
ES,GLOBEX,B0,1h,M5_RGARCH,22151,2020-02-17,19,1140,13:00,False,0.0,8.962461600889448e+195
ES,GLOBEX,B0,1h,M5_RGARCH,22152,2020-02-17,20,1200,14:00,False,0.0,0.005974812305698716
ES,GLOBEX,B0,1h,M5_RGARCH,22153,2020-02-17,21,1260,15:00,False,0.0,0.005974812305698716
ES,GLOBEX,B0,1h,M5_RGARCH,22466,2020-03-09,4,240,22:00,True,0.0,8.231191351759355e+196
ES,GLOBEX,B0,1h,M5_RGARCH,22468,2020-03-09,6,360,00:00,True,0.0,8.418206659206237e+196
ES,GLOBEX,B0,1h,M5_RGARCH,22469,2020-03-09,7,420,01:00,True,0.0,0.005974812305698716
ES,GLOBEX,B0,1h,M5_RGARCH,22470,2020-03-09,8,480,02:00,True,0.0,0.005974812305698716
ES,GLOBEX,B0,1h,M5_RGARCH,22471,2020-03-09,9,540,03:00,True,0.0,0.005974812305698716
ES,GLOBEX,B0,1h,M5_RGARCH,22472,2020-03-09,10,600,04:00,True,0.0,0.005974812305698716
ES,GLOBEX,B0,1h,M5_RGARCH,22474,2020-03-09,12,720,06:00,True,0.0,2.5271118401425167e+196
ES,GLOBEX,B0,1h,M5_RGARCH,22475,2020-03-09,13,780,07:00,True,0.0,0.005974812305698716
ES,GLOBEX,B0,1h,M5_RGARCH,22476,2020-03-09,14,840,08:00,True,0.0,0.005974812305698716
ES,GLOBEX,B0,1h,M5_RGARCH,22558,2020-03-18,8,480,02:00,True,0.0,6.532226745322179e+196
ES,GLOBEX,B0,1h,M5_RGARCH,22559,2020-03-18,9,540,03:00,True,0.0,0.005974812305698716
ES,GLOBEX,B0,1h,M5_RGARCH,22560,2020-03-18,10,600,04:00,True,0.0,0.005974812305698716
ES,GLOBEX,B0,1h,M5_RGARCH,22561,2020-03-18,11,660,05:00,True,0.0,0.005974812305698716
ES,GLOBEX,B0,1h,M5_RGARCH,22562,2020-03-18,12,720,06:00,True,0.0,0.005974812305698716
ES,GLOBEX,B0,1h,M5_RGARCH,22563,2020-03-18,13,780,07:00,True,0.0,0.005974812305698716
ES,GLOBEX,B0,1h,M5_RGARCH,22564,2020-03-18,14,840,08:00,True,0.0,0.005974812305698716
ES,GLOBEX,B0,1h,M5_RGARCH,22650,2020-03-24,12,720,06:00,True,0.0,1.2902961321577178e+197
ES,GLOBEX,B0,1h,M5_RGARCH,23603,2020-05-25,19,1140,13:00,False,0.0,8.852960645229807e+235
ES,GLOBEX,B0,1h,M5_RGARCH,23604,2020-05-25,20,1200,14:00,False,0.0,2.993998701522393e+36
ES,GLOBEX,B0,1h,M5_RGARCH,23605,2020-05-25,21,1260,15:00,False,0.0,2.993998701522393e+36
ES,GLOBEX,B0,1h,M5_RGARCH,24112,2020-07-01,0,0,18:00,True,0.0,7.041585524801915e+236
ES,GLOBEX,B0,1h,M5_RGARCH,24113,2020-07-01,1,60,19:00,True,0.0,2.993998701522393e+36
ES,GLOBEX,B0,1h,M5_RGARCH,25165,2020-09-07,19,1140,13:00,False,0.0,4.786564552061426e+235
ES,GLOBEX,B0,1h,M5_RGARCH,25166,2020-09-07,20,1200,14:00,False,0.0,6.964250013543421e+36
ES,GLOBEX,B0,1h,M5_RGARCH,25167,2020-09-07,21,1260,15:00,False,0.0,6.964250013543421e+36
ES,GLOBEX,B0,1h,M5_RGARCH,26375,2020-11-26,19,1140,13:00,False,0.0,1.5108072369073788e+229
ES,GLOBEX,B0,1h,M5_RGARCH,26376,2020-11-26,20,1200,14:00,False,0.0,2.308000948507707e+30
ES,GLOBEX,B0,1h,M5_RGARCH,26377,2020-11-26,21,1260,15:00,False,0.0,2.308000948507707e+30
ES,GLOBEX,B0,1h,M5_RGARCH,27035,2021-01-18,19,1140,13:00,False,0.0,4.523964674402543e+222
ES,GLOBEX,B0,1h,M5_RGARCH,27036,2021-01-18,20,1200,14:00,False,0.0,4.0021661551805585e+24
ES,GLOBEX,B0,1h,M5_RGARCH,27037,2021-01-18,21,1260,15:00,False,0.0,4.0021661551805585e+24
ES,GLOBEX,B0,1h,M5_RGARCH,27475,2021-02-15,19,1140,13:00,False,0.0,2.6507675392995526e+222
ES,GLOBEX,B0,1h,M5_RGARCH,27476,2021-02-15,20,1200,14:00,False,0.0,4.0021661551805585e+24
ES,GLOBEX,B0,1h,M5_RGARCH,27477,2021-02-15,21,1260,15:00,False,0.0,4.0021661551805585e+24
ES,GLOBEX,B0,1h,M5_RGARCH,28154,2021-04-02,16,960,10:00,False,0.0,8.706525839763786e+222
ES,GLOBEX,B0,1h,M5_RGARCH,28155,2021-04-02,17,1020,11:00,False,0.0,4.0021661551805585e+24
ES,GLOBEX,B0,1h,M5_RGARCH,28156,2021-04-02,18,1080,12:00,False,0.0,4.0021661551805585e+24
ES,GLOBEX,B0,1h,M5_RGARCH,28157,2021-04-02,19,1140,13:00,False,0.0,4.0021661551805585e+24
ES,GLOBEX,B0,1h,M5_RGARCH,28158,2021-04-02,20,1200,14:00,False,0.0,4.0021661551805585e+24
ES,GLOBEX,B0,1h,M5_RGARCH,28159,2021-04-02,21,1260,15:00,False,0.0,4.0021661551805585e+24
ES,GLOBEX,B0,1h,M5_RGARCH,29059,2021-05-31,19,1140,13:00,False,0.0,1.0830598179494924e+230
ES,GLOBEX,B0,1h,M5_RGARCH,29060,2021-05-31,20,1200,14:00,False,0.0,6.902222187519754e+29
ES,GLOBEX,B0,1h,M5_RGARCH,29061,2021-05-31,21,1260,15:00,False,0.0,6.902222187519754e+29
ES,GLOBEX,B0,1h,M5_RGARCH,29543,2021-07-05,19,1140,13:00,False,0.0,9.198884813139092e+229
ES,GLOBEX,B0,1h,M5_RGARCH,29544,2021-07-05,20,1200,14:00,False,0.0,6.902222187519754e+29
ES,GLOBEX,B0,1h,M5_RGARCH,29545,2021-07-05,21,1260,15:00,False,0.0,6.902222187519754e+29
ES,GLOBEX,B0,1h,M5_RGARCH,30533,2021-09-06,19,1140,13:00,False,0.0,8.772555524024008e+229
ES,GLOBEX,B0,1h,M5_RGARCH,30534,2021-09-06,20,1200,14:00,False,0.0,1.4955162237891204e+30
ES,GLOBEX,B0,1h,M5_RGARCH,30535,2021-09-06,21,1260,15:00,False,0.0,1.4955162237891204e+30
ES,GLOBEX,B0,1h,M5_RGARCH,31743,2021-11-25,19,1140,13:00,False,0.0,5.251115219667962e+224
ES,GLOBEX,B0,1h,M5_RGARCH,31744,2021-11-25,20,1200,14:00,False,0.0,1.0763648264573445e+25
ES,GLOBEX,B0,1h,M5_RGARCH,31745,2021-11-25,21,1260,15:00,False,0.0,1.0763648264573445e+25
ES,GLOBEX,B0,1h,M5_RGARCH,32447,2022-01-17,19,1140,13:00,False,0.0,1.2222294949117188e+225
ES,GLOBEX,B0,1h,M5_RGARCH,32448,2022-01-17,20,1200,14:00,False,0.0,1.0763648264573445e+25
ES,GLOBEX,B0,1h,M5_RGARCH,32449,2022-01-17,21,1260,15:00,False,0.0,1.0763648264573445e+25
ES,GLOBEX,B0,1h,M5_RGARCH,32997,2022-02-21,19,1140,13:00,False,0.0,9.250861782194945e+225
ES,GLOBEX,B0,1h,M5_RGARCH,32998,2022-02-21,20,1200,14:00,False,0.0,3.618228370060092e+25
ES,GLOBEX,B0,1h,M5_RGARCH,32999,2022-02-21,21,1260,15:00,False,0.0,3.618228370060092e+25
ES,GLOBEX,B0,1h,M5_RGARCH,34449,2022-05-30,19,1140,13:00,False,0.0,2.689225625900086e+221
ES,GLOBEX,B0,1h,M5_RGARCH,34450,2022-05-30,20,1200,14:00,False,0.0,9.902622097055112e+20
ES,GLOBEX,B0,1h,M5_RGARCH,34451,2022-05-30,21,1260,15:00,False,0.0,9.902622097055112e+20
ES,GLOBEX,B0,1h,M5_RGARCH,34713,2022-06-20,19,1140,13:00,False,0.0,1.4085680571401457e+221
ES,GLOBEX,B0,1h,M5_RGARCH,34714,2022-06-20,20,1200,14:00,False,0.0,9.902622097055112e+20
ES,GLOBEX,B0,1h,M5_RGARCH,34715,2022-06-20,21,1260,15:00,False,0.0,9.902622097055112e+20
ES,GLOBEX,B0,1h,M5_RGARCH,34933,2022-07-04,19,1140,13:00,False,0.0,1.3060536719877128e+221
ES,GLOBEX,B0,1h,M5_RGARCH,34934,2022-07-04,20,1200,14:00,False,0.0,9.902622097055112e+20
ES,GLOBEX,B0,1h,M5_RGARCH,34935,2022-07-04,21,1260,15:00,False,0.0,9.902622097055112e+20
ES,GLOBEX,B0,1h,M5_RGARCH,35923,2022-09-05,19,1140,13:00,False,0.0,1.6364401351846588e+226
ES,GLOBEX,B0,1h,M5_RGARCH,35924,2022-09-05,20,1200,14:00,False,0.0,2.6935112946745916e+26
ES,GLOBEX,B0,1h,M5_RGARCH,35925,2022-09-05,21,1260,15:00,False,0.0,2.6935112946745916e+26
ES,GLOBEX,B0,1h,M5_RGARCH,37133,2022-11-24,19,1140,13:00,False,0.0,3.703436979933167e+221
ES,GLOBEX,B0,1h,M5_RGARCH,37134,2022-11-24,20,1200,14:00,False,0.0,1.615155140442728e+22
ES,GLOBEX,B0,1h,M5_RGARCH,37135,2022-11-24,21,1260,15:00,False,0.0,1.615155140442728e+22
ES,GLOBEX,B0,1h,M5_RGARCH,37815,2023-01-16,19,1140,13:00,False,0.0,9.583049700860655e+221
ES,GLOBEX,B0,1h,M5_RGARCH,37816,2023-01-16,20,1200,14:00,False,0.0,1.615155140442728e+22
ES,GLOBEX,B0,1h,M5_RGARCH,37817,2023-01-16,21,1260,15:00,False,0.0,1.615155140442728e+22
ES,GLOBEX,B0,1h,M5_RGARCH,38365,2023-02-20,19,1140,13:00,False,0.0,1.524744231208169e+222
ES,GLOBEX,B0,1h,M5_RGARCH,38366,2023-02-20,20,1200,14:00,False,0.0,5.107713087105135e+22
ES,GLOBEX,B0,1h,M5_RGARCH,38367,2023-02-20,21,1260,15:00,False,0.0,5.107713087105135e+22
ES,GLOBEX,B0,1h,M5_RGARCH,39044,2023-04-07,16,960,10:00,False,0.0,1.0563072283410025e+222
ES,GLOBEX,B0,1h,M5_RGARCH,39045,2023-04-07,17,1020,11:00,False,0.0,5.107713087105135e+22
ES,GLOBEX,B0,1h,M5_RGARCH,39046,2023-04-07,18,1080,12:00,False,0.0,5.107713087105135e+22
ES,GLOBEX,B0,1h,M5_RGARCH,39047,2023-04-07,19,1140,13:00,False,0.0,5.107713087105135e+22
ES,GLOBEX,B0,1h,M5_RGARCH,39048,2023-04-07,20,1200,14:00,False,0.0,5.107713087105135e+22
ES,GLOBEX,B0,1h,M5_RGARCH,39049,2023-04-07,21,1260,15:00,False,0.0,5.107713087105135e+22
ES,GLOBEX,B0,1h,M5_RGARCH,39839,2023-05-29,19,1140,13:00,False,0.0,1.1253230165139855e+223
ES,GLOBEX,B0,1h,M5_RGARCH,39840,2023-05-29,20,1200,14:00,False,0.0,2.087493658440632e+22
ES,GLOBEX,B0,1h,M5_RGARCH,39841,2023-05-29,21,1260,15:00,False,0.0,2.087493658440632e+22
ES,GLOBEX,B0,1h,M5_RGARCH,40103,2023-06-19,19,1140,13:00,False,0.0,1.2506635222887468e+223
ES,GLOBEX,B0,1h,M5_RGARCH,40104,2023-06-19,20,1200,14:00,False,0.0,2.087493658440632e+22
ES,GLOBEX,B0,1h,M5_RGARCH,40105,2023-06-19,21,1260,15:00,False,0.0,2.087493658440632e+22
ES,GLOBEX,B0,1h,M5_RGARCH,40323,2023-07-04,19,1140,13:00,False,0.0,7.243392233332199e+222
ES,GLOBEX,B0,1h,M5_RGARCH,40324,2023-07-04,20,1200,14:00,False,0.0,2.087493658440632e+22
ES,GLOBEX,B0,1h,M5_RGARCH,40325,2023-07-04,21,1260,15:00,False,0.0,2.087493658440632e+22
ES,GLOBEX,B0,1h,M5_RGARCH,41291,2023-09-04,19,1140,13:00,False,0.0,2.9635191221204293e+227
ES,GLOBEX,B0,1h,M5_RGARCH,41292,2023-09-04,20,1200,14:00,False,0.0,7.790499894507077e+26
ES,GLOBEX,B0,1h,M5_RGARCH,41293,2023-09-04,21,1260,15:00,False,0.0,7.790499894507077e+26
ES,GLOBEX,B0,1h,M5_RGARCH,42501,2023-11-23,19,1140,13:00,False,0.0,3.2372140767755477e+223
ES,GLOBEX,B0,1h,M5_RGARCH,42502,2023-11-23,20,1200,14:00,False,0.0,2.2331392108366186e+23
ES,GLOBEX,B0,1h,M5_RGARCH,42503,2023-11-23,21,1260,15:00,False,0.0,2.2331392108366186e+23
ES,GLOBEX,B0,1h,M6_PARK,679,2016-02-15,19,1140,13:00,False,0.0,1.2454191558060587e-06
ES,GLOBEX,B0,1h,M6_PARK,680,2016-02-15,20,1200,14:00,False,0.0,0.0
ES,GLOBEX,B0,1h,M6_PARK,681,2016-02-15,21,1260,15:00,False,0.0,0.0
ES,GLOBEX,B0,1h,M6_PARK,682,2016-02-16,0,0,18:00,True,3.637477675511036e-06,0.0
ES,GLOBEX,B0,1h,M6_PARK,2241,2016-05-30,19,1140,13:00,False,0.0,1.2752274033333074e-07
ES,GLOBEX,B0,1h,M6_PARK,2242,2016-05-30,20,1200,14:00,False,0.0,0.0
ES,GLOBEX,B0,1h,M6_PARK,2243,2016-05-30,21,1260,15:00,False,0.0,0.0
ES,GLOBEX,B0,1h,M6_PARK,2244,2016-05-31,0,0,18:00,True,5.525207598111592e-07,0.0
ES,GLOBEX,B0,1h,M6_PARK,2725,2016-07-04,19,1140,13:00,False,0.0,1.8402564833962729e-07
ES,GLOBEX,B0,1h,M6_PARK,2726,2016-07-04,20,1200,14:00,False,0.0,0.0
ES,GLOBEX,B0,1h,M6_PARK,2727,2016-07-04,21,1260,15:00,False,0.0,0.0
ES,GLOBEX,B0,1h,M6_PARK,2728,2016-07-05,0,0,18:00,True,6.252776074688882e-07,0.0
ES,GLOBEX,B0,1h,M6_PARK,4925,2016-11-24,19,1140,13:00,False,0.0,1.1574110145536413e-07
ES,GLOBEX,B0,1h,M6_PARK,4926,2016-11-24,20,1200,14:00,False,0.0,0.0
ES,GLOBEX,B0,1h,M6_PARK,4927,2016-11-24,21,1260,15:00,False,0.0,0.0
ES,GLOBEX,B0,1h,M6_PARK,4928,2016-11-28,0,0,18:00,True,6.415905318135628e-07,0.0
ES,GLOBEX,B0,1h,M6_PARK,5607,2017-01-16,19,1140,13:00,False,0.0,2.809749271244077e-07
ES,GLOBEX,B0,1h,M6_PARK,5608,2017-01-16,20,1200,14:00,False,0.0,0.0
ES,GLOBEX,B0,1h,M6_PARK,5609,2017-01-16,21,1260,15:00,False,0.0,0.0
ES,GLOBEX,B0,1h,M6_PARK,5610,2017-01-17,0,0,18:00,True,5.604281341220485e-07,0.0
ES,GLOBEX,B0,1h,M6_PARK,6157,2017-02-20,19,1140,13:00,False,0.0,1.9957398373590998e-07
ES,GLOBEX,B0,1h,M6_PARK,6158,2017-02-20,20,1200,14:00,False,0.0,0.0
ES,GLOBEX,B0,1h,M6_PARK,6159,2017-02-20,21,1260,15:00,False,0.0,0.0
ES,GLOBEX,B0,1h,M6_PARK,6160,2017-02-21,0,0,18:00,True,3.8352936826413497e-07,0.0
ES,GLOBEX,B0,1h,M6_PARK,7609,2017-05-29,19,1140,13:00,False,0.0,9.654153640841003e-08
ES,GLOBEX,B0,1h,M6_PARK,7610,2017-05-29,20,1200,14:00,False,0.0,0.0
ES,GLOBEX,B0,1h,M6_PARK,7611,2017-05-29,21,1260,15:00,False,0.0,0.0
ES,GLOBEX,B0,1h,M6_PARK,7612,2017-05-30,0,0,18:00,True,2.0342918105598073e-07,0.0
ES,GLOBEX,B0,1h,M6_PARK,8093,2017-07-04,19,1140,13:00,False,0.0,1.8797776430946662e-07
ES,GLOBEX,B0,1h,M6_PARK,8094,2017-07-04,20,1200,14:00,False,0.0,0.0
ES,GLOBEX,B0,1h,M6_PARK,8095,2017-07-04,21,1260,15:00,False,0.0,0.0
ES,GLOBEX,B0,1h,M6_PARK,8096,2017-07-05,0,0,18:00,True,1.201398845296353e-06,0.0
ES,GLOBEX,B0,1h,M6_PARK,9061,2017-09-04,19,1140,13:00,False,0.0,1.3310475970831108e-07
ES,GLOBEX,B0,1h,M6_PARK,9062,2017-09-04,20,1200,14:00,False,0.0,0.0
ES,GLOBEX,B0,1h,M6_PARK,9063,2017-09-04,21,1260,15:00,False,0.0,0.0
ES,GLOBEX,B0,1h,M6_PARK,9064,2017-09-05,0,0,18:00,True,4.717196588899242e-07,0.0
ES,GLOBEX,B0,1h,M6_PARK,10271,2017-11-23,19,1140,13:00,False,0.0,1.2026604133890962e-07
ES,GLOBEX,B0,1h,M6_PARK,10272,2017-11-23,20,1200,14:00,False,0.0,0.0
ES,GLOBEX,B0,1h,M6_PARK,10273,2017-11-23,21,1260,15:00,False,0.0,0.0
ES,GLOBEX,B0,1h,M6_PARK,10274,2017-11-27,0,0,18:00,True,5.443619102152297e-07,0.0
ES,GLOBEX,B0,1h,M6_PARK,10953,2018-01-15,19,1140,13:00,False,0.0,1.4159419872718903e-07
ES,GLOBEX,B0,1h,M6_PARK,10954,2018-01-15,20,1200,14:00,False,0.0,0.0
ES,GLOBEX,B0,1h,M6_PARK,10955,2018-01-15,21,1260,15:00,False,0.0,0.0
ES,GLOBEX,B0,1h,M6_PARK,10956,2018-01-16,0,0,18:00,True,3.9224255488079507e-07,0.0
ES,GLOBEX,B0,1h,M6_PARK,11503,2018-02-19,19,1140,13:00,False,0.0,1.0913508450259088e-06
ES,GLOBEX,B0,1h,M6_PARK,11504,2018-02-19,20,1200,14:00,False,0.0,0.0
ES,GLOBEX,B0,1h,M6_PARK,11505,2018-02-19,21,1260,15:00,False,0.0,0.0
ES,GLOBEX,B0,1h,M6_PARK,11506,2018-02-20,0,0,18:00,True,2.0784505068149883e-06,0.0
ES,GLOBEX,B0,1h,M6_PARK,12955,2018-05-28,19,1140,13:00,False,0.0,7.79474261463523e-07
ES,GLOBEX,B0,1h,M6_PARK,12956,2018-05-28,20,1200,14:00,False,0.0,0.0
ES,GLOBEX,B0,1h,M6_PARK,12957,2018-05-28,21,1260,15:00,False,0.0,0.0
ES,GLOBEX,B0,1h,M6_PARK,12958,2018-05-29,0,0,18:00,True,1.0042699614132289e-06,0.0
ES,GLOBEX,B0,1h,M6_PARK,13461,2018-07-04,19,1140,13:00,False,0.0,2.465771996391559e-07
ES,GLOBEX,B0,1h,M6_PARK,13462,2018-07-04,20,1200,14:00,False,0.0,0.0
ES,GLOBEX,B0,1h,M6_PARK,13463,2018-07-04,21,1260,15:00,False,0.0,0.0
ES,GLOBEX,B0,1h,M6_PARK,13464,2018-07-05,0,0,18:00,True,7.602336609124904e-07,0.0
ES,GLOBEX,B0,1h,M6_PARK,14407,2018-09-03,19,1140,13:00,False,0.0,1.3040219534522064e-07
ES,GLOBEX,B0,1h,M6_PARK,14408,2018-09-03,20,1200,14:00,False,0.0,0.0
ES,GLOBEX,B0,1h,M6_PARK,14409,2018-09-03,21,1260,15:00,False,0.0,0.0
ES,GLOBEX,B0,1h,M6_PARK,14410,2018-09-04,0,0,18:00,True,3.545139861671487e-07,0.0
ES,GLOBEX,B0,1h,M6_PARK,15617,2018-11-22,19,1140,13:00,False,0.0,8.319047481769442e-07
ES,GLOBEX,B0,1h,M6_PARK,15618,2018-11-22,20,1200,14:00,False,0.0,0.0
ES,GLOBEX,B0,1h,M6_PARK,15619,2018-11-22,21,1260,15:00,False,0.0,0.0
ES,GLOBEX,B0,1h,M6_PARK,15620,2018-11-26,0,0,18:00,True,5.7596298574935645e-06,0.0
ES,GLOBEX,B0,1h,M6_PARK,15790,2018-12-05,16,960,10:00,False,0.0,5.982791915355611e-07
ES,GLOBEX,B0,1h,M6_PARK,15791,2018-12-05,17,1020,11:00,False,0.0,0.0
ES,GLOBEX,B0,1h,M6_PARK,15792,2018-12-05,18,1080,12:00,False,0.0,0.0
ES,GLOBEX,B0,1h,M6_PARK,15793,2018-12-05,19,1140,13:00,False,0.0,0.0
ES,GLOBEX,B0,1h,M6_PARK,15794,2018-12-05,20,1200,14:00,False,0.0,0.0
ES,GLOBEX,B0,1h,M6_PARK,15795,2018-12-05,21,1260,15:00,False,0.0,0.0
ES,GLOBEX,B0,1h,M6_PARK,15796,2018-12-06,0,0,18:00,True,0.00012917070648654772,0.0
ES,GLOBEX,B0,1h,M6_PARK,16387,2019-01-21,19,1140,13:00,False,0.0,3.176178619266885e-07
ES,GLOBEX,B0,1h,M6_PARK,16388,2019-01-21,20,1200,14:00,False,0.0,0.0
ES,GLOBEX,B0,1h,M6_PARK,16389,2019-01-21,21,1260,15:00,False,0.0,0.0
ES,GLOBEX,B0,1h,M6_PARK,16390,2019-01-22,0,0,18:00,True,1.1831536994577618e-06,0.0
ES,GLOBEX,B0,1h,M6_PARK,16827,2019-02-18,19,1140,13:00,False,0.0,5.728607351717738e-07
ES,GLOBEX,B0,1h,M6_PARK,16828,2019-02-18,20,1200,14:00,False,0.0,0.0
ES,GLOBEX,B0,1h,M6_PARK,16829,2019-02-18,21,1260,15:00,False,0.0,0.0
ES,GLOBEX,B0,1h,M6_PARK,16830,2019-02-19,0,0,18:00,True,6.406094144040253e-07,0.0
ES,GLOBEX,B0,1h,M6_PARK,16964,2019-02-27,2,120,20:00,True,0.0,1.8550277136520718e-07
ES,GLOBEX,B0,1h,M6_PARK,16965,2019-02-27,3,180,21:00,True,0.0,0.0
ES,GLOBEX,B0,1h,M6_PARK,16966,2019-02-27,4,240,22:00,True,6.973643849050859e-07,0.0
ES,GLOBEX,B0,1h,M6_PARK,18279,2019-05-27,19,1140,13:00,False,0.0,4.7591383461082983e-07
ES,GLOBEX,B0,1h,M6_PARK,18280,2019-05-27,20,1200,14:00,False,0.0,0.0
ES,GLOBEX,B0,1h,M6_PARK,18281,2019-05-27,21,1260,15:00,False,0.0,0.0
ES,GLOBEX,B0,1h,M6_PARK,18282,2019-05-28,0,0,18:00,True,1.2304610663704807e-06,0.0
ES,GLOBEX,B0,1h,M6_PARK,18807,2019-07-04,19,1140,13:00,False,0.0,3.995448848293487e-08
ES,GLOBEX,B0,1h,M6_PARK,18808,2019-07-04,20,1200,14:00,False,0.0,0.0
ES,GLOBEX,B0,1h,M6_PARK,18809,2019-07-04,21,1260,15:00,False,0.0,0.0
ES,GLOBEX,B0,1h,M6_PARK,18810,2019-07-05,0,0,18:00,True,2.983942977152765e-07,0.0
ES,GLOBEX,B0,1h,M6_PARK,19731,2019-09-02,19,1140,13:00,False,0.0,2.5708436476472217e-06
ES,GLOBEX,B0,1h,M6_PARK,19732,2019-09-02,20,1200,14:00,False,0.0,0.0
ES,GLOBEX,B0,1h,M6_PARK,19733,2019-09-02,21,1260,15:00,False,0.0,0.0
ES,GLOBEX,B0,1h,M6_PARK,19734,2019-09-03,0,0,18:00,True,2.132490180883906e-06,0.0
ES,GLOBEX,B0,1h,M6_PARK,21051,2019-11-28,19,1140,13:00,False,0.0,8.168001565454524e-08
ES,GLOBEX,B0,1h,M6_PARK,21052,2019-11-28,20,1200,14:00,False,0.0,0.0
ES,GLOBEX,B0,1h,M6_PARK,21053,2019-11-28,21,1260,15:00,False,0.0,0.0
ES,GLOBEX,B0,1h,M6_PARK,21054,2019-12-02,0,0,18:00,True,7.511998774134554e-07,0.0
ES,GLOBEX,B0,1h,M6_PARK,21711,2020-01-20,19,1140,13:00,False,0.0,7.33900194070536e-08
ES,GLOBEX,B0,1h,M6_PARK,21712,2020-01-20,20,1200,14:00,False,0.0,0.0
ES,GLOBEX,B0,1h,M6_PARK,21713,2020-01-20,21,1260,15:00,False,0.0,0.0
ES,GLOBEX,B0,1h,M6_PARK,21714,2020-01-21,0,0,18:00,True,3.152917997795157e-07,0.0
ES,GLOBEX,B0,1h,M6_PARK,22151,2020-02-17,19,1140,13:00,False,0.0,9.600840423045672e-08
ES,GLOBEX,B0,1h,M6_PARK,22152,2020-02-17,20,1200,14:00,False,0.0,0.0
ES,GLOBEX,B0,1h,M6_PARK,22153,2020-02-17,21,1260,15:00,False,0.0,0.0
ES,GLOBEX,B0,1h,M6_PARK,22154,2020-02-18,0,0,18:00,True,1.9771505321841687e-06,0.0
ES,GLOBEX,B0,1h,M6_PARK,22466,2020-03-09,4,240,22:00,True,0.0,1.6704150868665256e-05
ES,GLOBEX,B0,1h,M6_PARK,22467,2020-03-09,5,300,23:00,True,1.1863129657285754e-05,0.0
ES,GLOBEX,B0,1h,M6_PARK,22468,2020-03-09,6,360,00:00,True,0.0,2.8964510295408266e-06
ES,GLOBEX,B0,1h,M6_PARK,22469,2020-03-09,7,420,01:00,True,0.0,0.0
ES,GLOBEX,B0,1h,M6_PARK,22470,2020-03-09,8,480,02:00,True,0.0,0.0
ES,GLOBEX,B0,1h,M6_PARK,22471,2020-03-09,9,540,03:00,True,0.0,0.0
ES,GLOBEX,B0,1h,M6_PARK,22472,2020-03-09,10,600,04:00,True,0.0,0.0
ES,GLOBEX,B0,1h,M6_PARK,22473,2020-03-09,11,660,05:00,True,1.9947224245697726e-06,0.0
ES,GLOBEX,B0,1h,M6_PARK,22474,2020-03-09,12,720,06:00,True,0.0,4.786836453030883e-07
ES,GLOBEX,B0,1h,M6_PARK,22475,2020-03-09,13,780,07:00,True,0.0,0.0
ES,GLOBEX,B0,1h,M6_PARK,22476,2020-03-09,14,840,08:00,True,0.0,0.0
ES,GLOBEX,B0,1h,M6_PARK,22477,2020-03-09,15,900,09:00,True,0.0009125631077040453,0.0
ES,GLOBEX,B0,1h,M6_PARK,22558,2020-03-18,8,480,02:00,True,0.0,4.803061598127928e-06
ES,GLOBEX,B0,1h,M6_PARK,22559,2020-03-18,9,540,03:00,True,0.0,0.0
ES,GLOBEX,B0,1h,M6_PARK,22560,2020-03-18,10,600,04:00,True,0.0,0.0
ES,GLOBEX,B0,1h,M6_PARK,22561,2020-03-18,11,660,05:00,True,0.0,0.0
ES,GLOBEX,B0,1h,M6_PARK,22562,2020-03-18,12,720,06:00,True,0.0,0.0
ES,GLOBEX,B0,1h,M6_PARK,22563,2020-03-18,13,780,07:00,True,0.0,0.0
ES,GLOBEX,B0,1h,M6_PARK,22564,2020-03-18,14,840,08:00,True,0.0,0.0
ES,GLOBEX,B0,1h,M6_PARK,22565,2020-03-18,15,900,09:00,True,0.0005093123620554252,0.0
ES,GLOBEX,B0,1h,M6_PARK,22650,2020-03-24,12,720,06:00,True,0.0,9.991610810026645e-06
ES,GLOBEX,B0,1h,M6_PARK,22651,2020-03-24,13,780,07:00,True,0.00012877174185632612,0.0
ES,GLOBEX,B0,1h,M6_PARK,23603,2020-05-25,19,1140,13:00,False,0.0,3.054705506319408e-07
ES,GLOBEX,B0,1h,M6_PARK,23604,2020-05-25,20,1200,14:00,False,0.0,0.0
ES,GLOBEX,B0,1h,M6_PARK,23605,2020-05-25,21,1260,15:00,False,0.0,0.0
ES,GLOBEX,B0,1h,M6_PARK,23606,2020-05-26,0,0,18:00,True,2.4656010282342322e-06,0.0
ES,GLOBEX,B0,1h,M6_PARK,24112,2020-07-01,0,0,18:00,True,0.0,3.588352069486213e-05
ES,GLOBEX,B0,1h,M6_PARK,24113,2020-07-01,1,60,19:00,True,0.0,0.0
ES,GLOBEX,B0,1h,M6_PARK,24114,2020-07-01,2,120,20:00,True,2.5768003979464993e-06,0.0
ES,GLOBEX,B0,1h,M6_PARK,25165,2020-09-07,19,1140,13:00,False,0.0,6.896849125653365e-07
ES,GLOBEX,B0,1h,M6_PARK,25166,2020-09-07,20,1200,14:00,False,0.0,0.0
ES,GLOBEX,B0,1h,M6_PARK,25167,2020-09-07,21,1260,15:00,False,0.0,0.0
ES,GLOBEX,B0,1h,M6_PARK,25168,2020-09-08,0,0,18:00,True,4.5630531531060115e-06,0.0
ES,GLOBEX,B0,1h,M6_PARK,26375,2020-11-26,19,1140,13:00,False,0.0,3.035520292623191e-06
ES,GLOBEX,B0,1h,M6_PARK,26376,2020-11-26,20,1200,14:00,False,0.0,0.0
ES,GLOBEX,B0,1h,M6_PARK,26377,2020-11-26,21,1260,15:00,False,0.0,0.0
ES,GLOBEX,B0,1h,M6_PARK,26378,2020-11-30,0,0,18:00,True,1.9605895431595854e-06,0.0
ES,GLOBEX,B0,1h,M6_PARK,27035,2021-01-18,19,1140,13:00,False,0.0,3.5753265867387046e-07
ES,GLOBEX,B0,1h,M6_PARK,27036,2021-01-18,20,1200,14:00,False,0.0,0.0
ES,GLOBEX,B0,1h,M6_PARK,27037,2021-01-18,21,1260,15:00,False,0.0,0.0
ES,GLOBEX,B0,1h,M6_PARK,27038,2021-01-19,0,0,18:00,True,6.892796591273509e-07,0.0
ES,GLOBEX,B0,1h,M6_PARK,27475,2021-02-15,19,1140,13:00,False,0.0,7.092847572862777e-08
ES,GLOBEX,B0,1h,M6_PARK,27476,2021-02-15,20,1200,14:00,False,0.0,0.0
ES,GLOBEX,B0,1h,M6_PARK,27477,2021-02-15,21,1260,15:00,False,0.0,0.0
ES,GLOBEX,B0,1h,M6_PARK,27478,2021-02-16,0,0,18:00,True,8.329607226187363e-07,0.0
ES,GLOBEX,B0,1h,M6_PARK,28154,2021-04-02,16,960,10:00,False,0.0,6.129876858867092e-07
ES,GLOBEX,B0,1h,M6_PARK,28155,2021-04-02,17,1020,11:00,False,0.0,0.0
ES,GLOBEX,B0,1h,M6_PARK,28156,2021-04-02,18,1080,12:00,False,0.0,0.0
ES,GLOBEX,B0,1h,M6_PARK,28157,2021-04-02,19,1140,13:00,False,0.0,0.0
ES,GLOBEX,B0,1h,M6_PARK,28158,2021-04-02,20,1200,14:00,False,0.0,0.0
ES,GLOBEX,B0,1h,M6_PARK,28159,2021-04-02,21,1260,15:00,False,0.0,0.0
ES,GLOBEX,B0,1h,M6_PARK,28160,2021-04-05,0,0,18:00,True,2.2599479052587412e-06,0.0
ES,GLOBEX,B0,1h,M6_PARK,29059,2021-05-31,19,1140,13:00,False,0.0,2.5114863789908953e-07
ES,GLOBEX,B0,1h,M6_PARK,29060,2021-05-31,20,1200,14:00,False,0.0,0.0
ES,GLOBEX,B0,1h,M6_PARK,29061,2021-05-31,21,1260,15:00,False,0.0,0.0
ES,GLOBEX,B0,1h,M6_PARK,29062,2021-06-01,0,0,18:00,True,5.567044354393147e-07,0.0
ES,GLOBEX,B0,1h,M6_PARK,29543,2021-07-05,19,1140,13:00,False,0.0,4.3156037009996185e-07
ES,GLOBEX,B0,1h,M6_PARK,29544,2021-07-05,20,1200,14:00,False,0.0,0.0
ES,GLOBEX,B0,1h,M6_PARK,29545,2021-07-05,21,1260,15:00,False,0.0,0.0
ES,GLOBEX,B0,1h,M6_PARK,29546,2021-07-06,0,0,18:00,True,2.2844233171781525e-07,0.0
ES,GLOBEX,B0,1h,M6_PARK,30533,2021-09-06,19,1140,13:00,False,0.0,1.3227024916487886e-07
ES,GLOBEX,B0,1h,M6_PARK,30534,2021-09-06,20,1200,14:00,False,0.0,0.0
ES,GLOBEX,B0,1h,M6_PARK,30535,2021-09-06,21,1260,15:00,False,0.0,0.0
ES,GLOBEX,B0,1h,M6_PARK,30536,2021-09-07,0,0,18:00,True,2.3348729882854968e-07,0.0
ES,GLOBEX,B0,1h,M6_PARK,31743,2021-11-25,19,1140,13:00,False,0.0,8.266509236913915e-08
ES,GLOBEX,B0,1h,M6_PARK,31744,2021-11-25,20,1200,14:00,False,0.0,0.0
ES,GLOBEX,B0,1h,M6_PARK,31745,2021-11-25,21,1260,15:00,False,0.0,0.0
ES,GLOBEX,B0,1h,M6_PARK,31746,2021-11-29,0,0,18:00,True,2.077652607113123e-05,0.0
ES,GLOBEX,B0,1h,M6_PARK,32447,2022-01-17,19,1140,13:00,False,0.0,2.3422224480117215e-07
ES,GLOBEX,B0,1h,M6_PARK,32448,2022-01-17,20,1200,14:00,False,0.0,0.0
ES,GLOBEX,B0,1h,M6_PARK,32449,2022-01-17,21,1260,15:00,False,0.0,0.0
ES,GLOBEX,B0,1h,M6_PARK,32450,2022-01-18,0,0,18:00,True,1.432465978723485e-06,0.0
ES,GLOBEX,B0,1h,M6_PARK,32997,2022-02-21,19,1140,13:00,False,0.0,5.322230075829475e-06
ES,GLOBEX,B0,1h,M6_PARK,32998,2022-02-21,20,1200,14:00,False,0.0,0.0
ES,GLOBEX,B0,1h,M6_PARK,32999,2022-02-21,21,1260,15:00,False,0.0,0.0
ES,GLOBEX,B0,1h,M6_PARK,33000,2022-02-22,0,0,18:00,True,2.5808609279920347e-05,0.0
ES,GLOBEX,B0,1h,M6_PARK,34449,2022-05-30,19,1140,13:00,False,0.0,2.2741360317753485e-06
ES,GLOBEX,B0,1h,M6_PARK,34450,2022-05-30,20,1200,14:00,False,0.0,0.0
ES,GLOBEX,B0,1h,M6_PARK,34451,2022-05-30,21,1260,15:00,False,0.0,0.0
ES,GLOBEX,B0,1h,M6_PARK,34452,2022-05-31,0,0,18:00,True,2.931793460447807e-06,0.0
ES,GLOBEX,B0,1h,M6_PARK,34713,2022-06-20,19,1140,13:00,False,0.0,1.1891827728848794e-06
ES,GLOBEX,B0,1h,M6_PARK,34714,2022-06-20,20,1200,14:00,False,0.0,0.0
ES,GLOBEX,B0,1h,M6_PARK,34715,2022-06-20,21,1260,15:00,False,0.0,0.0
ES,GLOBEX,B0,1h,M6_PARK,34716,2022-06-21,0,0,18:00,True,2.601018422865309e-06,0.0
ES,GLOBEX,B0,1h,M6_PARK,34933,2022-07-04,19,1140,13:00,False,0.0,6.201833711385681e-07
ES,GLOBEX,B0,1h,M6_PARK,34934,2022-07-04,20,1200,14:00,False,0.0,0.0
ES,GLOBEX,B0,1h,M6_PARK,34935,2022-07-04,21,1260,15:00,False,0.0,0.0
ES,GLOBEX,B0,1h,M6_PARK,34936,2022-07-05,0,0,18:00,True,3.5271450542495586e-06,0.0
ES,GLOBEX,B0,1h,M6_PARK,35923,2022-09-05,19,1140,13:00,False,0.0,8.376609519460137e-07
ES,GLOBEX,B0,1h,M6_PARK,35924,2022-09-05,20,1200,14:00,False,0.0,0.0
ES,GLOBEX,B0,1h,M6_PARK,35925,2022-09-05,21,1260,15:00,False,0.0,0.0
ES,GLOBEX,B0,1h,M6_PARK,35926,2022-09-06,0,0,18:00,True,2.5000417736009695e-06,0.0
ES,GLOBEX,B0,1h,M6_PARK,37133,2022-11-24,19,1140,13:00,False,0.0,1.118768977597543e-07
ES,GLOBEX,B0,1h,M6_PARK,37134,2022-11-24,20,1200,14:00,False,0.0,0.0
ES,GLOBEX,B0,1h,M6_GK,679,2016-02-15,19,1140,13:00,False,0.0,3.926295627860372e-07
ES,GLOBEX,B0,1h,M6_GK,680,2016-02-15,20,1200,14:00,False,0.0,1e-300
ES,GLOBEX,B0,1h,M6_GK,681,2016-02-15,21,1260,15:00,False,0.0,1e-300
ES,GLOBEX,B0,1h,M6_GK,2241,2016-05-30,19,1140,13:00,False,0.0,1.713383115466526e-07
ES,GLOBEX,B0,1h,M6_GK,2242,2016-05-30,20,1200,14:00,False,0.0,1e-300
ES,GLOBEX,B0,1h,M6_GK,2243,2016-05-30,21,1260,15:00,False,0.0,1e-300
ES,GLOBEX,B0,1h,M6_GK,2725,2016-07-04,19,1140,13:00,False,0.0,5.8015736719771915e-08
ES,GLOBEX,B0,1h,M6_GK,2726,2016-07-04,20,1200,14:00,False,0.0,1e-300
ES,GLOBEX,B0,1h,M6_GK,2727,2016-07-04,21,1260,15:00,False,0.0,1e-300
ES,GLOBEX,B0,1h,M6_GK,4925,2016-11-24,19,1140,13:00,False,0.0,8.101483070022592e-08
ES,GLOBEX,B0,1h,M6_GK,4926,2016-11-24,20,1200,14:00,False,0.0,1e-300
ES,GLOBEX,B0,1h,M6_GK,4927,2016-11-24,21,1260,15:00,False,0.0,1e-300
ES,GLOBEX,B0,1h,M6_GK,5607,2017-01-16,19,1140,13:00,False,0.0,3.143617021275517e-07
ES,GLOBEX,B0,1h,M6_GK,5608,2017-01-16,20,1200,14:00,False,0.0,1e-300
ES,GLOBEX,B0,1h,M6_GK,5609,2017-01-16,21,1260,15:00,False,0.0,1e-300
ES,GLOBEX,B0,1h,M6_GK,6157,2017-02-20,19,1140,13:00,False,0.0,2.591968656960207e-07
ES,GLOBEX,B0,1h,M6_GK,6158,2017-02-20,20,1200,14:00,False,0.0,1e-300
ES,GLOBEX,B0,1h,M6_GK,6159,2017-02-20,21,1260,15:00,False,0.0,1e-300
ES,GLOBEX,B0,1h,M6_GK,7609,2017-05-29,19,1140,13:00,False,0.0,3.0435585524773345e-08
ES,GLOBEX,B0,1h,M6_GK,7610,2017-05-29,20,1200,14:00,False,0.0,1e-300
ES,GLOBEX,B0,1h,M6_GK,7611,2017-05-29,21,1260,15:00,False,0.0,1e-300
ES,GLOBEX,B0,1h,M6_GK,8093,2017-07-04,19,1140,13:00,False,0.0,2.5649457035969826e-07
ES,GLOBEX,B0,1h,M6_GK,8094,2017-07-04,20,1200,14:00,False,0.0,1e-300
ES,GLOBEX,B0,1h,M6_GK,8095,2017-07-04,21,1260,15:00,False,0.0,1e-300
ES,GLOBEX,B0,1h,M6_GK,9061,2017-09-04,19,1140,13:00,False,0.0,1.8053747479151562e-07
ES,GLOBEX,B0,1h,M6_GK,9062,2017-09-04,20,1200,14:00,False,0.0,1e-300
ES,GLOBEX,B0,1h,M6_GK,9063,2017-09-04,21,1260,15:00,False,0.0,1e-300
ES,GLOBEX,B0,1h,M6_GK,10271,2017-11-23,19,1140,13:00,False,0.0,1.3457499937228297e-07
ES,GLOBEX,B0,1h,M6_GK,10272,2017-11-23,20,1200,14:00,False,0.0,1e-300
ES,GLOBEX,B0,1h,M6_GK,10273,2017-11-23,21,1260,15:00,False,0.0,1e-300
ES,GLOBEX,B0,1h,M6_GK,10953,2018-01-15,19,1140,13:00,False,0.0,1.9629123926279135e-07
ES,GLOBEX,B0,1h,M6_GK,10954,2018-01-15,20,1200,14:00,False,0.0,1e-300
ES,GLOBEX,B0,1h,M6_GK,10955,2018-01-15,21,1260,15:00,False,0.0,1e-300
ES,GLOBEX,B0,1h,M6_GK,11503,2018-02-19,19,1140,13:00,False,0.0,1.1888079622000474e-06
ES,GLOBEX,B0,1h,M6_GK,11504,2018-02-19,20,1200,14:00,False,0.0,1e-300
ES,GLOBEX,B0,1h,M6_GK,11505,2018-02-19,21,1260,15:00,False,0.0,1e-300
ES,GLOBEX,B0,1h,M6_GK,12955,2018-05-28,19,1140,13:00,False,0.0,4.416990803831345e-07
ES,GLOBEX,B0,1h,M6_GK,12956,2018-05-28,20,1200,14:00,False,0.0,1e-300
ES,GLOBEX,B0,1h,M6_GK,12957,2018-05-28,21,1260,15:00,False,0.0,1e-300
ES,GLOBEX,B0,1h,M6_GK,13461,2018-07-04,19,1140,13:00,False,0.0,2.8961694481075283e-07
ES,GLOBEX,B0,1h,M6_GK,13462,2018-07-04,20,1200,14:00,False,0.0,1e-300
ES,GLOBEX,B0,1h,M6_GK,13463,2018-07-04,21,1260,15:00,False,0.0,1e-300
ES,GLOBEX,B0,1h,M6_GK,14407,2018-09-03,19,1140,13:00,False,0.0,7.813741264621502e-08
ES,GLOBEX,B0,1h,M6_GK,14408,2018-09-03,20,1200,14:00,False,0.0,1e-300
ES,GLOBEX,B0,1h,M6_GK,14409,2018-09-03,21,1260,15:00,False,0.0,1e-300
ES,GLOBEX,B0,1h,M6_GK,15617,2018-11-22,19,1140,13:00,False,0.0,6.523923522677103e-07
ES,GLOBEX,B0,1h,M6_GK,15618,2018-11-22,20,1200,14:00,False,0.0,1e-300
ES,GLOBEX,B0,1h,M6_GK,15619,2018-11-22,21,1260,15:00,False,0.0,1e-300
ES,GLOBEX,B0,1h,M6_GK,15790,2018-12-05,16,960,10:00,False,0.0,8.293910696011153e-07
ES,GLOBEX,B0,1h,M6_GK,15791,2018-12-05,17,1020,11:00,False,0.0,1e-300
ES,GLOBEX,B0,1h,M6_GK,15792,2018-12-05,18,1080,12:00,False,0.0,1e-300
ES,GLOBEX,B0,1h,M6_GK,15793,2018-12-05,19,1140,13:00,False,0.0,1e-300
ES,GLOBEX,B0,1h,M6_GK,15794,2018-12-05,20,1200,14:00,False,0.0,1e-300
ES,GLOBEX,B0,1h,M6_GK,15795,2018-12-05,21,1260,15:00,False,0.0,1e-300
ES,GLOBEX,B0,1h,M6_GK,16387,2019-01-21,19,1140,13:00,False,0.0,4.0963339398642426e-07
ES,GLOBEX,B0,1h,M6_GK,16388,2019-01-21,20,1200,14:00,False,0.0,1e-300
ES,GLOBEX,B0,1h,M6_GK,16389,2019-01-21,21,1260,15:00,False,0.0,1e-300
ES,GLOBEX,B0,1h,M6_GK,16827,2019-02-18,19,1140,13:00,False,0.0,7.440865048926376e-07
ES,GLOBEX,B0,1h,M6_GK,16828,2019-02-18,20,1200,14:00,False,0.0,1e-300
ES,GLOBEX,B0,1h,M6_GK,16829,2019-02-18,21,1260,15:00,False,0.0,1e-300
ES,GLOBEX,B0,1h,M6_GK,16964,2019-02-27,2,120,20:00,True,0.0,2.2922206628782244e-07
ES,GLOBEX,B0,1h,M6_GK,16965,2019-02-27,3,180,21:00,True,0.0,1e-300
ES,GLOBEX,B0,1h,M6_GK,18279,2019-05-27,19,1140,13:00,False,0.0,1.500361062666799e-07
ES,GLOBEX,B0,1h,M6_GK,18280,2019-05-27,20,1200,14:00,False,0.0,1e-300
ES,GLOBEX,B0,1h,M6_GK,18281,2019-05-27,21,1260,15:00,False,0.0,1e-300
ES,GLOBEX,B0,1h,M6_GK,18807,2019-07-04,19,1140,13:00,False,0.0,5.2729445070038807e-08
ES,GLOBEX,B0,1h,M6_GK,18808,2019-07-04,20,1200,14:00,False,0.0,1e-300
ES,GLOBEX,B0,1h,M6_GK,18809,2019-07-04,21,1260,15:00,False,0.0,1e-300
ES,GLOBEX,B0,1h,M6_GK,19731,2019-09-02,19,1140,13:00,False,0.0,2.528186058243976e-06
ES,GLOBEX,B0,1h,M6_GK,19732,2019-09-02,20,1200,14:00,False,0.0,1e-300
ES,GLOBEX,B0,1h,M6_GK,19733,2019-09-02,21,1260,15:00,False,0.0,1e-300
ES,GLOBEX,B0,1h,M6_GK,21051,2019-11-28,19,1140,13:00,False,0.0,1.0355122193230299e-07
ES,GLOBEX,B0,1h,M6_GK,21052,2019-11-28,20,1200,14:00,False,0.0,1e-300
ES,GLOBEX,B0,1h,M6_GK,21053,2019-11-28,21,1260,15:00,False,0.0,1e-300
ES,GLOBEX,B0,1h,M6_GK,21711,2020-01-20,19,1140,13:00,False,0.0,9.296950117368675e-08
ES,GLOBEX,B0,1h,M6_GK,21712,2020-01-20,20,1200,14:00,False,0.0,1e-300
ES,GLOBEX,B0,1h,M6_GK,21713,2020-01-20,21,1260,15:00,False,0.0,1e-300
ES,GLOBEX,B0,1h,M6_GK,22151,2020-02-17,19,1140,13:00,False,0.0,8.074874619576875e-08
ES,GLOBEX,B0,1h,M6_GK,22152,2020-02-17,20,1200,14:00,False,0.0,1e-300
ES,GLOBEX,B0,1h,M6_GK,22153,2020-02-17,21,1260,15:00,False,0.0,1e-300
ES,GLOBEX,B0,1h,M6_GK,22466,2020-03-09,4,240,22:00,True,0.0,6.628114948200709e-06
ES,GLOBEX,B0,1h,M6_GK,22468,2020-03-09,6,360,00:00,True,0.0,4.015333729512349e-06
ES,GLOBEX,B0,1h,M6_GK,22469,2020-03-09,7,420,01:00,True,0.0,1e-300
ES,GLOBEX,B0,1h,M6_GK,22470,2020-03-09,8,480,02:00,True,0.0,1e-300
ES,GLOBEX,B0,1h,M6_GK,22471,2020-03-09,9,540,03:00,True,0.0,1e-300
ES,GLOBEX,B0,1h,M6_GK,22472,2020-03-09,10,600,04:00,True,0.0,1e-300
ES,GLOBEX,B0,1h,M6_GK,22474,2020-03-09,12,720,06:00,True,0.0,6.635964382439852e-07
ES,GLOBEX,B0,1h,M6_GK,22475,2020-03-09,13,780,07:00,True,0.0,1e-300
ES,GLOBEX,B0,1h,M6_GK,22476,2020-03-09,14,840,08:00,True,0.0,1e-300
ES,GLOBEX,B0,1h,M6_GK,22558,2020-03-18,8,480,02:00,True,0.0,3.3633409904295163e-06
ES,GLOBEX,B0,1h,M6_GK,22559,2020-03-18,9,540,03:00,True,0.0,1e-300
ES,GLOBEX,B0,1h,M6_GK,22560,2020-03-18,10,600,04:00,True,0.0,1e-300
ES,GLOBEX,B0,1h,M6_GK,22561,2020-03-18,11,660,05:00,True,0.0,1e-300
ES,GLOBEX,B0,1h,M6_GK,22562,2020-03-18,12,720,06:00,True,0.0,1e-300
ES,GLOBEX,B0,1h,M6_GK,22563,2020-03-18,13,780,07:00,True,0.0,1e-300
ES,GLOBEX,B0,1h,M6_GK,22564,2020-03-18,14,840,08:00,True,0.0,1e-300
ES,GLOBEX,B0,1h,M6_GK,22650,2020-03-24,12,720,06:00,True,0.0,6.365308215563183e-06
ES,GLOBEX,B0,1h,M6_GK,23603,2020-05-25,19,1140,13:00,False,0.0,3.5607103617195725e-07
ES,GLOBEX,B0,1h,M6_GK,23604,2020-05-25,20,1200,14:00,False,0.0,1e-300
ES,GLOBEX,B0,1h,M6_GK,23605,2020-05-25,21,1260,15:00,False,0.0,1e-300
ES,GLOBEX,B0,1h,M6_GK,24112,2020-07-01,0,0,18:00,True,0.0,4.4583381736720776e-05
ES,GLOBEX,B0,1h,M6_GK,24113,2020-07-01,1,60,19:00,True,0.0,1e-300
ES,GLOBEX,B0,1h,M6_GK,25165,2020-09-07,19,1140,13:00,False,0.0,7.082059699258072e-07
ES,GLOBEX,B0,1h,M6_GK,25166,2020-09-07,20,1200,14:00,False,0.0,1e-300
ES,GLOBEX,B0,1h,M6_GK,25167,2020-09-07,21,1260,15:00,False,0.0,1e-300
ES,GLOBEX,B0,1h,M6_GK,26375,2020-11-26,19,1140,13:00,False,0.0,2.5506832595879878e-06
ES,GLOBEX,B0,1h,M6_GK,26376,2020-11-26,20,1200,14:00,False,0.0,1e-300
ES,GLOBEX,B0,1h,M6_GK,26377,2020-11-26,21,1260,15:00,False,0.0,1e-300
ES,GLOBEX,B0,1h,M6_GK,27035,2021-01-18,19,1140,13:00,False,0.0,4.684931141993824e-07
ES,GLOBEX,B0,1h,M6_GK,27036,2021-01-18,20,1200,14:00,False,0.0,1e-300
ES,GLOBEX,B0,1h,M6_GK,27037,2021-01-18,21,1260,15:00,False,0.0,1e-300
ES,GLOBEX,B0,1h,M6_GK,27475,2021-02-15,19,1140,13:00,False,0.0,9.679734081415677e-08
ES,GLOBEX,B0,1h,M6_GK,27476,2021-02-15,20,1200,14:00,False,0.0,1e-300
ES,GLOBEX,B0,1h,M6_GK,27477,2021-02-15,21,1260,15:00,False,0.0,1e-300
ES,GLOBEX,B0,1h,M6_GK,28154,2021-04-02,16,960,10:00,False,0.0,5.151102983853517e-07
ES,GLOBEX,B0,1h,M6_GK,28155,2021-04-02,17,1020,11:00,False,0.0,1e-300
ES,GLOBEX,B0,1h,M6_GK,28156,2021-04-02,18,1080,12:00,False,0.0,1e-300
ES,GLOBEX,B0,1h,M6_GK,28157,2021-04-02,19,1140,13:00,False,0.0,1e-300
ES,GLOBEX,B0,1h,M6_GK,28158,2021-04-02,20,1200,14:00,False,0.0,1e-300
ES,GLOBEX,B0,1h,M6_GK,28159,2021-04-02,21,1260,15:00,False,0.0,1e-300
ES,GLOBEX,B0,1h,M6_GK,29059,2021-05-31,19,1140,13:00,False,0.0,2.9875978313386023e-07
ES,GLOBEX,B0,1h,M6_GK,29060,2021-05-31,20,1200,14:00,False,0.0,1e-300
ES,GLOBEX,B0,1h,M6_GK,29061,2021-05-31,21,1260,15:00,False,0.0,1e-300
ES,GLOBEX,B0,1h,M6_GK,29543,2021-07-05,19,1140,13:00,False,0.0,3.8232097101308007e-07
ES,GLOBEX,B0,1h,M6_GK,29544,2021-07-05,20,1200,14:00,False,0.0,1e-300
ES,GLOBEX,B0,1h,M6_GK,29545,2021-07-05,21,1260,15:00,False,0.0,1e-300
ES,GLOBEX,B0,1h,M6_GK,30533,2021-09-06,19,1140,13:00,False,0.0,1.833655005611945e-07
ES,GLOBEX,B0,1h,M6_GK,30534,2021-09-06,20,1200,14:00,False,0.0,1e-300
ES,GLOBEX,B0,1h,M6_GK,30535,2021-09-06,21,1260,15:00,False,0.0,1e-300
ES,GLOBEX,B0,1h,M6_GK,31743,2021-11-25,19,1140,13:00,False,0.0,8.744575697638572e-08
ES,GLOBEX,B0,1h,M6_GK,31744,2021-11-25,20,1200,14:00,False,0.0,1e-300
ES,GLOBEX,B0,1h,M6_GK,31745,2021-11-25,21,1260,15:00,False,0.0,1e-300
ES,GLOBEX,B0,1h,M6_GK,32447,2022-01-17,19,1140,13:00,False,0.0,2.845633271210492e-07
ES,GLOBEX,B0,1h,M6_GK,32448,2022-01-17,20,1200,14:00,False,0.0,1e-300
ES,GLOBEX,B0,1h,M6_GK,32449,2022-01-17,21,1260,15:00,False,0.0,1e-300
ES,GLOBEX,B0,1h,M6_GK,32997,2022-02-21,19,1140,13:00,False,0.0,4.727018016947164e-06
ES,GLOBEX,B0,1h,M6_GK,32998,2022-02-21,20,1200,14:00,False,0.0,1e-300
ES,GLOBEX,B0,1h,M6_GK,32999,2022-02-21,21,1260,15:00,False,0.0,1e-300
ES,GLOBEX,B0,1h,M6_GK,34449,2022-05-30,19,1140,13:00,False,0.0,3.040467784168416e-06
ES,GLOBEX,B0,1h,M6_GK,34450,2022-05-30,20,1200,14:00,False,0.0,1e-300
ES,GLOBEX,B0,1h,M6_GK,34451,2022-05-30,21,1260,15:00,False,0.0,1e-300
ES,GLOBEX,B0,1h,M6_GK,34713,2022-06-20,19,1140,13:00,False,0.0,1.3056060899170786e-06
ES,GLOBEX,B0,1h,M6_GK,34714,2022-06-20,20,1200,14:00,False,0.0,1e-300
ES,GLOBEX,B0,1h,M6_GK,34715,2022-06-20,21,1260,15:00,False,0.0,1e-300
ES,GLOBEX,B0,1h,M6_GK,34933,2022-07-04,19,1140,13:00,False,0.0,6.206309085089511e-07
ES,GLOBEX,B0,1h,M6_GK,34934,2022-07-04,20,1200,14:00,False,0.0,1e-300
ES,GLOBEX,B0,1h,M6_GK,34935,2022-07-04,21,1260,15:00,False,0.0,1e-300
ES,GLOBEX,B0,1h,M6_GK,35923,2022-09-05,19,1140,13:00,False,0.0,1.1050314262509505e-06
ES,GLOBEX,B0,1h,M6_GK,35924,2022-09-05,20,1200,14:00,False,0.0,1e-300
ES,GLOBEX,B0,1h,M6_GK,35925,2022-09-05,21,1260,15:00,False,0.0,1e-300
ES,GLOBEX,B0,1h,M6_GK,37133,2022-11-24,19,1140,13:00,False,0.0,1.0193030082607679e-07
ES,GLOBEX,B0,1h,M6_GK,37134,2022-11-24,20,1200,14:00,False,0.0,1e-300
ES,GLOBEX,B0,1h,M6_GK,37135,2022-11-24,21,1260,15:00,False,0.0,1e-300
ES,GLOBEX,B0,1h,M6_GK,37815,2023-01-16,19,1140,13:00,False,0.0,8.86359396911642e-07
ES,GLOBEX,B0,1h,M6_GK,37816,2023-01-16,20,1200,14:00,False,0.0,1e-300
ES,GLOBEX,B0,1h,M6_GK,37817,2023-01-16,21,1260,15:00,False,0.0,1e-300
ES,GLOBEX,B0,1h,M6_GK,38365,2023-02-20,19,1140,13:00,False,0.0,4.6841834895771643e-07
ES,GLOBEX,B0,1h,M6_GK,38366,2023-02-20,20,1200,14:00,False,0.0,1e-300
ES,GLOBEX,B0,1h,M6_GK,38367,2023-02-20,21,1260,15:00,False,0.0,1e-300
ES,GLOBEX,B0,1h,M6_GK,39044,2023-04-07,16,960,10:00,False,0.0,1.2119617052779372e-07
ES,GLOBEX,B0,1h,M6_GK,39045,2023-04-07,17,1020,11:00,False,0.0,1e-300
ES,GLOBEX,B0,1h,M6_GK,39046,2023-04-07,18,1080,12:00,False,0.0,1e-300
ES,GLOBEX,B0,1h,M6_GK,39047,2023-04-07,19,1140,13:00,False,0.0,1e-300
ES,GLOBEX,B0,1h,M6_GK,39048,2023-04-07,20,1200,14:00,False,0.0,1e-300
ES,GLOBEX,B0,1h,M6_GK,39049,2023-04-07,21,1260,15:00,False,0.0,1e-300
ES,GLOBEX,B0,1h,M6_GK,39839,2023-05-29,19,1140,13:00,False,0.0,5.752766619791197e-08
ES,GLOBEX,B0,1h,M6_GK,39840,2023-05-29,20,1200,14:00,False,0.0,1e-300
ES,GLOBEX,B0,1h,M6_GK,39841,2023-05-29,21,1260,15:00,False,0.0,1e-300
ES,GLOBEX,B0,1h,M6_GK,40103,2023-06-19,19,1140,13:00,False,0.0,1.2651554182315673e-07
ES,GLOBEX,B0,1h,M6_GK,40104,2023-06-19,20,1200,14:00,False,0.0,1e-300
ES,GLOBEX,B0,1h,M6_GK,40105,2023-06-19,21,1260,15:00,False,0.0,1e-300
ES,GLOBEX,B0,1h,M6_GK,40323,2023-07-04,19,1140,13:00,False,0.0,3.396418514114868e-08
ES,GLOBEX,B0,1h,M6_GK,40324,2023-07-04,20,1200,14:00,False,0.0,1e-300
ES,GLOBEX,B0,1h,M6_GK,40325,2023-07-04,21,1260,15:00,False,0.0,1e-300
ES,GLOBEX,B0,1h,M6_GK,41291,2023-09-04,19,1140,13:00,False,0.0,1.239113771589473e-07
ES,GLOBEX,B0,1h,M6_GK,41292,2023-09-04,20,1200,14:00,False,0.0,1e-300
ES,GLOBEX,B0,1h,M6_GK,41293,2023-09-04,21,1260,15:00,False,0.0,1e-300
ES,GLOBEX,B0,1h,M6_GK,42501,2023-11-23,19,1140,13:00,False,0.0,1.3948735657551572e-07
ES,GLOBEX,B0,1h,M6_GK,42502,2023-11-23,20,1200,14:00,False,0.0,1e-300
ES,GLOBEX,B0,1h,M6_GK,42503,2023-11-23,21,1260,15:00,False,0.0,1e-300
ES,GLOBEX,B1,1h,M1_EWMA,679,2016-02-15,19,1140,13:00,False,0.0,4.436747118663743e-06
ES,GLOBEX,B1,1h,M1_EWMA,680,2016-02-15,20,1200,14:00,False,0.0,4.170542291543918e-06
ES,GLOBEX,B1,1h,M1_EWMA,681,2016-02-15,21,1260,15:00,False,0.0,3.920309754051283e-06
ES,GLOBEX,B1,1h,M1_EWMA,2242,2016-05-30,20,1200,14:00,False,0.0,3.3615164765467954e-07
ES,GLOBEX,B1,1h,M1_EWMA,2243,2016-05-30,21,1260,15:00,False,0.0,3.1598254879539875e-07
ES,GLOBEX,B1,1h,M1_EWMA,2726,2016-07-04,20,1200,14:00,False,0.0,1.063463557206354e-06
ES,GLOBEX,B1,1h,M1_EWMA,2727,2016-07-04,21,1260,15:00,False,0.0,9.996557437739728e-07
ES,GLOBEX,B1,1h,M1_EWMA,3716,2016-09-05,20,1200,14:00,False,0.0,7.064061007782574e-07
ES,GLOBEX,B1,1h,M1_EWMA,3717,2016-09-05,21,1260,15:00,False,0.0,6.640217347315619e-07
ES,GLOBEX,B1,1h,M1_EWMA,4926,2016-11-24,20,1200,14:00,False,0.0,4.4656471118981636e-07
ES,GLOBEX,B1,1h,M1_EWMA,4927,2016-11-24,21,1260,15:00,False,0.0,4.1977082851842735e-07
ES,GLOBEX,B1,1h,M1_EWMA,5608,2017-01-16,20,1200,14:00,False,0.0,3.020550777643219e-07
ES,GLOBEX,B1,1h,M1_EWMA,5609,2017-01-16,21,1260,15:00,False,0.0,2.8393177309846255e-07
ES,GLOBEX,B1,1h,M1_EWMA,6158,2017-02-20,20,1200,14:00,False,0.0,3.078278943004875e-07
ES,GLOBEX,B1,1h,M1_EWMA,6159,2017-02-20,21,1260,15:00,False,0.0,2.8935822064245823e-07
ES,GLOBEX,B1,1h,M2_HAR,679,2016-02-15,19,1140,13:00,False,0.0,7.104947102696906e-06
ES,GLOBEX,B1,1h,M2_HAR,680,2016-02-15,20,1200,14:00,False,0.0,6.398257022409976e-06
ES,GLOBEX,B1,1h,M2_HAR,681,2016-02-15,21,1260,15:00,False,0.0,6.462943842977814e-06
ES,GLOBEX,B1,1h,M2_HAR,2242,2016-05-30,20,1200,14:00,False,0.0,5.824270246410314e-07
ES,GLOBEX,B1,1h,M2_HAR,2243,2016-05-30,21,1260,15:00,False,0.0,5.75770177014016e-07
ES,GLOBEX,B1,1h,M2_HAR,2726,2016-07-04,20,1200,14:00,False,0.0,1.2241901166992198e-06
ES,GLOBEX,B1,1h,M2_HAR,2727,2016-07-04,21,1260,15:00,False,0.0,1.2013761662179032e-06
ES,GLOBEX,B1,1h,M2_HAR,3716,2016-09-05,20,1200,14:00,False,0.0,5.365536776180492e-07
ES,GLOBEX,B1,1h,M2_HAR,3717,2016-09-05,21,1260,15:00,False,0.0,5.34692306730941e-07
ES,GLOBEX,B1,1h,M2_HAR,4926,2016-11-24,20,1200,14:00,False,0.0,8.37125040114785e-07
ES,GLOBEX,B1,1h,M2_HAR,4927,2016-11-24,21,1260,15:00,False,0.0,8.341188861212913e-07
ES,GLOBEX,B1,1h,M2_HAR,5608,2017-01-16,20,1200,14:00,False,0.0,5.589301912685197e-07
ES,GLOBEX,B1,1h,M2_HAR,5609,2017-01-16,21,1260,15:00,False,0.0,5.562378831349044e-07
ES,GLOBEX,B1,1h,M2_HAR,6158,2017-02-20,20,1200,14:00,False,0.0,4.6854888264202135e-07
ES,GLOBEX,B1,1h,M2_HAR,6159,2017-02-20,21,1260,15:00,False,0.0,4.6578973130059e-07
ES,GLOBEX,B1,1h,M3_HARJ,679,2016-02-15,19,1140,13:00,False,0.0,7.178750072503408e-06
ES,GLOBEX,B1,1h,M3_HARJ,680,2016-02-15,20,1200,14:00,False,0.0,6.351293145090641e-06
ES,GLOBEX,B1,1h,M3_HARJ,681,2016-02-15,21,1260,15:00,False,0.0,6.422779142466752e-06
ES,GLOBEX,B1,1h,M3_HARJ,2242,2016-05-30,20,1200,14:00,False,0.0,5.226056791004972e-07
ES,GLOBEX,B1,1h,M3_HARJ,2243,2016-05-30,21,1260,15:00,False,0.0,5.158128380603862e-07
ES,GLOBEX,B1,1h,M3_HARJ,2726,2016-07-04,20,1200,14:00,False,0.0,1.1084961887124057e-06
ES,GLOBEX,B1,1h,M3_HARJ,2727,2016-07-04,21,1260,15:00,False,0.0,1.0851907352543858e-06
ES,GLOBEX,B1,1h,M3_HARJ,3716,2016-09-05,20,1200,14:00,False,0.0,4.739943663598355e-07
ES,GLOBEX,B1,1h,M3_HARJ,3717,2016-09-05,21,1260,15:00,False,0.0,4.7214174203764215e-07
ES,GLOBEX,B1,1h,M3_HARJ,4926,2016-11-24,20,1200,14:00,False,0.0,3.8315434380403424e-07
ES,GLOBEX,B1,1h,M3_HARJ,4927,2016-11-24,21,1260,15:00,False,0.0,3.802969239129362e-07
ES,GLOBEX,B1,1h,M3_HARJ,5608,2017-01-16,20,1200,14:00,False,0.0,2.571341957603219e-07
ES,GLOBEX,B1,1h,M3_HARJ,5609,2017-01-16,21,1260,15:00,False,0.0,2.546850248775728e-07
ES,GLOBEX,B1,1h,M3_HARJ,6158,2017-02-20,20,1200,14:00,False,0.0,1.9040836923615245e-07
ES,GLOBEX,B1,1h,M3_HARJ,6159,2017-02-20,21,1260,15:00,False,0.0,1.8815481423693197e-07
ES,GLOBEX,B1,1h,M4_HARQ,679,2016-02-15,19,1140,13:00,False,0.0,5.390000041629427e-06
ES,GLOBEX,B1,1h,M4_HARQ,680,2016-02-15,20,1200,14:00,False,0.0,4.311437093691177e-06
ES,GLOBEX,B1,1h,M4_HARQ,681,2016-02-15,21,1260,15:00,False,0.0,4.3867142941309185e-06
ES,GLOBEX,B1,1h,M4_HARQ,2242,2016-05-30,20,1200,14:00,False,0.0,2.2705154822789397e-07
ES,GLOBEX,B1,1h,M4_HARQ,2243,2016-05-30,21,1260,15:00,False,0.0,2.208361986353596e-07
ES,GLOBEX,B1,1h,M4_HARQ,2726,2016-07-04,20,1200,14:00,False,0.0,1.0443987674705437e-06
ES,GLOBEX,B1,1h,M4_HARQ,2727,2016-07-04,21,1260,15:00,False,0.0,1.0247449957783409e-06
ES,GLOBEX,B1,1h,M4_HARQ,3716,2016-09-05,20,1200,14:00,False,0.0,4.623465296713276e-07
ES,GLOBEX,B1,1h,M4_HARQ,3717,2016-09-05,21,1260,15:00,False,0.0,4.607288357475754e-07
ES,GLOBEX,B1,1h,M4_HARQ,4926,2016-11-24,20,1200,14:00,False,0.0,5.848388293378417e-07
ES,GLOBEX,B1,1h,M4_HARQ,4927,2016-11-24,21,1260,15:00,False,0.0,5.82873440720748e-07
ES,GLOBEX,B1,1h,M4_HARQ,5608,2017-01-16,20,1200,14:00,False,0.0,4.0032291595503797e-07
ES,GLOBEX,B1,1h,M4_HARQ,5609,2017-01-16,21,1260,15:00,False,0.0,3.9852486061678446e-07
ES,GLOBEX,B1,1h,M4_HARQ,6158,2017-02-20,20,1200,14:00,False,0.0,3.363087842201641e-07
ES,GLOBEX,B1,1h,M4_HARQ,6159,2017-02-20,21,1260,15:00,False,0.0,3.3445075175866163e-07
ES,GLOBEX,B1,1h,M5_RGARCH,679,2016-02-15,19,1140,13:00,False,0.0,4.7626552629614795e+228
ES,GLOBEX,B1,1h,M5_RGARCH,680,2016-02-15,20,1200,14:00,False,0.0,0.0
ES,GLOBEX,B1,1h,M5_RGARCH,681,2016-02-15,21,1260,15:00,False,0.0,0.0
ES,GLOBEX,B1,1h,M5_RGARCH,682,2016-02-16,0,0,18:00,True,3.619400331444922e-06,0.0
ES,GLOBEX,B1,1h,M5_RGARCH,2242,2016-05-30,20,1200,14:00,False,0.0,3.199465076442835e-07
ES,GLOBEX,B1,1h,M5_RGARCH,2243,2016-05-30,21,1260,15:00,False,0.0,7.554945824119365e-09
ES,GLOBEX,B1,1h,M5_RGARCH,2726,2016-07-04,20,1200,14:00,False,0.0,3.2026680763896863e-07
ES,GLOBEX,B1,1h,M5_RGARCH,2727,2016-07-04,21,1260,15:00,False,0.0,7.55498041135991e-09
ES,GLOBEX,B1,1h,M5_RGARCH,3716,2016-09-05,20,1200,14:00,False,0.0,7.121734016339618e-14
ES,GLOBEX,B1,1h,M5_RGARCH,3717,2016-09-05,21,1260,15:00,False,0.0,1.8007765629268963e-14
ES,GLOBEX,B1,1h,M5_RGARCH,4926,2016-11-24,20,1200,14:00,False,0.0,4.218083882373433e-51
ES,GLOBEX,B1,1h,M5_RGARCH,4927,2016-11-24,21,1260,15:00,False,0.0,1.0556939984556447e-51
ES,GLOBEX,B1,1h,M5_RGARCH,5608,2017-01-16,20,1200,14:00,False,0.0,4.219535824197712e-51
ES,GLOBEX,B1,1h,M5_RGARCH,5609,2017-01-16,21,1260,15:00,False,0.0,1.0556945677888152e-51
ES,GLOBEX,B1,1h,M5_RGARCH,6158,2017-02-20,20,1200,14:00,False,0.0,6.250576017709595e-40
ES,GLOBEX,B1,1h,M5_RGARCH,6159,2017-02-20,21,1260,15:00,False,0.0,1.5321368514676854e-40
ES,GLOBEX,B1,1h,M6_PARK,679,2016-02-15,19,1140,13:00,False,0.0,1.2454191558060587e-06
ES,GLOBEX,B1,1h,M6_PARK,680,2016-02-15,20,1200,14:00,False,0.0,0.0
ES,GLOBEX,B1,1h,M6_PARK,681,2016-02-15,21,1260,15:00,False,0.0,0.0
ES,GLOBEX,B1,1h,M6_PARK,682,2016-02-16,0,0,18:00,True,3.619400331444922e-06,0.0
ES,GLOBEX,B1,1h,M6_PARK,2242,2016-05-30,20,1200,14:00,False,0.0,0.0
ES,GLOBEX,B1,1h,M6_PARK,2243,2016-05-30,21,1260,15:00,False,0.0,0.0
ES,GLOBEX,B1,1h,M6_PARK,2244,2016-05-31,0,0,18:00,True,5.386507382354466e-07,0.0
ES,GLOBEX,B1,1h,M6_PARK,2726,2016-07-04,20,1200,14:00,False,0.0,0.0
ES,GLOBEX,B1,1h,M6_PARK,2727,2016-07-04,21,1260,15:00,False,0.0,0.0
ES,GLOBEX,B1,1h,M6_PARK,2728,2016-07-05,0,0,18:00,True,6.102718543843366e-07,0.0
ES,GLOBEX,B1,1h,M6_PARK,3716,2016-09-05,20,1200,14:00,False,0.0,0.0
ES,GLOBEX,B1,1h,M6_PARK,3717,2016-09-05,21,1260,15:00,False,0.0,0.0
ES,GLOBEX,B1,1h,M6_PARK,3718,2016-09-06,0,0,18:00,True,3.957450189773226e-07,0.0
ES,GLOBEX,B1,1h,M6_PARK,4926,2016-11-24,20,1200,14:00,False,0.0,0.0
ES,GLOBEX,B1,1h,M6_PARK,4927,2016-11-24,21,1260,15:00,False,0.0,0.0
ES,GLOBEX,B1,1h,M6_PARK,4928,2016-11-28,0,0,18:00,True,6.281711648625787e-07,0.0
ES,GLOBEX,B1,1h,M6_PARK,5608,2017-01-16,20,1200,14:00,False,0.0,0.0
ES,GLOBEX,B1,1h,M6_PARK,5609,2017-01-16,21,1260,15:00,False,0.0,0.0
ES,GLOBEX,B1,1h,M6_PARK,5610,2017-01-17,0,0,18:00,True,5.106335265736561e-07,0.0
ES,GLOBEX,B1,1h,M6_PARK,6158,2017-02-20,20,1200,14:00,False,0.0,0.0
ES,GLOBEX,B1,1h,M6_PARK,6159,2017-02-20,21,1260,15:00,False,0.0,0.0
ES,GLOBEX,B1,1h,M6_PARK,6160,2017-02-21,0,0,18:00,True,3.8352936826413497e-07,0.0
ES,GLOBEX,B1,1h,M6_GK,679,2016-02-15,19,1140,13:00,False,0.0,3.926295627860372e-07
ES,GLOBEX,B1,1h,M6_GK,680,2016-02-15,20,1200,14:00,False,0.0,1e-300
ES,GLOBEX,B1,1h,M6_GK,681,2016-02-15,21,1260,15:00,False,0.0,1e-300
ES,GLOBEX,B1,1h,M6_GK,2242,2016-05-30,20,1200,14:00,False,0.0,1e-300
ES,GLOBEX,B1,1h,M6_GK,2243,2016-05-30,21,1260,15:00,False,0.0,1e-300
ES,GLOBEX,B1,1h,M6_GK,2726,2016-07-04,20,1200,14:00,False,0.0,1e-300
ES,GLOBEX,B1,1h,M6_GK,2727,2016-07-04,21,1260,15:00,False,0.0,1e-300
ES,GLOBEX,B1,1h,M6_GK,3716,2016-09-05,20,1200,14:00,False,0.0,1e-300
ES,GLOBEX,B1,1h,M6_GK,3717,2016-09-05,21,1260,15:00,False,0.0,1e-300
ES,GLOBEX,B1,1h,M6_GK,4926,2016-11-24,20,1200,14:00,False,0.0,1e-300
ES,GLOBEX,B1,1h,M6_GK,4927,2016-11-24,21,1260,15:00,False,0.0,1e-300
ES,GLOBEX,B1,1h,M6_GK,5608,2017-01-16,20,1200,14:00,False,0.0,1e-300
ES,GLOBEX,B1,1h,M6_GK,5609,2017-01-16,21,1260,15:00,False,0.0,1e-300
ES,GLOBEX,B1,1h,M6_GK,6158,2017-02-20,20,1200,14:00,False,0.0,1e-300
ES,GLOBEX,B1,1h,M6_GK,6159,2017-02-20,21,1260,15:00,False,0.0,1e-300
NQ,GLOBEX,B0,1h,M1_EWMA,679,2016-02-15,19,1140,13:00,False,0.0,7.467413014731736e-06
NQ,GLOBEX,B0,1h,M1_EWMA,680,2016-02-15,20,1200,14:00,False,0.0,7.019368233847832e-06
NQ,GLOBEX,B0,1h,M1_EWMA,681,2016-02-15,21,1260,15:00,False,0.0,6.598206139816962e-06
NQ,GLOBEX,B0,1h,M1_EWMA,5519,2017-01-16,19,1140,13:00,False,0.0,4.5180444225691084e-07
NQ,GLOBEX,B0,1h,M1_EWMA,5520,2017-01-16,20,1200,14:00,False,0.0,4.246961757214962e-07
NQ,GLOBEX,B0,1h,M1_EWMA,5521,2017-01-16,21,1260,15:00,False,0.0,3.992144051782064e-07
NQ,GLOBEX,B0,1h,M1_EWMA,6069,2017-02-20,19,1140,13:00,False,0.0,5.118166887889806e-07
NQ,GLOBEX,B0,1h,M1_EWMA,6070,2017-02-20,20,1200,14:00,False,0.0,4.811076874616417e-07
NQ,GLOBEX,B0,1h,M1_EWMA,6071,2017-02-20,21,1260,15:00,False,0.0,4.522412262139432e-07
NQ,GLOBEX,B0,1h,M1_EWMA,7983,2017-07-04,19,1140,13:00,False,0.0,5.853242975569044e-06
NQ,GLOBEX,B0,1h,M1_EWMA,7984,2017-07-04,20,1200,14:00,False,0.0,5.502048397034901e-06
NQ,GLOBEX,B0,1h,M1_EWMA,7985,2017-07-04,21,1260,15:00,False,0.0,5.171925493212807e-06
NQ,GLOBEX,B0,1h,M1_EWMA,8951,2017-09-04,19,1140,13:00,False,0.0,9.197633458779207e-07
NQ,GLOBEX,B0,1h,M1_EWMA,8952,2017-09-04,20,1200,14:00,False,0.0,8.645775451252455e-07
NQ,GLOBEX,B0,1h,M1_EWMA,8953,2017-09-04,21,1260,15:00,False,0.0,8.127028924177307e-07
NQ,GLOBEX,B0,1h,M1_EWMA,10161,2017-11-23,19,1140,13:00,False,0.0,3.7378758242005473e-07
NQ,GLOBEX,B0,1h,M1_EWMA,10162,2017-11-23,20,1200,14:00,False,0.0,3.5136032747485145e-07
NQ,GLOBEX,B0,1h,M1_EWMA,10163,2017-11-23,21,1260,15:00,False,0.0,3.3027870782636035e-07
NQ,GLOBEX,B0,1h,M1_EWMA,10843,2018-01-15,19,1140,13:00,False,0.0,9.535136835665444e-07
NQ,GLOBEX,B0,1h,M1_EWMA,10844,2018-01-15,20,1200,14:00,False,0.0,8.963028625525517e-07
NQ,GLOBEX,B0,1h,M1_EWMA,10845,2018-01-15,21,1260,15:00,False,0.0,8.425246907993985e-07
NQ,GLOBEX,B0,1h,M1_EWMA,11393,2018-02-19,19,1140,13:00,False,0.0,4.699604027796044e-06
NQ,GLOBEX,B0,1h,M1_EWMA,11394,2018-02-19,20,1200,14:00,False,0.0,4.417627786128281e-06
NQ,GLOBEX,B0,1h,M1_EWMA,11395,2018-02-19,21,1260,15:00,False,0.0,4.152570118960584e-06
NQ,GLOBEX,B0,1h,M1_EWMA,12845,2018-05-28,19,1140,13:00,False,0.0,1.8102424612689294e-06
NQ,GLOBEX,B0,1h,M1_EWMA,12846,2018-05-28,20,1200,14:00,False,0.0,1.7016279135927935e-06
NQ,GLOBEX,B0,1h,M1_EWMA,12847,2018-05-28,21,1260,15:00,False,0.0,1.5995302387772259e-06
NQ,GLOBEX,B0,1h,M1_EWMA,13351,2018-07-04,19,1140,13:00,False,0.0,2.3665445593243337e-06
NQ,GLOBEX,B0,1h,M1_EWMA,13352,2018-07-04,20,1200,14:00,False,0.0,2.2245518857648734e-06
NQ,GLOBEX,B0,1h,M1_EWMA,13353,2018-07-04,21,1260,15:00,False,0.0,2.091078772618981e-06
NQ,GLOBEX,B0,1h,M1_EWMA,14297,2018-09-03,19,1140,13:00,False,0.0,1.0843589219678422e-06
NQ,GLOBEX,B0,1h,M1_EWMA,14298,2018-09-03,20,1200,14:00,False,0.0,1.0192973866497716e-06
NQ,GLOBEX,B0,1h,M1_EWMA,14299,2018-09-03,21,1260,15:00,False,0.0,9.581395434507854e-07
NQ,GLOBEX,B0,1h,M1_EWMA,15507,2018-11-22,19,1140,13:00,False,0.0,7.49878967034506e-06
NQ,GLOBEX,B0,1h,M1_EWMA,15508,2018-11-22,20,1200,14:00,False,0.0,7.048862290124356e-06
NQ,GLOBEX,B0,1h,M1_EWMA,15509,2018-11-22,21,1260,15:00,False,0.0,6.625930552716894e-06
NQ,GLOBEX,B0,1h,M1_EWMA,15680,2018-12-05,16,960,10:00,False,0.0,8.160391399675342e-06
NQ,GLOBEX,B0,1h,M1_EWMA,15681,2018-12-05,17,1020,11:00,False,0.0,7.670767915694821e-06
NQ,GLOBEX,B0,1h,M1_EWMA,15682,2018-12-05,18,1080,12:00,False,0.0,7.210521840753131e-06
NQ,GLOBEX,B0,1h,M1_EWMA,15683,2018-12-05,19,1140,13:00,False,0.0,6.777890530307943e-06
NQ,GLOBEX,B0,1h,M1_EWMA,15684,2018-12-05,20,1200,14:00,False,0.0,6.3712170984894665e-06
NQ,GLOBEX,B0,1h,M1_EWMA,15685,2018-12-05,21,1260,15:00,False,0.0,5.988944072580098e-06
NQ,GLOBEX,B0,1h,M1_EWMA,16277,2019-01-21,19,1140,13:00,False,0.0,2.6194914222320007e-06
NQ,GLOBEX,B0,1h,M1_EWMA,16278,2019-01-21,20,1200,14:00,False,0.0,2.4623219368980807e-06
NQ,GLOBEX,B0,1h,M1_EWMA,16279,2019-01-21,21,1260,15:00,False,0.0,2.314582620684196e-06
NQ,GLOBEX,B0,1h,M1_EWMA,16717,2019-02-18,19,1140,13:00,False,0.0,1.2784897765149733e-06
NQ,GLOBEX,B0,1h,M1_EWMA,16718,2019-02-18,20,1200,14:00,False,0.0,1.2017803899240748e-06
NQ,GLOBEX,B0,1h,M1_EWMA,16719,2019-02-18,21,1260,15:00,False,0.0,1.1296735665286303e-06
NQ,GLOBEX,B0,1h,M1_EWMA,16854,2019-02-27,2,120,20:00,True,0.0,2.3313597818227417e-06
NQ,GLOBEX,B0,1h,M1_EWMA,16855,2019-02-27,3,180,21:00,True,0.0,2.1914781949133772e-06
NQ,GLOBEX,B0,1h,M1_EWMA,18169,2019-05-27,19,1140,13:00,False,0.0,2.009322703718258e-06
NQ,GLOBEX,B0,1h,M1_EWMA,18170,2019-05-27,20,1200,14:00,False,0.0,1.8887633414951625e-06
NQ,GLOBEX,B0,1h,M1_EWMA,18171,2019-05-27,21,1260,15:00,False,0.0,1.7754375410054527e-06
NQ,GLOBEX,B0,1h,M1_EWMA,18697,2019-07-04,19,1140,13:00,False,0.0,9.031986221260078e-07
NQ,GLOBEX,B0,1h,M1_EWMA,18698,2019-07-04,20,1200,14:00,False,0.0,8.490067047984473e-07
NQ,GLOBEX,B0,1h,M1_EWMA,18699,2019-07-04,21,1260,15:00,False,0.0,7.980663025105404e-07
NQ,GLOBEX,B0,1h,M1_EWMA,19621,2019-09-02,19,1140,13:00,False,0.0,5.91576236028823e-06
NQ,GLOBEX,B0,1h,M1_EWMA,19622,2019-09-02,20,1200,14:00,False,0.0,5.560816618670936e-06
NQ,GLOBEX,B0,1h,M1_EWMA,19623,2019-09-02,21,1260,15:00,False,0.0,5.22716762155068e-06
NQ,GLOBEX,B0,1h,M1_EWMA,20941,2019-11-28,19,1140,13:00,False,0.0,5.808896173743798e-07
NQ,GLOBEX,B0,1h,M1_EWMA,20942,2019-11-28,20,1200,14:00,False,0.0,5.46036240331917e-07
NQ,GLOBEX,B0,1h,M1_EWMA,20943,2019-11-28,21,1260,15:00,False,0.0,5.132740659120019e-07
NQ,GLOBEX,B0,1h,M1_EWMA,21601,2020-01-20,19,1140,13:00,False,0.0,6.418993441206262e-07
NQ,GLOBEX,B0,1h,M1_EWMA,21602,2020-01-20,20,1200,14:00,False,0.0,6.033853834733885e-07
NQ,GLOBEX,B0,1h,M1_EWMA,21603,2020-01-20,21,1260,15:00,False,0.0,5.671822604649852e-07
NQ,GLOBEX,B0,1h,M1_EWMA,22041,2020-02-17,19,1140,13:00,False,0.0,7.991164765685127e-07
NQ,GLOBEX,B0,1h,M1_EWMA,22042,2020-02-17,20,1200,14:00,False,0.0,7.511694879744019e-07
NQ,GLOBEX,B0,1h,M1_EWMA,22043,2020-02-17,21,1260,15:00,False,0.0,7.060993186959377e-07
NQ,GLOBEX,B0,1h,M1_EWMA,22356,2020-03-09,4,240,22:00,True,0.0,5.81174584981682e-05
NQ,GLOBEX,B0,1h,M1_EWMA,22358,2020-03-09,6,360,00:00,True,0.0,5.135258632898141e-05
NQ,GLOBEX,B0,1h,M1_EWMA,22361,2020-03-09,9,540,03:00,True,0.0,4.2652636563470695e-05
NQ,GLOBEX,B0,1h,M1_EWMA,22362,2020-03-09,10,600,04:00,True,0.0,4.009347836966245e-05
NQ,GLOBEX,B0,1h,M1_EWMA,22364,2020-03-09,12,720,06:00,True,0.0,3.542659748743374e-05
NQ,GLOBEX,B0,1h,M1_EWMA,22365,2020-03-09,13,780,07:00,True,0.0,3.330100163818771e-05
NQ,GLOBEX,B0,1h,M1_EWMA,22366,2020-03-09,14,840,08:00,True,0.0,3.130294153989645e-05
NQ,GLOBEX,B0,1h,M1_EWMA,22448,2020-03-18,8,480,02:00,True,0.0,0.0001409547656231652
NQ,GLOBEX,B0,1h,M1_EWMA,22449,2020-03-18,9,540,03:00,True,0.0,0.0001324974796857753
NQ,GLOBEX,B0,1h,M1_EWMA,22450,2020-03-18,10,600,04:00,True,0.0,0.00012454763090462875
NQ,GLOBEX,B0,1h,M1_EWMA,22451,2020-03-18,11,660,05:00,True,0.0,0.00011707477305035103
NQ,GLOBEX,B0,1h,M1_EWMA,22452,2020-03-18,12,720,06:00,True,0.0,0.00011005028666732996
NQ,GLOBEX,B0,1h,M1_EWMA,22453,2020-03-18,13,780,07:00,True,0.0,0.00010344726946729016
NQ,GLOBEX,B0,1h,M1_EWMA,22454,2020-03-18,14,840,08:00,True,0.0,9.724043329925274e-05
NQ,GLOBEX,B0,1h,M1_EWMA,22540,2020-03-24,12,720,06:00,True,0.0,0.00013903846160265282
NQ,GLOBEX,B0,1h,M1_EWMA,23494,2020-05-25,20,1200,14:00,False,0.0,3.5910363489267537e-06
NQ,GLOBEX,B0,1h,M1_EWMA,23495,2020-05-25,21,1260,15:00,False,0.0,3.3755741679911483e-06
NQ,GLOBEX,B0,1h,M1_EWMA,24003,2020-07-01,1,60,19:00,True,0.0,8.527935366297539e-06
NQ,GLOBEX,B0,1h,M1_EWMA,25056,2020-09-07,20,1200,14:00,False,0.0,2.397261642122252e-05
NQ,GLOBEX,B0,1h,M1_EWMA,25057,2020-09-07,21,1260,15:00,False,0.0,2.253425943594917e-05
NQ,GLOBEX,B0,1h,M1_EWMA,26266,2020-11-26,20,1200,14:00,False,0.0,1.4424659415151946e-06
NQ,GLOBEX,B0,1h,M1_EWMA,26267,2020-11-26,21,1260,15:00,False,0.0,1.3559179850242829e-06
NQ,GLOBEX,B0,1h,M1_EWMA,26926,2021-01-18,20,1200,14:00,False,0.0,2.386037616262465e-06
NQ,GLOBEX,B0,1h,M1_EWMA,26927,2021-01-18,21,1260,15:00,False,0.0,2.242875359286717e-06
NQ,GLOBEX,B0,1h,M1_EWMA,27366,2021-02-15,20,1200,14:00,False,0.0,1.2249365494491378e-06
NQ,GLOBEX,B0,1h,M1_EWMA,27367,2021-02-15,21,1260,15:00,False,0.0,1.1514403564821893e-06
NQ,GLOBEX,B0,1h,M1_EWMA,28045,2021-04-02,17,1020,11:00,False,0.0,1.6903017543975362e-06
NQ,GLOBEX,B0,1h,M1_EWMA,28046,2021-04-02,18,1080,12:00,False,0.0,1.588883649133684e-06
NQ,GLOBEX,B0,1h,M1_EWMA,28047,2021-04-02,19,1140,13:00,False,0.0,1.4935506301856629e-06
NQ,GLOBEX,B0,1h,M1_EWMA,28048,2021-04-02,20,1200,14:00,False,0.0,1.403937592374523e-06
NQ,GLOBEX,B0,1h,M1_EWMA,28049,2021-04-02,21,1260,15:00,False,0.0,1.3197013368320515e-06
NQ,GLOBEX,B0,1h,M1_EWMA,28950,2021-05-31,20,1200,14:00,False,0.0,9.70423510712842e-07
NQ,GLOBEX,B0,1h,M1_EWMA,28951,2021-05-31,21,1260,15:00,False,0.0,9.121981000700713e-07
NQ,GLOBEX,B0,1h,M1_EWMA,29434,2021-07-05,20,1200,14:00,False,0.0,6.345360934464972e-07
NQ,GLOBEX,B0,1h,M1_EWMA,29435,2021-07-05,21,1260,15:00,False,0.0,5.964639278397073e-07
NQ,GLOBEX,B0,1h,M1_EWMA,30424,2021-09-06,20,1200,14:00,False,0.0,4.000086154327633e-07
NQ,GLOBEX,B0,1h,M1_EWMA,30425,2021-09-06,21,1260,15:00,False,0.0,3.760080985067975e-07
NQ,GLOBEX,B0,1h,M1_EWMA,31634,2021-11-25,20,1200,14:00,False,0.0,2.034368377655618e-06
NQ,GLOBEX,B0,1h,M1_EWMA,31635,2021-11-25,21,1260,15:00,False,0.0,1.9123062749962806e-06
NQ,GLOBEX,B0,1h,M1_EWMA,32338,2022-01-17,20,1200,14:00,False,0.0,6.744165241351316e-06
NQ,GLOBEX,B0,1h,M1_EWMA,32339,2022-01-17,21,1260,15:00,False,0.0,6.339515326870237e-06
NQ,GLOBEX,B0,1h,M1_EWMA,32888,2022-02-21,20,1200,14:00,False,0.0,1.4628995234782862e-05
NQ,GLOBEX,B0,1h,M1_EWMA,32889,2022-02-21,21,1260,15:00,False,0.0,1.375125552069589e-05
NQ,GLOBEX,B0,1h,M1_EWMA,34340,2022-05-30,20,1200,14:00,False,0.0,7.35241854129905e-06
NQ,GLOBEX,B0,1h,M1_EWMA,34341,2022-05-30,21,1260,15:00,False,0.0,6.911273428821107e-06
NQ,GLOBEX,B0,1h,M1_EWMA,34604,2022-06-20,20,1200,14:00,False,0.0,1.0175091975454957e-05
NQ,GLOBEX,B0,1h,M1_EWMA,34605,2022-06-20,21,1260,15:00,False,0.0,9.56458645692766e-06
NQ,GLOBEX,B0,1h,M1_EWMA,34824,2022-07-04,20,1200,14:00,False,0.0,7.60803821640937e-06
NQ,GLOBEX,B0,1h,M1_EWMA,34825,2022-07-04,21,1260,15:00,False,0.0,7.151555923424807e-06
NQ,GLOBEX,B0,1h,M1_EWMA,35814,2022-09-05,20,1200,14:00,False,0.0,1.2144088627711906e-05
NQ,GLOBEX,B0,1h,M1_EWMA,35815,2022-09-05,21,1260,15:00,False,0.0,1.141544331004919e-05
NQ,GLOBEX,B0,1h,M1_EWMA,37024,2022-11-24,20,1200,14:00,False,0.0,3.739972502236211e-06
NQ,GLOBEX,B0,1h,M1_EWMA,37025,2022-11-24,21,1260,15:00,False,0.0,3.515574152102038e-06
NQ,GLOBEX,B0,1h,M1_EWMA,37706,2023-01-16,20,1200,14:00,False,0.0,4.833024653079847e-06
NQ,GLOBEX,B0,1h,M1_EWMA,37707,2023-01-16,21,1260,15:00,False,0.0,4.543043173895056e-06
NQ,GLOBEX,B0,1h,M1_EWMA,38256,2023-02-20,20,1200,14:00,False,0.0,3.631338478176923e-06
NQ,GLOBEX,B0,1h,M1_EWMA,38257,2023-02-20,21,1260,15:00,False,0.0,3.4134581694863077e-06
NQ,GLOBEX,B0,1h,M1_EWMA,38935,2023-04-07,17,1020,11:00,False,0.0,3.253121348004372e-06
NQ,GLOBEX,B0,1h,M1_EWMA,38936,2023-04-07,18,1080,12:00,False,0.0,3.05793406712411e-06
NQ,GLOBEX,B0,1h,M1_EWMA,38937,2023-04-07,19,1140,13:00,False,0.0,2.874458023096663e-06
NQ,GLOBEX,B0,1h,M1_EWMA,38938,2023-04-07,20,1200,14:00,False,0.0,2.701990541710863e-06
NQ,GLOBEX,B0,1h,M1_EWMA,38939,2023-04-07,21,1260,15:00,False,0.0,2.539871109208211e-06
NQ,GLOBEX,B0,1h,M1_EWMA,39730,2023-05-29,20,1200,14:00,False,0.0,3.108465233461345e-06
NQ,GLOBEX,B0,1h,M1_EWMA,39731,2023-05-29,21,1260,15:00,False,0.0,2.921957319453664e-06
NQ,GLOBEX,B0,1h,M1_EWMA,39994,2023-06-19,20,1200,14:00,False,0.0,1.6788584193662676e-06
NQ,GLOBEX,B0,1h,M1_EWMA,39995,2023-06-19,21,1260,15:00,False,0.0,1.5781269142042914e-06
NQ,GLOBEX,B0,1h,M1_EWMA,40214,2023-07-04,20,1200,14:00,False,0.0,1.2123530736395691e-06
NQ,GLOBEX,B0,1h,M1_EWMA,40215,2023-07-04,21,1260,15:00,False,0.0,1.139611889221195e-06
NQ,GLOBEX,B0,1h,M1_EWMA,41182,2023-09-04,20,1200,14:00,False,0.0,2.559974983515723e-06
NQ,GLOBEX,B0,1h,M1_EWMA,41183,2023-09-04,21,1260,15:00,False,0.0,2.4063764845047793e-06
NQ,GLOBEX,B0,1h,M1_EWMA,42392,2023-11-23,20,1200,14:00,False,0.0,7.692628927757593e-07
NQ,GLOBEX,B0,1h,M1_EWMA,42393,2023-11-23,21,1260,15:00,False,0.0,7.231071192092137e-07
NQ,GLOBEX,B0,1h,M2_HAR,679,2016-02-15,19,1140,13:00,False,0.0,7.925026634636584e-06
NQ,GLOBEX,B0,1h,M2_HAR,680,2016-02-15,20,1200,14:00,False,0.0,7.327294191850927e-06
NQ,GLOBEX,B0,1h,M2_HAR,681,2016-02-15,21,1260,15:00,False,0.0,7.354684182180736e-06
NQ,GLOBEX,B0,1h,M2_HAR,5519,2017-01-16,19,1140,13:00,False,0.0,8.799809915497789e-07
NQ,GLOBEX,B0,1h,M2_HAR,5520,2017-01-16,20,1200,14:00,False,0.0,6.655340112389761e-07
NQ,GLOBEX,B0,1h,M2_HAR,5521,2017-01-16,21,1260,15:00,False,0.0,6.604229049670966e-07
NQ,GLOBEX,B0,1h,M2_HAR,6069,2017-02-20,19,1140,13:00,False,0.0,6.698236409508399e-07
NQ,GLOBEX,B0,1h,M2_HAR,6070,2017-02-20,20,1200,14:00,False,0.0,4.570964082705725e-07
NQ,GLOBEX,B0,1h,M2_HAR,6071,2017-02-20,21,1260,15:00,False,0.0,4.5477997918368495e-07
NQ,GLOBEX,B0,1h,M2_HAR,7983,2017-07-04,19,1140,13:00,False,0.0,4.135639812404602e-06
NQ,GLOBEX,B0,1h,M2_HAR,7984,2017-07-04,20,1200,14:00,False,0.0,1.36240149075216e-06
NQ,GLOBEX,B0,1h,M2_HAR,7985,2017-07-04,21,1260,15:00,False,0.0,1.3513543616668278e-06
NQ,GLOBEX,B0,1h,M2_HAR,8951,2017-09-04,19,1140,13:00,False,0.0,1.0203405199339626e-06
NQ,GLOBEX,B0,1h,M2_HAR,8952,2017-09-04,20,1200,14:00,False,0.0,7.476160494675572e-07
NQ,GLOBEX,B0,1h,M2_HAR,8953,2017-09-04,21,1260,15:00,False,0.0,7.446084331007251e-07
NQ,GLOBEX,B0,1h,M2_HAR,10161,2017-11-23,19,1140,13:00,False,0.0,5.964030848843187e-07
NQ,GLOBEX,B0,1h,M2_HAR,10162,2017-11-23,20,1200,14:00,False,0.0,4.66989287377418e-07
NQ,GLOBEX,B0,1h,M2_HAR,10163,2017-11-23,21,1260,15:00,False,0.0,4.6510658494714976e-07
NQ,GLOBEX,B0,1h,M2_HAR,10843,2018-01-15,19,1140,13:00,False,0.0,8.662275152312306e-07
NQ,GLOBEX,B0,1h,M2_HAR,10844,2018-01-15,20,1200,14:00,False,0.0,5.813580339043438e-07
NQ,GLOBEX,B0,1h,M2_HAR,10845,2018-01-15,21,1260,15:00,False,0.0,5.791685304226389e-07
NQ,GLOBEX,B0,1h,M2_HAR,11393,2018-02-19,19,1140,13:00,False,0.0,6.056061531055854e-06
NQ,GLOBEX,B0,1h,M2_HAR,11394,2018-02-19,20,1200,14:00,False,0.0,3.559660731142362e-06
NQ,GLOBEX,B0,1h,M2_HAR,11395,2018-02-19,21,1260,15:00,False,0.0,3.510267259975015e-06
NQ,GLOBEX,B0,1h,M2_HAR,12845,2018-05-28,19,1140,13:00,False,0.0,1.7888507021627257e-06
NQ,GLOBEX,B0,1h,M2_HAR,12846,2018-05-28,20,1200,14:00,False,0.0,1.2273723233298717e-06
NQ,GLOBEX,B0,1h,M2_HAR,12847,2018-05-28,21,1260,15:00,False,0.0,1.2073095952791497e-06
NQ,GLOBEX,B0,1h,M2_HAR,13351,2018-07-04,19,1140,13:00,False,0.0,2.8305832404523315e-06
NQ,GLOBEX,B0,1h,M2_HAR,13352,2018-07-04,20,1200,14:00,False,0.0,2.2016511560701537e-06
NQ,GLOBEX,B0,1h,M2_HAR,13353,2018-07-04,21,1260,15:00,False,0.0,2.1932901946032357e-06
NQ,GLOBEX,B0,1h,M2_HAR,14297,2018-09-03,19,1140,13:00,False,0.0,1.0718184626766753e-06
NQ,GLOBEX,B0,1h,M2_HAR,14298,2018-09-03,20,1200,14:00,False,0.0,7.66724772977871e-07
NQ,GLOBEX,B0,1h,M2_HAR,14299,2018-09-03,21,1260,15:00,False,0.0,7.624635618833235e-07
NQ,GLOBEX,B0,1h,M2_HAR,15507,2018-11-22,19,1140,13:00,False,0.0,7.40183472162088e-06
NQ,GLOBEX,B0,1h,M2_HAR,15508,2018-11-22,20,1200,14:00,False,0.0,5.07312392054589e-06
NQ,GLOBEX,B0,1h,M2_HAR,15509,2018-11-22,21,1260,15:00,False,0.0,5.0077945510769495e-06
NQ,GLOBEX,B0,1h,M2_HAR,15680,2018-12-05,16,960,10:00,False,0.0,3.242670504208472e-06
NQ,GLOBEX,B0,1h,M2_HAR,15681,2018-12-05,17,1020,11:00,False,0.0,2.8339955833230974e-06
NQ,GLOBEX,B0,1h,M2_HAR,15682,2018-12-05,18,1080,12:00,False,0.0,2.765519173410613e-06
NQ,GLOBEX,B0,1h,M2_HAR,15683,2018-12-05,19,1140,13:00,False,0.0,2.655145562038489e-06
NQ,GLOBEX,B0,1h,M2_HAR,15684,2018-12-05,20,1200,14:00,False,0.0,2.612910348900076e-06
NQ,GLOBEX,B0,1h,M2_HAR,15685,2018-12-05,21,1260,15:00,False,0.0,2.5682337694334655e-06
NQ,GLOBEX,B0,1h,M2_HAR,16277,2019-01-21,19,1140,13:00,False,0.0,2.714234175055145e-06
NQ,GLOBEX,B0,1h,M2_HAR,16278,2019-01-21,20,1200,14:00,False,0.0,1.9205443916080065e-06
NQ,GLOBEX,B0,1h,M2_HAR,16279,2019-01-21,21,1260,15:00,False,0.0,1.9132506739075107e-06
NQ,GLOBEX,B0,1h,M2_HAR,16717,2019-02-18,19,1140,13:00,False,0.0,2.093118381934677e-06
NQ,GLOBEX,B0,1h,M2_HAR,16718,2019-02-18,20,1200,14:00,False,0.0,1.3923855963472124e-06
NQ,GLOBEX,B0,1h,M2_HAR,16719,2019-02-18,21,1260,15:00,False,0.0,1.3741102066930168e-06
NQ,GLOBEX,B0,1h,M2_HAR,16854,2019-02-27,2,120,20:00,True,0.0,1.611799283826554e-06
NQ,GLOBEX,B0,1h,M2_HAR,16855,2019-02-27,3,180,21:00,True,0.0,1.25331635540072e-06
NQ,GLOBEX,B0,1h,M2_HAR,18169,2019-05-27,19,1140,13:00,False,0.0,1.977726010540303e-06
NQ,GLOBEX,B0,1h,M2_HAR,18170,2019-05-27,20,1200,14:00,False,0.0,1.7536179012791347e-06
NQ,GLOBEX,B0,1h,M2_HAR,18171,2019-05-27,21,1260,15:00,False,0.0,1.7262021949505383e-06
NQ,GLOBEX,B0,1h,M2_HAR,18697,2019-07-04,19,1140,13:00,False,0.0,1.2230477725244011e-06
NQ,GLOBEX,B0,1h,M2_HAR,18698,2019-07-04,20,1200,14:00,False,0.0,1.0161674393670455e-06
NQ,GLOBEX,B0,1h,M2_HAR,18699,2019-07-04,21,1260,15:00,False,0.0,1.0047189027077672e-06
NQ,GLOBEX,B0,1h,M2_HAR,19621,2019-09-02,19,1140,13:00,False,0.0,6.099584004521982e-06
NQ,GLOBEX,B0,1h,M2_HAR,19622,2019-09-02,20,1200,14:00,False,0.0,2.5432926196445127e-06
NQ,GLOBEX,B0,1h,M2_HAR,19623,2019-09-02,21,1260,15:00,False,0.0,2.5229717279595658e-06
NQ,GLOBEX,B0,1h,M2_HAR,20941,2019-11-28,19,1140,13:00,False,0.0,8.22629320709616e-07
NQ,GLOBEX,B0,1h,M2_HAR,20942,2019-11-28,20,1200,14:00,False,0.0,7.146204702266234e-07
NQ,GLOBEX,B0,1h,M2_HAR,20943,2019-11-28,21,1260,15:00,False,0.0,7.087973520592944e-07
NQ,GLOBEX,B0,1h,M2_HAR,21601,2020-01-20,19,1140,13:00,False,0.0,1.03373501456902e-06
NQ,GLOBEX,B0,1h,M2_HAR,21602,2020-01-20,20,1200,14:00,False,0.0,9.507352389506111e-07
NQ,GLOBEX,B0,1h,M2_HAR,21603,2020-01-20,21,1260,15:00,False,0.0,9.483265514740257e-07
NQ,GLOBEX,B0,1h,M2_HAR,22041,2020-02-17,19,1140,13:00,False,0.0,1.4763466555347299e-06
NQ,GLOBEX,B0,1h,M2_HAR,22042,2020-02-17,20,1200,14:00,False,0.0,1.1802983638309413e-06
NQ,GLOBEX,B0,1h,M2_HAR,22043,2020-02-17,21,1260,15:00,False,0.0,1.1768626647987188e-06
NQ,GLOBEX,B0,1h,M2_HAR,22356,2020-03-09,4,240,22:00,True,0.0,2.7969854438424e-05
NQ,GLOBEX,B0,1h,M2_HAR,22358,2020-03-09,6,360,00:00,True,0.0,2.6921389423979156e-05
NQ,GLOBEX,B0,1h,M2_HAR,22361,2020-03-09,9,540,03:00,True,0.0,1.845734907318492e-05
NQ,GLOBEX,B0,1h,M2_HAR,22362,2020-03-09,10,600,04:00,True,0.0,1.8322275698315857e-05
NQ,GLOBEX,B0,1h,M2_HAR,22364,2020-03-09,12,720,06:00,True,0.0,2.2732431027763447e-05
NQ,GLOBEX,B0,1h,M2_HAR,22365,2020-03-09,13,780,07:00,True,0.0,1.777014065935152e-05
NQ,GLOBEX,B0,1h,M2_HAR,22366,2020-03-09,14,840,08:00,True,0.0,1.7573567357603053e-05
NQ,GLOBEX,B0,1h,M2_HAR,22448,2020-03-18,8,480,02:00,True,0.0,7.006745646899328e-05
NQ,GLOBEX,B0,1h,M2_HAR,22449,2020-03-18,9,540,03:00,True,0.0,5.355490283343699e-05
NQ,GLOBEX,B0,1h,M2_HAR,22450,2020-03-18,10,600,04:00,True,0.0,5.3383312418709366e-05
NQ,GLOBEX,B0,1h,M2_HAR,22451,2020-03-18,11,660,05:00,True,0.0,5.322291781098301e-05
NQ,GLOBEX,B0,1h,M2_HAR,22452,2020-03-18,12,720,06:00,True,0.0,5.297670861853508e-05
NQ,GLOBEX,B0,1h,M2_HAR,22453,2020-03-18,13,780,07:00,True,0.0,5.281236569710397e-05
NQ,GLOBEX,B0,1h,M2_HAR,22454,2020-03-18,14,840,08:00,True,0.0,5.263524561149813e-05
NQ,GLOBEX,B0,1h,M2_HAR,22540,2020-03-24,12,720,06:00,True,0.0,0.00014291043268867365
NQ,GLOBEX,B0,1h,M2_HAR,23494,2020-05-25,20,1200,14:00,False,0.0,2.934297620802604e-06
NQ,GLOBEX,B0,1h,M2_HAR,23495,2020-05-25,21,1260,15:00,False,0.0,2.9107013289358364e-06
NQ,GLOBEX,B0,1h,M2_HAR,24003,2020-07-01,1,60,19:00,True,0.0,5.074204950774822e-06
NQ,GLOBEX,B0,1h,M2_HAR,25056,2020-09-07,20,1200,14:00,False,0.0,1.1302218503288177e-05
NQ,GLOBEX,B0,1h,M2_HAR,25057,2020-09-07,21,1260,15:00,False,0.0,1.1287486070642234e-05
NQ,GLOBEX,B0,1h,M2_HAR,26266,2020-11-26,20,1200,14:00,False,0.0,1.0745222333263573e-06
NQ,GLOBEX,B0,1h,M2_HAR,26267,2020-11-26,21,1260,15:00,False,0.0,1.064430055178801e-06
NQ,GLOBEX,B0,1h,M2_HAR,26926,2021-01-18,20,1200,14:00,False,0.0,2.1482489472455496e-06
NQ,GLOBEX,B0,1h,M2_HAR,26927,2021-01-18,21,1260,15:00,False,0.0,2.119804223461317e-06
NQ,GLOBEX,B0,1h,M2_HAR,27366,2021-02-15,20,1200,14:00,False,0.0,1.338767956617097e-06
NQ,GLOBEX,B0,1h,M2_HAR,27367,2021-02-15,21,1260,15:00,False,0.0,1.3294293377251283e-06
NQ,GLOBEX,B0,1h,M2_HAR,28045,2021-04-02,17,1020,11:00,False,0.0,2.321060546752091e-06
NQ,GLOBEX,B0,1h,M2_HAR,28046,2021-04-02,18,1080,12:00,False,0.0,2.2600813130737715e-06
NQ,GLOBEX,B0,1h,M2_HAR,28047,2021-04-02,19,1140,13:00,False,0.0,2.2125866892411584e-06
NQ,GLOBEX,B0,1h,M2_HAR,28048,2021-04-02,20,1200,14:00,False,0.0,2.18528133374975e-06
NQ,GLOBEX,B0,1h,M2_HAR,28049,2021-04-02,21,1260,15:00,False,0.0,2.050697470546005e-06
NQ,GLOBEX,B0,1h,M2_HAR,28950,2021-05-31,20,1200,14:00,False,0.0,1.088597040306497e-06
NQ,GLOBEX,B0,1h,M2_HAR,28951,2021-05-31,21,1260,15:00,False,0.0,1.0853285464711096e-06
NQ,GLOBEX,B0,1h,M2_HAR,29434,2021-07-05,20,1200,14:00,False,0.0,9.674564797069628e-07
NQ,GLOBEX,B0,1h,M2_HAR,29435,2021-07-05,21,1260,15:00,False,0.0,9.600311003705035e-07
NQ,GLOBEX,B0,1h,M2_HAR,30424,2021-09-06,20,1200,14:00,False,0.0,1.0701609357006741e-06
NQ,GLOBEX,B0,1h,M2_HAR,30425,2021-09-06,21,1260,15:00,False,0.0,1.0668607763152743e-06
NQ,GLOBEX,B0,1h,M2_HAR,31634,2021-11-25,20,1200,14:00,False,0.0,2.4574400726053186e-06
NQ,GLOBEX,B0,1h,M2_HAR,31635,2021-11-25,21,1260,15:00,False,0.0,2.4393875170003806e-06
NQ,GLOBEX,B0,1h,M2_HAR,32338,2022-01-17,20,1200,14:00,False,0.0,4.4437274860183115e-06
NQ,GLOBEX,B0,1h,M2_HAR,32339,2022-01-17,21,1260,15:00,False,0.0,4.363562014990887e-06
NQ,GLOBEX,B0,1h,M2_HAR,32888,2022-02-21,20,1200,14:00,False,0.0,4.812018985816827e-06
NQ,GLOBEX,B0,1h,M2_HAR,32889,2022-02-21,21,1260,15:00,False,0.0,4.548736664737182e-06
NQ,GLOBEX,B0,1h,M2_HAR,34340,2022-05-30,20,1200,14:00,False,0.0,5.03605646976356e-06
NQ,GLOBEX,B0,1h,M2_HAR,34341,2022-05-30,21,1260,15:00,False,0.0,4.925217217053902e-06
NQ,GLOBEX,B0,1h,M2_HAR,34604,2022-06-20,20,1200,14:00,False,0.0,9.452939715649466e-06
NQ,GLOBEX,B0,1h,M2_HAR,34605,2022-06-20,21,1260,15:00,False,0.0,9.396136985275763e-06
NQ,GLOBEX,B0,1h,M2_HAR,34824,2022-07-04,20,1200,14:00,False,0.0,6.622551823643118e-06
NQ,GLOBEX,B0,1h,M2_HAR,34825,2022-07-04,21,1260,15:00,False,0.0,6.577152222009922e-06
NQ,GLOBEX,B0,1h,M2_HAR,35814,2022-09-05,20,1200,14:00,False,0.0,6.111934136057212e-06
NQ,GLOBEX,B0,1h,M2_HAR,35815,2022-09-05,21,1260,15:00,False,0.0,6.0506525910118695e-06
NQ,GLOBEX,B0,1h,M2_HAR,37024,2022-11-24,20,1200,14:00,False,0.0,2.9049430181713335e-06
NQ,GLOBEX,B0,1h,M2_HAR,37025,2022-11-24,21,1260,15:00,False,0.0,2.842057858159573e-06
NQ,GLOBEX,B0,1h,M2_HAR,37706,2023-01-16,20,1200,14:00,False,0.0,5.42382790123842e-06
NQ,GLOBEX,B0,1h,M2_HAR,37707,2023-01-16,21,1260,15:00,False,0.0,5.353434572365702e-06
NQ,GLOBEX,B0,1h,M2_HAR,38256,2023-02-20,20,1200,14:00,False,0.0,5.143412861121862e-06
NQ,GLOBEX,B0,1h,M2_HAR,38257,2023-02-20,21,1260,15:00,False,0.0,5.106494847086749e-06
NQ,GLOBEX,B0,1h,M2_HAR,38935,2023-04-07,17,1020,11:00,False,0.0,1.9083351170509666e-06
NQ,GLOBEX,B0,1h,M2_HAR,38936,2023-04-07,18,1080,12:00,False,0.0,1.8909476496220277e-06
NQ,GLOBEX,B0,1h,M2_HAR,38937,2023-04-07,19,1140,13:00,False,0.0,1.8792611777806815e-06
NQ,GLOBEX,B0,1h,M2_HAR,38938,2023-04-07,20,1200,14:00,False,0.0,1.8673380091858323e-06
NQ,GLOBEX,B0,1h,M2_HAR,38939,2023-04-07,21,1260,15:00,False,0.0,1.8522203531434965e-06
NQ,GLOBEX,B0,1h,M2_HAR,39730,2023-05-29,20,1200,14:00,False,0.0,2.2843641327781315e-06
NQ,GLOBEX,B0,1h,M2_HAR,39731,2023-05-29,21,1260,15:00,False,0.0,2.2650153086538543e-06
NQ,GLOBEX,B0,1h,M2_HAR,39994,2023-06-19,20,1200,14:00,False,0.0,2.8424816891600683e-06
NQ,GLOBEX,B0,1h,M2_HAR,39995,2023-06-19,21,1260,15:00,False,0.0,2.7991415943286428e-06
NQ,GLOBEX,B0,1h,M2_HAR,40214,2023-07-04,20,1200,14:00,False,0.0,2.3417990225618003e-06
NQ,GLOBEX,B0,1h,M2_HAR,40215,2023-07-04,21,1260,15:00,False,0.0,2.303196367361898e-06
NQ,GLOBEX,B0,1h,M2_HAR,41182,2023-09-04,20,1200,14:00,False,0.0,2.2692894717403784e-06
NQ,GLOBEX,B0,1h,M2_HAR,41183,2023-09-04,21,1260,15:00,False,0.0,2.2319290462548615e-06
NQ,GLOBEX,B0,1h,M2_HAR,42392,2023-11-23,20,1200,14:00,False,0.0,1.3821998285270168e-06
NQ,GLOBEX,B0,1h,M2_HAR,42393,2023-11-23,21,1260,15:00,False,0.0,1.3645767250283055e-06
NQ,GLOBEX,B0,1h,M3_HARJ,679,2016-02-15,19,1140,13:00,False,0.0,7.780827218340346e-06
NQ,GLOBEX,B0,1h,M3_HARJ,680,2016-02-15,20,1200,14:00,False,0.0,7.132950780918452e-06
NQ,GLOBEX,B0,1h,M3_HARJ,681,2016-02-15,21,1260,15:00,False,0.0,7.173573848192815e-06
NQ,GLOBEX,B0,1h,M3_HARJ,5519,2017-01-16,19,1140,13:00,False,0.0,7.552759250349683e-07
NQ,GLOBEX,B0,1h,M3_HARJ,5520,2017-01-16,20,1200,14:00,False,0.0,4.819332455691795e-07
NQ,GLOBEX,B0,1h,M3_HARJ,5521,2017-01-16,21,1260,15:00,False,0.0,4.770026701267523e-07
NQ,GLOBEX,B0,1h,M3_HARJ,6069,2017-02-20,19,1140,13:00,False,0.0,6.932200397346223e-07
NQ,GLOBEX,B0,1h,M3_HARJ,6070,2017-02-20,20,1200,14:00,False,0.0,3.0895459883203827e-07
NQ,GLOBEX,B0,1h,M3_HARJ,6071,2017-02-20,21,1260,15:00,False,0.0,3.0696748526150203e-07
NQ,GLOBEX,B0,1h,M3_HARJ,7983,2017-07-04,19,1140,13:00,False,0.0,3.7537981648427614e-06
NQ,GLOBEX,B0,1h,M3_HARJ,7984,2017-07-04,20,1200,14:00,False,0.0,1.187360074974453e-06
NQ,GLOBEX,B0,1h,M3_HARJ,7985,2017-07-04,21,1260,15:00,False,0.0,1.1763582868821922e-06
NQ,GLOBEX,B0,1h,M3_HARJ,8951,2017-09-04,19,1140,13:00,False,0.0,9.173099408136013e-07
NQ,GLOBEX,B0,1h,M3_HARJ,8952,2017-09-04,20,1200,14:00,False,0.0,5.884461083023891e-07
NQ,GLOBEX,B0,1h,M3_HARJ,8953,2017-09-04,21,1260,15:00,False,0.0,5.855248115846796e-07
NQ,GLOBEX,B0,1h,M3_HARJ,10161,2017-11-23,19,1140,13:00,False,0.0,4.692554632769585e-07
NQ,GLOBEX,B0,1h,M3_HARJ,10162,2017-11-23,20,1200,14:00,False,0.0,3.403063127433932e-07
NQ,GLOBEX,B0,1h,M3_HARJ,10163,2017-11-23,21,1260,15:00,False,0.0,3.385029180070327e-07
NQ,GLOBEX,B0,1h,M3_HARJ,10843,2018-01-15,19,1140,13:00,False,0.0,7.779511381166455e-07
NQ,GLOBEX,B0,1h,M3_HARJ,10844,2018-01-15,20,1200,14:00,False,0.0,4.646025979449692e-07
NQ,GLOBEX,B0,1h,M3_HARJ,10845,2018-01-15,21,1260,15:00,False,0.0,4.6251550823842003e-07
NQ,GLOBEX,B0,1h,M3_HARJ,11393,2018-02-19,19,1140,13:00,False,0.0,6.194628275683919e-06
NQ,GLOBEX,B0,1h,M3_HARJ,11394,2018-02-19,20,1200,14:00,False,0.0,3.683911945585402e-06
NQ,GLOBEX,B0,1h,M3_HARJ,11395,2018-02-19,21,1260,15:00,False,0.0,3.634859793158857e-06
NQ,GLOBEX,B0,1h,M3_HARJ,12845,2018-05-28,19,1140,13:00,False,0.0,1.7274351276428224e-06
NQ,GLOBEX,B0,1h,M3_HARJ,12846,2018-05-28,20,1200,14:00,False,0.0,1.2588472851760397e-06
NQ,GLOBEX,B0,1h,M3_HARJ,12847,2018-05-28,21,1260,15:00,False,0.0,1.238767104383855e-06
NQ,GLOBEX,B0,1h,M3_HARJ,13351,2018-07-04,19,1140,13:00,False,0.0,2.8237254280030477e-06
NQ,GLOBEX,B0,1h,M3_HARJ,13352,2018-07-04,20,1200,14:00,False,0.0,2.232606912934822e-06
NQ,GLOBEX,B0,1h,M3_HARJ,13353,2018-07-04,21,1260,15:00,False,0.0,2.2241485982582823e-06
NQ,GLOBEX,B0,1h,M3_HARJ,14297,2018-09-03,19,1140,13:00,False,0.0,1.0907049752791166e-06
NQ,GLOBEX,B0,1h,M3_HARJ,14298,2018-09-03,20,1200,14:00,False,0.0,7.921360879865731e-07
NQ,GLOBEX,B0,1h,M3_HARJ,14299,2018-09-03,21,1260,15:00,False,0.0,7.878548246878457e-07
NQ,GLOBEX,B0,1h,M3_HARJ,15507,2018-11-22,19,1140,13:00,False,0.0,7.474694377967899e-06
NQ,GLOBEX,B0,1h,M3_HARJ,15508,2018-11-22,20,1200,14:00,False,0.0,5.139894036450234e-06
NQ,GLOBEX,B0,1h,M3_HARJ,15509,2018-11-22,21,1260,15:00,False,0.0,5.074362201207306e-06
NQ,GLOBEX,B0,1h,M3_HARJ,15680,2018-12-05,16,960,10:00,False,0.0,3.2986875090888993e-06
NQ,GLOBEX,B0,1h,M3_HARJ,15681,2018-12-05,17,1020,11:00,False,0.0,2.881842835501906e-06
NQ,GLOBEX,B0,1h,M3_HARJ,15682,2018-12-05,18,1080,12:00,False,0.0,2.81304687037298e-06
NQ,GLOBEX,B0,1h,M3_HARJ,15683,2018-12-05,19,1140,13:00,False,0.0,2.7025636572389577e-06
NQ,GLOBEX,B0,1h,M3_HARJ,15684,2018-12-05,20,1200,14:00,False,0.0,2.6602611033437364e-06
NQ,GLOBEX,B0,1h,M3_HARJ,15685,2018-12-05,21,1260,15:00,False,0.0,2.6151740962377147e-06
NQ,GLOBEX,B0,1h,M3_HARJ,16277,2019-01-21,19,1140,13:00,False,0.0,2.7196270805733026e-06
NQ,GLOBEX,B0,1h,M3_HARJ,16278,2019-01-21,20,1200,14:00,False,0.0,1.9751364987260665e-06
NQ,GLOBEX,B0,1h,M3_HARJ,16279,2019-01-21,21,1260,15:00,False,0.0,1.9676939470668106e-06
NQ,GLOBEX,B0,1h,M3_HARJ,16717,2019-02-18,19,1140,13:00,False,0.0,2.1269657180888792e-06
NQ,GLOBEX,B0,1h,M3_HARJ,16718,2019-02-18,20,1200,14:00,False,0.0,1.4056577799328077e-06
NQ,GLOBEX,B0,1h,M3_HARJ,16719,2019-02-18,21,1260,15:00,False,0.0,1.3873234315843863e-06
NQ,GLOBEX,B0,1h,M3_HARJ,16854,2019-02-27,2,120,20:00,True,0.0,1.6336774258035093e-06
NQ,GLOBEX,B0,1h,M3_HARJ,16855,2019-02-27,3,180,21:00,True,0.0,1.2644841835604085e-06
NQ,GLOBEX,B0,1h,M3_HARJ,18169,2019-05-27,19,1140,13:00,False,0.0,2.000581073219931e-06
NQ,GLOBEX,B0,1h,M3_HARJ,18170,2019-05-27,20,1200,14:00,False,0.0,1.7707382785490321e-06
NQ,GLOBEX,B0,1h,M3_HARJ,18171,2019-05-27,21,1260,15:00,False,0.0,1.7435951533199305e-06
NQ,GLOBEX,B0,1h,M3_HARJ,18697,2019-07-04,19,1140,13:00,False,0.0,1.2365491521585433e-06
NQ,GLOBEX,B0,1h,M3_HARJ,18698,2019-07-04,20,1200,14:00,False,0.0,1.0310460750158623e-06
NQ,GLOBEX,B0,1h,M3_HARJ,18699,2019-07-04,21,1260,15:00,False,0.0,1.0196419489116896e-06
NQ,GLOBEX,B0,1h,M3_HARJ,19621,2019-09-02,19,1140,13:00,False,0.0,6.103644859697778e-06
NQ,GLOBEX,B0,1h,M3_HARJ,19622,2019-09-02,20,1200,14:00,False,0.0,2.5626500123503108e-06
NQ,GLOBEX,B0,1h,M3_HARJ,19623,2019-09-02,21,1260,15:00,False,0.0,2.5420979723191764e-06
NQ,GLOBEX,B0,1h,M3_HARJ,20941,2019-11-28,19,1140,13:00,False,0.0,8.323733777681427e-07
NQ,GLOBEX,B0,1h,M3_HARJ,20942,2019-11-28,20,1200,14:00,False,0.0,7.236838137858872e-07
NQ,GLOBEX,B0,1h,M3_HARJ,20943,2019-11-28,21,1260,15:00,False,0.0,7.179239389282787e-07
NQ,GLOBEX,B0,1h,M3_HARJ,21601,2020-01-20,19,1140,13:00,False,0.0,1.0414397711683936e-06
NQ,GLOBEX,B0,1h,M3_HARJ,21602,2020-01-20,20,1200,14:00,False,0.0,9.572789263781252e-07
NQ,GLOBEX,B0,1h,M3_HARJ,21603,2020-01-20,21,1260,15:00,False,0.0,9.548725262852375e-07
NQ,GLOBEX,B0,1h,M3_HARJ,22041,2020-02-17,19,1140,13:00,False,0.0,1.495636354226957e-06
NQ,GLOBEX,B0,1h,M3_HARJ,22042,2020-02-17,20,1200,14:00,False,0.0,1.1910503536657765e-06
NQ,GLOBEX,B0,1h,M3_HARJ,22043,2020-02-17,21,1260,15:00,False,0.0,1.1876558645662261e-06
NQ,GLOBEX,B0,1h,M3_HARJ,22356,2020-03-09,4,240,22:00,True,0.0,2.7928371178974e-05
NQ,GLOBEX,B0,1h,M3_HARJ,22358,2020-03-09,6,360,00:00,True,0.0,2.6128456830370852e-05
NQ,GLOBEX,B0,1h,M3_HARJ,22361,2020-03-09,9,540,03:00,True,0.0,1.7787360996869073e-05
NQ,GLOBEX,B0,1h,M3_HARJ,22362,2020-03-09,10,600,04:00,True,0.0,1.765763436519305e-05
NQ,GLOBEX,B0,1h,M3_HARJ,22364,2020-03-09,12,720,06:00,True,0.0,2.210352804040633e-05
NQ,GLOBEX,B0,1h,M3_HARJ,22365,2020-03-09,13,780,07:00,True,0.0,1.7125515018976894e-05
NQ,GLOBEX,B0,1h,M3_HARJ,22366,2020-03-09,14,840,08:00,True,0.0,1.6936067508058278e-05
NQ,GLOBEX,B0,1h,M3_HARJ,22448,2020-03-18,8,480,02:00,True,0.0,6.965116556679644e-05
NQ,GLOBEX,B0,1h,M3_HARJ,22449,2020-03-18,9,540,03:00,True,0.0,5.2292499388990156e-05
NQ,GLOBEX,B0,1h,M3_HARJ,22450,2020-03-18,10,600,04:00,True,0.0,5.2125003391847567e-05
NQ,GLOBEX,B0,1h,M3_HARJ,22451,2020-03-18,11,660,05:00,True,0.0,5.196843734189378e-05
NQ,GLOBEX,B0,1h,M3_HARJ,22452,2020-03-18,12,720,06:00,True,0.0,5.172810549860816e-05
NQ,GLOBEX,B0,1h,M3_HARJ,22453,2020-03-18,13,780,07:00,True,0.0,5.156768548663735e-05
NQ,GLOBEX,B0,1h,M3_HARJ,22454,2020-03-18,14,840,08:00,True,0.0,5.1394793064602693e-05
NQ,GLOBEX,B0,1h,M3_HARJ,22540,2020-03-24,12,720,06:00,True,0.0,0.00014261190067245622
NQ,GLOBEX,B0,1h,M3_HARJ,23494,2020-05-25,20,1200,14:00,False,0.0,2.916925229463267e-06
NQ,GLOBEX,B0,1h,M3_HARJ,23495,2020-05-25,21,1260,15:00,False,0.0,2.8935395628008888e-06
NQ,GLOBEX,B0,1h,M3_HARJ,24003,2020-07-01,1,60,19:00,True,0.0,5.036264451817706e-06
NQ,GLOBEX,B0,1h,M3_HARJ,25056,2020-09-07,20,1200,14:00,False,0.0,1.1201300117308872e-05
NQ,GLOBEX,B0,1h,M3_HARJ,25057,2020-09-07,21,1260,15:00,False,0.0,1.1186711451724252e-05
NQ,GLOBEX,B0,1h,M3_HARJ,26266,2020-11-26,20,1200,14:00,False,0.0,1.0769207916197587e-06
NQ,GLOBEX,B0,1h,M3_HARJ,26267,2020-11-26,21,1260,15:00,False,0.0,1.0669166630637764e-06
NQ,GLOBEX,B0,1h,M3_HARJ,26926,2021-01-18,20,1200,14:00,False,0.0,2.1383937708876297e-06
NQ,GLOBEX,B0,1h,M3_HARJ,26927,2021-01-18,21,1260,15:00,False,0.0,2.1101992917861107e-06
NQ,GLOBEX,B0,1h,M3_HARJ,27366,2021-02-15,20,1200,14:00,False,0.0,1.3365731810240831e-06
NQ,GLOBEX,B0,1h,M3_HARJ,27367,2021-02-15,21,1260,15:00,False,0.0,1.3273193266391374e-06
NQ,GLOBEX,B0,1h,M3_HARJ,28045,2021-04-02,17,1020,11:00,False,0.0,2.312481130486371e-06
NQ,GLOBEX,B0,1h,M3_HARJ,28046,2021-04-02,18,1080,12:00,False,0.0,2.2520052078692465e-06
NQ,GLOBEX,B0,1h,M3_HARJ,28047,2021-04-02,19,1140,13:00,False,0.0,2.2049036869127672e-06
NQ,GLOBEX,B0,1h,M3_HARJ,28048,2021-04-02,20,1200,14:00,False,0.0,2.177814405120355e-06
NQ,GLOBEX,B0,1h,M3_HARJ,28049,2021-04-02,21,1260,15:00,False,0.0,2.0443819405461643e-06
NQ,GLOBEX,B0,1h,M3_HARJ,28950,2021-05-31,20,1200,14:00,False,0.0,1.0886919554140892e-06
NQ,GLOBEX,B0,1h,M3_HARJ,28951,2021-05-31,21,1260,15:00,False,0.0,1.0854505920568805e-06
NQ,GLOBEX,B0,1h,M3_HARJ,29434,2021-07-05,20,1200,14:00,False,0.0,9.67730775346547e-07
NQ,GLOBEX,B0,1h,M3_HARJ,29435,2021-07-05,21,1260,15:00,False,0.0,9.603709639956453e-07
NQ,GLOBEX,B0,1h,M3_HARJ,30424,2021-09-06,20,1200,14:00,False,0.0,1.0690533632843697e-06
NQ,GLOBEX,B0,1h,M3_HARJ,30425,2021-09-06,21,1260,15:00,False,0.0,1.0657819040105833e-06
NQ,GLOBEX,B0,1h,M3_HARJ,31634,2021-11-25,20,1200,14:00,False,0.0,2.4441787000567466e-06
NQ,GLOBEX,B0,1h,M3_HARJ,31635,2021-11-25,21,1260,15:00,False,0.0,2.426281660676067e-06
NQ,GLOBEX,B0,1h,M3_HARJ,32338,2022-01-17,20,1200,14:00,False,0.0,4.414661763884636e-06
NQ,GLOBEX,B0,1h,M3_HARJ,32339,2022-01-17,21,1260,15:00,False,0.0,4.335133203751227e-06
NQ,GLOBEX,B0,1h,M3_HARJ,32888,2022-02-21,20,1200,14:00,False,0.0,4.787559160669571e-06
NQ,GLOBEX,B0,1h,M3_HARJ,32889,2022-02-21,21,1260,15:00,False,0.0,4.526363878733122e-06
NQ,GLOBEX,B0,1h,M3_HARJ,34340,2022-05-30,20,1200,14:00,False,0.0,5.013476674354032e-06
NQ,GLOBEX,B0,1h,M3_HARJ,34341,2022-05-30,21,1260,15:00,False,0.0,4.9034230326284045e-06
NQ,GLOBEX,B0,1h,M3_HARJ,34604,2022-06-20,20,1200,14:00,False,0.0,9.40346218512832e-06
NQ,GLOBEX,B0,1h,M3_HARJ,34605,2022-06-20,21,1260,15:00,False,0.0,9.347003487488388e-06
NQ,GLOBEX,B0,1h,M3_HARJ,34824,2022-07-04,20,1200,14:00,False,0.0,6.59058070724899e-06
NQ,GLOBEX,B0,1h,M3_HARJ,34825,2022-07-04,21,1260,15:00,False,0.0,6.545461998874159e-06
NQ,GLOBEX,B0,1h,M3_HARJ,35814,2022-09-05,20,1200,14:00,False,0.0,5.985839558105785e-06
NQ,GLOBEX,B0,1h,M3_HARJ,35815,2022-09-05,21,1260,15:00,False,0.0,5.926045039843178e-06
NQ,GLOBEX,B0,1h,M3_HARJ,37024,2022-11-24,20,1200,14:00,False,0.0,2.69065348401619e-06
NQ,GLOBEX,B0,1h,M3_HARJ,37025,2022-11-24,21,1260,15:00,False,0.0,2.6342722129018833e-06
NQ,GLOBEX,B0,1h,M3_HARJ,37706,2023-01-16,20,1200,14:00,False,0.0,4.921907586652817e-06
NQ,GLOBEX,B0,1h,M3_HARJ,37707,2023-01-16,21,1260,15:00,False,0.0,4.859017599692113e-06
NQ,GLOBEX,B0,1h,M3_HARJ,38256,2023-02-20,20,1200,14:00,False,0.0,4.67102250143042e-06
NQ,GLOBEX,B0,1h,M3_HARJ,38257,2023-02-20,21,1260,15:00,False,0.0,4.637968934256927e-06
NQ,GLOBEX,B0,1h,M3_HARJ,38935,2023-04-07,17,1020,11:00,False,0.0,1.7729600064099167e-06
NQ,GLOBEX,B0,1h,M3_HARJ,38936,2023-04-07,18,1080,12:00,False,0.0,1.757344501286516e-06
NQ,GLOBEX,B0,1h,M3_HARJ,38937,2023-04-07,19,1140,13:00,False,0.0,1.746868639559576e-06
NQ,GLOBEX,B0,1h,M3_HARJ,38938,2023-04-07,20,1200,14:00,False,0.0,1.7361852588843861e-06
NQ,GLOBEX,B0,1h,M3_HARJ,38939,2023-04-07,21,1260,15:00,False,0.0,1.7226564889838332e-06
NQ,GLOBEX,B0,1h,M3_HARJ,39730,2023-05-29,20,1200,14:00,False,0.0,2.0966462329542592e-06
NQ,GLOBEX,B0,1h,M3_HARJ,39731,2023-05-29,21,1260,15:00,False,0.0,2.0793312603871314e-06
NQ,GLOBEX,B0,1h,M3_HARJ,39994,2023-06-19,20,1200,14:00,False,0.0,2.596112105666944e-06
NQ,GLOBEX,B0,1h,M3_HARJ,39995,2023-06-19,21,1260,15:00,False,0.0,2.557361818108597e-06
NQ,GLOBEX,B0,1h,M3_HARJ,40214,2023-07-04,20,1200,14:00,False,0.0,2.1497205843766735e-06
NQ,GLOBEX,B0,1h,M3_HARJ,40215,2023-07-04,21,1260,15:00,False,0.0,2.115224757729304e-06
NQ,GLOBEX,B0,1h,M3_HARJ,41182,2023-09-04,20,1200,14:00,False,0.0,2.0865135431052256e-06
NQ,GLOBEX,B0,1h,M3_HARJ,41183,2023-09-04,21,1260,15:00,False,0.0,2.0530818925532275e-06
NQ,GLOBEX,B0,1h,M3_HARJ,42392,2023-11-23,20,1200,14:00,False,0.0,1.2898121270518543e-06
NQ,GLOBEX,B0,1h,M3_HARJ,42393,2023-11-23,21,1260,15:00,False,0.0,1.2740064042855735e-06
NQ,GLOBEX,B0,1h,M4_HARQ,679,2016-02-15,19,1140,13:00,False,0.0,4.5624667554913415e-06
NQ,GLOBEX,B0,1h,M4_HARQ,680,2016-02-15,20,1200,14:00,False,0.0,3.5893343376351553e-06
NQ,GLOBEX,B0,1h,M4_HARQ,681,2016-02-15,21,1260,15:00,False,0.0,3.6396652292205013e-06
NQ,GLOBEX,B0,1h,M4_HARQ,5519,2017-01-16,19,1140,13:00,False,0.0,7.623433439560094e-07
NQ,GLOBEX,B0,1h,M4_HARQ,5520,2017-01-16,20,1200,14:00,False,0.0,5.141212457785273e-07
NQ,GLOBEX,B0,1h,M4_HARQ,5521,2017-01-16,21,1260,15:00,False,0.0,5.100713735993408e-07
NQ,GLOBEX,B0,1h,M4_HARQ,6069,2017-02-20,19,1140,13:00,False,0.0,5.976151392070926e-07
NQ,GLOBEX,B0,1h,M4_HARQ,6070,2017-02-20,20,1200,14:00,False,0.0,3.511769927206083e-07
NQ,GLOBEX,B0,1h,M4_HARQ,6071,2017-02-20,21,1260,15:00,False,0.0,3.493942748075128e-07
NQ,GLOBEX,B0,1h,M4_HARQ,7983,2017-07-04,19,1140,13:00,False,0.0,4.263717759914777e-06
NQ,GLOBEX,B0,1h,M4_HARQ,7984,2017-07-04,20,1200,14:00,False,0.0,1.0811775469586499e-06
NQ,GLOBEX,B0,1h,M4_HARQ,7985,2017-07-04,21,1260,15:00,False,0.0,1.0721555626518287e-06
NQ,GLOBEX,B0,1h,M4_HARQ,8951,2017-09-04,19,1140,13:00,False,0.0,8.972436768316358e-07
NQ,GLOBEX,B0,1h,M4_HARQ,8952,2017-09-04,20,1200,14:00,False,0.0,5.862398168742737e-07
NQ,GLOBEX,B0,1h,M4_HARQ,8953,2017-09-04,21,1260,15:00,False,0.0,5.837677173812142e-07
NQ,GLOBEX,B0,1h,M4_HARQ,10161,2017-11-23,19,1140,13:00,False,0.0,5.07458571543238e-07
NQ,GLOBEX,B0,1h,M4_HARQ,10162,2017-11-23,20,1200,14:00,False,0.0,3.606958787690429e-07
NQ,GLOBEX,B0,1h,M4_HARQ,10163,2017-11-23,21,1260,15:00,False,0.0,3.5913961745465273e-07
NQ,GLOBEX,B0,1h,M4_HARQ,10843,2018-01-15,19,1140,13:00,False,0.0,7.878883892013255e-07
NQ,GLOBEX,B0,1h,M4_HARQ,10844,2018-01-15,20,1200,14:00,False,0.0,4.6512403972333476e-07
NQ,GLOBEX,B0,1h,M4_HARQ,10845,2018-01-15,21,1260,15:00,False,0.0,4.632902903047264e-07
NQ,GLOBEX,B0,1h,M4_HARQ,11393,2018-02-19,19,1140,13:00,False,0.0,5.182519765185917e-06
NQ,GLOBEX,B0,1h,M4_HARQ,11394,2018-02-19,20,1200,14:00,False,0.0,1.4928838018583838e-06
NQ,GLOBEX,B0,1h,M4_HARQ,11395,2018-02-19,21,1260,15:00,False,0.0,1.4617044409198354e-06
NQ,GLOBEX,B0,1h,M4_HARQ,12845,2018-05-28,19,1140,13:00,False,0.0,1.3866635471501897e-06
NQ,GLOBEX,B0,1h,M4_HARQ,12846,2018-05-28,20,1200,14:00,False,0.0,6.076457156857969e-07
NQ,GLOBEX,B0,1h,M4_HARQ,12847,2018-05-28,21,1260,15:00,False,0.0,5.94251124240059e-07
NQ,GLOBEX,B0,1h,M4_HARQ,13351,2018-07-04,19,1140,13:00,False,0.0,2.1619752719065895e-06
NQ,GLOBEX,B0,1h,M4_HARQ,13352,2018-07-04,20,1200,14:00,False,0.0,1.2939179727387518e-06
NQ,GLOBEX,B0,1h,M4_HARQ,13353,2018-07-04,21,1260,15:00,False,0.0,1.289213393807426e-06
NQ,GLOBEX,B0,1h,M4_HARQ,14297,2018-09-03,19,1140,13:00,False,0.0,7.967295153624229e-07
NQ,GLOBEX,B0,1h,M4_HARQ,14298,2018-09-03,20,1200,14:00,False,0.0,3.746880990286829e-07
NQ,GLOBEX,B0,1h,M4_HARQ,14299,2018-09-03,21,1260,15:00,False,0.0,3.7195783399865304e-07
NQ,GLOBEX,B0,1h,M4_HARQ,15507,2018-11-22,19,1140,13:00,False,0.0,6.004008850805917e-06
NQ,GLOBEX,B0,1h,M4_HARQ,15508,2018-11-22,20,1200,14:00,False,0.0,2.9853355865649013e-06
NQ,GLOBEX,B0,1h,M4_HARQ,15509,2018-11-22,21,1260,15:00,False,0.0,2.9398599530457884e-06
NQ,GLOBEX,B0,1h,M4_HARQ,15680,2018-12-05,16,960,10:00,False,0.0,2.091069681702179e-06
NQ,GLOBEX,B0,1h,M4_HARQ,15681,2018-12-05,17,1020,11:00,False,0.0,1.5749702248503605e-06
NQ,GLOBEX,B0,1h,M4_HARQ,15682,2018-12-05,18,1080,12:00,False,0.0,1.5285775542473404e-06
NQ,GLOBEX,B0,1h,M4_HARQ,15683,2018-12-05,19,1140,13:00,False,0.0,1.4494524329787579e-06
NQ,GLOBEX,B0,1h,M4_HARQ,15684,2018-12-05,20,1200,14:00,False,0.0,1.419446995231336e-06
NQ,GLOBEX,B0,1h,M4_HARQ,15685,2018-12-05,21,1260,15:00,False,0.0,1.391343691859599e-06
NQ,GLOBEX,B0,1h,M4_HARQ,16277,2019-01-21,19,1140,13:00,False,0.0,2.0724314621863988e-06
NQ,GLOBEX,B0,1h,M4_HARQ,16278,2019-01-21,20,1200,14:00,False,0.0,1.0535054760049872e-06
NQ,GLOBEX,B0,1h,M4_HARQ,16279,2019-01-21,21,1260,15:00,False,0.0,1.0491232036515172e-06
NQ,GLOBEX,B0,1h,M4_HARQ,16717,2019-02-18,19,1140,13:00,False,0.0,1.797374076893634e-06
NQ,GLOBEX,B0,1h,M4_HARQ,16718,2019-02-18,20,1200,14:00,False,0.0,9.002299179845809e-07
NQ,GLOBEX,B0,1h,M4_HARQ,16719,2019-02-18,21,1260,15:00,False,0.0,8.875500984625931e-07
NQ,GLOBEX,B0,1h,M4_HARQ,16854,2019-02-27,2,120,20:00,True,0.0,1.2720203410259315e-06
NQ,GLOBEX,B0,1h,M4_HARQ,16855,2019-02-27,3,180,21:00,True,0.0,8.11400737240099e-07
NQ,GLOBEX,B0,1h,M4_HARQ,18169,2019-05-27,19,1140,13:00,False,0.0,1.4230716562974088e-06
NQ,GLOBEX,B0,1h,M4_HARQ,18170,2019-05-27,20,1200,14:00,False,0.0,1.1445385945623878e-06
NQ,GLOBEX,B0,1h,M4_HARQ,18171,2019-05-27,21,1260,15:00,False,0.0,1.1236409350876875e-06
NQ,GLOBEX,B0,1h,M4_HARQ,18697,2019-07-04,19,1140,13:00,False,0.0,8.860148046119601e-07
NQ,GLOBEX,B0,1h,M4_HARQ,18698,2019-07-04,20,1200,14:00,False,0.0,6.295727259383804e-07
NQ,GLOBEX,B0,1h,M4_HARQ,18699,2019-07-04,21,1260,15:00,False,0.0,6.211180804239937e-07
NQ,GLOBEX,B0,1h,M4_HARQ,19621,2019-09-02,19,1140,13:00,False,0.0,6.230526616793923e-06
NQ,GLOBEX,B0,1h,M4_HARQ,19622,2019-09-02,20,1200,14:00,False,0.0,1.708886615483274e-06
NQ,GLOBEX,B0,1h,M4_HARQ,19623,2019-09-02,21,1260,15:00,False,0.0,1.6952763916085994e-06
NQ,GLOBEX,B0,1h,M4_HARQ,20941,2019-11-28,19,1140,13:00,False,0.0,5.885587888883746e-07
NQ,GLOBEX,B0,1h,M4_HARQ,20942,2019-11-28,20,1200,14:00,False,0.0,4.517245471983688e-07
NQ,GLOBEX,B0,1h,M4_HARQ,20943,2019-11-28,21,1260,15:00,False,0.0,4.472446315082174e-07
NQ,GLOBEX,B0,1h,M4_HARQ,21601,2020-01-20,19,1140,13:00,False,0.0,7.406210945799147e-07
NQ,GLOBEX,B0,1h,M4_HARQ,21602,2020-01-20,20,1200,14:00,False,0.0,6.354077700195388e-07
NQ,GLOBEX,B0,1h,M4_HARQ,21603,2020-01-20,21,1260,15:00,False,0.0,6.336396593908846e-07
NQ,GLOBEX,B0,1h,M4_HARQ,22041,2020-02-17,19,1140,13:00,False,0.0,1.1634890821010461e-06
NQ,GLOBEX,B0,1h,M4_HARQ,22042,2020-02-17,20,1200,14:00,False,0.0,7.875108180455146e-07
NQ,GLOBEX,B0,1h,M4_HARQ,22043,2020-02-17,21,1260,15:00,False,0.0,7.848387809880357e-07
NQ,GLOBEX,B0,1h,M4_HARQ,22356,2020-03-09,4,240,22:00,True,0.0,2.7215771416721066e-05
NQ,GLOBEX,B0,1h,M4_HARQ,22358,2020-03-09,6,360,00:00,True,0.0,2.6055947479032847e-05
NQ,GLOBEX,B0,1h,M4_HARQ,22361,2020-03-09,9,540,03:00,True,0.0,1.6854646549860354e-05
NQ,GLOBEX,B0,1h,M4_HARQ,22362,2020-03-09,10,600,04:00,True,0.0,1.6728118513618817e-05
NQ,GLOBEX,B0,1h,M4_HARQ,22364,2020-03-09,12,720,06:00,True,0.0,2.16128309869338e-05
NQ,GLOBEX,B0,1h,M4_HARQ,22365,2020-03-09,13,780,07:00,True,0.0,1.6211274223919144e-05
NQ,GLOBEX,B0,1h,M4_HARQ,22366,2020-03-09,14,840,08:00,True,0.0,1.6027315739564892e-05
NQ,GLOBEX,B0,1h,M4_HARQ,22448,2020-03-18,8,480,02:00,True,0.0,6.453568680839768e-05
NQ,GLOBEX,B0,1h,M4_HARQ,22449,2020-03-18,9,540,03:00,True,0.0,4.384813741860126e-05
NQ,GLOBEX,B0,1h,M4_HARQ,22450,2020-03-18,10,600,04:00,True,0.0,4.37048559109758e-05
NQ,GLOBEX,B0,1h,M4_HARQ,22451,2020-03-18,11,660,05:00,True,0.0,4.357087640510892e-05
NQ,GLOBEX,B0,1h,M4_HARQ,22452,2020-03-18,12,720,06:00,True,0.0,4.336519938141094e-05
NQ,GLOBEX,B0,1h,M4_HARQ,22453,2020-03-18,13,780,07:00,True,0.0,4.322791792784825e-05
NQ,GLOBEX,B0,1h,M4_HARQ,22454,2020-03-18,14,840,08:00,True,0.0,4.307997195969912e-05
NQ,GLOBEX,B0,1h,M4_HARQ,22540,2020-03-24,12,720,06:00,True,0.0,0.00012031938466994051
NQ,GLOBEX,B0,1h,M4_HARQ,23494,2020-05-25,20,1200,14:00,False,0.0,1.798126685238734e-06
NQ,GLOBEX,B0,1h,M4_HARQ,23495,2020-05-25,21,1260,15:00,False,0.0,1.7811937644359774e-06
NQ,GLOBEX,B0,1h,M4_HARQ,24003,2020-07-01,1,60,19:00,True,0.0,3.5135475447042338e-06
NQ,GLOBEX,B0,1h,M4_HARQ,25056,2020-09-07,20,1200,14:00,False,0.0,8.45936804142365e-06
NQ,GLOBEX,B0,1h,M4_HARQ,25057,2020-09-07,21,1260,15:00,False,0.0,8.447899506082179e-06
NQ,GLOBEX,B0,1h,M4_HARQ,26266,2020-11-26,20,1200,14:00,False,0.0,2.752108276707956e-07
NQ,GLOBEX,B0,1h,M4_HARQ,26267,2020-11-26,21,1260,15:00,False,0.0,2.6761796474520046e-07
NQ,GLOBEX,B0,1h,M4_HARQ,26926,2021-01-18,20,1200,14:00,False,0.0,1.3290875677152804e-06
NQ,GLOBEX,B0,1h,M4_HARQ,26927,2021-01-18,21,1260,15:00,False,0.0,1.307341923159429e-06
NQ,GLOBEX,B0,1h,M4_HARQ,27366,2021-02-15,20,1200,14:00,False,0.0,6.541993490983497e-07
NQ,GLOBEX,B0,1h,M4_HARQ,27367,2021-02-15,21,1260,15:00,False,0.0,6.468150995169341e-07
NQ,GLOBEX,B0,1h,M4_HARQ,28045,2021-04-02,17,1020,11:00,False,0.0,1.2889444697743335e-06
NQ,GLOBEX,B0,1h,M4_HARQ,28046,2021-04-02,18,1080,12:00,False,0.0,1.241998954232325e-06
NQ,GLOBEX,B0,1h,M4_HARQ,28047,2021-04-02,19,1140,13:00,False,0.0,1.2053417247766348e-06
NQ,GLOBEX,B0,1h,M4_HARQ,28048,2021-04-02,20,1200,14:00,False,0.0,1.1851128273362612e-06
NQ,GLOBEX,B0,1h,M4_HARQ,28049,2021-04-02,21,1260,15:00,False,0.0,1.0780450877144675e-06
NQ,GLOBEX,B0,1h,M4_HARQ,28950,2021-05-31,20,1200,14:00,False,0.0,4.489089945483837e-07
NQ,GLOBEX,B0,1h,M4_HARQ,28951,2021-05-31,21,1260,15:00,False,0.0,4.4643482908794224e-07
NQ,GLOBEX,B0,1h,M4_HARQ,29434,2021-07-05,20,1200,14:00,False,0.0,4.297568011281866e-07
NQ,GLOBEX,B0,1h,M4_HARQ,29435,2021-07-05,21,1260,15:00,False,0.0,4.237435745317641e-07
NQ,GLOBEX,B0,1h,M4_HARQ,30424,2021-09-06,20,1200,14:00,False,0.0,5.335597727827054e-07
NQ,GLOBEX,B0,1h,M4_HARQ,30425,2021-09-06,21,1260,15:00,False,0.0,5.309247101698349e-07
NQ,GLOBEX,B0,1h,M4_HARQ,31634,2021-11-25,20,1200,14:00,False,0.0,1.6371936907161193e-06
NQ,GLOBEX,B0,1h,M4_HARQ,31635,2021-11-25,21,1260,15:00,False,0.0,1.622732088498933e-06
NQ,GLOBEX,B0,1h,M4_HARQ,32338,2022-01-17,20,1200,14:00,False,0.0,3.1582288714778226e-06
NQ,GLOBEX,B0,1h,M4_HARQ,32339,2022-01-17,21,1260,15:00,False,0.0,3.0970796335445046e-06
NQ,GLOBEX,B0,1h,M4_HARQ,32888,2022-02-21,20,1200,14:00,False,0.0,3.22881079671587e-06
NQ,GLOBEX,B0,1h,M4_HARQ,32889,2022-02-21,21,1260,15:00,False,0.0,3.013749873692322e-06
NQ,GLOBEX,B0,1h,M4_HARQ,34340,2022-05-30,20,1200,14:00,False,0.0,3.4161049039163832e-06
NQ,GLOBEX,B0,1h,M4_HARQ,34341,2022-05-30,21,1260,15:00,False,0.0,3.323032946865399e-06
NQ,GLOBEX,B0,1h,M4_HARQ,34604,2022-06-20,20,1200,14:00,False,0.0,7.355020261015005e-06
NQ,GLOBEX,B0,1h,M4_HARQ,34605,2022-06-20,21,1260,15:00,False,0.0,7.3079110278587155e-06
NQ,GLOBEX,B0,1h,M4_HARQ,34824,2022-07-04,20,1200,14:00,False,0.0,5.001259221914842e-06
NQ,GLOBEX,B0,1h,M4_HARQ,34825,2022-07-04,21,1260,15:00,False,0.0,4.962662820465577e-06
NQ,GLOBEX,B0,1h,M4_HARQ,35814,2022-09-05,20,1200,14:00,False,0.0,4.730278002064195e-06
NQ,GLOBEX,B0,1h,M4_HARQ,35815,2022-09-05,21,1260,15:00,False,0.0,4.679339836148991e-06
NQ,GLOBEX,B0,1h,M4_HARQ,37024,2022-11-24,20,1200,14:00,False,0.0,2.0740706036240773e-06
NQ,GLOBEX,B0,1h,M4_HARQ,37025,2022-11-24,21,1260,15:00,False,0.0,2.024259506359628e-06
NQ,GLOBEX,B0,1h,M4_HARQ,37706,2023-01-16,20,1200,14:00,False,0.0,4.1189023083991465e-06
NQ,GLOBEX,B0,1h,M4_HARQ,37707,2023-01-16,21,1260,15:00,False,0.0,4.063038306245749e-06
NQ,GLOBEX,B0,1h,M4_HARQ,38256,2023-02-20,20,1200,14:00,False,0.0,3.916979008229705e-06
NQ,GLOBEX,B0,1h,M4_HARQ,38257,2023-02-20,21,1260,15:00,False,0.0,3.88765549948438e-06
NQ,GLOBEX,B0,1h,M4_HARQ,38935,2023-04-07,17,1020,11:00,False,0.0,1.3515656161078952e-06
NQ,GLOBEX,B0,1h,M4_HARQ,38936,2023-04-07,18,1080,12:00,False,0.0,1.337802952355949e-06
NQ,GLOBEX,B0,1h,M4_HARQ,38937,2023-04-07,19,1140,13:00,False,0.0,1.3285154720808648e-06
NQ,GLOBEX,B0,1h,M4_HARQ,38938,2023-04-07,20,1200,14:00,False,0.0,1.319031033246718e-06
NQ,GLOBEX,B0,1h,M4_HARQ,38939,2023-04-07,21,1260,15:00,False,0.0,1.3069733287344978e-06
NQ,GLOBEX,B0,1h,M4_HARQ,39730,2023-05-29,20,1200,14:00,False,0.0,1.6768707634369772e-06
NQ,GLOBEX,B0,1h,M4_HARQ,39731,2023-05-29,21,1260,15:00,False,0.0,1.6614305806046533e-06
NQ,GLOBEX,B0,1h,M4_HARQ,39994,2023-06-19,20,1200,14:00,False,0.0,2.122073856504943e-06
NQ,GLOBEX,B0,1h,M4_HARQ,39995,2023-06-19,21,1260,15:00,False,0.0,2.0874044589458885e-06
NQ,GLOBEX,B0,1h,M4_HARQ,40214,2023-07-04,20,1200,14:00,False,0.0,1.718569266482299e-06
NQ,GLOBEX,B0,1h,M4_HARQ,40215,2023-07-04,21,1260,15:00,False,0.0,1.6876547920469882e-06
NQ,GLOBEX,B0,1h,M4_HARQ,41182,2023-09-04,20,1200,14:00,False,0.0,1.6555569459532918e-06
NQ,GLOBEX,B0,1h,M4_HARQ,41183,2023-09-04,21,1260,15:00,False,0.0,1.6257038129471707e-06
NQ,GLOBEX,B0,1h,M4_HARQ,42392,2023-11-23,20,1200,14:00,False,0.0,9.530468117415213e-07
NQ,GLOBEX,B0,1h,M4_HARQ,42393,2023-11-23,21,1260,15:00,False,0.0,9.390132504688085e-07
NQ,GLOBEX,B0,1h,M5_RGARCH,679,2016-02-15,19,1140,13:00,False,0.0,102.75149866110739
NQ,GLOBEX,B0,1h,M5_RGARCH,680,2016-02-15,20,1200,14:00,False,0.0,0.0
NQ,GLOBEX,B0,1h,M5_RGARCH,681,2016-02-15,21,1260,15:00,False,0.0,0.0
NQ,GLOBEX,B0,1h,M5_RGARCH,682,2016-02-16,0,0,18:00,True,6.615853635594249e-06,0.0
NQ,GLOBEX,B0,1h,M5_RGARCH,5519,2017-01-16,19,1140,13:00,False,0.0,1.9375941679347156e+110
NQ,GLOBEX,B0,1h,M5_RGARCH,5520,2017-01-16,20,1200,14:00,False,0.0,0.0
NQ,GLOBEX,B0,1h,M5_RGARCH,5521,2017-01-16,21,1260,15:00,False,0.0,0.0
NQ,GLOBEX,B0,1h,M5_RGARCH,5522,2017-01-17,0,0,18:00,True,2.6911038730759174e-07,0.0
NQ,GLOBEX,B0,1h,M5_RGARCH,6069,2017-02-20,19,1140,13:00,False,0.0,1.935098422255386e+110
NQ,GLOBEX,B0,1h,M5_RGARCH,6070,2017-02-20,20,1200,14:00,False,0.0,0.0
NQ,GLOBEX,B0,1h,M5_RGARCH,6071,2017-02-20,21,1260,15:00,False,0.0,0.0
NQ,GLOBEX,B0,1h,M5_RGARCH,6072,2017-02-21,0,0,18:00,True,2.1480900613823906e-07,0.0
NQ,GLOBEX,B0,1h,M5_RGARCH,7983,2017-07-04,19,1140,13:00,False,0.0,3.4653869200082686e+145
NQ,GLOBEX,B0,1h,M5_RGARCH,7984,2017-07-04,20,1200,14:00,False,0.0,0.0
NQ,GLOBEX,B0,1h,M5_RGARCH,7985,2017-07-04,21,1260,15:00,False,0.0,0.0
NQ,GLOBEX,B0,1h,M5_RGARCH,7986,2017-07-05,0,0,18:00,True,5.931609848630615e-06,0.0
NQ,GLOBEX,B0,1h,M5_RGARCH,8951,2017-09-04,19,1140,13:00,False,0.0,3.4511590410480487e+151
NQ,GLOBEX,B0,1h,M5_RGARCH,8952,2017-09-04,20,1200,14:00,False,0.0,0.0
NQ,GLOBEX,B0,1h,M5_RGARCH,8953,2017-09-04,21,1260,15:00,False,0.0,0.0
NQ,GLOBEX,B0,1h,M5_RGARCH,8954,2017-09-05,0,0,18:00,True,6.077207217458636e-07,0.0
NQ,GLOBEX,B0,1h,M5_RGARCH,10161,2017-11-23,19,1140,13:00,False,0.0,4.633201387557775e+150
NQ,GLOBEX,B0,1h,M5_RGARCH,10162,2017-11-23,20,1200,14:00,False,0.0,0.0
NQ,GLOBEX,B0,1h,M5_RGARCH,10163,2017-11-23,21,1260,15:00,False,0.0,0.0
NQ,GLOBEX,B0,1h,M5_RGARCH,10164,2017-11-27,0,0,18:00,True,3.414697857806459e-07,0.0
NQ,GLOBEX,B0,1h,M5_RGARCH,10843,2018-01-15,19,1140,13:00,False,0.0,4.486765802926045e+186
NQ,GLOBEX,B0,1h,M5_RGARCH,10844,2018-01-15,20,1200,14:00,False,0.0,0.0
NQ,GLOBEX,B0,1h,M5_RGARCH,10845,2018-01-15,21,1260,15:00,False,0.0,0.0
NQ,GLOBEX,B0,1h,M5_RGARCH,10846,2018-01-16,0,0,18:00,True,6.356885933200829e-07,0.0
NQ,GLOBEX,B0,1h,M5_RGARCH,11393,2018-02-19,19,1140,13:00,False,0.0,2.1219311537143198e+189
NQ,GLOBEX,B0,1h,M5_RGARCH,11394,2018-02-19,20,1200,14:00,False,0.0,0.0
NQ,GLOBEX,B0,1h,M5_RGARCH,11395,2018-02-19,21,1260,15:00,False,0.0,0.0
NQ,GLOBEX,B0,1h,M5_RGARCH,11396,2018-02-20,0,0,18:00,True,2.2287404135568067e-06,0.0
NQ,GLOBEX,B0,1h,M5_RGARCH,12845,2018-05-28,19,1140,13:00,False,0.0,2.429375734932769e+214
NQ,GLOBEX,B0,1h,M5_RGARCH,12846,2018-05-28,20,1200,14:00,False,0.0,0.0
NQ,GLOBEX,B0,1h,M5_RGARCH,12847,2018-05-28,21,1260,15:00,False,0.0,0.0
NQ,GLOBEX,B0,1h,M5_RGARCH,12848,2018-05-29,0,0,18:00,True,1.7829561329563148e-06,0.0
NQ,GLOBEX,B0,1h,M5_RGARCH,13351,2018-07-04,19,1140,13:00,False,0.0,1.1625455702065687e+213
NQ,GLOBEX,B0,1h,M5_RGARCH,13352,2018-07-04,20,1200,14:00,False,0.0,0.0
NQ,GLOBEX,B0,1h,M5_RGARCH,13353,2018-07-04,21,1260,15:00,False,0.0,0.0
NQ,GLOBEX,B0,1h,M5_RGARCH,13354,2018-07-05,0,0,18:00,True,1.2328391676419415e-06,0.0
NQ,GLOBEX,B0,1h,M5_RGARCH,14297,2018-09-03,19,1140,13:00,False,0.0,1.6826277134325383e+212
NQ,GLOBEX,B0,1h,M5_RGARCH,14298,2018-09-03,20,1200,14:00,False,0.0,0.0
NQ,GLOBEX,B0,1h,M5_RGARCH,14299,2018-09-03,21,1260,15:00,False,0.0,0.0
NQ,GLOBEX,B0,1h,M5_RGARCH,14300,2018-09-04,0,0,18:00,True,3.306413418613374e-07,0.0
NQ,GLOBEX,B0,1h,M5_RGARCH,15507,2018-11-22,19,1140,13:00,False,0.0,6.157788153439744e+233
NQ,GLOBEX,B0,1h,M5_RGARCH,15508,2018-11-22,20,1200,14:00,False,0.0,0.0
NQ,GLOBEX,B0,1h,M5_RGARCH,15509,2018-11-22,21,1260,15:00,False,0.0,0.0
NQ,GLOBEX,B0,1h,M5_RGARCH,15510,2018-11-26,0,0,18:00,True,8.888264346751384e-06,0.0
NQ,GLOBEX,B0,1h,M5_RGARCH,15680,2018-12-05,16,960,10:00,False,0.0,4.709346446189499e+231
NQ,GLOBEX,B0,1h,M5_RGARCH,15681,2018-12-05,17,1020,11:00,False,0.0,0.0
NQ,GLOBEX,B0,1h,M5_RGARCH,15682,2018-12-05,18,1080,12:00,False,0.0,0.0
NQ,GLOBEX,B0,1h,M5_RGARCH,15683,2018-12-05,19,1140,13:00,False,0.0,0.0
NQ,GLOBEX,B0,1h,M5_RGARCH,15684,2018-12-05,20,1200,14:00,False,0.0,0.0
NQ,GLOBEX,B0,1h,M5_RGARCH,15685,2018-12-05,21,1260,15:00,False,0.0,0.0
NQ,GLOBEX,B0,1h,M5_RGARCH,15686,2018-12-06,0,0,18:00,True,0.0002677779875739361,0.0
NQ,GLOBEX,B0,1h,M5_RGARCH,16277,2019-01-21,19,1140,13:00,False,0.0,2.189024447842198e+267
NQ,GLOBEX,B0,1h,M5_RGARCH,16278,2019-01-21,20,1200,14:00,False,0.0,0.0
NQ,GLOBEX,B0,1h,M5_RGARCH,16279,2019-01-21,21,1260,15:00,False,0.0,0.0
NQ,GLOBEX,B0,1h,M5_RGARCH,16280,2019-01-22,0,0,18:00,True,1.697606421657838e-06,0.0
NQ,GLOBEX,B0,1h,M5_RGARCH,16717,2019-02-18,19,1140,13:00,False,0.0,1.5309078290737625e+267
NQ,GLOBEX,B0,1h,M5_RGARCH,16718,2019-02-18,20,1200,14:00,False,0.0,0.0
NQ,GLOBEX,B0,1h,M5_RGARCH,16719,2019-02-18,21,1260,15:00,False,0.0,0.0
NQ,GLOBEX,B0,1h,M5_RGARCH,16720,2019-02-19,0,0,18:00,True,7.451835699612275e-07,0.0
NQ,GLOBEX,B0,1h,M5_RGARCH,16854,2019-02-27,2,120,20:00,True,0.0,2.489113280214812e+266
NQ,GLOBEX,B0,1h,M5_RGARCH,16855,2019-02-27,3,180,21:00,True,0.0,0.0
NQ,GLOBEX,B0,1h,M5_RGARCH,16856,2019-02-27,4,240,22:00,True,8.397919373237528e-07,0.0
NQ,GLOBEX,B0,1h,M5_RGARCH,18169,2019-05-27,19,1140,13:00,False,0.0,1.1878933426168346e+289
NQ,GLOBEX,B0,1h,M5_RGARCH,18170,2019-05-27,20,1200,14:00,False,0.0,0.0
NQ,GLOBEX,B0,1h,M5_RGARCH,18171,2019-05-27,21,1260,15:00,False,0.0,0.0
NQ,GLOBEX,B0,1h,M5_RGARCH,18172,2019-05-28,0,0,18:00,True,1.5532659745076671e-06,0.0
NQ,GLOBEX,B0,1h,M5_RGARCH,18697,2019-07-04,19,1140,13:00,False,0.0,1.8483803823237958e+282
NQ,GLOBEX,B0,1h,M5_RGARCH,18698,2019-07-04,20,1200,14:00,False,0.0,0.0
NQ,GLOBEX,B0,1h,M5_RGARCH,18699,2019-07-04,21,1260,15:00,False,0.0,0.0
NQ,GLOBEX,B0,1h,M5_RGARCH,18700,2019-07-05,0,0,18:00,True,8.000270099728368e-07,0.0
NQ,GLOBEX,B0,1h,M5_RGARCH,19621,2019-09-02,19,1140,13:00,False,0.0,5.985483110611196e+285
NQ,GLOBEX,B0,1h,M5_RGARCH,19622,2019-09-02,20,1200,14:00,False,0.0,0.0
NQ,GLOBEX,B0,1h,M5_RGARCH,19623,2019-09-02,21,1260,15:00,False,0.0,0.0
NQ,GLOBEX,B0,1h,M5_RGARCH,19624,2019-09-03,0,0,18:00,True,3.472403477644548e-06,0.0
NQ,GLOBEX,B0,1h,M5_RGARCH,20941,2019-11-28,19,1140,13:00,False,0.0,4.266495003794267e+290
NQ,GLOBEX,B0,1h,M5_RGARCH,20942,2019-11-28,20,1200,14:00,False,0.0,0.0
NQ,GLOBEX,B0,1h,M5_RGARCH,20943,2019-11-28,21,1260,15:00,False,0.0,0.0
NQ,GLOBEX,B0,1h,M5_RGARCH,20944,2019-12-02,0,0,18:00,True,8.69330506247934e-07,0.0
NQ,GLOBEX,B0,1h,M5_RGARCH,21601,2020-01-20,19,1140,13:00,False,0.0,1.9138713694280784e+284
NQ,GLOBEX,B0,1h,M5_RGARCH,21602,2020-01-20,20,1200,14:00,False,0.0,0.0
NQ,GLOBEX,B0,1h,M5_RGARCH,21603,2020-01-20,21,1260,15:00,False,0.0,0.0
NQ,GLOBEX,B0,1h,M5_RGARCH,21604,2020-01-21,0,0,18:00,True,2.1084906620671973e-07,0.0
NQ,GLOBEX,B0,1h,M5_RGARCH,22041,2020-02-17,19,1140,13:00,False,0.0,6.547606893276854e+285
NQ,GLOBEX,B0,1h,M5_RGARCH,22042,2020-02-17,20,1200,14:00,False,0.0,0.0
NQ,GLOBEX,B0,1h,M5_RGARCH,22043,2020-02-17,21,1260,15:00,False,0.0,0.0
NQ,GLOBEX,B0,1h,M5_RGARCH,22044,2020-02-18,0,0,18:00,True,3.2003244996303692e-06,0.0
NQ,GLOBEX,B0,1h,M5_RGARCH,22356,2020-03-09,4,240,22:00,True,0.0,7.98975236403628e+289
NQ,GLOBEX,B0,1h,M5_RGARCH,22357,2020-03-09,5,300,23:00,True,1.3901932106819004e-05,0.0
NQ,GLOBEX,B0,1h,M5_RGARCH,22358,2020-03-09,6,360,00:00,True,0.0,6.044804936893575e+289
NQ,GLOBEX,B0,1h,M5_RGARCH,22359,2020-03-09,7,420,01:00,True,1.862645149230957e-09,0.0
NQ,GLOBEX,B0,1h,M5_RGARCH,22361,2020-03-09,9,540,03:00,True,0.0,1.2705671250940964e+279
NQ,GLOBEX,B0,1h,M5_RGARCH,22362,2020-03-09,10,600,04:00,True,0.0,0.0
NQ,GLOBEX,B0,1h,M5_RGARCH,22363,2020-03-09,11,660,05:00,True,7.967380952322856e-06,0.0
NQ,GLOBEX,B0,1h,M5_RGARCH,22364,2020-03-09,12,720,06:00,True,0.0,1.3027809598059894e+289
NQ,GLOBEX,B0,1h,M5_RGARCH,22365,2020-03-09,13,780,07:00,True,0.0,0.0
NQ,GLOBEX,B0,1h,M5_RGARCH,22366,2020-03-09,14,840,08:00,True,0.0,0.0
NQ,GLOBEX,B0,1h,M5_RGARCH,22367,2020-03-09,15,900,09:00,True,0.0007585363591715577,0.0
NQ,GLOBEX,B0,1h,M5_RGARCH,22448,2020-03-18,8,480,02:00,True,0.0,5.880935517217764e+290
NQ,GLOBEX,B0,1h,M5_RGARCH,22449,2020-03-18,9,540,03:00,True,0.0,0.0
NQ,GLOBEX,B0,1h,M5_RGARCH,22450,2020-03-18,10,600,04:00,True,0.0,0.0
NQ,GLOBEX,B0,1h,M5_RGARCH,22451,2020-03-18,11,660,05:00,True,0.0,0.0
NQ,GLOBEX,B0,1h,M5_RGARCH,22452,2020-03-18,12,720,06:00,True,0.0,0.0
NQ,GLOBEX,B0,1h,M5_RGARCH,22453,2020-03-18,13,780,07:00,True,0.0,0.0
NQ,GLOBEX,B0,1h,M5_RGARCH,22454,2020-03-18,14,840,08:00,True,0.0,0.0
NQ,GLOBEX,B0,1h,M5_RGARCH,22455,2020-03-18,15,900,09:00,True,0.0004870161228609504,0.0
NQ,GLOBEX,B0,1h,M5_RGARCH,22540,2020-03-24,12,720,06:00,True,0.0,4.8667176201116444e+290
NQ,GLOBEX,B0,1h,M5_RGARCH,22541,2020-03-24,13,780,07:00,True,0.00015153500589804025,0.0
NQ,GLOBEX,B0,1h,M5_RGARCH,23494,2020-05-25,20,1200,14:00,False,0.0,0.0
NQ,GLOBEX,B0,1h,M5_RGARCH,23495,2020-05-25,21,1260,15:00,False,0.0,0.0
NQ,GLOBEX,B0,1h,M5_RGARCH,23496,2020-05-26,0,0,18:00,True,2.041935658780858e-06,0.0
NQ,GLOBEX,B0,1h,M5_RGARCH,24003,2020-07-01,1,60,19:00,True,0.0,0.0
NQ,GLOBEX,B0,1h,M5_RGARCH,24004,2020-07-01,2,120,20:00,True,2.0795750970137306e-06,0.0
NQ,GLOBEX,B0,1h,M5_RGARCH,25056,2020-09-07,20,1200,14:00,False,0.0,0.0
NQ,GLOBEX,B0,1h,M5_RGARCH,25057,2020-09-07,21,1260,15:00,False,0.0,0.0
NQ,GLOBEX,B0,1h,M5_RGARCH,25058,2020-09-08,0,0,18:00,True,1.0797609320434276e-05,0.0
NQ,GLOBEX,B0,1h,M5_RGARCH,26266,2020-11-26,20,1200,14:00,False,0.0,0.0
NQ,GLOBEX,B0,1h,M5_RGARCH,26267,2020-11-26,21,1260,15:00,False,0.0,0.0
NQ,GLOBEX,B0,1h,M5_RGARCH,26268,2020-11-30,0,0,18:00,True,1.5998330127331428e-06,0.0
NQ,GLOBEX,B0,1h,M5_RGARCH,26926,2021-01-18,20,1200,14:00,False,0.0,0.0
NQ,GLOBEX,B0,1h,M5_RGARCH,26927,2021-01-18,21,1260,15:00,False,0.0,0.0
NQ,GLOBEX,B0,1h,M5_RGARCH,26928,2021-01-19,0,0,18:00,True,8.605502443970181e-07,0.0
NQ,GLOBEX,B0,1h,M5_RGARCH,27366,2021-02-15,20,1200,14:00,False,0.0,0.0
NQ,GLOBEX,B0,1h,M5_RGARCH,27367,2021-02-15,21,1260,15:00,False,0.0,0.0
NQ,GLOBEX,B0,1h,M5_RGARCH,27368,2021-02-16,0,0,18:00,True,7.246926543302834e-07,0.0
NQ,GLOBEX,B0,1h,M5_RGARCH,28045,2021-04-02,17,1020,11:00,False,0.0,0.0
NQ,GLOBEX,B0,1h,M5_RGARCH,28046,2021-04-02,18,1080,12:00,False,0.0,0.0
NQ,GLOBEX,B0,1h,M5_RGARCH,28047,2021-04-02,19,1140,13:00,False,0.0,0.0
NQ,GLOBEX,B0,1h,M5_RGARCH,28048,2021-04-02,20,1200,14:00,False,0.0,0.0
NQ,GLOBEX,B0,1h,M5_RGARCH,28049,2021-04-02,21,1260,15:00,False,0.0,0.0
NQ,GLOBEX,B0,1h,M5_RGARCH,28050,2021-04-05,0,0,18:00,True,5.768043592979666e-06,0.0
NQ,GLOBEX,B0,1h,M5_RGARCH,28950,2021-05-31,20,1200,14:00,False,0.0,0.0
NQ,GLOBEX,B0,1h,M5_RGARCH,28951,2021-05-31,21,1260,15:00,False,0.0,0.0
NQ,GLOBEX,B0,1h,M5_RGARCH,28952,2021-06-01,0,0,18:00,True,4.993062248104252e-07,0.0
NQ,GLOBEX,B0,1h,M5_RGARCH,29434,2021-07-05,20,1200,14:00,False,0.0,0.0
NQ,GLOBEX,B0,1h,M5_RGARCH,29435,2021-07-05,21,1260,15:00,False,0.0,0.0
NQ,GLOBEX,B0,1h,M5_RGARCH,29436,2021-07-06,0,0,18:00,True,2.637671059346758e-07,0.0
NQ,GLOBEX,B0,1h,M5_RGARCH,30424,2021-09-06,20,1200,14:00,False,0.0,0.0
NQ,GLOBEX,B0,1h,M5_RGARCH,30425,2021-09-06,21,1260,15:00,False,0.0,0.0
NQ,GLOBEX,B0,1h,M5_RGARCH,30426,2021-09-07,0,0,18:00,True,1.609068931429647e-07,0.0
NQ,GLOBEX,B0,1h,M5_RGARCH,31634,2021-11-25,20,1200,14:00,False,0.0,0.0
NQ,GLOBEX,B0,1h,M5_RGARCH,31635,2021-11-25,21,1260,15:00,False,0.0,0.0
NQ,GLOBEX,B0,1h,M5_RGARCH,31636,2021-11-29,0,0,18:00,True,2.5557185836078133e-05,0.0
NQ,GLOBEX,B0,1h,M5_RGARCH,32338,2022-01-17,20,1200,14:00,False,0.0,0.0
NQ,GLOBEX,B0,1h,M5_RGARCH,32339,2022-01-17,21,1260,15:00,False,0.0,0.0
NQ,GLOBEX,B0,1h,M5_RGARCH,32340,2022-01-18,0,0,18:00,True,1.993739715544507e-06,0.0
NQ,GLOBEX,B0,1h,M5_RGARCH,32888,2022-02-21,20,1200,14:00,False,0.0,0.0
NQ,GLOBEX,B0,1h,M5_RGARCH,32889,2022-02-21,21,1260,15:00,False,0.0,0.0
NQ,GLOBEX,B0,1h,M5_RGARCH,32890,2022-02-22,0,0,18:00,True,4.626110148819862e-05,0.0
NQ,GLOBEX,B0,1h,M5_RGARCH,34340,2022-05-30,20,1200,14:00,False,0.0,0.0
NQ,GLOBEX,B0,1h,M5_RGARCH,34341,2022-05-30,21,1260,15:00,False,0.0,0.0
NQ,GLOBEX,B0,1h,M5_RGARCH,34342,2022-05-31,0,0,18:00,True,6.722527359670494e-06,0.0
NQ,GLOBEX,B0,1h,M5_RGARCH,34604,2022-06-20,20,1200,14:00,False,0.0,0.0
NQ,GLOBEX,B0,1h,M5_RGARCH,34605,2022-06-20,21,1260,15:00,False,0.0,0.0
NQ,GLOBEX,B0,1h,M5_RGARCH,34606,2022-06-21,0,0,18:00,True,3.259327058913186e-06,0.0
NQ,GLOBEX,B0,1h,M5_RGARCH,34824,2022-07-04,20,1200,14:00,False,0.0,0.0
NQ,GLOBEX,B0,1h,M5_RGARCH,34825,2022-07-04,21,1260,15:00,False,0.0,0.0
NQ,GLOBEX,B0,1h,M5_RGARCH,34826,2022-07-05,0,0,18:00,True,8.206813618016895e-06,0.0
NQ,GLOBEX,B0,1h,M5_RGARCH,35814,2022-09-05,20,1200,14:00,False,0.0,0.0
NQ,GLOBEX,B0,1h,M5_RGARCH,35815,2022-09-05,21,1260,15:00,False,0.0,0.0
NQ,GLOBEX,B0,1h,M5_RGARCH,35816,2022-09-06,0,0,18:00,True,6.205399586178828e-06,0.0
NQ,GLOBEX,B0,1h,M5_RGARCH,37024,2022-11-24,20,1200,14:00,False,0.0,0.0
NQ,GLOBEX,B0,1h,M5_RGARCH,37025,2022-11-24,21,1260,15:00,False,0.0,0.0
NQ,GLOBEX,B0,1h,M5_RGARCH,37026,2022-11-28,0,0,18:00,True,2.801243681460619e-06,0.0
NQ,GLOBEX,B0,1h,M5_RGARCH,37706,2023-01-16,20,1200,14:00,False,0.0,0.0
NQ,GLOBEX,B0,1h,M5_RGARCH,37707,2023-01-16,21,1260,15:00,False,0.0,0.0
NQ,GLOBEX,B0,1h,M5_RGARCH,37708,2023-01-17,0,0,18:00,True,2.1747046048403718e-06,0.0
NQ,GLOBEX,B0,1h,M5_RGARCH,38256,2023-02-20,20,1200,14:00,False,0.0,0.0
NQ,GLOBEX,B0,1h,M5_RGARCH,38257,2023-02-20,21,1260,15:00,False,0.0,0.0
NQ,GLOBEX,B0,1h,M5_RGARCH,38258,2023-02-21,0,0,18:00,True,1.1153861123602837e-06,0.0
NQ,GLOBEX,B0,1h,M5_RGARCH,38935,2023-04-07,17,1020,11:00,False,0.0,0.0
NQ,GLOBEX,B0,1h,M5_RGARCH,38936,2023-04-07,18,1080,12:00,False,0.0,0.0
NQ,GLOBEX,B0,1h,M5_RGARCH,38937,2023-04-07,19,1140,13:00,False,0.0,0.0
NQ,GLOBEX,B0,1h,M5_RGARCH,38938,2023-04-07,20,1200,14:00,False,0.0,0.0
NQ,GLOBEX,B0,1h,M5_RGARCH,38939,2023-04-07,21,1260,15:00,False,0.0,0.0
NQ,GLOBEX,B0,1h,M5_RGARCH,38940,2023-04-10,0,0,18:00,True,2.5865365387289785e-06,0.0
NQ,GLOBEX,B0,1h,M5_RGARCH,39730,2023-05-29,20,1200,14:00,False,0.0,0.0
NQ,GLOBEX,B0,1h,M5_RGARCH,39731,2023-05-29,21,1260,15:00,False,0.0,0.0
NQ,GLOBEX,B0,1h,M5_RGARCH,39732,2023-05-30,0,0,18:00,True,1.1957272363360971e-06,0.0
NQ,GLOBEX,B0,1h,M5_RGARCH,39994,2023-06-19,20,1200,14:00,False,0.0,0.0
NQ,GLOBEX,B0,1h,M5_RGARCH,39995,2023-06-19,21,1260,15:00,False,0.0,0.0
NQ,GLOBEX,B0,1h,M5_RGARCH,39996,2023-06-20,0,0,18:00,True,5.490837793331593e-07,0.0
NQ,GLOBEX,B0,1h,M5_RGARCH,40214,2023-07-04,20,1200,14:00,False,0.0,0.0
NQ,GLOBEX,B0,1h,M5_RGARCH,40215,2023-07-04,21,1260,15:00,False,0.0,0.0
NQ,GLOBEX,B0,1h,M5_RGARCH,40216,2023-07-05,0,0,18:00,True,1.9898470782209188e-07,0.0
NQ,GLOBEX,B0,1h,M5_RGARCH,41182,2023-09-04,20,1200,14:00,False,0.0,0.0
NQ,GLOBEX,B0,1h,M5_RGARCH,41183,2023-09-04,21,1260,15:00,False,0.0,0.0
NQ,GLOBEX,B0,1h,M5_RGARCH,41184,2023-09-05,0,0,18:00,True,6.772734195692465e-07,0.0
NQ,GLOBEX,B0,1h,M5_RGARCH,42392,2023-11-23,20,1200,14:00,False,0.0,0.0
NQ,GLOBEX,B0,1h,M5_RGARCH,42393,2023-11-23,21,1260,15:00,False,0.0,0.0
NQ,GLOBEX,B0,1h,M5_RGARCH,42394,2023-11-27,0,0,18:00,True,6.934615157661028e-07,0.0
NQ,GLOBEX,B0,1h,M6_PARK,679,2016-02-15,19,1140,13:00,False,0.0,6.577202720801919e-07
NQ,GLOBEX,B0,1h,M6_PARK,680,2016-02-15,20,1200,14:00,False,0.0,0.0
NQ,GLOBEX,B0,1h,M6_PARK,681,2016-02-15,21,1260,15:00,False,0.0,0.0
NQ,GLOBEX,B0,1h,M6_PARK,682,2016-02-16,0,0,18:00,True,6.615853635594249e-06,0.0
NQ,GLOBEX,B0,1h,M6_PARK,5519,2017-01-16,19,1140,13:00,False,0.0,1.9855183953255512e-07
NQ,GLOBEX,B0,1h,M6_PARK,5520,2017-01-16,20,1200,14:00,False,0.0,0.0
NQ,GLOBEX,B0,1h,M6_PARK,5521,2017-01-16,21,1260,15:00,False,0.0,0.0
NQ,GLOBEX,B0,1h,M6_PARK,5522,2017-01-17,0,0,18:00,True,2.6911038730759174e-07,0.0
NQ,GLOBEX,B0,1h,M6_PARK,6069,2017-02-20,19,1140,13:00,False,0.0,1.5482040356649194e-07
NQ,GLOBEX,B0,1h,M6_PARK,6070,2017-02-20,20,1200,14:00,False,0.0,0.0
NQ,GLOBEX,B0,1h,M6_PARK,6071,2017-02-20,21,1260,15:00,False,0.0,0.0
NQ,GLOBEX,B0,1h,M6_PARK,6072,2017-02-21,0,0,18:00,True,2.1480900613823906e-07,0.0
NQ,GLOBEX,B0,1h,M6_PARK,7983,2017-07-04,19,1140,13:00,False,0.0,4.647441701313802e-06
NQ,GLOBEX,B0,1h,M6_PARK,7984,2017-07-04,20,1200,14:00,False,0.0,0.0
NQ,GLOBEX,B0,1h,M6_PARK,7985,2017-07-04,21,1260,15:00,False,0.0,0.0
NQ,GLOBEX,B0,1h,M6_PARK,7986,2017-07-05,0,0,18:00,True,5.931609848630615e-06,0.0
NQ,GLOBEX,B0,1h,M6_PARK,8951,2017-09-04,19,1140,13:00,False,0.0,3.3330036195043337e-07
NQ,GLOBEX,B0,1h,M6_PARK,8952,2017-09-04,20,1200,14:00,False,0.0,0.0
NQ,GLOBEX,B0,1h,M6_PARK,8953,2017-09-04,21,1260,15:00,False,0.0,0.0
NQ,GLOBEX,B0,1h,M6_PARK,8954,2017-09-05,0,0,18:00,True,6.077207217458636e-07,0.0
NQ,GLOBEX,B0,1h,M6_PARK,10161,2017-11-23,19,1140,13:00,False,0.0,1.9957398373590998e-07
NQ,GLOBEX,B0,1h,M6_PARK,10162,2017-11-23,20,1200,14:00,False,0.0,0.0
NQ,GLOBEX,B0,1h,M6_PARK,10163,2017-11-23,21,1260,15:00,False,0.0,0.0
NQ,GLOBEX,B0,1h,M6_PARK,10164,2017-11-27,0,0,18:00,True,3.414697857806459e-07,0.0
NQ,GLOBEX,B0,1h,M6_PARK,10843,2018-01-15,19,1140,13:00,False,0.0,3.8545464666795437e-07
NQ,GLOBEX,B0,1h,M6_PARK,10844,2018-01-15,20,1200,14:00,False,0.0,0.0
NQ,GLOBEX,B0,1h,M6_PARK,10845,2018-01-15,21,1260,15:00,False,0.0,0.0
NQ,GLOBEX,B0,1h,M6_PARK,10846,2018-01-16,0,0,18:00,True,6.356885933200829e-07,0.0
NQ,GLOBEX,B0,1h,M6_PARK,11393,2018-02-19,19,1140,13:00,False,0.0,1.224415912998467e-06
NQ,GLOBEX,B0,1h,M6_PARK,11394,2018-02-19,20,1200,14:00,False,0.0,0.0
NQ,GLOBEX,B0,1h,M6_PARK,11395,2018-02-19,21,1260,15:00,False,0.0,0.0
NQ,GLOBEX,B0,1h,M6_PARK,11396,2018-02-20,0,0,18:00,True,2.2287404135568067e-06,0.0
NQ,GLOBEX,B0,1h,M6_PARK,12845,2018-05-28,19,1140,13:00,False,0.0,1.246058405971748e-06
NQ,GLOBEX,B0,1h,M6_PARK,12846,2018-05-28,20,1200,14:00,False,0.0,0.0
NQ,GLOBEX,B0,1h,M6_PARK,12847,2018-05-28,21,1260,15:00,False,0.0,0.0
NQ,GLOBEX,B0,1h,M6_PARK,12848,2018-05-29,0,0,18:00,True,1.7829561329563148e-06,0.0
NQ,GLOBEX,B0,1h,M6_PARK,13351,2018-07-04,19,1140,13:00,False,0.0,1.5847840705471126e-06
NQ,GLOBEX,B0,1h,M6_PARK,13352,2018-07-04,20,1200,14:00,False,0.0,0.0
NQ,GLOBEX,B0,1h,M6_PARK,13353,2018-07-04,21,1260,15:00,False,0.0,0.0
NQ,GLOBEX,B0,1h,M6_PARK,13354,2018-07-05,0,0,18:00,True,1.2328391676419415e-06,0.0
NQ,GLOBEX,B0,1h,M6_PARK,14297,2018-09-03,19,1140,13:00,False,0.0,2.021408253248868e-07
NQ,GLOBEX,B0,1h,M6_PARK,14298,2018-09-03,20,1200,14:00,False,0.0,0.0
NQ,GLOBEX,B0,1h,M6_PARK,14299,2018-09-03,21,1260,15:00,False,0.0,0.0
NQ,GLOBEX,B0,1h,M6_PARK,14300,2018-09-04,0,0,18:00,True,3.306413418613374e-07,0.0
NQ,GLOBEX,B0,1h,M6_PARK,15507,2018-11-22,19,1140,13:00,False,0.0,1.1692804836981188e-06
NQ,GLOBEX,B0,1h,M6_PARK,15508,2018-11-22,20,1200,14:00,False,0.0,0.0
NQ,GLOBEX,B0,1h,M6_PARK,15509,2018-11-22,21,1260,15:00,False,0.0,0.0
NQ,GLOBEX,B0,1h,M6_PARK,15510,2018-11-26,0,0,18:00,True,8.888264346751384e-06,0.0
NQ,GLOBEX,B0,1h,M6_PARK,15680,2018-12-05,16,960,10:00,False,0.0,1.557231445317142e-07
NQ,GLOBEX,B0,1h,M6_PARK,15681,2018-12-05,17,1020,11:00,False,0.0,0.0
NQ,GLOBEX,B0,1h,M6_PARK,15682,2018-12-05,18,1080,12:00,False,0.0,0.0
NQ,GLOBEX,B0,1h,M6_PARK,15683,2018-12-05,19,1140,13:00,False,0.0,0.0
NQ,GLOBEX,B0,1h,M6_PARK,15684,2018-12-05,20,1200,14:00,False,0.0,0.0
NQ,GLOBEX,B0,1h,M6_PARK,15685,2018-12-05,21,1260,15:00,False,0.0,0.0
NQ,GLOBEX,B0,1h,M6_PARK,15686,2018-12-06,0,0,18:00,True,0.0002677779875739361,0.0
NQ,GLOBEX,B0,1h,M6_PARK,16277,2019-01-21,19,1140,13:00,False,0.0,1.0440094292915785e-06
NQ,GLOBEX,B0,1h,M6_PARK,16278,2019-01-21,20,1200,14:00,False,0.0,0.0
NQ,GLOBEX,B0,1h,M6_PARK,16279,2019-01-21,21,1260,15:00,False,0.0,0.0
NQ,GLOBEX,B0,1h,M6_PARK,16280,2019-01-22,0,0,18:00,True,1.697606421657838e-06,0.0
NQ,GLOBEX,B0,1h,M6_PARK,16717,2019-02-18,19,1140,13:00,False,0.0,1.0369987534526504e-06
NQ,GLOBEX,B0,1h,M6_PARK,16718,2019-02-18,20,1200,14:00,False,0.0,0.0
NQ,GLOBEX,B0,1h,M6_PARK,16719,2019-02-18,21,1260,15:00,False,0.0,0.0
NQ,GLOBEX,B0,1h,M6_PARK,16720,2019-02-19,0,0,18:00,True,7.451835699612275e-07,0.0
NQ,GLOBEX,B0,1h,M6_PARK,16854,2019-02-27,2,120,20:00,True,0.0,3.4868402584797274e-07
NQ,GLOBEX,B0,1h,M6_PARK,16855,2019-02-27,3,180,21:00,True,0.0,0.0
NQ,GLOBEX,B0,1h,M6_PARK,16856,2019-02-27,4,240,22:00,True,8.397919373237528e-07,0.0
NQ,GLOBEX,B0,1h,M6_PARK,18169,2019-05-27,19,1140,13:00,False,0.0,2.8493548988925225e-07
NQ,GLOBEX,B0,1h,M6_PARK,18170,2019-05-27,20,1200,14:00,False,0.0,0.0
NQ,GLOBEX,B0,1h,M6_PARK,18171,2019-05-27,21,1260,15:00,False,0.0,0.0
NQ,GLOBEX,B0,1h,M6_PARK,18172,2019-05-28,0,0,18:00,True,1.5532659745076671e-06,0.0
NQ,GLOBEX,B0,1h,M6_PARK,18697,2019-07-04,19,1140,13:00,False,0.0,1.5890340385505354e-07
NQ,GLOBEX,B0,1h,M6_PARK,18698,2019-07-04,20,1200,14:00,False,0.0,0.0
NQ,GLOBEX,B0,1h,M6_PARK,18699,2019-07-04,21,1260,15:00,False,0.0,0.0
NQ,GLOBEX,B0,1h,M6_PARK,18700,2019-07-05,0,0,18:00,True,8.000270099728368e-07,0.0
NQ,GLOBEX,B0,1h,M6_PARK,19621,2019-09-02,19,1140,13:00,False,0.0,1.6903102905864079e-06
NQ,GLOBEX,B0,1h,M6_PARK,19622,2019-09-02,20,1200,14:00,False,0.0,0.0
NQ,GLOBEX,B0,1h,M6_PARK,19623,2019-09-02,21,1260,15:00,False,0.0,0.0
NQ,GLOBEX,B0,1h,M6_PARK,19624,2019-09-03,0,0,18:00,True,3.472403477644548e-06,0.0
NQ,GLOBEX,B0,1h,M6_PARK,20941,2019-11-28,19,1140,13:00,False,0.0,1.1418754723614442e-07
NQ,GLOBEX,B0,1h,M6_PARK,20942,2019-11-28,20,1200,14:00,False,0.0,0.0
NQ,GLOBEX,B0,1h,M6_PARK,20943,2019-11-28,21,1260,15:00,False,0.0,0.0
NQ,GLOBEX,B0,1h,M6_PARK,20944,2019-12-02,0,0,18:00,True,8.69330506247934e-07,0.0
NQ,GLOBEX,B0,1h,M6_PARK,21601,2020-01-20,19,1140,13:00,False,0.0,3.254886347172201e-08
NQ,GLOBEX,B0,1h,M6_PARK,21602,2020-01-20,20,1200,14:00,False,0.0,0.0
NQ,GLOBEX,B0,1h,M6_PARK,21603,2020-01-20,21,1260,15:00,False,0.0,0.0
NQ,GLOBEX,B0,1h,M6_PARK,21604,2020-01-21,0,0,18:00,True,2.1084906620671973e-07,0.0
NQ,GLOBEX,B0,1h,M6_PARK,22041,2020-02-17,19,1140,13:00,False,0.0,1.5079054427951685e-07
NQ,GLOBEX,B0,1h,M6_PARK,22042,2020-02-17,20,1200,14:00,False,0.0,0.0
NQ,GLOBEX,B0,1h,M6_PARK,22043,2020-02-17,21,1260,15:00,False,0.0,0.0
NQ,GLOBEX,B0,1h,M6_PARK,22044,2020-02-18,0,0,18:00,True,3.2003244996303692e-06,0.0
NQ,GLOBEX,B0,1h,M6_PARK,22356,2020-03-09,4,240,22:00,True,0.0,1.807480589756662e-05
NQ,GLOBEX,B0,1h,M6_PARK,22357,2020-03-09,5,300,23:00,True,1.3901932106819004e-05,0.0
NQ,GLOBEX,B0,1h,M6_PARK,22358,2020-03-09,6,360,00:00,True,0.0,5.020100519649129e-06
NQ,GLOBEX,B0,1h,M6_PARK,22359,2020-03-09,7,420,01:00,True,1.862645149230957e-09,0.0
NQ,GLOBEX,B0,1h,M6_PARK,22361,2020-03-09,9,540,03:00,True,0.0,3.359036149664231e-10
NQ,GLOBEX,B0,1h,M6_PARK,22362,2020-03-09,10,600,04:00,True,0.0,0.0
NQ,GLOBEX,B0,1h,M6_PARK,22363,2020-03-09,11,660,05:00,True,7.967380952322856e-06,0.0
NQ,GLOBEX,B0,1h,M6_PARK,22364,2020-03-09,12,720,06:00,True,0.0,3.2942700619343918e-06
NQ,GLOBEX,B0,1h,M6_PARK,22365,2020-03-09,13,780,07:00,True,0.0,0.0
NQ,GLOBEX,B0,1h,M6_PARK,22366,2020-03-09,14,840,08:00,True,0.0,0.0
NQ,GLOBEX,B0,1h,M6_PARK,22367,2020-03-09,15,900,09:00,True,0.0007585363591715577,0.0
NQ,GLOBEX,B0,1h,M6_PARK,22448,2020-03-18,8,480,02:00,True,0.0,3.1426979512945045e-05
NQ,GLOBEX,B0,1h,M6_PARK,22449,2020-03-18,9,540,03:00,True,0.0,0.0
NQ,GLOBEX,B0,1h,M6_PARK,22450,2020-03-18,10,600,04:00,True,0.0,0.0
NQ,GLOBEX,B0,1h,M6_PARK,22451,2020-03-18,11,660,05:00,True,0.0,0.0
NQ,GLOBEX,B0,1h,M6_PARK,22452,2020-03-18,12,720,06:00,True,0.0,0.0
NQ,GLOBEX,B0,1h,M6_PARK,22453,2020-03-18,13,780,07:00,True,0.0,0.0
NQ,GLOBEX,B0,1h,M6_PARK,22454,2020-03-18,14,840,08:00,True,0.0,0.0
NQ,GLOBEX,B0,1h,M6_PARK,22455,2020-03-18,15,900,09:00,True,0.0004870161228609504,0.0
NQ,GLOBEX,B0,1h,M6_PARK,22540,2020-03-24,12,720,06:00,True,0.0,2.3767196180564233e-05
NQ,GLOBEX,B0,1h,M6_PARK,22541,2020-03-24,13,780,07:00,True,0.00015153500589804025,0.0
NQ,GLOBEX,B0,1h,M6_PARK,23494,2020-05-25,20,1200,14:00,False,0.0,0.0
NQ,GLOBEX,B0,1h,M6_PARK,23495,2020-05-25,21,1260,15:00,False,0.0,0.0
NQ,GLOBEX,B0,1h,M6_PARK,23496,2020-05-26,0,0,18:00,True,2.041935658780858e-06,0.0
NQ,GLOBEX,B0,1h,M6_PARK,24003,2020-07-01,1,60,19:00,True,0.0,0.0
NQ,GLOBEX,B0,1h,M6_PARK,24004,2020-07-01,2,120,20:00,True,2.0795750970137306e-06,0.0
NQ,GLOBEX,B0,1h,M6_PARK,25056,2020-09-07,20,1200,14:00,False,0.0,0.0
NQ,GLOBEX,B0,1h,M6_PARK,25057,2020-09-07,21,1260,15:00,False,0.0,0.0
NQ,GLOBEX,B0,1h,M6_PARK,25058,2020-09-08,0,0,18:00,True,1.0797609320434276e-05,0.0
NQ,GLOBEX,B0,1h,M6_PARK,26266,2020-11-26,20,1200,14:00,False,0.0,0.0
NQ,GLOBEX,B0,1h,M6_PARK,26267,2020-11-26,21,1260,15:00,False,0.0,0.0
NQ,GLOBEX,B0,1h,M6_PARK,26268,2020-11-30,0,0,18:00,True,1.5998330127331428e-06,0.0
NQ,GLOBEX,B0,1h,M6_PARK,26926,2021-01-18,20,1200,14:00,False,0.0,0.0
NQ,GLOBEX,B0,1h,M6_PARK,26927,2021-01-18,21,1260,15:00,False,0.0,0.0
NQ,GLOBEX,B0,1h,M6_PARK,26928,2021-01-19,0,0,18:00,True,8.605502443970181e-07,0.0
NQ,GLOBEX,B0,1h,M6_PARK,27366,2021-02-15,20,1200,14:00,False,0.0,0.0
NQ,GLOBEX,B0,1h,M6_PARK,27367,2021-02-15,21,1260,15:00,False,0.0,0.0
NQ,GLOBEX,B0,1h,M6_PARK,27368,2021-02-16,0,0,18:00,True,7.246926543302834e-07,0.0
NQ,GLOBEX,B0,1h,M6_PARK,28045,2021-04-02,17,1020,11:00,False,0.0,0.0
NQ,GLOBEX,B0,1h,M6_PARK,28046,2021-04-02,18,1080,12:00,False,0.0,0.0
NQ,GLOBEX,B0,1h,M6_PARK,28047,2021-04-02,19,1140,13:00,False,0.0,0.0
NQ,GLOBEX,B0,1h,M6_PARK,28048,2021-04-02,20,1200,14:00,False,0.0,0.0
NQ,GLOBEX,B0,1h,M6_PARK,28049,2021-04-02,21,1260,15:00,False,0.0,0.0
NQ,GLOBEX,B0,1h,M6_PARK,28050,2021-04-05,0,0,18:00,True,5.768043592979666e-06,0.0
NQ,GLOBEX,B0,1h,M6_PARK,28950,2021-05-31,20,1200,14:00,False,0.0,0.0
NQ,GLOBEX,B0,1h,M6_PARK,28951,2021-05-31,21,1260,15:00,False,0.0,0.0
NQ,GLOBEX,B0,1h,M6_PARK,28952,2021-06-01,0,0,18:00,True,4.993062248104252e-07,0.0
NQ,GLOBEX,B0,1h,M6_PARK,29434,2021-07-05,20,1200,14:00,False,0.0,0.0
NQ,GLOBEX,B0,1h,M6_PARK,29435,2021-07-05,21,1260,15:00,False,0.0,0.0
NQ,GLOBEX,B0,1h,M6_PARK,29436,2021-07-06,0,0,18:00,True,2.637671059346758e-07,0.0
NQ,GLOBEX,B0,1h,M6_PARK,30424,2021-09-06,20,1200,14:00,False,0.0,0.0
NQ,GLOBEX,B0,1h,M6_PARK,30425,2021-09-06,21,1260,15:00,False,0.0,0.0
NQ,GLOBEX,B0,1h,M6_PARK,30426,2021-09-07,0,0,18:00,True,1.609068931429647e-07,0.0
NQ,GLOBEX,B0,1h,M6_PARK,31634,2021-11-25,20,1200,14:00,False,0.0,0.0
NQ,GLOBEX,B0,1h,M6_PARK,31635,2021-11-25,21,1260,15:00,False,0.0,0.0
NQ,GLOBEX,B0,1h,M6_PARK,31636,2021-11-29,0,0,18:00,True,2.5557185836078133e-05,0.0
NQ,GLOBEX,B0,1h,M6_PARK,32338,2022-01-17,20,1200,14:00,False,0.0,0.0
NQ,GLOBEX,B0,1h,M6_PARK,32339,2022-01-17,21,1260,15:00,False,0.0,0.0
NQ,GLOBEX,B0,1h,M6_PARK,32340,2022-01-18,0,0,18:00,True,1.993739715544507e-06,0.0
NQ,GLOBEX,B0,1h,M6_PARK,32888,2022-02-21,20,1200,14:00,False,0.0,0.0
NQ,GLOBEX,B0,1h,M6_PARK,32889,2022-02-21,21,1260,15:00,False,0.0,0.0
NQ,GLOBEX,B0,1h,M6_PARK,32890,2022-02-22,0,0,18:00,True,4.626110148819862e-05,0.0
NQ,GLOBEX,B0,1h,M6_PARK,34340,2022-05-30,20,1200,14:00,False,0.0,0.0
NQ,GLOBEX,B0,1h,M6_PARK,34341,2022-05-30,21,1260,15:00,False,0.0,0.0
NQ,GLOBEX,B0,1h,M6_PARK,34342,2022-05-31,0,0,18:00,True,6.722527359670494e-06,0.0
NQ,GLOBEX,B0,1h,M6_PARK,34604,2022-06-20,20,1200,14:00,False,0.0,0.0
NQ,GLOBEX,B0,1h,M6_PARK,34605,2022-06-20,21,1260,15:00,False,0.0,0.0
NQ,GLOBEX,B0,1h,M6_PARK,34606,2022-06-21,0,0,18:00,True,3.259327058913186e-06,0.0
NQ,GLOBEX,B0,1h,M6_PARK,34824,2022-07-04,20,1200,14:00,False,0.0,0.0
NQ,GLOBEX,B0,1h,M6_PARK,34825,2022-07-04,21,1260,15:00,False,0.0,0.0
NQ,GLOBEX,B0,1h,M6_PARK,34826,2022-07-05,0,0,18:00,True,8.206813618016895e-06,0.0
NQ,GLOBEX,B0,1h,M6_PARK,35814,2022-09-05,20,1200,14:00,False,0.0,0.0
NQ,GLOBEX,B0,1h,M6_PARK,35815,2022-09-05,21,1260,15:00,False,0.0,0.0
NQ,GLOBEX,B0,1h,M6_PARK,35816,2022-09-06,0,0,18:00,True,6.205399586178828e-06,0.0
NQ,GLOBEX,B0,1h,M6_PARK,37024,2022-11-24,20,1200,14:00,False,0.0,0.0
NQ,GLOBEX,B0,1h,M6_PARK,37025,2022-11-24,21,1260,15:00,False,0.0,0.0
NQ,GLOBEX,B0,1h,M6_PARK,37026,2022-11-28,0,0,18:00,True,2.801243681460619e-06,0.0
NQ,GLOBEX,B0,1h,M6_PARK,37706,2023-01-16,20,1200,14:00,False,0.0,0.0
NQ,GLOBEX,B0,1h,M6_PARK,37707,2023-01-16,21,1260,15:00,False,0.0,0.0
NQ,GLOBEX,B0,1h,M6_PARK,37708,2023-01-17,0,0,18:00,True,2.1747046048403718e-06,0.0
NQ,GLOBEX,B0,1h,M6_PARK,38256,2023-02-20,20,1200,14:00,False,0.0,0.0
NQ,GLOBEX,B0,1h,M6_PARK,38257,2023-02-20,21,1260,15:00,False,0.0,0.0
NQ,GLOBEX,B0,1h,M6_PARK,38258,2023-02-21,0,0,18:00,True,1.1153861123602837e-06,0.0
NQ,GLOBEX,B0,1h,M6_PARK,38935,2023-04-07,17,1020,11:00,False,0.0,0.0
NQ,GLOBEX,B0,1h,M6_PARK,38936,2023-04-07,18,1080,12:00,False,0.0,0.0
NQ,GLOBEX,B0,1h,M6_PARK,38937,2023-04-07,19,1140,13:00,False,0.0,0.0
NQ,GLOBEX,B0,1h,M6_PARK,38938,2023-04-07,20,1200,14:00,False,0.0,0.0
NQ,GLOBEX,B0,1h,M6_PARK,38939,2023-04-07,21,1260,15:00,False,0.0,0.0
NQ,GLOBEX,B0,1h,M6_PARK,38940,2023-04-10,0,0,18:00,True,2.5865365387289785e-06,0.0
NQ,GLOBEX,B0,1h,M6_PARK,39730,2023-05-29,20,1200,14:00,False,0.0,0.0
NQ,GLOBEX,B0,1h,M6_PARK,39731,2023-05-29,21,1260,15:00,False,0.0,0.0
NQ,GLOBEX,B0,1h,M6_PARK,39732,2023-05-30,0,0,18:00,True,1.1957272363360971e-06,0.0
NQ,GLOBEX,B0,1h,M6_PARK,39994,2023-06-19,20,1200,14:00,False,0.0,0.0
NQ,GLOBEX,B0,1h,M6_PARK,39995,2023-06-19,21,1260,15:00,False,0.0,0.0
NQ,GLOBEX,B0,1h,M6_PARK,39996,2023-06-20,0,0,18:00,True,5.490837793331593e-07,0.0
NQ,GLOBEX,B0,1h,M6_PARK,40214,2023-07-04,20,1200,14:00,False,0.0,0.0
NQ,GLOBEX,B0,1h,M6_PARK,40215,2023-07-04,21,1260,15:00,False,0.0,0.0
NQ,GLOBEX,B0,1h,M6_PARK,40216,2023-07-05,0,0,18:00,True,1.9898470782209188e-07,0.0
NQ,GLOBEX,B0,1h,M6_PARK,41182,2023-09-04,20,1200,14:00,False,0.0,0.0
NQ,GLOBEX,B0,1h,M6_PARK,41183,2023-09-04,21,1260,15:00,False,0.0,0.0
NQ,GLOBEX,B0,1h,M6_PARK,41184,2023-09-05,0,0,18:00,True,6.772734195692465e-07,0.0
NQ,GLOBEX,B0,1h,M6_PARK,42392,2023-11-23,20,1200,14:00,False,0.0,0.0
NQ,GLOBEX,B0,1h,M6_PARK,42393,2023-11-23,21,1260,15:00,False,0.0,0.0
NQ,GLOBEX,B0,1h,M6_PARK,42394,2023-11-27,0,0,18:00,True,6.934615157661028e-07,0.0
NQ,GLOBEX,B0,1h,M6_GK,679,2016-02-15,19,1140,13:00,False,0.0,2.073522168488095e-07
NQ,GLOBEX,B0,1h,M6_GK,680,2016-02-15,20,1200,14:00,False,0.0,1e-300
NQ,GLOBEX,B0,1h,M6_GK,681,2016-02-15,21,1260,15:00,False,0.0,1e-300
NQ,GLOBEX,B0,1h,M6_GK,5519,2017-01-16,19,1140,13:00,False,0.0,1.8061597492704563e-07
NQ,GLOBEX,B0,1h,M6_GK,5520,2017-01-16,20,1200,14:00,False,0.0,1e-300
NQ,GLOBEX,B0,1h,M6_GK,5521,2017-01-16,21,1260,15:00,False,0.0,1e-300
NQ,GLOBEX,B0,1h,M6_GK,6069,2017-02-20,19,1140,13:00,False,0.0,2.1462665245053358e-07
NQ,GLOBEX,B0,1h,M6_GK,6070,2017-02-20,20,1200,14:00,False,0.0,1e-300
NQ,GLOBEX,B0,1h,M6_GK,6071,2017-02-20,21,1260,15:00,False,0.0,1e-300
NQ,GLOBEX,B0,1h,M6_GK,7983,2017-07-04,19,1140,13:00,False,0.0,3.6448198234750684e-06
NQ,GLOBEX,B0,1h,M6_GK,7984,2017-07-04,20,1200,14:00,False,0.0,1e-300
NQ,GLOBEX,B0,1h,M6_GK,7985,2017-07-04,21,1260,15:00,False,0.0,1e-300
NQ,GLOBEX,B0,1h,M6_GK,8951,2017-09-04,19,1140,13:00,False,0.0,3.800903639682491e-07
NQ,GLOBEX,B0,1h,M6_GK,8952,2017-09-04,20,1200,14:00,False,0.0,1e-300
NQ,GLOBEX,B0,1h,M6_GK,8953,2017-09-04,21,1260,15:00,False,0.0,1e-300
NQ,GLOBEX,B0,1h,M6_GK,10161,2017-11-23,19,1140,13:00,False,0.0,2.477293671917466e-07
NQ,GLOBEX,B0,1h,M6_GK,10162,2017-11-23,20,1200,14:00,False,0.0,1e-300
NQ,GLOBEX,B0,1h,M6_GK,10163,2017-11-23,21,1260,15:00,False,0.0,1e-300
NQ,GLOBEX,B0,1h,M6_GK,10843,2018-01-15,19,1140,13:00,False,0.0,5.322160951499851e-07
NQ,GLOBEX,B0,1h,M6_GK,10844,2018-01-15,20,1200,14:00,False,0.0,1e-300
NQ,GLOBEX,B0,1h,M6_GK,10845,2018-01-15,21,1260,15:00,False,0.0,1e-300
NQ,GLOBEX,B0,1h,M6_GK,11393,2018-02-19,19,1140,13:00,False,0.0,1.2559018321080107e-06
NQ,GLOBEX,B0,1h,M6_GK,11394,2018-02-19,20,1200,14:00,False,0.0,1e-300
NQ,GLOBEX,B0,1h,M6_GK,11395,2018-02-19,21,1260,15:00,False,0.0,1e-300
NQ,GLOBEX,B0,1h,M6_GK,12845,2018-05-28,19,1140,13:00,False,0.0,1.2827483253273735e-06
NQ,GLOBEX,B0,1h,M6_GK,12846,2018-05-28,20,1200,14:00,False,0.0,1e-300
NQ,GLOBEX,B0,1h,M6_GK,12847,2018-05-28,21,1260,15:00,False,0.0,1e-300
NQ,GLOBEX,B0,1h,M6_GK,13351,2018-07-04,19,1140,13:00,False,0.0,1.1197908884351403e-06
NQ,GLOBEX,B0,1h,M6_GK,13352,2018-07-04,20,1200,14:00,False,0.0,1e-300
NQ,GLOBEX,B0,1h,M6_GK,13353,2018-07-04,21,1260,15:00,False,0.0,1e-300
NQ,GLOBEX,B0,1h,M6_GK,14297,2018-09-03,19,1140,13:00,False,0.0,2.5404221338257746e-07
NQ,GLOBEX,B0,1h,M6_GK,14298,2018-09-03,20,1200,14:00,False,0.0,1e-300
NQ,GLOBEX,B0,1h,M6_GK,14299,2018-09-03,21,1260,15:00,False,0.0,1e-300
NQ,GLOBEX,B0,1h,M6_GK,15507,2018-11-22,19,1140,13:00,False,0.0,1.237302876959849e-06
NQ,GLOBEX,B0,1h,M6_GK,15508,2018-11-22,20,1200,14:00,False,0.0,1e-300
NQ,GLOBEX,B0,1h,M6_GK,15509,2018-11-22,21,1260,15:00,False,0.0,1e-300
NQ,GLOBEX,B0,1h,M6_GK,15680,2018-12-05,16,960,10:00,False,0.0,4.909311846386521e-08
NQ,GLOBEX,B0,1h,M6_GK,15681,2018-12-05,17,1020,11:00,False,0.0,1e-300
NQ,GLOBEX,B0,1h,M6_GK,15682,2018-12-05,18,1080,12:00,False,0.0,1e-300
NQ,GLOBEX,B0,1h,M6_GK,15683,2018-12-05,19,1140,13:00,False,0.0,1e-300
NQ,GLOBEX,B0,1h,M6_GK,15684,2018-12-05,20,1200,14:00,False,0.0,1e-300
NQ,GLOBEX,B0,1h,M6_GK,15685,2018-12-05,21,1260,15:00,False,0.0,1e-300
NQ,GLOBEX,B0,1h,M6_GK,16277,2019-01-21,19,1140,13:00,False,0.0,1.4213113881732225e-06
NQ,GLOBEX,B0,1h,M6_GK,16278,2019-01-21,20,1200,14:00,False,0.0,1e-300
NQ,GLOBEX,B0,1h,M6_GK,16279,2019-01-21,21,1260,15:00,False,0.0,1e-300
NQ,GLOBEX,B0,1h,M6_GK,16717,2019-02-18,19,1140,13:00,False,0.0,1.1599199335481598e-06
NQ,GLOBEX,B0,1h,M6_GK,16718,2019-02-18,20,1200,14:00,False,0.0,1e-300
NQ,GLOBEX,B0,1h,M6_GK,16719,2019-02-18,21,1260,15:00,False,0.0,1e-300
NQ,GLOBEX,B0,1h,M6_GK,16854,2019-02-27,2,120,20:00,True,0.0,4.2575135686757673e-07
NQ,GLOBEX,B0,1h,M6_GK,16855,2019-02-27,3,180,21:00,True,0.0,1e-300
NQ,GLOBEX,B0,1h,M6_GK,18169,2019-05-27,19,1140,13:00,False,0.0,1.1294897029363158e-07
NQ,GLOBEX,B0,1h,M6_GK,18170,2019-05-27,20,1200,14:00,False,0.0,1e-300
NQ,GLOBEX,B0,1h,M6_GK,18171,2019-05-27,21,1260,15:00,False,0.0,1e-300
NQ,GLOBEX,B0,1h,M6_GK,18697,2019-07-04,19,1140,13:00,False,0.0,2.168434811816623e-07
NQ,GLOBEX,B0,1h,M6_GK,18698,2019-07-04,20,1200,14:00,False,0.0,1e-300
NQ,GLOBEX,B0,1h,M6_GK,18699,2019-07-04,21,1260,15:00,False,0.0,1e-300
NQ,GLOBEX,B0,1h,M6_GK,19621,2019-09-02,19,1140,13:00,False,0.0,2.0167755750560265e-06
NQ,GLOBEX,B0,1h,M6_GK,19622,2019-09-02,20,1200,14:00,False,0.0,1e-300
NQ,GLOBEX,B0,1h,M6_GK,19623,2019-09-02,21,1260,15:00,False,0.0,1e-300
NQ,GLOBEX,B0,1h,M6_GK,20941,2019-11-28,19,1140,13:00,False,0.0,1.5694703004178804e-07
NQ,GLOBEX,B0,1h,M6_GK,20942,2019-11-28,20,1200,14:00,False,0.0,1e-300
NQ,GLOBEX,B0,1h,M6_GK,20943,2019-11-28,21,1260,15:00,False,0.0,1e-300
NQ,GLOBEX,B0,1h,M6_GK,21601,2020-01-20,19,1140,13:00,False,0.0,3.1068998901177455e-08
NQ,GLOBEX,B0,1h,M6_GK,21602,2020-01-20,20,1200,14:00,False,0.0,1e-300
NQ,GLOBEX,B0,1h,M6_GK,21603,2020-01-20,21,1260,15:00,False,0.0,1e-300
NQ,GLOBEX,B0,1h,M6_GK,22041,2020-02-17,19,1140,13:00,False,0.0,2.0486589773603063e-07
NQ,GLOBEX,B0,1h,M6_GK,22042,2020-02-17,20,1200,14:00,False,0.0,1e-300
NQ,GLOBEX,B0,1h,M6_GK,22043,2020-02-17,21,1260,15:00,False,0.0,1e-300
NQ,GLOBEX,B0,1h,M6_GK,22356,2020-03-09,4,240,22:00,True,0.0,7.659229130772369e-06
NQ,GLOBEX,B0,1h,M6_GK,22358,2020-03-09,6,360,00:00,True,0.0,6.95933704264462e-06
NQ,GLOBEX,B0,1h,M6_GK,22361,2020-03-09,9,540,03:00,True,0.0,4.656612873077393e-10
NQ,GLOBEX,B0,1h,M6_GK,22362,2020-03-09,10,600,04:00,True,0.0,1e-300
NQ,GLOBEX,B0,1h,M6_GK,22364,2020-03-09,12,720,06:00,True,0.0,4.56682801086572e-06
NQ,GLOBEX,B0,1h,M6_GK,22365,2020-03-09,13,780,07:00,True,0.0,1e-300
NQ,GLOBEX,B0,1h,M6_GK,22366,2020-03-09,14,840,08:00,True,0.0,1e-300
NQ,GLOBEX,B0,1h,M6_GK,22448,2020-03-18,8,480,02:00,True,0.0,1.570670592645435e-05
NQ,GLOBEX,B0,1h,M6_GK,22449,2020-03-18,9,540,03:00,True,0.0,1e-300
NQ,GLOBEX,B0,1h,M6_GK,22450,2020-03-18,10,600,04:00,True,0.0,1e-300
NQ,GLOBEX,B0,1h,M6_GK,22451,2020-03-18,11,660,05:00,True,0.0,1e-300
NQ,GLOBEX,B0,1h,M6_GK,22452,2020-03-18,12,720,06:00,True,0.0,1e-300
NQ,GLOBEX,B0,1h,M6_GK,22453,2020-03-18,13,780,07:00,True,0.0,1e-300
NQ,GLOBEX,B0,1h,M6_GK,22454,2020-03-18,14,840,08:00,True,0.0,1e-300
NQ,GLOBEX,B0,1h,M6_GK,22540,2020-03-24,12,720,06:00,True,0.0,1.5352209306521254e-05
NQ,GLOBEX,B0,1h,M6_GK,23494,2020-05-25,20,1200,14:00,False,0.0,1e-300
NQ,GLOBEX,B0,1h,M6_GK,23495,2020-05-25,21,1260,15:00,False,0.0,1e-300
NQ,GLOBEX,B0,1h,M6_GK,24003,2020-07-01,1,60,19:00,True,0.0,1e-300
NQ,GLOBEX,B0,1h,M6_GK,25056,2020-09-07,20,1200,14:00,False,0.0,1e-300
NQ,GLOBEX,B0,1h,M6_GK,25057,2020-09-07,21,1260,15:00,False,0.0,1e-300
NQ,GLOBEX,B0,1h,M6_GK,26266,2020-11-26,20,1200,14:00,False,0.0,1e-300
NQ,GLOBEX,B0,1h,M6_GK,26267,2020-11-26,21,1260,15:00,False,0.0,1e-300
NQ,GLOBEX,B0,1h,M6_GK,26926,2021-01-18,20,1200,14:00,False,0.0,1e-300
NQ,GLOBEX,B0,1h,M6_GK,26927,2021-01-18,21,1260,15:00,False,0.0,1e-300
NQ,GLOBEX,B0,1h,M6_GK,27366,2021-02-15,20,1200,14:00,False,0.0,1e-300
NQ,GLOBEX,B0,1h,M6_GK,27367,2021-02-15,21,1260,15:00,False,0.0,1e-300
NQ,GLOBEX,B0,1h,M6_GK,28045,2021-04-02,17,1020,11:00,False,0.0,1e-300
NQ,GLOBEX,B0,1h,M6_GK,28046,2021-04-02,18,1080,12:00,False,0.0,1e-300
NQ,GLOBEX,B0,1h,M6_GK,28047,2021-04-02,19,1140,13:00,False,0.0,1e-300
NQ,GLOBEX,B0,1h,M6_GK,28048,2021-04-02,20,1200,14:00,False,0.0,1e-300
NQ,GLOBEX,B0,1h,M6_GK,28049,2021-04-02,21,1260,15:00,False,0.0,1e-300
NQ,GLOBEX,B0,1h,M6_GK,28950,2021-05-31,20,1200,14:00,False,0.0,1e-300
NQ,GLOBEX,B0,1h,M6_GK,28951,2021-05-31,21,1260,15:00,False,0.0,1e-300
NQ,GLOBEX,B0,1h,M6_GK,29434,2021-07-05,20,1200,14:00,False,0.0,1e-300
NQ,GLOBEX,B0,1h,M6_GK,29435,2021-07-05,21,1260,15:00,False,0.0,1e-300
NQ,GLOBEX,B0,1h,M6_GK,30424,2021-09-06,20,1200,14:00,False,0.0,1e-300
NQ,GLOBEX,B0,1h,M6_GK,30425,2021-09-06,21,1260,15:00,False,0.0,1e-300
NQ,GLOBEX,B0,1h,M6_GK,31634,2021-11-25,20,1200,14:00,False,0.0,1e-300
NQ,GLOBEX,B0,1h,M6_GK,31635,2021-11-25,21,1260,15:00,False,0.0,1e-300
NQ,GLOBEX,B0,1h,M6_GK,32338,2022-01-17,20,1200,14:00,False,0.0,1e-300
NQ,GLOBEX,B0,1h,M6_GK,32339,2022-01-17,21,1260,15:00,False,0.0,1e-300
NQ,GLOBEX,B0,1h,M6_GK,32888,2022-02-21,20,1200,14:00,False,0.0,1e-300
NQ,GLOBEX,B0,1h,M6_GK,32889,2022-02-21,21,1260,15:00,False,0.0,1e-300
NQ,GLOBEX,B0,1h,M6_GK,34340,2022-05-30,20,1200,14:00,False,0.0,1e-300
NQ,GLOBEX,B0,1h,M6_GK,34341,2022-05-30,21,1260,15:00,False,0.0,1e-300
NQ,GLOBEX,B0,1h,M6_GK,34604,2022-06-20,20,1200,14:00,False,0.0,1e-300
NQ,GLOBEX,B0,1h,M6_GK,34605,2022-06-20,21,1260,15:00,False,0.0,1e-300
NQ,GLOBEX,B0,1h,M6_GK,34824,2022-07-04,20,1200,14:00,False,0.0,1e-300
NQ,GLOBEX,B0,1h,M6_GK,34825,2022-07-04,21,1260,15:00,False,0.0,1e-300
NQ,GLOBEX,B0,1h,M6_GK,35814,2022-09-05,20,1200,14:00,False,0.0,1e-300
NQ,GLOBEX,B0,1h,M6_GK,35815,2022-09-05,21,1260,15:00,False,0.0,1e-300
NQ,GLOBEX,B0,1h,M6_GK,37024,2022-11-24,20,1200,14:00,False,0.0,1e-300
NQ,GLOBEX,B0,1h,M6_GK,37025,2022-11-24,21,1260,15:00,False,0.0,1e-300
NQ,GLOBEX,B0,1h,M6_GK,37706,2023-01-16,20,1200,14:00,False,0.0,1e-300
NQ,GLOBEX,B0,1h,M6_GK,37707,2023-01-16,21,1260,15:00,False,0.0,1e-300
NQ,GLOBEX,B0,1h,M6_GK,38256,2023-02-20,20,1200,14:00,False,0.0,1e-300
NQ,GLOBEX,B0,1h,M6_GK,38257,2023-02-20,21,1260,15:00,False,0.0,1e-300
NQ,GLOBEX,B0,1h,M6_GK,38935,2023-04-07,17,1020,11:00,False,0.0,1e-300
NQ,GLOBEX,B0,1h,M6_GK,38936,2023-04-07,18,1080,12:00,False,0.0,1e-300
NQ,GLOBEX,B0,1h,M6_GK,38937,2023-04-07,19,1140,13:00,False,0.0,1e-300
NQ,GLOBEX,B0,1h,M6_GK,38938,2023-04-07,20,1200,14:00,False,0.0,1e-300
NQ,GLOBEX,B0,1h,M6_GK,38939,2023-04-07,21,1260,15:00,False,0.0,1e-300
NQ,GLOBEX,B0,1h,M6_GK,39730,2023-05-29,20,1200,14:00,False,0.0,1e-300
NQ,GLOBEX,B0,1h,M6_GK,39731,2023-05-29,21,1260,15:00,False,0.0,1e-300
NQ,GLOBEX,B0,1h,M6_GK,39994,2023-06-19,20,1200,14:00,False,0.0,1e-300
NQ,GLOBEX,B0,1h,M6_GK,39995,2023-06-19,21,1260,15:00,False,0.0,1e-300
NQ,GLOBEX,B0,1h,M6_GK,40214,2023-07-04,20,1200,14:00,False,0.0,1e-300
NQ,GLOBEX,B0,1h,M6_GK,40215,2023-07-04,21,1260,15:00,False,0.0,1e-300
NQ,GLOBEX,B0,1h,M6_GK,41182,2023-09-04,20,1200,14:00,False,0.0,1e-300
NQ,GLOBEX,B0,1h,M6_GK,41183,2023-09-04,21,1260,15:00,False,0.0,1e-300
NQ,GLOBEX,B0,1h,M6_GK,42392,2023-11-23,20,1200,14:00,False,0.0,1e-300
NQ,GLOBEX,B0,1h,M6_GK,42393,2023-11-23,21,1260,15:00,False,0.0,1e-300
