root,geom,btag,horizon,M,proxy,estimator,lam,var_log_proxy,n_windows,trv_over_rv,trigamma,two_over_M,trimmed
ES,GLOBEX,B0,1day,5,RV,E1_a_exp_L1-5,0.5956639710359642,2.023316946343081,1953,0.8963851537697567,0.4903577561002349,0.4,False
ES,GLOBEX,B0,1day,5,RV,E1_a_exp_L1-10,0.5871973323902172,2.023316946343081,1953,0.8963851537697567,0.4903577561002349,0.4,False
ES,GLOBEX,B0,1day,5,RV,E1_d_model_L1-5,0.6818363516915608,2.023316946343081,1953,0.8963851537697567,0.4903577561002349,0.4,False
ES,GLOBEX,B0,1day,5,RV,E1_d_model_L1-10,0.7626460265902446,2.023316946343081,1953,0.8963851537697567,0.4903577561002349,0.4,False
ES,GLOBEX,B0,1day,5,RV,E2,1.110793976920714,2.023316946343081,1953,0.8963851537697567,0.4903577561002349,0.4,False
ES,GLOBEX,B0,1day,5,RV,E4,0.8325175125134953,2.023316946343081,1953,0.8963851537697567,0.4903577561002349,0.4,False
ES,GLOBEX,B0,1day,5,RV,E4_asS05,0.9986494381892058,2.023316946343081,1953,0.8963851537697567,0.4903577561002349,0.4,False
ES,GLOBEX,B0,1day,5,TRV3,E1_a_exp_L1-5,0.004727633799797654,239.4392949042149,1953,0.8963851537697567,0.4903577561002349,0.4,False
ES,GLOBEX,B0,1day,5,TRV3,E1_a_exp_L1-10,0.0029004685944582793,239.4392949042149,1953,0.8963851537697567,0.4903577561002349,0.4,False
ES,GLOBEX,B0,1day,5,TRV3,E1_d_model_L1-5,0.012421302765256484,239.4392949042149,1953,0.8963851537697567,0.4903577561002349,0.4,False
ES,GLOBEX,B0,1day,5,TRV3,E1_d_model_L1-10,0.0032506363478876426,239.4392949042149,1953,0.8963851537697567,0.4903577561002349,0.4,False
ES,GLOBEX,B0,1day,5,TRV3,E2,0.009386463814548858,239.4392949042149,1953,0.8963851537697567,0.4903577561002349,0.4,False
ES,GLOBEX,B0,1day,5,TRV3,E4,0.9986494381892058,239.4392949042149,1953,0.8963851537697567,0.4903577561002349,0.4,False
ES,GLOBEX,B0,1day,5,TRV3,E4_asS05,0.9986494381892058,239.4392949042149,1953,0.8963851537697567,0.4903577561002349,0.4,False
ES,GLOBEX,B0,1day,5,RV,E1_a_exp_L1-5,0.5833351509534943,2.0576347229827743,1953,,0.4903577561002349,0.4,True
ES,GLOBEX,B0,1day,5,RV,E1_a_exp_L1-10,0.5809879513189297,2.0576347229827743,1953,,0.4903577561002349,0.4,True
ES,GLOBEX,B0,1day,5,RV,E1_d_model_L1-5,0.6569401534334046,2.0576347229827743,1953,,0.4903577561002349,0.4,True
ES,GLOBEX,B0,1day,5,RV,E1_d_model_L1-10,0.7319458516314573,2.0576347229827743,1953,,0.4903577561002349,0.4,True
ES,GLOBEX,B0,1day,5,RV,E2,1.2670005708600574,2.0576347229827743,1953,,0.4903577561002349,0.4,True
ES,GLOBEX,B0,1day,5,RV,E4,0.8352185573833734,2.0576347229827743,1953,,0.4903577561002349,0.4,True
ES,GLOBEX,B0,1day,5,RV,E4_asS05,0.8742667023189847,2.0576347229827743,1953,,0.4903577561002349,0.4,True
ES,GLOBEX,B0,1day,6,RV,E1_a_exp_L1-5,0.6131616265901894,2.050281074184577,1953,0.8862462015619129,0.39493406684822646,0.3333333333333333,False
ES,GLOBEX,B0,1day,6,RV,E1_a_exp_L1-10,0.5997358930699085,2.050281074184577,1953,0.8862462015619129,0.39493406684822646,0.3333333333333333,False
ES,GLOBEX,B0,1day,6,RV,E1_d_model_L1-5,0.6905692616973194,2.050281074184577,1953,0.8862462015619129,0.39493406684822646,0.3333333333333333,False
ES,GLOBEX,B0,1day,6,RV,E1_d_model_L1-10,0.7550980199186257,2.050281074184577,1953,0.8862462015619129,0.39493406684822646,0.3333333333333333,False
ES,GLOBEX,B0,1day,6,RV,E2,0.6311869932012967,2.050281074184577,1953,0.8862462015619129,0.39493406684822646,0.3333333333333333,False
ES,GLOBEX,B0,1day,6,RV,E4,0.8508364935836736,2.050281074184577,1953,0.8862462015619129,0.39493406684822646,0.3333333333333333,False
ES,GLOBEX,B0,1day,6,RV,E4_asS05,0.998806677936662,2.050281074184577,1953,0.8862462015619129,0.39493406684822646,0.3333333333333333,False
ES,GLOBEX,B0,1day,6,TRV3,E1_a_exp_L1-5,0.006030886236651496,239.34753036166674,1953,0.8862462015619129,0.39493406684822646,0.3333333333333333,False
ES,GLOBEX,B0,1day,6,TRV3,E1_a_exp_L1-10,0.00637733565138839,239.34753036166674,1953,0.8862462015619129,0.39493406684822646,0.3333333333333333,False
ES,GLOBEX,B0,1day,6,TRV3,E1_d_model_L1-5,0.006600614054586652,239.34753036166674,1953,0.8862462015619129,0.39493406684822646,0.3333333333333333,False
ES,GLOBEX,B0,1day,6,TRV3,E1_d_model_L1-10,0.0071259411187004395,239.34753036166674,1953,0.8862462015619129,0.39493406684822646,0.3333333333333333,False
ES,GLOBEX,B0,1day,6,TRV3,E2,0.0054068272376849615,239.34753036166674,1953,0.8862462015619129,0.39493406684822646,0.3333333333333333,False
ES,GLOBEX,B0,1day,6,TRV3,E4,0.998806677936662,239.34753036166674,1953,0.8862462015619129,0.39493406684822646,0.3333333333333333,False
ES,GLOBEX,B0,1day,6,TRV3,E4_asS05,0.998806677936662,239.34753036166674,1953,0.8862462015619129,0.39493406684822646,0.3333333333333333,False
ES,GLOBEX,B0,1day,6,RV,E1_a_exp_L1-5,0.6167768850737572,2.054035146554894,1953,,0.39493406684822646,0.3333333333333333,True
ES,GLOBEX,B0,1day,6,RV,E1_a_exp_L1-10,0.6012505309268099,2.054035146554894,1953,,0.39493406684822646,0.3333333333333333,True
ES,GLOBEX,B0,1day,6,RV,E1_d_model_L1-5,0.6946382908681665,2.054035146554894,1953,,0.39493406684822646,0.3333333333333333,True
ES,GLOBEX,B0,1day,6,RV,E1_d_model_L1-10,0.756943322348549,2.054035146554894,1953,,0.39493406684822646,0.3333333333333333,True
ES,GLOBEX,B0,1day,6,RV,E2,0.6336108504507145,2.054035146554894,1953,,0.39493406684822646,0.3333333333333333,True
ES,GLOBEX,B0,1day,6,RV,E4,0.8502528394501236,2.054035146554894,1953,,0.39493406684822646,0.3333333333333333,True
ES,GLOBEX,B0,1day,6,RV,E4_asS05,0.9987984588649649,2.054035146554894,1953,,0.39493406684822646,0.3333333333333333,True
ES,GLOBEX,B0,1day,10,RV,E1_a_exp_L1-5,0.7070137042422256,1.708196859425972,1953,0.8810529844170812,0.22132295573711533,0.2,False
ES,GLOBEX,B0,1day,10,RV,E1_a_exp_L1-10,0.6861971592489526,1.708196859425972,1953,0.8810529844170812,0.22132295573711533,0.2,False
ES,GLOBEX,B0,1day,10,RV,E1_d_model_L1-5,0.8094410247165847,1.708196859425972,1953,0.8810529844170812,0.22132295573711533,0.2,False
ES,GLOBEX,B0,1day,10,RV,E1_d_model_L1-10,0.864001850404424,1.708196859425972,1953,0.8810529844170812,0.22132295573711533,0.2,False
ES,GLOBEX,B0,1day,10,RV,E2,0.7003727401136092,1.708196859425972,1953,0.8810529844170812,0.22132295573711533,0.2,False
ES,GLOBEX,B0,1day,10,RV,E4,0.869818795123077,1.708196859425972,1953,0.8810529844170812,0.22132295573711533,0.2,False
ES,GLOBEX,B0,1day,10,RV,E4_asS05,0.8942807846255313,1.708196859425972,1953,0.8810529844170812,0.22132295573711533,0.2,False
ES,GLOBEX,B0,1day,10,TRV3,E1_a_exp_L1-5,0.6563188448955183,1.893318065170742,1953,0.8810529844170812,0.22132295573711533,0.2,False
ES,GLOBEX,B0,1day,10,TRV3,E1_a_exp_L1-10,0.6393745763057334,1.893318065170742,1953,0.8810529844170812,0.22132295573711533,0.2,False
ES,GLOBEX,B0,1day,10,TRV3,E1_d_model_L1-5,0.757879863056517,1.893318065170742,1953,0.8810529844170812,0.22132295573711533,0.2,False
ES,GLOBEX,B0,1day,10,TRV3,E1_d_model_L1-10,0.792742919519144,1.893318065170742,1953,0.8810529844170812,0.22132295573711533,0.2,False
ES,GLOBEX,B0,1day,10,TRV3,E2,0.6318930438038888,1.893318065170742,1953,0.8810529844170812,0.22132295573711533,0.2,False
ES,GLOBEX,B0,1day,10,TRV3,E4,0.8942807846255313,1.893318065170742,1953,0.8810529844170812,0.22132295573711533,0.2,False
ES,GLOBEX,B0,1day,10,TRV3,E4_asS05,0.8942807846255313,1.893318065170742,1953,0.8810529844170812,0.22132295573711533,0.2,False
ES,GLOBEX,B0,1day,10,RV,E1_a_exp_L1-5,0.7026859662756607,1.7220896850889635,1953,,0.22132295573711533,0.2,True
ES,GLOBEX,B0,1day,10,RV,E1_a_exp_L1-10,0.6822337737058274,1.7220896850889635,1953,,0.22132295573711533,0.2,True
ES,GLOBEX,B0,1day,10,RV,E1_d_model_L1-5,0.8044589060952823,1.7220896850889635,1953,,0.22132295573711533,0.2,True
ES,GLOBEX,B0,1day,10,RV,E1_d_model_L1-10,0.8589967291641821,1.7220896850889635,1953,,0.22132295573711533,0.2,True
ES,GLOBEX,B0,1day,10,RV,E2,0.7011023332766589,1.7220896850889635,1953,,0.22132295573711533,0.2,True
ES,GLOBEX,B0,1day,10,RV,E4,0.8713142672606985,1.7220896850889635,1953,,0.22132295573711533,0.2,True
ES,GLOBEX,B0,1day,10,RV,E4_asS05,0.8909795947806101,1.7220896850889635,1953,,0.22132295573711533,0.2,True
ES,GLOBEX,B0,1day,12,RV,E1_a_exp_L1-5,0.7266936123752056,1.6972763586777508,1953,0.8606464273234318,0.18132295573711532,0.16666666666666666,False
ES,GLOBEX,B0,1day,12,RV,E1_a_exp_L1-10,0.7051621448893021,1.6972763586777508,1953,0.8606464273234318,0.18132295573711532,0.16666666666666666,False
ES,GLOBEX,B0,1day,12,RV,E1_d_model_L1-5,0.8186526723327789,1.6972763586777508,1953,0.8606464273234318,0.18132295573711532,0.16666666666666666,False
ES,GLOBEX,B0,1day,12,RV,E1_d_model_L1-10,0.8743663163502468,1.6972763586777508,1953,0.8606464273234318,0.18132295573711532,0.16666666666666666,False
ES,GLOBEX,B0,1day,12,RV,E2,0.7244037469703767,1.6972763586777508,1953,0.8606464273234318,0.18132295573711532,0.16666666666666666,False
ES,GLOBEX,B0,1day,12,RV,E4,0.8820187260680348,1.6972763586777508,1953,0.8606464273234318,0.18132295573711532,0.16666666666666666,False
ES,GLOBEX,B0,1day,12,RV,E4_asS05,0.9048571320066028,1.6972763586777508,1953,0.8606464273234318,0.18132295573711532,0.16666666666666666,False
ES,GLOBEX,B0,1day,12,TRV3,E1_a_exp_L1-5,0.680518556244877,1.8401532594980745,1953,0.8606464273234318,0.18132295573711532,0.16666666666666666,False
ES,GLOBEX,B0,1day,12,TRV3,E1_a_exp_L1-10,0.6689015634586706,1.8401532594980745,1953,0.8606464273234318,0.18132295573711532,0.16666666666666666,False
ES,GLOBEX,B0,1day,12,TRV3,E1_d_model_L1-5,0.7674742268505407,1.8401532594980745,1953,0.8606464273234318,0.18132295573711532,0.16666666666666666,False
ES,GLOBEX,B0,1day,12,TRV3,E1_d_model_L1-10,0.8166383589318538,1.8401532594980745,1953,0.8606464273234318,0.18132295573711532,0.16666666666666666,False
ES,GLOBEX,B0,1day,12,TRV3,E2,0.6681581262452918,1.8401532594980745,1953,0.8606464273234318,0.18132295573711532,0.16666666666666666,False
ES,GLOBEX,B0,1day,12,TRV3,E4,0.9048571320066028,1.8401532594980745,1953,0.8606464273234318,0.18132295573711532,0.16666666666666666,False
ES,GLOBEX,B0,1day,12,TRV3,E4_asS05,0.9048571320066028,1.8401532594980745,1953,0.8606464273234318,0.18132295573711532,0.16666666666666666,False
ES,GLOBEX,B0,1day,12,RV,E1_a_exp_L1-5,0.7248047379786092,1.7044938740459843,1953,,0.18132295573711532,0.16666666666666666,True
ES,GLOBEX,B0,1day,12,RV,E1_a_exp_L1-10,0.6947373057072109,1.7044938740459843,1953,,0.18132295573711532,0.16666666666666666,True
ES,GLOBEX,B0,1day,12,RV,E1_d_model_L1-5,0.8298897643576866,1.7044938740459843,1953,,0.18132295573711532,0.16666666666666666,True
ES,GLOBEX,B0,1day,12,RV,E1_d_model_L1-10,0.8879044072879948,1.7044938740459843,1953,,0.18132295573711532,0.16666666666666666,True
ES,GLOBEX,B0,1day,12,RV,E2,0.7273550181412013,1.7044938740459843,1953,,0.18132295573711532,0.16666666666666666,True
ES,GLOBEX,B0,1day,12,RV,E4,0.8817051586135649,1.7044938740459843,1953,,0.18132295573711532,0.16666666666666666,True
ES,GLOBEX,B0,1day,12,RV,E4_asS05,0.9057299608864203,1.7044938740459843,1953,,0.18132295573711532,0.16666666666666666,True
ES,GLOBEX,B0,1day,23,RV,E1_a_exp_L1-5,0.7789721585901574,1.5134912872944053,1953,0.8140011147524961,0.09084666127454626,0.08695652173913043,False
ES,GLOBEX,B0,1day,23,RV,E1_a_exp_L1-10,0.7613385653163198,1.5134912872944053,1953,0.8140011147524961,0.09084666127454626,0.08695652173913043,False
ES,GLOBEX,B0,1day,23,RV,E1_d_model_L1-5,0.8851643826556049,1.5134912872944053,1953,0.8140011147524961,0.09084666127454626,0.08695652173913043,False
ES,GLOBEX,B0,1day,23,RV,E1_d_model_L1-10,0.9439573283845926,1.5134912872944053,1953,0.8140011147524961,0.09084666127454626,0.08695652173913043,False
ES,GLOBEX,B0,1day,23,RV,E2,0.7858933084173252,1.5134912872944053,1953,0.8140011147524961,0.09084666127454626,0.08695652173913043,False
ES,GLOBEX,B0,1day,23,RV,E4,0.9115912039620961,1.5134912872944053,1953,0.8140011147524961,0.09084666127454626,0.08695652173913043,False
ES,GLOBEX,B0,1day,23,RV,E4_asS05,0.9328291585978808,1.5134912872944053,1953,0.8140011147524961,0.09084666127454626,0.08695652173913043,False
ES,GLOBEX,B0,1day,23,TRV3,E1_a_exp_L1-5,0.7597024425046278,1.55513518001886,1953,0.8140011147524961,0.09084666127454626,0.08695652173913043,False
ES,GLOBEX,B0,1day,23,TRV3,E1_a_exp_L1-10,0.7476303339580972,1.55513518001886,1953,0.8140011147524961,0.09084666127454626,0.08695652173913043,False
ES,GLOBEX,B0,1day,23,TRV3,E1_d_model_L1-5,0.8707152278370099,1.55513518001886,1953,0.8140011147524961,0.09084666127454626,0.08695652173913043,False
ES,GLOBEX,B0,1day,23,TRV3,E1_d_model_L1-10,0.9269259734207328,1.55513518001886,1953,0.8140011147524961,0.09084666127454626,0.08695652173913043,False
ES,GLOBEX,B0,1day,23,TRV3,E2,0.7648484133824119,1.55513518001886,1953,0.8140011147524961,0.09084666127454626,0.08695652173913043,False
ES,GLOBEX,B0,1day,23,TRV3,E4,0.9328291585978808,1.55513518001886,1953,0.8140011147524961,0.09084666127454626,0.08695652173913043,False
ES,GLOBEX,B0,1day,23,TRV3,E4_asS05,0.9328291585978808,1.55513518001886,1953,0.8140011147524961,0.09084666127454626,0.08695652173913043,False
ES,GLOBEX,B0,1day,23,RV,E1_a_exp_L1-5,0.7717239145817174,1.504491918284771,1953,,0.09084666127454626,0.08695652173913043,True
ES,GLOBEX,B0,1day,23,RV,E1_a_exp_L1-10,0.7613752558655099,1.504491918284771,1953,,0.09084666127454626,0.08695652173913043,True
ES,GLOBEX,B0,1day,23,RV,E1_d_model_L1-5,0.8845195657590019,1.504491918284771,1953,,0.09084666127454626,0.08695652173913043,True
ES,GLOBEX,B0,1day,23,RV,E1_d_model_L1-10,0.9440065339207159,1.504491918284771,1953,,0.09084666127454626,0.08695652173913043,True
ES,GLOBEX,B0,1day,23,RV,E2,0.7869316019473266,1.504491918284771,1953,,0.09084666127454626,0.08695652173913043,True
ES,GLOBEX,B0,1day,23,RV,E4,0.9125546457719591,1.504491918284771,1953,,0.09084666127454626,0.08695652173913043,True
ES,GLOBEX,B0,1day,23,RV,E4_asS05,0.9328715550102337,1.504491918284771,1953,,0.09084666127454626,0.08695652173913043,True
ES,GLOBEX,B0,1day,46,RV,E1_a_exp_L1-5,0.819118805603915,1.420051359269385,1953,0.7617120427450689,0.044437133536578646,0.043478260869565216,False
ES,GLOBEX,B0,1day,46,RV,E1_a_exp_L1-10,0.7914474837508363,1.420051359269385,1953,0.7617120427450689,0.044437133536578646,0.043478260869565216,False
ES,GLOBEX,B0,1day,46,RV,E1_d_model_L1-5,0.9460569566447833,1.420051359269385,1953,0.7617120427450689,0.044437133536578646,0.043478260869565216,False
ES,GLOBEX,B0,1day,46,RV,E1_d_model_L1-10,1.011476496423329,1.420051359269385,1953,0.7617120427450689,0.044437133536578646,0.043478260869565216,False
ES,GLOBEX,B0,1day,46,RV,E2,0.8239594697245847,1.420051359269385,1953,0.7617120427450689,0.044437133536578646,0.043478260869565216,False
ES,GLOBEX,B0,1day,46,RV,E4,0.9409039728269989,1.420051359269385,1953,0.7617120427450689,0.044437133536578646,0.043478260869565216,False
ES,GLOBEX,B0,1day,46,RV,E4_asS05,0.9602371722077924,1.420051359269385,1953,0.7617120427450689,0.044437133536578646,0.043478260869565216,False
ES,GLOBEX,B0,1day,46,TRV3,E1_a_exp_L1-5,0.8329159304532712,1.4313941288550383,1953,0.7617120427450689,0.044437133536578646,0.043478260869565216,False
ES,GLOBEX,B0,1day,46,TRV3,E1_a_exp_L1-10,0.8190591077785577,1.4313941288550383,1953,0.7617120427450689,0.044437133536578646,0.043478260869565216,False
ES,GLOBEX,B0,1day,46,TRV3,E1_d_model_L1-5,0.946463166295813,1.4313941288550383,1953,0.7617120427450689,0.044437133536578646,0.043478260869565216,False
ES,GLOBEX,B0,1day,46,TRV3,E1_d_model_L1-10,1.0312577373105316,1.4313941288550383,1953,0.7617120427450689,0.044437133536578646,0.043478260869565216,False
ES,GLOBEX,B0,1day,46,TRV3,E2,0.8174301831887522,1.4313941288550383,1953,0.7617120427450689,0.044437133536578646,0.043478260869565216,False
ES,GLOBEX,B0,1day,46,TRV3,E4,0.9602371722077924,1.4313941288550383,1953,0.7617120427450689,0.044437133536578646,0.043478260869565216,False
ES,GLOBEX,B0,1day,46,TRV3,E4_asS05,0.9602371722077924,1.4313941288550383,1953,0.7617120427450689,0.044437133536578646,0.043478260869565216,False
ES,GLOBEX,B0,1day,46,RV,E1_a_exp_L1-5,0.8106958296244864,1.4159716212360272,1953,,0.044437133536578646,0.043478260869565216,True
ES,GLOBEX,B0,1day,46,RV,E1_a_exp_L1-10,0.7931886593091795,1.4159716212360272,1953,,0.044437133536578646,0.043478260869565216,True
ES,GLOBEX,B0,1day,46,RV,E1_d_model_L1-5,0.9212382547376589,1.4159716212360272,1953,,0.044437133536578646,0.043478260869565216,True
ES,GLOBEX,B0,1day,46,RV,E1_d_model_L1-10,0.9835003184365305,1.4159716212360272,1953,,0.044437133536578646,0.043478260869565216,True
ES,GLOBEX,B0,1day,46,RV,E2,0.827732990836759,1.4159716212360272,1953,,0.044437133536578646,0.043478260869565216,True
ES,GLOBEX,B0,1day,46,RV,E4,0.9424622345345407,1.4159716212360272,1953,,0.044437133536578646,0.043478260869565216,True
ES,GLOBEX,B0,1day,46,RV,E4_asS05,0.9608400636658866,1.4159716212360272,1953,,0.044437133536578646,0.043478260869565216,True
ES,GLOBEX,B0,1day,138,RV,E1_a_exp_L1-5,0.852556228906841,1.3123452370132864,1953,0.7149515856810496,0.014598280898442317,0.014492753623188406,False
ES,GLOBEX,B0,1day,138,RV,E1_a_exp_L1-10,0.831217816990237,1.3123452370132864,1953,0.7149515856810496,0.014598280898442317,0.014492753623188406,False
ES,GLOBEX,B0,1day,138,RV,E1_d_model_L1-5,0.968796338427873,1.3123452370132864,1953,0.7149515856810496,0.014598280898442317,0.014492753623188406,False
ES,GLOBEX,B0,1day,138,RV,E1_d_model_L1-10,1.0622439758345663,1.3123452370132864,1953,0.7149515856810496,0.014598280898442317,0.014492753623188406,False
ES,GLOBEX,B0,1day,138,RV,E2,0.8577785223066002,1.3123452370132864,1953,0.7149515856810496,0.014598280898442317,0.014492753623188406,False
ES,GLOBEX,B0,1day,138,RV,E4,0.9714857991839441,1.3123452370132864,1953,0.7149515856810496,0.014598280898442317,0.014492753623188406,False
ES,GLOBEX,B0,1day,138,RV,E4_asS05,0.9853534957771916,1.3123452370132864,1953,0.7149515856810496,0.014598280898442317,0.014492753623188406,False
ES,GLOBEX,B0,1day,138,TRV3,E1_a_exp_L1-5,0.8787450681280796,1.349007139678399,1953,0.7149515856810496,0.014598280898442317,0.014492753623188406,False
ES,GLOBEX,B0,1day,138,TRV3,E1_a_exp_L1-10,0.8564545972975118,1.349007139678399,1953,0.7149515856810496,0.014598280898442317,0.014492753623188406,False
ES,GLOBEX,B0,1day,138,TRV3,E1_d_model_L1-5,0.9985398088477627,1.349007139678399,1953,0.7149515856810496,0.014598280898442317,0.014492753623188406,False
ES,GLOBEX,B0,1day,138,TRV3,E1_d_model_L1-10,1.094538982380251,1.349007139678399,1953,0.7149515856810496,0.014598280898442317,0.014492753623188406,False
ES,GLOBEX,B0,1day,138,TRV3,E2,0.8344667163360805,1.349007139678399,1953,0.7149515856810496,0.014598280898442317,0.014492753623188406,False
ES,GLOBEX,B0,1day,138,TRV3,E4,0.9853534957771916,1.349007139678399,1953,0.7149515856810496,0.014598280898442317,0.014492753623188406,False
ES,GLOBEX,B0,1day,138,TRV3,E4_asS05,0.9853534957771916,1.349007139678399,1953,0.7149515856810496,0.014598280898442317,0.014492753623188406,False
ES,GLOBEX,B0,1day,138,RV,E1_a_exp_L1-5,0.8509674311971788,1.3140698541751683,1953,,0.014598280898442317,0.014492753623188406,True
ES,GLOBEX,B0,1day,138,RV,E1_a_exp_L1-10,0.8317328076930847,1.3140698541751683,1953,,0.014598280898442317,0.014492753623188406,True
ES,GLOBEX,B0,1day,138,RV,E1_d_model_L1-5,0.9670415032247868,1.3140698541751683,1953,,0.014598280898442317,0.014492753623188406,True
ES,GLOBEX,B0,1day,138,RV,E1_d_model_L1-10,1.0313588887443452,1.3140698541751683,1953,,0.014598280898442317,0.014492753623188406,True
ES,GLOBEX,B0,1day,138,RV,E2,0.8559560991646068,1.3140698541751683,1953,,0.014598280898442317,0.014492753623188406,True
ES,GLOBEX,B0,1day,138,RV,E4,0.972076824615667,1.3140698541751683,1953,,0.014598280898442317,0.014492753623188406,True
ES,GLOBEX,B0,1day,138,RV,E4_asS05,0.9852183266930593,1.3140698541751683,1953,,0.014598280898442317,0.014492753623188406,True
ES,GLOBEX,B0,1day,345,RV,E1_a_exp_L1-5,0.8709563797361894,1.2207286028355093,1953,0.7045527491227342,0.005813937111601127,0.005797101449275362,False
ES,GLOBEX,B0,1day,345,RV,E1_a_exp_L1-10,0.8505869592322597,1.2207286028355093,1953,0.7045527491227342,0.005813937111601127,0.005797101449275362,False
ES,GLOBEX,B0,1day,345,RV,E1_d_model_L1-5,0.9897347223285731,1.2207286028355093,1953,0.7045527491227342,0.005813937111601127,0.005797101449275362,False
ES,GLOBEX,B0,1day,345,RV,E1_d_model_L1-10,1.0546671988354808,1.2207286028355093,1953,0.7045527491227342,0.005813937111601127,0.005797101449275362,False
ES,GLOBEX,B0,1day,345,RV,E2,0.8615116775333784,1.2207286028355093,1953,0.7045527491227342,0.005813937111601127,0.005797101449275362,False
ES,GLOBEX,B0,1day,345,RV,E4,0.9851629987698456,1.2207286028355093,1953,0.7045527491227342,0.005813937111601127,0.005797101449275362,False
ES,GLOBEX,B0,1day,345,RV,E4_asS05,0.9934167682129836,1.2207286028355093,1953,0.7045527491227342,0.005813937111601127,0.005797101449275362,False
ES,GLOBEX,B0,1day,345,TRV3,E1_a_exp_L1-5,0.8925033021283377,1.2287909138763338,1953,0.7045527491227342,0.005813937111601127,0.005797101449275362,False
ES,GLOBEX,B0,1day,345,TRV3,E1_a_exp_L1-10,0.8719475957178571,1.2287909138763338,1953,0.7045527491227342,0.005813937111601127,0.005797101449275362,False
ES,GLOBEX,B0,1day,345,TRV3,E1_d_model_L1-5,1.0142132905257624,1.2287909138763338,1953,0.7045527491227342,0.005813937111601127,0.005797101449275362,False
ES,GLOBEX,B0,1day,345,TRV3,E1_d_model_L1-10,1.081224042128823,1.2287909138763338,1953,0.7045527491227342,0.005813937111601127,0.005797101449275362,False
ES,GLOBEX,B0,1day,345,TRV3,E2,0.8558591494823161,1.2287909138763338,1953,0.7045527491227342,0.005813937111601127,0.005797101449275362,False
ES,GLOBEX,B0,1day,345,TRV3,E4,0.9934167682129836,1.2287909138763338,1953,0.7045527491227342,0.005813937111601127,0.005797101449275362,False
ES,GLOBEX,B0,1day,345,TRV3,E4_asS05,0.9934167682129836,1.2287909138763338,1953,0.7045527491227342,0.005813937111601127,0.005797101449275362,False
ES,GLOBEX,B0,1day,345,RV,E1_a_exp_L1-5,0.870317457783665,1.2249312642064647,1953,,0.005813937111601127,0.005797101449275362,True
ES,GLOBEX,B0,1day,345,RV,E1_a_exp_L1-10,0.8499894420458066,1.2249312642064647,1953,,0.005813937111601127,0.005797101449275362,True
ES,GLOBEX,B0,1day,345,RV,E1_d_model_L1-5,0.9890246107416937,1.2249312642064647,1953,,0.005813937111601127,0.005797101449275362,True
ES,GLOBEX,B0,1day,345,RV,E1_d_model_L1-10,1.0539568415947704,1.2249312642064647,1953,,0.005813937111601127,0.005797101449275362,True
ES,GLOBEX,B0,1day,345,RV,E2,0.8591702352144257,1.2249312642064647,1953,,0.005813937111601127,0.005797101449275362,True
ES,GLOBEX,B0,1day,345,RV,E4,0.9855102246050477,1.2249312642064647,1953,,0.005813937111601127,0.005797101449275362,True
ES,GLOBEX,B0,1day,345,RV,E4_asS05,0.9934009268037373,1.2249312642064647,1953,,0.005813937111601127,0.005797101449275362,True
ES,GLOBEX,B0,1day,1379,RV,E1_a_exp_L1-5,0.877976628915801,1.0427598409404542,1953,0.7062061224344145,0.001451378555092054,0.0014503263234227702,False
ES,GLOBEX,B0,1day,1379,RV,E1_a_exp_L1-10,0.8667072100011511,1.0427598409404542,1953,0.7062061224344145,0.001451378555092054,0.0014503263234227702,False
ES,GLOBEX,B0,1day,1379,RV,E1_d_model_L1-5,0.9976889164374293,1.0427598409404542,1953,0.7062061224344145,0.001451378555092054,0.0014503263234227702,False
ES,GLOBEX,B0,1day,1379,RV,E1_d_model_L1-10,1.0913917164632838,1.0427598409404542,1953,0.7062061224344145,0.001451378555092054,0.0014503263234227702,False
ES,GLOBEX,B0,1day,1379,RV,E2,0.8455309763227498,1.0427598409404542,1953,0.7062061224344145,0.001451378555092054,0.0014503263234227702,False
ES,GLOBEX,B0,1day,1379,RV,E4,0.9939431220780819,1.0427598409404542,1953,0.7062061224344145,0.001451378555092054,0.0014503263234227702,False
ES,GLOBEX,B0,1day,1379,RV,E4_asS05,0.9980535053458508,1.0427598409404542,1953,0.7062061224344145,0.001451378555092054,0.0014503263234227702,False
ES,GLOBEX,B0,1day,1379,TRV3,E1_a_exp_L1-5,0.9038439018814443,1.010513659287256,1953,0.7062061224344145,0.001451378555092054,0.0014503263234227702,False
ES,GLOBEX,B0,1day,1379,TRV3,E1_a_exp_L1-10,0.8918808801223286,1.010513659287256,1953,0.7062061224344145,0.001451378555092054,0.0014503263234227702,False
ES,GLOBEX,B0,1day,1379,TRV3,E1_d_model_L1-5,1.0270294198331513,1.010513659287256,1953,0.7062061224344145,0.001451378555092054,0.0014503263234227702,False
ES,GLOBEX,B0,1day,1379,TRV3,E1_d_model_L1-10,1.1230855884561133,1.010513659287256,1953,0.7062061224344145,0.001451378555092054,0.0014503263234227702,False
ES,GLOBEX,B0,1day,1379,TRV3,E2,0.8725124477806817,1.010513659287256,1953,0.7062061224344145,0.001451378555092054,0.0014503263234227702,False
ES,GLOBEX,B0,1day,1379,TRV3,E4,0.9980535053458508,1.010513659287256,1953,0.7062061224344145,0.001451378555092054,0.0014503263234227702,False
ES,GLOBEX,B0,1day,1379,TRV3,E4_asS05,0.9980535053458508,1.010513659287256,1953,0.7062061224344145,0.001451378555092054,0.0014503263234227702,False
ES,GLOBEX,B1,1day,5,RV,E1_a_exp_L1-5,0.6018412467435879,2.0214334056908165,1953,0.9008353738456116,0.4903577561002349,0.4,False
ES,GLOBEX,B1,1day,5,RV,E1_a_exp_L1-10,0.5873014232040379,2.0214334056908165,1953,0.9008353738456116,0.4903577561002349,0.4,False
ES,GLOBEX,B1,1day,5,RV,E1_d_model_L1-5,0.6830105910612961,2.0214334056908165,1953,0.9008353738456116,0.4903577561002349,0.4,False
ES,GLOBEX,B1,1day,5,RV,E1_d_model_L1-10,0.7628353127365733,2.0214334056908165,1953,0.9008353738456116,0.4903577561002349,0.4,False
ES,GLOBEX,B1,1day,5,RV,E2,2.0492886684951888,2.0214334056908165,1953,0.9008353738456116,0.4903577561002349,0.4,False
ES,GLOBEX,B1,1day,5,RV,E4,0.8339331118049941,2.0214334056908165,1953,0.9008353738456116,0.4903577561002349,0.4,False
ES,GLOBEX,B1,1day,5,RV,E4_asS05,0.9986609319963369,2.0214334056908165,1953,0.9008353738456116,0.4903577561002349,0.4,False
ES,GLOBEX,B1,1day,5,TRV3,E1_a_exp_L1-5,0.003582730808330905,239.6682166479565,1953,0.9008353738456116,0.4903577561002349,0.4,False
ES,GLOBEX,B1,1day,5,TRV3,E1_a_exp_L1-10,0.003882596144386739,239.6682166479565,1953,0.9008353738456116,0.4903577561002349,0.4,False
ES,GLOBEX,B1,1day,5,TRV3,E1_d_model_L1-5,0.003905156168421008,239.6682166479565,1953,0.9008353738456116,0.4903577561002349,0.4,False
ES,GLOBEX,B1,1day,5,TRV3,E1_d_model_L1-10,0.0039427054086261975,239.6682166479565,1953,0.9008353738456116,0.4903577561002349,0.4,False
ES,GLOBEX,B1,1day,5,TRV3,E2,0.01728431341601151,239.6682166479565,1953,0.9008353738456116,0.4903577561002349,0.4,False
ES,GLOBEX,B1,1day,5,TRV3,E4,0.9986609319963369,239.6682166479565,1953,0.9008353738456116,0.4903577561002349,0.4,False
ES,GLOBEX,B1,1day,5,TRV3,E4_asS05,0.9986609319963369,239.6682166479565,1953,0.9008353738456116,0.4903577561002349,0.4,False
ES,GLOBEX,B1,1day,5,RV,E1_a_exp_L1-5,0.5889133441056634,2.0490820416053603,1953,,0.4903577561002349,0.4,True
ES,GLOBEX,B1,1day,5,RV,E1_a_exp_L1-10,0.5804045609974613,2.0490820416053603,1953,,0.4903577561002349,0.4,True
ES,GLOBEX,B1,1day,5,RV,E1_d_model_L1-5,0.6575171655668988,2.0490820416053603,1953,,0.4903577561002349,0.4,True
ES,GLOBEX,B1,1day,5,RV,E1_d_model_L1-10,0.7537535209754803,2.0490820416053603,1953,,0.4903577561002349,0.4,True
ES,GLOBEX,B1,1day,5,RV,E2,1.1503352512795775,2.0490820416053603,1953,,0.4903577561002349,0.4,True
ES,GLOBEX,B1,1day,5,RV,E4,0.8361236785737101,2.0490820416053603,1953,,0.4903577561002349,0.4,True
ES,GLOBEX,B1,1day,5,RV,E4_asS05,0.8771994217663618,2.0490820416053603,1953,,0.4903577561002349,0.4,True
ES,GLOBEX,B1,1day,6,RV,E1_a_exp_L1-5,0.6136406387816775,2.0614722980778666,1953,0.8893269807526273,0.39493406684822646,0.3333333333333333,False
ES,GLOBEX,B1,1day,6,RV,E1_a_exp_L1-10,0.5991318806863252,2.0614722980778666,1953,0.8893269807526273,0.39493406684822646,0.3333333333333333,False
ES,GLOBEX,B1,1day,6,RV,E1_d_model_L1-5,0.6911333594410262,2.0614722980778666,1953,0.8893269807526273,0.39493406684822646,0.3333333333333333,False
ES,GLOBEX,B1,1day,6,RV,E1_d_model_L1-10,0.7543369361618956,2.0614722980778666,1953,0.8893269807526273,0.39493406684822646,0.3333333333333333,False
ES,GLOBEX,B1,1day,6,RV,E2,0.6274647898205018,2.0614722980778666,1953,0.8893269807526273,0.39493406684822646,0.3333333333333333,False
ES,GLOBEX,B1,1day,6,RV,E4,0.8526728808412853,2.0614722980778666,1953,0.8893269807526273,0.39493406684822646,0.3333333333333333,False
ES,GLOBEX,B1,1day,6,RV,E4_asS05,0.8849347752440238,2.0614722980778666,1953,0.8893269807526273,0.39493406684822646,0.3333333333333333,False
ES,GLOBEX,B1,1day,6,TRV3,E1_a_exp_L1-5,0.5383424600688939,2.4786145781008084,1953,0.8893269807526273,0.39493406684822646,0.3333333333333333,False
ES,GLOBEX,B1,1day,6,TRV3,E1_a_exp_L1-10,0.5156809511836365,2.4786145781008084,1953,0.8893269807526273,0.39493406684822646,0.3333333333333333,False
ES,GLOBEX,B1,1day,6,TRV3,E1_d_model_L1-5,0.6170100926878889,2.4786145781008084,1953,0.8893269807526273,0.39493406684822646,0.3333333333333333,False
ES,GLOBEX,B1,1day,6,TRV3,E1_d_model_L1-10,0.6296461360575835,2.4786145781008084,1953,0.8893269807526273,0.39493406684822646,0.3333333333333333,False
ES,GLOBEX,B1,1day,6,TRV3,E2,0.5218646310171129,2.4786145781008084,1953,0.8893269807526273,0.39493406684822646,0.3333333333333333,False
ES,GLOBEX,B1,1day,6,TRV3,E4,0.8849347752440238,2.4786145781008084,1953,0.8893269807526273,0.39493406684822646,0.3333333333333333,False
ES,GLOBEX,B1,1day,6,TRV3,E4_asS05,0.8849347752440238,2.4786145781008084,1953,0.8893269807526273,0.39493406684822646,0.3333333333333333,False
ES,GLOBEX,B1,1day,6,RV,E1_a_exp_L1-5,0.6166163009912917,2.052966145138128,1953,,0.39493406684822646,0.3333333333333333,True
ES,GLOBEX,B1,1day,6,RV,E1_a_exp_L1-10,0.6008985012261052,2.052966145138128,1953,,0.39493406684822646,0.3333333333333333,True
ES,GLOBEX,B1,1day,6,RV,E1_d_model_L1-5,0.6944737009421852,2.052966145138128,1953,,0.39493406684822646,0.3333333333333333,True
ES,GLOBEX,B1,1day,6,RV,E1_d_model_L1-10,0.756555440122759,2.052966145138128,1953,,0.39493406684822646,0.3333333333333333,True
ES,GLOBEX,B1,1day,6,RV,E2,0.6288845757273105,2.052966145138128,1953,,0.39493406684822646,0.3333333333333333,True
ES,GLOBEX,B1,1day,6,RV,E4,0.8517149533475548,2.052966145138128,1953,,0.39493406684822646,0.3333333333333333,True
ES,GLOBEX,B1,1day,6,RV,E4_asS05,0.8838328129799646,2.052966145138128,1953,,0.39493406684822646,0.3333333333333333,True
ES,GLOBEX,B1,1day,10,RV,E1_a_exp_L1-5,0.7083193853173976,1.733752892535443,1953,0.8897387513815859,0.22132295573711533,0.2,False
ES,GLOBEX,B1,1day,10,RV,E1_a_exp_L1-10,0.6877681046096383,1.733752892535443,1953,0.8897387513815859,0.22132295573711533,0.2,False
ES,GLOBEX,B1,1day,10,RV,E1_d_model_L1-5,0.8109375104291499,1.733752892535443,1953,0.8897387513815859,0.22132295573711533,0.2,False
ES,GLOBEX,B1,1day,10,RV,E1_d_model_L1-10,0.8660196012965173,1.733752892535443,1953,0.8897387513815859,0.22132295573711533,0.2,False
ES,GLOBEX,B1,1day,10,RV,E2,0.6960923422464524,1.733752892535443,1953,0.8897387513815859,0.22132295573711533,0.2,False
ES,GLOBEX,B1,1day,10,RV,E4,0.8726760772982756,1.733752892535443,1953,0.8897387513815859,0.22132295573711533,0.2,False
ES,GLOBEX,B1,1day,10,RV,E4_asS05,0.8934685562197716,1.733752892535443,1953,0.8897387513815859,0.22132295573711533,0.2,False
ES,GLOBEX,B1,1day,10,TRV3,E1_a_exp_L1-5,0.6741215318929427,1.8810721044480445,1953,0.8897387513815859,0.22132295573711533,0.2,False
ES,GLOBEX,B1,1day,10,TRV3,E1_a_exp_L1-10,0.6560200986146555,1.8810721044480445,1953,0.8897387513815859,0.22132295573711533,0.2,False
ES,GLOBEX,B1,1day,10,TRV3,E1_d_model_L1-5,0.7592961853209396,1.8810721044480445,1953,0.8897387513815859,0.22132295573711533,0.2,False
ES,GLOBEX,B1,1day,10,TRV3,E1_d_model_L1-10,0.8133491856753737,1.8810721044480445,1953,0.8897387513815859,0.22132295573711533,0.2,False
ES,GLOBEX,B1,1day,10,TRV3,E2,0.6415767417887898,1.8810721044480445,1953,0.8897387513815859,0.22132295573711533,0.2,False
ES,GLOBEX,B1,1day,10,TRV3,E4,0.8934685562197716,1.8810721044480445,1953,0.8897387513815859,0.22132295573711533,0.2,False
ES,GLOBEX,B1,1day,10,TRV3,E4_asS05,0.8934685562197716,1.8810721044480445,1953,0.8897387513815859,0.22132295573711533,0.2,False
ES,GLOBEX,B1,1day,10,RV,E1_a_exp_L1-5,0.7068774687621244,1.7375447134276094,1953,,0.22132295573711533,0.2,True
ES,GLOBEX,B1,1day,10,RV,E1_a_exp_L1-10,0.6863565978540286,1.7375447134276094,1953,,0.22132295573711533,0.2,True
ES,GLOBEX,B1,1day,10,RV,E1_d_model_L1-5,0.8092721977383182,1.7375447134276094,1953,,0.22132295573711533,0.2,True
ES,GLOBEX,B1,1day,10,RV,E1_d_model_L1-10,0.8642362206391697,1.7375447134276094,1953,,0.22132295573711533,0.2,True
ES,GLOBEX,B1,1day,10,RV,E2,0.6993548034632061,1.7375447134276094,1953,,0.22132295573711533,0.2,True
ES,GLOBEX,B1,1day,10,RV,E4,0.8730440679019363,1.7375447134276094,1953,,0.22132295573711533,0.2,True
ES,GLOBEX,B1,1day,10,RV,E4_asS05,0.8914969073748242,1.7375447134276094,1953,,0.22132295573711533,0.2,True
ES,GLOBEX,B1,1day,12,RV,E1_a_exp_L1-5,0.7265088014525074,1.7119648410236044,1953,0.8631635107048081,0.18132295573711532,0.16666666666666666,False
ES,GLOBEX,B1,1day,12,RV,E1_a_exp_L1-10,0.70503141659802,1.7119648410236044,1953,0.8631635107048081,0.18132295573711532,0.16666666666666666,False
ES,GLOBEX,B1,1day,12,RV,E1_d_model_L1-5,0.8184491679531181,1.7119648410236044,1953,0.8631635107048081,0.18132295573711532,0.16666666666666666,False
ES,GLOBEX,B1,1day,12,RV,E1_d_model_L1-10,0.8742181903905147,1.7119648410236044,1953,0.8631635107048081,0.18132295573711532,0.16666666666666666,False
ES,GLOBEX,B1,1day,12,RV,E2,0.7227917636005602,1.7119648410236044,1953,0.8631635107048081,0.18132295573711532,0.16666666666666666,False
ES,GLOBEX,B1,1day,12,RV,E4,0.8837140894909753,1.7119648410236044,1953,0.8631635107048081,0.18132295573711532,0.16666666666666666,False
ES,GLOBEX,B1,1day,12,RV,E4_asS05,0.9059299388934985,1.7119648410236044,1953,0.8631635107048081,0.18132295573711532,0.16666666666666666,False
ES,GLOBEX,B1,1day,12,TRV3,E1_a_exp_L1-5,0.6739871941585533,1.848376013058298,1953,0.8631635107048081,0.18132295573711532,0.16666666666666666,False
ES,GLOBEX,B1,1day,12,TRV3,E1_a_exp_L1-10,0.6612514389688019,1.848376013058298,1953,0.8631635107048081,0.18132295573711532,0.16666666666666666,False
ES,GLOBEX,B1,1day,12,TRV3,E1_d_model_L1-5,0.7600123301939237,1.848376013058298,1953,0.8631635107048081,0.18132295573711532,0.16666666666666666,False
ES,GLOBEX,B1,1day,12,TRV3,E1_d_model_L1-10,0.8319838464211998,1.848376013058298,1953,0.8631635107048081,0.18132295573711532,0.16666666666666666,False
ES,GLOBEX,B1,1day,12,TRV3,E2,0.6694493316964377,1.848376013058298,1953,0.8631635107048081,0.18132295573711532,0.16666666666666666,False
ES,GLOBEX,B1,1day,12,TRV3,E4,0.9059299388934985,1.848376013058298,1953,0.8631635107048081,0.18132295573711532,0.16666666666666666,False
ES,GLOBEX,B1,1day,12,TRV3,E4_asS05,0.9059299388934985,1.848376013058298,1953,0.8631635107048081,0.18132295573711532,0.16666666666666666,False
ES,GLOBEX,B1,1day,12,RV,E1_a_exp_L1-5,0.7268573874577663,1.7128198001964803,1953,,0.18132295573711532,0.16666666666666666,True
ES,GLOBEX,B1,1day,12,RV,E1_a_exp_L1-10,0.6975606602237334,1.7128198001964803,1953,,0.18132295573711532,0.16666666666666666,True
ES,GLOBEX,B1,1day,12,RV,E1_d_model_L1-5,0.8322417805090844,1.7128198001964803,1953,,0.18132295573711532,0.16666666666666666,True
ES,GLOBEX,B1,1day,12,RV,E1_d_model_L1-10,0.891542978024107,1.7128198001964803,1953,,0.18132295573711532,0.16666666666666666,True
ES,GLOBEX,B1,1day,12,RV,E2,0.7267343336803717,1.7128198001964803,1953,,0.18132295573711532,0.16666666666666666,True
ES,GLOBEX,B1,1day,12,RV,E4,0.8833305721519537,1.7128198001964803,1953,,0.18132295573711532,0.16666666666666666,True
ES,GLOBEX,B1,1day,12,RV,E4_asS05,0.9061918760344297,1.7128198001964803,1953,,0.18132295573711532,0.16666666666666666,True
ES,GLOBEX,B1,1day,23,RV,E1_a_exp_L1-5,0.771300089446707,1.5300181798960488,1953,0.812794727554106,0.09084666127454626,0.08695652173913043,False
ES,GLOBEX,B1,1day,23,RV,E1_a_exp_L1-10,0.7612684253803432,1.5300181798960488,1953,0.812794727554106,0.09084666127454626,0.08695652173913043,False
ES,GLOBEX,B1,1day,23,RV,E1_d_model_L1-5,0.8840487679390093,1.5300181798960488,1953,0.812794727554106,0.09084666127454626,0.08695652173913043,False
ES,GLOBEX,B1,1day,23,RV,E1_d_model_L1-10,0.9438856286789935,1.5300181798960488,1953,0.812794727554106,0.09084666127454626,0.08695652173913043,False
ES,GLOBEX,B1,1day,23,RV,E2,0.7846058246645399,1.5300181798960488,1953,0.812794727554106,0.09084666127454626,0.08695652173913043,False
ES,GLOBEX,B1,1day,23,RV,E4,0.912841278741038,1.5300181798960488,1953,0.812794727554106,0.09084666127454626,0.08695652173913043,False
ES,GLOBEX,B1,1day,23,RV,E4_asS05,0.9337997119503374,1.5300181798960488,1953,0.812794727554106,0.09084666127454626,0.08695652173913043,False
ES,GLOBEX,B1,1day,23,TRV3,E1_a_exp_L1-5,0.7710380244939171,1.567500811322035,1953,0.812794727554106,0.09084666127454626,0.08695652173913043,False
ES,GLOBEX,B1,1day,23,TRV3,E1_a_exp_L1-10,0.7541067979418495,1.567500811322035,1953,0.812794727554106,0.09084666127454626,0.08695652173913043,False
ES,GLOBEX,B1,1day,23,TRV3,E1_d_model_L1-5,0.8761120335336459,1.567500811322035,1953,0.812794727554106,0.09084666127454626,0.08695652173913043,False
ES,GLOBEX,B1,1day,23,TRV3,E1_d_model_L1-10,0.9350251193619263,1.567500811322035,1953,0.812794727554106,0.09084666127454626,0.08695652173913043,False
ES,GLOBEX,B1,1day,23,TRV3,E2,0.7658440538710822,1.567500811322035,1953,0.812794727554106,0.09084666127454626,0.08695652173913043,False
ES,GLOBEX,B1,1day,23,TRV3,E4,0.9337997119503374,1.567500811322035,1953,0.812794727554106,0.09084666127454626,0.08695652173913043,False
ES,GLOBEX,B1,1day,23,TRV3,E4_asS05,0.9337997119503374,1.567500811322035,1953,0.812794727554106,0.09084666127454626,0.08695652173913043,False
ES,GLOBEX,B1,1day,23,RV,E1_a_exp_L1-5,0.7722240491551617,1.5171056554006117,1953,,0.09084666127454626,0.08695652173913043,True
ES,GLOBEX,B1,1day,23,RV,E1_a_exp_L1-10,0.761694567827596,1.5171056554006117,1953,,0.09084666127454626,0.08695652173913043,True
ES,GLOBEX,B1,1day,23,RV,E1_d_model_L1-5,0.8851034194265305,1.5171056554006117,1953,,0.09084666127454626,0.08695652173913043,True
ES,GLOBEX,B1,1day,23,RV,E1_d_model_L1-10,0.94440683292709,1.5171056554006117,1953,,0.09084666127454626,0.08695652173913043,True
ES,GLOBEX,B1,1day,23,RV,E2,0.7840890241264035,1.5171056554006117,1953,,0.09084666127454626,0.08695652173913043,True
ES,GLOBEX,B1,1day,23,RV,E4,0.9130687663973498,1.5171056554006117,1953,,0.09084666127454626,0.08695652173913043,True
ES,GLOBEX,B1,1day,23,RV,E4_asS05,0.9334086498571618,1.5171056554006117,1953,,0.09084666127454626,0.08695652173913043,True
ES,GLOBEX,B1,1day,46,RV,E1_a_exp_L1-5,0.8185551011496369,1.430672917311101,1953,0.7697562359436474,0.044437133536578646,0.043478260869565216,False
ES,GLOBEX,B1,1day,46,RV,E1_a_exp_L1-10,0.7918747203063858,1.430672917311101,1953,0.7697562359436474,0.044437133536578646,0.043478260869565216,False
ES,GLOBEX,B1,1day,46,RV,E1_d_model_L1-5,0.9221956361580879,1.430672917311101,1953,0.7697562359436474,0.044437133536578646,0.043478260869565216,False
ES,GLOBEX,B1,1day,46,RV,E1_d_model_L1-10,1.0120492009949407,1.430672917311101,1953,0.7697562359436474,0.044437133536578646,0.043478260869565216,False
ES,GLOBEX,B1,1day,46,RV,E2,0.8227973694403543,1.430672917311101,1953,0.7697562359436474,0.044437133536578646,0.043478260869565216,False
ES,GLOBEX,B1,1day,46,RV,E4,0.942006605589861,1.430672917311101,1953,0.7697562359436474,0.044437133536578646,0.043478260869565216,False
ES,GLOBEX,B1,1day,46,RV,E4_asS05,0.9603152246881925,1.430672917311101,1953,0.7697562359436474,0.044437133536578646,0.043478260869565216,False
ES,GLOBEX,B1,1day,46,TRV3,E1_a_exp_L1-5,0.8424711507868607,1.4254986136415488,1953,0.7697562359436474,0.044437133536578646,0.043478260869565216,False
ES,GLOBEX,B1,1day,46,TRV3,E1_a_exp_L1-10,0.8205791899353073,1.4254986136415488,1953,0.7697562359436474,0.044437133536578646,0.043478260869565216,False
ES,GLOBEX,B1,1day,46,TRV3,E1_d_model_L1-5,0.9491043787541922,1.4254986136415488,1953,0.7697562359436474,0.044437133536578646,0.043478260869565216,False
ES,GLOBEX,B1,1day,46,TRV3,E1_d_model_L1-10,1.064974853961911,1.4254986136415488,1953,0.7697562359436474,0.044437133536578646,0.043478260869565216,False
ES,GLOBEX,B1,1day,46,TRV3,E2,0.8257839759563138,1.4254986136415488,1953,0.7697562359436474,0.044437133536578646,0.043478260869565216,False
ES,GLOBEX,B1,1day,46,TRV3,E4,0.9603152246881925,1.4254986136415488,1953,0.7697562359436474,0.044437133536578646,0.043478260869565216,False
ES,GLOBEX,B1,1day,46,TRV3,E4_asS05,0.9603152246881925,1.4254986136415488,1953,0.7697562359436474,0.044437133536578646,0.043478260869565216,False
ES,GLOBEX,B1,1day,46,RV,E1_a_exp_L1-5,0.8106826481789569,1.42639286157432,1953,,0.044437133536578646,0.043478260869565216,True
ES,GLOBEX,B1,1day,46,RV,E1_a_exp_L1-10,0.7935087097429486,1.42639286157432,1953,,0.044437133536578646,0.043478260869565216,True
ES,GLOBEX,B1,1day,46,RV,E1_d_model_L1-5,0.9212268416945527,1.42639286157432,1953,,0.044437133536578646,0.043478260869565216,True
ES,GLOBEX,B1,1day,46,RV,E1_d_model_L1-10,0.9839317264755767,1.42639286157432,1953,,0.044437133536578646,0.043478260869565216,True
ES,GLOBEX,B1,1day,46,RV,E2,0.8249408492926407,1.42639286157432,1953,,0.044437133536578646,0.043478260869565216,True
ES,GLOBEX,B1,1day,46,RV,E4,0.9432455626895574,1.42639286157432,1953,,0.044437133536578646,0.043478260869565216,True
ES,GLOBEX,B1,1day,46,RV,E4_asS05,0.9611717398262205,1.42639286157432,1953,,0.044437133536578646,0.043478260869565216,True
ES,GLOBEX,B1,1day,138,RV,E1_a_exp_L1-5,0.8522525735074082,1.3219597535250718,1953,0.727429118452734,0.014598280898442317,0.014492753623188406,False
ES,GLOBEX,B1,1day,138,RV,E1_a_exp_L1-10,0.8311134283820746,1.3219597535250718,1953,0.727429118452734,0.014598280898442317,0.014492753623188406,False
ES,GLOBEX,B1,1day,138,RV,E1_d_model_L1-5,0.9684617892464102,1.3219597535250718,1953,0.727429118452734,0.014598280898442317,0.014492753623188406,False
ES,GLOBEX,B1,1day,138,RV,E1_d_model_L1-10,1.0621405065278342,1.3219597535250718,1953,0.727429118452734,0.014598280898442317,0.014492753623188406,False
ES,GLOBEX,B1,1day,138,RV,E2,0.8562153533337382,1.3219597535250718,1953,0.727429118452734,0.014598280898442317,0.014492753623188406,False
ES,GLOBEX,B1,1day,138,RV,E4,0.9724431250664376,1.3219597535250718,1953,0.727429118452734,0.014598280898442317,0.014492753623188406,False
ES,GLOBEX,B1,1day,138,RV,E4_asS05,0.9854463317582554,1.3219597535250718,1953,0.727429118452734,0.014598280898442317,0.014492753623188406,False
ES,GLOBEX,B1,1day,138,TRV3,E1_a_exp_L1-5,0.8785031482193252,1.3511656806161338,1953,0.727429118452734,0.014598280898442317,0.014492753623188406,False
ES,GLOBEX,B1,1day,138,TRV3,E1_a_exp_L1-10,0.8563239484601879,1.3511656806161338,1953,0.727429118452734,0.014598280898442317,0.014492753623188406,False
ES,GLOBEX,B1,1day,138,TRV3,E1_d_model_L1-5,0.9982680960329223,1.3511656806161338,1953,0.727429118452734,0.014598280898442317,0.014492753623188406,False
ES,GLOBEX,B1,1day,138,TRV3,E1_d_model_L1-10,1.0943809310706771,1.3511656806161338,1953,0.727429118452734,0.014598280898442317,0.014492753623188406,False
ES,GLOBEX,B1,1day,138,TRV3,E2,0.8377079537287467,1.3511656806161338,1953,0.727429118452734,0.014598280898442317,0.014492753623188406,False
ES,GLOBEX,B1,1day,138,TRV3,E4,0.9854463317582554,1.3511656806161338,1953,0.727429118452734,0.014598280898442317,0.014492753623188406,False
ES,GLOBEX,B1,1day,138,TRV3,E4_asS05,0.9854463317582554,1.3511656806161338,1953,0.727429118452734,0.014598280898442317,0.014492753623188406,False
ES,GLOBEX,B1,1day,138,RV,E1_a_exp_L1-5,0.8508916018498981,1.3198668416374317,1953,,0.014598280898442317,0.014492753623188406,True
ES,GLOBEX,B1,1day,138,RV,E1_a_exp_L1-10,0.8314433474695379,1.3198668416374317,1953,,0.014598280898442317,0.014492753623188406,True
ES,GLOBEX,B1,1day,138,RV,E1_d_model_L1-5,0.9669557489544194,1.3198668416374317,1953,,0.014598280898442317,0.014492753623188406,True
ES,GLOBEX,B1,1day,138,RV,E1_d_model_L1-10,1.0310157450025423,1.3198668416374317,1953,,0.014598280898442317,0.014492753623188406,True
ES,GLOBEX,B1,1day,138,RV,E2,0.8539907629665975,1.3198668416374317,1953,,0.014598280898442317,0.014492753623188406,True
ES,GLOBEX,B1,1day,138,RV,E4,0.9726606761533658,1.3198668416374317,1953,,0.014598280898442317,0.014492753623188406,True
ES,GLOBEX,B1,1day,138,RV,E4_asS05,0.9853584118409937,1.3198668416374317,1953,,0.014598280898442317,0.014492753623188406,True
ES,GLOBEX,B1,1day,345,RV,E1_a_exp_L1-5,0.8708689441414775,1.2268554714356799,1953,0.7086842926279142,0.005813937111601127,0.005797101449275362,False
ES,GLOBEX,B1,1day,345,RV,E1_a_exp_L1-10,0.8503750670313602,1.2268554714356799,1953,0.7086842926279142,0.005813937111601127,0.005797101449275362,False
ES,GLOBEX,B1,1day,345,RV,E1_d_model_L1-5,0.9896363581117097,1.2268554714356799,1953,0.7086842926279142,0.005813937111601127,0.005797101449275362,False
ES,GLOBEX,B1,1day,345,RV,E1_d_model_L1-10,1.0544202520405481,1.2268554714356799,1953,0.7086842926279142,0.005813937111601127,0.005797101449275362,False
ES,GLOBEX,B1,1day,345,RV,E2,0.8602218117140847,1.2268554714356799,1953,0.7086842926279142,0.005813937111601127,0.005797101449275362,False
ES,GLOBEX,B1,1day,345,RV,E4,0.9852904051910725,1.2268554714356799,1953,0.7086842926279142,0.005813937111601127,0.005797101449275362,False
ES,GLOBEX,B1,1day,345,RV,E4_asS05,0.9934812949562922,1.2268554714356799,1953,0.7086842926279142,0.005813937111601127,0.005797101449275362,False
ES,GLOBEX,B1,1day,345,TRV3,E1_a_exp_L1-5,0.8937441631493627,1.2312173809397657,1953,0.7086842926279142,0.005813937111601127,0.005797101449275362,False
ES,GLOBEX,B1,1day,345,TRV3,E1_a_exp_L1-10,0.8729501608788981,1.2312173809397657,1953,0.7086842926279142,0.005813937111601127,0.005797101449275362,False
ES,GLOBEX,B1,1day,345,TRV3,E1_d_model_L1-5,1.015621949893203,1.2312173809397657,1953,0.7086842926279142,0.005813937111601127,0.005797101449275362,False
ES,GLOBEX,B1,1day,345,TRV3,E1_d_model_L1-10,1.082460525153228,1.2312173809397657,1953,0.7086842926279142,0.005813937111601127,0.005797101449275362,False
ES,GLOBEX,B1,1day,345,TRV3,E2,0.8571742510199093,1.2312173809397657,1953,0.7086842926279142,0.005813937111601127,0.005797101449275362,False
ES,GLOBEX,B1,1day,345,TRV3,E4,0.9934812949562922,1.2312173809397657,1953,0.7086842926279142,0.005813937111601127,0.005797101449275362,False
ES,GLOBEX,B1,1day,345,TRV3,E4_asS05,0.9934812949562922,1.2312173809397657,1953,0.7086842926279142,0.005813937111601127,0.005797101449275362,False
ES,GLOBEX,B1,1day,345,RV,E1_a_exp_L1-5,0.8715229672244879,1.2304362136448224,1953,,0.005813937111601127,0.005797101449275362,True
ES,GLOBEX,B1,1day,345,RV,E1_a_exp_L1-10,0.8511298345288325,1.2304362136448224,1953,,0.005813937111601127,0.005797101449275362,True
ES,GLOBEX,B1,1day,345,RV,E1_d_model_L1-5,0.9903975919566756,1.2304362136448224,1953,,0.005813937111601127,0.005797101449275362,True
ES,GLOBEX,B1,1day,345,RV,E1_d_model_L1-10,1.0553768491649582,1.2304362136448224,1953,,0.005813937111601127,0.005797101449275362,True
ES,GLOBEX,B1,1day,345,RV,E2,0.8574163705707446,1.2304362136448224,1953,,0.005813937111601127,0.005797101449275362,True
ES,GLOBEX,B1,1day,345,RV,E4,0.9857078874715176,1.2304362136448224,1953,,0.005813937111601127,0.005797101449275362,True
ES,GLOBEX,B1,1day,345,RV,E4_asS05,0.9934619655728576,1.2304362136448224,1953,,0.005813937111601127,0.005797101449275362,True
ES,GLOBEX,B1,1day,1379,RV,E1_a_exp_L1-5,0.8780516725356751,1.0459490460855796,1953,0.7092360401856576,0.001451378555092054,0.0014503263234227702,False
ES,GLOBEX,B1,1day,1379,RV,E1_a_exp_L1-10,0.8666203514951089,1.0459490460855796,1953,0.7092360401856576,0.001451378555092054,0.0014503263234227702,False
ES,GLOBEX,B1,1day,1379,RV,E1_d_model_L1-5,0.9977763961146608,1.0459490460855796,1953,0.7092360401856576,0.001451378555092054,0.0014503263234227702,False
ES,GLOBEX,B1,1day,1379,RV,E1_d_model_L1-10,1.0912916258034375,1.0459490460855796,1953,0.7092360401856576,0.001451378555092054,0.0014503263234227702,False
ES,GLOBEX,B1,1day,1379,RV,E2,0.8444567409259516,1.0459490460855796,1953,0.7092360401856576,0.001451378555092054,0.0014503263234227702,False
ES,GLOBEX,B1,1day,1379,RV,E4,0.9940315923966,1.0459490460855796,1953,0.7092360401856576,0.001451378555092054,0.0014503263234227702,False
ES,GLOBEX,B1,1day,1379,RV,E4_asS05,0.9980677545235572,1.0459490460855796,1953,0.7092360401856576,0.001451378555092054,0.0014503263234227702,False
ES,GLOBEX,B1,1day,1379,TRV3,E1_a_exp_L1-5,0.9045662552374676,1.0126407546287364,1953,0.7092360401856576,0.001451378555092054,0.0014503263234227702,False
ES,GLOBEX,B1,1day,1379,TRV3,E1_a_exp_L1-10,0.8800050594769918,1.0126407546287364,1953,0.7092360401856576,0.001451378555092054,0.0014503263234227702,False
ES,GLOBEX,B1,1day,1379,TRV3,E1_d_model_L1-5,1.0278530538400015,1.0126407546287364,1953,0.7092360401856576,0.001451378555092054,0.0014503263234227702,False
ES,GLOBEX,B1,1day,1379,TRV3,E1_d_model_L1-10,1.1245634625455037,1.0126407546287364,1953,0.7092360401856576,0.001451378555092054,0.0014503263234227702,False
ES,GLOBEX,B1,1day,1379,TRV3,E2,0.8722330388093701,1.0126407546287364,1953,0.7092360401856576,0.001451378555092054,0.0014503263234227702,False
ES,GLOBEX,B1,1day,1379,TRV3,E4,0.9980677545235572,1.0126407546287364,1953,0.7092360401856576,0.001451378555092054,0.0014503263234227702,False
ES,GLOBEX,B1,1day,1379,TRV3,E4_asS05,0.9980677545235572,1.0126407546287364,1953,0.7092360401856576,0.001451378555092054,0.0014503263234227702,False
NQ,GLOBEX,B0,1day,5,RV,E1_a_exp_L1-5,0.5271373089299134,1.9032951015076205,1948,0.8915632962704334,0.4903577561002349,0.4,False
NQ,GLOBEX,B0,1day,5,RV,E1_a_exp_L1-10,0.5259104957832378,1.9032951015076205,1948,0.8915632962704334,0.4903577561002349,0.4,False
NQ,GLOBEX,B0,1day,5,RV,E1_d_model_L1-5,0.5842301572704283,1.9032951015076205,1948,0.8915632962704334,0.4903577561002349,0.4,False
NQ,GLOBEX,B0,1day,5,RV,E1_d_model_L1-10,0.6829938172141847,1.9032951015076205,1948,0.8915632962704334,0.4903577561002349,0.4,False
NQ,GLOBEX,B0,1day,5,RV,E2,0.5535334536076925,1.9032951015076205,1948,0.8915632962704334,0.4903577561002349,0.4,False
NQ,GLOBEX,B0,1day,5,RV,E4,0.8187370111281171,1.9032951015076205,1948,0.8915632962704334,0.4903577561002349,0.4,False
NQ,GLOBEX,B0,1day,5,RV,E4_asS05,0.8691012950315326,1.9032951015076205,1948,0.8915632962704334,0.4903577561002349,0.4,False
NQ,GLOBEX,B0,1day,5,TRV3,E1_a_exp_L1-5,0.4083227780602412,2.506688622018733,1948,0.8915632962704334,0.4903577561002349,0.4,False
NQ,GLOBEX,B0,1day,5,TRV3,E1_a_exp_L1-10,0.3990457899260419,2.506688622018733,1948,0.8915632962704334,0.4903577561002349,0.4,False
NQ,GLOBEX,B0,1day,5,TRV3,E1_d_model_L1-5,0.44121180099432294,2.506688622018733,1948,0.8915632962704334,0.4903577561002349,0.4,False
NQ,GLOBEX,B0,1day,5,TRV3,E1_d_model_L1-10,0.5021721500312832,2.506688622018733,1948,0.8915632962704334,0.4903577561002349,0.4,False
NQ,GLOBEX,B0,1day,5,TRV3,E2,0.42029053848884607,2.506688622018733,1948,0.8915632962704334,0.4903577561002349,0.4,False
NQ,GLOBEX,B0,1day,5,TRV3,E4,0.8691012950315326,2.506688622018733,1948,0.8915632962704334,0.4903577561002349,0.4,False
NQ,GLOBEX,B0,1day,5,TRV3,E4_asS05,0.8691012950315326,2.506688622018733,1948,0.8915632962704334,0.4903577561002349,0.4,False
NQ,GLOBEX,B0,1day,5,RV,E1_a_exp_L1-5,0.5170563639726149,1.9152650879193616,1948,,0.4903577561002349,0.4,True
NQ,GLOBEX,B0,1day,5,RV,E1_a_exp_L1-10,0.5254163704666145,1.9152650879193616,1948,,0.4903577561002349,0.4,True
NQ,GLOBEX,B0,1day,5,RV,E1_d_model_L1-5,0.5687697099464704,1.9152650879193616,1948,,0.4903577561002349,0.4,True
NQ,GLOBEX,B0,1day,5,RV,E1_d_model_L1-10,0.661849280679975,1.9152650879193616,1948,,0.4903577561002349,0.4,True
NQ,GLOBEX,B0,1day,5,RV,E2,0.5494655658743288,1.9152650879193616,1948,,0.4903577561002349,0.4,True
NQ,GLOBEX,B0,1day,5,RV,E4,0.8196640507746692,1.9152650879193616,1948,,0.4903577561002349,0.4,True
NQ,GLOBEX,B0,1day,5,RV,E4_asS05,0.8692594953075978,1.9152650879193616,1948,,0.4903577561002349,0.4,True
NQ,GLOBEX,B0,1day,6,RV,E1_a_exp_L1-5,0.5383825532164023,1.908129701335428,1948,0.8832762120543511,0.39493406684822646,0.3333333333333333,False
NQ,GLOBEX,B0,1day,6,RV,E1_a_exp_L1-10,0.540702576916122,1.908129701335428,1948,0.8832762120543511,0.39493406684822646,0.3333333333333333,False
NQ,GLOBEX,B0,1day,6,RV,E1_d_model_L1-5,0.587947430217549,1.908129701335428,1948,0.8832762120543511,0.39493406684822646,0.3333333333333333,False
NQ,GLOBEX,B0,1day,6,RV,E1_d_model_L1-10,0.6700554446918273,1.908129701335428,1948,0.8832762120543511,0.39493406684822646,0.3333333333333333,False
NQ,GLOBEX,B0,1day,6,RV,E2,0.6077689799625419,1.908129701335428,1948,0.8832762120543511,0.39493406684822646,0.3333333333333333,False
NQ,GLOBEX,B0,1day,6,RV,E4,0.8359983157187932,1.908129701335428,1948,0.8832762120543511,0.39493406684822646,0.3333333333333333,False
NQ,GLOBEX,B0,1day,6,RV,E4_asS05,0.8708208743312067,1.908129701335428,1948,0.8832762120543511,0.39493406684822646,0.3333333333333333,False
NQ,GLOBEX,B0,1day,6,TRV3,E1_a_exp_L1-5,0.46856414010822267,2.257443111631503,1948,0.8832762120543511,0.39493406684822646,0.3333333333333333,False
NQ,GLOBEX,B0,1day,6,TRV3,E1_a_exp_L1-10,0.46529545059739025,2.257443111631503,1948,0.8832762120543511,0.39493406684822646,0.3333333333333333,False
NQ,GLOBEX,B0,1day,6,TRV3,E1_d_model_L1-5,0.519856016399946,2.257443111631503,1948,0.8832762120543511,0.39493406684822646,0.3333333333333333,False
NQ,GLOBEX,B0,1day,6,TRV3,E1_d_model_L1-10,0.5679542480043696,2.257443111631503,1948,0.8832762120543511,0.39493406684822646,0.3333333333333333,False
NQ,GLOBEX,B0,1day,6,TRV3,E2,0.513723706365615,2.257443111631503,1948,0.8832762120543511,0.39493406684822646,0.3333333333333333,False
NQ,GLOBEX,B0,1day,6,TRV3,E4,0.8708208743312067,2.257443111631503,1948,0.8832762120543511,0.39493406684822646,0.3333333333333333,False
NQ,GLOBEX,B0,1day,6,TRV3,E4_asS05,0.8708208743312067,2.257443111631503,1948,0.8832762120543511,0.39493406684822646,0.3333333333333333,False
NQ,GLOBEX,B0,1day,6,RV,E1_a_exp_L1-5,0.5476619434002057,1.9201746629948762,1948,,0.39493406684822646,0.3333333333333333,True
NQ,GLOBEX,B0,1day,6,RV,E1_a_exp_L1-10,0.5523200986085915,1.9201746629948762,1948,,0.39493406684822646,0.3333333333333333,True
NQ,GLOBEX,B0,1day,6,RV,E1_d_model_L1-5,0.6077222117880237,1.9201746629948762,1948,,0.39493406684822646,0.3333333333333333,True
NQ,GLOBEX,B0,1day,6,RV,E1_d_model_L1-10,0.6744317383413799,1.9201746629948762,1948,,0.39493406684822646,0.3333333333333333,True
NQ,GLOBEX,B0,1day,6,RV,E2,0.6098764279568359,1.9201746629948762,1948,,0.39493406684822646,0.3333333333333333,True
NQ,GLOBEX,B0,1day,6,RV,E4,0.8368189373820041,1.9201746629948762,1948,,0.39493406684822646,0.3333333333333333,True
NQ,GLOBEX,B0,1day,6,RV,E4_asS05,0.8719729585383418,1.9201746629948762,1948,,0.39493406684822646,0.3333333333333333,True
NQ,GLOBEX,B0,1day,10,RV,E1_a_exp_L1-5,0.6689464604750905,1.5455114440776194,1948,0.866511770792767,0.22132295573711533,0.2,False
NQ,GLOBEX,B0,1day,10,RV,E1_a_exp_L1-10,0.6530990813788651,1.5455114440776194,1948,0.866511770792767,0.22132295573711533,0.2,False
NQ,GLOBEX,B0,1day,10,RV,E1_d_model_L1-5,0.765818811198083,1.5455114440776194,1948,0.866511770792767,0.22132295573711533,0.2,False
NQ,GLOBEX,B0,1day,10,RV,E1_d_model_L1-10,0.835141138923285,1.5455114440776194,1948,0.866511770792767,0.22132295573711533,0.2,False
NQ,GLOBEX,B0,1day,10,RV,E2,0.6670745695591237,1.5455114440776194,1948,0.866511770792767,0.22132295573711533,0.2,False
NQ,GLOBEX,B0,1day,10,RV,E4,0.8500099113268427,1.5455114440776194,1948,0.866511770792767,0.22132295573711533,0.2,False
NQ,GLOBEX,B0,1day,10,RV,E4_asS05,0.8825270486392941,1.5455114440776194,1948,0.866511770792767,0.22132295573711533,0.2,False
NQ,GLOBEX,B0,1day,10,TRV3,E1_a_exp_L1-5,0.6205887967007926,1.7416779945053227,1948,0.866511770792767,0.22132295573711533,0.2,False
NQ,GLOBEX,B0,1day,10,TRV3,E1_a_exp_L1-10,0.6151649755292219,1.7416779945053227,1948,0.866511770792767,0.22132295573711533,0.2,False
NQ,GLOBEX,B0,1day,10,TRV3,E1_d_model_L1-5,0.6877380217091642,1.7416779945053227,1948,0.866511770792767,0.22132295573711533,0.2,False
NQ,GLOBEX,B0,1day,10,TRV3,E1_d_model_L1-10,0.7865960567421952,1.7416779945053227,1948,0.866511770792767,0.22132295573711533,0.2,False
NQ,GLOBEX,B0,1day,10,TRV3,E2,0.5919414407021877,1.7416779945053227,1948,0.866511770792767,0.22132295573711533,0.2,False
NQ,GLOBEX,B0,1day,10,TRV3,E4,0.8825270486392941,1.7416779945053227,1948,0.866511770792767,0.22132295573711533,0.2,False
NQ,GLOBEX,B0,1day,10,TRV3,E4_asS05,0.8825270486392941,1.7416779945053227,1948,0.866511770792767,0.22132295573711533,0.2,False
NQ,GLOBEX,B0,1day,10,RV,E1_a_exp_L1-5,0.6615744730825829,1.5538848051170424,1948,,0.22132295573711533,0.2,True
NQ,GLOBEX,B0,1day,10,RV,E1_a_exp_L1-10,0.6522647229518941,1.5538848051170424,1948,,0.22132295573711533,0.2,True
NQ,GLOBEX,B0,1day,10,RV,E1_d_model_L1-5,0.7451268380372156,1.5538848051170424,1948,,0.22132295573711533,0.2,True
NQ,GLOBEX,B0,1day,10,RV,E1_d_model_L1-10,0.8340109150324377,1.5538848051170424,1948,,0.22132295573711533,0.2,True
NQ,GLOBEX,B0,1day,10,RV,E2,0.6693902721834432,1.5538848051170424,1948,,0.22132295573711533,0.2,True
NQ,GLOBEX,B0,1day,10,RV,E4,0.8502211596389441,1.5538848051170424,1948,,0.22132295573711533,0.2,True
NQ,GLOBEX,B0,1day,10,RV,E4_asS05,0.8823436083261318,1.5538848051170424,1948,,0.22132295573711533,0.2,True
NQ,GLOBEX,B0,1day,12,RV,E1_a_exp_L1-5,0.6456484993678909,1.5747649063393498,1948,0.8321973192551033,0.18132295573711532,0.16666666666666666,False
NQ,GLOBEX,B0,1day,12,RV,E1_a_exp_L1-10,0.6393577030463974,1.5747649063393498,1948,0.8321973192551033,0.18132295573711532,0.16666666666666666,False
NQ,GLOBEX,B0,1day,12,RV,E1_d_model_L1-5,0.7282096867151088,1.5747649063393498,1948,0.8321973192551033,0.18132295573711532,0.16666666666666666,False
NQ,GLOBEX,B0,1day,12,RV,E1_d_model_L1-10,0.7926979722576469,1.5747649063393498,1948,0.8321973192551033,0.18132295573711532,0.16666666666666666,False
NQ,GLOBEX,B0,1day,12,RV,E2,0.6869904130760759,1.5747649063393498,1948,0.8321973192551033,0.18132295573711532,0.16666666666666666,False
NQ,GLOBEX,B0,1day,12,RV,E4,0.863503691633035,1.5747649063393498,1948,0.8321973192551033,0.18132295573711532,0.16666666666666666,False
NQ,GLOBEX,B0,1day,12,RV,E4_asS05,0.8957692541523851,1.5747649063393498,1948,0.8321973192551033,0.18132295573711532,0.16666666666666666,False
NQ,GLOBEX,B0,1day,12,TRV3,E1_a_exp_L1-5,0.6182055808210439,1.7267367967129439,1948,0.8321973192551033,0.18132295573711532,0.16666666666666666,False
NQ,GLOBEX,B0,1day,12,TRV3,E1_a_exp_L1-10,0.6240952442493302,1.7267367967129439,1948,0.8321973192551033,0.18132295573711532,0.16666666666666666,False
NQ,GLOBEX,B0,1day,12,TRV3,E1_d_model_L1-5,0.691997678952932,1.7267367967129439,1948,0.8321973192551033,0.18132295573711532,0.16666666666666666,False
NQ,GLOBEX,B0,1day,12,TRV3,E1_d_model_L1-10,0.7735253072911745,1.7267367967129439,1948,0.8321973192551033,0.18132295573711532,0.16666666666666666,False
NQ,GLOBEX,B0,1day,12,TRV3,E2,0.6265276766923654,1.7267367967129439,1948,0.8321973192551033,0.18132295573711532,0.16666666666666666,False
NQ,GLOBEX,B0,1day,12,TRV3,E4,0.8957692541523851,1.7267367967129439,1948,0.8321973192551033,0.18132295573711532,0.16666666666666666,False
NQ,GLOBEX,B0,1day,12,TRV3,E4_asS05,0.8957692541523851,1.7267367967129439,1948,0.8321973192551033,0.18132295573711532,0.16666666666666666,False
NQ,GLOBEX,B0,1day,12,RV,E1_a_exp_L1-5,0.6448095085276981,1.5712848213878785,1948,,0.18132295573711532,0.16666666666666666,True
NQ,GLOBEX,B0,1day,12,RV,E1_a_exp_L1-10,0.6323289022238188,1.5712848213878785,1948,,0.18132295573711532,0.16666666666666666,True
NQ,GLOBEX,B0,1day,12,RV,E1_d_model_L1-5,0.7209808817383915,1.5712848213878785,1948,,0.18132295573711532,0.16666666666666666,True
NQ,GLOBEX,B0,1day,12,RV,E1_d_model_L1-10,0.8080471163295155,1.5712848213878785,1948,,0.18132295573711532,0.16666666666666666,True
NQ,GLOBEX,B0,1day,12,RV,E2,0.6907696976246128,1.5712848213878785,1948,,0.18132295573711532,0.16666666666666666,True
NQ,GLOBEX,B0,1day,12,RV,E4,0.8625572265836968,1.5712848213878785,1948,,0.18132295573711532,0.16666666666666666,True
NQ,GLOBEX,B0,1day,12,RV,E4_asS05,0.8959117647789402,1.5712848213878785,1948,,0.18132295573711532,0.16666666666666666,True
NQ,GLOBEX,B0,1day,23,RV,E1_a_exp_L1-5,0.7413058246543943,1.3674164774385906,1948,0.7943204793287713,0.09084666127454626,0.08695652173913043,False
NQ,GLOBEX,B0,1day,23,RV,E1_a_exp_L1-10,0.7308901687946393,1.3674164774385906,1948,0.7943204793287713,0.09084666127454626,0.08695652173913043,False
NQ,GLOBEX,B0,1day,23,RV,E1_d_model_L1-5,0.8423586974747608,1.3674164774385906,1948,0.7943204793287713,0.09084666127454626,0.08695652173913043,False
NQ,GLOBEX,B0,1day,23,RV,E1_d_model_L1-10,0.9204416546417455,1.3674164774385906,1948,0.7943204793287713,0.09084666127454626,0.08695652173913043,False
NQ,GLOBEX,B0,1day,23,RV,E2,0.7752884188848818,1.3674164774385906,1948,0.7943204793287713,0.09084666127454626,0.08695652173913043,False
NQ,GLOBEX,B0,1day,23,RV,E4,0.8947374995098529,1.3674164774385906,1948,0.7943204793287713,0.09084666127454626,0.08695652173913043,False
NQ,GLOBEX,B0,1day,23,RV,E4_asS05,0.9223493241482954,1.3674164774385906,1948,0.7943204793287713,0.09084666127454626,0.08695652173913043,False
NQ,GLOBEX,B0,1day,23,TRV3,E1_a_exp_L1-5,0.7324827948784454,1.4124042426347012,1948,0.7943204793287713,0.09084666127454626,0.08695652173913043,False
NQ,GLOBEX,B0,1day,23,TRV3,E1_a_exp_L1-10,0.7222819745414298,1.4124042426347012,1948,0.7943204793287713,0.09084666127454626,0.08695652173913043,False
NQ,GLOBEX,B0,1day,23,TRV3,E1_d_model_L1-5,0.8260032019971052,1.4124042426347012,1948,0.7943204793287713,0.09084666127454626,0.08695652173913043,False
NQ,GLOBEX,B0,1day,23,TRV3,E1_d_model_L1-10,0.9228970144489445,1.4124042426347012,1948,0.7943204793287713,0.09084666127454626,0.08695652173913043,False
NQ,GLOBEX,B0,1day,23,TRV3,E2,0.7505940061273879,1.4124042426347012,1948,0.7943204793287713,0.09084666127454626,0.08695652173913043,False
NQ,GLOBEX,B0,1day,23,TRV3,E4,0.9223493241482954,1.4124042426347012,1948,0.7943204793287713,0.09084666127454626,0.08695652173913043,False
NQ,GLOBEX,B0,1day,23,TRV3,E4_asS05,0.9223493241482954,1.4124042426347012,1948,0.7943204793287713,0.09084666127454626,0.08695652173913043,False
NQ,GLOBEX,B0,1day,23,RV,E1_a_exp_L1-5,0.74471359870431,1.3535892478344902,1948,,0.09084666127454626,0.08695652173913043,True
NQ,GLOBEX,B0,1day,23,RV,E1_a_exp_L1-10,0.7279546703583888,1.3535892478344902,1948,,0.09084666127454626,0.08695652173913043,True
NQ,GLOBEX,B0,1day,23,RV,E1_d_model_L1-5,0.838978465617252,1.3535892478344902,1948,,0.09084666127454626,0.08695652173913043,True
NQ,GLOBEX,B0,1day,23,RV,E1_d_model_L1-10,0.9167422958785268,1.3535892478344902,1948,,0.09084666127454626,0.08695652173913043,True
NQ,GLOBEX,B0,1day,23,RV,E2,0.7741540191636624,1.3535892478344902,1948,,0.09084666127454626,0.08695652173913043,True
NQ,GLOBEX,B0,1day,23,RV,E4,0.8945441543028856,1.3535892478344902,1948,,0.09084666127454626,0.08695652173913043,True
NQ,GLOBEX,B0,1day,23,RV,E4_asS05,0.9239429155572993,1.3535892478344902,1948,,0.09084666127454626,0.08695652173913043,True
NQ,GLOBEX,B0,1day,46,RV,E1_a_exp_L1-5,0.7867368896377892,1.2827947530383816,1948,0.7166980726219627,0.044437133536578646,0.043478260869565216,False
NQ,GLOBEX,B0,1day,46,RV,E1_a_exp_L1-10,0.7675795440754404,1.2827947530383816,1948,0.7166980726219627,0.044437133536578646,0.043478260869565216,False
NQ,GLOBEX,B0,1day,46,RV,E1_d_model_L1-5,0.9086203259395025,1.2827947530383816,1948,0.7166980726219627,0.044437133536578646,0.043478260869565216,False
NQ,GLOBEX,B0,1day,46,RV,E1_d_model_L1-10,0.9666342177089714,1.2827947530383816,1948,0.7166980726219627,0.044437133536578646,0.043478260869565216,False
NQ,GLOBEX,B0,1day,46,RV,E2,0.8197376203304609,1.2827947530383816,1948,0.7166980726219627,0.044437133536578646,0.043478260869565216,False
NQ,GLOBEX,B0,1day,46,RV,E4,0.9253760732544234,1.2827947530383816,1948,0.7166980726219627,0.044437133536578646,0.043478260869565216,False
NQ,GLOBEX,B0,1day,46,RV,E4_asS05,0.9553340789518657,1.2827947530383816,1948,0.7166980726219627,0.044437133536578646,0.043478260869565216,False
NQ,GLOBEX,B0,1day,46,TRV3,E1_a_exp_L1-5,0.8201448975651958,1.3421411497884845,1948,0.7166980726219627,0.044437133536578646,0.043478260869565216,False
NQ,GLOBEX,B0,1day,46,TRV3,E1_a_exp_L1-10,0.7975842258034337,1.3421411497884845,1948,0.7166980726219627,0.044437133536578646,0.043478260869565216,False
NQ,GLOBEX,B0,1day,46,TRV3,E1_d_model_L1-5,0.9472208163061884,1.3421411497884845,1948,0.7166980726219627,0.044437133536578646,0.043478260869565216,False
NQ,GLOBEX,B0,1day,46,TRV3,E1_d_model_L1-10,1.0352345286402012,1.3421411497884845,1948,0.7166980726219627,0.044437133536578646,0.043478260869565216,False
NQ,GLOBEX,B0,1day,46,TRV3,E2,0.7834907069154423,1.3421411497884845,1948,0.7166980726219627,0.044437133536578646,0.043478260869565216,False
NQ,GLOBEX,B0,1day,46,TRV3,E4,0.9553340789518657,1.3421411497884845,1948,0.7166980726219627,0.044437133536578646,0.043478260869565216,False
NQ,GLOBEX,B0,1day,46,TRV3,E4_asS05,0.9553340789518657,1.3421411497884845,1948,0.7166980726219627,0.044437133536578646,0.043478260869565216,False
NQ,GLOBEX,B0,1day,46,RV,E1_a_exp_L1-5,0.7862153107908868,1.2769350870953788,1948,,0.044437133536578646,0.043478260869565216,True
NQ,GLOBEX,B0,1day,46,RV,E1_a_exp_L1-10,0.7694389557294431,1.2769350870953788,1948,,0.044437133536578646,0.043478260869565216,True
NQ,GLOBEX,B0,1day,46,RV,E1_d_model_L1-5,0.8857402474612655,1.2769350870953788,1948,,0.044437133536578646,0.043478260869565216,True
NQ,GLOBEX,B0,1day,46,RV,E1_d_model_L1-10,0.9690015756893102,1.2769350870953788,1948,,0.044437133536578646,0.043478260869565216,True
NQ,GLOBEX,B0,1day,46,RV,E2,0.8216065453155413,1.2769350870953788,1948,,0.044437133536578646,0.043478260869565216,True
NQ,GLOBEX,B0,1day,46,RV,E4,0.9264376605257669,1.2769350870953788,1948,,0.044437133536578646,0.043478260869565216,True
NQ,GLOBEX,B0,1day,46,RV,E4_asS05,0.9555332902714256,1.2769350870953788,1948,,0.044437133536578646,0.043478260869565216,True
NQ,GLOBEX,B0,1day,138,RV,E1_a_exp_L1-5,0.8353646815307392,1.1919436636551204,1948,0.6726401133629406,0.014598280898442317,0.014492753623188406,False
NQ,GLOBEX,B0,1day,138,RV,E1_a_exp_L1-10,0.8153408279941882,1.1919436636551204,1948,0.6726401133629406,0.014598280898442317,0.014492753623188406,False
NQ,GLOBEX,B0,1day,138,RV,E1_d_model_L1-5,0.9411006964495755,1.1919436636551204,1948,0.6726401133629406,0.014598280898442317,0.014492753623188406,False
NQ,GLOBEX,B0,1day,138,RV,E1_d_model_L1-10,1.0266937061373178,1.1919436636551204,1948,0.6726401133629406,0.014598280898442317,0.014492753623188406,False
NQ,GLOBEX,B0,1day,138,RV,E2,0.8615537402151943,1.1919436636551204,1948,0.6726401133629406,0.014598280898442317,0.014492753623188406,False
NQ,GLOBEX,B0,1day,138,RV,E4,0.9631457447605009,1.1919436636551204,1948,0.6726401133629406,0.014598280898442317,0.014492753623188406,False
NQ,GLOBEX,B0,1day,138,RV,E4_asS05,0.9830187788438903,1.1919436636551204,1948,0.6726401133629406,0.014598280898442317,0.014492753623188406,False
NQ,GLOBEX,B0,1day,138,TRV3,E1_a_exp_L1-5,0.871711592645149,1.255286976384932,1948,0.6726401133629406,0.014598280898442317,0.014492753623188406,False
NQ,GLOBEX,B0,1day,138,TRV3,E1_a_exp_L1-10,0.8484660476542231,1.255286976384932,1948,0.6726401133629406,0.014598280898442317,0.014492753623188406,False
NQ,GLOBEX,B0,1day,138,TRV3,E1_d_model_L1-5,0.9905137824816486,1.255286976384932,1948,0.6726401133629406,0.014598280898442317,0.014492753623188406,False
NQ,GLOBEX,B0,1day,138,TRV3,E1_d_model_L1-10,1.0843341466683554,1.255286976384932,1948,0.6726401133629406,0.014598280898442317,0.014492753623188406,False
NQ,GLOBEX,B0,1day,138,TRV3,E2,0.8180786870786158,1.255286976384932,1948,0.6726401133629406,0.014598280898442317,0.014492753623188406,False
NQ,GLOBEX,B0,1day,138,TRV3,E4,0.9830187788438903,1.255286976384932,1948,0.6726401133629406,0.014598280898442317,0.014492753623188406,False
NQ,GLOBEX,B0,1day,138,TRV3,E4_asS05,0.9830187788438903,1.255286976384932,1948,0.6726401133629406,0.014598280898442317,0.014492753623188406,False
NQ,GLOBEX,B0,1day,138,RV,E1_a_exp_L1-5,0.8277224612328132,1.1933208884825224,1948,,0.014598280898442317,0.014492753623188406,True
NQ,GLOBEX,B0,1day,138,RV,E1_a_exp_L1-10,0.8093938944611302,1.1933208884825224,1948,,0.014598280898442317,0.014492753623188406,True
NQ,GLOBEX,B0,1day,138,RV,E1_d_model_L1-5,0.9560470497666471,1.1933208884825224,1948,,0.014598280898442317,0.014492753623188406,True
NQ,GLOBEX,B0,1day,138,RV,E1_d_model_L1-10,1.01940375518142,1.1933208884825224,1948,,0.014598280898442317,0.014492753623188406,True
NQ,GLOBEX,B0,1day,138,RV,E2,0.8571926478152032,1.1933208884825224,1948,,0.014598280898442317,0.014492753623188406,True
NQ,GLOBEX,B0,1day,138,RV,E4,0.9634777856265032,1.1933208884825224,1948,,0.014598280898442317,0.014492753623188406,True
NQ,GLOBEX,B0,1day,138,RV,E4_asS05,0.9829477445258399,1.1933208884825224,1948,,0.014598280898442317,0.014492753623188406,True
NQ,GLOBEX,B0,1day,345,RV,E1_a_exp_L1-5,0.8507039260633641,1.1347261358242071,1948,0.6603238976243117,0.005813937111601127,0.005797101449275362,False
NQ,GLOBEX,B0,1day,345,RV,E1_a_exp_L1-10,0.8285878819158179,1.1347261358242071,1948,0.6603238976243117,0.005813937111601127,0.005797101449275362,False
NQ,GLOBEX,B0,1day,345,RV,E1_d_model_L1-5,0.9667151450236546,1.1347261358242071,1948,0.6603238976243117,0.005813937111601127,0.005797101449275362,False
NQ,GLOBEX,B0,1day,345,RV,E1_d_model_L1-10,1.0589560226438424,1.1347261358242071,1948,0.6603238976243117,0.005813937111601127,0.005797101449275362,False
NQ,GLOBEX,B0,1day,345,RV,E2,0.8734468177431017,1.1347261358242071,1948,0.6603238976243117,0.005813937111601127,0.005797101449275362,False
NQ,GLOBEX,B0,1day,345,RV,E4,0.9808797714384321,1.1347261358242071,1948,0.6603238976243117,0.005813937111601127,0.005797101449275362,False
NQ,GLOBEX,B0,1day,345,RV,E4_asS05,0.9926113343310687,1.1347261358242071,1948,0.6603238976243117,0.005813937111601127,0.005797101449275362,False
NQ,GLOBEX,B0,1day,345,TRV3,E1_a_exp_L1-5,0.8862618577255209,1.192833469045669,1948,0.6603238976243117,0.005813937111601127,0.005797101449275362,False
NQ,GLOBEX,B0,1day,345,TRV3,E1_a_exp_L1-10,0.8652269725576596,1.192833469045669,1948,0.6603238976243117,0.005813937111601127,0.005797101449275362,False
NQ,GLOBEX,B0,1day,345,TRV3,E1_d_model_L1-5,1.007118260455103,1.192833469045669,1948,0.6603238976243117,0.005813937111601127,0.005797101449275362,False
NQ,GLOBEX,B0,1day,345,TRV3,E1_d_model_L1-10,1.0729172059340357,1.192833469045669,1948,0.6603238976243117,0.005813937111601127,0.005797101449275362,False
NQ,GLOBEX,B0,1day,345,TRV3,E2,0.8308979904282298,1.192833469045669,1948,0.6603238976243117,0.005813937111601127,0.005797101449275362,False
NQ,GLOBEX,B0,1day,345,TRV3,E4,0.9926113343310687,1.192833469045669,1948,0.6603238976243117,0.005813937111601127,0.005797101449275362,False
NQ,GLOBEX,B0,1day,345,TRV3,E4_asS05,0.9926113343310687,1.192833469045669,1948,0.6603238976243117,0.005813937111601127,0.005797101449275362,False
NQ,GLOBEX,B0,1day,345,RV,E1_a_exp_L1-5,0.8467536206289104,1.146915363613786,1948,,0.005813937111601127,0.005797101449275362,True
NQ,GLOBEX,B0,1day,345,RV,E1_a_exp_L1-10,0.8255907360840951,1.146915363613786,1948,,0.005813937111601127,0.005797101449275362,True
NQ,GLOBEX,B0,1day,345,RV,E1_d_model_L1-5,0.9622437136783026,1.146915363613786,1948,,0.005813937111601127,0.005797101449275362,True
NQ,GLOBEX,B0,1day,345,RV,E1_d_model_L1-10,1.0551957259188176,1.146915363613786,1948,,0.005813937111601127,0.005797101449275362,True
NQ,GLOBEX,B0,1day,345,RV,E2,0.8693725048713902,1.146915363613786,1948,,0.005813937111601127,0.005797101449275362,True
NQ,GLOBEX,B0,1day,345,RV,E4,0.9814881495627658,1.146915363613786,1948,,0.005813937111601127,0.005797101449275362,True
NQ,GLOBEX,B0,1day,345,RV,E4_asS05,0.9926987104591357,1.146915363613786,1948,,0.005813937111601127,0.005797101449275362,True
NQ,GLOBEX,B0,1day,1379,RV,E1_a_exp_L1-5,0.8668440933129714,1.0759255735059792,1948,0.6503181731229637,0.001451378555092054,0.0014503263234227702,False
NQ,GLOBEX,B0,1day,1379,RV,E1_a_exp_L1-10,0.8431568876978951,1.0759255735059792,1948,0.6503181731229637,0.001451378555092054,0.0014503263234227702,False
NQ,GLOBEX,B0,1day,1379,RV,E1_d_model_L1-5,0.9850380439998032,1.0759255735059792,1948,0.6503181731229637,0.001451378555092054,0.0014503263234227702,False
NQ,GLOBEX,B0,1day,1379,RV,E1_d_model_L1-10,1.0775261308870787,1.0759255735059792,1948,0.6503181731229637,0.001451378555092054,0.0014503263234227702,False
NQ,GLOBEX,B0,1day,1379,RV,E2,0.8763327663913454,1.0759255735059792,1948,0.6503181731229637,0.001451378555092054,0.0014503263234227702,False
NQ,GLOBEX,B0,1day,1379,RV,E4,0.9925462531774807,1.0759255735059792,1948,0.6503181731229637,0.001451378555092054,0.0014503263234227702,False
NQ,GLOBEX,B0,1day,1379,RV,E4_asS05,0.99802517980558,1.0759255735059792,1948,0.6503181731229637,0.001451378555092054,0.0014503263234227702,False
NQ,GLOBEX,B0,1day,1379,TRV3,E1_a_exp_L1-5,0.9016029664144001,1.1221209291973366,1948,0.6503181731229637,0.001451378555092054,0.0014503263234227702,False
NQ,GLOBEX,B0,1day,1379,TRV3,E1_a_exp_L1-10,0.8783375456085609,1.1221209291973366,1948,0.6503181731229637,0.001451378555092054,0.0014503263234227702,False
NQ,GLOBEX,B0,1day,1379,TRV3,E1_d_model_L1-5,1.024502210089406,1.1221209291973366,1948,0.6503181731229637,0.001451378555092054,0.0014503263234227702,False
NQ,GLOBEX,B0,1day,1379,TRV3,E1_d_model_L1-10,1.122506672589454,1.1221209291973366,1948,0.6503181731229637,0.001451378555092054,0.0014503263234227702,False
NQ,GLOBEX,B0,1day,1379,TRV3,E2,0.840255991781681,1.1221209291973366,1948,0.6503181731229637,0.001451378555092054,0.0014503263234227702,False
NQ,GLOBEX,B0,1day,1379,TRV3,E4,0.99802517980558,1.1221209291973366,1948,0.6503181731229637,0.001451378555092054,0.0014503263234227702,False
NQ,GLOBEX,B0,1day,1379,TRV3,E4_asS05,0.99802517980558,1.1221209291973366,1948,0.6503181731229637,0.001451378555092054,0.0014503263234227702,False
NQ,GLOBEX,B1,1day,5,RV,E1_a_exp_L1-5,0.5361402560865548,1.8991211834437822,1948,0.8931935587769513,0.4903577561002349,0.4,False
NQ,GLOBEX,B1,1day,5,RV,E1_a_exp_L1-10,0.5350104385739549,1.8991211834437822,1948,0.8931935587769513,0.4903577561002349,0.4,False
NQ,GLOBEX,B1,1day,5,RV,E1_d_model_L1-5,0.5941446864170231,1.8991211834437822,1948,0.8931935587769513,0.4903577561002349,0.4,False
NQ,GLOBEX,B1,1day,5,RV,E1_d_model_L1-10,0.694824623949688,1.8991211834437822,1948,0.8931935587769513,0.4903577561002349,0.4,False
NQ,GLOBEX,B1,1day,5,RV,E2,0.6527738013583542,1.8991211834437822,1948,0.8931935587769513,0.4903577561002349,0.4,False
NQ,GLOBEX,B1,1day,5,RV,E4,0.8185490058448828,1.8991211834437822,1948,0.8931935587769513,0.4903577561002349,0.4,False
NQ,GLOBEX,B1,1day,5,RV,E4_asS05,0.8680554463336004,1.8991211834437822,1948,0.8931935587769513,0.4903577561002349,0.4,False
NQ,GLOBEX,B1,1day,5,TRV3,E1_a_exp_L1-5,0.4088474181475505,2.4906701905565747,1948,0.8931935587769513,0.4903577561002349,0.4,False
NQ,GLOBEX,B1,1day,5,TRV3,E1_a_exp_L1-10,0.40779941353763327,2.4906701905565747,1948,0.8931935587769513,0.4903577561002349,0.4,False
NQ,GLOBEX,B1,1day,5,TRV3,E1_d_model_L1-5,0.43858987922851633,2.4906701905565747,1948,0.8931935587769513,0.4903577561002349,0.4,False
NQ,GLOBEX,B1,1day,5,TRV3,E1_d_model_L1-10,0.4978893814506295,2.4906701905565747,1948,0.8931935587769513,0.4903577561002349,0.4,False
NQ,GLOBEX,B1,1day,5,TRV3,E2,0.4977361349796966,2.4906701905565747,1948,0.8931935587769513,0.4903577561002349,0.4,False
NQ,GLOBEX,B1,1day,5,TRV3,E4,0.8680554463336004,2.4906701905565747,1948,0.8931935587769513,0.4903577561002349,0.4,False
NQ,GLOBEX,B1,1day,5,TRV3,E4_asS05,0.8680554463336004,2.4906701905565747,1948,0.8931935587769513,0.4903577561002349,0.4,False
NQ,GLOBEX,B1,1day,5,RV,E1_a_exp_L1-5,0.5269529417975621,1.9006922473066197,1948,,0.4903577561002349,0.4,True
NQ,GLOBEX,B1,1day,5,RV,E1_a_exp_L1-10,0.5285002478376499,1.9006922473066197,1948,,0.4903577561002349,0.4,True
NQ,GLOBEX,B1,1day,5,RV,E1_d_model_L1-5,0.5796003937615137,1.9006922473066197,1948,,0.4903577561002349,0.4,True
NQ,GLOBEX,B1,1day,5,RV,E1_d_model_L1-10,0.675520741691241,1.9006922473066197,1948,,0.4903577561002349,0.4,True
NQ,GLOBEX,B1,1day,5,RV,E2,0.5439201820130519,1.9006922473066197,1948,,0.4903577561002349,0.4,True
NQ,GLOBEX,B1,1day,5,RV,E4,0.8187689884299072,1.9006922473066197,1948,,0.4903577561002349,0.4,True
NQ,GLOBEX,B1,1day,5,RV,E4_asS05,0.8656326536377088,1.9006922473066197,1948,,0.4903577561002349,0.4,True
NQ,GLOBEX,B1,1day,6,RV,E1_a_exp_L1-5,0.5424125247747853,1.9039529265724109,1948,0.8716949090590509,0.39493406684822646,0.3333333333333333,False
NQ,GLOBEX,B1,1day,6,RV,E1_a_exp_L1-10,0.546964372213475,1.9039529265724109,1948,0.8716949090590509,0.39493406684822646,0.3333333333333333,False
NQ,GLOBEX,B1,1day,6,RV,E1_d_model_L1-5,0.5922961872702015,1.9039529265724109,1948,0.8716949090590509,0.39493406684822646,0.3333333333333333,False
NQ,GLOBEX,B1,1day,6,RV,E1_d_model_L1-10,0.6577078548086064,1.9039529265724109,1948,0.8716949090590509,0.39493406684822646,0.3333333333333333,False
NQ,GLOBEX,B1,1day,6,RV,E2,0.6063407726932301,1.9039529265724109,1948,0.8716949090590509,0.39493406684822646,0.3333333333333333,False
NQ,GLOBEX,B1,1day,6,RV,E4,0.8359728797443574,1.9039529265724109,1948,0.8716949090590509,0.39493406684822646,0.3333333333333333,False
NQ,GLOBEX,B1,1day,6,RV,E4_asS05,0.8747576896456972,1.9039529265724109,1948,0.8716949090590509,0.39493406684822646,0.3333333333333333,False
NQ,GLOBEX,B1,1day,6,TRV3,E1_a_exp_L1-5,0.4763120129374859,2.298973491813263,1948,0.8716949090590509,0.39493406684822646,0.3333333333333333,False
NQ,GLOBEX,B1,1day,6,TRV3,E1_a_exp_L1-10,0.47378806186016303,2.298973491813263,1948,0.8716949090590509,0.39493406684822646,0.3333333333333333,False
NQ,GLOBEX,B1,1day,6,TRV3,E1_d_model_L1-5,0.5155894596608778,2.298973491813263,1948,0.8716949090590509,0.39493406684822646,0.3333333333333333,False
NQ,GLOBEX,B1,1day,6,TRV3,E1_d_model_L1-10,0.5610582852888548,2.298973491813263,1948,0.8716949090590509,0.39493406684822646,0.3333333333333333,False
NQ,GLOBEX,B1,1day,6,TRV3,E2,0.5021564158005627,2.298973491813263,1948,0.8716949090590509,0.39493406684822646,0.3333333333333333,False
NQ,GLOBEX,B1,1day,6,TRV3,E4,0.8747576896456972,2.298973491813263,1948,0.8716949090590509,0.39493406684822646,0.3333333333333333,False
NQ,GLOBEX,B1,1day,6,TRV3,E4_asS05,0.8747576896456972,2.298973491813263,1948,0.8716949090590509,0.39493406684822646,0.3333333333333333,False
NQ,GLOBEX,B1,1day,6,RV,E1_a_exp_L1-5,0.5537560565193537,1.8951985213803397,1948,,0.39493406684822646,0.3333333333333333,True
NQ,GLOBEX,B1,1day,6,RV,E1_a_exp_L1-10,0.5528463874621676,1.8951985213803397,1948,,0.39493406684822646,0.3333333333333333,True
NQ,GLOBEX,B1,1day,6,RV,E1_d_model_L1-5,0.5994441642525487,1.8951985213803397,1948,,0.39493406684822646,0.3333333333333333,True
NQ,GLOBEX,B1,1day,6,RV,E1_d_model_L1-10,0.6851807405359608,1.8951985213803397,1948,,0.39493406684822646,0.3333333333333333,True
NQ,GLOBEX,B1,1day,6,RV,E2,0.60531919440796,1.8951985213803397,1948,,0.39493406684822646,0.3333333333333333,True
NQ,GLOBEX,B1,1day,6,RV,E4,0.8350569009379502,1.8951985213803397,1948,,0.39493406684822646,0.3333333333333333,True
NQ,GLOBEX,B1,1day,6,RV,E4_asS05,0.8740978464117224,1.8951985213803397,1948,,0.39493406684822646,0.3333333333333333,True
NQ,GLOBEX,B1,1day,10,RV,E1_a_exp_L1-5,0.6686160582517249,1.5798563754025008,1948,0.8704485363022336,0.22132295573711533,0.2,False
NQ,GLOBEX,B1,1day,10,RV,E1_a_exp_L1-10,0.653829262710014,1.5798563754025008,1948,0.8704485363022336,0.22132295573711533,0.2,False
NQ,GLOBEX,B1,1day,10,RV,E1_d_model_L1-5,0.7654454353545233,1.5798563754025008,1948,0.8704485363022336,0.22132295573711533,0.2,False
NQ,GLOBEX,B1,1day,10,RV,E1_d_model_L1-10,0.8361652677392618,1.5798563754025008,1948,0.8704485363022336,0.22132295573711533,0.2,False
NQ,GLOBEX,B1,1day,10,RV,E2,0.6606270957359934,1.5798563754025008,1948,0.8704485363022336,0.22132295573711533,0.2,False
NQ,GLOBEX,B1,1day,10,RV,E4,0.8541357803227718,1.5798563754025008,1948,0.8704485363022336,0.22132295573711533,0.2,False
NQ,GLOBEX,B1,1day,10,RV,E4_asS05,0.8853174701914498,1.5798563754025008,1948,0.8704485363022336,0.22132295573711533,0.2,False
NQ,GLOBEX,B1,1day,10,TRV3,E1_a_exp_L1-5,0.612868161233799,1.7753172191624331,1948,0.8704485363022336,0.22132295573711533,0.2,False
NQ,GLOBEX,B1,1day,10,TRV3,E1_a_exp_L1-10,0.6085065447676657,1.7753172191624331,1948,0.8704485363022336,0.22132295573711533,0.2,False
NQ,GLOBEX,B1,1day,10,TRV3,E1_d_model_L1-5,0.6791722452448725,1.7753172191624331,1948,0.8704485363022336,0.22132295573711533,0.2,False
NQ,GLOBEX,B1,1day,10,TRV3,E1_d_model_L1-10,0.7548378732259585,1.7753172191624331,1948,0.8704485363022336,0.22132295573711533,0.2,False
NQ,GLOBEX,B1,1day,10,TRV3,E2,0.5878926412117755,1.7753172191624331,1948,0.8704485363022336,0.22132295573711533,0.2,False
NQ,GLOBEX,B1,1day,10,TRV3,E4,0.8853174701914498,1.7753172191624331,1948,0.8704485363022336,0.22132295573711533,0.2,False
NQ,GLOBEX,B1,1day,10,TRV3,E4_asS05,0.8853174701914498,1.7753172191624331,1948,0.8704485363022336,0.22132295573711533,0.2,False
NQ,GLOBEX,B1,1day,10,RV,E1_a_exp_L1-5,0.6637484693438193,1.585755490746797,1948,,0.22132295573711533,0.2,True
NQ,GLOBEX,B1,1day,10,RV,E1_a_exp_L1-10,0.6555463323201356,1.585755490746797,1948,,0.22132295573711533,0.2,True
NQ,GLOBEX,B1,1day,10,RV,E1_d_model_L1-5,0.7475840024297515,1.585755490746797,1948,,0.22132295573711533,0.2,True
NQ,GLOBEX,B1,1day,10,RV,E1_d_model_L1-10,0.8383136893411777,1.585755490746797,1948,,0.22132295573711533,0.2,True
NQ,GLOBEX,B1,1day,10,RV,E2,0.6626394837686134,1.585755490746797,1948,,0.22132295573711533,0.2,True
NQ,GLOBEX,B1,1day,10,RV,E4,0.85387491098048,1.585755490746797,1948,,0.22132295573711533,0.2,True
NQ,GLOBEX,B1,1day,10,RV,E4_asS05,0.8838276658406804,1.585755490746797,1948,,0.22132295573711533,0.2,True
NQ,GLOBEX,B1,1day,12,RV,E1_a_exp_L1-5,0.6491609617782467,1.5800938777259734,1948,0.832279756129236,0.18132295573711532,0.16666666666666666,False
NQ,GLOBEX,B1,1day,12,RV,E1_a_exp_L1-10,0.6353841567443359,1.5800938777259734,1948,0.832279756129236,0.18132295573711532,0.16666666666666666,False
NQ,GLOBEX,B1,1day,12,RV,E1_d_model_L1-5,0.732135382048949,1.5800938777259734,1948,0.832279756129236,0.18132295573711532,0.16666666666666666,False
NQ,GLOBEX,B1,1day,12,RV,E1_d_model_L1-10,0.7995590622555329,1.5800938777259734,1948,0.832279756129236,0.18132295573711532,0.16666666666666666,False
NQ,GLOBEX,B1,1day,12,RV,E2,0.6891351790681358,1.5800938777259734,1948,0.832279756129236,0.18132295573711532,0.16666666666666666,False
NQ,GLOBEX,B1,1day,12,RV,E4,0.8651204419236131,1.5800938777259734,1948,0.832279756129236,0.18132295573711532,0.16666666666666666,False
NQ,GLOBEX,B1,1day,12,RV,E4_asS05,0.8966989737234355,1.5800938777259734,1948,0.832279756129236,0.18132295573711532,0.16666666666666666,False
NQ,GLOBEX,B1,1day,12,TRV3,E1_a_exp_L1-5,0.6324172839595673,1.7290559390922402,1948,0.832279756129236,0.18132295573711532,0.16666666666666666,False
NQ,GLOBEX,B1,1day,12,TRV3,E1_a_exp_L1-10,0.624679882116624,1.7290559390922402,1948,0.832279756129236,0.18132295573711532,0.16666666666666666,False
NQ,GLOBEX,B1,1day,12,TRV3,E1_d_model_L1-5,0.7131726662050303,1.7290559390922402,1948,0.832279756129236,0.18132295573711532,0.16666666666666666,False
NQ,GLOBEX,B1,1day,12,TRV3,E1_d_model_L1-10,0.7742504977456297,1.7290559390922402,1948,0.832279756129236,0.18132295573711532,0.16666666666666666,False
NQ,GLOBEX,B1,1day,12,TRV3,E2,0.6297646321048634,1.7290559390922402,1948,0.832279756129236,0.18132295573711532,0.16666666666666666,False
NQ,GLOBEX,B1,1day,12,TRV3,E4,0.8966989737234355,1.7290559390922402,1948,0.832279756129236,0.18132295573711532,0.16666666666666666,False
NQ,GLOBEX,B1,1day,12,TRV3,E4_asS05,0.8966989737234355,1.7290559390922402,1948,0.832279756129236,0.18132295573711532,0.16666666666666666,False
NQ,GLOBEX,B1,1day,12,RV,E1_a_exp_L1-5,0.6435292788744317,1.573277287235357,1948,,0.18132295573711532,0.16666666666666666,True
NQ,GLOBEX,B1,1day,12,RV,E1_a_exp_L1-10,0.6300936098123798,1.573277287235357,1948,,0.18132295573711532,0.16666666666666666,True
NQ,GLOBEX,B1,1day,12,RV,E1_d_model_L1-5,0.7257454874683902,1.573277287235357,1948,,0.18132295573711532,0.16666666666666666,True
NQ,GLOBEX,B1,1day,12,RV,E1_d_model_L1-10,0.7928973696077111,1.573277287235357,1948,,0.18132295573711532,0.16666666666666666,True
NQ,GLOBEX,B1,1day,12,RV,E2,0.6889464387060549,1.573277287235357,1948,,0.18132295573711532,0.16666666666666666,True
NQ,GLOBEX,B1,1day,12,RV,E4,0.8640897644793544,1.573277287235357,1948,,0.18132295573711532,0.16666666666666666,True
NQ,GLOBEX,B1,1day,12,RV,E4_asS05,0.8975402031372339,1.573277287235357,1948,,0.18132295573711532,0.16666666666666666,True
NQ,GLOBEX,B1,1day,23,RV,E1_a_exp_L1-5,0.7466800701892061,1.3807796713813238,1948,0.7936164470528939,0.09084666127454626,0.08695652173913043,False
NQ,GLOBEX,B1,1day,23,RV,E1_a_exp_L1-10,0.7206499733651618,1.3807796713813238,1948,0.7936164470528939,0.09084666127454626,0.08695652173913043,False
NQ,GLOBEX,B1,1day,23,RV,E1_d_model_L1-5,0.841223656573403,1.3807796713813238,1948,0.7936164470528939,0.09084666127454626,0.08695652173913043,False
NQ,GLOBEX,B1,1day,23,RV,E1_d_model_L1-10,0.9210692012659284,1.3807796713813238,1948,0.7936164470528939,0.09084666127454626,0.08695652173913043,False
NQ,GLOBEX,B1,1day,23,RV,E2,0.7743818458587616,1.3807796713813238,1948,0.7936164470528939,0.09084666127454626,0.08695652173913043,False
NQ,GLOBEX,B1,1day,23,RV,E4,0.8960224929483268,1.3807796713813238,1948,0.7936164470528939,0.09084666127454626,0.08695652173913043,False
NQ,GLOBEX,B1,1day,23,RV,E4_asS05,0.9235840182204468,1.3807796713813238,1948,0.7936164470528939,0.09084666127454626,0.08695652173913043,False
NQ,GLOBEX,B1,1day,23,TRV3,E1_a_exp_L1-5,0.7389019465346612,1.426416480812638,1948,0.7936164470528939,0.09084666127454626,0.08695652173913043,False
NQ,GLOBEX,B1,1day,23,TRV3,E1_a_exp_L1-10,0.731901834460899,1.426416480812638,1948,0.7936164470528939,0.09084666127454626,0.08695652173913043,False
NQ,GLOBEX,B1,1day,23,TRV3,E1_d_model_L1-5,0.8261111907105507,1.426416480812638,1948,0.7936164470528939,0.09084666127454626,0.08695652173913043,False
NQ,GLOBEX,B1,1day,23,TRV3,E1_d_model_L1-10,0.9216051857031771,1.426416480812638,1948,0.7936164470528939,0.09084666127454626,0.08695652173913043,False
NQ,GLOBEX,B1,1day,23,TRV3,E2,0.7496062510714719,1.426416480812638,1948,0.7936164470528939,0.09084666127454626,0.08695652173913043,False
NQ,GLOBEX,B1,1day,23,TRV3,E4,0.9235840182204468,1.426416480812638,1948,0.7936164470528939,0.09084666127454626,0.08695652173913043,False
NQ,GLOBEX,B1,1day,23,TRV3,E4_asS05,0.9235840182204468,1.426416480812638,1948,0.7936164470528939,0.09084666127454626,0.08695652173913043,False
NQ,GLOBEX,B1,1day,23,RV,E1_a_exp_L1-5,0.7447852159988434,1.3610625716515699,1948,,0.09084666127454626,0.08695652173913043,True
NQ,GLOBEX,B1,1day,23,RV,E1_a_exp_L1-10,0.718349161069879,1.3610625716515699,1948,,0.09084666127454626,0.08695652173913043,True
NQ,GLOBEX,B1,1day,23,RV,E1_d_model_L1-5,0.8602124586278661,1.3610625716515699,1948,,0.09084666127454626,0.08695652173913043,True
NQ,GLOBEX,B1,1day,23,RV,E1_d_model_L1-10,0.9181260789361982,1.3610625716515699,1948,,0.09084666127454626,0.08695652173913043,True
NQ,GLOBEX,B1,1day,23,RV,E2,0.7707887917430233,1.3610625716515699,1948,,0.09084666127454626,0.08695652173913043,True
NQ,GLOBEX,B1,1day,23,RV,E4,0.8950632318099547,1.3610625716515699,1948,,0.09084666127454626,0.08695652173913043,True
NQ,GLOBEX,B1,1day,23,RV,E4_asS05,0.9233439454035035,1.3610625716515699,1948,,0.09084666127454626,0.08695652173913043,True
NQ,GLOBEX,B1,1day,46,RV,E1_a_exp_L1-5,0.7883317413379489,1.289831249860521,1948,0.7245861023761394,0.044437133536578646,0.043478260869565216,False
NQ,GLOBEX,B1,1day,46,RV,E1_a_exp_L1-10,0.7705419667284216,1.289831249860521,1948,0.7245861023761394,0.044437133536578646,0.043478260869565216,False
NQ,GLOBEX,B1,1day,46,RV,E1_d_model_L1-5,0.9104995159840508,1.289831249860521,1948,0.7245861023761394,0.044437133536578646,0.043478260869565216,False
NQ,GLOBEX,B1,1day,46,RV,E1_d_model_L1-10,0.9704308609425942,1.289831249860521,1948,0.7245861023761394,0.044437133536578646,0.043478260869565216,False
NQ,GLOBEX,B1,1day,46,RV,E2,0.8204186645996436,1.289831249860521,1948,0.7245861023761394,0.044437133536578646,0.043478260869565216,False
NQ,GLOBEX,B1,1day,46,RV,E4,0.9271829265948401,1.289831249860521,1948,0.7245861023761394,0.044437133536578646,0.043478260869565216,False
NQ,GLOBEX,B1,1day,46,RV,E4_asS05,0.9558155913962925,1.289831249860521,1948,0.7245861023761394,0.044437133536578646,0.043478260869565216,False
NQ,GLOBEX,B1,1day,46,TRV3,E1_a_exp_L1-5,0.8168653316424016,1.3454789795310587,1948,0.7245861023761394,0.044437133536578646,0.043478260869565216,False
NQ,GLOBEX,B1,1day,46,TRV3,E1_a_exp_L1-10,0.8011900785199425,1.3454789795310587,1948,0.7245861023761394,0.044437133536578646,0.043478260869565216,False
NQ,GLOBEX,B1,1day,46,TRV3,E1_d_model_L1-5,0.9282233906624354,1.3454789795310587,1948,0.7245861023761394,0.044437133536578646,0.043478260869565216,False
NQ,GLOBEX,B1,1day,46,TRV3,E1_d_model_L1-10,1.0398565713083787,1.3454789795310587,1948,0.7245861023761394,0.044437133536578646,0.043478260869565216,False
NQ,GLOBEX,B1,1day,46,TRV3,E2,0.7864869296867604,1.3454789795310587,1948,0.7245861023761394,0.044437133536578646,0.043478260869565216,False
NQ,GLOBEX,B1,1day,46,TRV3,E4,0.9558155913962925,1.3454789795310587,1948,0.7245861023761394,0.044437133536578646,0.043478260869565216,False
NQ,GLOBEX,B1,1day,46,TRV3,E4_asS05,0.9558155913962925,1.3454789795310587,1948,0.7245861023761394,0.044437133536578646,0.043478260869565216,False
NQ,GLOBEX,B1,1day,46,RV,E1_a_exp_L1-5,0.7871235243655935,1.2814125851543743,1948,,0.044437133536578646,0.043478260869565216,True
NQ,GLOBEX,B1,1day,46,RV,E1_a_exp_L1-10,0.7599284920292916,1.2814125851543743,1948,,0.044437133536578646,0.043478260869565216,True
NQ,GLOBEX,B1,1day,46,RV,E1_d_model_L1-5,0.9091124168581245,1.2814125851543743,1948,,0.044437133536578646,0.043478260869565216,True
NQ,GLOBEX,B1,1day,46,RV,E1_d_model_L1-10,0.9712685420234884,1.2814125851543743,1948,,0.044437133536578646,0.043478260869565216,True
NQ,GLOBEX,B1,1day,46,RV,E2,0.8190943315097895,1.2814125851543743,1948,,0.044437133536578646,0.043478260869565216,True
NQ,GLOBEX,B1,1day,46,RV,E4,0.9277850703157859,1.2814125851543743,1948,,0.044437133536578646,0.043478260869565216,True
NQ,GLOBEX,B1,1day,46,RV,E4_asS05,0.9556602516674866,1.2814125851543743,1948,,0.044437133536578646,0.043478260869565216,True
NQ,GLOBEX,B1,1day,138,RV,E1_a_exp_L1-5,0.8347606590345557,1.2003968480859935,1948,0.6845704466867877,0.014598280898442317,0.014492753623188406,False
NQ,GLOBEX,B1,1day,138,RV,E1_a_exp_L1-10,0.8155339739608818,1.2003968480859935,1948,0.6845704466867877,0.014598280898442317,0.014492753623188406,False
NQ,GLOBEX,B1,1day,138,RV,E1_d_model_L1-5,0.9641267446037872,1.2003968480859935,1948,0.6845704466867877,0.014598280898442317,0.014492753623188406,False
NQ,GLOBEX,B1,1day,138,RV,E1_d_model_L1-10,1.0270111504110107,1.2003968480859935,1948,0.6845704466867877,0.014598280898442317,0.014492753623188406,False
NQ,GLOBEX,B1,1day,138,RV,E2,0.8612730685490555,1.2003968480859935,1948,0.6845704466867877,0.014598280898442317,0.014492753623188406,False
NQ,GLOBEX,B1,1day,138,RV,E4,0.9648497579840946,1.2003968480859935,1948,0.6845704466867877,0.014598280898442317,0.014492753623188406,False
NQ,GLOBEX,B1,1day,138,RV,E4_asS05,0.9832371059786714,1.2003968480859935,1948,0.6845704466867877,0.014598280898442317,0.014492753623188406,False
NQ,GLOBEX,B1,1day,138,TRV3,E1_a_exp_L1-5,0.8688725618078043,1.2640192547601081,1948,0.6845704466867877,0.014598280898442317,0.014492753623188406,False
NQ,GLOBEX,B1,1day,138,TRV3,E1_a_exp_L1-10,0.8452549500964309,1.2640192547601081,1948,0.6845704466867877,0.014598280898442317,0.014492753623188406,False
NQ,GLOBEX,B1,1day,138,TRV3,E1_d_model_L1-5,0.9873135314415526,1.2640192547601081,1948,0.6845704466867877,0.014598280898442317,0.014492753623188406,False
NQ,GLOBEX,B1,1day,138,TRV3,E1_d_model_L1-10,1.0802362344159786,1.2640192547601081,1948,0.6845704466867877,0.014598280898442317,0.014492753623188406,False
NQ,GLOBEX,B1,1day,138,TRV3,E2,0.8179222531098633,1.2640192547601081,1948,0.6845704466867877,0.014598280898442317,0.014492753623188406,False
NQ,GLOBEX,B1,1day,138,TRV3,E4,0.9832371059786714,1.2640192547601081,1948,0.6845704466867877,0.014598280898442317,0.014492753623188406,False
NQ,GLOBEX,B1,1day,138,TRV3,E4_asS05,0.9832371059786714,1.2640192547601081,1948,0.6845704466867877,0.014598280898442317,0.014492753623188406,False
NQ,GLOBEX,B1,1day,138,RV,E1_a_exp_L1-5,0.8345219556423974,1.1955491801373395,1948,,0.014598280898442317,0.014492753623188406,True
NQ,GLOBEX,B1,1day,138,RV,E1_a_exp_L1-10,0.8089939198444707,1.1955491801373395,1948,,0.014598280898442317,0.014492753623188406,True
NQ,GLOBEX,B1,1day,138,RV,E1_d_model_L1-5,0.9556556102255928,1.1955491801373395,1948,,0.014598280898442317,0.014492753623188406,True
NQ,GLOBEX,B1,1day,138,RV,E1_d_model_L1-10,1.0189447420504423,1.1955491801373395,1948,,0.014598280898442317,0.014492753623188406,True
NQ,GLOBEX,B1,1day,138,RV,E2,0.8558720441524464,1.1955491801373395,1948,,0.014598280898442317,0.014492753623188406,True
NQ,GLOBEX,B1,1day,138,RV,E4,0.9648198658541978,1.1955491801373395,1948,,0.014598280898442317,0.014492753623188406,True
NQ,GLOBEX,B1,1day,138,RV,E4_asS05,0.9831034826903892,1.1955491801373395,1948,,0.014598280898442317,0.014492753623188406,True
NQ,GLOBEX,B1,1day,345,RV,E1_a_exp_L1-5,0.8505353824537691,1.139072020743408,1948,0.6626409502295734,0.005813937111601127,0.005797101449275362,False
NQ,GLOBEX,B1,1day,345,RV,E1_a_exp_L1-10,0.8281327619138887,1.139072020743408,1948,0.6626409502295734,0.005813937111601127,0.005797101449275362,False
NQ,GLOBEX,B1,1day,345,RV,E1_d_model_L1-5,0.966527808405734,1.139072020743408,1948,0.6626409502295734,0.005813937111601127,0.005797101449275362,False
NQ,GLOBEX,B1,1day,345,RV,E1_d_model_L1-10,1.0583989149823692,1.139072020743408,1948,0.6626409502295734,0.005813937111601127,0.005797101449275362,False
NQ,GLOBEX,B1,1day,345,RV,E2,0.8726067507029949,1.139072020743408,1948,0.6626409502295734,0.005813937111601127,0.005797101449275362,False
NQ,GLOBEX,B1,1day,345,RV,E4,0.9809250495385227,1.139072020743408,1948,0.6626409502295734,0.005813937111601127,0.005797101449275362,False
NQ,GLOBEX,B1,1day,345,RV,E4_asS05,0.9927029437939688,1.139072020743408,1948,0.6626409502295734,0.005813937111601127,0.005797101449275362,False
NQ,GLOBEX,B1,1day,345,TRV3,E1_a_exp_L1-5,0.8875683700605108,1.1963987401798712,1948,0.6626409502295734,0.005813937111601127,0.005797101449275362,False
NQ,GLOBEX,B1,1day,345,TRV3,E1_a_exp_L1-10,0.8665379927468837,1.1963987401798712,1948,0.6626409502295734,0.005813937111601127,0.005797101449275362,False
NQ,GLOBEX,B1,1day,345,TRV3,E1_d_model_L1-5,1.0085942477256449,1.1963987401798712,1948,0.6626409502295734,0.005813937111601127,0.005797101449275362,False
NQ,GLOBEX,B1,1day,345,TRV3,E1_d_model_L1-10,1.074542377616167,1.1963987401798712,1948,0.6626409502295734,0.005813937111601127,0.005797101449275362,False
NQ,GLOBEX,B1,1day,345,TRV3,E2,0.8307948691822957,1.1963987401798712,1948,0.6626409502295734,0.005813937111601127,0.005797101449275362,False
NQ,GLOBEX,B1,1day,345,TRV3,E4,0.9927029437939688,1.1963987401798712,1948,0.6626409502295734,0.005813937111601127,0.005797101449275362,False
NQ,GLOBEX,B1,1day,345,TRV3,E4_asS05,0.9927029437939688,1.1963987401798712,1948,0.6626409502295734,0.005813937111601127,0.005797101449275362,False
NQ,GLOBEX,B1,1day,345,RV,E1_a_exp_L1-5,0.8474701725950968,1.1499174478570116,1948,,0.005813937111601127,0.005797101449275362,True
NQ,GLOBEX,B1,1day,345,RV,E1_a_exp_L1-10,0.8259708955766912,1.1499174478570116,1948,,0.005813937111601127,0.005797101449275362,True
NQ,GLOBEX,B1,1day,345,RV,E1_d_model_L1-5,0.9630668501618354,1.1499174478570116,1948,,0.005813937111601127,0.005797101449275362,True
NQ,GLOBEX,B1,1day,345,RV,E1_d_model_L1-10,1.0557014345590647,1.1499174478570116,1948,,0.005813937111601127,0.005797101449275362,True
NQ,GLOBEX,B1,1day,345,RV,E2,0.8679284367152297,1.1499174478570116,1948,,0.005813937111601127,0.005797101449275362,True
NQ,GLOBEX,B1,1day,345,RV,E4,0.9818796881365415,1.1499174478570116,1948,,0.005813937111601127,0.005797101449275362,True
NQ,GLOBEX,B1,1day,345,RV,E4_asS05,0.9927656780986422,1.1499174478570116,1948,,0.005813937111601127,0.005797101449275362,True
NQ,GLOBEX,B1,1day,1379,RV,E1_a_exp_L1-5,0.8674343876467182,1.0807412909247482,1948,0.6539445932616604,0.001451378555092054,0.0014503263234227702,False
NQ,GLOBEX,B1,1day,1379,RV,E1_a_exp_L1-10,0.8437337718575688,1.0807412909247482,1948,0.6539445932616604,0.001451378555092054,0.0014503263234227702,False
NQ,GLOBEX,B1,1day,1379,RV,E1_d_model_L1-5,0.985717407179997,1.0807412909247482,1948,0.6539445932616604,0.001451378555092054,0.0014503263234227702,False
NQ,GLOBEX,B1,1day,1379,RV,E1_d_model_L1-10,1.0782795406593573,1.0807412909247482,1948,0.6539445932616604,0.001451378555092054,0.0014503263234227702,False
NQ,GLOBEX,B1,1day,1379,RV,E2,0.8745550986722822,1.0807412909247482,1948,0.6539445932616604,0.001451378555092054,0.0014503263234227702,False
NQ,GLOBEX,B1,1day,1379,RV,E4,0.992647308749938,1.0807412909247482,1948,0.6539445932616604,0.001451378555092054,0.0014503263234227702,False
NQ,GLOBEX,B1,1day,1379,RV,E4_asS05,0.9980446522050063,1.0807412909247482,1948,0.6539445932616604,0.001451378555092054,0.0014503263234227702,False
NQ,GLOBEX,B1,1day,1379,TRV3,E1_a_exp_L1-5,0.9027814889504562,1.1255258397651513,1948,0.6539445932616604,0.001451378555092054,0.0014503263234227702,False
NQ,GLOBEX,B1,1day,1379,TRV3,E1_a_exp_L1-10,0.8795596484931067,1.1255258397651513,1948,0.6539445932616604,0.001451378555092054,0.0014503263234227702,False
NQ,GLOBEX,B1,1day,1379,TRV3,E1_d_model_L1-5,1.0258418634413107,1.1255258397651513,1948,0.6539445932616604,0.001451378555092054,0.0014503263234227702,False
NQ,GLOBEX,B1,1day,1379,TRV3,E1_d_model_L1-10,1.1240721661097184,1.1255258397651513,1948,0.6539445932616604,0.001451378555092054,0.0014503263234227702,False
NQ,GLOBEX,B1,1day,1379,TRV3,E2,0.8397566478981225,1.1255258397651513,1948,0.6539445932616604,0.001451378555092054,0.0014503263234227702,False
NQ,GLOBEX,B1,1day,1379,TRV3,E4,0.9980446522050063,1.1255258397651513,1948,0.6539445932616604,0.001451378555092054,0.0014503263234227702,False
NQ,GLOBEX,B1,1day,1379,TRV3,E4_asS05,0.9980446522050063,1.1255258397651513,1948,0.6539445932616604,0.001451378555092054,0.0014503263234227702,False
ES,RTH,B0,1day,5,RV,E1_a_exp_L1-5,0.6273147038008355,1.9488508622192238,1901,0.9015429226955076,0.4903577561002349,0.4,False
ES,RTH,B0,1day,5,RV,E1_a_exp_L1-10,0.6125788300804927,1.9488508622192238,1901,0.9015429226955076,0.4903577561002349,0.4,False
ES,RTH,B0,1day,5,RV,E1_d_model_L1-5,0.70659474234165,1.9488508622192238,1901,0.9015429226955076,0.4903577561002349,0.4,False
ES,RTH,B0,1day,5,RV,E1_d_model_L1-10,0.7712922933012172,1.9488508622192238,1901,0.9015429226955076,0.4903577561002349,0.4,False
ES,RTH,B0,1day,5,RV,E2,0.6674569053956986,1.9488508622192238,1901,0.9015429226955076,0.4903577561002349,0.4,False
ES,RTH,B0,1day,5,RV,E4,0.8432273980600034,1.9488508622192238,1901,0.9015429226955076,0.4903577561002349,0.4,False
ES,RTH,B0,1day,5,RV,E4_asS05,0.9987898809130052,1.9488508622192238,1901,0.9015429226955076,0.4903577561002349,0.4,False
ES,RTH,B0,1day,5,TRV3,E1_a_exp_L1-5,0.005341735488819563,245.5733744898941,1901,0.9015429226955076,0.4903577561002349,0.4,False
ES,RTH,B0,1day,5,TRV3,E1_a_exp_L1-10,0.005417278269616723,245.5733744898941,1901,0.9015429226955076,0.4903577561002349,0.4,False
ES,RTH,B0,1day,5,TRV3,E1_d_model_L1-5,0.005867767404848834,245.5733744898941,1901,0.9015429226955076,0.4903577561002349,0.4,False
ES,RTH,B0,1day,5,TRV3,E1_d_model_L1-10,0.006724071127536152,245.5733744898941,1901,0.9015429226955076,0.4903577561002349,0.4,False
ES,RTH,B0,1day,5,TRV3,E2,0.005296885170375471,245.5733744898941,1901,0.9015429226955076,0.4903577561002349,0.4,False
ES,RTH,B0,1day,5,TRV3,E4,0.9987898809130052,245.5733744898941,1901,0.9015429226955076,0.4903577561002349,0.4,False
ES,RTH,B0,1day,5,TRV3,E4_asS05,0.9987898809130052,245.5733744898941,1901,0.9015429226955076,0.4903577561002349,0.4,False
ES,RTH,B0,1day,5,RV,E1_a_exp_L1-5,0.6315274201288207,2.0093851792714505,1901,,0.4903577561002349,0.4,True
ES,RTH,B0,1day,5,RV,E1_a_exp_L1-10,0.6137125385999975,2.0093851792714505,1901,,0.4903577561002349,0.4,True
ES,RTH,B0,1day,5,RV,E1_d_model_L1-5,0.7114032911443968,2.0093851792714505,1901,,0.4903577561002349,0.4,True
ES,RTH,B0,1day,5,RV,E1_d_model_L1-10,0.7966121997488573,2.0093851792714505,1901,,0.4903577561002349,0.4,True
ES,RTH,B0,1day,5,RV,E2,1.5266336533762708,2.0093851792714505,1901,,0.4903577561002349,0.4,True
ES,RTH,B0,1day,5,RV,E4,0.8480247307516392,2.0093851792714505,1901,,0.4903577561002349,0.4,True
ES,RTH,B0,1day,5,RV,E4_asS05,0.9987914131028528,2.0093851792714505,1901,,0.4903577561002349,0.4,True
ES,RTH,B0,1day,6,RV,E1_a_exp_L1-5,0.655928561259615,1.8260915595278078,1901,0.9158467408596486,0.39493406684822646,0.3333333333333333,False
ES,RTH,B0,1day,6,RV,E1_a_exp_L1-10,0.6346399656460675,1.8260915595278078,1901,0.9158467408596486,0.39493406684822646,0.3333333333333333,False
ES,RTH,B0,1day,6,RV,E1_d_model_L1-5,0.7389427015807432,1.8260915595278078,1901,0.9158467408596486,0.39493406684822646,0.3333333333333333,False
ES,RTH,B0,1day,6,RV,E1_d_model_L1-10,0.8111208718814993,1.8260915595278078,1901,0.9158467408596486,0.39493406684822646,0.3333333333333333,False
ES,RTH,B0,1day,6,RV,E2,0.7070567530122667,1.8260915595278078,1901,0.9158467408596486,0.39493406684822646,0.3333333333333333,False
ES,RTH,B0,1day,6,RV,E4,0.8516898995043191,1.8260915595278078,1901,0.9158467408596486,0.39493406684822646,0.3333333333333333,False
ES,RTH,B0,1day,6,RV,E4_asS05,0.8762862664573361,1.8260915595278078,1901,0.9158467408596486,0.39493406684822646,0.3333333333333333,False
ES,RTH,B0,1day,6,TRV3,E1_a_exp_L1-5,0.5732337770434696,2.0919853416059415,1901,0.9158467408596486,0.39493406684822646,0.3333333333333333,False
ES,RTH,B0,1day,6,TRV3,E1_a_exp_L1-10,0.5662592680193215,2.0919853416059415,1901,0.9158467408596486,0.39493406684822646,0.3333333333333333,False
ES,RTH,B0,1day,6,TRV3,E1_d_model_L1-5,0.6514242462667086,2.0919853416059415,1901,0.9158467408596486,0.39493406684822646,0.3333333333333333,False
ES,RTH,B0,1day,6,TRV3,E1_d_model_L1-10,0.7242748387402262,2.0919853416059415,1901,0.9158467408596486,0.39493406684822646,0.3333333333333333,False
ES,RTH,B0,1day,6,TRV3,E2,0.6171890132804031,2.0919853416059415,1901,0.9158467408596486,0.39493406684822646,0.3333333333333333,False
ES,RTH,B0,1day,6,TRV3,E4,0.8762862664573361,2.0919853416059415,1901,0.9158467408596486,0.39493406684822646,0.3333333333333333,False
ES,RTH,B0,1day,6,TRV3,E4_asS05,0.8762862664573361,2.0919853416059415,1901,0.9158467408596486,0.39493406684822646,0.3333333333333333,False
ES,RTH,B0,1day,6,RV,E1_a_exp_L1-5,0.6500043405052057,1.8821090274739858,1901,,0.39493406684822646,0.3333333333333333,True
ES,RTH,B0,1day,6,RV,E1_a_exp_L1-10,0.6349366370850295,1.8821090274739858,1901,,0.39493406684822646,0.3333333333333333,True
ES,RTH,B0,1day,6,RV,E1_d_model_L1-5,0.7386036615868067,1.8821090274739858,1901,,0.39493406684822646,0.3333333333333333,True
ES,RTH,B0,1day,6,RV,E1_d_model_L1-10,0.7873295141367133,1.8821090274739858,1901,,0.39493406684822646,0.3333333333333333,True
ES,RTH,B0,1day,6,RV,E2,0.7092230017530152,1.8821090274739858,1901,,0.39493406684822646,0.3333333333333333,True
ES,RTH,B0,1day,6,RV,E4,0.8571371537468031,1.8821090274739858,1901,,0.39493406684822646,0.3333333333333333,True
ES,RTH,B0,1day,6,RV,E4_asS05,0.8785137075405784,1.8821090274739858,1901,,0.39493406684822646,0.3333333333333333,True
ES,RTH,B0,1day,10,RV,E1_a_exp_L1-5,0.7313086143340269,1.6040631157317915,1901,0.9151594016412837,0.22132295573711533,0.2,False
ES,RTH,B0,1day,10,RV,E1_a_exp_L1-10,0.7069781746479008,1.6040631157317915,1901,0.9151594016412837,0.22132295573711533,0.2,False
ES,RTH,B0,1day,10,RV,E1_d_model_L1-5,0.8309264481049718,1.6040631157317915,1901,0.9151594016412837,0.22132295573711533,0.2,False
ES,RTH,B0,1day,10,RV,E1_d_model_L1-10,0.889733327328457,1.6040631157317915,1901,0.9151594016412837,0.22132295573711533,0.2,False
ES,RTH,B0,1day,10,RV,E2,0.7964025744051493,1.6040631157317915,1901,0.9151594016412837,0.22132295573711533,0.2,False
ES,RTH,B0,1day,10,RV,E4,0.8817457411539824,1.6040631157317915,1901,0.9151594016412837,0.22132295573711533,0.2,False
ES,RTH,B0,1day,10,RV,E4_asS05,0.900682313272714,1.6040631157317915,1901,0.9151594016412837,0.22132295573711533,0.2,False
ES,RTH,B0,1day,10,TRV3,E1_a_exp_L1-5,0.7151536187766501,1.7646559161249258,1901,0.9151594016412837,0.22132295573711533,0.2,False
ES,RTH,B0,1day,10,TRV3,E1_a_exp_L1-10,0.6952345164942622,1.7646559161249258,1901,0.9151594016412837,0.22132295573711533,0.2,False
ES,RTH,B0,1day,10,TRV3,E1_d_model_L1-5,0.8125663018283178,1.7646559161249258,1901,0.9151594016412837,0.22132295573711533,0.2,False
ES,RTH,B0,1day,10,TRV3,E1_d_model_L1-10,0.8885309824356725,1.7646559161249258,1901,0.9151594016412837,0.22132295573711533,0.2,False
ES,RTH,B0,1day,10,TRV3,E2,0.7239258278080691,1.7646559161249258,1901,0.9151594016412837,0.22132295573711533,0.2,False
ES,RTH,B0,1day,10,TRV3,E4,0.900682313272714,1.7646559161249258,1901,0.9151594016412837,0.22132295573711533,0.2,False
ES,RTH,B0,1day,10,TRV3,E4_asS05,0.900682313272714,1.7646559161249258,1901,0.9151594016412837,0.22132295573711533,0.2,False
ES,RTH,B0,1day,10,RV,E1_a_exp_L1-5,0.7326001961374884,1.6428267408479846,1901,,0.22132295573711533,0.2,True
ES,RTH,B0,1day,10,RV,E1_a_exp_L1-10,0.7102030564871616,1.6428267408479846,1901,,0.22132295573711533,0.2,True
ES,RTH,B0,1day,10,RV,E1_d_model_L1-5,0.8253522032361907,1.6428267408479846,1901,,0.22132295573711533,0.2,True
ES,RTH,B0,1day,10,RV,E1_d_model_L1-10,0.8807266958760319,1.6428267408479846,1901,,0.22132295573711533,0.2,True
ES,RTH,B0,1day,10,RV,E2,0.7884309894761649,1.6428267408479846,1901,,0.22132295573711533,0.2,True
ES,RTH,B0,1day,10,RV,E4,0.8853536500700394,1.6428267408479846,1901,,0.22132295573711533,0.2,True
ES,RTH,B0,1day,10,RV,E4_asS05,0.900459926221098,1.6428267408479846,1901,,0.22132295573711533,0.2,True
ES,RTH,B0,1day,13,RV,E1_a_exp_L1-5,0.7739656873281198,1.5283148259668886,1901,0.9109099060959448,0.16628453574995827,0.15384615384615385,False
ES,RTH,B0,1day,13,RV,E1_a_exp_L1-10,0.7428795728329085,1.5283148259668886,1901,0.9109099060959448,0.16628453574995827,0.15384615384615385,False
ES,RTH,B0,1day,13,RV,E1_d_model_L1-5,0.8862676413925266,1.5283148259668886,1901,0.9109099060959448,0.16628453574995827,0.15384615384615385,False
ES,RTH,B0,1day,13,RV,E1_d_model_L1-10,0.9495354133467978,1.5283148259668886,1901,0.9109099060959448,0.16628453574995827,0.15384615384615385,False
ES,RTH,B0,1day,13,RV,E2,0.8100563833884549,1.5283148259668886,1901,0.9109099060959448,0.16628453574995827,0.15384615384615385,False
ES,RTH,B0,1day,13,RV,E4,0.8970874059697475,1.5283148259668886,1901,0.9109099060959448,0.16628453574995827,0.15384615384615385,False
ES,RTH,B0,1day,13,RV,E4_asS05,0.9118447260631064,1.5283148259668886,1901,0.9109099060959448,0.16628453574995827,0.15384615384615385,False
ES,RTH,B0,1day,13,TRV3,E1_a_exp_L1-5,0.7569009851366737,1.6082953288788993,1901,0.9109099060959448,0.16628453574995827,0.15384615384615385,False
ES,RTH,B0,1day,13,TRV3,E1_a_exp_L1-10,0.7371436739541779,1.6082953288788993,1901,0.9109099060959448,0.16628453574995827,0.15384615384615385,False
ES,RTH,B0,1day,13,TRV3,E1_d_model_L1-5,0.8741570881671378,1.6082953288788993,1901,0.9109099060959448,0.16628453574995827,0.15384615384615385,False
ES,RTH,B0,1day,13,TRV3,E1_d_model_L1-10,0.9567860228953285,1.6082953288788993,1901,0.9109099060959448,0.16628453574995827,0.15384615384615385,False
ES,RTH,B0,1day,13,TRV3,E2,0.7697722914265291,1.6082953288788993,1901,0.9109099060959448,0.16628453574995827,0.15384615384615385,False
ES,RTH,B0,1day,13,TRV3,E4,0.9118447260631064,1.6082953288788993,1901,0.9109099060959448,0.16628453574995827,0.15384615384615385,False
ES,RTH,B0,1day,13,TRV3,E4_asS05,0.9118447260631064,1.6082953288788993,1901,0.9109099060959448,0.16628453574995827,0.15384615384615385,False
ES,RTH,B0,1day,13,RV,E1_a_exp_L1-5,0.7619401377063835,1.5827020522025446,1901,,0.16628453574995827,0.15384615384615385,True
ES,RTH,B0,1day,13,RV,E1_a_exp_L1-10,0.7297327813998421,1.5827020522025446,1901,,0.16628453574995827,0.15384615384615385,True
ES,RTH,B0,1day,13,RV,E1_d_model_L1-5,0.8800659702583836,1.5827020522025446,1901,,0.16628453574995827,0.15384615384615385,True
ES,RTH,B0,1day,13,RV,E1_d_model_L1-10,0.918587665852143,1.5827020522025446,1901,,0.16628453574995827,0.15384615384615385,True
ES,RTH,B0,1day,13,RV,E2,0.811407086453184,1.5827020522025446,1901,,0.16628453574995827,0.15384615384615385,True
ES,RTH,B0,1day,13,RV,E4,0.9000203561963412,1.5827020522025446,1901,,0.16628453574995827,0.15384615384615385,True
ES,RTH,B0,1day,13,RV,E4_asS05,0.9172786483069104,1.5827020522025446,1901,,0.16628453574995827,0.15384615384615385,True
ES,RTH,B0,1day,26,RV,E1_a_exp_L1-5,0.8128292911187651,1.3813160554355983,1901,0.88505408045381,0.07995742842732394,0.07692307692307693,False
ES,RTH,B0,1day,26,RV,E1_a_exp_L1-10,0.7890254060085443,1.3813160554355983,1901,0.88505408045381,0.07995742842732394,0.07692307692307693,False
ES,RTH,B0,1day,26,RV,E1_d_model_L1-5,0.9387854430072614,1.3813160554355983,1901,0.88505408045381,0.07995742842732394,0.07692307692307693,False
ES,RTH,B0,1day,26,RV,E1_d_model_L1-10,0.9784766251560678,1.3813160554355983,1901,0.88505408045381,0.07995742842732394,0.07692307692307693,False
ES,RTH,B0,1day,26,RV,E2,0.8618667460988569,1.3813160554355983,1901,0.88505408045381,0.07995742842732394,0.07692307692307693,False
ES,RTH,B0,1day,26,RV,E4,0.9331665322112556,1.3813160554355983,1901,0.88505408045381,0.07995742842732394,0.07692307692307693,False
ES,RTH,B0,1day,26,RV,E4_asS05,0.9466743434530042,1.3813160554355983,1901,0.88505408045381,0.07995742842732394,0.07692307692307693,False
ES,RTH,B0,1day,26,TRV3,E1_a_exp_L1-5,0.8158122165494835,1.4462162227329574,1901,0.88505408045381,0.07995742842732394,0.07692307692307693,False
ES,RTH,B0,1day,26,TRV3,E1_a_exp_L1-10,0.7976861446099016,1.4462162227329574,1901,0.88505408045381,0.07995742842732394,0.07692307692307693,False
ES,RTH,B0,1day,26,TRV3,E1_d_model_L1-5,0.9421977734377094,1.4462162227329574,1901,0.88505408045381,0.07995742842732394,0.07692307692307693,False
ES,RTH,B0,1day,26,TRV3,E1_d_model_L1-10,1.0045837873195265,1.4462162227329574,1901,0.88505408045381,0.07995742842732394,0.07692307692307693,False
ES,RTH,B0,1day,26,TRV3,E2,0.823189752209144,1.4462162227329574,1901,0.88505408045381,0.07995742842732394,0.07692307692307693,False
ES,RTH,B0,1day,26,TRV3,E4,0.9466743434530042,1.4462162227329574,1901,0.88505408045381,0.07995742842732394,0.07692307692307693,False
ES,RTH,B0,1day,26,TRV3,E4_asS05,0.9466743434530042,1.4462162227329574,1901,0.88505408045381,0.07995742842732394,0.07692307692307693,False
ES,RTH,B0,1day,26,RV,E1_a_exp_L1-5,0.8056395295915727,1.4553948986306082,1901,,0.07995742842732394,0.07692307692307693,True
ES,RTH,B0,1day,26,RV,E1_a_exp_L1-10,0.7778958227502764,1.4553948986306082,1901,,0.07995742842732394,0.07692307692307693,True
ES,RTH,B0,1day,26,RV,E1_d_model_L1-5,0.9154849039215346,1.4553948986306082,1901,,0.07995742842732394,0.07692307692307693,True
ES,RTH,B0,1day,26,RV,E1_d_model_L1-10,0.9790933862192064,1.4553948986306082,1901,,0.07995742842732394,0.07692307692307693,True
ES,RTH,B0,1day,26,RV,E2,0.8645444845890833,1.4553948986306082,1901,,0.07995742842732394,0.07692307692307693,True
ES,RTH,B0,1day,26,RV,E4,0.9368408387356097,1.4553948986306082,1901,,0.07995742842732394,0.07692307692307693,True
ES,RTH,B0,1day,26,RV,E4_asS05,0.9483796324056215,1.4553948986306082,1901,,0.07995742842732394,0.07692307692307693,True
ES,RTH,B0,1day,78,RV,E1_a_exp_L1-5,0.8474522049531936,1.2879430297423513,1901,0.8481204607811696,0.025972566037214765,0.02564102564102564,False
ES,RTH,B0,1day,78,RV,E1_a_exp_L1-10,0.8289729187432558,1.2879430297423513,1901,0.8481204607811696,0.025972566037214765,0.02564102564102564,False
ES,RTH,B0,1day,78,RV,E1_d_model_L1-5,0.9630099641775965,1.2879430297423513,1901,0.8481204607811696,0.025972566037214765,0.02564102564102564,False
ES,RTH,B0,1day,78,RV,E1_d_model_L1-10,1.0279695299502454,1.2879430297423513,1901,0.8481204607811696,0.025972566037214765,0.02564102564102564,False
ES,RTH,B0,1day,78,RV,E2,0.9005703779751143,1.2879430297423513,1901,0.8481204607811696,0.025972566037214765,0.02564102564102564,False
ES,RTH,B0,1day,78,RV,E4,0.9700216321002775,1.2879430297423513,1901,0.8481204607811696,0.025972566037214765,0.02564102564102564,False
ES,RTH,B0,1day,78,RV,E4_asS05,0.9794365433388177,1.2879430297423513,1901,0.8481204607811696,0.025972566037214765,0.02564102564102564,False
ES,RTH,B0,1day,78,TRV3,E1_a_exp_L1-5,0.8545417068972164,1.359173265603428,1901,0.8481204607811696,0.025972566037214765,0.02564102564102564,False
ES,RTH,B0,1day,78,TRV3,E1_a_exp_L1-10,0.8360921004606936,1.359173265603428,1901,0.8481204607811696,0.025972566037214765,0.02564102564102564,False
ES,RTH,B0,1day,78,TRV3,E1_d_model_L1-5,0.9711007313380849,1.359173265603428,1901,0.8481204607811696,0.025972566037214765,0.02564102564102564,False
ES,RTH,B0,1day,78,TRV3,E1_d_model_L1-10,1.0368889476715224,1.359173265603428,1901,0.8481204607811696,0.025972566037214765,0.02564102564102564,False
ES,RTH,B0,1day,78,TRV3,E2,0.8533741579963562,1.359173265603428,1901,0.8481204607811696,0.025972566037214765,0.02564102564102564,False
ES,RTH,B0,1day,78,TRV3,E4,0.9794365433388177,1.359173265603428,1901,0.8481204607811696,0.025972566037214765,0.02564102564102564,False
ES,RTH,B0,1day,78,TRV3,E4_asS05,0.9794365433388177,1.359173265603428,1901,0.8481204607811696,0.025972566037214765,0.02564102564102564,False
ES,RTH,B0,1day,78,RV,E1_a_exp_L1-5,0.8397277243847584,1.3105217861923566,1901,,0.025972566037214765,0.02564102564102564,True
ES,RTH,B0,1day,78,RV,E1_a_exp_L1-10,0.8110099942073467,1.3105217861923566,1901,,0.025972566037214765,0.02564102564102564,True
ES,RTH,B0,1day,78,RV,E1_d_model_L1-5,0.9542696344153642,1.3105217861923566,1901,,0.025972566037214765,0.02564102564102564,True
ES,RTH,B0,1day,78,RV,E1_d_model_L1-10,1.0207237588641216,1.3105217861923566,1901,,0.025972566037214765,0.02564102564102564,True
ES,RTH,B0,1day,78,RV,E2,0.8962691729464296,1.3105217861923566,1901,,0.025972566037214765,0.02564102564102564,True
ES,RTH,B0,1day,78,RV,E4,0.970567825023681,1.3105217861923566,1901,,0.025972566037214765,0.02564102564102564,True
ES,RTH,B0,1day,78,RV,E4_asS05,0.9794526387634412,1.3105217861923566,1901,,0.025972566037214765,0.02564102564102564,True
ES,RTH,B0,1day,195,RV,E1_a_exp_L1-5,0.8629249409445876,1.1822887198092387,1901,0.8284416826771146,0.01030918704702152,0.010256410256410256,False
ES,RTH,B0,1day,195,RV,E1_a_exp_L1-10,0.8331638168286821,1.1822887198092387,1901,0.8284416826771146,0.01030918704702152,0.010256410256410256,False
ES,RTH,B0,1day,195,RV,E1_d_model_L1-5,0.9806241377657948,1.1822887198092387,1901,0.8284416826771146,0.01030918704702152,0.010256410256410256,False
ES,RTH,B0,1day,195,RV,E1_d_model_L1-10,1.0485801643481902,1.1822887198092387,1901,0.8284416826771146,0.01030918704702152,0.010256410256410256,False
ES,RTH,B0,1day,195,RV,E2,0.9102063914659567,1.1822887198092387,1901,0.8284416826771146,0.01030918704702152,0.010256410256410256,False
ES,RTH,B0,1day,195,RV,E4,0.984802588637176,1.1822887198092387,1901,0.8284416826771146,0.01030918704702152,0.010256410256410256,False
ES,RTH,B0,1day,195,RV,E4_asS05,0.9905112929964889,1.1822887198092387,1901,0.8284416826771146,0.01030918704702152,0.010256410256410256,False
ES,RTH,B0,1day,195,TRV3,E1_a_exp_L1-5,0.8736715100677921,1.2161012986302815,1901,0.8284416826771146,0.01030918704702152,0.010256410256410256,False
ES,RTH,B0,1day,195,TRV3,E1_a_exp_L1-10,0.8538812825997149,1.2161012986302815,1901,0.8284416826771146,0.01030918704702152,0.010256410256410256,False
ES,RTH,B0,1day,195,TRV3,E1_d_model_L1-5,0.9928383514002542,1.2161012986302815,1901,0.8284416826771146,0.01030918704702152,0.010256410256410256,False
ES,RTH,B0,1day,195,TRV3,E1_d_model_L1-10,1.058830925621142,1.2161012986302815,1901,0.8284416826771146,0.01030918704702152,0.010256410256410256,False
ES,RTH,B0,1day,195,TRV3,E2,0.8848989393733361,1.2161012986302815,1901,0.8284416826771146,0.01030918704702152,0.010256410256410256,False
ES,RTH,B0,1day,195,TRV3,E4,0.9905112929964889,1.2161012986302815,1901,0.8284416826771146,0.01030918704702152,0.010256410256410256,False
ES,RTH,B0,1day,195,TRV3,E4_asS05,0.9905112929964889,1.2161012986302815,1901,0.8284416826771146,0.01030918704702152,0.010256410256410256,False
ES,RTH,B0,1day,195,RV,E1_a_exp_L1-5,0.8605704877603872,1.2091725548557313,1901,,0.01030918704702152,0.010256410256410256,True
ES,RTH,B0,1day,195,RV,E1_a_exp_L1-10,0.830379234366854,1.2091725548557313,1901,,0.01030918704702152,0.010256410256410256,True
ES,RTH,B0,1day,195,RV,E1_d_model_L1-5,0.9779412393927391,1.2091725548557313,1901,,0.01030918704702152,0.010256410256410256,True
ES,RTH,B0,1day,195,RV,E1_d_model_L1-10,1.0450758051404305,1.2091725548557313,1901,,0.01030918704702152,0.010256410256410256,True
ES,RTH,B0,1day,195,RV,E2,0.9058451287492801,1.2091725548557313,1901,,0.01030918704702152,0.010256410256410256,True
ES,RTH,B0,1day,195,RV,E4,0.985222074503503,1.2091725548557313,1901,,0.01030918704702152,0.010256410256410256,True
ES,RTH,B0,1day,195,RV,E4_asS05,0.9907075005016213,1.2091725548557313,1901,,0.01030918704702152,0.010256410256410256,True
ES,RTH,B0,1day,389,RV,E1_a_exp_L1-5,0.8725345742170832,1.090467395405732,1901,0.8259490816344459,0.0051546277620026035,0.005141388174807198,False
ES,RTH,B0,1day,389,RV,E1_a_exp_L1-10,0.8526747007863412,1.090467395405732,1901,0.8259490816344459,0.0051546277620026035,0.005141388174807198,False
ES,RTH,B0,1day,389,RV,E1_d_model_L1-5,0.9915229346713357,1.090467395405732,1901,0.8259490816344459,0.0051546277620026035,0.005141388174807198,False
ES,RTH,B0,1day,389,RV,E1_d_model_L1-10,1.0572630822084754,1.090467395405732,1901,0.8259490816344459,0.0051546277620026035,0.005141388174807198,False
ES,RTH,B0,1day,389,RV,E2,0.911645734847303,1.090467395405732,1901,0.8259490816344459,0.0051546277620026035,0.005141388174807198,False
ES,RTH,B0,1day,389,RV,E4,0.9909029798563422,1.090467395405732,1901,0.8259490816344459,0.0051546277620026035,0.005141388174807198,False
ES,RTH,B0,1day,389,RV,E4_asS05,0.9948456267945216,1.090467395405732,1901,0.8259490816344459,0.0051546277620026035,0.005141388174807198,False
ES,RTH,B0,1day,389,TRV3,E1_a_exp_L1-5,0.8797118105948181,1.1170199669649374,1901,0.8259490816344459,0.0051546277620026035,0.005141388174807198,False
ES,RTH,B0,1day,389,TRV3,E1_a_exp_L1-10,0.8578814492305761,1.1170199669649374,1901,0.8259490816344459,0.0051546277620026035,0.005141388174807198,False
ES,RTH,B0,1day,389,TRV3,E1_d_model_L1-5,0.999668788580816,1.1170199669649374,1901,0.8259490816344459,0.0051546277620026035,0.005141388174807198,False
ES,RTH,B0,1day,389,TRV3,E1_d_model_L1-10,1.0964068146287673,1.1170199669649374,1901,0.8259490816344459,0.0051546277620026035,0.005141388174807198,False
ES,RTH,B0,1day,389,TRV3,E2,0.8899750939213855,1.1170199669649374,1901,0.8259490816344459,0.0051546277620026035,0.005141388174807198,False
ES,RTH,B0,1day,389,TRV3,E4,0.9948456267945216,1.1170199669649374,1901,0.8259490816344459,0.0051546277620026035,0.005141388174807198,False
ES,RTH,B0,1day,389,TRV3,E4_asS05,0.9948456267945216,1.1170199669649374,1901,0.8259490816344459,0.0051546277620026035,0.005141388174807198,False
ES,RTH,B0,1h,4,RV,E1_a_exp_L1-5,0.6117799511818128,2.290181392006856,11406,0.9284615120345546,0.6449340668482266,0.5,False
ES,RTH,B0,1h,4,RV,E1_a_exp_L1-10,0.5960596497055307,2.290181392006856,11406,0.9284615120345546,0.6449340668482266,0.5,False
ES,RTH,B0,1h,4,RV,E1_d_model_L1-5,0.7257862648387808,2.290181392006856,11406,0.9284615120345546,0.6449340668482266,0.5,False
ES,RTH,B0,1h,4,RV,E1_d_model_L1-10,0.716946062576247,2.290181392006856,11406,0.9284615120345546,0.6449340668482266,0.5,False
ES,RTH,B0,1h,4,RV,E2,2.000991535379179,2.290181392006856,11406,0.9284615120345546,0.6449340668482266,0.5,False
ES,RTH,B0,1h,4,RV,E4,0.8523581297174689,2.290181392006856,11406,0.9284615120345546,0.6449340668482266,0.5,False
ES,RTH,B0,1h,4,RV,E4_asS05,0.9998813037596884,2.290181392006856,11406,0.9284615120345546,0.6449340668482266,0.5,False
ES,RTH,B0,1h,4,TRV3,E1_a_exp_L1-5,0.012000543882732998,2806.363877582249,11406,0.9284615120345546,0.6449340668482266,0.5,False
ES,RTH,B0,1h,4,TRV3,E1_a_exp_L1-10,0.020536167749843345,2806.363877582249,11406,0.9284615120345546,0.6449340668482266,0.5,False
ES,RTH,B0,1h,4,TRV3,E1_d_model_L1-5,0.36840826474387117,2806.363877582249,11406,0.9284615120345546,0.6449340668482266,0.5,False
ES,RTH,B0,1h,4,TRV3,E1_d_model_L1-10,0.02283205225020712,2806.363877582249,11406,0.9284615120345546,0.6449340668482266,0.5,False
ES,RTH,B0,1h,4,TRV3,E2,0.0016329434741145098,2806.363877582249,11406,0.9284615120345546,0.6449340668482266,0.5,False
ES,RTH,B0,1h,4,TRV3,E4,0.9998813037596884,2806.363877582249,11406,0.9284615120345546,0.6449340668482266,0.5,False
ES,RTH,B0,1h,4,TRV3,E4_asS05,0.9998813037596884,2806.363877582249,11406,0.9284615120345546,0.6449340668482266,0.5,False
ES,RTH,B0,1h,4,RV,E1_a_exp_L1-5,0.042471308919191264,42.587210536287316,11406,,0.6449340668482266,0.5,True
ES,RTH,B0,1h,4,RV,E1_a_exp_L1-10,0.04120895246404443,42.587210536287316,11406,,0.6449340668482266,0.5,True
ES,RTH,B0,1h,4,RV,E1_d_model_L1-5,0.05163926129097945,42.587210536287316,11406,,0.6449340668482266,0.5,True
ES,RTH,B0,1h,4,RV,E1_d_model_L1-10,0.05190872164731911,42.587210536287316,11406,,0.6449340668482266,0.5,True
ES,RTH,B0,1h,4,RV,E2,1.015428567348237,42.587210536287316,11406,,0.6449340668482266,0.5,True
ES,RTH,B0,1h,4,RV,E4,0.9920500859243069,42.587210536287316,11406,,0.6449340668482266,0.5,True
ES,RTH,B0,1h,4,RV,E4_asS05,0.9999242792470789,42.587210536287316,11406,,0.6449340668482266,0.5,True
ES,RTH,B0,1h,5,RV,E1_a_exp_L1-5,0.6521564170040444,2.1377636090752703,11406,0.9316255432567718,0.4903577561002349,0.4,False
ES,RTH,B0,1h,5,RV,E1_a_exp_L1-10,0.6380542511224553,2.1377636090752703,11406,0.9316255432567718,0.4903577561002349,0.4,False
ES,RTH,B0,1h,5,RV,E1_d_model_L1-5,0.7864882900327158,2.1377636090752703,11406,0.9316255432567718,0.4903577561002349,0.4,False
ES,RTH,B0,1h,5,RV,E1_d_model_L1-10,0.7791348464201205,2.1377636090752703,11406,0.9316255432567718,0.4903577561002349,0.4,False
ES,RTH,B0,1h,5,RV,E2,1.9991876077661606,2.1377636090752703,11406,0.9316255432567718,0.4903577561002349,0.4,False
ES,RTH,B0,1h,5,RV,E4,0.8623838246365333,2.1377636090752703,11406,0.9316255432567718,0.4903577561002349,0.4,False
ES,RTH,B0,1h,5,RV,E4_asS05,0.9998205898237407,2.1377636090752703,11406,0.9316255432567718,0.4903577561002349,0.4,False
ES,RTH,B0,1h,5,TRV3,E1_a_exp_L1-5,0.012518331394556216,1609.1038559928909,11406,0.9316255432567718,0.4903577561002349,0.4,False
ES,RTH,B0,1h,5,TRV3,E1_a_exp_L1-10,0.007915206227279491,1609.1038559928909,11406,0.9316255432567718,0.4903577561002349,0.4,False
ES,RTH,B0,1h,5,TRV3,E1_d_model_L1-5,0.012455747769745526,1609.1038559928909,11406,0.9316255432567718,0.4903577561002349,0.4,False
ES,RTH,B0,1h,5,TRV3,E1_d_model_L1-10,0.008816916597075543,1609.1038559928909,11406,0.9316255432567718,0.4903577561002349,0.4,False
ES,RTH,B0,1h,5,TRV3,E2,0.0026560066335554323,1609.1038559928909,11406,0.9316255432567718,0.4903577561002349,0.4,False
ES,RTH,B0,1h,5,TRV3,E4,0.9998205898237407,1609.1038559928909,11406,0.9316255432567718,0.4903577561002349,0.4,False
ES,RTH,B0,1h,5,TRV3,E4_asS05,0.9998205898237407,1609.1038559928909,11406,0.9316255432567718,0.4903577561002349,0.4,False
ES,RTH,B0,1h,5,RV,E1_a_exp_L1-5,0.6556500078647827,2.1477368205112635,11406,,0.4903577561002349,0.4,True
ES,RTH,B0,1h,5,RV,E1_a_exp_L1-10,0.6412845302874403,2.1477368205112635,11406,,0.4903577561002349,0.4,True
ES,RTH,B0,1h,5,RV,E1_d_model_L1-5,0.7906256354987701,2.1477368205112635,11406,,0.4903577561002349,0.4,True
ES,RTH,B0,1h,5,RV,E1_d_model_L1-10,0.7598097555222156,2.1477368205112635,11406,,0.4903577561002349,0.4,True
ES,RTH,B0,1h,5,RV,E2,2.741205443536772,2.1477368205112635,11406,,0.4903577561002349,0.4,True
ES,RTH,B0,1h,5,RV,E4,0.8637392819833645,2.1477368205112635,11406,,0.4903577561002349,0.4,True
ES,RTH,B0,1h,5,RV,E4_asS05,0.9998213576467666,2.1477368205112635,11406,,0.4903577561002349,0.4,True
ES,RTH,B0,1h,6,RV,E1_a_exp_L1-5,0.6854014249534279,2.0478772170965818,11406,0.9382811206695486,0.39493406684822646,0.3333333333333333,False
ES,RTH,B0,1h,6,RV,E1_a_exp_L1-10,0.6648898634022303,2.0478772170965818,11406,0.9382811206695486,0.39493406684822646,0.3333333333333333,False
ES,RTH,B0,1h,6,RV,E1_d_model_L1-5,0.8194072564144029,2.0478772170965818,11406,0.9382811206695486,0.39493406684822646,0.3333333333333333,False
ES,RTH,B0,1h,6,RV,E1_d_model_L1-10,0.8119214173899025,2.0478772170965818,11406,0.9382811206695486,0.39493406684822646,0.3333333333333333,False
ES,RTH,B0,1h,6,RV,E2,1.2884060231509873,2.0478772170965818,11406,0.9382811206695486,0.39493406684822646,0.3333333333333333,False
ES,RTH,B0,1h,6,RV,E4,0.8741848439164525,2.0478772170965818,11406,0.9382811206695486,0.39493406684822646,0.3333333333333333,False
ES,RTH,B0,1h,6,RV,E4_asS05,0.9995549221307659,2.0478772170965818,11406,0.9382811206695486,0.39493406684822646,0.3333333333333333,False
ES,RTH,B0,1h,6,TRV3,E1_a_exp_L1-5,0.005566392985956104,566.0161115481939,11406,0.9382811206695486,0.39493406684822646,0.3333333333333333,False
ES,RTH,B0,1h,6,TRV3,E1_a_exp_L1-10,0.005462505409027539,566.0161115481939,11406,0.9382811206695486,0.39493406684822646,0.3333333333333333,False
ES,RTH,B0,1h,6,TRV3,E1_d_model_L1-5,0.0064390972592781905,566.0161115481939,11406,0.9382811206695486,0.39493406684822646,0.3333333333333333,False
ES,RTH,B0,1h,6,TRV3,E1_d_model_L1-10,0.006373098156258483,566.0161115481939,11406,0.9382811206695486,0.39493406684822646,0.3333333333333333,False
ES,RTH,B0,1h,6,TRV3,E2,0.004661523386611692,566.0161115481939,11406,0.9382811206695486,0.39493406684822646,0.3333333333333333,False
ES,RTH,B0,1h,6,TRV3,E4,0.9995549221307659,566.0161115481939,11406,0.9382811206695486,0.39493406684822646,0.3333333333333333,False
ES,RTH,B0,1h,6,TRV3,E4_asS05,0.9995549221307659,566.0161115481939,11406,0.9382811206695486,0.39493406684822646,0.3333333333333333,False
ES,RTH,B0,1h,6,RV,E1_a_exp_L1-5,0.6859710342983366,2.0346912810043545,11406,,0.39493406684822646,0.3333333333333333,True
ES,RTH,B0,1h,6,RV,E1_a_exp_L1-10,0.6613323113191367,2.0346912810043545,11406,,0.39493406684822646,0.3333333333333333,True
ES,RTH,B0,1h,6,RV,E1_d_model_L1-5,0.8067265982272499,2.0346912810043545,11406,,0.39493406684822646,0.3333333333333333,True
ES,RTH,B0,1h,6,RV,E1_d_model_L1-10,0.795481739532315,2.0346912810043545,11406,,0.39493406684822646,0.3333333333333333,True
ES,RTH,B0,1h,6,RV,E2,1.5593360538975207,2.0346912810043545,11406,,0.39493406684822646,0.3333333333333333,True
ES,RTH,B0,1h,6,RV,E4,0.8730456968768194,2.0346912810043545,11406,,0.39493406684822646,0.3333333333333333,True
ES,RTH,B0,1h,6,RV,E4_asS05,0.9996094555665386,2.0346912810043545,11406,,0.39493406684822646,0.3333333333333333,True
ES,RTH,B0,1h,10,RV,E1_a_exp_L1-5,0.7366152782281654,1.8316367808086953,11406,0.93836923334722,0.22132295573711533,0.2,False
ES,RTH,B0,1h,10,RV,E1_a_exp_L1-10,0.7105336436980084,1.8316367808086953,11406,0.93836923334722,0.22132295573711533,0.2,False
ES,RTH,B0,1h,10,RV,E1_d_model_L1-5,0.8663982229946591,1.8316367808086953,11406,0.93836923334722,0.22132295573711533,0.2,False
ES,RTH,B0,1h,10,RV,E1_d_model_L1-10,0.8546632277430536,1.8316367808086953,11406,0.93836923334722,0.22132295573711533,0.2,False
ES,RTH,B0,1h,10,RV,E2,0.8498677406524652,1.8316367808086953,11406,0.93836923334722,0.22132295573711533,0.2,False
ES,RTH,B0,1h,10,RV,E4,0.9024433851490606,1.8316367808086953,11406,0.93836923334722,0.22132295573711533,0.2,False
ES,RTH,B0,1h,10,RV,E4_asS05,0.9986221805564532,1.8316367808086953,11406,0.93836923334722,0.22132295573711533,0.2,False
ES,RTH,B0,1h,10,TRV3,E1_a_exp_L1-5,0.019351582771603384,122.90379141657739,11406,0.93836923334722,0.22132295573711533,0.2,False
ES,RTH,B0,1h,10,TRV3,E1_a_exp_L1-10,0.016806125530371793,122.90379141657739,11406,0.93836923334722,0.22132295573711533,0.2,False
ES,RTH,B0,1h,10,TRV3,E1_d_model_L1-5,0.026502105752912685,122.90379141657739,11406,0.93836923334722,0.22132295573711533,0.2,False
ES,RTH,B0,1h,10,TRV3,E1_d_model_L1-10,0.022861157465127253,122.90379141657739,11406,0.93836923334722,0.22132295573711533,0.2,False
ES,RTH,B0,1h,10,TRV3,E2,0.012665589846009241,122.90379141657739,11406,0.93836923334722,0.22132295573711533,0.2,False
ES,RTH,B0,1h,10,TRV3,E4,0.9986221805564532,122.90379141657739,11406,0.93836923334722,0.22132295573711533,0.2,False
ES,RTH,B0,1h,10,TRV3,E4_asS05,0.9986221805564532,122.90379141657739,11406,0.93836923334722,0.22132295573711533,0.2,False
ES,RTH,B0,1h,10,RV,E1_a_exp_L1-5,0.7309533774390633,1.8503250891200793,11406,,0.22132295573711533,0.2,True
ES,RTH,B0,1h,10,RV,E1_a_exp_L1-10,0.7147545230872314,1.8503250891200793,11406,,0.22132295573711533,0.2,True
ES,RTH,B0,1h,10,RV,E1_d_model_L1-5,0.8814172309408038,1.8503250891200793,11406,,0.22132295573711533,0.2,True
ES,RTH,B0,1h,10,RV,E1_d_model_L1-10,0.8727923222766257,1.8503250891200793,11406,,0.22132295573711533,0.2,True
ES,RTH,B0,1h,10,RV,E2,0.8483817352983466,1.8503250891200793,11406,,0.22132295573711533,0.2,True
ES,RTH,B0,1h,10,RV,E4,0.9033722787054143,1.8503250891200793,11406,,0.22132295573711533,0.2,True
ES,RTH,B0,1h,10,RV,E4_asS05,0.9979439066135658,1.8503250891200793,11406,,0.22132295573711533,0.2,True
ES,RTH,B0,1h,12,RV,E1_a_exp_L1-5,0.7407534826492566,1.7888184172749784,11406,0.9381296755637394,0.18132295573711532,0.16666666666666666,False
ES,RTH,B0,1h,12,RV,E1_a_exp_L1-10,0.724572091751987,1.7888184172749784,11406,0.9381296755637394,0.18132295573711532,0.16666666666666666,False
ES,RTH,B0,1h,12,RV,E1_d_model_L1-5,0.893294056648802,1.7888184172749784,11406,0.9381296755637394,0.18132295573711532,0.16666666666666666,False
ES,RTH,B0,1h,12,RV,E1_d_model_L1-10,0.8847594447252729,1.7888184172749784,11406,0.9381296755637394,0.18132295573711532,0.16666666666666666,False
ES,RTH,B0,1h,12,RV,E2,0.8645618737558912,1.7888184172749784,11406,0.9381296755637394,0.18132295573711532,0.16666666666666666,False
ES,RTH,B0,1h,12,RV,E4,0.9130253418966772,1.7888184172749784,11406,0.9381296755637394,0.18132295573711532,0.16666666666666666,False
ES,RTH,B0,1h,12,RV,E4_asS05,0.9227374884457412,1.7888184172749784,11406,0.9381296755637394,0.18132295573711532,0.16666666666666666,False
ES,RTH,B0,1h,12,TRV3,E1_a_exp_L1-5,0.7267018127031666,1.8897297378375733,11406,0.9381296755637394,0.18132295573711532,0.16666666666666666,False
ES,RTH,B0,1h,12,TRV3,E1_a_exp_L1-10,0.7118543185864862,1.8897297378375733,11406,0.9381296755637394,0.18132295573711532,0.16666666666666666,False
ES,RTH,B0,1h,12,TRV3,E1_d_model_L1-5,0.8763610568878403,1.8897297378375733,11406,0.9381296755637394,0.18132295573711532,0.16666666666666666,False
ES,RTH,B0,1h,12,TRV3,E1_d_model_L1-10,0.8433907182566248,1.8897297378375733,11406,0.9381296755637394,0.18132295573711532,0.16666666666666666,False
ES,RTH,B0,1h,12,TRV3,E2,0.8183943829015575,1.8897297378375733,11406,0.9381296755637394,0.18132295573711532,0.16666666666666666,False
ES,RTH,B0,1h,12,TRV3,E4,0.9227374884457412,1.8897297378375733,11406,0.9381296755637394,0.18132295573711532,0.16666666666666666,False
ES,RTH,B0,1h,12,TRV3,E4_asS05,0.9227374884457412,1.8897297378375733,11406,0.9381296755637394,0.18132295573711532,0.16666666666666666,False
ES,RTH,B0,1h,12,RV,E1_a_exp_L1-5,0.7460582951107326,1.7776246912818077,11406,,0.18132295573711532,0.16666666666666666,True
ES,RTH,B0,1h,12,RV,E1_a_exp_L1-10,0.7261783777946105,1.7776246912818077,11406,,0.18132295573711532,0.16666666666666666,True
ES,RTH,B0,1h,12,RV,E1_d_model_L1-5,0.8850318927268057,1.7776246912818077,11406,,0.18132295573711532,0.16666666666666666,True
ES,RTH,B0,1h,12,RV,E1_d_model_L1-10,0.8734296503620166,1.7776246912818077,11406,,0.18132295573711532,0.16666666666666666,True
ES,RTH,B0,1h,12,RV,E2,1.0532706455340648,1.7776246912818077,11406,,0.18132295573711532,0.16666666666666666,True
ES,RTH,B0,1h,12,RV,E4,0.9120455074009475,1.7776246912818077,11406,,0.18132295573711532,0.16666666666666666,True
ES,RTH,B0,1h,12,RV,E4_asS05,0.9224113686644129,1.7776246912818077,11406,,0.18132295573711532,0.16666666666666666,True
ES,RTH,B0,1h,15,RV,E1_a_exp_L1-5,0.768160584512544,1.7090042676361088,11406,0.9308286479080836,0.1426158966967038,0.13333333333333333,False
ES,RTH,B0,1h,15,RV,E1_a_exp_L1-10,0.7408853535684942,1.7090042676361088,11406,0.9308286479080836,0.1426158966967038,0.13333333333333333,False
ES,RTH,B0,1h,15,RV,E1_d_model_L1-5,0.9034560231403841,1.7090042676361088,11406,0.9308286479080836,0.1426158966967038,0.13333333333333333,False
ES,RTH,B0,1h,15,RV,E1_d_model_L1-10,0.8911875789005346,1.7090042676361088,11406,0.9308286479080836,0.1426158966967038,0.13333333333333333,False
ES,RTH,B0,1h,15,RV,E2,0.8708449936254052,1.7090042676361088,11406,0.9308286479080836,0.1426158966967038,0.13333333333333333,False
ES,RTH,B0,1h,15,RV,E4,0.9229782321405021,1.7090042676361088,11406,0.9308286479080836,0.1426158966967038,0.13333333333333333,False
ES,RTH,B0,1h,15,RV,E4_asS05,0.9318450911753715,1.7090042676361088,11406,0.9308286479080836,0.1426158966967038,0.13333333333333333,False
ES,RTH,B0,1h,15,TRV3,E1_a_exp_L1-5,0.7539300990652402,1.7716301559735268,11406,0.9308286479080836,0.1426158966967038,0.13333333333333333,False
ES,RTH,B0,1h,15,TRV3,E1_a_exp_L1-10,0.7337161083692311,1.7716301559735268,11406,0.9308286479080836,0.1426158966967038,0.13333333333333333,False
ES,RTH,B0,1h,15,TRV3,E1_d_model_L1-5,0.8944179630159785,1.7716301559735268,11406,0.9308286479080836,0.1426158966967038,0.13333333333333333,False
ES,RTH,B0,1h,15,TRV3,E1_d_model_L1-10,0.8825393271677221,1.7716301559735268,11406,0.9308286479080836,0.1426158966967038,0.13333333333333333,False
ES,RTH,B0,1h,15,TRV3,E2,0.840061231480639,1.7716301559735268,11406,0.9308286479080836,0.1426158966967038,0.13333333333333333,False
ES,RTH,B0,1h,15,TRV3,E4,0.9318450911753715,1.7716301559735268,11406,0.9308286479080836,0.1426158966967038,0.13333333333333333,False
ES,RTH,B0,1h,15,TRV3,E4_asS05,0.9318450911753715,1.7716301559735268,11406,0.9308286479080836,0.1426158966967038,0.13333333333333333,False
ES,RTH,B0,1h,15,RV,E1_a_exp_L1-5,0.7652633738175542,1.702007639173318,11406,,0.1426158966967038,0.13333333333333333,True
ES,RTH,B0,1h,15,RV,E1_a_exp_L1-10,0.737758673987224,1.702007639173318,11406,,0.1426158966967038,0.13333333333333333,True
ES,RTH,B0,1h,15,RV,E1_d_model_L1-5,0.9000061759538497,1.702007639173318,11406,,0.1426158966967038,0.13333333333333333,True
ES,RTH,B0,1h,15,RV,E1_d_model_L1-10,0.8873909174714504,1.702007639173318,11406,,0.1426158966967038,0.13333333333333333,True
ES,RTH,B0,1h,15,RV,E2,0.8684813796779021,1.702007639173318,11406,,0.1426158966967038,0.13333333333333333,True
ES,RTH,B0,1h,15,RV,E4,0.9222747014284695,1.702007639173318,11406,,0.1426158966967038,0.13333333333333333,True
ES,RTH,B0,1h,15,RV,E4_asS05,0.9316354753781076,1.702007639173318,11406,,0.1426158966967038,0.13333333333333333,True
ES,RTH,B0,1h,20,RV,E1_a_exp_L1-5,0.7731737918519842,1.6451706106667912,11406,0.9243023355064154,0.10516633568168576,0.1,False
ES,RTH,B0,1h,20,RV,E1_a_exp_L1-10,0.7529764088870242,1.6451706106667912,11406,0.9243023355064154,0.10516633568168576,0.1,False
ES,RTH,B0,1h,20,RV,E1_d_model_L1-5,0.9172385433038457,1.6451706106667912,11406,0.9243023355064154,0.10516633568168576,0.1,False
ES,RTH,B0,1h,20,RV,E1_d_model_L1-10,0.9056850540950387,1.6451706106667912,11406,0.9243023355064154,0.10516633568168576,0.1,False
ES,RTH,B0,1h,20,RV,E2,0.8987169951203806,1.6451706106667912,11406,0.9243023355064154,0.10516633568168576,0.1,False
ES,RTH,B0,1h,20,RV,E4,0.9365922611577143,1.6451706106667912,11406,0.9243023355064154,0.10516633568168576,0.1,False
ES,RTH,B0,1h,20,RV,E4_asS05,0.9451884597670974,1.6451706106667912,11406,0.9243023355064154,0.10516633568168576,0.1,False
ES,RTH,B0,1h,20,TRV3,E1_a_exp_L1-5,0.7714569976079757,1.7047084321409325,11406,0.9243023355064154,0.10516633568168576,0.1,False
ES,RTH,B0,1h,20,TRV3,E1_a_exp_L1-10,0.7523934131854874,1.7047084321409325,11406,0.9243023355064154,0.10516633568168576,0.1,False
ES,RTH,B0,1h,20,TRV3,E1_d_model_L1-5,0.9151740729457293,1.7047084321409325,11406,0.9243023355064154,0.10516633568168576,0.1,False
ES,RTH,B0,1h,20,TRV3,E1_d_model_L1-10,0.9049605905030815,1.7047084321409325,11406,0.9243023355064154,0.10516633568168576,0.1,False
ES,RTH,B0,1h,20,TRV3,E2,0.867328840405821,1.7047084321409325,11406,0.9243023355064154,0.10516633568168576,0.1,False
ES,RTH,B0,1h,20,TRV3,E4,0.9451884597670974,1.7047084321409325,11406,0.9243023355064154,0.10516633568168576,0.1,False
ES,RTH,B0,1h,20,TRV3,E4_asS05,0.9451884597670974,1.7047084321409325,11406,0.9243023355064154,0.10516633568168576,0.1,False
ES,RTH,B0,1h,20,RV,E1_a_exp_L1-5,0.7747258757568322,1.641763569881586,11406,,0.10516633568168576,0.1,True
ES,RTH,B0,1h,20,RV,E1_a_exp_L1-10,0.748039566314761,1.641763569881586,11406,,0.10516633568168576,0.1,True
ES,RTH,B0,1h,20,RV,E1_d_model_L1-5,0.9111912338215741,1.641763569881586,11406,,0.10516633568168576,0.1,True
ES,RTH,B0,1h,20,RV,E1_d_model_L1-10,0.8997971954636119,1.641763569881586,11406,,0.10516633568168576,0.1,True
ES,RTH,B0,1h,20,RV,E2,0.8940284233791096,1.641763569881586,11406,,0.10516633568168576,0.1,True
ES,RTH,B0,1h,20,RV,E4,0.9352787822770601,1.641763569881586,11406,,0.10516633568168576,0.1,True
ES,RTH,B0,1h,20,RV,E4_asS05,0.9441659831627799,1.641763569881586,11406,,0.10516633568168576,0.1,True
ES,RTH,B0,1h,30,RV,E1_a_exp_L1-5,0.7922347837720244,1.5483130471458506,11406,0.914452525831234,0.0689382278476838,0.06666666666666667,False
ES,RTH,B0,1h,30,RV,E1_a_exp_L1-10,0.7716485355311693,1.5483130471458506,11406,0.914452525831234,0.0689382278476838,0.06666666666666667,False
ES,RTH,B0,1h,30,RV,E1_d_model_L1-5,0.9398514571805439,1.5483130471458506,11406,0.914452525831234,0.0689382278476838,0.06666666666666667,False
ES,RTH,B0,1h,30,RV,E1_d_model_L1-10,0.9281656224897392,1.5483130471458506,11406,0.914452525831234,0.0689382278476838,0.06666666666666667,False
ES,RTH,B0,1h,30,RV,E2,0.9137200319415585,1.5483130471458506,11406,0.914452525831234,0.0689382278476838,0.06666666666666667,False
ES,RTH,B0,1h,30,RV,E4,0.9516292010739045,1.5483130471458506,11406,0.914452525831234,0.0689382278476838,0.06666666666666667,False
ES,RTH,B0,1h,30,RV,E4_asS05,0.9594614162120205,1.5483130471458506,11406,0.914452525831234,0.0689382278476838,0.06666666666666667,False
ES,RTH,B0,1h,30,TRV3,E1_a_exp_L1-5,0.7975056872333927,1.5852252995704585,11406,0.914452525831234,0.0689382278476838,0.06666666666666667,False
ES,RTH,B0,1h,30,TRV3,E1_a_exp_L1-10,0.7770002018402777,1.5852252995704585,11406,0.914452525831234,0.0689382278476838,0.06666666666666667,False
ES,RTH,B0,1h,30,TRV3,E1_d_model_L1-5,0.9461024370178529,1.5852252995704585,11406,0.914452525831234,0.0689382278476838,0.06666666666666667,False
ES,RTH,B0,1h,30,TRV3,E1_d_model_L1-10,0.9345733666818032,1.5852252995704585,11406,0.914452525831234,0.0689382278476838,0.06666666666666667,False
ES,RTH,B0,1h,30,TRV3,E2,0.8924438988432621,1.5852252995704585,11406,0.914452525831234,0.0689382278476838,0.06666666666666667,False
ES,RTH,B0,1h,30,TRV3,E4,0.9594614162120205,1.5852252995704585,11406,0.914452525831234,0.0689382278476838,0.06666666666666667,False
ES,RTH,B0,1h,30,TRV3,E4_asS05,0.9594614162120205,1.5852252995704585,11406,0.914452525831234,0.0689382278476838,0.06666666666666667,False
ES,RTH,B0,1h,30,RV,E1_a_exp_L1-5,0.789598026321012,1.5261326292823019,11406,,0.0689382278476838,0.06666666666666667,True
ES,RTH,B0,1h,30,RV,E1_a_exp_L1-10,0.7689173245910227,1.5261326292823019,11406,,0.0689382278476838,0.06666666666666667,True
ES,RTH,B0,1h,30,RV,E1_d_model_L1-5,0.936660063371994,1.5261326292823019,11406,,0.0689382278476838,0.06666666666666667,True
ES,RTH,B0,1h,30,RV,E1_d_model_L1-10,0.9248731499619847,1.5261326292823019,11406,,0.0689382278476838,0.06666666666666667,True
ES,RTH,B0,1h,30,RV,E2,0.91095790082248,1.5261326292823019,11406,,0.0689382278476838,0.06666666666666667,True
ES,RTH,B0,1h,30,RV,E4,0.9492467078080746,1.5261326292823019,11406,,0.0689382278476838,0.06666666666666667,True
ES,RTH,B0,1h,30,RV,E4_asS05,0.9577073316752128,1.5261326292823019,11406,,0.0689382278476838,0.06666666666666667,True
ES,RTH,B0,1h,60,RV,E1_a_exp_L1-5,0.8079767076055749,1.379757187868818,11406,0.9035161935963858,0.033895060357739946,0.03333333333333333,False
ES,RTH,B0,1h,60,RV,E1_a_exp_L1-10,0.7867068061189891,1.379757187868818,11406,0.9035161935963858,0.033895060357739946,0.03333333333333333,False
ES,RTH,B0,1h,60,RV,E1_d_model_L1-5,0.9585205996835159,1.379757187868818,11406,0.9035161935963858,0.033895060357739946,0.03333333333333333,False
ES,RTH,B0,1h,60,RV,E1_d_model_L1-10,0.9462640788095144,1.379757187868818,11406,0.9035161935963858,0.033895060357739946,0.03333333333333333,False
ES,RTH,B0,1h,60,RV,E2,0.9308850207198343,1.379757187868818,11406,0.9035161935963858,0.033895060357739946,0.03333333333333333,False
ES,RTH,B0,1h,60,RV,E4,0.9702478219644329,1.379757187868818,11406,0.9035161935963858,0.033895060357739946,0.03333333333333333,False
ES,RTH,B0,1h,60,RV,E4_asS05,0.9763658320587016,1.379757187868818,11406,0.9035161935963858,0.033895060357739946,0.03333333333333333,False
ES,RTH,B0,1h,60,TRV3,E1_a_exp_L1-5,0.8191122112401045,1.3955928062837561,11406,0.9035161935963858,0.033895060357739946,0.03333333333333333,False
ES,RTH,B0,1h,60,TRV3,E1_a_exp_L1-10,0.7980117493783812,1.3955928062837561,11406,0.9035161935963858,0.033895060357739946,0.03333333333333333,False
ES,RTH,B0,1h,60,TRV3,E1_d_model_L1-5,0.971723941854561,1.3955928062837561,11406,0.9035161935963858,0.033895060357739946,0.03333333333333333,False
ES,RTH,B0,1h,60,TRV3,E1_d_model_L1-10,0.9598351922332073,1.3955928062837561,11406,0.9035161935963858,0.033895060357739946,0.03333333333333333,False
ES,RTH,B0,1h,60,TRV3,E2,0.9203223838891426,1.3955928062837561,11406,0.9035161935963858,0.033895060357739946,0.03333333333333333,False
ES,RTH,B0,1h,60,TRV3,E4,0.9763658320587016,1.3955928062837561,11406,0.9035161935963858,0.033895060357739946,0.03333333333333333,False
ES,RTH,B0,1h,60,TRV3,E4_asS05,0.9763658320587016,1.3955928062837561,11406,0.9035161935963858,0.033895060357739946,0.03333333333333333,False
ES,RTH,B0,30min,5,RV,E1_a_exp_L1-5,0.7561982218302142,2.147580458450691,22812,0.9261710392572926,0.4903577561002349,0.4,False
ES,RTH,B0,30min,5,RV,E1_a_exp_L1-10,0.6688364163285259,2.147580458450691,22812,0.9261710392572926,0.4903577561002349,0.4,False
ES,RTH,B0,30min,5,RV,E1_d_model_L1-5,0.9089081355963751,2.147580458450691,22812,0.9261710392572926,0.4903577561002349,0.4,False
ES,RTH,B0,30min,5,RV,E1_d_model_L1-10,0.8427531545787378,2.147580458450691,22812,0.9261710392572926,0.4903577561002349,0.4,False
ES,RTH,B0,30min,5,RV,E2,2.8513679344295446,2.147580458450691,22812,0.9261710392572926,0.4903577561002349,0.4,False
ES,RTH,B0,30min,5,RV,E4,0.862715436989615,2.147580458450691,22812,0.9261710392572926,0.4903577561002349,0.4,False
ES,RTH,B0,30min,5,RV,E4_asS05,0.9999309675547687,2.147580458450691,22812,0.9261710392572926,0.4903577561002349,0.4,False
ES,RTH,B0,30min,5,TRV3,E1_a_exp_L1-5,0.022418597727631762,4147.823915208883,22812,0.9261710392572926,0.4903577561002349,0.4,False
ES,RTH,B0,30min,5,TRV3,E1_a_exp_L1-10,0.02253769225651844,4147.823915208883,22812,0.9261710392572926,0.4903577561002349,0.4,False
ES,RTH,B0,30min,5,TRV3,E1_d_model_L1-5,0.02458708199451115,4147.823915208883,22812,0.9261710392572926,0.4903577561002349,0.4,False
ES,RTH,B0,30min,5,TRV3,E1_d_model_L1-10,0.024047267533893486,4147.823915208883,22812,0.9261710392572926,0.4903577561002349,0.4,False
ES,RTH,B0,30min,5,TRV3,E2,0.0014763264258592379,4147.823915208883,22812,0.9261710392572926,0.4903577561002349,0.4,False
ES,RTH,B0,30min,5,TRV3,E4,0.9999309675547687,4147.823915208883,22812,0.9261710392572926,0.4903577561002349,0.4,False
ES,RTH,B0,30min,5,TRV3,E4_asS05,0.9999309675547687,4147.823915208883,22812,0.9261710392572926,0.4903577561002349,0.4,False
ES,RTH,B0,30min,5,RV,E1_a_exp_L1-5,0.03128522503375144,62.40745727442291,22812,,0.4903577561002349,0.4,True
ES,RTH,B0,30min,5,RV,E1_a_exp_L1-10,0.02771861389921285,62.40745727442291,22812,,0.4903577561002349,0.4,True
ES,RTH,B0,30min,5,RV,E1_d_model_L1-5,0.037613820856684334,62.40745727442291,22812,,0.4903577561002349,0.4,True
ES,RTH,B0,30min,5,RV,E1_d_model_L1-10,0.03656253640484329,62.40745727442291,22812,,0.4903577561002349,0.4,True
ES,RTH,B0,30min,5,RV,E2,1.0320421342886508,62.40745727442291,22812,,0.4903577561002349,0.4,True
ES,RTH,B0,30min,5,RV,E4,0.9952777058353651,62.40745727442291,22812,,0.4903577561002349,0.4,True
ES,RTH,B0,30min,5,RV,E4_asS05,0.999947268219286,62.40745727442291,22812,,0.4903577561002349,0.4,True
ES,RTH,B0,30min,6,RV,E1_a_exp_L1-5,0.7841243333526765,2.05985104937167,22812,0.9323606871818028,0.39493406684822646,0.3333333333333333,False
ES,RTH,B0,30min,6,RV,E1_a_exp_L1-10,0.6867246145881448,2.05985104937167,22812,0.9323606871818028,0.39493406684822646,0.3333333333333333,False
ES,RTH,B0,30min,6,RV,E1_d_model_L1-5,0.9344699574445179,2.05985104937167,22812,0.9323606871818028,0.39493406684822646,0.3333333333333333,False
ES,RTH,B0,30min,6,RV,E1_d_model_L1-10,0.8919360609207934,2.05985104937167,22812,0.9323606871818028,0.39493406684822646,0.3333333333333333,False
ES,RTH,B0,30min,6,RV,E2,1.5500971956739886,2.05985104937167,22812,0.9323606871818028,0.39493406684822646,0.3333333333333333,False
ES,RTH,B0,30min,6,RV,E4,0.8740535915230602,2.05985104937167,22812,0.9323606871818028,0.39493406684822646,0.3333333333333333,False
ES,RTH,B0,30min,6,RV,E4_asS05,0.9998524570715869,2.05985104937167,22812,0.9323606871818028,0.39493406684822646,0.3333333333333333,False
ES,RTH,B0,30min,6,TRV3,E1_a_exp_L1-5,0.016021701254203626,1705.8410086061815,22812,0.9323606871818028,0.39493406684822646,0.3333333333333333,False
ES,RTH,B0,30min,6,TRV3,E1_a_exp_L1-10,0.009255173215829617,1705.8410086061815,22812,0.9323606871818028,0.39493406684822646,0.3333333333333333,False
ES,RTH,B0,30min,6,TRV3,E1_d_model_L1-5,0.022391169145433366,1705.8410086061815,22812,0.9323606871818028,0.39493406684822646,0.3333333333333333,False
ES,RTH,B0,30min,6,TRV3,E1_d_model_L1-10,0.017809518808603503,1705.8410086061815,22812,0.9323606871818028,0.39493406684822646,0.3333333333333333,False
ES,RTH,B0,30min,6,TRV3,E2,0.0018717860099670591,1705.8410086061815,22812,0.9323606871818028,0.39493406684822646,0.3333333333333333,False
ES,RTH,B0,30min,6,TRV3,E4,0.9998524570715869,1705.8410086061815,22812,0.9323606871818028,0.39493406684822646,0.3333333333333333,False
ES,RTH,B0,30min,6,TRV3,E4_asS05,0.9998524570715869,1705.8410086061815,22812,0.9323606871818028,0.39493406684822646,0.3333333333333333,False
ES,RTH,B0,30min,6,RV,E1_a_exp_L1-5,0.07891825031730376,22.126013545497376,22812,,0.39493406684822646,0.3333333333333333,True
ES,RTH,B0,30min,6,RV,E1_a_exp_L1-10,0.0679511418943278,22.126013545497376,22812,,0.39493406684822646,0.3333333333333333,True
ES,RTH,B0,30min,6,RV,E1_d_model_L1-5,0.09728731480280549,22.126013545497376,22812,,0.39493406684822646,0.3333333333333333,True
ES,RTH,B0,30min,6,RV,E1_d_model_L1-10,0.08829015955599996,22.126013545497376,22812,,0.39493406684822646,0.3333333333333333,True
ES,RTH,B0,30min,6,RV,E2,1.074042331062868,22.126013545497376,22812,,0.39493406684822646,0.3333333333333333,True
ES,RTH,B0,30min,6,RV,E4,0.988203988090599,22.126013545497376,22812,,0.39493406684822646,0.3333333333333333,True
ES,RTH,B0,30min,6,RV,E4_asS05,0.9999215927837737,22.126013545497376,22812,,0.39493406684822646,0.3333333333333333,True
ES,RTH,B0,30min,10,RV,E1_a_exp_L1-5,0.8459374914554041,1.8133454017242416,22812,0.9321148654376268,0.22132295573711533,0.2,False
ES,RTH,B0,30min,10,RV,E1_a_exp_L1-10,0.7490846179845766,1.8133454017242416,22812,0.9321148654376268,0.22132295573711533,0.2,False
ES,RTH,B0,30min,10,RV,E1_d_model_L1-5,1.016822591482278,1.8133454017242416,22812,0.9321148654376268,0.22132295573711533,0.2,False
ES,RTH,B0,30min,10,RV,E1_d_model_L1-10,0.9438921985792744,1.8133454017242416,22812,0.9321148654376268,0.22132295573711533,0.2,False
ES,RTH,B0,30min,10,RV,E2,0.941316128418579,1.8133454017242416,22812,0.9321148654376268,0.22132295573711533,0.2,False
ES,RTH,B0,30min,10,RV,E4,0.9009891167803926,1.8133454017242416,22812,0.9321148654376268,0.22132295573711533,0.2,False
ES,RTH,B0,30min,10,RV,E4_asS05,0.999581111887568,1.8133454017242416,22812,0.9321148654376268,0.22132295573711533,0.2,False
ES,RTH,B0,30min,10,TRV3,E1_a_exp_L1-5,0.05628722370576306,404.0593887765693,22812,0.9321148654376268,0.22132295573711533,0.2,False
ES,RTH,B0,30min,10,TRV3,E1_a_exp_L1-10,0.057941364444485444,404.0593887765693,22812,0.9321148654376268,0.22132295573711533,0.2,False
ES,RTH,B0,30min,10,TRV3,E1_d_model_L1-5,0.05405212084430938,404.0593887765693,22812,0.9321148654376268,0.22132295573711533,0.2,False
ES,RTH,B0,30min,10,TRV3,E1_d_model_L1-10,0.08239124036573918,404.0593887765693,22812,0.9321148654376268,0.22132295573711533,0.2,False
ES,RTH,B0,30min,10,TRV3,E2,0.00422445640529484,404.0593887765693,22812,0.9321148654376268,0.22132295573711533,0.2,False
ES,RTH,B0,30min,10,TRV3,E4,0.999581111887568,404.0593887765693,22812,0.9321148654376268,0.22132295573711533,0.2,False
ES,RTH,B0,30min,10,TRV3,E4_asS05,0.999581111887568,404.0593887765693,22812,0.9321148654376268,0.22132295573711533,0.2,False
ES,RTH,B0,30min,10,RV,E1_a_exp_L1-5,0.8373915259708348,1.7676681082609176,22812,,0.22132295573711533,0.2,True
ES,RTH,B0,30min,10,RV,E1_a_exp_L1-10,0.7437698285064062,1.7676681082609176,22812,,0.22132295573711533,0.2,True
ES,RTH,B0,30min,10,RV,E1_d_model_L1-5,1.0065502181049903,1.7676681082609176,22812,,0.22132295573711533,0.2,True
ES,RTH,B0,30min,10,RV,E1_d_model_L1-10,0.9371724737387938,1.7676681082609176,22812,,0.22132295573711533,0.2,True
ES,RTH,B0,30min,10,RV,E2,0.8133811275721002,1.7676681082609176,22812,,0.22132295573711533,0.2,True
ES,RTH,B0,30min,10,RV,E4,0.8996852164137531,1.7676681082609176,22812,,0.22132295573711533,0.2,True
ES,RTH,B0,30min,10,RV,E4_asS05,0.9997215075427829,1.7676681082609176,22812,,0.22132295573711533,0.2,True
ES,RTH,B0,30min,15,RV,E1_a_exp_L1-5,0.8819288246836594,1.6698530817990072,22812,0.9281984688766233,0.1426158966967038,0.13333333333333333,False
ES,RTH,B0,30min,15,RV,E1_a_exp_L1-10,0.7820976191805427,1.6698530817990072,22812,0.9281984688766233,0.1426158966967038,0.13333333333333333,False
ES,RTH,B0,30min,15,RV,E1_d_model_L1-5,1.0601040359937348,1.6698530817990072,22812,0.9281984688766233,0.1426158966967038,0.13333333333333333,False
ES,RTH,B0,30min,15,RV,E1_d_model_L1-10,0.9854879785814435,1.6698530817990072,22812,0.9281984688766233,0.1426158966967038,0.13333333333333333,False
ES,RTH,B0,30min,15,RV,E2,0.7908763355009446,1.6698530817990072,22812,0.9281984688766233,0.1426158966967038,0.13333333333333333,False
ES,RTH,B0,30min,15,RV,E4,0.9214408303535415,1.6698530817990072,22812,0.9281984688766233,0.1426158966967038,0.13333333333333333,False
ES,RTH,B0,30min,15,RV,E4_asS05,0.9945336432220693,1.6698530817990072,22812,0.9281984688766233,0.1426158966967038,0.13333333333333333,False
ES,RTH,B0,30min,15,TRV3,E1_a_exp_L1-5,0.07433210885181721,21.87135715897241,22812,0.9281984688766233,0.1426158966967038,0.13333333333333333,False
ES,RTH,B0,30min,15,TRV3,E1_a_exp_L1-10,0.06502633867217544,21.87135715897241,22812,0.9281984688766233,0.1426158966967038,0.13333333333333333,False
ES,RTH,B0,30min,15,TRV3,E1_d_model_L1-5,0.08778686878282821,21.87135715897241,22812,0.9281984688766233,0.1426158966967038,0.13333333333333333,False
ES,RTH,B0,30min,15,TRV3,E1_d_model_L1-10,0.08193730285122451,21.87135715897241,22812,0.9281984688766233,0.1426158966967038,0.13333333333333333,False
ES,RTH,B0,30min,15,TRV3,E2,0.06038250285791623,21.87135715897241,22812,0.9281984688766233,0.1426158966967038,0.13333333333333333,False
ES,RTH,B0,30min,15,TRV3,E4,0.9945336432220693,21.87135715897241,22812,0.9281984688766233,0.1426158966967038,0.13333333333333333,False
ES,RTH,B0,30min,15,TRV3,E4_asS05,0.9945336432220693,21.87135715897241,22812,0.9281984688766233,0.1426158966967038,0.13333333333333333,False
ES,RTH,B0,30min,15,RV,E1_a_exp_L1-5,0.8675955957507633,1.615898173496734,22812,,0.1426158966967038,0.13333333333333333,True
ES,RTH,B0,30min,15,RV,E1_a_exp_L1-10,0.7711765052339132,1.615898173496734,22812,,0.1426158966967038,0.13333333333333333,True
ES,RTH,B0,30min,15,RV,E1_d_model_L1-5,1.0428871495240017,1.615898173496734,22812,,0.1426158966967038,0.13333333333333333,True
ES,RTH,B0,30min,15,RV,E1_d_model_L1-10,0.9716933878794538,1.615898173496734,22812,,0.1426158966967038,0.13333333333333333,True
ES,RTH,B0,30min,15,RV,E2,0.692533573315079,1.615898173496734,22812,,0.1426158966967038,0.13333333333333333,True
ES,RTH,B0,30min,15,RV,E4,0.9167930928406899,1.615898173496734,22812,,0.1426158966967038,0.13333333333333333,True
ES,RTH,B0,30min,15,RV,E4_asS05,0.9985229545818329,1.615898173496734,22812,,0.1426158966967038,0.13333333333333333,True
ES,RTH,B0,30min,30,RV,E1_a_exp_L1-5,0.9237425470357972,1.454255243185988,22812,0.9182773891744102,0.0689382278476838,0.06666666666666667,False
ES,RTH,B0,30min,30,RV,E1_a_exp_L1-10,0.8122378907427834,1.454255243185988,22812,0.9182773891744102,0.0689382278476838,0.06666666666666667,False
ES,RTH,B0,30min,30,RV,E1_d_model_L1-5,1.1009683637631817,1.454255243185988,22812,0.9182773891744102,0.0689382278476838,0.06666666666666667,False
ES,RTH,B0,30min,30,RV,E1_d_model_L1-10,1.0235199989371893,1.454255243185988,22812,0.9182773891744102,0.0689382278476838,0.06666666666666667,False
ES,RTH,B0,30min,30,RV,E2,0.7917703994735505,1.454255243185988,22812,0.9182773891744102,0.0689382278476838,0.06666666666666667,False
ES,RTH,B0,30min,30,RV,E4,0.9495355636960189,1.454255243185988,22812,0.9182773891744102,0.0689382278476838,0.06666666666666667,False
ES,RTH,B0,30min,30,RV,E4_asS05,0.9989809173446118,1.454255243185988,22812,0.9182773891744102,0.0689382278476838,0.06666666666666667,False
ES,RTH,B0,30min,30,TRV3,E1_a_exp_L1-5,0.028780605235971677,61.87733488463209,22812,0.9182773891744102,0.0689382278476838,0.06666666666666667,False
ES,RTH,B0,30min,30,TRV3,E1_a_exp_L1-10,0.02510876202833809,61.87733488463209,22812,0.9182773891744102,0.0689382278476838,0.06666666666666667,False
ES,RTH,B0,30min,30,TRV3,E1_d_model_L1-5,0.0351736099205762,61.87733488463209,22812,0.9182773891744102,0.0689382278476838,0.06666666666666667,False
ES,RTH,B0,30min,30,TRV3,E1_d_model_L1-10,0.03262313538622891,61.87733488463209,22812,0.9182773891744102,0.0689382278476838,0.06666666666666667,False
ES,RTH,B0,30min,30,TRV3,E2,0.018608368588929756,61.87733488463209,22812,0.9182773891744102,0.0689382278476838,0.06666666666666667,False
ES,RTH,B0,30min,30,TRV3,E4,0.9989809173446118,61.87733488463209,22812,0.9182773891744102,0.0689382278476838,0.06666666666666667,False
ES,RTH,B0,30min,30,TRV3,E4_asS05,0.9989809173446118,61.87733488463209,22812,0.9182773891744102,0.0689382278476838,0.06666666666666667,False
ES,RTH,B1,1day,5,RV,E1_a_exp_L1-5,0.6201331844642289,1.971067250843463,1901,0.909742732520125,0.4903577561002349,0.4,False
ES,RTH,B1,1day,5,RV,E1_a_exp_L1-10,0.598130702465761,1.971067250843463,1901,0.909742732520125,0.4903577561002349,0.4,False
ES,RTH,B1,1day,5,RV,E1_d_model_L1-5,0.6985400121564325,1.971067250843463,1901,0.909742732520125,0.4903577561002349,0.4,False
ES,RTH,B1,1day,5,RV,E1_d_model_L1-10,0.7643826869800819,1.971067250843463,1901,0.909742732520125,0.4903577561002349,0.4,False
ES,RTH,B1,1day,5,RV,E2,0.6828944268483818,1.971067250843463,1901,0.909742732520125,0.4903577561002349,0.4,False
ES,RTH,B1,1day,5,RV,E4,0.8454700819019951,1.971067250843463,1901,0.909742732520125,0.4903577561002349,0.4,False
ES,RTH,B1,1day,5,RV,E4_asS05,0.9987898122453613,1.971067250843463,1901,0.909742732520125,0.4903577561002349,0.4,False
ES,RTH,B1,1day,5,TRV3,E1_a_exp_L1-5,0.00525349606571133,245.54875920179236,1901,0.909742732520125,0.4903577561002349,0.4,False
ES,RTH,B1,1day,5,TRV3,E1_a_exp_L1-10,0.005516475733060986,245.54875920179236,1901,0.909742732520125,0.4903577561002349,0.4,False
ES,RTH,B1,1day,5,TRV3,E1_d_model_L1-5,0.0057690857193609885,245.54875920179236,1901,0.909742732520125,0.4903577561002349,0.4,False
ES,RTH,B1,1day,5,TRV3,E1_d_model_L1-10,0.007872745124656745,245.54875920179236,1901,0.909742732520125,0.4903577561002349,0.4,False
ES,RTH,B1,1day,5,TRV3,E2,0.0054817252790033116,245.54875920179236,1901,0.909742732520125,0.4903577561002349,0.4,False
ES,RTH,B1,1day,5,TRV3,E4,0.9987898122453613,245.54875920179236,1901,0.909742732520125,0.4903577561002349,0.4,False
ES,RTH,B1,1day,5,TRV3,E4_asS05,0.9987898122453613,245.54875920179236,1901,0.909742732520125,0.4903577561002349,0.4,False
ES,RTH,B1,1day,5,RV,E1_a_exp_L1-5,0.6315274733832161,2.0094001344813455,1901,,0.4903577561002349,0.4,True
ES,RTH,B1,1day,5,RV,E1_a_exp_L1-10,0.6137132614480241,2.0094001344813455,1901,,0.4903577561002349,0.4,True
ES,RTH,B1,1day,5,RV,E1_d_model_L1-5,0.7114033284881677,2.0094001344813455,1901,,0.4903577561002349,0.4,True
ES,RTH,B1,1day,5,RV,E1_d_model_L1-10,0.7966130119637328,2.0094001344813455,1901,,0.4903577561002349,0.4,True
ES,RTH,B1,1day,5,RV,E2,1.526626312045039,2.0094001344813455,1901,,0.4903577561002349,0.4,True
ES,RTH,B1,1day,5,RV,E4,0.8480251931118326,2.0094001344813455,1901,,0.4903577561002349,0.4,True
ES,RTH,B1,1day,5,RV,E4_asS05,0.998791421887106,2.0094001344813455,1901,,0.4903577561002349,0.4,True
ES,RTH,B1,1day,6,RV,E1_a_exp_L1-5,0.6466045220622998,1.8424833951475572,1901,0.9171836118946705,0.39493406684822646,0.3333333333333333,False
ES,RTH,B1,1day,6,RV,E1_a_exp_L1-10,0.6327795033084496,1.8424833951475572,1901,0.9171836118946705,0.39493406684822646,0.3333333333333333,False
ES,RTH,B1,1day,6,RV,E1_d_model_L1-5,0.734749343431985,1.8424833951475572,1901,0.9171836118946705,0.39493406684822646,0.3333333333333333,False
ES,RTH,B1,1day,6,RV,E1_d_model_L1-10,0.7846629543785844,1.8424833951475572,1901,0.9171836118946705,0.39493406684822646,0.3333333333333333,False
ES,RTH,B1,1day,6,RV,E2,0.7095314381963099,1.8424833951475572,1901,0.9171836118946705,0.39493406684822646,0.3333333333333333,False
ES,RTH,B1,1day,6,RV,E4,0.8541462293049646,1.8424833951475572,1901,0.9171836118946705,0.39493406684822646,0.3333333333333333,False
ES,RTH,B1,1day,6,RV,E4_asS05,0.8772394578486971,1.8424833951475572,1901,0.9171836118946705,0.39493406684822646,0.3333333333333333,False
ES,RTH,B1,1day,6,TRV3,E1_a_exp_L1-5,0.567191918538783,2.0935469899821393,1901,0.9171836118946705,0.39493406684822646,0.3333333333333333,False
ES,RTH,B1,1day,6,TRV3,E1_a_exp_L1-10,0.5608482854051879,2.0935469899821393,1901,0.9171836118946705,0.39493406684822646,0.3333333333333333,False
ES,RTH,B1,1day,6,TRV3,E1_d_model_L1-5,0.6445739482835833,2.0935469899821393,1901,0.9171836118946705,0.39493406684822646,0.3333333333333333,False
ES,RTH,B1,1day,6,TRV3,E1_d_model_L1-10,0.7172951563104771,2.0935469899821393,1901,0.9171836118946705,0.39493406684822646,0.3333333333333333,False
ES,RTH,B1,1day,6,TRV3,E2,0.6244425845072716,2.0935469899821393,1901,0.9171836118946705,0.39493406684822646,0.3333333333333333,False
ES,RTH,B1,1day,6,TRV3,E4,0.8772394578486971,2.0935469899821393,1901,0.9171836118946705,0.39493406684822646,0.3333333333333333,False
ES,RTH,B1,1day,6,TRV3,E4_asS05,0.8772394578486971,2.0935469899821393,1901,0.9171836118946705,0.39493406684822646,0.3333333333333333,False
ES,RTH,B1,1day,6,RV,E1_a_exp_L1-5,0.6500147785527413,1.88208740773806,1901,,0.39493406684822646,0.3333333333333333,True
ES,RTH,B1,1day,6,RV,E1_a_exp_L1-10,0.634944920461032,1.88208740773806,1901,,0.39493406684822646,0.3333333333333333,True
ES,RTH,B1,1day,6,RV,E1_d_model_L1-5,0.7386155079551475,1.88208740773806,1901,,0.39493406684822646,0.3333333333333333,True
ES,RTH,B1,1day,6,RV,E1_d_model_L1-10,0.7873397086038318,1.88208740773806,1901,,0.39493406684822646,0.3333333333333333,True
ES,RTH,B1,1day,6,RV,E2,0.7092195324108417,1.88208740773806,1901,,0.39493406684822646,0.3333333333333333,True
ES,RTH,B1,1day,6,RV,E4,0.8571349261180904,1.88208740773806,1901,,0.39493406684822646,0.3333333333333333,True
ES,RTH,B1,1day,6,RV,E4_asS05,0.878511798834244,1.88208740773806,1901,,0.39493406684822646,0.3333333333333333,True
ES,RTH,B1,1day,10,RV,E1_a_exp_L1-5,0.7360249052252479,1.6110380074526773,1901,0.9159544057082667,0.22132295573711533,0.2,False
ES,RTH,B1,1day,10,RV,E1_a_exp_L1-10,0.7062999593614226,1.6110380074526773,1901,0.9159544057082667,0.22132295573711533,0.2,False
ES,RTH,B1,1day,10,RV,E1_d_model_L1-5,0.829133253716857,1.6110380074526773,1901,0.9159544057082667,0.22132295573711533,0.2,False
ES,RTH,B1,1day,10,RV,E1_d_model_L1-10,0.8889560129326144,1.6110380074526773,1901,0.9159544057082667,0.22132295573711533,0.2,False
ES,RTH,B1,1day,10,RV,E2,0.7970241773923155,1.6110380074526773,1901,0.9159544057082667,0.22132295573711533,0.2,False
ES,RTH,B1,1day,10,RV,E4,0.8824431403537016,1.6110380074526773,1901,0.9159544057082667,0.22132295573711533,0.2,False
ES,RTH,B1,1day,10,RV,E4_asS05,0.9009660178824099,1.6110380074526773,1901,0.9159544057082667,0.22132295573711533,0.2,False
ES,RTH,B1,1day,10,TRV3,E1_a_exp_L1-5,0.7025861662862668,1.767303109086051,1901,0.9159544057082667,0.22132295573711533,0.2,False
ES,RTH,B1,1day,10,TRV3,E1_a_exp_L1-10,0.6921356056645882,1.767303109086051,1901,0.9159544057082667,0.22132295573711533,0.2,False
ES,RTH,B1,1day,10,TRV3,E1_d_model_L1-5,0.7854891611736191,1.767303109086051,1901,0.9159544057082667,0.22132295573711533,0.2,False
ES,RTH,B1,1day,10,TRV3,E1_d_model_L1-10,0.858223822406258,1.767303109086051,1901,0.9159544057082667,0.22132295573711533,0.2,False
ES,RTH,B1,1day,10,TRV3,E2,0.7265512271416509,1.767303109086051,1901,0.9159544057082667,0.22132295573711533,0.2,False
ES,RTH,B1,1day,10,TRV3,E4,0.9009660178824099,1.767303109086051,1901,0.9159544057082667,0.22132295573711533,0.2,False
ES,RTH,B1,1day,10,TRV3,E4_asS05,0.9009660178824099,1.767303109086051,1901,0.9159544057082667,0.22132295573711533,0.2,False
ES,RTH,B1,1day,10,RV,E1_a_exp_L1-5,0.7326011660879378,1.642831280632853,1901,,0.22132295573711533,0.2,True
ES,RTH,B1,1day,10,RV,E1_a_exp_L1-10,0.7102035004435473,1.642831280632853,1901,,0.22132295573711533,0.2,True
ES,RTH,B1,1day,10,RV,E1_d_model_L1-5,0.8253532564445749,1.642831280632853,1901,,0.22132295573711533,0.2,True
ES,RTH,B1,1day,10,RV,E1_d_model_L1-10,0.8807272259195157,1.642831280632853,1901,,0.22132295573711533,0.2,True
ES,RTH,B1,1day,10,RV,E2,0.788434942182838,1.642831280632853,1901,,0.22132295573711533,0.2,True
ES,RTH,B1,1day,10,RV,E4,0.8853536250902164,1.642831280632853,1901,,0.22132295573711533,0.2,True
ES,RTH,B1,1day,10,RV,E4_asS05,0.9004614821580392,1.642831280632853,1901,,0.22132295573711533,0.2,True
ES,RTH,B1,1day,13,RV,E1_a_exp_L1-5,0.7713785123470688,1.5395361920738684,1901,0.9164200993656884,0.16628453574995827,0.15384615384615385,False
ES,RTH,B1,1day,13,RV,E1_a_exp_L1-10,0.7409886831809188,1.5395361920738684,1901,0.9164200993656884,0.16628453574995827,0.15384615384615385,False
ES,RTH,B1,1day,13,RV,E1_d_model_L1-5,0.8833161944744183,1.5395361920738684,1901,0.9164200993656884,0.16628453574995827,0.15384615384615385,False
ES,RTH,B1,1day,13,RV,E1_d_model_L1-10,0.947171906899654,1.5395361920738684,1901,0.9164200993656884,0.16628453574995827,0.15384615384615385,False
ES,RTH,B1,1day,13,RV,E2,0.8121911961430754,1.5395361920738684,1901,0.9164200993656884,0.16628453574995827,0.15384615384615385,False
ES,RTH,B1,1day,13,RV,E4,0.8986606387024176,1.5395361920738684,1901,0.9164200993656884,0.16628453574995827,0.15384615384615385,False
ES,RTH,B1,1day,13,RV,E4_asS05,0.9125653664816952,1.5395361920738684,1901,0.9164200993656884,0.16628453574995827,0.15384615384615385,False
ES,RTH,B1,1day,13,TRV3,E1_a_exp_L1-5,0.7561149842433743,1.6129872450700677,1901,0.9164200993656884,0.16628453574995827,0.15384615384615385,False
ES,RTH,B1,1day,13,TRV3,E1_a_exp_L1-10,0.7385145887622555,1.6129872450700677,1901,0.9164200993656884,0.16628453574995827,0.15384615384615385,False
ES,RTH,B1,1day,13,TRV3,E1_d_model_L1-5,0.8518230063490612,1.6129872450700677,1901,0.9164200993656884,0.16628453574995827,0.15384615384615385,False
ES,RTH,B1,1day,13,TRV3,E1_d_model_L1-10,0.9300251636389755,1.6129872450700677,1901,0.9164200993656884,0.16628453574995827,0.15384615384615385,False
ES,RTH,B1,1day,13,TRV3,E2,0.7752062176360941,1.6129872450700677,1901,0.9164200993656884,0.16628453574995827,0.15384615384615385,False
ES,RTH,B1,1day,13,TRV3,E4,0.9125653664816952,1.6129872450700677,1901,0.9164200993656884,0.16628453574995827,0.15384615384615385,False
ES,RTH,B1,1day,13,TRV3,E4_asS05,0.9125653664816952,1.6129872450700677,1901,0.9164200993656884,0.16628453574995827,0.15384615384615385,False
ES,RTH,B1,1day,13,RV,E1_a_exp_L1-5,0.7619458232936542,1.5826889534844617,1901,,0.16628453574995827,0.15384615384615385,True
ES,RTH,B1,1day,13,RV,E1_a_exp_L1-10,0.7297390494080168,1.5826889534844617,1901,,0.16628453574995827,0.15384615384615385,True
ES,RTH,B1,1day,13,RV,E1_d_model_L1-5,0.8800725776548372,1.5826889534844617,1901,,0.16628453574995827,0.15384615384615385,True
ES,RTH,B1,1day,13,RV,E1_d_model_L1-10,0.9185955502574846,1.5826889534844617,1901,,0.16628453574995827,0.15384615384615385,True
ES,RTH,B1,1day,13,RV,E2,0.8114033799441178,1.5826889534844617,1901,,0.16628453574995827,0.15384615384615385,True
ES,RTH,B1,1day,13,RV,E4,0.9000197469040074,1.5826889534844617,1901,,0.16628453574995827,0.15384615384615385,True
ES,RTH,B1,1day,13,RV,E4_asS05,0.9173084616420426,1.5826889534844617,1901,,0.16628453574995827,0.15384615384615385,True
ES,RTH,B1,1day,26,RV,E1_a_exp_L1-5,0.8193465094437942,1.3880202216140394,1901,0.8978886481871853,0.07995742842732394,0.07692307692307693,False
ES,RTH,B1,1day,26,RV,E1_a_exp_L1-10,0.7886737369116217,1.3880202216140394,1901,0.8978886481871853,0.07995742842732394,0.07692307692307693,False
ES,RTH,B1,1day,26,RV,E1_d_model_L1-5,0.9382297646234855,1.3880202216140394,1901,0.8978886481871853,0.07995742842732394,0.07692307692307693,False
ES,RTH,B1,1day,26,RV,E1_d_model_L1-10,0.9780968125305495,1.3880202216140394,1901,0.8978886481871853,0.07995742842732394,0.07692307692307693,False
ES,RTH,B1,1day,26,RV,E2,0.864585547313969,1.3880202216140394,1901,0.8978886481871853,0.07995742842732394,0.07692307692307693,False
ES,RTH,B1,1day,26,RV,E4,0.9347807527698683,1.3880202216140394,1901,0.8978886481871853,0.07995742842732394,0.07692307692307693,False
ES,RTH,B1,1day,26,RV,E4_asS05,0.9471045533547043,1.3880202216140394,1901,0.8978886481871853,0.07995742842732394,0.07692307692307693,False
ES,RTH,B1,1day,26,TRV3,E1_a_exp_L1-5,0.8240948271591704,1.4544161333641608,1901,0.8978886481871853,0.07995742842732394,0.07692307692307693,False
ES,RTH,B1,1day,26,TRV3,E1_a_exp_L1-10,0.7988990572775062,1.4544161333641608,1901,0.8978886481871853,0.07995742842732394,0.07692307692307693,False
ES,RTH,B1,1day,26,TRV3,E1_d_model_L1-5,0.9436253806522292,1.4544161333641608,1901,0.8978886481871853,0.07995742842732394,0.07692307692307693,False
ES,RTH,B1,1day,26,TRV3,E1_d_model_L1-10,1.0062252689406148,1.4544161333641608,1901,0.8978886481871853,0.07995742842732394,0.07692307692307693,False
ES,RTH,B1,1day,26,TRV3,E2,0.8251161379867311,1.4544161333641608,1901,0.8978886481871853,0.07995742842732394,0.07692307692307693,False
ES,RTH,B1,1day,26,TRV3,E4,0.9471045533547043,1.4544161333641608,1901,0.8978886481871853,0.07995742842732394,0.07692307692307693,False
ES,RTH,B1,1day,26,TRV3,E4_asS05,0.9471045533547043,1.4544161333641608,1901,0.8978886481871853,0.07995742842732394,0.07692307692307693,False
ES,RTH,B1,1day,26,RV,E1_a_exp_L1-5,0.8056451313052625,1.4553840005874357,1901,,0.07995742842732394,0.07692307692307693,True
ES,RTH,B1,1day,26,RV,E1_a_exp_L1-10,0.7779014310275567,1.4553840005874357,1901,,0.07995742842732394,0.07692307692307693,True
ES,RTH,B1,1day,26,RV,E1_d_model_L1-5,0.9154912412596543,1.4553840005874357,1901,,0.07995742842732394,0.07692307692307693,True
ES,RTH,B1,1day,26,RV,E1_d_model_L1-10,0.9791004768297696,1.4553840005874357,1901,,0.07995742842732394,0.07692307692307693,True
ES,RTH,B1,1day,26,RV,E2,0.864546346905694,1.4553840005874357,1901,,0.07995742842732394,0.07692307692307693,True
ES,RTH,B1,1day,26,RV,E4,0.936840655967642,1.4553840005874357,1901,,0.07995742842732394,0.07692307692307693,True
ES,RTH,B1,1day,26,RV,E4_asS05,0.9483898348779928,1.4553840005874357,1901,,0.07995742842732394,0.07692307692307693,True
ES,RTH,B1,1day,78,RV,E1_a_exp_L1-5,0.8529513917163726,1.296075064084177,1901,0.8561571629578308,0.025972566037214765,0.02564102564102564,False
ES,RTH,B1,1day,78,RV,E1_a_exp_L1-10,0.8268035124273921,1.296075064084177,1901,0.8561571629578308,0.025972566037214765,0.02564102564102564,False
ES,RTH,B1,1day,78,RV,E1_d_model_L1-5,0.9609574075454714,1.296075064084177,1901,0.8561571629578308,0.025972566037214765,0.02564102564102564,False
ES,RTH,B1,1day,78,RV,E1_d_model_L1-10,1.0252849969523,1.296075064084177,1901,0.8561571629578308,0.025972566037214765,0.02564102564102564,False
ES,RTH,B1,1day,78,RV,E2,0.9014456338242137,1.296075064084177,1901,0.8561571629578308,0.025972566037214765,0.02564102564102564,False
ES,RTH,B1,1day,78,RV,E4,0.9706349125168631,1.296075064084177,1901,0.8561571629578308,0.025972566037214765,0.02564102564102564,False
ES,RTH,B1,1day,78,RV,E4_asS05,0.979592543911795,1.296075064084177,1901,0.8561571629578308,0.025972566037214765,0.02564102564102564,False
ES,RTH,B1,1day,78,TRV3,E1_a_exp_L1-5,0.8623106244004003,1.3629201884242637,1901,0.8561571629578308,0.025972566037214765,0.02564102564102564,False
ES,RTH,B1,1day,78,TRV3,E1_a_exp_L1-10,0.8358517591873705,1.3629201884242637,1901,0.8561571629578308,0.025972566037214765,0.02564102564102564,False
ES,RTH,B1,1day,78,TRV3,E1_d_model_L1-5,0.9959930508017776,1.3629201884242637,1901,0.8561571629578308,0.025972566037214765,0.02564102564102564,False
ES,RTH,B1,1day,78,TRV3,E1_d_model_L1-10,1.0365656372615986,1.3629201884242637,1901,0.8561571629578308,0.025972566037214765,0.02564102564102564,False
ES,RTH,B1,1day,78,TRV3,E2,0.8572337672816291,1.3629201884242637,1901,0.8561571629578308,0.025972566037214765,0.02564102564102564,False
ES,RTH,B1,1day,78,TRV3,E4,0.979592543911795,1.3629201884242637,1901,0.8561571629578308,0.025972566037214765,0.02564102564102564,False
ES,RTH,B1,1day,78,TRV3,E4_asS05,0.979592543911795,1.3629201884242637,1901,0.8561571629578308,0.025972566037214765,0.02564102564102564,False
ES,RTH,B1,1day,78,RV,E1_a_exp_L1-5,0.8397297656991066,1.3105179144069556,1901,,0.025972566037214765,0.02564102564102564,True
ES,RTH,B1,1day,78,RV,E1_a_exp_L1-10,0.8110104166198822,1.3105179144069556,1901,,0.025972566037214765,0.02564102564102564,True
ES,RTH,B1,1day,78,RV,E1_d_model_L1-5,0.9542719189856608,1.3105179144069556,1901,,0.025972566037214765,0.02564102564102564,True
ES,RTH,B1,1day,78,RV,E1_d_model_L1-10,1.0207242885633208,1.3105179144069556,1901,,0.025972566037214765,0.02564102564102564,True
ES,RTH,B1,1day,78,RV,E2,0.8962749946809396,1.3105179144069556,1901,,0.025972566037214765,0.02564102564102564,True
ES,RTH,B1,1day,78,RV,E4,0.9705677720140112,1.3105179144069556,1901,,0.025972566037214765,0.02564102564102564,True
ES,RTH,B1,1day,78,RV,E4_asS05,0.9794585029087263,1.3105179144069556,1901,,0.025972566037214765,0.02564102564102564,True
ES,RTH,B1,1day,195,RV,E1_a_exp_L1-5,0.8616423560245043,1.1909780923944289,1901,0.8313634943496441,0.01030918704702152,0.010256410256410256,False
ES,RTH,B1,1day,195,RV,E1_a_exp_L1-10,0.8318581316588273,1.1909780923944289,1901,0.8313634943496441,0.01030918704702152,0.010256410256410256,False
ES,RTH,B1,1day,195,RV,E1_d_model_L1-5,0.9791680424194787,1.1909780923944289,1901,0.8313634943496441,0.01030918704702152,0.010256410256410256,False
ES,RTH,B1,1day,195,RV,E1_d_model_L1-10,1.0469398497990854,1.1909780923944289,1901,0.8313634943496441,0.01030918704702152,0.010256410256410256,False
ES,RTH,B1,1day,195,RV,E2,0.9114189971304335,1.1909780923944289,1901,0.8313634943496441,0.01030918704702152,0.010256410256410256,False
ES,RTH,B1,1day,195,RV,E4,0.9850022373262887,1.1909780923944289,1901,0.8313634943496441,0.01030918704702152,0.010256410256410256,False
ES,RTH,B1,1day,195,RV,E4_asS05,0.9905276016625314,1.1909780923944289,1901,0.8313634943496441,0.01030918704702152,0.010256410256410256,False
ES,RTH,B1,1day,195,TRV3,E1_a_exp_L1-5,0.8727617222134367,1.219983296909792,1901,0.8313634943496441,0.01030918704702152,0.010256410256410256,False
ES,RTH,B1,1day,195,TRV3,E1_a_exp_L1-10,0.8528399189627871,1.219983296909792,1901,0.8313634943496441,0.01030918704702152,0.010256410256410256,False
ES,RTH,B1,1day,195,TRV3,E1_d_model_L1-5,0.9918016318268921,1.219983296909792,1901,0.8313634943496441,0.01030918704702152,0.010256410256410256,False
ES,RTH,B1,1day,195,TRV3,E1_d_model_L1-10,1.057533052971857,1.219983296909792,1901,0.8313634943496441,0.01030918704702152,0.010256410256410256,False
ES,RTH,B1,1day,195,TRV3,E2,0.8897499345474316,1.219983296909792,1901,0.8313634943496441,0.01030918704702152,0.010256410256410256,False
ES,RTH,B1,1day,195,TRV3,E4,0.9905276016625314,1.219983296909792,1901,0.8313634943496441,0.01030918704702152,0.010256410256410256,False
ES,RTH,B1,1day,195,TRV3,E4_asS05,0.9905276016625314,1.219983296909792,1901,0.8313634943496441,0.01030918704702152,0.010256410256410256,False
ES,RTH,B1,1day,195,RV,E1_a_exp_L1-5,0.8605747152926495,1.209168255490529,1901,,0.01030918704702152,0.010256410256410256,True
ES,RTH,B1,1day,195,RV,E1_a_exp_L1-10,0.8303834554673719,1.209168255490529,1901,,0.01030918704702152,0.010256410256410256,True
ES,RTH,B1,1day,195,RV,E1_d_model_L1-5,0.9779460294474995,1.209168255490529,1901,,0.01030918704702152,0.010256410256410256,True
ES,RTH,B1,1day,195,RV,E1_d_model_L1-10,1.0450811179406472,1.209168255490529,1901,,0.01030918704702152,0.010256410256410256,True
ES,RTH,B1,1day,195,RV,E2,0.905842147521643,1.209168255490529,1901,,0.01030918704702152,0.010256410256410256,True
ES,RTH,B1,1day,195,RV,E4,0.9852218819458184,1.209168255490529,1901,,0.01030918704702152,0.010256410256410256,True
ES,RTH,B1,1day,195,RV,E4_asS05,0.9907056589543008,1.209168255490529,1901,,0.01030918704702152,0.010256410256410256,True
ES,RTH,B1,1day,389,RV,E1_a_exp_L1-5,0.8711159986129626,1.0981077479095862,1901,0.8303748516927357,0.0051546277620026035,0.005141388174807198,False
ES,RTH,B1,1day,389,RV,E1_a_exp_L1-10,0.8512641922487533,1.0981077479095862,1901,0.8303748516927357,0.0051546277620026035,0.005141388174807198,False
ES,RTH,B1,1day,389,RV,E1_d_model_L1-5,0.9899139130116973,1.0981077479095862,1901,0.8303748516927357,0.0051546277620026035,0.005141388174807198,False
ES,RTH,B1,1day,389,RV,E1_d_model_L1-10,1.055520774260293,1.0981077479095862,1901,0.8303748516927357,0.0051546277620026035,0.005141388174807198,False
ES,RTH,B1,1day,389,RV,E2,0.9127461064429013,1.0981077479095862,1901,0.8303748516927357,0.0051546277620026035,0.005141388174807198,False
ES,RTH,B1,1day,389,RV,E4,0.9911355184604161,1.0981077479095862,1901,0.8303748516927357,0.0051546277620026035,0.005141388174807198,False
ES,RTH,B1,1day,389,RV,E4_asS05,0.9948618644177353,1.0981077479095862,1901,0.8303748516927357,0.0051546277620026035,0.005141388174807198,False
ES,RTH,B1,1day,389,TRV3,E1_a_exp_L1-5,0.8786251420293913,1.1208176067934894,1901,0.8303748516927357,0.0051546277620026035,0.005141388174807198,False
ES,RTH,B1,1day,389,TRV3,E1_a_exp_L1-10,0.8566211272446522,1.1208176067934894,1901,0.8303748516927357,0.0051546277620026035,0.005141388174807198,False
ES,RTH,B1,1day,389,TRV3,E1_d_model_L1-5,0.9984309762422788,1.1208176067934894,1901,0.8303748516927357,0.0051546277620026035,0.005141388174807198,False
ES,RTH,B1,1day,389,TRV3,E1_d_model_L1-10,1.0947886578400585,1.1208176067934894,1901,0.8303748516927357,0.0051546277620026035,0.005141388174807198,False
ES,RTH,B1,1day,389,TRV3,E2,0.8942521649233249,1.1208176067934894,1901,0.8303748516927357,0.0051546277620026035,0.005141388174807198,False
ES,RTH,B1,1day,389,TRV3,E4,0.9948618644177353,1.1208176067934894,1901,0.8303748516927357,0.0051546277620026035,0.005141388174807198,False
ES,RTH,B1,1day,389,TRV3,E4_asS05,0.9948618644177353,1.1208176067934894,1901,0.8303748516927357,0.0051546277620026035,0.005141388174807198,False
ES,RTH,B1,1h,4,RV,E1_a_exp_L1-5,0.6217465453626605,2.2845022229650738,11406,0.9293143131746632,0.6449340668482266,0.5,False
ES,RTH,B1,1h,4,RV,E1_a_exp_L1-10,0.5996535677833422,2.2845022229650738,11406,0.9293143131746632,0.6449340668482266,0.5,False
ES,RTH,B1,1h,4,RV,E1_d_model_L1-5,0.7312319584659882,2.2845022229650738,11406,0.9293143131746632,0.6449340668482266,0.5,False
ES,RTH,B1,1h,4,RV,E1_d_model_L1-10,0.7212801574231302,2.2845022229650738,11406,0.9293143131746632,0.6449340668482266,0.5,False
ES,RTH,B1,1h,4,RV,E2,2.0397376637258833,2.2845022229650738,11406,0.9293143131746632,0.6449340668482266,0.5,False
ES,RTH,B1,1h,4,RV,E4,0.8521481322728619,2.2845022229650738,11406,0.9293143131746632,0.6449340668482266,0.5,False
ES,RTH,B1,1h,4,RV,E4_asS05,0.9998863196995207,2.2845022229650738,11406,0.9293143131746632,0.6449340668482266,0.5,False
ES,RTH,B1,1h,4,TRV3,E1_a_exp_L1-5,0.011075857484540892,2925.6813002165954,11406,0.9293143131746632,0.6449340668482266,0.5,False
ES,RTH,B1,1h,4,TRV3,E1_a_exp_L1-10,0.017900437315264417,2925.6813002165954,11406,0.9293143131746632,0.6449340668482266,0.5,False
ES,RTH,B1,1h,4,TRV3,E1_d_model_L1-5,-0.29527760140846676,2925.6813002165954,11406,0.9293143131746632,0.6449340668482266,0.5,False
ES,RTH,B1,1h,4,TRV3,E1_d_model_L1-10,0.019922937058570536,2925.6813002165954,11406,0.9293143131746632,0.6449340668482266,0.5,False
ES,RTH,B1,1h,4,TRV3,E2,0.0015927179856200983,2925.6813002165954,11406,0.9293143131746632,0.6449340668482266,0.5,False
ES,RTH,B1,1h,4,TRV3,E4,0.9998863196995207,2925.6813002165954,11406,0.9293143131746632,0.6449340668482266,0.5,False
ES,RTH,B1,1h,4,TRV3,E4_asS05,0.9998863196995207,2925.6813002165954,11406,0.9293143131746632,0.6449340668482266,0.5,False
ES,RTH,B1,1h,4,RV,E1_a_exp_L1-5,0.04247141241977931,42.587191618489925,11406,,0.6449340668482266,0.5,True
ES,RTH,B1,1h,4,RV,E1_a_exp_L1-10,0.04120925484128313,42.587191618489925,11406,,0.6449340668482266,0.5,True
ES,RTH,B1,1h,4,RV,E1_d_model_L1-5,0.051639378077994055,42.587191618489925,11406,,0.6449340668482266,0.5,True
ES,RTH,B1,1h,4,RV,E1_d_model_L1-10,0.051909099013577494,42.587191618489925,11406,,0.6449340668482266,0.5,True
ES,RTH,B1,1h,4,RV,E2,1.0154577645124339,42.587191618489925,11406,,0.6449340668482266,0.5,True
ES,RTH,B1,1h,4,RV,E4,0.9920500673806154,42.587191618489925,11406,,0.6449340668482266,0.5,True
ES,RTH,B1,1h,4,RV,E4_asS05,0.9999242823241432,42.587191618489925,11406,,0.6449340668482266,0.5,True
ES,RTH,B1,1h,5,RV,E1_a_exp_L1-5,0.6575186895675134,2.12771716833462,11406,0.9339643645671641,0.4903577561002349,0.4,False
ES,RTH,B1,1h,5,RV,E1_a_exp_L1-10,0.6423245415035487,2.12771716833462,11406,0.9339643645671641,0.4903577561002349,0.4,False
ES,RTH,B1,1h,5,RV,E1_d_model_L1-5,0.7929145336084259,2.12771716833462,11406,0.9339643645671641,0.4903577561002349,0.4,False
ES,RTH,B1,1h,5,RV,E1_d_model_L1-10,0.7843564415080259,2.12771716833462,11406,0.9339643645671641,0.4903577561002349,0.4,False
ES,RTH,B1,1h,5,RV,E2,1.9849004383957458,2.12771716833462,11406,0.9339643645671641,0.4903577561002349,0.4,False
ES,RTH,B1,1h,5,RV,E4,0.8618462105170033,2.12771716833462,11406,0.9339643645671641,0.4903577561002349,0.4,False
ES,RTH,B1,1h,5,RV,E4_asS05,0.9998206719699059,2.12771716833462,11406,0.9339643645671641,0.4903577561002349,0.4,False
ES,RTH,B1,1h,5,TRV3,E1_a_exp_L1-5,0.012512736118418463,1609.0804019542086,11406,0.9339643645671641,0.4903577561002349,0.4,False
ES,RTH,B1,1h,5,TRV3,E1_a_exp_L1-10,0.007935367842111407,1609.0804019542086,11406,0.9339643645671641,0.4903577561002349,0.4,False
ES,RTH,B1,1h,5,TRV3,E1_d_model_L1-5,0.01213152894042598,1609.0804019542086,11406,0.9339643645671641,0.4903577561002349,0.4,False
ES,RTH,B1,1h,5,TRV3,E1_d_model_L1-10,0.008839002504728612,1609.0804019542086,11406,0.9339643645671641,0.4903577561002349,0.4,False
ES,RTH,B1,1h,5,TRV3,E2,0.002624671045076671,1609.0804019542086,11406,0.9339643645671641,0.4903577561002349,0.4,False
ES,RTH,B1,1h,5,TRV3,E4,0.9998206719699059,1609.0804019542086,11406,0.9339643645671641,0.4903577561002349,0.4,False
ES,RTH,B1,1h,5,TRV3,E4_asS05,0.9998206719699059,1609.0804019542086,11406,0.9339643645671641,0.4903577561002349,0.4,False
ES,RTH,B1,1h,5,RV,E1_a_exp_L1-5,0.6556428669282094,2.147715860933663,11406,,0.4903577561002349,0.4,True
ES,RTH,B1,1h,5,RV,E1_a_exp_L1-10,0.6412777508319628,2.147715860933663,11406,,0.4903577561002349,0.4,True
ES,RTH,B1,1h,5,RV,E1_d_model_L1-5,0.7906170025457359,2.147715860933663,11406,,0.4903577561002349,0.4,True
ES,RTH,B1,1h,5,RV,E1_d_model_L1-10,0.759801666663085,2.147715860933663,11406,,0.4903577561002349,0.4,True
ES,RTH,B1,1h,5,RV,E2,2.7407844360444975,2.147715860933663,11406,,0.4903577561002349,0.4,True
ES,RTH,B1,1h,5,RV,E4,0.8637388844202495,2.147715860933663,11406,,0.4903577561002349,0.4,True
ES,RTH,B1,1h,5,RV,E4_asS05,0.9998213634049291,2.147715860933663,11406,,0.4903577561002349,0.4,True
ES,RTH,B1,1h,6,RV,E1_a_exp_L1-5,0.6913511518778038,2.041432479992342,11406,0.9394459506258813,0.39493406684822646,0.3333333333333333,False
ES,RTH,B1,1h,6,RV,E1_a_exp_L1-10,0.6696359911859006,2.041432479992342,11406,0.9394459506258813,0.39493406684822646,0.3333333333333333,False
ES,RTH,B1,1h,6,RV,E1_d_model_L1-5,0.8264807573734905,2.041432479992342,11406,0.9394459506258813,0.39493406684822646,0.3333333333333333,False
ES,RTH,B1,1h,6,RV,E1_d_model_L1-10,0.8177274196103119,2.041432479992342,11406,0.9394459506258813,0.39493406684822646,0.3333333333333333,False
ES,RTH,B1,1h,6,RV,E2,1.3527866002124584,2.041432479992342,11406,0.9394459506258813,0.39493406684822646,0.3333333333333333,False
ES,RTH,B1,1h,6,RV,E4,0.8739705732023425,2.041432479992342,11406,0.9394459506258813,0.39493406684822646,0.3333333333333333,False
ES,RTH,B1,1h,6,RV,E4_asS05,0.9995552694849501,2.041432479992342,11406,0.9394459506258813,0.39493406684822646,0.3333333333333333,False
ES,RTH,B1,1h,6,TRV3,E1_a_exp_L1-5,0.005702064855832062,566.0045904708727,11406,0.9394459506258813,0.39493406684822646,0.3333333333333333,False
ES,RTH,B1,1h,6,TRV3,E1_a_exp_L1-10,0.005508558338981108,566.0045904708727,11406,0.9394459506258813,0.39493406684822646,0.3333333333333333,False
ES,RTH,B1,1h,6,TRV3,E1_d_model_L1-5,0.006755260686566614,566.0045904708727,11406,0.9394459506258813,0.39493406684822646,0.3333333333333333,False
ES,RTH,B1,1h,6,TRV3,E1_d_model_L1-10,0.006524419631804148,566.0045904708727,11406,0.9394459506258813,0.39493406684822646,0.3333333333333333,False
ES,RTH,B1,1h,6,TRV3,E2,0.004879152131742726,566.0045904708727,11406,0.9394459506258813,0.39493406684822646,0.3333333333333333,False
ES,RTH,B1,1h,6,TRV3,E4,0.9995552694849501,566.0045904708727,11406,0.9394459506258813,0.39493406684822646,0.3333333333333333,False
ES,RTH,B1,1h,6,TRV3,E4_asS05,0.9995552694849501,566.0045904708727,11406,0.9394459506258813,0.39493406684822646,0.3333333333333333,False
ES,RTH,B1,1h,6,RV,E1_a_exp_L1-5,0.6859743925333712,2.034682658314009,11406,,0.39493406684822646,0.3333333333333333,True
ES,RTH,B1,1h,6,RV,E1_a_exp_L1-10,0.6613351468829025,2.034682658314009,11406,,0.39493406684822646,0.3333333333333333,True
ES,RTH,B1,1h,6,RV,E1_d_model_L1-5,0.8067304810969327,2.034682658314009,11406,,0.39493406684822646,0.3333333333333333,True
ES,RTH,B1,1h,6,RV,E1_d_model_L1-10,0.7954850872138778,2.034682658314009,11406,,0.39493406684822646,0.3333333333333333,True
ES,RTH,B1,1h,6,RV,E2,1.5593891308609187,2.034682658314009,11406,,0.39493406684822646,0.3333333333333333,True
ES,RTH,B1,1h,6,RV,E4,0.8730462108562449,2.034682658314009,11406,,0.39493406684822646,0.3333333333333333,True
ES,RTH,B1,1h,6,RV,E4_asS05,0.9996094578735059,2.034682658314009,11406,,0.39493406684822646,0.3333333333333333,True
ES,RTH,B1,1h,10,RV,E1_a_exp_L1-5,0.7427234429701145,1.825062532277394,11406,0.93946490226671,0.22132295573711533,0.2,False
ES,RTH,B1,1h,10,RV,E1_a_exp_L1-10,0.7155434041237927,1.825062532277394,11406,0.93946490226671,0.22132295573711533,0.2,False
ES,RTH,B1,1h,10,RV,E1_d_model_L1-5,0.8735441953048121,1.825062532277394,11406,0.93946490226671,0.22132295573711533,0.2,False
ES,RTH,B1,1h,10,RV,E1_d_model_L1-10,0.8607029577213255,1.825062532277394,11406,0.93946490226671,0.22132295573711533,0.2,False
ES,RTH,B1,1h,10,RV,E2,0.8503031099120664,1.825062532277394,11406,0.93946490226671,0.22132295573711533,0.2,False
ES,RTH,B1,1h,10,RV,E4,0.9022452329726132,1.825062532277394,11406,0.93946490226671,0.22132295573711533,0.2,False
ES,RTH,B1,1h,10,RV,E4_asS05,0.9986227263193478,1.825062532277394,11406,0.93946490226671,0.22132295573711533,0.2,False
ES,RTH,B1,1h,10,TRV3,E1_a_exp_L1-5,0.01938200593893947,122.8957427472885,11406,0.93946490226671,0.22132295573711533,0.2,False
ES,RTH,B1,1h,10,TRV3,E1_a_exp_L1-10,0.01701859798363597,122.8957427472885,11406,0.93946490226671,0.22132295573711533,0.2,False
ES,RTH,B1,1h,10,TRV3,E1_d_model_L1-5,0.026541790955953375,122.8957427472885,11406,0.93946490226671,0.22132295573711533,0.2,False
ES,RTH,B1,1h,10,TRV3,E1_d_model_L1-10,0.022807901328270243,122.8957427472885,11406,0.93946490226671,0.22132295573711533,0.2,False
ES,RTH,B1,1h,10,TRV3,E2,0.012627421522408255,122.8957427472885,11406,0.93946490226671,0.22132295573711533,0.2,False
ES,RTH,B1,1h,10,TRV3,E4,0.9986227263193478,122.8957427472885,11406,0.93946490226671,0.22132295573711533,0.2,False
ES,RTH,B1,1h,10,TRV3,E4_asS05,0.9986227263193478,122.8957427472885,11406,0.93946490226671,0.22132295573711533,0.2,False
ES,RTH,B1,1h,10,RV,E1_a_exp_L1-5,0.7309438561648975,1.8503103726113117,11406,,0.22132295573711533,0.2,True
ES,RTH,B1,1h,10,RV,E1_a_exp_L1-10,0.7147462754917167,1.8503103726113117,11406,,0.22132295573711533,0.2,True
ES,RTH,B1,1h,10,RV,E1_d_model_L1-5,0.8814058053554084,1.8503103726113117,11406,,0.22132295573711533,0.2,True
ES,RTH,B1,1h,10,RV,E1_d_model_L1-10,0.872782264512953,1.8503103726113117,11406,,0.22132295573711533,0.2,True
ES,RTH,B1,1h,10,RV,E2,0.8483841931343785,1.8503103726113117,11406,,0.22132295573711533,0.2,True
ES,RTH,B1,1h,10,RV,E4,0.903372373570305,1.8503103726113117,11406,,0.22132295573711533,0.2,True
ES,RTH,B1,1h,10,RV,E4_asS05,0.9979440380020078,1.8503103726113117,11406,,0.22132295573711533,0.2,True
ES,RTH,B1,1h,12,RV,E1_a_exp_L1-5,0.7468698384616379,1.7817341300035796,11406,0.9397660309853736,0.18132295573711532,0.16666666666666666,False
ES,RTH,B1,1h,12,RV,E1_a_exp_L1-10,0.7298354014157041,1.7817341300035796,11406,0.9397660309853736,0.18132295573711532,0.16666666666666666,False
ES,RTH,B1,1h,12,RV,E1_d_model_L1-5,0.9006254915278593,1.7817341300035796,11406,0.9397660309853736,0.18132295573711532,0.16666666666666666,False
ES,RTH,B1,1h,12,RV,E1_d_model_L1-10,0.8911978167140088,1.7817341300035796,11406,0.9397660309853736,0.18132295573711532,0.16666666666666666,False
ES,RTH,B1,1h,12,RV,E2,0.8650394003174501,1.7817341300035796,11406,0.9397660309853736,0.18132295573711532,0.16666666666666666,False
ES,RTH,B1,1h,12,RV,E4,0.9128549878731952,1.7817341300035796,11406,0.9397660309853736,0.18132295573711532,0.16666666666666666,False
ES,RTH,B1,1h,12,RV,E4_asS05,0.9224774301310514,1.7817341300035796,11406,0.9397660309853736,0.18132295573711532,0.16666666666666666,False
ES,RTH,B1,1h,12,TRV3,E1_a_exp_L1-5,0.7294079316570949,1.8830284832507094,11406,0.9397660309853736,0.18132295573711532,0.16666666666666666,False
ES,RTH,B1,1h,12,TRV3,E1_a_exp_L1-10,0.7142111972592641,1.8830284832507094,11406,0.9397660309853736,0.18132295573711532,0.16666666666666666,False
ES,RTH,B1,1h,12,TRV3,E1_d_model_L1-5,0.8796057977458593,1.8830284832507094,11406,0.9397660309853736,0.18132295573711532,0.16666666666666666,False
ES,RTH,B1,1h,12,TRV3,E1_d_model_L1-10,0.8461902065916239,1.8830284832507094,11406,0.9397660309853736,0.18132295573711532,0.16666666666666666,False
ES,RTH,B1,1h,12,TRV3,E2,0.8185060592831314,1.8830284832507094,11406,0.9397660309853736,0.18132295573711532,0.16666666666666666,False
ES,RTH,B1,1h,12,TRV3,E4,0.9224774301310514,1.8830284832507094,11406,0.9397660309853736,0.18132295573711532,0.16666666666666666,False
ES,RTH,B1,1h,12,TRV3,E4_asS05,0.9224774301310514,1.8830284832507094,11406,0.9397660309853736,0.18132295573711532,0.16666666666666666,False
ES,RTH,B1,1h,12,RV,E1_a_exp_L1-5,0.746058993745956,1.7775694902632184,11406,,0.18132295573711532,0.16666666666666666,True
ES,RTH,B1,1h,12,RV,E1_a_exp_L1-10,0.7261785134668034,1.7775694902632184,11406,,0.18132295573711532,0.16666666666666666,True
ES,RTH,B1,1h,12,RV,E1_d_model_L1-5,0.8850327065085551,1.7775694902632184,11406,,0.18132295573711532,0.16666666666666666,True
ES,RTH,B1,1h,12,RV,E1_d_model_L1-10,0.8734298272397422,1.7775694902632184,11406,,0.18132295573711532,0.16666666666666666,True
ES,RTH,B1,1h,12,RV,E2,1.0533204547849626,1.7775694902632184,11406,,0.18132295573711532,0.16666666666666666,True
ES,RTH,B1,1h,12,RV,E4,0.9120422639802499,1.7775694902632184,11406,,0.18132295573711532,0.16666666666666666,True
ES,RTH,B1,1h,12,RV,E4_asS05,0.922335456554061,1.7775694902632184,11406,,0.18132295573711532,0.16666666666666666,True
ES,RTH,B1,1h,15,RV,E1_a_exp_L1-5,0.7738346024861318,1.7023841219877207,11406,0.9308802986588022,0.1426158966967038,0.13333333333333333,False
ES,RTH,B1,1h,15,RV,E1_a_exp_L1-10,0.7455602967138742,1.7023841219877207,11406,0.9308802986588022,0.1426158966967038,0.13333333333333333,False
ES,RTH,B1,1h,15,RV,E1_d_model_L1-5,0.9100923457830474,1.7023841219877207,11406,0.9308802986588022,0.1426158966967038,0.13333333333333333,False
ES,RTH,B1,1h,15,RV,E1_d_model_L1-10,0.8968227541960481,1.7023841219877207,11406,0.9308802986588022,0.1426158966967038,0.13333333333333333,False
ES,RTH,B1,1h,15,RV,E2,0.8705071963807901,1.7023841219877207,11406,0.9308802986588022,0.1426158966967038,0.13333333333333333,False
ES,RTH,B1,1h,15,RV,E4,0.9227092276561556,1.7023841219877207,11406,0.9308802986588022,0.1426158966967038,0.13333333333333333,False
ES,RTH,B1,1h,15,RV,E4_asS05,0.9316434314292916,1.7023841219877207,11406,0.9308802986588022,0.1426158966967038,0.13333333333333333,False
ES,RTH,B1,1h,15,TRV3,E1_a_exp_L1-5,0.7591464345129671,1.765171690329789,11406,0.9308802986588022,0.1426158966967038,0.13333333333333333,False
ES,RTH,B1,1h,15,TRV3,E1_a_exp_L1-10,0.7381283282840825,1.765171690329789,11406,0.9308802986588022,0.1426158966967038,0.13333333333333333,False
ES,RTH,B1,1h,15,TRV3,E1_d_model_L1-5,0.9005656357717322,1.765171690329789,11406,0.9308802986588022,0.1426158966967038,0.13333333333333333,False
ES,RTH,B1,1h,15,TRV3,E1_d_model_L1-10,0.887850114686058,1.765171690329789,11406,0.9308802986588022,0.1426158966967038,0.13333333333333333,False
ES,RTH,B1,1h,15,TRV3,E2,0.8395430525615509,1.765171690329789,11406,0.9308802986588022,0.1426158966967038,0.13333333333333333,False
ES,RTH,B1,1h,15,TRV3,E4,0.9316434314292916,1.765171690329789,11406,0.9308802986588022,0.1426158966967038,0.13333333333333333,False
ES,RTH,B1,1h,15,TRV3,E4_asS05,0.9316434314292916,1.765171690329789,11406,0.9308802986588022,0.1426158966967038,0.13333333333333333,False
ES,RTH,B1,1h,15,RV,E1_a_exp_L1-5,0.7652578453028501,1.702005366239411,11406,,0.1426158966967038,0.13333333333333333,True
ES,RTH,B1,1h,15,RV,E1_a_exp_L1-10,0.7377535704140805,1.702005366239411,11406,,0.1426158966967038,0.13333333333333333,True
ES,RTH,B1,1h,15,RV,E1_d_model_L1-5,0.8999997442688809,1.702005366239411,11406,,0.1426158966967038,0.13333333333333333,True
ES,RTH,B1,1h,15,RV,E1_d_model_L1-10,0.8873848303377079,1.702005366239411,11406,,0.1426158966967038,0.13333333333333333,True
ES,RTH,B1,1h,15,RV,E2,0.868476085986302,1.702005366239411,11406,,0.1426158966967038,0.13333333333333333,True
ES,RTH,B1,1h,15,RV,E4,0.9222749156652973,1.702005366239411,11406,,0.1426158966967038,0.13333333333333333,True
ES,RTH,B1,1h,15,RV,E4_asS05,0.931627195246556,1.702005366239411,11406,,0.1426158966967038,0.13333333333333333,True
ES,RTH,B1,1h,20,RV,E1_a_exp_L1-5,0.7787868285855571,1.6386054423041794,11406,0.9248420222320072,0.10516633568168576,0.1,False
ES,RTH,B1,1h,20,RV,E1_a_exp_L1-10,0.7577141803394092,1.6386054423041794,11406,0.9248420222320072,0.10516633568168576,0.1,False
ES,RTH,B1,1h,20,RV,E1_d_model_L1-5,0.9238575626900539,1.6386054423041794,11406,0.9248420222320072,0.10516633568168576,0.1,False
ES,RTH,B1,1h,20,RV,E1_d_model_L1-10,0.9113939806448467,1.6386054423041794,11406,0.9248420222320072,0.10516633568168576,0.1,False
ES,RTH,B1,1h,20,RV,E2,0.8990679029677887,1.6386054423041794,11406,0.9248420222320072,0.10516633568168576,0.1,False
ES,RTH,B1,1h,20,RV,E4,0.9364171109556765,1.6386054423041794,11406,0.9248420222320072,0.10516633568168576,0.1,False
ES,RTH,B1,1h,20,RV,E4_asS05,0.945013853392946,1.6386054423041794,11406,0.9248420222320072,0.10516633568168576,0.1,False
ES,RTH,B1,1h,20,TRV3,E1_a_exp_L1-5,0.7769470952134248,1.6986210657286211,11406,0.9248420222320072,0.10516633568168576,0.1,False
ES,RTH,B1,1h,20,TRV3,E1_a_exp_L1-10,0.7571909485621534,1.6986210657286211,11406,0.9248420222320072,0.10516633568168576,0.1,False
ES,RTH,B1,1h,20,TRV3,E1_d_model_L1-5,0.9216441948712821,1.6986210657286211,11406,0.9248420222320072,0.10516633568168576,0.1,False
ES,RTH,B1,1h,20,TRV3,E1_d_model_L1-10,0.9107308461358778,1.6986210657286211,11406,0.9248420222320072,0.10516633568168576,0.1,False
ES,RTH,B1,1h,20,TRV3,E2,0.8673020654975157,1.6986210657286211,11406,0.9248420222320072,0.10516633568168576,0.1,False
ES,RTH,B1,1h,20,TRV3,E4,0.945013853392946,1.6986210657286211,11406,0.9248420222320072,0.10516633568168576,0.1,False
ES,RTH,B1,1h,20,TRV3,E4_asS05,0.945013853392946,1.6986210657286211,11406,0.9248420222320072,0.10516633568168576,0.1,False
ES,RTH,B1,1h,20,RV,E1_a_exp_L1-5,0.7747201337055134,1.641745323906756,11406,,0.10516633568168576,0.1,True
ES,RTH,B1,1h,20,RV,E1_a_exp_L1-10,0.7480348383876435,1.641745323906756,11406,,0.10516633568168576,0.1,True
ES,RTH,B1,1h,20,RV,E1_d_model_L1-5,0.9111845480923402,1.641745323906756,11406,,0.10516633568168576,0.1,True
ES,RTH,B1,1h,20,RV,E1_d_model_L1-10,0.8997915584141215,1.641745323906756,11406,,0.10516633568168576,0.1,True
ES,RTH,B1,1h,20,RV,E2,0.8940271100992926,1.641745323906756,11406,,0.10516633568168576,0.1,True
ES,RTH,B1,1h,20,RV,E4,0.9352777351798421,1.641745323906756,11406,,0.10516633568168576,0.1,True
ES,RTH,B1,1h,20,RV,E4_asS05,0.9441620013814077,1.641745323906756,11406,,0.10516633568168576,0.1,True
ES,RTH,B1,1h,30,RV,E1_a_exp_L1-5,0.7981507092879755,1.5414281872332405,11406,0.9153753829738245,0.0689382278476838,0.06666666666666667,False
ES,RTH,B1,1h,30,RV,E1_a_exp_L1-10,0.7767437634599025,1.5414281872332405,11406,0.9153753829738245,0.0689382278476838,0.06666666666666667,False
ES,RTH,B1,1h,30,RV,E1_d_model_L1-5,0.9468295345277279,1.5414281872332405,11406,0.9153753829738245,0.0689382278476838,0.06666666666666667,False
ES,RTH,B1,1h,30,RV,E1_d_model_L1-10,0.9343045065734717,1.5414281872332405,11406,0.9153753829738245,0.0689382278476838,0.06666666666666667,False
ES,RTH,B1,1h,30,RV,E2,0.9145029409620202,1.5414281872332405,11406,0.9153753829738245,0.0689382278476838,0.06666666666666667,False
ES,RTH,B1,1h,30,RV,E4,0.9514914815282031,1.5414281872332405,11406,0.9153753829738245,0.0689382278476838,0.06666666666666667,False
ES,RTH,B1,1h,30,RV,E4_asS05,0.959288822912642,1.5414281872332405,11406,0.9153753829738245,0.0689382278476838,0.06666666666666667,False
ES,RTH,B1,1h,30,TRV3,E1_a_exp_L1-5,0.8026048856991942,1.5782504384194205,11406,0.9153753829738245,0.0689382278476838,0.06666666666666667,False
ES,RTH,B1,1h,30,TRV3,E1_a_exp_L1-10,0.7813954674017547,1.5782504384194205,11406,0.9153753829738245,0.0689382278476838,0.06666666666666667,False
ES,RTH,B1,1h,30,TRV3,E1_d_model_L1-5,0.952117293016826,1.5782504384194205,11406,0.9153753829738245,0.0689382278476838,0.06666666666666667,False
ES,RTH,B1,1h,30,TRV3,E1_d_model_L1-10,0.9398635718555156,1.5782504384194205,11406,0.9153753829738245,0.0689382278476838,0.06666666666666667,False
ES,RTH,B1,1h,30,TRV3,E2,0.8931666205765638,1.5782504384194205,11406,0.9153753829738245,0.0689382278476838,0.06666666666666667,False
ES,RTH,B1,1h,30,TRV3,E4,0.959288822912642,1.5782504384194205,11406,0.9153753829738245,0.0689382278476838,0.06666666666666667,False
ES,RTH,B1,1h,30,TRV3,E4_asS05,0.959288822912642,1.5782504384194205,11406,0.9153753829738245,0.0689382278476838,0.06666666666666667,False
ES,RTH,B1,1h,30,RV,E1_a_exp_L1-5,0.789597974236109,1.5261492617929868,11406,,0.0689382278476838,0.06666666666666667,True
ES,RTH,B1,1h,30,RV,E1_a_exp_L1-10,0.7689176794108757,1.5261492617929868,11406,,0.0689382278476838,0.06666666666666667,True
ES,RTH,B1,1h,30,RV,E1_d_model_L1-5,0.9366599995880767,1.5261492617929868,11406,,0.0689382278476838,0.06666666666666667,True
ES,RTH,B1,1h,30,RV,E1_d_model_L1-10,0.9248736060393727,1.5261492617929868,11406,,0.0689382278476838,0.06666666666666667,True
ES,RTH,B1,1h,30,RV,E2,0.9109567852142044,1.5261492617929868,11406,,0.0689382278476838,0.06666666666666667,True
ES,RTH,B1,1h,30,RV,E4,0.9492476602454926,1.5261492617929868,11406,,0.0689382278476838,0.06666666666666667,True
ES,RTH,B1,1h,30,RV,E4_asS05,0.9577085857794976,1.5261492617929868,11406,,0.0689382278476838,0.06666666666666667,True
ES,RTH,B1,1h,60,RV,E1_a_exp_L1-5,0.8134899732457959,1.3740109252746955,11406,0.9030887200270213,0.033895060357739946,0.03333333333333333,False
ES,RTH,B1,1h,60,RV,E1_a_exp_L1-10,0.7915114827983776,1.3740109252746955,11406,0.9030887200270213,0.033895060357739946,0.03333333333333333,False
ES,RTH,B1,1h,60,RV,E1_d_model_L1-5,0.965024861364656,1.3740109252746955,11406,0.9030887200270213,0.033895060357739946,0.03333333333333333,False
ES,RTH,B1,1h,60,RV,E1_d_model_L1-10,0.9520510875866911,1.3740109252746955,11406,0.9030887200270213,0.033895060357739946,0.03333333333333333,False
ES,RTH,B1,1h,60,RV,E2,0.9316270250069112,1.3740109252746955,11406,0.9030887200270213,0.033895060357739946,0.03333333333333333,False
ES,RTH,B1,1h,60,RV,E4,0.9700585808857918,1.3740109252746955,11406,0.9030887200270213,0.033895060357739946,0.03333333333333333,False
ES,RTH,B1,1h,60,RV,E4_asS05,0.9762090210199691,1.3740109252746955,11406,0.9030887200270213,0.033895060357739946,0.03333333333333333,False
ES,RTH,B1,1h,60,TRV3,E1_a_exp_L1-5,0.8248967009973335,1.38877391565314,11406,0.9030887200270213,0.033895060357739946,0.03333333333333333,False
ES,RTH,B1,1h,60,TRV3,E1_a_exp_L1-10,0.8031020882238973,1.38877391565314,11406,0.9030887200270213,0.033895060357739946,0.03333333333333333,False
ES,RTH,B1,1h,60,TRV3,E1_d_model_L1-5,0.9785468543983649,1.38877391565314,11406,0.9030887200270213,0.033895060357739946,0.03333333333333333,False
ES,RTH,B1,1h,60,TRV3,E1_d_model_L1-10,0.9659666066050665,1.38877391565314,11406,0.9030887200270213,0.033895060357739946,0.03333333333333333,False
ES,RTH,B1,1h,60,TRV3,E2,0.9217236126145437,1.38877391565314,11406,0.9030887200270213,0.033895060357739946,0.03333333333333333,False
ES,RTH,B1,1h,60,TRV3,E4,0.9762090210199691,1.38877391565314,11406,0.9030887200270213,0.033895060357739946,0.03333333333333333,False
ES,RTH,B1,1h,60,TRV3,E4_asS05,0.9762090210199691,1.38877391565314,11406,0.9030887200270213,0.033895060357739946,0.03333333333333333,False
ES,RTH,B1,30min,5,RV,E1_a_exp_L1-5,0.7543372702373843,2.1398639066228555,22812,0.9269683469371874,0.4903577561002349,0.4,False
ES,RTH,B1,30min,5,RV,E1_a_exp_L1-10,0.6733876698167566,2.1398639066228555,22812,0.9269683469371874,0.4903577561002349,0.4,False
ES,RTH,B1,30min,5,RV,E1_d_model_L1-5,0.8917531439600835,2.1398639066228555,22812,0.9269683469371874,0.4903577561002349,0.4,False
ES,RTH,B1,30min,5,RV,E1_d_model_L1-10,0.8484258968270243,2.1398639066228555,22812,0.9269683469371874,0.4903577561002349,0.4,False
ES,RTH,B1,30min,5,RV,E2,2.873887078307947,2.1398639066228555,22812,0.9269683469371874,0.4903577561002349,0.4,False
ES,RTH,B1,30min,5,RV,E4,0.862241284034845,2.1398639066228555,22812,0.9269683469371874,0.4903577561002349,0.4,False
ES,RTH,B1,30min,5,RV,E4_asS05,0.9999309648318893,2.1398639066228555,22812,0.9269683469371874,0.4903577561002349,0.4,False
ES,RTH,B1,30min,5,TRV3,E1_a_exp_L1-5,0.022427540113575044,4147.756723238894,22812,0.9269683469371874,0.4903577561002349,0.4,False
ES,RTH,B1,30min,5,TRV3,E1_a_exp_L1-10,0.02253734917718675,4147.756723238894,22812,0.9269683469371874,0.4903577561002349,0.4,False
ES,RTH,B1,30min,5,TRV3,E1_d_model_L1-5,0.024597004746593293,4147.756723238894,22812,0.9269683469371874,0.4903577561002349,0.4,False
ES,RTH,B1,30min,5,TRV3,E1_d_model_L1-10,0.02404681749593818,4147.756723238894,22812,0.9269683469371874,0.4903577561002349,0.4,False
ES,RTH,B1,30min,5,TRV3,E2,0.0014826634349419602,4147.756723238894,22812,0.9269683469371874,0.4903577561002349,0.4,False
ES,RTH,B1,30min,5,TRV3,E4,0.9999309648318893,4147.756723238894,22812,0.9269683469371874,0.4903577561002349,0.4,False
ES,RTH,B1,30min,5,TRV3,E4_asS05,0.9999309648318893,4147.756723238894,22812,0.9269683469371874,0.4903577561002349,0.4,False
ES,RTH,B1,30min,5,RV,E1_a_exp_L1-5,0.03128442146465678,62.40734240676781,22812,,0.4903577561002349,0.4,True
ES,RTH,B1,30min,5,RV,E1_a_exp_L1-10,0.027718091124526167,62.40734240676781,22812,,0.4903577561002349,0.4,True
ES,RTH,B1,30min,5,RV,E1_d_model_L1-5,0.03761289551306192,62.40734240676781,22812,,0.4903577561002349,0.4,True
ES,RTH,B1,30min,5,RV,E1_d_model_L1-10,0.03656188641965929,62.40734240676781,22812,,0.4903577561002349,0.4,True
ES,RTH,B1,30min,5,RV,E2,1.0320547257256147,62.40734240676781,22812,,0.4903577561002349,0.4,True
ES,RTH,B1,30min,5,RV,E4,0.9952776947574676,62.40734240676781,22812,,0.4903577561002349,0.4,True
ES,RTH,B1,30min,5,RV,E4_asS05,0.9999472692877336,62.40734240676781,22812,,0.4903577561002349,0.4,True
ES,RTH,B1,30min,6,RV,E1_a_exp_L1-5,0.7823150155992261,2.051544659518124,22812,0.9326142038801127,0.39493406684822646,0.3333333333333333,False
ES,RTH,B1,30min,6,RV,E1_a_exp_L1-10,0.6916281576020884,2.051544659518124,22812,0.9326142038801127,0.39493406684822646,0.3333333333333333,False
ES,RTH,B1,30min,6,RV,E1_d_model_L1-5,0.9403021428847601,2.051544659518124,22812,0.9326142038801127,0.39493406684822646,0.3333333333333333,False
ES,RTH,B1,30min,6,RV,E1_d_model_L1-10,0.8982288215295392,2.051544659518124,22812,0.9326142038801127,0.39493406684822646,0.3333333333333333,False
ES,RTH,B1,30min,6,RV,E2,1.5428378841480903,2.051544659518124,22812,0.9326142038801127,0.39493406684822646,0.3333333333333333,False
ES,RTH,B1,30min,6,RV,E4,0.8736473297478096,2.051544659518124,22812,0.9326142038801127,0.39493406684822646,0.3333333333333333,False
ES,RTH,B1,30min,6,RV,E4_asS05,0.999852516841202,2.051544659518124,22812,0.9326142038801127,0.39493406684822646,0.3333333333333333,False
ES,RTH,B1,30min,6,TRV3,E1_a_exp_L1-5,0.016030755309010415,1705.8106516315154,22812,0.9326142038801127,0.39493406684822646,0.3333333333333333,False
ES,RTH,B1,30min,6,TRV3,E1_a_exp_L1-10,0.009260096741276364,1705.8106516315154,22812,0.9326142038801127,0.39493406684822646,0.3333333333333333,False
ES,RTH,B1,30min,6,TRV3,E1_d_model_L1-5,0.02240516736482103,1705.8106516315154,22812,0.9326142038801127,0.39493406684822646,0.3333333333333333,False
ES,RTH,B1,30min,6,TRV3,E1_d_model_L1-10,0.01781983934472618,1705.8106516315154,22812,0.9326142038801127,0.39493406684822646,0.3333333333333333,False
ES,RTH,B1,30min,6,TRV3,E2,0.0018555405423801956,1705.8106516315154,22812,0.9326142038801127,0.39493406684822646,0.3333333333333333,False
ES,RTH,B1,30min,6,TRV3,E4,0.999852516841202,1705.8106516315154,22812,0.9326142038801127,0.39493406684822646,0.3333333333333333,False
ES,RTH,B1,30min,6,TRV3,E4_asS05,0.999852516841202,1705.8106516315154,22812,0.9326142038801127,0.39493406684822646,0.3333333333333333,False
ES,RTH,B1,30min,6,RV,E1_a_exp_L1-5,0.07891669337400323,22.125968466580684,22812,,0.39493406684822646,0.3333333333333333,True
ES,RTH,B1,30min,6,RV,E1_a_exp_L1-10,0.06795117260264587,22.125968466580684,22812,,0.39493406684822646,0.3333333333333333,True
ES,RTH,B1,30min,6,RV,E1_d_model_L1-5,0.0972854522874172,22.125968466580684,22812,,0.39493406684822646,0.3333333333333333,True
ES,RTH,B1,30min,6,RV,E1_d_model_L1-10,0.08829016441883406,22.125968466580684,22812,,0.39493406684822646,0.3333333333333333,True
ES,RTH,B1,30min,6,RV,E2,1.0740354685358262,22.125968466580684,22812,,0.39493406684822646,0.3333333333333333,True
ES,RTH,B1,30min,6,RV,E4,0.9882039728668203,22.125968466580684,22812,,0.39493406684822646,0.3333333333333333,True
ES,RTH,B1,30min,6,RV,E4_asS05,0.9999215939297573,22.125968466580684,22812,,0.39493406684822646,0.3333333333333333,True
ES,RTH,B1,30min,10,RV,E1_a_exp_L1-5,0.8508804981401445,1.8059254615816211,22812,0.932710904460034,0.22132295573711533,0.2,False
ES,RTH,B1,30min,10,RV,E1_a_exp_L1-10,0.754076277047375,1.8059254615816211,22812,0.932710904460034,0.22132295573711533,0.2,False
ES,RTH,B1,30min,10,RV,E1_d_model_L1-5,1.0227748374132406,1.8059254615816211,22812,0.932710904460034,0.22132295573711533,0.2,False
ES,RTH,B1,30min,10,RV,E1_d_model_L1-10,0.9501172823893328,1.8059254615816211,22812,0.932710904460034,0.22132295573711533,0.2,False
ES,RTH,B1,30min,10,RV,E2,0.9412589984120353,1.8059254615816211,22812,0.932710904460034,0.22132295573711533,0.2,False
ES,RTH,B1,30min,10,RV,E4,0.900641818371637,1.8059254615816211,22812,0.932710904460034,0.22132295573711533,0.2,False
ES,RTH,B1,30min,10,RV,E4_asS05,0.9995810603531584,1.8059254615816211,22812,0.932710904460034,0.22132295573711533,0.2,False
ES,RTH,B1,30min,10,TRV3,E1_a_exp_L1-5,0.05628453981001584,404.04476734587485,22812,0.932710904460034,0.22132295573711533,0.2,False
ES,RTH,B1,30min,10,TRV3,E1_a_exp_L1-10,0.0579174469267911,404.04476734587485,22812,0.932710904460034,0.22132295573711533,0.2,False
ES,RTH,B1,30min,10,TRV3,E1_d_model_L1-5,0.05405449879878454,404.04476734587485,22812,0.932710904460034,0.22132295573711533,0.2,False
ES,RTH,B1,30min,10,TRV3,E1_d_model_L1-10,0.08233272720114508,404.04476734587485,22812,0.932710904460034,0.22132295573711533,0.2,False
ES,RTH,B1,30min,10,TRV3,E2,0.004207067455275298,404.04476734587485,22812,0.932710904460034,0.22132295573711533,0.2,False
ES,RTH,B1,30min,10,TRV3,E4,0.9995810603531584,404.04476734587485,22812,0.932710904460034,0.22132295573711533,0.2,False
ES,RTH,B1,30min,10,TRV3,E4_asS05,0.9995810603531584,404.04476734587485,22812,0.932710904460034,0.22132295573711533,0.2,False
ES,RTH,B1,30min,10,RV,E1_a_exp_L1-5,0.837395698939932,1.7676219319371715,22812,,0.22132295573711533,0.2,True
ES,RTH,B1,30min,10,RV,E1_a_exp_L1-10,0.7437751916962617,1.7676219319371715,22812,,0.22132295573711533,0.2,True
ES,RTH,B1,30min,10,RV,E1_d_model_L1-5,1.0065551354683786,1.7676219319371715,22812,,0.22132295573711533,0.2,True
ES,RTH,B1,30min,10,RV,E1_d_model_L1-10,0.9371791051751641,1.7676219319371715,22812,,0.22132295573711533,0.2,True
ES,RTH,B1,30min,10,RV,E2,0.8134466477217467,1.7676219319371715,22812,,0.22132295573711533,0.2,True
ES,RTH,B1,30min,10,RV,E4,0.899681971333437,1.7676219319371715,22812,,0.22132295573711533,0.2,True
ES,RTH,B1,30min,10,RV,E4_asS05,0.9997215184881726,1.7676219319371715,22812,,0.22132295573711533,0.2,True
ES,RTH,B1,30min,15,RV,E1_a_exp_L1-5,0.8872038791054518,1.6621173124488644,22812,0.9289098398168077,0.1426158966967038,0.13333333333333333,False
ES,RTH,B1,30min,15,RV,E1_a_exp_L1-10,0.7874270556655317,1.6621173124488644,22812,0.9289098398168077,0.1426158966967038,0.13333333333333333,False
ES,RTH,B1,30min,15,RV,E1_d_model_L1-5,1.0664551661468393,1.6621173124488644,22812,0.9289098398168077,0.1426158966967038,0.13333333333333333,False
ES,RTH,B1,30min,15,RV,E1_d_model_L1-10,0.9921415298137202,1.6621173124488644,22812,0.9289098398168077,0.1426158966967038,0.13333333333333333,False
ES,RTH,B1,30min,15,RV,E2,0.7898479413786618,1.6621173124488644,22812,0.9289098398168077,0.1426158966967038,0.13333333333333333,False
ES,RTH,B1,30min,15,RV,E4,0.9211146739581417,1.6621173124488644,22812,0.9289098398168077,0.1426158966967038,0.13333333333333333,False
ES,RTH,B1,30min,15,RV,E4_asS05,0.994528730256193,1.6621173124488644,22812,0.9289098398168077,0.1426158966967038,0.13333333333333333,False
ES,RTH,B1,30min,15,TRV3,E1_a_exp_L1-5,0.07436919653890861,21.86338888693025,22812,0.9289098398168077,0.1426158966967038,0.13333333333333333,False
ES,RTH,B1,30min,15,TRV3,E1_a_exp_L1-10,0.06412915793062954,21.86338888693025,22812,0.9289098398168077,0.1426158966967038,0.13333333333333333,False
ES,RTH,B1,30min,15,TRV3,E1_d_model_L1-5,0.08783253995172234,21.86338888693025,22812,0.9289098398168077,0.1426158966967038,0.13333333333333333,False
ES,RTH,B1,30min,15,TRV3,E1_d_model_L1-10,0.08203390083426992,21.86338888693025,22812,0.9289098398168077,0.1426158966967038,0.13333333333333333,False
ES,RTH,B1,30min,15,TRV3,E2,0.06004649802265386,21.86338888693025,22812,0.9289098398168077,0.1426158966967038,0.13333333333333333,False
ES,RTH,B1,30min,15,TRV3,E4,0.994528730256193,21.86338888693025,22812,0.9289098398168077,0.1426158966967038,0.13333333333333333,False
ES,RTH,B1,30min,15,TRV3,E4_asS05,0.994528730256193,21.86338888693025,22812,0.9289098398168077,0.1426158966967038,0.13333333333333333,False
ES,RTH,B1,30min,15,RV,E1_a_exp_L1-5,0.8676002979380184,1.6158810464557298,22812,,0.1426158966967038,0.13333333333333333,True
ES,RTH,B1,30min,15,RV,E1_a_exp_L1-10,0.7711828920284737,1.6158810464557298,22812,,0.1426158966967038,0.13333333333333333,True
ES,RTH,B1,30min,15,RV,E1_d_model_L1-5,1.042892694805308,1.6158810464557298,22812,,0.1426158966967038,0.13333333333333333,True
ES,RTH,B1,30min,15,RV,E1_d_model_L1-10,0.9717012797380332,1.6158810464557298,22812,,0.1426158966967038,0.13333333333333333,True
ES,RTH,B1,30min,15,RV,E2,0.6925305071131054,1.6158810464557298,22812,,0.1426158966967038,0.13333333333333333,True
ES,RTH,B1,30min,15,RV,E4,0.9167911116942263,1.6158810464557298,22812,,0.1426158966967038,0.13333333333333333,True
ES,RTH,B1,30min,15,RV,E4_asS05,0.9985229310167615,1.6158810464557298,22812,,0.1426158966967038,0.13333333333333333,True
ES,RTH,B1,30min,30,RV,E1_a_exp_L1-5,0.9209434263363302,1.4479252854226499,22812,0.917872252621101,0.0689382278476838,0.06666666666666667,False
ES,RTH,B1,30min,30,RV,E1_a_exp_L1-10,0.8173370834456452,1.4479252854226499,22812,0.917872252621101,0.0689382278476838,0.06666666666666667,False
ES,RTH,B1,30min,30,RV,E1_d_model_L1-5,1.1070331349389286,1.4479252854226499,22812,0.917872252621101,0.0689382278476838,0.06666666666666667,False
ES,RTH,B1,30min,30,RV,E1_d_model_L1-10,1.0298879193857742,1.4479252854226499,22812,0.917872252621101,0.0689382278476838,0.06666666666666667,False
ES,RTH,B1,30min,30,RV,E2,0.7911701998999112,1.4479252854226499,22812,0.917872252621101,0.0689382278476838,0.06666666666666667,False
ES,RTH,B1,30min,30,RV,E4,0.9492028004459038,1.4479252854226499,22812,0.917872252621101,0.0689382278476838,0.06666666666666667,False
ES,RTH,B1,30min,30,RV,E4_asS05,0.9989785910290314,1.4479252854226499,22812,0.917872252621101,0.0689382278476838,0.06666666666666667,False
ES,RTH,B1,30min,30,TRV3,E1_a_exp_L1-5,0.028807363795061096,61.868651823780304,22812,0.917872252621101,0.0689382278476838,0.06666666666666667,False
ES,RTH,B1,30min,30,TRV3,E1_a_exp_L1-10,0.025155092717900167,61.868651823780304,22812,0.917872252621101,0.0689382278476838,0.06666666666666667,False
ES,RTH,B1,30min,30,TRV3,E1_d_model_L1-5,0.034331266060992474,61.868651823780304,22812,0.917872252621101,0.0689382278476838,0.06666666666666667,False
ES,RTH,B1,30min,30,TRV3,E1_d_model_L1-10,0.03268040073491869,61.868651823780304,22812,0.917872252621101,0.0689382278476838,0.06666666666666667,False
ES,RTH,B1,30min,30,TRV3,E2,0.018515925331149038,61.868651823780304,22812,0.917872252621101,0.0689382278476838,0.06666666666666667,False
ES,RTH,B1,30min,30,TRV3,E4,0.9989785910290314,61.868651823780304,22812,0.917872252621101,0.0689382278476838,0.06666666666666667,False
ES,RTH,B1,30min,30,TRV3,E4_asS05,0.9989785910290314,61.868651823780304,22812,0.917872252621101,0.0689382278476838,0.06666666666666667,False
NQ,RTH,B0,1day,5,RV,E1_a_exp_L1-5,0.55080664761095,1.8163782746876298,1901,0.8880518762301018,0.4903577561002349,0.4,False
NQ,RTH,B0,1day,5,RV,E1_a_exp_L1-10,0.5505242302841701,1.8163782746876298,1901,0.8880518762301018,0.4903577561002349,0.4,False
NQ,RTH,B0,1day,5,RV,E1_d_model_L1-5,0.6014575754933722,1.8163782746876298,1901,0.8880518762301018,0.4903577561002349,0.4,False
NQ,RTH,B0,1day,5,RV,E1_d_model_L1-10,0.6717681728638547,1.8163782746876298,1901,0.8880518762301018,0.4903577561002349,0.4,False
NQ,RTH,B0,1day,5,RV,E2,0.8454808654241617,1.8163782746876298,1901,0.8880518762301018,0.4903577561002349,0.4,False
NQ,RTH,B0,1day,5,RV,E4,0.8271792163924341,1.8163782746876298,1901,0.8880518762301018,0.4903577561002349,0.4,False
NQ,RTH,B0,1day,5,RV,E4_asS05,0.872166142643843,1.8163782746876298,1901,0.8880518762301018,0.4903577561002349,0.4,False
NQ,RTH,B0,1day,5,TRV3,E1_a_exp_L1-5,0.4259618715103793,2.335792664244058,1901,0.8880518762301018,0.4903577561002349,0.4,False
NQ,RTH,B0,1day,5,TRV3,E1_a_exp_L1-10,0.436169237245344,2.335792664244058,1901,0.8880518762301018,0.4903577561002349,0.4,False
NQ,RTH,B0,1day,5,TRV3,E1_d_model_L1-5,0.44732564798338625,2.335792664244058,1901,0.8880518762301018,0.4903577561002349,0.4,False
NQ,RTH,B0,1day,5,TRV3,E1_d_model_L1-10,0.5086181772982601,2.335792664244058,1901,0.8880518762301018,0.4903577561002349,0.4,False
NQ,RTH,B0,1day,5,TRV3,E2,0.6574697742350997,2.335792664244058,1901,0.8880518762301018,0.4903577561002349,0.4,False
NQ,RTH,B0,1day,5,TRV3,E4,0.872166142643843,2.335792664244058,1901,0.8880518762301018,0.4903577561002349,0.4,False
NQ,RTH,B0,1day,5,TRV3,E4_asS05,0.872166142643843,2.335792664244058,1901,0.8880518762301018,0.4903577561002349,0.4,False
NQ,RTH,B0,1day,5,RV,E1_a_exp_L1-5,0.5551582753000011,1.7840565180049721,1901,,0.4903577561002349,0.4,True
NQ,RTH,B0,1day,5,RV,E1_a_exp_L1-10,0.5614570732534232,1.7840565180049721,1901,,0.4903577561002349,0.4,True
NQ,RTH,B0,1day,5,RV,E1_d_model_L1-5,0.5965776159699036,1.7840565180049721,1901,,0.4903577561002349,0.4,True
NQ,RTH,B0,1day,5,RV,E1_d_model_L1-10,0.6647999759770618,1.7840565180049721,1901,,0.4903577561002349,0.4,True
NQ,RTH,B0,1day,5,RV,E2,0.6131009608428802,1.7840565180049721,1901,,0.4903577561002349,0.4,True
NQ,RTH,B0,1day,5,RV,E4,0.8250569598016273,1.7840565180049721,1901,,0.4903577561002349,0.4,True
NQ,RTH,B0,1day,5,RV,E4_asS05,0.8697168920070768,1.7840565180049721,1901,,0.4903577561002349,0.4,True
NQ,RTH,B0,1day,6,RV,E1_a_exp_L1-5,0.5830252362760724,1.663586383510003,1901,0.9029795034369881,0.39493406684822646,0.3333333333333333,False
NQ,RTH,B0,1day,6,RV,E1_a_exp_L1-10,0.5769728472192508,1.663586383510003,1901,0.9029795034369881,0.39493406684822646,0.3333333333333333,False
NQ,RTH,B0,1day,6,RV,E1_d_model_L1-5,0.6311322519139108,1.663586383510003,1901,0.9029795034369881,0.39493406684822646,0.3333333333333333,False
NQ,RTH,B0,1day,6,RV,E1_d_model_L1-10,0.7041147541795455,1.663586383510003,1901,0.9029795034369881,0.39493406684822646,0.3333333333333333,False
NQ,RTH,B0,1day,6,RV,E2,0.6899579705162474,1.663586383510003,1901,0.9029795034369881,0.39493406684822646,0.3333333333333333,False
NQ,RTH,B0,1day,6,RV,E4,0.8321428910984958,1.663586383510003,1901,0.9029795034369881,0.39493406684822646,0.3333333333333333,False
NQ,RTH,B0,1day,6,RV,E4_asS05,0.8627659485677142,1.663586383510003,1901,0.9029795034369881,0.39493406684822646,0.3333333333333333,False
NQ,RTH,B0,1day,6,TRV3,E1_a_exp_L1-5,0.5145065184103226,1.9180574238881665,1901,0.9029795034369881,0.39493406684822646,0.3333333333333333,False
NQ,RTH,B0,1day,6,TRV3,E1_a_exp_L1-10,0.517883348970114,1.9180574238881665,1901,0.9029795034369881,0.39493406684822646,0.3333333333333333,False
NQ,RTH,B0,1day,6,TRV3,E1_d_model_L1-5,0.5709277502145262,1.9180574238881665,1901,0.9029795034369881,0.39493406684822646,0.3333333333333333,False
NQ,RTH,B0,1day,6,TRV3,E1_d_model_L1-10,0.6519351199117475,1.9180574238881665,1901,0.9029795034369881,0.39493406684822646,0.3333333333333333,False
NQ,RTH,B0,1day,6,TRV3,E2,0.5984203969338244,1.9180574238881665,1901,0.9029795034369881,0.39493406684822646,0.3333333333333333,False
NQ,RTH,B0,1day,6,TRV3,E4,0.8627659485677142,1.9180574238881665,1901,0.9029795034369881,0.39493406684822646,0.3333333333333333,False
NQ,RTH,B0,1day,6,TRV3,E4_asS05,0.8627659485677142,1.9180574238881665,1901,0.9029795034369881,0.39493406684822646,0.3333333333333333,False
NQ,RTH,B0,1day,6,RV,E1_a_exp_L1-5,0.582791098884824,1.682201641792763,1901,,0.39493406684822646,0.3333333333333333,True
NQ,RTH,B0,1day,6,RV,E1_a_exp_L1-10,0.5779045284456286,1.682201641792763,1901,,0.39493406684822646,0.3333333333333333,True
NQ,RTH,B0,1day,6,RV,E1_d_model_L1-5,0.6363583283245544,1.682201641792763,1901,,0.39493406684822646,0.3333333333333333,True
NQ,RTH,B0,1day,6,RV,E1_d_model_L1-10,0.6946753943548559,1.682201641792763,1901,,0.39493406684822646,0.3333333333333333,True
NQ,RTH,B0,1day,6,RV,E2,0.6899996077248788,1.682201641792763,1901,,0.39493406684822646,0.3333333333333333,True
NQ,RTH,B0,1day,6,RV,E4,0.8362463899533531,1.682201641792763,1901,,0.39493406684822646,0.3333333333333333,True
NQ,RTH,B0,1day,6,RV,E4_asS05,0.8656345734376787,1.682201641792763,1901,,0.39493406684822646,0.3333333333333333,True
NQ,RTH,B0,1day,10,RV,E1_a_exp_L1-5,0.6872400979197832,1.4517097176797054,1901,0.9071335657909925,0.22132295573711533,0.2,False
NQ,RTH,B0,1day,10,RV,E1_a_exp_L1-10,0.674226766328528,1.4517097176797054,1901,0.9071335657909925,0.22132295573711533,0.2,False
NQ,RTH,B0,1day,10,RV,E1_d_model_L1-5,0.7683408103702237,1.4517097176797054,1901,0.9071335657909925,0.22132295573711533,0.2,False
NQ,RTH,B0,1day,10,RV,E1_d_model_L1-10,0.8231332162988905,1.4517097176797054,1901,0.9071335657909925,0.22132295573711533,0.2,False
NQ,RTH,B0,1day,10,RV,E2,0.7741087098471927,1.4517097176797054,1901,0.9071335657909925,0.22132295573711533,0.2,False
NQ,RTH,B0,1day,10,RV,E4,0.8647643613186807,1.4517097176797054,1901,0.9071335657909925,0.22132295573711533,0.2,False
NQ,RTH,B0,1day,10,RV,E4_asS05,0.8887882920858898,1.4517097176797054,1901,0.9071335657909925,0.22132295573711533,0.2,False
NQ,RTH,B0,1day,10,TRV3,E1_a_exp_L1-5,0.6679295466512948,1.6150932589593103,1901,0.9071335657909925,0.22132295573711533,0.2,False
NQ,RTH,B0,1day,10,TRV3,E1_a_exp_L1-10,0.6520412916268233,1.6150932589593103,1901,0.9071335657909925,0.22132295573711533,0.2,False
NQ,RTH,B0,1day,10,TRV3,E1_d_model_L1-5,0.7467181741145171,1.6150932589593103,1901,0.9071335657909925,0.22132295573711533,0.2,False
NQ,RTH,B0,1day,10,TRV3,E1_d_model_L1-10,0.7961120053292636,1.6150932589593103,1901,0.9071335657909925,0.22132295573711533,0.2,False
NQ,RTH,B0,1day,10,TRV3,E2,0.6957995337989217,1.6150932589593103,1901,0.9071335657909925,0.22132295573711533,0.2,False
NQ,RTH,B0,1day,10,TRV3,E4,0.8887882920858898,1.6150932589593103,1901,0.9071335657909925,0.22132295573711533,0.2,False
NQ,RTH,B0,1day,10,TRV3,E4_asS05,0.8887882920858898,1.6150932589593103,1901,0.9071335657909925,0.22132295573711533,0.2,False
NQ,RTH,B0,1day,10,RV,E1_a_exp_L1-5,0.6773474310941778,1.4656923204773107,1901,,0.22132295573711533,0.2,True
NQ,RTH,B0,1day,10,RV,E1_a_exp_L1-10,0.660301277860926,1.4656923204773107,1901,,0.22132295573711533,0.2,True
NQ,RTH,B0,1day,10,RV,E1_d_model_L1-5,0.7638682643636123,1.4656923204773107,1901,,0.22132295573711533,0.2,True
NQ,RTH,B0,1day,10,RV,E1_d_model_L1-10,0.8182762946379964,1.4656923204773107,1901,,0.22132295573711533,0.2,True
NQ,RTH,B0,1day,10,RV,E2,0.7759792120240231,1.4656923204773107,1901,,0.22132295573711533,0.2,True
NQ,RTH,B0,1day,10,RV,E4,0.8678197296176119,1.4656923204773107,1901,,0.22132295573711533,0.2,True
NQ,RTH,B0,1day,10,RV,E4_asS05,0.8925371572361305,1.4656923204773107,1901,,0.22132295573711533,0.2,True
NQ,RTH,B0,1day,13,RV,E1_a_exp_L1-5,0.7288853424615747,1.3351090740917526,1901,0.89586435129439,0.16628453574995827,0.15384615384615385,False
NQ,RTH,B0,1day,13,RV,E1_a_exp_L1-10,0.7090702236671999,1.3351090740917526,1901,0.89586435129439,0.16628453574995827,0.15384615384615385,False
NQ,RTH,B0,1day,13,RV,E1_d_model_L1-5,0.8149121047040647,1.3351090740917526,1901,0.89586435129439,0.16628453574995827,0.15384615384615385,False
NQ,RTH,B0,1day,13,RV,E1_d_model_L1-10,0.8922790611974135,1.3351090740917526,1901,0.89586435129439,0.16628453574995827,0.15384615384615385,False
NQ,RTH,B0,1day,13,RV,E2,0.7929189213858929,1.3351090740917526,1901,0.89586435129439,0.16628453574995827,0.15384615384615385,False
NQ,RTH,B0,1day,13,RV,E4,0.8767040108504908,1.3351090740917526,1901,0.89586435129439,0.16628453574995827,0.15384615384615385,False
NQ,RTH,B0,1day,13,RV,E4_asS05,0.9008694978954235,1.3351090740917526,1901,0.89586435129439,0.16628453574995827,0.15384615384615385,False
NQ,RTH,B0,1day,13,TRV3,E1_a_exp_L1-5,0.7165818037962085,1.4557896235025611,1901,0.89586435129439,0.16628453574995827,0.15384615384615385,False
NQ,RTH,B0,1day,13,TRV3,E1_a_exp_L1-10,0.6981931954537728,1.4557896235025611,1901,0.89586435129439,0.16628453574995827,0.15384615384615385,False
NQ,RTH,B0,1day,13,TRV3,E1_d_model_L1-5,0.8143733486875977,1.4557896235025611,1901,0.89586435129439,0.16628453574995827,0.15384615384615385,False
NQ,RTH,B0,1day,13,TRV3,E1_d_model_L1-10,0.8924098006345598,1.4557896235025611,1901,0.89586435129439,0.16628453574995827,0.15384615384615385,False
NQ,RTH,B0,1day,13,TRV3,E2,0.7271883449851284,1.4557896235025611,1901,0.89586435129439,0.16628453574995827,0.15384615384615385,False
NQ,RTH,B0,1day,13,TRV3,E4,0.9008694978954235,1.4557896235025611,1901,0.89586435129439,0.16628453574995827,0.15384615384615385,False
NQ,RTH,B0,1day,13,TRV3,E4_asS05,0.9008694978954235,1.4557896235025611,1901,0.89586435129439,0.16628453574995827,0.15384615384615385,False
NQ,RTH,B0,1day,13,RV,E1_a_exp_L1-5,0.7168492861041031,1.3871688205664496,1901,,0.16628453574995827,0.15384615384615385,True
NQ,RTH,B0,1day,13,RV,E1_a_exp_L1-10,0.701287283636327,1.3871688205664496,1901,,0.16628453574995827,0.15384615384615385,True
NQ,RTH,B0,1day,13,RV,E1_d_model_L1-5,0.8014413611563327,1.3871688205664496,1901,,0.16628453574995827,0.15384615384615385,True
NQ,RTH,B0,1day,13,RV,E1_d_model_L1-10,0.8562052274772283,1.3871688205664496,1901,,0.16628453574995827,0.15384615384615385,True
NQ,RTH,B0,1day,13,RV,E2,0.7993213297753193,1.3871688205664496,1901,,0.16628453574995827,0.15384615384615385,True
NQ,RTH,B0,1day,13,RV,E4,0.8818114068984013,1.3871688205664496,1901,,0.16628453574995827,0.15384615384615385,True
NQ,RTH,B0,1day,13,RV,E4_asS05,0.9063191872773888,1.3871688205664496,1901,,0.16628453574995827,0.15384615384615385,True
NQ,RTH,B0,1day,26,RV,E1_a_exp_L1-5,0.7849263345568929,1.2051036307441039,1901,0.8662238988488303,0.07995742842732394,0.07692307692307693,False
NQ,RTH,B0,1day,26,RV,E1_a_exp_L1-10,0.7669645357125611,1.2051036307441039,1901,0.8662238988488303,0.07995742842732394,0.07692307692307693,False
NQ,RTH,B0,1day,26,RV,E1_d_model_L1-5,0.8919400770730687,1.2051036307441039,1901,0.8662238988488303,0.07995742842732394,0.07692307692307693,False
NQ,RTH,B0,1day,26,RV,E1_d_model_L1-10,0.951058006908536,1.2051036307441039,1901,0.8662238988488303,0.07995742842732394,0.07692307692307693,False
NQ,RTH,B0,1day,26,RV,E2,0.856023084306328,1.2051036307441039,1901,0.8662238988488303,0.07995742842732394,0.07692307692307693,False
NQ,RTH,B0,1day,26,RV,E4,0.9177879474662066,1.2051036307441039,1901,0.8662238988488303,0.07995742842732394,0.07692307692307693,False
NQ,RTH,B0,1day,26,RV,E4_asS05,0.9377892705439802,1.2051036307441039,1901,0.8662238988488303,0.07995742842732394,0.07692307692307693,False
NQ,RTH,B0,1day,26,TRV3,E1_a_exp_L1-5,0.7857913292395019,1.2877144463007595,1901,0.8662238988488303,0.07995742842732394,0.07692307692307693,False
NQ,RTH,B0,1day,26,TRV3,E1_a_exp_L1-10,0.7641654729654571,1.2877144463007595,1901,0.8662238988488303,0.07995742842732394,0.07692307692307693,False
NQ,RTH,B0,1day,26,TRV3,E1_d_model_L1-5,0.8929483548385,1.2877144463007595,1901,0.8662238988488303,0.07995742842732394,0.07692307692307693,False
NQ,RTH,B0,1day,26,TRV3,E1_d_model_L1-10,0.9765985288434305,1.2877144463007595,1901,0.8662238988488303,0.07995742842732394,0.07692307692307693,False
NQ,RTH,B0,1day,26,TRV3,E2,0.8011065883913999,1.2877144463007595,1901,0.8662238988488303,0.07995742842732394,0.07692307692307693,False
NQ,RTH,B0,1day,26,TRV3,E4,0.9377892705439802,1.2877144463007595,1901,0.8662238988488303,0.07995742842732394,0.07692307692307693,False
NQ,RTH,B0,1day,26,TRV3,E4_asS05,0.9377892705439802,1.2877144463007595,1901,0.8662238988488303,0.07995742842732394,0.07692307692307693,False
NQ,RTH,B0,1day,26,RV,E1_a_exp_L1-5,0.7815235050414446,1.2565387997198159,1901,,0.07995742842732394,0.07692307692307693,True
NQ,RTH,B0,1day,26,RV,E1_a_exp_L1-10,0.7623479030562508,1.2565387997198159,1901,,0.07995742842732394,0.07692307692307693,True
NQ,RTH,B0,1day,26,RV,E1_d_model_L1-5,0.8737832459505905,1.2565387997198159,1901,,0.07995742842732394,0.07692307692307693,True
NQ,RTH,B0,1day,26,RV,E1_d_model_L1-10,0.9308239903045511,1.2565387997198159,1901,,0.07995742842732394,0.07692307692307693,True
NQ,RTH,B0,1day,26,RV,E2,0.8611814790980826,1.2565387997198159,1901,,0.07995742842732394,0.07692307692307693,True
NQ,RTH,B0,1day,26,RV,E4,0.9232078031194741,1.2565387997198159,1901,,0.07995742842732394,0.07692307692307693,True
NQ,RTH,B0,1day,26,RV,E4_asS05,0.9396694877801124,1.2565387997198159,1901,,0.07995742842732394,0.07692307692307693,True
NQ,RTH,B0,1day,78,RV,E1_a_exp_L1-5,0.8304785875822301,1.1349450880328027,1901,0.8344225769870856,0.025972566037214765,0.02564102564102564,False
NQ,RTH,B0,1day,78,RV,E1_a_exp_L1-10,0.8089750430745666,1.1349450880328027,1901,0.8344225769870856,0.025972566037214765,0.02564102564102564,False
NQ,RTH,B0,1day,78,RV,E1_d_model_L1-5,0.9518804002158703,1.1349450880328027,1901,0.8344225769870856,0.025972566037214765,0.02564102564102564,False
NQ,RTH,B0,1day,78,RV,E1_d_model_L1-10,1.0180648417341425,1.1349450880328027,1901,0.8344225769870856,0.025972566037214765,0.02564102564102564,False
NQ,RTH,B0,1day,78,RV,E2,0.909407778455947,1.1349450880328027,1901,0.8344225769870856,0.025972566037214765,0.02564102564102564,False
NQ,RTH,B0,1day,78,RV,E4,0.9641797906333526,1.1349450880328027,1901,0.8344225769870856,0.025972566037214765,0.02564102564102564,False
NQ,RTH,B0,1day,78,RV,E4_asS05,0.9762916614844737,1.1349450880328027,1901,0.8344225769870856,0.025972566037214765,0.02564102564102564,False
NQ,RTH,B0,1day,78,TRV3,E1_a_exp_L1-5,0.8476273960609514,1.2181613544921928,1901,0.8344225769870856,0.025972566037214765,0.02564102564102564,False
NQ,RTH,B0,1day,78,TRV3,E1_a_exp_L1-10,0.8196459734234712,1.2181613544921928,1901,0.8344225769870856,0.025972566037214765,0.02564102564102564,False
NQ,RTH,B0,1day,78,TRV3,E1_d_model_L1-5,0.9632152957952688,1.2181613544921928,1901,0.8344225769870856,0.025972566037214765,0.02564102564102564,False
NQ,RTH,B0,1day,78,TRV3,E1_d_model_L1-10,1.0316095028381564,1.2181613544921928,1901,0.8344225769870856,0.025972566037214765,0.02564102564102564,False
NQ,RTH,B0,1day,78,TRV3,E2,0.8472833975328802,1.2181613544921928,1901,0.8344225769870856,0.025972566037214765,0.02564102564102564,False
NQ,RTH,B0,1day,78,TRV3,E4,0.9762916614844737,1.2181613544921928,1901,0.8344225769870856,0.025972566037214765,0.02564102564102564,False
NQ,RTH,B0,1day,78,TRV3,E4_asS05,0.9762916614844737,1.2181613544921928,1901,0.8344225769870856,0.025972566037214765,0.02564102564102564,False
NQ,RTH,B0,1day,78,RV,E1_a_exp_L1-5,0.8222652550204139,1.1511355163584513,1901,,0.025972566037214765,0.02564102564102564,True
NQ,RTH,B0,1day,78,RV,E1_a_exp_L1-10,0.8028386343720333,1.1511355163584513,1901,,0.025972566037214765,0.02564102564102564,True
NQ,RTH,B0,1day,78,RV,E1_d_model_L1-5,0.9424992047343641,1.1511355163584513,1901,,0.025972566037214765,0.02564102564102564,True
NQ,RTH,B0,1day,78,RV,E1_d_model_L1-10,0.9802954672120229,1.1511355163584513,1901,,0.025972566037214765,0.02564102564102564,True
NQ,RTH,B0,1day,78,RV,E2,0.9043550031407629,1.1511355163584513,1901,,0.025972566037214765,0.02564102564102564,True
NQ,RTH,B0,1day,78,RV,E4,0.9647897867905376,1.1511355163584513,1901,,0.025972566037214765,0.02564102564102564,True
NQ,RTH,B0,1day,78,RV,E4_asS05,0.976451340845641,1.1511355163584513,1901,,0.025972566037214765,0.02564102564102564,True
NQ,RTH,B0,1day,195,RV,E1_a_exp_L1-5,0.8564598020274528,1.080826877393913,1901,0.8105094801664043,0.01030918704702152,0.010256410256410256,False
NQ,RTH,B0,1day,195,RV,E1_a_exp_L1-10,0.8348912256787864,1.080826877393913,1901,0.8105094801664043,0.01030918704702152,0.010256410256410256,False
NQ,RTH,B0,1day,195,RV,E1_d_model_L1-5,0.9816734429699143,1.080826877393913,1901,0.8105094801664043,0.01030918704702152,0.010256410256410256,False
NQ,RTH,B0,1day,195,RV,E1_d_model_L1-10,1.0507225257389319,1.080826877393913,1901,0.8105094801664043,0.01030918704702152,0.010256410256410256,False
NQ,RTH,B0,1day,195,RV,E2,0.9305902861534283,1.080826877393913,1901,0.8105094801664043,0.01030918704702152,0.010256410256410256,False
NQ,RTH,B0,1day,195,RV,E4,0.9824585635462467,1.080826877393913,1901,0.8105094801664043,0.01030918704702152,0.010256410256410256,False
NQ,RTH,B0,1day,195,RV,E4_asS05,0.9896473484787617,1.080826877393913,1901,0.8105094801664043,0.01030918704702152,0.010256410256410256,False
NQ,RTH,B0,1day,195,TRV3,E1_a_exp_L1-5,0.8747638388466278,1.1637971293816975,1901,0.8105094801664043,0.01030918704702152,0.010256410256410256,False
NQ,RTH,B0,1day,195,TRV3,E1_a_exp_L1-10,0.8447187479265083,1.1637971293816975,1901,0.8105094801664043,0.01030918704702152,0.010256410256410256,False
NQ,RTH,B0,1day,195,TRV3,E1_d_model_L1-5,0.9940452118664946,1.1637971293816975,1901,0.8105094801664043,0.01030918704702152,0.010256410256410256,False
NQ,RTH,B0,1day,195,TRV3,E1_d_model_L1-10,1.0631107608051662,1.1637971293816975,1901,0.8105094801664043,0.01030918704702152,0.010256410256410256,False
NQ,RTH,B0,1day,195,TRV3,E2,0.8642459821590067,1.1637971293816975,1901,0.8105094801664043,0.01030918704702152,0.010256410256410256,False
NQ,RTH,B0,1day,195,TRV3,E4,0.9896473484787617,1.1637971293816975,1901,0.8105094801664043,0.01030918704702152,0.010256410256410256,False
NQ,RTH,B0,1day,195,TRV3,E4_asS05,0.9896473484787617,1.1637971293816975,1901,0.8105094801664043,0.01030918704702152,0.010256410256410256,False
NQ,RTH,B0,1day,195,RV,E1_a_exp_L1-5,0.8524799697745036,1.1113707498374397,1901,,0.01030918704702152,0.010256410256410256,True
NQ,RTH,B0,1day,195,RV,E1_a_exp_L1-10,0.8322498609890435,1.1113707498374397,1901,,0.01030918704702152,0.010256410256410256,True
NQ,RTH,B0,1day,195,RV,E1_d_model_L1-5,0.9771073268889867,1.1113707498374397,1901,,0.01030918704702152,0.010256410256410256,True
NQ,RTH,B0,1day,195,RV,E1_d_model_L1-10,1.0162252141450947,1.1113707498374397,1901,,0.01030918704702152,0.010256410256410256,True
NQ,RTH,B0,1day,195,RV,E2,0.9250307710817987,1.1113707498374397,1901,,0.01030918704702152,0.010256410256410256,True
NQ,RTH,B0,1day,195,RV,E4,0.9831033125066336,1.1113707498374397,1901,,0.01030918704702152,0.010256410256410256,True
NQ,RTH,B0,1day,195,RV,E4_asS05,0.9899847039783066,1.1113707498374397,1901,,0.01030918704702152,0.010256410256410256,True
NQ,RTH,B0,1day,389,RV,E1_a_exp_L1-5,0.8668797489821917,1.0468256676780079,1901,0.801160784962716,0.0051546277620026035,0.005141388174807198,False
NQ,RTH,B0,1day,389,RV,E1_a_exp_L1-10,0.8440089143384718,1.0468256676780079,1901,0.801160784962716,0.0051546277620026035,0.005141388174807198,False
NQ,RTH,B0,1day,389,RV,E1_d_model_L1-5,0.9936009772319189,1.0468256676780079,1901,0.801160784962716,0.0051546277620026035,0.005141388174807198,False
NQ,RTH,B0,1day,389,RV,E1_d_model_L1-10,1.0621677234467481,1.0468256676780079,1901,0.801160784962716,0.0051546277620026035,0.005141388174807198,False
NQ,RTH,B0,1day,389,RV,E2,0.934437050707514,1.0468256676780079,1901,0.801160784962716,0.0051546277620026035,0.005141388174807198,False
NQ,RTH,B0,1day,389,RV,E4,0.9898111765889694,1.0468256676780079,1901,0.801160784962716,0.0051546277620026035,0.005141388174807198,False
NQ,RTH,B0,1day,389,RV,E4_asS05,0.9946220726527734,1.0468256676780079,1901,0.801160784962716,0.0051546277620026035,0.005141388174807198,False
NQ,RTH,B0,1day,389,TRV3,E1_a_exp_L1-5,0.8811035269444647,1.130811649244606,1901,0.801160784962716,0.0051546277620026035,0.005141388174807198,False
NQ,RTH,B0,1day,389,TRV3,E1_a_exp_L1-10,0.8611903481934472,1.130811649244606,1901,0.801160784962716,0.0051546277620026035,0.005141388174807198,False
NQ,RTH,B0,1day,389,TRV3,E1_d_model_L1-5,1.0012181118305556,1.130811649244606,1901,0.801160784962716,0.0051546277620026035,0.005141388174807198,False
NQ,RTH,B0,1day,389,TRV3,E1_d_model_L1-10,1.0678884143553253,1.130811649244606,1901,0.801160784962716,0.0051546277620026035,0.005141388174807198,False
NQ,RTH,B0,1day,389,TRV3,E2,0.8650359148346276,1.130811649244606,1901,0.801160784962716,0.0051546277620026035,0.005141388174807198,False
NQ,RTH,B0,1day,389,TRV3,E4,0.9946220726527734,1.130811649244606,1901,0.801160784962716,0.0051546277620026035,0.005141388174807198,False
NQ,RTH,B0,1day,389,TRV3,E4_asS05,0.9946220726527734,1.130811649244606,1901,0.801160784962716,0.0051546277620026035,0.005141388174807198,False
NQ,RTH,B0,1h,4,RV,E1_a_exp_L1-5,0.547301880743896,2.242931446212441,11406,0.9291608129182771,0.6449340668482266,0.5,False
NQ,RTH,B0,1h,4,RV,E1_a_exp_L1-10,0.5354937000242277,2.242931446212441,11406,0.9291608129182771,0.6449340668482266,0.5,False
NQ,RTH,B0,1h,4,RV,E1_d_model_L1-5,0.6883953385715829,2.242931446212441,11406,0.9291608129182771,0.6449340668482266,0.5,False
NQ,RTH,B0,1h,4,RV,E1_d_model_L1-10,0.6538000317609745,2.242931446212441,11406,0.9291608129182771,0.6449340668482266,0.5,False
NQ,RTH,B0,1h,4,RV,E2,0.8177201086808326,2.242931446212441,11406,0.9291608129182771,0.6449340668482266,0.5,False
NQ,RTH,B0,1h,4,RV,E4,0.8490245508777441,2.242931446212441,11406,0.9291608129182771,0.6449340668482266,0.5,False
NQ,RTH,B0,1h,4,RV,E4_asS05,0.9989686493873401,2.242931446212441,11406,0.9291608129182771,0.6449340668482266,0.5,False
NQ,RTH,B0,1h,4,TRV3,E1_a_exp_L1-5,0.00810092346727903,325.6157621802584,11406,0.9291608129182771,0.6449340668482266,0.5,False
NQ,RTH,B0,1h,4,TRV3,E1_a_exp_L1-10,0.00784125479712126,325.6157621802584,11406,0.9291608129182771,0.6449340668482266,0.5,False
NQ,RTH,B0,1h,4,TRV3,E1_d_model_L1-5,0.011498021355799627,325.6157621802584,11406,0.9291608129182771,0.6449340668482266,0.5,False
NQ,RTH,B0,1h,4,TRV3,E1_d_model_L1-10,0.011011732034385461,325.6157621802584,11406,0.9291608129182771,0.6449340668482266,0.5,False
NQ,RTH,B0,1h,4,TRV3,E2,0.005632682317587426,325.6157621802584,11406,0.9291608129182771,0.6449340668482266,0.5,False
NQ,RTH,B0,1h,4,TRV3,E4,0.9989686493873401,325.6157621802584,11406,0.9291608129182771,0.6449340668482266,0.5,False
NQ,RTH,B0,1h,4,TRV3,E4_asS05,0.9989686493873401,325.6157621802584,11406,0.9291608129182771,0.6449340668482266,0.5,False
NQ,RTH,B0,1h,4,RV,E1_a_exp_L1-5,0.5621237377977998,2.2248478662417193,11406,,0.6449340668482266,0.5,True
NQ,RTH,B0,1h,4,RV,E1_a_exp_L1-10,0.5503708436425238,2.2248478662417193,11406,,0.6449340668482266,0.5,True
NQ,RTH,B0,1h,4,RV,E1_d_model_L1-5,0.7009419344394157,2.2248478662417193,11406,,0.6449340668482266,0.5,True
NQ,RTH,B0,1h,4,RV,E1_d_model_L1-10,0.6822846229205476,2.2248478662417193,11406,,0.6449340668482266,0.5,True
NQ,RTH,B0,1h,4,RV,E2,1.1317601323456032,2.2248478662417193,11406,,0.6449340668482266,0.5,True
NQ,RTH,B0,1h,4,RV,E4,0.8468501430315942,2.2248478662417193,11406,,0.6449340668482266,0.5,True
NQ,RTH,B0,1h,4,RV,E4_asS05,0.9990760625769486,2.2248478662417193,11406,,0.6449340668482266,0.5,True
NQ,RTH,B0,1h,5,RV,E1_a_exp_L1-5,0.5817359623274897,2.078465906115687,11406,0.9369709680034728,0.4903577561002349,0.4,False
NQ,RTH,B0,1h,5,RV,E1_a_exp_L1-10,0.5639327983168626,2.078465906115687,11406,0.9369709680034728,0.4903577561002349,0.4,False
NQ,RTH,B0,1h,5,RV,E1_d_model_L1-5,0.7255778635959462,2.078465906115687,11406,0.9369709680034728,0.4903577561002349,0.4,False
NQ,RTH,B0,1h,5,RV,E1_d_model_L1-10,0.7096998432692319,2.078465906115687,11406,0.9369709680034728,0.4903577561002349,0.4,False
NQ,RTH,B0,1h,5,RV,E2,0.7981710636933615,2.078465906115687,11406,0.9369709680034728,0.4903577561002349,0.4,False
NQ,RTH,B0,1h,5,RV,E4,0.8591982485124215,2.078465906115687,11406,0.9369709680034728,0.4903577561002349,0.4,False
NQ,RTH,B0,1h,5,RV,E4_asS05,0.998238421777998,2.078465906115687,11406,0.9369709680034728,0.4903577561002349,0.4,False
NQ,RTH,B0,1h,5,TRV3,E1_a_exp_L1-5,0.011027920808919811,163.95016841844577,11406,0.9369709680034728,0.4903577561002349,0.4,False
NQ,RTH,B0,1h,5,TRV3,E1_a_exp_L1-10,0.00953335108530028,163.95016841844577,11406,0.9369709680034728,0.4903577561002349,0.4,False
NQ,RTH,B0,1h,5,TRV3,E1_d_model_L1-5,0.014720288285203567,163.95016841844577,11406,0.9369709680034728,0.4903577561002349,0.4,False
NQ,RTH,B0,1h,5,TRV3,E1_d_model_L1-10,0.01069191771912466,163.95016841844577,11406,0.9369709680034728,0.4903577561002349,0.4,False
NQ,RTH,B0,1h,5,TRV3,E2,0.010118753516011004,163.95016841844577,11406,0.9369709680034728,0.4903577561002349,0.4,False
NQ,RTH,B0,1h,5,TRV3,E4,0.998238421777998,163.95016841844577,11406,0.9369709680034728,0.4903577561002349,0.4,False
NQ,RTH,B0,1h,5,TRV3,E4_asS05,0.998238421777998,163.95016841844577,11406,0.9369709680034728,0.4903577561002349,0.4,False
NQ,RTH,B0,1h,5,RV,E1_a_exp_L1-5,0.5906662304241712,2.0771785367033466,11406,,0.4903577561002349,0.4,True
NQ,RTH,B0,1h,5,RV,E1_a_exp_L1-10,0.5789367173961261,2.0771785367033466,11406,,0.4903577561002349,0.4,True
NQ,RTH,B0,1h,5,RV,E1_d_model_L1-5,0.7366214994317929,2.0771785367033466,11406,,0.4903577561002349,0.4,True
NQ,RTH,B0,1h,5,RV,E1_d_model_L1-10,0.7177016005965755,2.0771785367033466,11406,,0.4903577561002349,0.4,True
NQ,RTH,B0,1h,5,RV,E2,1.0069731425961028,2.0771785367033466,11406,,0.4903577561002349,0.4,True
NQ,RTH,B0,1h,5,RV,E4,0.8588020364993412,2.0771785367033466,11406,,0.4903577561002349,0.4,True
NQ,RTH,B0,1h,5,RV,E4_asS05,0.9982358629453695,2.0771785367033466,11406,,0.4903577561002349,0.4,True
NQ,RTH,B0,1h,6,RV,E1_a_exp_L1-5,0.6118448430572228,1.9944671809499017,11406,0.9385358404376885,0.39493406684822646,0.3333333333333333,False
NQ,RTH,B0,1h,6,RV,E1_a_exp_L1-10,0.5953195116393047,1.9944671809499017,11406,0.9385358404376885,0.39493406684822646,0.3333333333333333,False
NQ,RTH,B0,1h,6,RV,E1_d_model_L1-5,0.7564875253558061,1.9944671809499017,11406,0.9385358404376885,0.39493406684822646,0.3333333333333333,False
NQ,RTH,B0,1h,6,RV,E1_d_model_L1-10,0.7380045022906212,1.9944671809499017,11406,0.9385358404376885,0.39493406684822646,0.3333333333333333,False
NQ,RTH,B0,1h,6,RV,E2,0.7725015650247079,1.9944671809499017,11406,0.9385358404376885,0.39493406684822646,0.3333333333333333,False
NQ,RTH,B0,1h,6,RV,E4,0.8700745817976924,1.9944671809499017,11406,0.9385358404376885,0.39493406684822646,0.3333333333333333,False
NQ,RTH,B0,1h,6,RV,E4_asS05,0.8876953518389712,1.9944671809499017,11406,0.9385358404376885,0.39493406684822646,0.3333333333333333,False
NQ,RTH,B0,1h,6,TRV3,E1_a_exp_L1-5,0.5537724086118533,2.2559060240978828,11406,0.9385358404376885,0.39493406684822646,0.3333333333333333,False
NQ,RTH,B0,1h,6,TRV3,E1_a_exp_L1-10,0.5428028046517098,2.2559060240978828,11406,0.9385358404376885,0.39493406684822646,0.3333333333333333,False
NQ,RTH,B0,1h,6,TRV3,E1_d_model_L1-5,0.6904473244336111,2.2559060240978828,11406,0.9385358404376885,0.39493406684822646,0.3333333333333333,False
NQ,RTH,B0,1h,6,TRV3,E1_d_model_L1-10,0.6728424532312265,2.2559060240978828,11406,0.9385358404376885,0.39493406684822646,0.3333333333333333,False
NQ,RTH,B0,1h,6,TRV3,E2,0.6829757100765492,2.2559060240978828,11406,0.9385358404376885,0.39493406684822646,0.3333333333333333,False
NQ,RTH,B0,1h,6,TRV3,E4,0.8876953518389712,2.2559060240978828,11406,0.9385358404376885,0.39493406684822646,0.3333333333333333,False
NQ,RTH,B0,1h,6,TRV3,E4_asS05,0.8876953518389712,2.2559060240978828,11406,0.9385358404376885,0.39493406684822646,0.3333333333333333,False
NQ,RTH,B0,1h,6,RV,E1_a_exp_L1-5,0.6225937247515734,1.9658812151643184,11406,,0.39493406684822646,0.3333333333333333,True
NQ,RTH,B0,1h,6,RV,E1_a_exp_L1-10,0.6020571397857616,1.9658812151643184,11406,,0.39493406684822646,0.3333333333333333,True
NQ,RTH,B0,1h,6,RV,E1_d_model_L1-5,0.776342413525063,1.9658812151643184,11406,,0.39493406684822646,0.3333333333333333,True
NQ,RTH,B0,1h,6,RV,E1_d_model_L1-10,0.7351210508967814,1.9658812151643184,11406,,0.39493406684822646,0.3333333333333333,True
NQ,RTH,B0,1h,6,RV,E2,0.7774481480408704,1.9658812151643184,11406,,0.39493406684822646,0.3333333333333333,True
NQ,RTH,B0,1h,6,RV,E4,0.8682087493281025,1.9658812151643184,11406,,0.39493406684822646,0.3333333333333333,True
NQ,RTH,B0,1h,6,RV,E4_asS05,0.9940381797702109,1.9658812151643184,11406,,0.39493406684822646,0.3333333333333333,True
NQ,RTH,B0,1h,10,RV,E1_a_exp_L1-5,0.6605655389871974,1.8087541015938593,11406,0.9384649801089279,0.22132295573711533,0.2,False
NQ,RTH,B0,1h,10,RV,E1_a_exp_L1-10,0.6462754206605255,1.8087541015938593,11406,0.9384649801089279,0.22132295573711533,0.2,False
NQ,RTH,B0,1h,10,RV,E1_d_model_L1-5,0.8309120475281221,1.8087541015938593,11406,0.9384649801089279,0.22132295573711533,0.2,False
NQ,RTH,B0,1h,10,RV,E1_d_model_L1-10,0.789078682871604,1.8087541015938593,11406,0.9384649801089279,0.22132295573711533,0.2,False
NQ,RTH,B0,1h,10,RV,E2,0.845644398871153,1.8087541015938593,11406,0.9384649801089279,0.22132295573711533,0.2,False
NQ,RTH,B0,1h,10,RV,E4,0.9006337465515117,1.8087541015938593,11406,0.9384649801089279,0.22132295573711533,0.2,False
NQ,RTH,B0,1h,10,RV,E4_asS05,0.9112892123267105,1.8087541015938593,11406,0.9384649801089279,0.22132295573711533,0.2,False
NQ,RTH,B0,1h,10,TRV3,E1_a_exp_L1-5,0.6398365903229969,1.9186986258943532,11406,0.9384649801089279,0.22132295573711533,0.2,False
NQ,RTH,B0,1h,10,TRV3,E1_a_exp_L1-10,0.6325964600270058,1.9186986258943532,11406,0.9384649801089279,0.22132295573711533,0.2,False
NQ,RTH,B0,1h,10,TRV3,E1_d_model_L1-5,0.7916274427512097,1.9186986258943532,11406,0.9384649801089279,0.22132295573711533,0.2,False
NQ,RTH,B0,1h,10,TRV3,E1_d_model_L1-10,0.7723587307714945,1.9186986258943532,11406,0.9384649801089279,0.22132295573711533,0.2,False
NQ,RTH,B0,1h,10,TRV3,E2,0.7971876115953875,1.9186986258943532,11406,0.9384649801089279,0.22132295573711533,0.2,False
NQ,RTH,B0,1h,10,TRV3,E4,0.9112892123267105,1.9186986258943532,11406,0.9384649801089279,0.22132295573711533,0.2,False
NQ,RTH,B0,1h,10,TRV3,E4_asS05,0.9112892123267105,1.9186986258943532,11406,0.9384649801089279,0.22132295573711533,0.2,False
NQ,RTH,B0,1h,10,RV,E1_a_exp_L1-5,0.6684834886567999,1.7955885827619666,11406,,0.22132295573711533,0.2,True
NQ,RTH,B0,1h,10,RV,E1_a_exp_L1-10,0.65616155710987,1.7955885827619666,11406,,0.22132295573711533,0.2,True
NQ,RTH,B0,1h,10,RV,E1_d_model_L1-5,0.8336009675563277,1.7955885827619666,11406,,0.22132295573711533,0.2,True
NQ,RTH,B0,1h,10,RV,E1_d_model_L1-10,0.7892058116011536,1.7955885827619666,11406,,0.22132295573711533,0.2,True
NQ,RTH,B0,1h,10,RV,E2,0.8472749504659521,1.7955885827619666,11406,,0.22132295573711533,0.2,True
NQ,RTH,B0,1h,10,RV,E4,0.9000378896152443,1.7955885827619666,11406,,0.22132295573711533,0.2,True
NQ,RTH,B0,1h,10,RV,E4_asS05,0.9111639448757939,1.7955885827619666,11406,,0.22132295573711533,0.2,True
NQ,RTH,B0,1h,12,RV,E1_a_exp_L1-5,0.6731062190531139,1.7589853604612276,11406,0.9382907951367866,0.18132295573711532,0.16666666666666666,False
NQ,RTH,B0,1h,12,RV,E1_a_exp_L1-10,0.6619278419052411,1.7589853604612276,11406,0.9382907951367866,0.18132295573711532,0.16666666666666666,False
NQ,RTH,B0,1h,12,RV,E1_d_model_L1-5,0.8394818703511943,1.7589853604612276,11406,0.9382907951367866,0.18132295573711532,0.16666666666666666,False
NQ,RTH,B0,1h,12,RV,E1_d_model_L1-10,0.820553938255483,1.7589853604612276,11406,0.9382907951367866,0.18132295573711532,0.16666666666666666,False
NQ,RTH,B0,1h,12,RV,E2,0.8621154416628342,1.7589853604612276,11406,0.9382907951367866,0.18132295573711532,0.16666666666666666,False
NQ,RTH,B0,1h,12,RV,E4,0.9111963861396486,1.7589853604612276,11406,0.9382907951367866,0.18132295573711532,0.16666666666666666,False
NQ,RTH,B0,1h,12,RV,E4_asS05,0.9213875228379244,1.7589853604612276,11406,0.9382907951367866,0.18132295573711532,0.16666666666666666,False
NQ,RTH,B0,1h,12,TRV3,E1_a_exp_L1-5,0.663093584385201,1.857552715620037,11406,0.9382907951367866,0.18132295573711532,0.16666666666666666,False
NQ,RTH,B0,1h,12,TRV3,E1_a_exp_L1-10,0.648659672333264,1.857552715620037,11406,0.9382907951367866,0.18132295573711532,0.16666666666666666,False
NQ,RTH,B0,1h,12,TRV3,E1_d_model_L1-5,0.8134517268611352,1.857552715620037,11406,0.9382907951367866,0.18132295573711532,0.16666666666666666,False
NQ,RTH,B0,1h,12,TRV3,E1_d_model_L1-10,0.7919513080073937,1.857552715620037,11406,0.9382907951367866,0.18132295573711532,0.16666666666666666,False
NQ,RTH,B0,1h,12,TRV3,E2,0.8163689935476807,1.857552715620037,11406,0.9382907951367866,0.18132295573711532,0.16666666666666666,False
NQ,RTH,B0,1h,12,TRV3,E4,0.9213875228379244,1.857552715620037,11406,0.9382907951367866,0.18132295573711532,0.16666666666666666,False
NQ,RTH,B0,1h,12,TRV3,E4_asS05,0.9213875228379244,1.857552715620037,11406,0.9382907951367866,0.18132295573711532,0.16666666666666666,False
NQ,RTH,B0,1h,12,RV,E1_a_exp_L1-5,0.6858256491679361,1.7474760271728278,11406,,0.18132295573711532,0.16666666666666666,True
NQ,RTH,B0,1h,12,RV,E1_a_exp_L1-10,0.6703800641317987,1.7474760271728278,11406,,0.18132295573711532,0.16666666666666666,True
NQ,RTH,B0,1h,12,RV,E1_d_model_L1-5,0.8412107929126944,1.7474760271728278,11406,,0.18132295573711532,0.16666666666666666,True
NQ,RTH,B0,1h,12,RV,E1_d_model_L1-10,0.8185281045144258,1.7474760271728278,11406,,0.18132295573711532,0.16666666666666666,True
NQ,RTH,B0,1h,12,RV,E2,0.8653865054137387,1.7474760271728278,11406,,0.18132295573711532,0.16666666666666666,True
NQ,RTH,B0,1h,12,RV,E4,0.9108556900197984,1.7474760271728278,11406,,0.18132295573711532,0.16666666666666666,True
NQ,RTH,B0,1h,12,RV,E4_asS05,0.9209340378380425,1.7474760271728278,11406,,0.18132295573711532,0.16666666666666666,True
NQ,RTH,B0,1h,15,RV,E1_a_exp_L1-5,0.6958669254857638,1.6992638646956932,11406,0.9329007664143694,0.1426158966967038,0.13333333333333333,False
NQ,RTH,B0,1h,15,RV,E1_a_exp_L1-10,0.6807809971390281,1.6992638646956932,11406,0.9329007664143694,0.1426158966967038,0.13333333333333333,False
NQ,RTH,B0,1h,15,RV,E1_d_model_L1-5,0.8535076396099129,1.6992638646956932,11406,0.9329007664143694,0.1426158966967038,0.13333333333333333,False
NQ,RTH,B0,1h,15,RV,E1_d_model_L1-10,0.8312348010708925,1.6992638646956932,11406,0.9329007664143694,0.1426158966967038,0.13333333333333333,False
NQ,RTH,B0,1h,15,RV,E2,0.8752871887641551,1.6992638646956932,11406,0.9329007664143694,0.1426158966967038,0.13333333333333333,False
NQ,RTH,B0,1h,15,RV,E4,0.9226714311865954,1.6992638646956932,11406,0.9329007664143694,0.1426158966967038,0.13333333333333333,False
NQ,RTH,B0,1h,15,RV,E4_asS05,0.9317144246607092,1.6992638646956932,11406,0.9329007664143694,0.1426158966967038,0.13333333333333333,False
NQ,RTH,B0,1h,15,TRV3,E1_a_exp_L1-5,0.6915182016030006,1.769477841813475,11406,0.9329007664143694,0.1426158966967038,0.13333333333333333,False
NQ,RTH,B0,1h,15,TRV3,E1_a_exp_L1-10,0.6839007806303182,1.769477841813475,11406,0.9329007664143694,0.1426158966967038,0.13333333333333333,False
NQ,RTH,B0,1h,15,TRV3,E1_d_model_L1-5,0.8554918635136389,1.769477841813475,11406,0.9329007664143694,0.1426158966967038,0.13333333333333333,False
NQ,RTH,B0,1h,15,TRV3,E1_d_model_L1-10,0.8101956484360553,1.769477841813475,11406,0.9329007664143694,0.1426158966967038,0.13333333333333333,False
NQ,RTH,B0,1h,15,TRV3,E2,0.8405552507929013,1.769477841813475,11406,0.9329007664143694,0.1426158966967038,0.13333333333333333,False
NQ,RTH,B0,1h,15,TRV3,E4,0.9317144246607092,1.769477841813475,11406,0.9329007664143694,0.1426158966967038,0.13333333333333333,False
NQ,RTH,B0,1h,15,TRV3,E4_asS05,0.9317144246607092,1.769477841813475,11406,0.9329007664143694,0.1426158966967038,0.13333333333333333,False
NQ,RTH,B0,1h,15,RV,E1_a_exp_L1-5,0.7006868758106084,1.6997361646086568,11406,,0.1426158966967038,0.13333333333333333,True
NQ,RTH,B0,1h,15,RV,E1_a_exp_L1-10,0.6842350984721535,1.6997361646086568,11406,,0.1426158966967038,0.13333333333333333,True
NQ,RTH,B0,1h,15,RV,E1_d_model_L1-5,0.8593544059786623,1.6997361646086568,11406,,0.1426158966967038,0.13333333333333333,True
NQ,RTH,B0,1h,15,RV,E1_d_model_L1-10,0.8354201530965453,1.6997361646086568,11406,,0.1426158966967038,0.13333333333333333,True
NQ,RTH,B0,1h,15,RV,E2,0.8775345296264614,1.6997361646086568,11406,,0.1426158966967038,0.13333333333333333,True
NQ,RTH,B0,1h,15,RV,E4,0.9216740745033131,1.6997361646086568,11406,,0.1426158966967038,0.13333333333333333,True
NQ,RTH,B0,1h,15,RV,E4_asS05,0.9322212708378268,1.6997361646086568,11406,,0.1426158966967038,0.13333333333333333,True
NQ,RTH,B0,1h,20,RV,E1_a_exp_L1-5,0.7103442752413353,1.6606307987124385,11406,0.9275972097467309,0.10516633568168576,0.1,False
NQ,RTH,B0,1h,20,RV,E1_a_exp_L1-10,0.6956331870922864,1.6606307987124385,11406,0.9275972097467309,0.10516633568168576,0.1,False
NQ,RTH,B0,1h,20,RV,E1_d_model_L1-5,0.8713199672898724,1.6606307987124385,11406,0.9275972097467309,0.10516633568168576,0.1,False
NQ,RTH,B0,1h,20,RV,E1_d_model_L1-10,0.849347151377826,1.6606307987124385,11406,0.9275972097467309,0.10516633568168576,0.1,False
NQ,RTH,B0,1h,20,RV,E2,0.9001151777113335,1.6606307987124385,11406,0.9275972097467309,0.10516633568168576,0.1,False
NQ,RTH,B0,1h,20,RV,E4,0.9369497400250387,1.6606307987124385,11406,0.9275972097467309,0.10516633568168576,0.1,False
NQ,RTH,B0,1h,20,RV,E4_asS05,0.9455835648549585,1.6606307987124385,11406,0.9275972097467309,0.10516633568168576,0.1,False
NQ,RTH,B0,1h,20,TRV3,E1_a_exp_L1-5,0.706766989872967,1.7282578135782936,11406,0.9275972097467309,0.10516633568168576,0.1,False
NQ,RTH,B0,1h,20,TRV3,E1_a_exp_L1-10,0.6995585280505996,1.7282578135782936,11406,0.9275972097467309,0.10516633568168576,0.1,False
NQ,RTH,B0,1h,20,TRV3,E1_d_model_L1-5,0.8743426458976877,1.7282578135782936,11406,0.9275972097467309,0.10516633568168576,0.1,False
NQ,RTH,B0,1h,20,TRV3,E1_d_model_L1-10,0.8287226568209864,1.7282578135782936,11406,0.9275972097467309,0.10516633568168576,0.1,False
NQ,RTH,B0,1h,20,TRV3,E2,0.8648935215291272,1.7282578135782936,11406,0.9275972097467309,0.10516633568168576,0.1,False
NQ,RTH,B0,1h,20,TRV3,E4,0.9455835648549585,1.7282578135782936,11406,0.9275972097467309,0.10516633568168576,0.1,False
NQ,RTH,B0,1h,20,TRV3,E4_asS05,0.9455835648549585,1.7282578135782936,11406,0.9275972097467309,0.10516633568168576,0.1,False
NQ,RTH,B0,1h,20,RV,E1_a_exp_L1-5,0.7108263569425668,1.651139904075803,11406,,0.10516633568168576,0.1,True
NQ,RTH,B0,1h,20,RV,E1_a_exp_L1-10,0.6954907151625278,1.651139904075803,11406,,0.10516633568168576,0.1,True
NQ,RTH,B0,1h,20,RV,E1_d_model_L1-5,0.8718328814940157,1.651139904075803,11406,,0.10516633568168576,0.1,True
NQ,RTH,B0,1h,20,RV,E1_d_model_L1-10,0.8492041098531615,1.651139904075803,11406,,0.10516633568168576,0.1,True
NQ,RTH,B0,1h,20,RV,E2,0.8994026587912408,1.651139904075803,11406,,0.10516633568168576,0.1,True
NQ,RTH,B0,1h,20,RV,E4,0.935060108656303,1.651139904075803,11406,,0.10516633568168576,0.1,True
NQ,RTH,B0,1h,20,RV,E4_asS05,0.9448141077529426,1.651139904075803,11406,,0.10516633568168576,0.1,True
NQ,RTH,B0,1h,30,RV,E1_a_exp_L1-5,0.7226678143435522,1.5953461917322496,11406,0.9138907436500139,0.0689382278476838,0.06666666666666667,False
NQ,RTH,B0,1h,30,RV,E1_a_exp_L1-10,0.713946221276853,1.5953461917322496,11406,0.9138907436500139,0.0689382278476838,0.06666666666666667,False
NQ,RTH,B0,1h,30,RV,E1_d_model_L1-5,0.8940489822310584,1.5953461917322496,11406,0.9138907436500139,0.0689382278476838,0.06666666666666667,False
NQ,RTH,B0,1h,30,RV,E1_d_model_L1-10,0.8717023899514723,1.5953461917322496,11406,0.9138907436500139,0.0689382278476838,0.06666666666666667,False
NQ,RTH,B0,1h,30,RV,E2,0.9174623107386746,1.5953461917322496,11406,0.9138907436500139,0.0689382278476838,0.06666666666666667,False
NQ,RTH,B0,1h,30,RV,E4,0.9525878353039363,1.5953461917322496,11406,0.9138907436500139,0.0689382278476838,0.06666666666666667,False
NQ,RTH,B0,1h,30,RV,E4_asS05,0.9605889093082137,1.5953461917322496,11406,0.9138907436500139,0.0689382278476838,0.06666666666666667,False
NQ,RTH,B0,1h,30,TRV3,E1_a_exp_L1-5,0.7268388067286331,1.6464466760808665,11406,0.9138907436500139,0.0689382278476838,0.06666666666666667,False
NQ,RTH,B0,1h,30,TRV3,E1_a_exp_L1-10,0.7142766655036292,1.6464466760808665,11406,0.9138907436500139,0.0689382278476838,0.06666666666666667,False
NQ,RTH,B0,1h,30,TRV3,E1_d_model_L1-5,0.8845508875464058,1.6464466760808665,11406,0.9138907436500139,0.0689382278476838,0.06666666666666667,False
NQ,RTH,B0,1h,30,TRV3,E1_d_model_L1-10,0.8590493919106523,1.6464466760808665,11406,0.9138907436500139,0.0689382278476838,0.06666666666666667,False
NQ,RTH,B0,1h,30,TRV3,E2,0.8889871896603866,1.6464466760808665,11406,0.9138907436500139,0.0689382278476838,0.06666666666666667,False
NQ,RTH,B0,1h,30,TRV3,E4,0.9605889093082137,1.6464466760808665,11406,0.9138907436500139,0.0689382278476838,0.06666666666666667,False
NQ,RTH,B0,1h,30,TRV3,E4_asS05,0.9605889093082137,1.6464466760808665,11406,0.9138907436500139,0.0689382278476838,0.06666666666666667,False
NQ,RTH,B0,1h,30,RV,E1_a_exp_L1-5,0.7282052627547101,1.585610013541869,11406,,0.0689382278476838,0.06666666666666667,True
NQ,RTH,B0,1h,30,RV,E1_a_exp_L1-10,0.7179550634153238,1.585610013541869,11406,,0.0689382278476838,0.06666666666666667,True
NQ,RTH,B0,1h,30,RV,E1_d_model_L1-5,0.9008078351566746,1.585610013541869,11406,,0.0689382278476838,0.06666666666666667,True
NQ,RTH,B0,1h,30,RV,E1_d_model_L1-10,0.8766105647741618,1.585610013541869,11406,,0.0689382278476838,0.06666666666666667,True
NQ,RTH,B0,1h,30,RV,E2,0.9182177727015225,1.585610013541869,11406,,0.0689382278476838,0.06666666666666667,True
NQ,RTH,B0,1h,30,RV,E4,0.9502938455886918,1.585610013541869,11406,,0.0689382278476838,0.06666666666666667,True
NQ,RTH,B0,1h,30,RV,E4_asS05,0.9592523501024839,1.585610013541869,11406,,0.0689382278476838,0.06666666666666667,True
NQ,RTH,B0,1h,60,RV,E1_a_exp_L1-5,0.7409594674039269,1.5004058110408809,11406,0.9013932471027377,0.033895060357739946,0.03333333333333333,False
NQ,RTH,B0,1h,60,RV,E1_a_exp_L1-10,0.731830559745707,1.5004058110408809,11406,0.9013932471027377,0.033895060357739946,0.03333333333333333,False
NQ,RTH,B0,1h,60,RV,E1_d_model_L1-5,0.9166572890336141,1.5004058110408809,11406,0.9013932471027377,0.033895060357739946,0.03333333333333333,False
NQ,RTH,B0,1h,60,RV,E1_d_model_L1-10,0.8935319872405291,1.5004058110408809,11406,0.9013932471027377,0.033895060357739946,0.03333333333333333,False
NQ,RTH,B0,1h,60,RV,E2,0.9357212155969795,1.5004058110408809,11406,0.9013932471027377,0.033895060357739946,0.03333333333333333,False
NQ,RTH,B0,1h,60,RV,E4,0.9721260897314379,1.5004058110408809,11406,0.9013932471027377,0.033895060357739946,0.03333333333333333,False
NQ,RTH,B0,1h,60,RV,E4_asS05,0.9781836519299509,1.5004058110408809,11406,0.9013932471027377,0.033895060357739946,0.03333333333333333,False
NQ,RTH,B0,1h,60,TRV3,E1_a_exp_L1-5,0.7483407471889921,1.5365841644499925,11406,0.9013932471027377,0.033895060357739946,0.03333333333333333,False
NQ,RTH,B0,1h,60,TRV3,E1_a_exp_L1-10,0.7457226854720735,1.5365841644499925,11406,0.9013932471027377,0.033895060357739946,0.03333333333333333,False
NQ,RTH,B0,1h,60,TRV3,E1_d_model_L1-5,0.9107131852041475,1.5365841644499925,11406,0.9013932471027377,0.033895060357739946,0.03333333333333333,False
NQ,RTH,B0,1h,60,TRV3,E1_d_model_L1-10,0.8833866713373182,1.5365841644499925,11406,0.9013932471027377,0.033895060357739946,0.03333333333333333,False
NQ,RTH,B0,1h,60,TRV3,E2,0.9136899766883133,1.5365841644499925,11406,0.9013932471027377,0.033895060357739946,0.03333333333333333,False
NQ,RTH,B0,1h,60,TRV3,E4,0.9781836519299509,1.5365841644499925,11406,0.9013932471027377,0.033895060357739946,0.03333333333333333,False
NQ,RTH,B0,1h,60,TRV3,E4_asS05,0.9781836519299509,1.5365841644499925,11406,0.9013932471027377,0.033895060357739946,0.03333333333333333,False
NQ,RTH,B0,30min,5,RV,E1_a_exp_L1-5,0.7386480863758178,2.1287262213323292,22812,0.9297027059531905,0.4903577561002349,0.4,False
NQ,RTH,B0,30min,5,RV,E1_a_exp_L1-10,0.6189796526104594,2.1287262213323292,22812,0.9297027059531905,0.4903577561002349,0.4,False
NQ,RTH,B0,30min,5,RV,E1_d_model_L1-5,0.941660950113379,2.1287262213323292,22812,0.9297027059531905,0.4903577561002349,0.4,False
NQ,RTH,B0,30min,5,RV,E1_d_model_L1-10,0.8555239071253331,2.1287262213323292,22812,0.9297027059531905,0.4903577561002349,0.4,False
NQ,RTH,B0,30min,5,RV,E2,1.026990861334638,2.1287262213323292,22812,0.9297027059531905,0.4903577561002349,0.4,False
NQ,RTH,B0,30min,5,RV,E4,0.8610606011153878,2.1287262213323292,22812,0.9297027059531905,0.4903577561002349,0.4,False
NQ,RTH,B0,30min,5,RV,E4_asS05,0.9994474479244733,2.1287262213323292,22812,0.9297027059531905,0.4903577561002349,0.4,False
NQ,RTH,B0,30min,5,TRV3,E1_a_exp_L1-5,0.025620565597767334,525.7194855467336,22812,0.9297027059531905,0.4903577561002349,0.4,False
NQ,RTH,B0,30min,5,TRV3,E1_a_exp_L1-10,0.01561634310659775,525.7194855467336,22812,0.9297027059531905,0.4903577561002349,0.4,False
NQ,RTH,B0,30min,5,TRV3,E1_d_model_L1-5,0.026360419920741316,525.7194855467336,22812,0.9297027059531905,0.4903577561002349,0.4,False
NQ,RTH,B0,30min,5,TRV3,E1_d_model_L1-10,0.017415414296627255,525.7194855467336,22812,0.9297027059531905,0.4903577561002349,0.4,False
NQ,RTH,B0,30min,5,TRV3,E2,0.004158457952758112,525.7194855467336,22812,0.9297027059531905,0.4903577561002349,0.4,False
NQ,RTH,B0,30min,5,TRV3,E4,0.9994474479244733,525.7194855467336,22812,0.9297027059531905,0.4903577561002349,0.4,False
NQ,RTH,B0,30min,5,TRV3,E4_asS05,0.9994474479244733,525.7194855467336,22812,0.9297027059531905,0.4903577561002349,0.4,False
NQ,RTH,B0,30min,5,RV,E1_a_exp_L1-5,0.7363141758143266,2.1336845809503724,22812,,0.4903577561002349,0.4,True
NQ,RTH,B0,30min,5,RV,E1_a_exp_L1-10,0.619494072769097,2.1336845809503724,22812,,0.4903577561002349,0.4,True
NQ,RTH,B0,30min,5,RV,E1_d_model_L1-5,0.938733906484551,2.1336845809503724,22812,,0.4903577561002349,0.4,True
NQ,RTH,B0,30min,5,RV,E1_d_model_L1-10,0.8305868878863367,2.1336845809503724,22812,,0.4903577561002349,0.4,True
NQ,RTH,B0,30min,5,RV,E2,1.2454781644155293,2.1336845809503724,22812,,0.4903577561002349,0.4,True
NQ,RTH,B0,30min,5,RV,E4,0.8618049535337444,2.1336845809503724,22812,,0.4903577561002349,0.4,True
NQ,RTH,B0,30min,5,RV,E4_asS05,0.9993776341496083,2.1336845809503724,22812,,0.4903577561002349,0.4,True
NQ,RTH,B0,30min,6,RV,E1_a_exp_L1-5,0.7721357583609861,2.0228871089574083,22812,0.9355457062847037,0.39493406684822646,0.3333333333333333,False
NQ,RTH,B0,30min,6,RV,E1_a_exp_L1-10,0.6499487382051965,2.0228871089574083,22812,0.9355457062847037,0.39493406684822646,0.3333333333333333,False
NQ,RTH,B0,30min,6,RV,E1_d_model_L1-5,0.9760895079047088,2.0228871089574083,22812,0.9355457062847037,0.39493406684822646,0.3333333333333333,False
NQ,RTH,B0,30min,6,RV,E1_d_model_L1-10,0.8852206810129628,2.0228871089574083,22812,0.9355457062847037,0.39493406684822646,0.3333333333333333,False
NQ,RTH,B0,30min,6,RV,E2,0.7586559482866004,2.0228871089574083,22812,0.9355457062847037,0.39493406684822646,0.3333333333333333,False
NQ,RTH,B0,30min,6,RV,E4,0.8712619749637992,2.0228871089574083,22812,0.9355457062847037,0.39493406684822646,0.3333333333333333,False
NQ,RTH,B0,30min,6,RV,E4_asS05,0.9969400915250638,2.0228871089574083,22812,0.9355457062847037,0.39493406684822646,0.3333333333333333,False
NQ,RTH,B0,30min,6,TRV3,E1_a_exp_L1-5,0.026107612242832163,82.89719017249915,22812,0.9355457062847037,0.39493406684822646,0.3333333333333333,False
NQ,RTH,B0,30min,6,TRV3,E1_a_exp_L1-10,0.02075617960112917,82.89719017249915,22812,0.9355457062847037,0.39493406684822646,0.3333333333333333,False
NQ,RTH,B0,30min,6,TRV3,E1_d_model_L1-5,0.03540444922912607,82.89719017249915,22812,0.9355457062847037,0.39493406684822646,0.3333333333333333,False
NQ,RTH,B0,30min,6,TRV3,E1_d_model_L1-10,0.029154299758021234,82.89719017249915,22812,0.9355457062847037,0.39493406684822646,0.3333333333333333,False
NQ,RTH,B0,30min,6,TRV3,E2,0.018512995853410062,82.89719017249915,22812,0.9355457062847037,0.39493406684822646,0.3333333333333333,False
NQ,RTH,B0,30min,6,TRV3,E4,0.9969400915250638,82.89719017249915,22812,0.9355457062847037,0.39493406684822646,0.3333333333333333,False
NQ,RTH,B0,30min,6,TRV3,E4_asS05,0.9969400915250638,82.89719017249915,22812,0.9355457062847037,0.39493406684822646,0.3333333333333333,False
NQ,RTH,B0,30min,6,RV,E1_a_exp_L1-5,0.7674181641765898,2.041627702975573,22812,,0.39493406684822646,0.3333333333333333,True
NQ,RTH,B0,30min,6,RV,E1_a_exp_L1-10,0.6452526368793754,2.041627702975573,22812,,0.39493406684822646,0.3333333333333333,True
NQ,RTH,B0,30min,6,RV,E1_d_model_L1-5,0.9784428979399559,2.041627702975573,22812,,0.39493406684822646,0.3333333333333333,True
NQ,RTH,B0,30min,6,RV,E1_d_model_L1-10,0.8917304013521784,2.041627702975573,22812,,0.39493406684822646,0.3333333333333333,True
NQ,RTH,B0,30min,6,RV,E2,0.7257763165924349,2.041627702975573,22812,,0.39493406684822646,0.3333333333333333,True
NQ,RTH,B0,30min,6,RV,E4,0.8714678135200785,2.041627702975573,22812,,0.39493406684822646,0.3333333333333333,True
NQ,RTH,B0,30min,6,RV,E4_asS05,0.9969178757451089,2.041627702975573,22812,,0.39493406684822646,0.3333333333333333,True
NQ,RTH,B0,30min,10,RV,E1_a_exp_L1-5,0.8396776908649123,1.8345025886879487,22812,0.9364318695187461,0.22132295573711533,0.2,False
NQ,RTH,B0,30min,10,RV,E1_a_exp_L1-10,0.7053957645908367,1.8345025886879487,22812,0.9364318695187461,0.22132295573711533,0.2,False
NQ,RTH,B0,30min,10,RV,E1_d_model_L1-5,1.0705421528942909,1.8345025886879487,22812,0.9364318695187461,0.22132295573711533,0.2,False
NQ,RTH,B0,30min,10,RV,E1_d_model_L1-10,0.974888382887638,1.8345025886879487,22812,0.9364318695187461,0.22132295573711533,0.2,False
NQ,RTH,B0,30min,10,RV,E2,0.8508392215038726,1.8345025886879487,22812,0.9364318695187461,0.22132295573711533,0.2,False
NQ,RTH,B0,30min,10,RV,E4,0.9019313248599651,1.8345025886879487,22812,0.9364318695187461,0.22132295573711533,0.2,False
NQ,RTH,B0,30min,10,RV,E4_asS05,0.9127987839498128,1.8345025886879487,22812,0.9364318695187461,0.22132295573711533,0.2,False
NQ,RTH,B0,30min,10,TRV3,E1_a_exp_L1-5,0.8042973476814014,1.9471008526181133,22812,0.9364318695187461,0.22132295573711533,0.2,False
NQ,RTH,B0,30min,10,TRV3,E1_a_exp_L1-10,0.6829079485536871,1.9471008526181133,22812,0.9364318695187461,0.22132295573711533,0.2,False
NQ,RTH,B0,30min,10,TRV3,E1_d_model_L1-5,1.0341345800610477,1.9471008526181133,22812,0.9364318695187461,0.22132295573711533,0.2,False
NQ,RTH,B0,30min,10,TRV3,E1_d_model_L1-10,0.9155673775934281,1.9471008526181133,22812,0.9364318695187461,0.22132295573711533,0.2,False
NQ,RTH,B0,30min,10,TRV3,E2,0.8016363160168712,1.9471008526181133,22812,0.9364318695187461,0.22132295573711533,0.2,False
NQ,RTH,B0,30min,10,TRV3,E4,0.9127987839498128,1.9471008526181133,22812,0.9364318695187461,0.22132295573711533,0.2,False
NQ,RTH,B0,30min,10,TRV3,E4_asS05,0.9127987839498128,1.9471008526181133,22812,0.9364318695187461,0.22132295573711533,0.2,False
NQ,RTH,B0,30min,10,RV,E1_a_exp_L1-5,0.8409175130460814,1.819956172082347,22812,,0.22132295573711533,0.2,True
NQ,RTH,B0,30min,10,RV,E1_a_exp_L1-10,0.7083991438506163,1.819956172082347,22812,,0.22132295573711533,0.2,True
NQ,RTH,B0,30min,10,RV,E1_d_model_L1-5,1.0721438756523765,1.819956172082347,22812,,0.22132295573711533,0.2,True
NQ,RTH,B0,30min,10,RV,E1_d_model_L1-10,0.9497294704992908,1.819956172082347,22812,,0.22132295573711533,0.2,True
NQ,RTH,B0,30min,10,RV,E2,0.7596402360963932,1.819956172082347,22812,,0.22132295573711533,0.2,True
NQ,RTH,B0,30min,10,RV,E4,0.9013696432861551,1.819956172082347,22812,,0.22132295573711533,0.2,True
NQ,RTH,B0,30min,10,RV,E4_asS05,0.9116793681105378,1.819956172082347,22812,,0.22132295573711533,0.2,True
NQ,RTH,B0,30min,15,RV,E1_a_exp_L1-5,0.8770884487879645,1.7209164536623864,22812,0.9293207604844322,0.1426158966967038,0.13333333333333333,False
NQ,RTH,B0,30min,15,RV,E1_a_exp_L1-10,0.7384687724590211,1.7209164536623864,22812,0.9293207604844322,0.1426158966967038,0.13333333333333333,False
NQ,RTH,B0,30min,15,RV,E1_d_model_L1-5,1.1182942050116307,1.7209164536623864,22812,0.9293207604844322,0.1426158966967038,0.13333333333333333,False
NQ,RTH,B0,30min,15,RV,E1_d_model_L1-10,0.9900509421359454,1.7209164536623864,22812,0.9293207604844322,0.1426158966967038,0.13333333333333333,False
NQ,RTH,B0,30min,15,RV,E2,0.8920178499081837,1.7209164536623864,22812,0.9293207604844322,0.1426158966967038,0.13333333333333333,False
NQ,RTH,B0,30min,15,RV,E4,0.9232104595799536,1.7209164536623864,22812,0.9293207604844322,0.1426158966967038,0.13333333333333333,False
NQ,RTH,B0,30min,15,RV,E4_asS05,0.9330233255272746,1.7209164536623864,22812,0.9293207604844322,0.1426158966967038,0.13333333333333333,False
NQ,RTH,B0,30min,15,TRV3,E1_a_exp_L1-5,0.860253700190247,1.8008854502318619,22812,0.9293207604844322,0.1426158966967038,0.13333333333333333,False
NQ,RTH,B0,30min,15,TRV3,E1_a_exp_L1-10,0.7321816296898641,1.8008854502318619,22812,0.9293207604844322,0.1426158966967038,0.13333333333333333,False
NQ,RTH,B0,30min,15,TRV3,E1_d_model_L1-5,1.1060801803784595,1.8008854502318619,22812,0.9293207604844322,0.1426158966967038,0.13333333333333333,False
NQ,RTH,B0,30min,15,TRV3,E1_d_model_L1-10,0.9815828719505246,1.8008854502318619,22812,0.9293207604844322,0.1426158966967038,0.13333333333333333,False
NQ,RTH,B0,30min,15,TRV3,E2,0.8524074613795661,1.8008854502318619,22812,0.9293207604844322,0.1426158966967038,0.13333333333333333,False
NQ,RTH,B0,30min,15,TRV3,E4,0.9330233255272746,1.8008854502318619,22812,0.9293207604844322,0.1426158966967038,0.13333333333333333,False
NQ,RTH,B0,30min,15,TRV3,E4_asS05,0.9330233255272746,1.8008854502318619,22812,0.9293207604844322,0.1426158966967038,0.13333333333333333,False
NQ,RTH,B0,30min,15,RV,E1_a_exp_L1-5,0.8622291085272947,1.7134616295646292,22812,,0.1426158966967038,0.13333333333333333,True
NQ,RTH,B0,30min,15,RV,E1_a_exp_L1-10,0.7330283642951227,1.7134616295646292,22812,,0.1426158966967038,0.13333333333333333,True
NQ,RTH,B0,30min,15,RV,E1_d_model_L1-5,1.108653042171037,1.7134616295646292,22812,,0.1426158966967038,0.13333333333333333,True
NQ,RTH,B0,30min,15,RV,E1_d_model_L1-10,0.9827321566755661,1.7134616295646292,22812,,0.1426158966967038,0.13333333333333333,True
NQ,RTH,B0,30min,15,RV,E2,0.7947219230494417,1.7134616295646292,22812,,0.1426158966967038,0.13333333333333333,True
NQ,RTH,B0,30min,15,RV,E4,0.9199898807639318,1.7134616295646292,22812,,0.1426158966967038,0.13333333333333333,True
NQ,RTH,B0,30min,15,RV,E4_asS05,0.9310459815669797,1.7134616295646292,22812,,0.1426158966967038,0.13333333333333333,True
NQ,RTH,B0,30min,30,RV,E1_a_exp_L1-5,0.9153673749423827,1.581459570379477,22812,0.9196930746461426,0.0689382278476838,0.06666666666666667,False
NQ,RTH,B0,30min,30,RV,E1_a_exp_L1-10,0.7710491961530859,1.581459570379477,22812,0.9196930746461426,0.0689382278476838,0.06666666666666667,False
NQ,RTH,B0,30min,30,RV,E1_d_model_L1-5,1.16714299467935,1.581459570379477,22812,0.9196930746461426,0.0689382278476838,0.06666666666666667,False
NQ,RTH,B0,30min,30,RV,E1_d_model_L1-10,1.033747906568008,1.581459570379477,22812,0.9196930746461426,0.0689382278476838,0.06666666666666667,False
NQ,RTH,B0,30min,30,RV,E2,0.926678286455522,1.581459570379477,22812,0.9196930746461426,0.0689382278476838,0.06666666666666667,False
NQ,RTH,B0,30min,30,RV,E4,0.9528317331136027,1.581459570379477,22812,0.9196930746461426,0.0689382278476838,0.06666666666666667,False
NQ,RTH,B0,30min,30,RV,E4_asS05,0.9606130236763046,1.581459570379477,22812,0.9196930746461426,0.0689382278476838,0.06666666666666667,False
NQ,RTH,B0,30min,30,TRV3,E1_a_exp_L1-5,0.9106519078388505,1.6266818294036645,22812,0.9196930746461426,0.0689382278476838,0.06666666666666667,False
NQ,RTH,B0,30min,30,TRV3,E1_a_exp_L1-10,0.774716486593886,1.6266818294036645,22812,0.9196930746461426,0.0689382278476838,0.06666666666666667,False
NQ,RTH,B0,30min,30,TRV3,E1_d_model_L1-5,1.1709129747813072,1.6266818294036645,22812,0.9196930746461426,0.0689382278476838,0.06666666666666667,False
NQ,RTH,B0,30min,30,TRV3,E1_d_model_L1-10,1.0386360218377975,1.6266818294036645,22812,0.9196930746461426,0.0689382278476838,0.06666666666666667,False
NQ,RTH,B0,30min,30,TRV3,E2,0.9009163428813783,1.6266818294036645,22812,0.9196930746461426,0.0689382278476838,0.06666666666666667,False
NQ,RTH,B0,30min,30,TRV3,E4,0.9606130236763046,1.6266818294036645,22812,0.9196930746461426,0.0689382278476838,0.06666666666666667,False
NQ,RTH,B0,30min,30,TRV3,E4_asS05,0.9606130236763046,1.6266818294036645,22812,0.9196930746461426,0.0689382278476838,0.06666666666666667,False
NQ,RTH,B1,1day,5,RV,E1_a_exp_L1-5,0.5496907512706962,1.8290644792899533,1901,0.8978713820075676,0.4903577561002349,0.4,False
NQ,RTH,B1,1day,5,RV,E1_a_exp_L1-10,0.5502665401707547,1.8290644792899533,1901,0.8978713820075676,0.4903577561002349,0.4,False
NQ,RTH,B1,1day,5,RV,E1_d_model_L1-5,0.600275512239935,1.8290644792899533,1901,0.8978713820075676,0.4903577561002349,0.4,False
NQ,RTH,B1,1day,5,RV,E1_d_model_L1-10,0.6715650279622919,1.8290644792899533,1901,0.8978713820075676,0.4903577561002349,0.4,False
NQ,RTH,B1,1day,5,RV,E2,0.6209231319098192,1.8290644792899533,1901,0.8978713820075676,0.4903577561002349,0.4,False
NQ,RTH,B1,1day,5,RV,E4,0.8279429026661629,1.8290644792899533,1901,0.8978713820075676,0.4903577561002349,0.4,False
NQ,RTH,B1,1day,5,RV,E4_asS05,0.8738027467603945,1.8290644792899533,1901,0.8978713820075676,0.4903577561002349,0.4,False
NQ,RTH,B1,1day,5,TRV3,E1_a_exp_L1-5,0.4269311247154519,2.383192881747156,1901,0.8978713820075676,0.4903577561002349,0.4,False
NQ,RTH,B1,1day,5,TRV3,E1_a_exp_L1-10,0.4317966134907565,2.383192881747156,1901,0.8978713820075676,0.4903577561002349,0.4,False
NQ,RTH,B1,1day,5,TRV3,E1_d_model_L1-5,0.4669699461624464,2.383192881747156,1901,0.8978713820075676,0.4903577561002349,0.4,False
NQ,RTH,B1,1day,5,TRV3,E1_d_model_L1-10,0.5191218487075355,2.383192881747156,1901,0.8978713820075676,0.4903577561002349,0.4,False
NQ,RTH,B1,1day,5,TRV3,E2,0.47654910924084115,2.383192881747156,1901,0.8978713820075676,0.4903577561002349,0.4,False
NQ,RTH,B1,1day,5,TRV3,E4,0.8738027467603945,2.383192881747156,1901,0.8978713820075676,0.4903577561002349,0.4,False
NQ,RTH,B1,1day,5,TRV3,E4_asS05,0.8738027467603945,2.383192881747156,1901,0.8978713820075676,0.4903577561002349,0.4,False
NQ,RTH,B1,1day,5,RV,E1_a_exp_L1-5,0.5551598321249517,1.784028268217197,1901,,0.4903577561002349,0.4,True
NQ,RTH,B1,1day,5,RV,E1_a_exp_L1-10,0.5614617758816967,1.784028268217197,1901,,0.4903577561002349,0.4,True
NQ,RTH,B1,1day,5,RV,E1_d_model_L1-5,0.5965792693842031,1.784028268217197,1901,,0.4903577561002349,0.4,True
NQ,RTH,B1,1day,5,RV,E1_d_model_L1-10,0.6648056193197209,1.784028268217197,1901,,0.4903577561002349,0.4,True
NQ,RTH,B1,1day,5,RV,E2,0.6130795175934936,1.784028268217197,1901,,0.4903577561002349,0.4,True
NQ,RTH,B1,1day,5,RV,E4,0.8250546905088939,1.784028268217197,1901,,0.4903577561002349,0.4,True
NQ,RTH,B1,1day,5,RV,E4_asS05,0.8678096701829107,1.784028268217197,1901,,0.4903577561002349,0.4,True
NQ,RTH,B1,1day,6,RV,E1_a_exp_L1-5,0.5806145553545502,1.6687166754392468,1901,0.91129044950333,0.39493406684822646,0.3333333333333333,False
NQ,RTH,B1,1day,6,RV,E1_a_exp_L1-10,0.5801220634280442,1.6687166754392468,1901,0.91129044950333,0.39493406684822646,0.3333333333333333,False
NQ,RTH,B1,1day,6,RV,E1_d_model_L1-5,0.6340046518810989,1.6687166754392468,1901,0.91129044950333,0.39493406684822646,0.3333333333333333,False
NQ,RTH,B1,1day,6,RV,E1_d_model_L1-10,0.7079994341818149,1.6687166754392468,1901,0.91129044950333,0.39493406684822646,0.3333333333333333,False
NQ,RTH,B1,1day,6,RV,E2,0.6995929319901858,1.6687166754392468,1901,0.91129044950333,0.39493406684822646,0.3333333333333333,False
NQ,RTH,B1,1day,6,RV,E4,0.8330384892768873,1.6687166754392468,1901,0.91129044950333,0.39493406684822646,0.3333333333333333,False
NQ,RTH,B1,1day,6,RV,E4_asS05,0.8595941400274993,1.6687166754392468,1901,0.91129044950333,0.39493406684822646,0.3333333333333333,False
NQ,RTH,B1,1day,6,TRV3,E1_a_exp_L1-5,0.5231071843564269,1.8826456833589347,1901,0.91129044950333,0.39493406684822646,0.3333333333333333,False
NQ,RTH,B1,1day,6,TRV3,E1_a_exp_L1-10,0.5170683432518625,1.8826456833589347,1901,0.91129044950333,0.39493406684822646,0.3333333333333333,False
NQ,RTH,B1,1day,6,TRV3,E1_d_model_L1-5,0.5847648761801859,1.8826456833589347,1901,0.91129044950333,0.39493406684822646,0.3333333333333333,False
NQ,RTH,B1,1day,6,TRV3,E1_d_model_L1-10,0.65088400474787,1.8826456833589347,1901,0.91129044950333,0.39493406684822646,0.3333333333333333,False
NQ,RTH,B1,1day,6,TRV3,E2,0.6200967085578172,1.8826456833589347,1901,0.91129044950333,0.39493406684822646,0.3333333333333333,False
NQ,RTH,B1,1day,6,TRV3,E4,0.8595941400274993,1.8826456833589347,1901,0.91129044950333,0.39493406684822646,0.3333333333333333,False
NQ,RTH,B1,1day,6,TRV3,E4_asS05,0.8595941400274993,1.8826456833589347,1901,0.91129044950333,0.39493406684822646,0.3333333333333333,False
NQ,RTH,B1,1day,6,RV,E1_a_exp_L1-5,0.5827913738549766,1.6821991468306354,1901,,0.39493406684822646,0.3333333333333333,True
NQ,RTH,B1,1day,6,RV,E1_a_exp_L1-10,0.5779047575844295,1.6821991468306354,1901,,0.39493406684822646,0.3333333333333333,True
NQ,RTH,B1,1day,6,RV,E1_d_model_L1-5,0.6363585803898839,1.6821991468306354,1901,,0.39493406684822646,0.3333333333333333,True
NQ,RTH,B1,1day,6,RV,E1_d_model_L1-10,0.6946755575058977,1.6821991468306354,1901,,0.39493406684822646,0.3333333333333333,True
NQ,RTH,B1,1day,6,RV,E2,0.6899944114450831,1.6821991468306354,1901,,0.39493406684822646,0.3333333333333333,True
NQ,RTH,B1,1day,6,RV,E4,0.8362474676995205,1.6821991468306354,1901,,0.39493406684822646,0.3333333333333333,True
NQ,RTH,B1,1day,6,RV,E4_asS05,0.865630867441068,1.6821991468306354,1901,,0.39493406684822646,0.3333333333333333,True
NQ,RTH,B1,1day,10,RV,E1_a_exp_L1-5,0.6841665122775454,1.4544993355579572,1901,0.9088960642424561,0.22132295573711533,0.2,False
NQ,RTH,B1,1day,10,RV,E1_a_exp_L1-10,0.6683282805022547,1.4544993355579572,1901,0.9088960642424561,0.22132295573711533,0.2,False
NQ,RTH,B1,1day,10,RV,E1_d_model_L1-5,0.7715603087650444,1.4544993355579572,1901,0.9088960642424561,0.22132295573711533,0.2,False
NQ,RTH,B1,1day,10,RV,E1_d_model_L1-10,0.8036047155709422,1.4544993355579572,1901,0.9088960642424561,0.22132295573711533,0.2,False
NQ,RTH,B1,1day,10,RV,E2,0.7776292563257164,1.4544993355579572,1901,0.9088960642424561,0.22132295573711533,0.2,False
NQ,RTH,B1,1day,10,RV,E4,0.865694412951481,1.4544993355579572,1901,0.9088960642424561,0.22132295573711533,0.2,False
NQ,RTH,B1,1day,10,RV,E4_asS05,0.8897417750746102,1.4544993355579572,1901,0.9088960642424561,0.22132295573711533,0.2,False
NQ,RTH,B1,1day,10,TRV3,E1_a_exp_L1-5,0.6638051919664485,1.624076750760159,1901,0.9088960642424561,0.22132295573711533,0.2,False
NQ,RTH,B1,1day,10,TRV3,E1_a_exp_L1-10,0.6470896791642189,1.624076750760159,1901,0.9088960642424561,0.22132295573711533,0.2,False
NQ,RTH,B1,1day,10,TRV3,E1_d_model_L1-5,0.7421355895479201,1.624076750760159,1901,0.9088960642424561,0.22132295573711533,0.2,False
NQ,RTH,B1,1day,10,TRV3,E1_d_model_L1-10,0.7900218993177065,1.624076750760159,1901,0.9088960642424561,0.22132295573711533,0.2,False
NQ,RTH,B1,1day,10,TRV3,E2,0.6964333650529649,1.624076750760159,1901,0.9088960642424561,0.22132295573711533,0.2,False
NQ,RTH,B1,1day,10,TRV3,E4,0.8897417750746102,1.624076750760159,1901,0.9088960642424561,0.22132295573711533,0.2,False
NQ,RTH,B1,1day,10,TRV3,E4_asS05,0.8897417750746102,1.624076750760159,1901,0.9088960642424561,0.22132295573711533,0.2,False
NQ,RTH,B1,1day,10,RV,E1_a_exp_L1-5,0.6773527603130847,1.465666602633541,1901,,0.22132295573711533,0.2,True
NQ,RTH,B1,1day,10,RV,E1_a_exp_L1-10,0.6603099322758303,1.465666602633541,1901,,0.22132295573711533,0.2,True
NQ,RTH,B1,1day,10,RV,E1_d_model_L1-5,0.7638742664792394,1.465666602633541,1901,,0.22132295573711533,0.2,True
NQ,RTH,B1,1day,10,RV,E1_d_model_L1-10,0.8182869502033733,1.465666602633541,1901,,0.22132295573711533,0.2,True
NQ,RTH,B1,1day,10,RV,E2,0.7759831734056418,1.465666602633541,1901,,0.22132295573711533,0.2,True
NQ,RTH,B1,1day,10,RV,E4,0.8678174682791521,1.465666602633541,1901,,0.22132295573711533,0.2,True
NQ,RTH,B1,1day,10,RV,E4_asS05,0.8925337733358407,1.465666602633541,1901,,0.22132295573711533,0.2,True
NQ,RTH,B1,1day,13,RV,E1_a_exp_L1-5,0.7300309214558204,1.3365058948082371,1901,0.9065863473030483,0.16628453574995827,0.15384615384615385,False
NQ,RTH,B1,1day,13,RV,E1_a_exp_L1-10,0.7120920393462575,1.3365058948082371,1901,0.9065863473030483,0.16628453574995827,0.15384615384615385,False
NQ,RTH,B1,1day,13,RV,E1_d_model_L1-5,0.8162009883383344,1.3365058948082371,1901,0.9065863473030483,0.16628453574995827,0.15384615384615385,False
NQ,RTH,B1,1day,13,RV,E1_d_model_L1-10,0.8694442871589513,1.3365058948082371,1901,0.9065863473030483,0.16628453574995827,0.15384615384615385,False
NQ,RTH,B1,1day,13,RV,E2,0.7958263146154037,1.3365058948082371,1901,0.9065863473030483,0.16628453574995827,0.15384615384615385,False
NQ,RTH,B1,1day,13,RV,E4,0.8778904301103285,1.3365058948082371,1901,0.9065863473030483,0.16628453574995827,0.15384615384615385,False
NQ,RTH,B1,1day,13,RV,E4_asS05,0.8997281314428645,1.3365058948082371,1901,0.9065863473030483,0.16628453574995827,0.15384615384615385,False
NQ,RTH,B1,1day,13,TRV3,E1_a_exp_L1-5,0.7187479013748245,1.4426912555298015,1901,0.9065863473030483,0.16628453574995827,0.15384615384615385,False
NQ,RTH,B1,1day,13,TRV3,E1_a_exp_L1-10,0.6947605158988879,1.4426912555298015,1901,0.9065863473030483,0.16628453574995827,0.15384615384615385,False
NQ,RTH,B1,1day,13,TRV3,E1_d_model_L1-5,0.8302311148030702,1.4426912555298015,1901,0.9065863473030483,0.16628453574995827,0.15384615384615385,False
NQ,RTH,B1,1day,13,TRV3,E1_d_model_L1-10,0.8881088810706081,1.4426912555298015,1901,0.9065863473030483,0.16628453574995827,0.15384615384615385,False
NQ,RTH,B1,1day,13,TRV3,E2,0.737251686145699,1.4426912555298015,1901,0.9065863473030483,0.16628453574995827,0.15384615384615385,False
NQ,RTH,B1,1day,13,TRV3,E4,0.8997281314428645,1.4426912555298015,1901,0.9065863473030483,0.16628453574995827,0.15384615384615385,False
NQ,RTH,B1,1day,13,TRV3,E4_asS05,0.8997281314428645,1.4426912555298015,1901,0.9065863473030483,0.16628453574995827,0.15384615384615385,False
NQ,RTH,B1,1day,13,RV,E1_a_exp_L1-5,0.7168514152761988,1.387184744509925,1901,,0.16628453574995827,0.15384615384615385,True
NQ,RTH,B1,1day,13,RV,E1_a_exp_L1-10,0.7012910663785654,1.387184744509925,1901,,0.16628453574995827,0.15384615384615385,True
NQ,RTH,B1,1day,13,RV,E1_d_model_L1-5,0.8014437316754776,1.387184744509925,1901,,0.16628453574995827,0.15384615384615385,True
NQ,RTH,B1,1day,13,RV,E1_d_model_L1-10,0.8562099092927766,1.387184744509925,1901,,0.16628453574995827,0.15384615384615385,True
NQ,RTH,B1,1day,13,RV,E2,0.7993287862034597,1.387184744509925,1901,,0.16628453574995827,0.15384615384615385,True
NQ,RTH,B1,1day,13,RV,E4,0.8818135877915647,1.387184744509925,1901,,0.16628453574995827,0.15384615384615385,True
NQ,RTH,B1,1day,13,RV,E4_asS05,0.9063196276847005,1.387184744509925,1901,,0.16628453574995827,0.15384615384615385,True
NQ,RTH,B1,1day,26,RV,E1_a_exp_L1-5,0.791882996733123,1.2109025819433092,1901,0.8769964539901959,0.07995742842732394,0.07692307692307693,False
NQ,RTH,B1,1day,26,RV,E1_a_exp_L1-10,0.768721219346327,1.2109025819433092,1901,0.8769964539901959,0.07995742842732394,0.07692307692307693,False
NQ,RTH,B1,1day,26,RV,E1_d_model_L1-5,0.9146104793844866,1.2109025819433092,1901,0.8769964539901959,0.07995742842732394,0.07692307692307693,False
NQ,RTH,B1,1day,26,RV,E1_d_model_L1-10,0.953342483617828,1.2109025819433092,1901,0.8769964539901959,0.07995742842732394,0.07692307692307693,False
NQ,RTH,B1,1day,26,RV,E2,0.8611534042497053,1.2109025819433092,1901,0.8769964539901959,0.07995742842732394,0.07692307692307693,False
NQ,RTH,B1,1day,26,RV,E4,0.9198174739427231,1.2109025819433092,1901,0.8769964539901959,0.07995742842732394,0.07692307692307693,False
NQ,RTH,B1,1day,26,RV,E4_asS05,0.9385533618288228,1.2109025819433092,1901,0.8769964539901959,0.07995742842732394,0.07692307692307693,False
NQ,RTH,B1,1day,26,TRV3,E1_a_exp_L1-5,0.7895450304080037,1.2972804438829033,1901,0.8769964539901959,0.07995742842732394,0.07692307692307693,False
NQ,RTH,B1,1day,26,TRV3,E1_a_exp_L1-10,0.7712437658823452,1.2972804438829033,1901,0.8769964539901959,0.07995742842732394,0.07692307692307693,False
NQ,RTH,B1,1day,26,TRV3,E1_d_model_L1-5,0.9119762376693423,1.2972804438829033,1901,0.8769964539901959,0.07995742842732394,0.07692307692307693,False
NQ,RTH,B1,1day,26,TRV3,E1_d_model_L1-10,0.971322801290794,1.2972804438829033,1901,0.8769964539901959,0.07995742842732394,0.07692307692307693,False
NQ,RTH,B1,1day,26,TRV3,E2,0.8038145379992814,1.2972804438829033,1901,0.8769964539901959,0.07995742842732394,0.07692307692307693,False
NQ,RTH,B1,1day,26,TRV3,E4,0.9385533618288228,1.2972804438829033,1901,0.8769964539901959,0.07995742842732394,0.07692307692307693,False
NQ,RTH,B1,1day,26,TRV3,E4_asS05,0.9385533618288228,1.2972804438829033,1901,0.8769964539901959,0.07995742842732394,0.07692307692307693,False
NQ,RTH,B1,1day,26,RV,E1_a_exp_L1-5,0.781523108885068,1.256546713194,1901,,0.07995742842732394,0.07692307692307693,True
NQ,RTH,B1,1day,26,RV,E1_a_exp_L1-10,0.7623476068474999,1.256546713194,1901,,0.07995742842732394,0.07692307692307693,True
NQ,RTH,B1,1day,26,RV,E1_d_model_L1-5,0.8737828102699587,1.256546713194,1901,,0.07995742842732394,0.07692307692307693,True
NQ,RTH,B1,1day,26,RV,E1_d_model_L1-10,0.93082362847615,1.256546713194,1901,,0.07995742842732394,0.07692307692307693,True
NQ,RTH,B1,1day,26,RV,E2,0.8611864892838388,1.256546713194,1901,,0.07995742842732394,0.07692307692307693,True
NQ,RTH,B1,1day,26,RV,E4,0.9232085779815292,1.256546713194,1901,,0.07995742842732394,0.07692307692307693,True
NQ,RTH,B1,1day,26,RV,E4_asS05,0.9396927121550194,1.256546713194,1901,,0.07995742842732394,0.07692307692307693,True
NQ,RTH,B1,1day,78,RV,E1_a_exp_L1-5,0.8300603481186318,1.1394686502729452,1901,0.8416367716218648,0.025972566037214765,0.02564102564102564,False
NQ,RTH,B1,1day,78,RV,E1_a_exp_L1-10,0.8089493768387161,1.1394686502729452,1901,0.8416367716218648,0.025972566037214765,0.02564102564102564,False
NQ,RTH,B1,1day,78,RV,E1_d_model_L1-5,0.9514151815738752,1.1394686502729452,1901,0.8416367716218648,0.025972566037214765,0.02564102564102564,False
NQ,RTH,B1,1day,78,RV,E1_d_model_L1-10,1.0180467940445888,1.1394686502729452,1901,0.8416367716218648,0.025972566037214765,0.02564102564102564,False
NQ,RTH,B1,1day,78,RV,E2,0.9103355244172132,1.1394686502729452,1901,0.8416367716218648,0.025972566037214765,0.02564102564102564,False
NQ,RTH,B1,1day,78,RV,E4,0.964812224834337,1.1394686502729452,1901,0.8416367716218648,0.025972566037214765,0.02564102564102564,False
NQ,RTH,B1,1day,78,RV,E4_asS05,0.9764422071638847,1.1394686502729452,1901,0.8416367716218648,0.025972566037214765,0.02564102564102564,False
NQ,RTH,B1,1day,78,TRV3,E1_a_exp_L1-5,0.8485519500387007,1.2215542445016194,1901,0.8416367716218648,0.025972566037214765,0.02564102564102564,False
NQ,RTH,B1,1day,78,TRV3,E1_a_exp_L1-10,0.8200928699273285,1.2215542445016194,1901,0.8416367716218648,0.025972566037214765,0.02564102564102564,False
NQ,RTH,B1,1day,78,TRV3,E1_d_model_L1-5,0.9642719154651486,1.2215542445016194,1901,0.8416367716218648,0.025972566037214765,0.02564102564102564,False
NQ,RTH,B1,1day,78,TRV3,E1_d_model_L1-10,1.0321713567121273,1.2215542445016194,1901,0.8416367716218648,0.025972566037214765,0.02564102564102564,False
NQ,RTH,B1,1day,78,TRV3,E2,0.8491631018206662,1.2215542445016194,1901,0.8416367716218648,0.025972566037214765,0.02564102564102564,False
NQ,RTH,B1,1day,78,TRV3,E4,0.9764422071638847,1.2215542445016194,1901,0.8416367716218648,0.025972566037214765,0.02564102564102564,False
NQ,RTH,B1,1day,78,TRV3,E4_asS05,0.9764422071638847,1.2215542445016194,1901,0.8416367716218648,0.025972566037214765,0.02564102564102564,False
NQ,RTH,B1,1day,78,RV,E1_a_exp_L1-5,0.8222631213886378,1.1511194953883588,1901,,0.025972566037214765,0.02564102564102564,True
NQ,RTH,B1,1day,78,RV,E1_a_exp_L1-10,0.8028364286111422,1.1511194953883588,1901,,0.025972566037214765,0.02564102564102564,True
NQ,RTH,B1,1day,78,RV,E1_d_model_L1-5,0.9424967466426574,1.1511194953883588,1901,,0.025972566037214765,0.02564102564102564,True
NQ,RTH,B1,1day,78,RV,E1_d_model_L1-10,0.9802927173064714,1.1511194953883588,1901,,0.025972566037214765,0.02564102564102564,True
NQ,RTH,B1,1day,78,RV,E2,0.9043536614282632,1.1511194953883588,1901,,0.025972566037214765,0.02564102564102564,True
NQ,RTH,B1,1day,78,RV,E4,0.9647894644633084,1.1511194953883588,1901,,0.025972566037214765,0.02564102564102564,True
NQ,RTH,B1,1day,78,RV,E4_asS05,0.9764676148773931,1.1511194953883588,1901,,0.025972566037214765,0.02564102564102564,True
NQ,RTH,B1,1day,195,RV,E1_a_exp_L1-5,0.8553195014153471,1.0875639072138068,1901,0.8100612473256777,0.01030918704702152,0.010256410256410256,False
NQ,RTH,B1,1day,195,RV,E1_a_exp_L1-10,0.8341883197454315,1.0875639072138068,1901,0.8100612473256777,0.01030918704702152,0.010256410256410256,False
NQ,RTH,B1,1day,195,RV,E1_d_model_L1-5,0.98037122372172,1.0875639072138068,1901,0.8100612473256777,0.01030918704702152,0.010256410256410256,False
NQ,RTH,B1,1day,195,RV,E1_d_model_L1-10,1.049839650534955,1.0875639072138068,1901,0.8100612473256777,0.01030918704702152,0.010256410256410256,False
NQ,RTH,B1,1day,195,RV,E2,0.9319731708389695,1.0875639072138068,1901,0.8100612473256777,0.01030918704702152,0.010256410256410256,False
NQ,RTH,B1,1day,195,RV,E4,0.9824474355687934,1.0875639072138068,1901,0.8100612473256777,0.01030918704702152,0.010256410256410256,False
NQ,RTH,B1,1day,195,RV,E4_asS05,0.9896815979547336,1.0875639072138068,1901,0.8100612473256777,0.01030918704702152,0.010256410256410256,False
NQ,RTH,B1,1day,195,TRV3,E1_a_exp_L1-5,0.8666521375939087,1.1704690956615251,1901,0.8100612473256777,0.01030918704702152,0.010256410256410256,False
NQ,RTH,B1,1day,195,TRV3,E1_a_exp_L1-10,0.8440826298676406,1.1704690956615251,1901,0.8100612473256777,0.01030918704702152,0.010256410256410256,False
NQ,RTH,B1,1day,195,TRV3,E1_d_model_L1-5,0.9933585325783845,1.1704690956615251,1901,0.8100612473256777,0.01030918704702152,0.010256410256410256,False
NQ,RTH,B1,1day,195,TRV3,E1_d_model_L1-10,1.0623077636149365,1.1704690956615251,1901,0.8100612473256777,0.01030918704702152,0.010256410256410256,False
NQ,RTH,B1,1day,195,TRV3,E2,0.8659608244703082,1.1704690956615251,1901,0.8100612473256777,0.01030918704702152,0.010256410256410256,False
NQ,RTH,B1,1day,195,TRV3,E4,0.9896815979547336,1.1704690956615251,1901,0.8100612473256777,0.01030918704702152,0.010256410256410256,False
NQ,RTH,B1,1day,195,TRV3,E4_asS05,0.9896815979547336,1.1704690956615251,1901,0.8100612473256777,0.01030918704702152,0.010256410256410256,False
NQ,RTH,B1,1day,195,RV,E1_a_exp_L1-5,0.8524814665142987,1.1113645863486747,1901,,0.01030918704702152,0.010256410256410256,True
NQ,RTH,B1,1day,195,RV,E1_a_exp_L1-10,0.8322529645318391,1.1113645863486747,1901,,0.01030918704702152,0.010256410256410256,True
NQ,RTH,B1,1day,195,RV,E1_d_model_L1-5,0.9771090241759857,1.1113645863486747,1901,,0.01030918704702152,0.010256410256410256,True
NQ,RTH,B1,1day,195,RV,E1_d_model_L1-10,1.0162289687810306,1.1113645863486747,1901,,0.01030918704702152,0.010256410256410256,True
NQ,RTH,B1,1day,195,RV,E2,0.9250288690812676,1.1113645863486747,1901,,0.01030918704702152,0.010256410256410256,True
NQ,RTH,B1,1day,195,RV,E4,0.9831033065964331,1.1113645863486747,1901,,0.01030918704702152,0.010256410256410256,True
NQ,RTH,B1,1day,195,RV,E4_asS05,0.9899825703105063,1.1113645863486747,1901,,0.01030918704702152,0.010256410256410256,True
NQ,RTH,B1,1day,389,RV,E1_a_exp_L1-5,0.865748892063282,1.0533883925697205,1901,0.8052461463683678,0.0051546277620026035,0.005141388174807198,False
NQ,RTH,B1,1day,389,RV,E1_a_exp_L1-10,0.8431950135184894,1.0533883925697205,1901,0.8052461463683678,0.0051546277620026035,0.005141388174807198,False
NQ,RTH,B1,1day,389,RV,E1_d_model_L1-5,0.9923111203959745,1.0533883925697205,1901,0.8052461463683678,0.0051546277620026035,0.005141388174807198,False
NQ,RTH,B1,1day,389,RV,E1_d_model_L1-10,1.0611490288423873,1.0533883925697205,1901,0.8052461463683678,0.0051546277620026035,0.005141388174807198,False
NQ,RTH,B1,1day,389,RV,E2,0.935489388395205,1.0533883925697205,1901,0.8052461463683678,0.0051546277620026035,0.005141388174807198,False
NQ,RTH,B1,1day,389,RV,E4,0.9899947578614916,1.0533883925697205,1901,0.8052461463683678,0.0051546277620026035,0.005141388174807198,False
NQ,RTH,B1,1day,389,RV,E4_asS05,0.9946410897132348,1.0533883925697205,1901,0.8052461463683678,0.0051546277620026035,0.005141388174807198,False
NQ,RTH,B1,1day,389,TRV3,E1_a_exp_L1-5,0.8801929266352388,1.1348640987401895,1901,0.8052461463683678,0.0051546277620026035,0.005141388174807198,False
NQ,RTH,B1,1day,389,TRV3,E1_a_exp_L1-10,0.8605364628744071,1.1348640987401895,1901,0.8052461463683678,0.0051546277620026035,0.005141388174807198,False
NQ,RTH,B1,1day,389,TRV3,E1_d_model_L1-5,1.0001864932685836,1.1348640987401895,1901,0.8052461463683678,0.0051546277620026035,0.005141388174807198,False
NQ,RTH,B1,1day,389,TRV3,E1_d_model_L1-10,1.067087105085332,1.1348640987401895,1901,0.8052461463683678,0.0051546277620026035,0.005141388174807198,False
NQ,RTH,B1,1day,389,TRV3,E2,0.8683274624702499,1.1348640987401895,1901,0.8052461463683678,0.0051546277620026035,0.005141388174807198,False
NQ,RTH,B1,1day,389,TRV3,E4,0.9946410897132348,1.1348640987401895,1901,0.8052461463683678,0.0051546277620026035,0.005141388174807198,False
NQ,RTH,B1,1day,389,TRV3,E4_asS05,0.9946410897132348,1.1348640987401895,1901,0.8052461463683678,0.0051546277620026035,0.005141388174807198,False
NQ,RTH,B1,1h,4,RV,E1_a_exp_L1-5,0.552859729819513,2.2265665074763072,11406,0.9301753488182369,0.6449340668482266,0.5,False
NQ,RTH,B1,1h,4,RV,E1_a_exp_L1-10,0.5402566828447832,2.2265665074763072,11406,0.9301753488182369,0.6449340668482266,0.5,False
NQ,RTH,B1,1h,4,RV,E1_d_model_L1-5,0.6781234914539331,2.2265665074763072,11406,0.9301753488182369,0.6449340668482266,0.5,False
NQ,RTH,B1,1h,4,RV,E1_d_model_L1-10,0.6596293237401397,2.2265665074763072,11406,0.9301753488182369,0.6449340668482266,0.5,False
NQ,RTH,B1,1h,4,RV,E2,0.8298985412173296,2.2265665074763072,11406,0.9301753488182369,0.6449340668482266,0.5,False
NQ,RTH,B1,1h,4,RV,E4,0.8481402542790515,2.2265665074763072,11406,0.9301753488182369,0.6449340668482266,0.5,False
NQ,RTH,B1,1h,4,RV,E4_asS05,0.9988229362615328,2.2265665074763072,11406,0.9301753488182369,0.6449340668482266,0.5,False
NQ,RTH,B1,1h,4,TRV3,E1_a_exp_L1-5,0.009302396695266913,285.27503221317284,11406,0.9301753488182369,0.6449340668482266,0.5,False
NQ,RTH,B1,1h,4,TRV3,E1_a_exp_L1-10,0.008699200937753006,285.27503221317284,11406,0.9301753488182369,0.6449340668482266,0.5,False
NQ,RTH,B1,1h,4,TRV3,E1_d_model_L1-5,0.013810974839240394,285.27503221317284,11406,0.9301753488182369,0.6449340668482266,0.5,False
NQ,RTH,B1,1h,4,TRV3,E1_d_model_L1-10,0.012837133453203463,285.27503221317284,11406,0.9301753488182369,0.6449340668482266,0.5,False
NQ,RTH,B1,1h,4,TRV3,E2,0.006477343222582334,285.27503221317284,11406,0.9301753488182369,0.6449340668482266,0.5,False
NQ,RTH,B1,1h,4,TRV3,E4,0.9988229362615328,285.27503221317284,11406,0.9301753488182369,0.6449340668482266,0.5,False
NQ,RTH,B1,1h,4,TRV3,E4_asS05,0.9988229362615328,285.27503221317284,11406,0.9301753488182369,0.6449340668482266,0.5,False
NQ,RTH,B1,1h,4,RV,E1_a_exp_L1-5,0.5621381881361716,2.2248315556294025,11406,,0.6449340668482266,0.5,True
NQ,RTH,B1,1h,4,RV,E1_a_exp_L1-10,0.5503855372840528,2.2248315556294025,11406,,0.6449340668482266,0.5,True
NQ,RTH,B1,1h,4,RV,E1_d_model_L1-5,0.700960073033566,2.2248315556294025,11406,,0.6449340668482266,0.5,True
NQ,RTH,B1,1h,4,RV,E1_d_model_L1-10,0.6823029234046463,2.2248315556294025,11406,,0.6449340668482266,0.5,True
NQ,RTH,B1,1h,4,RV,E2,1.131968671208943,2.2248315556294025,11406,,0.6449340668482266,0.5,True
NQ,RTH,B1,1h,4,RV,E4,0.846847581307829,2.2248315556294025,11406,,0.6449340668482266,0.5,True
NQ,RTH,B1,1h,4,RV,E4_asS05,0.9990760085140782,2.2248315556294025,11406,,0.6449340668482266,0.5,True
NQ,RTH,B1,1h,5,RV,E1_a_exp_L1-5,0.5879106594640953,2.0622346610365376,11406,0.9380374278801097,0.4903577561002349,0.4,False
NQ,RTH,B1,1h,5,RV,E1_a_exp_L1-10,0.5694016398613441,2.0622346610365376,11406,0.9380374278801097,0.4903577561002349,0.4,False
NQ,RTH,B1,1h,5,RV,E1_d_model_L1-5,0.7332402736132263,2.0622346610365376,11406,0.9380374278801097,0.4903577561002349,0.4,False
NQ,RTH,B1,1h,5,RV,E1_d_model_L1-10,0.6952757157355242,2.0622346610365376,11406,0.9380374278801097,0.4903577561002349,0.4,False
NQ,RTH,B1,1h,5,RV,E2,0.7976500889147842,2.0622346610365376,11406,0.9380374278801097,0.4903577561002349,0.4,False
NQ,RTH,B1,1h,5,RV,E4,0.8582088678873397,2.0622346610365376,11406,0.9380374278801097,0.4903577561002349,0.4,False
NQ,RTH,B1,1h,5,RV,E4_asS05,0.9982401186488536,2.0622346610365376,11406,0.9380374278801097,0.4903577561002349,0.4,False
NQ,RTH,B1,1h,5,TRV3,E1_a_exp_L1-5,0.01102277769117533,163.93322827364713,11406,0.9380374278801097,0.4903577561002349,0.4,False
NQ,RTH,B1,1h,5,TRV3,E1_a_exp_L1-10,0.009508993870266498,163.93322827364713,11406,0.9380374278801097,0.4903577561002349,0.4,False
NQ,RTH,B1,1h,5,TRV3,E1_d_model_L1-5,0.014714386809279558,163.93322827364713,11406,0.9380374278801097,0.4903577561002349,0.4,False
NQ,RTH,B1,1h,5,TRV3,E1_d_model_L1-10,0.01066472299135005,163.93322827364713,11406,0.9380374278801097,0.4903577561002349,0.4,False
NQ,RTH,B1,1h,5,TRV3,E2,0.010034217455860195,163.93322827364713,11406,0.9380374278801097,0.4903577561002349,0.4,False
NQ,RTH,B1,1h,5,TRV3,E4,0.9982401186488536,163.93322827364713,11406,0.9380374278801097,0.4903577561002349,0.4,False
NQ,RTH,B1,1h,5,TRV3,E4_asS05,0.9982401186488536,163.93322827364713,11406,0.9380374278801097,0.4903577561002349,0.4,False
NQ,RTH,B1,1h,5,RV,E1_a_exp_L1-5,0.5906686714115825,2.0771932891291427,11406,,0.4903577561002349,0.4,True
NQ,RTH,B1,1h,5,RV,E1_a_exp_L1-10,0.5789395965717921,2.0771932891291427,11406,,0.4903577561002349,0.4,True
NQ,RTH,B1,1h,5,RV,E1_d_model_L1-5,0.7366247493346009,2.0771932891291427,11406,,0.4903577561002349,0.4,True
NQ,RTH,B1,1h,5,RV,E1_d_model_L1-10,0.717705352662054,2.0771932891291427,11406,,0.4903577561002349,0.4,True
NQ,RTH,B1,1h,5,RV,E2,1.0070242709010764,2.0771932891291427,11406,,0.4903577561002349,0.4,True
NQ,RTH,B1,1h,5,RV,E4,0.8588040770468339,2.0771932891291427,11406,,0.4903577561002349,0.4,True
NQ,RTH,B1,1h,5,RV,E4_asS05,0.9982358299753273,2.0771932891291427,11406,,0.4903577561002349,0.4,True
NQ,RTH,B1,1h,6,RV,E1_a_exp_L1-5,0.6181531936475996,1.9800993546309777,11406,0.9399276214684886,0.39493406684822646,0.3333333333333333,False
NQ,RTH,B1,1h,6,RV,E1_a_exp_L1-10,0.6006509532681578,1.9800993546309777,11406,0.9399276214684886,0.39493406684822646,0.3333333333333333,False
NQ,RTH,B1,1h,6,RV,E1_d_model_L1-5,0.7642449444050688,1.9800993546309777,11406,0.9399276214684886,0.39493406684822646,0.3333333333333333,False
NQ,RTH,B1,1h,6,RV,E1_d_model_L1-10,0.7446348745021489,1.9800993546309777,11406,0.9399276214684886,0.39493406684822646,0.3333333333333333,False
NQ,RTH,B1,1h,6,RV,E2,0.7724345382239608,1.9800993546309777,11406,0.9399276214684886,0.39493406684822646,0.3333333333333333,False
NQ,RTH,B1,1h,6,RV,E4,0.8694156178113417,1.9800993546309777,11406,0.9399276214684886,0.39493406684822646,0.3333333333333333,False
NQ,RTH,B1,1h,6,RV,E4_asS05,0.8873297138049235,1.9800993546309777,11406,0.9399276214684886,0.39493406684822646,0.3333333333333333,False
NQ,RTH,B1,1h,6,TRV3,E1_a_exp_L1-5,0.5561747158795126,2.243371849813831,11406,0.9399276214684886,0.39493406684822646,0.3333333333333333,False
NQ,RTH,B1,1h,6,TRV3,E1_a_exp_L1-10,0.544974689868345,2.243371849813831,11406,0.9399276214684886,0.39493406684822646,0.3333333333333333,False
NQ,RTH,B1,1h,6,TRV3,E1_d_model_L1-5,0.69345482744099,2.243371849813831,11406,0.9399276214684886,0.39493406684822646,0.3333333333333333,False
NQ,RTH,B1,1h,6,TRV3,E1_d_model_L1-10,0.6755798729782065,2.243371849813831,11406,0.9399276214684886,0.39493406684822646,0.3333333333333333,False
NQ,RTH,B1,1h,6,TRV3,E2,0.6817849349223444,2.243371849813831,11406,0.9399276214684886,0.39493406684822646,0.3333333333333333,False
NQ,RTH,B1,1h,6,TRV3,E4,0.8873297138049235,2.243371849813831,11406,0.9399276214684886,0.39493406684822646,0.3333333333333333,False
NQ,RTH,B1,1h,6,TRV3,E4_asS05,0.8873297138049235,2.243371849813831,11406,0.9399276214684886,0.39493406684822646,0.3333333333333333,False
NQ,RTH,B1,1h,6,RV,E1_a_exp_L1-5,0.6226050517687408,1.9658524874878371,11406,,0.39493406684822646,0.3333333333333333,True
NQ,RTH,B1,1h,6,RV,E1_a_exp_L1-10,0.6020679919980885,1.9658524874878371,11406,,0.39493406684822646,0.3333333333333333,True
NQ,RTH,B1,1h,6,RV,E1_d_model_L1-5,0.7763565398032628,1.9658524874878371,11406,,0.39493406684822646,0.3333333333333333,True
NQ,RTH,B1,1h,6,RV,E1_d_model_L1-10,0.7351343126992688,1.9658524874878371,11406,,0.39493406684822646,0.3333333333333333,True
NQ,RTH,B1,1h,6,RV,E2,0.7774546323113914,1.9658524874878371,11406,,0.39493406684822646,0.3333333333333333,True
NQ,RTH,B1,1h,6,RV,E4,0.8682077686189389,1.9658524874878371,11406,,0.39493406684822646,0.3333333333333333,True
NQ,RTH,B1,1h,6,RV,E4_asS05,0.9940383182100779,1.9658524874878371,11406,,0.39493406684822646,0.3333333333333333,True
NQ,RTH,B1,1h,10,RV,E1_a_exp_L1-5,0.6682751426629677,1.7938375915971745,11406,0.9396768781299026,0.22132295573711533,0.2,False
NQ,RTH,B1,1h,10,RV,E1_a_exp_L1-10,0.6527748868994742,1.7938375915971745,11406,0.9396768781299026,0.22132295573711533,0.2,False
NQ,RTH,B1,1h,10,RV,E1_d_model_L1-5,0.8405592127831902,1.7938375915971745,11406,0.9396768781299026,0.22132295573711533,0.2,False
NQ,RTH,B1,1h,10,RV,E1_d_model_L1-10,0.797035904637283,1.7938375915971745,11406,0.9396768781299026,0.22132295573711533,0.2,False
NQ,RTH,B1,1h,10,RV,E2,0.8471944216067809,1.7938375915971745,11406,0.9396768781299026,0.22132295573711533,0.2,False
NQ,RTH,B1,1h,10,RV,E4,0.9001740520741625,1.7938375915971745,11406,0.9396768781299026,0.22132295573711533,0.2,False
NQ,RTH,B1,1h,10,RV,E4_asS05,0.9109135493711965,1.7938375915971745,11406,0.9396768781299026,0.22132295573711533,0.2,False
NQ,RTH,B1,1h,10,TRV3,E1_a_exp_L1-5,0.6436679492750667,1.9072248595143018,11406,0.9396768781299026,0.22132295573711533,0.2,False
NQ,RTH,B1,1h,10,TRV3,E1_a_exp_L1-10,0.6357515482026649,1.9072248595143018,11406,0.9396768781299026,0.22132295573711533,0.2,False
NQ,RTH,B1,1h,10,TRV3,E1_d_model_L1-5,0.7963374198026644,1.9072248595143018,11406,0.9396768781299026,0.22132295573711533,0.2,False
NQ,RTH,B1,1h,10,TRV3,E1_d_model_L1-10,0.776216787614745,1.9072248595143018,11406,0.9396768781299026,0.22132295573711533,0.2,False
NQ,RTH,B1,1h,10,TRV3,E2,0.7968274916764072,1.9072248595143018,11406,0.9396768781299026,0.22132295573711533,0.2,False
NQ,RTH,B1,1h,10,TRV3,E4,0.9109135493711965,1.9072248595143018,11406,0.9396768781299026,0.22132295573711533,0.2,False
NQ,RTH,B1,1h,10,TRV3,E4_asS05,0.9109135493711965,1.9072248595143018,11406,0.9396768781299026,0.22132295573711533,0.2,False
NQ,RTH,B1,1h,10,RV,E1_a_exp_L1-5,0.6684826355639714,1.7956013483681035,11406,,0.22132295573711533,0.2,True
NQ,RTH,B1,1h,10,RV,E1_a_exp_L1-10,0.6561607849112373,1.7956013483681035,11406,,0.22132295573711533,0.2,True
NQ,RTH,B1,1h,10,RV,E1_d_model_L1-5,0.833600041704105,1.7956013483681035,11406,,0.22132295573711533,0.2,True
NQ,RTH,B1,1h,10,RV,E1_d_model_L1-10,0.789204929434303,1.7956013483681035,11406,,0.22132295573711533,0.2,True
NQ,RTH,B1,1h,10,RV,E2,0.8472741879876575,1.7956013483681035,11406,,0.22132295573711533,0.2,True
NQ,RTH,B1,1h,10,RV,E4,0.9000378862618652,1.7956013483681035,11406,,0.22132295573711533,0.2,True
NQ,RTH,B1,1h,10,RV,E4_asS05,0.9111644766977726,1.7956013483681035,11406,,0.22132295573711533,0.2,True
NQ,RTH,B1,1h,12,RV,E1_a_exp_L1-5,0.6807419067919015,1.7446420610969389,11406,0.9401140059845255,0.18132295573711532,0.16666666666666666,False
NQ,RTH,B1,1h,12,RV,E1_a_exp_L1-10,0.668614148389887,1.7446420610969389,11406,0.9401140059845255,0.18132295573711532,0.16666666666666666,False
NQ,RTH,B1,1h,12,RV,E1_d_model_L1-5,0.8489484211517206,1.7446420610969389,11406,0.9401140059845255,0.18132295573711532,0.16666666666666666,False
NQ,RTH,B1,1h,12,RV,E1_d_model_L1-10,0.8288636083721118,1.7446420610969389,11406,0.9401140059845255,0.18132295573711532,0.16666666666666666,False
NQ,RTH,B1,1h,12,RV,E2,0.8633726344306967,1.7446420610969389,11406,0.9401140059845255,0.18132295573711532,0.16666666666666666,False
NQ,RTH,B1,1h,12,RV,E4,0.9107491177331491,1.7446420610969389,11406,0.9401140059845255,0.18132295573711532,0.16666666666666666,False
NQ,RTH,B1,1h,12,RV,E4_asS05,0.9210111751641603,1.7446420610969389,11406,0.9401140059845255,0.18132295573711532,0.16666666666666666,False
NQ,RTH,B1,1h,12,TRV3,E1_a_exp_L1-5,0.6673640657924373,1.8476494524136813,11406,0.9401140059845255,0.18132295573711532,0.16666666666666666,False
NQ,RTH,B1,1h,12,TRV3,E1_a_exp_L1-10,0.652446207266824,1.8476494524136813,11406,0.9401140059845255,0.18132295573711532,0.16666666666666666,False
NQ,RTH,B1,1h,12,TRV3,E1_d_model_L1-5,0.8186573483899721,1.8476494524136813,11406,0.9401140059845255,0.18132295573711532,0.16666666666666666,False
NQ,RTH,B1,1h,12,TRV3,E1_d_model_L1-10,0.7965806638002784,1.8476494524136813,11406,0.9401140059845255,0.18132295573711532,0.16666666666666666,False
NQ,RTH,B1,1h,12,TRV3,E2,0.8152391734590871,1.8476494524136813,11406,0.9401140059845255,0.18132295573711532,0.16666666666666666,False
NQ,RTH,B1,1h,12,TRV3,E4,0.9210111751641603,1.8476494524136813,11406,0.9401140059845255,0.18132295573711532,0.16666666666666666,False
NQ,RTH,B1,1h,12,TRV3,E4_asS05,0.9210111751641603,1.8476494524136813,11406,0.9401140059845255,0.18132295573711532,0.16666666666666666,False
NQ,RTH,B1,1h,12,RV,E1_a_exp_L1-5,0.6858342539361102,1.7474863409810784,11406,,0.18132295573711532,0.16666666666666666,True
NQ,RTH,B1,1h,12,RV,E1_a_exp_L1-10,0.6703868268320716,1.7474863409810784,11406,,0.18132295573711532,0.16666666666666666,True
NQ,RTH,B1,1h,12,RV,E1_d_model_L1-5,0.8412213740221798,1.7474863409810784,11406,,0.18132295573711532,0.16666666666666666,True
NQ,RTH,B1,1h,12,RV,E1_d_model_L1-10,0.8185363337526249,1.7474863409810784,11406,,0.18132295573711532,0.16666666666666666,True
NQ,RTH,B1,1h,12,RV,E2,0.8653954114023219,1.7474863409810784,11406,,0.18132295573711532,0.16666666666666666,True
NQ,RTH,B1,1h,12,RV,E4,0.9108567656653314,1.7474863409810784,11406,,0.18132295573711532,0.16666666666666666,True
NQ,RTH,B1,1h,12,RV,E4_asS05,0.9208870439985612,1.7474863409810784,11406,,0.18132295573711532,0.16666666666666666,True
NQ,RTH,B1,1h,15,RV,E1_a_exp_L1-5,0.7031499064223079,1.6863366861527254,11406,0.9341572934847074,0.1426158966967038,0.13333333333333333,False
NQ,RTH,B1,1h,15,RV,E1_a_exp_L1-10,0.6870571835152118,1.6863366861527254,11406,0.9341572934847074,0.1426158966967038,0.13333333333333333,False
NQ,RTH,B1,1h,15,RV,E1_d_model_L1-5,0.8623937331445548,1.6863366861527254,11406,0.9341572934847074,0.1426158966967038,0.13333333333333333,False
NQ,RTH,B1,1h,15,RV,E1_d_model_L1-10,0.8389149172434224,1.6863366861527254,11406,0.9341572934847074,0.1426158966967038,0.13333333333333333,False
NQ,RTH,B1,1h,15,RV,E2,0.8755183174551494,1.6863366861527254,11406,0.9341572934847074,0.1426158966967038,0.13333333333333333,False
NQ,RTH,B1,1h,15,RV,E4,0.9222253664943424,1.6863366861527254,11406,0.9341572934847074,0.1426158966967038,0.13333333333333333,False
NQ,RTH,B1,1h,15,RV,E4_asS05,0.9313802558059432,1.6863366861527254,11406,0.9341572934847074,0.1426158966967038,0.13333333333333333,False
NQ,RTH,B1,1h,15,TRV3,E1_a_exp_L1-5,0.6965440474222159,1.759050347339136,11406,0.9341572934847074,0.1426158966967038,0.13333333333333333,False
NQ,RTH,B1,1h,15,TRV3,E1_a_exp_L1-10,0.6881943557607347,1.759050347339136,11406,0.9341572934847074,0.1426158966967038,0.13333333333333333,False
NQ,RTH,B1,1h,15,TRV3,E1_d_model_L1-5,0.8616782178814537,1.759050347339136,11406,0.9341572934847074,0.1426158966967038,0.13333333333333333,False
NQ,RTH,B1,1h,15,TRV3,E1_d_model_L1-10,0.815290524155381,1.759050347339136,11406,0.9341572934847074,0.1426158966967038,0.13333333333333333,False
NQ,RTH,B1,1h,15,TRV3,E2,0.8393271178148266,1.759050347339136,11406,0.9341572934847074,0.1426158966967038,0.13333333333333333,False
NQ,RTH,B1,1h,15,TRV3,E4,0.9313802558059432,1.759050347339136,11406,0.9341572934847074,0.1426158966967038,0.13333333333333333,False
NQ,RTH,B1,1h,15,TRV3,E4_asS05,0.9313802558059432,1.759050347339136,11406,0.9341572934847074,0.1426158966967038,0.13333333333333333,False
NQ,RTH,B1,1h,15,RV,E1_a_exp_L1-5,0.7006897754508654,1.6997566088183007,11406,,0.1426158966967038,0.13333333333333333,True
NQ,RTH,B1,1h,15,RV,E1_a_exp_L1-10,0.6842376103255073,1.6997566088183007,11406,,0.1426158966967038,0.13333333333333333,True
NQ,RTH,B1,1h,15,RV,E1_d_model_L1-5,0.8593581027689392,1.6997566088183007,11406,,0.1426158966967038,0.13333333333333333,True
NQ,RTH,B1,1h,15,RV,E1_d_model_L1-10,0.8354232214657672,1.6997566088183007,11406,,0.1426158966967038,0.13333333333333333,True
NQ,RTH,B1,1h,15,RV,E2,0.8775393448408221,1.6997566088183007,11406,,0.1426158966967038,0.13333333333333333,True
NQ,RTH,B1,1h,15,RV,E4,0.9216747769203806,1.6997566088183007,11406,,0.1426158966967038,0.13333333333333333,True
NQ,RTH,B1,1h,15,RV,E4_asS05,0.9322226298383758,1.6997566088183007,11406,,0.1426158966967038,0.13333333333333333,True
NQ,RTH,B1,1h,20,RV,E1_a_exp_L1-5,0.7174844420995787,1.6480263909810628,11406,0.9285969383187952,0.10516633568168576,0.1,False
NQ,RTH,B1,1h,20,RV,E1_a_exp_L1-10,0.7018083448373796,1.6480263909810628,11406,0.9285969383187952,0.10516633568168576,0.1,False
NQ,RTH,B1,1h,20,RV,E1_d_model_L1-5,0.8800259563145083,1.6480263909810628,11406,0.9285969383187952,0.10516633568168576,0.1,False
NQ,RTH,B1,1h,20,RV,E1_d_model_L1-10,0.856901312968475,1.6480263909810628,11406,0.9285969383187952,0.10516633568168576,0.1,False
NQ,RTH,B1,1h,20,RV,E2,0.9018267071127782,1.6480263909810628,11406,0.9285969383187952,0.10516633568168576,0.1,False
NQ,RTH,B1,1h,20,RV,E4,0.9366401856557037,1.6480263909810628,11406,0.9285969383187952,0.10516633568168576,0.1,False
NQ,RTH,B1,1h,20,RV,E4_asS05,0.945378360833908,1.6480263909810628,11406,0.9285969383187952,0.10516633568168576,0.1,False
NQ,RTH,B1,1h,20,TRV3,E1_a_exp_L1-5,0.7120964302799571,1.7184812936407334,11406,0.9285969383187952,0.10516633568168576,0.1,False
NQ,RTH,B1,1h,20,TRV3,E1_a_exp_L1-10,0.6936160585055999,1.7184812936407334,11406,0.9285969383187952,0.10516633568168576,0.1,False
NQ,RTH,B1,1h,20,TRV3,E1_d_model_L1-5,0.8591401112162409,1.7184812936407334,11406,0.9285969383187952,0.10516633568168576,0.1,False
NQ,RTH,B1,1h,20,TRV3,E1_d_model_L1-10,0.8342054454110935,1.7184812936407334,11406,0.9285969383187952,0.10516633568168576,0.1,False
NQ,RTH,B1,1h,20,TRV3,E2,0.8648532974512091,1.7184812936407334,11406,0.9285969383187952,0.10516633568168576,0.1,False
NQ,RTH,B1,1h,20,TRV3,E4,0.945378360833908,1.7184812936407334,11406,0.9285969383187952,0.10516633568168576,0.1,False
NQ,RTH,B1,1h,20,TRV3,E4_asS05,0.945378360833908,1.7184812936407334,11406,0.9285969383187952,0.10516633568168576,0.1,False
NQ,RTH,B1,1h,20,RV,E1_a_exp_L1-5,0.7108263609694078,1.6511379129456372,11406,,0.10516633568168576,0.1,True
NQ,RTH,B1,1h,20,RV,E1_a_exp_L1-10,0.6954891982037867,1.6511379129456372,11406,,0.10516633568168576,0.1,True
NQ,RTH,B1,1h,20,RV,E1_d_model_L1-5,0.87183304571753,1.6511379129456372,11406,,0.10516633568168576,0.1,True
NQ,RTH,B1,1h,20,RV,E1_d_model_L1-10,0.8492023274928534,1.6511379129456372,11406,,0.10516633568168576,0.1,True
NQ,RTH,B1,1h,20,RV,E2,0.899406513239978,1.6511379129456372,11406,,0.10516633568168576,0.1,True
NQ,RTH,B1,1h,20,RV,E4,0.9350599117607665,1.6511379129456372,11406,,0.10516633568168576,0.1,True
NQ,RTH,B1,1h,20,RV,E4_asS05,0.9447988810919881,1.6511379129456372,11406,,0.10516633568168576,0.1,True
NQ,RTH,B1,1h,30,RV,E1_a_exp_L1-5,0.7311138057093942,1.5823670641794036,11406,0.9154408132505006,0.0689382278476838,0.06666666666666667,False
NQ,RTH,B1,1h,30,RV,E1_a_exp_L1-10,0.7213089475119494,1.5823670641794036,11406,0.9154408132505006,0.0689382278476838,0.06666666666666667,False
NQ,RTH,B1,1h,30,RV,E1_d_model_L1-5,0.9044389427331204,1.5823670641794036,11406,0.9154408132505006,0.0689382278476838,0.06666666666666667,False
NQ,RTH,B1,1h,30,RV,E1_d_model_L1-10,0.8807096768935382,1.5823670641794036,11406,0.9154408132505006,0.0689382278476838,0.06666666666666667,False
NQ,RTH,B1,1h,30,RV,E2,0.9197271275305345,1.5823670641794036,11406,0.9154408132505006,0.0689382278476838,0.06666666666666667,False
NQ,RTH,B1,1h,30,RV,E4,0.9523504328850302,1.5823670641794036,11406,0.9154408132505006,0.0689382278476838,0.06666666666666667,False
NQ,RTH,B1,1h,30,RV,E4_asS05,0.9604154714960589,1.5823670641794036,11406,0.9154408132505006,0.0689382278476838,0.06666666666666667,False
NQ,RTH,B1,1h,30,TRV3,E1_a_exp_L1-5,0.7329969743491834,1.6368399304149404,11406,0.9154408132505006,0.0689382278476838,0.06666666666666667,False
NQ,RTH,B1,1h,30,TRV3,E1_a_exp_L1-10,0.7197702506193225,1.6368399304149404,11406,0.9154408132505006,0.0689382278476838,0.06666666666666667,False
NQ,RTH,B1,1h,30,TRV3,E1_d_model_L1-5,0.8920047574409127,1.6368399304149404,11406,0.9154408132505006,0.0689382278476838,0.06666666666666667,False
NQ,RTH,B1,1h,30,TRV3,E1_d_model_L1-10,0.865669455354144,1.6368399304149404,11406,0.9154408132505006,0.0689382278476838,0.06666666666666667,False
NQ,RTH,B1,1h,30,TRV3,E2,0.8891192642567782,1.6368399304149404,11406,0.9154408132505006,0.0689382278476838,0.06666666666666667,False
NQ,RTH,B1,1h,30,TRV3,E4,0.9604154714960589,1.6368399304149404,11406,0.9154408132505006,0.0689382278476838,0.06666666666666667,False
NQ,RTH,B1,1h,30,TRV3,E4_asS05,0.9604154714960589,1.6368399304149404,11406,0.9154408132505006,0.0689382278476838,0.06666666666666667,False
NQ,RTH,B1,1h,30,RV,E1_a_exp_L1-5,0.7282115300227351,1.585622955532658,11406,,0.0689382278476838,0.06666666666666667,True
NQ,RTH,B1,1h,30,RV,E1_a_exp_L1-10,0.717964257165724,1.585622955532658,11406,,0.0689382278476838,0.06666666666666667,True
NQ,RTH,B1,1h,30,RV,E1_d_model_L1-5,0.9008156097712567,1.585622955532658,11406,,0.0689382278476838,0.06666666666666667,True
NQ,RTH,B1,1h,30,RV,E1_d_model_L1-10,0.8766218118017408,1.585622955532658,11406,,0.0689382278476838,0.06666666666666667,True
NQ,RTH,B1,1h,30,RV,E2,0.918218668901036,1.585622955532658,11406,,0.0689382278476838,0.06666666666666667,True
NQ,RTH,B1,1h,30,RV,E4,0.9502944021248358,1.585622955532658,11406,,0.0689382278476838,0.06666666666666667,True
NQ,RTH,B1,1h,30,RV,E4_asS05,0.9592563032052922,1.585622955532658,11406,,0.0689382278476838,0.06666666666666667,True
NQ,RTH,B1,1h,60,RV,E1_a_exp_L1-5,0.7492801220017106,1.4887290100198987,11406,0.9015878217464308,0.033895060357739946,0.03333333333333333,False
NQ,RTH,B1,1h,60,RV,E1_a_exp_L1-10,0.7390770614293322,1.4887290100198987,11406,0.9015878217464308,0.033895060357739946,0.03333333333333333,False
NQ,RTH,B1,1h,60,RV,E1_d_model_L1-5,0.926894751289847,1.4887290100198987,11406,0.9015878217464308,0.033895060357739946,0.03333333333333333,False
NQ,RTH,B1,1h,60,RV,E1_d_model_L1-10,0.9023968417648162,1.4887290100198987,11406,0.9015878217464308,0.033895060357739946,0.03333333333333333,False
NQ,RTH,B1,1h,60,RV,E2,0.9379006298956548,1.4887290100198987,11406,0.9015878217464308,0.033895060357739946,0.03333333333333333,False
NQ,RTH,B1,1h,60,RV,E4,0.9718961536917133,1.4887290100198987,11406,0.9015878217464308,0.033895060357739946,0.03333333333333333,False
NQ,RTH,B1,1h,60,RV,E4_asS05,0.9779987766345288,1.4887290100198987,11406,0.9015878217464308,0.033895060357739946,0.03333333333333333,False
NQ,RTH,B1,1h,60,TRV3,E1_a_exp_L1-5,0.7559416611724966,1.5253045171273782,11406,0.9015878217464308,0.033895060357739946,0.03333333333333333,False
NQ,RTH,B1,1h,60,TRV3,E1_a_exp_L1-10,0.7524548000301327,1.5253045171273782,11406,0.9015878217464308,0.033895060357739946,0.03333333333333333,False
NQ,RTH,B1,1h,60,TRV3,E1_d_model_L1-5,0.9199123693210952,1.5253045171273782,11406,0.9015878217464308,0.033895060357739946,0.03333333333333333,False
NQ,RTH,B1,1h,60,TRV3,E1_d_model_L1-10,0.8913756098318509,1.5253045171273782,11406,0.9015878217464308,0.033895060357739946,0.03333333333333333,False
NQ,RTH,B1,1h,60,TRV3,E2,0.9154105692096329,1.5253045171273782,11406,0.9015878217464308,0.033895060357739946,0.03333333333333333,False
NQ,RTH,B1,1h,60,TRV3,E4,0.9779987766345288,1.5253045171273782,11406,0.9015878217464308,0.033895060357739946,0.03333333333333333,False
NQ,RTH,B1,1h,60,TRV3,E4_asS05,0.9779987766345288,1.5253045171273782,11406,0.9015878217464308,0.033895060357739946,0.03333333333333333,False
NQ,RTH,B1,30min,5,RV,E1_a_exp_L1-5,0.7444661418893691,2.1130034078482853,22812,0.9304858482671843,0.4903577561002349,0.4,False
NQ,RTH,B1,30min,5,RV,E1_a_exp_L1-10,0.6246888198605466,2.1130034078482853,22812,0.9304858482671843,0.4903577561002349,0.4,False
NQ,RTH,B1,30min,5,RV,E1_d_model_L1-5,0.9490971310625739,2.1130034078482853,22812,0.9304858482671843,0.4903577561002349,0.4,False
NQ,RTH,B1,30min,5,RV,E1_d_model_L1-10,0.8633303336078957,2.1130034078482853,22812,0.9304858482671843,0.4903577561002349,0.4,False
NQ,RTH,B1,30min,5,RV,E2,1.029456016685358,2.1130034078482853,22812,0.9304858482671843,0.4903577561002349,0.4,False
NQ,RTH,B1,30min,5,RV,E4,0.8602243655722399,2.1130034078482853,22812,0.9304858482671843,0.4903577561002349,0.4,False
NQ,RTH,B1,30min,5,RV,E4_asS05,0.9994477886676798,2.1130034078482853,22812,0.9304858482671843,0.4903577561002349,0.4,False
NQ,RTH,B1,30min,5,TRV3,E1_a_exp_L1-5,0.02561594419156438,525.7032398249644,22812,0.9304858482671843,0.4903577561002349,0.4,False
NQ,RTH,B1,30min,5,TRV3,E1_a_exp_L1-10,0.015622909950195546,525.7032398249644,22812,0.9304858482671843,0.4903577561002349,0.4,False
NQ,RTH,B1,30min,5,TRV3,E1_d_model_L1-5,0.02635176588509327,525.7032398249644,22812,0.9304858482671843,0.4903577561002349,0.4,False
NQ,RTH,B1,30min,5,TRV3,E1_d_model_L1-10,0.017422499783146937,525.7032398249644,22812,0.9304858482671843,0.4903577561002349,0.4,False
NQ,RTH,B1,30min,5,TRV3,E2,0.004137779467005646,525.7032398249644,22812,0.9304858482671843,0.4903577561002349,0.4,False
NQ,RTH,B1,30min,5,TRV3,E4,0.9994477886676798,525.7032398249644,22812,0.9304858482671843,0.4903577561002349,0.4,False
NQ,RTH,B1,30min,5,TRV3,E4_asS05,0.9994477886676798,525.7032398249644,22812,0.9304858482671843,0.4903577561002349,0.4,False
NQ,RTH,B1,30min,5,RV,E1_a_exp_L1-5,0.7363100804307595,2.1337775536469414,22812,,0.4903577561002349,0.4,True
NQ,RTH,B1,30min,5,RV,E1_a_exp_L1-10,0.6194913312446441,2.1337775536469414,22812,,0.4903577561002349,0.4,True
NQ,RTH,B1,30min,5,RV,E1_d_model_L1-5,0.9387285595786922,2.1337775536469414,22812,,0.4903577561002349,0.4,True
NQ,RTH,B1,30min,5,RV,E1_d_model_L1-10,0.8305832635488032,2.1337775536469414,22812,,0.4903577561002349,0.4,True
NQ,RTH,B1,30min,5,RV,E2,1.2455408546118782,2.1337775536469414,22812,,0.4903577561002349,0.4,True
NQ,RTH,B1,30min,5,RV,E4,0.8618102124834827,2.1337775536469414,22812,,0.4903577561002349,0.4,True
NQ,RTH,B1,30min,5,RV,E4_asS05,0.9993776319370569,2.1337775536469414,22812,,0.4903577561002349,0.4,True
NQ,RTH,B1,30min,6,RV,E1_a_exp_L1-5,0.771481861107485,2.0080509633456165,22812,0.9361042922838987,0.39493406684822646,0.3333333333333333,False
NQ,RTH,B1,30min,6,RV,E1_a_exp_L1-10,0.655709907701851,2.0080509633456165,22812,0.9361042922838987,0.39493406684822646,0.3333333333333333,False
NQ,RTH,B1,30min,6,RV,E1_d_model_L1-5,0.9835293071686437,2.0080509633456165,22812,0.9361042922838987,0.39493406684822646,0.3333333333333333,False
NQ,RTH,B1,30min,6,RV,E1_d_model_L1-10,0.8929847965043329,2.0080509633456165,22812,0.9361042922838987,0.39493406684822646,0.3333333333333333,False
NQ,RTH,B1,30min,6,RV,E2,0.7579401643529884,2.0080509633456165,22812,0.9361042922838987,0.39493406684822646,0.3333333333333333,False
NQ,RTH,B1,30min,6,RV,E4,0.8704448299016685,2.0080509633456165,22812,0.9361042922838987,0.39493406684822646,0.3333333333333333,False
NQ,RTH,B1,30min,6,RV,E4_asS05,0.9969424893802106,2.0080509633456165,22812,0.9361042922838987,0.39493406684822646,0.3333333333333333,False
NQ,RTH,B1,30min,6,TRV3,E1_a_exp_L1-5,0.025924132488581234,82.88527695513454,22812,0.9361042922838987,0.39493406684822646,0.3333333333333333,False
NQ,RTH,B1,30min,6,TRV3,E1_a_exp_L1-10,0.020814759610337654,82.88527695513454,22812,0.9361042922838987,0.39493406684822646,0.3333333333333333,False
NQ,RTH,B1,30min,6,TRV3,E1_d_model_L1-5,0.03454604995533078,82.88527695513454,22812,0.9361042922838987,0.39493406684822646,0.3333333333333333,False
NQ,RTH,B1,30min,6,TRV3,E1_d_model_L1-10,0.029232334653041123,82.88527695513454,22812,0.9361042922838987,0.39493406684822646,0.3333333333333333,False
NQ,RTH,B1,30min,6,TRV3,E2,0.01836251905161873,82.88527695513454,22812,0.9361042922838987,0.39493406684822646,0.3333333333333333,False
NQ,RTH,B1,30min,6,TRV3,E4,0.9969424893802106,82.88527695513454,22812,0.9361042922838987,0.39493406684822646,0.3333333333333333,False
NQ,RTH,B1,30min,6,TRV3,E4_asS05,0.9969424893802106,82.88527695513454,22812,0.9361042922838987,0.39493406684822646,0.3333333333333333,False
NQ,RTH,B1,30min,6,RV,E1_a_exp_L1-5,0.7674124618475807,2.0416783898274873,22812,,0.39493406684822646,0.3333333333333333,True
NQ,RTH,B1,30min,6,RV,E1_a_exp_L1-10,0.6452477322124479,2.0416783898274873,22812,,0.39493406684822646,0.3333333333333333,True
NQ,RTH,B1,30min,6,RV,E1_d_model_L1-5,0.9784356475867867,2.0416783898274873,22812,,0.39493406684822646,0.3333333333333333,True
NQ,RTH,B1,30min,6,RV,E1_d_model_L1-10,0.8917237793549252,2.0416783898274873,22812,,0.39493406684822646,0.3333333333333333,True
NQ,RTH,B1,30min,6,RV,E2,0.7259124103855954,2.0416783898274873,22812,,0.39493406684822646,0.3333333333333333,True
NQ,RTH,B1,30min,6,RV,E4,0.8714702988950095,2.0416783898274873,22812,,0.39493406684822646,0.3333333333333333,True
NQ,RTH,B1,30min,6,RV,E4_asS05,0.9969181728793518,2.0416783898274873,22812,,0.39493406684822646,0.3333333333333333,True
NQ,RTH,B1,30min,10,RV,E1_a_exp_L1-5,0.8386939447158601,1.821779019337527,22812,0.9372639612934356,0.22132295573711533,0.2,False
NQ,RTH,B1,30min,10,RV,E1_a_exp_L1-10,0.7113149562167852,1.821779019337527,22812,0.9372639612934356,0.22132295573711533,0.2,False
NQ,RTH,B1,30min,10,RV,E1_d_model_L1-5,1.0783623116770826,1.821779019337527,22812,0.9372639612934356,0.22132295573711533,0.2,False
NQ,RTH,B1,30min,10,RV,E1_d_model_L1-10,0.9536175712411636,1.821779019337527,22812,0.9372639612934356,0.22132295573711533,0.2,False
NQ,RTH,B1,30min,10,RV,E2,0.8514426537420308,1.821779019337527,22812,0.9372639612934356,0.22132295573711533,0.2,False
NQ,RTH,B1,30min,10,RV,E4,0.9013304736278993,1.821779019337527,22812,0.9372639612934356,0.22132295573711533,0.2,False
NQ,RTH,B1,30min,10,RV,E4_asS05,0.9123601607647056,1.821779019337527,22812,0.9372639612934356,0.22132295573711533,0.2,False
NQ,RTH,B1,30min,10,TRV3,E1_a_exp_L1-5,0.8088930335194422,1.9364251278187665,22812,0.9372639612934356,0.22132295573711533,0.2,False
NQ,RTH,B1,30min,10,TRV3,E1_a_exp_L1-10,0.6872815386320962,1.9364251278187665,22812,0.9372639612934356,0.22132295573711533,0.2,False
NQ,RTH,B1,30min,10,TRV3,E1_d_model_L1-5,1.013825157314441,1.9364251278187665,22812,0.9372639612934356,0.22132295573711533,0.2,False
NQ,RTH,B1,30min,10,TRV3,E1_d_model_L1-10,0.9213828274970165,1.9364251278187665,22812,0.9372639612934356,0.22132295573711533,0.2,False
NQ,RTH,B1,30min,10,TRV3,E2,0.8010329655779349,1.9364251278187665,22812,0.9372639612934356,0.22132295573711533,0.2,False
NQ,RTH,B1,30min,10,TRV3,E4,0.9123601607647056,1.9364251278187665,22812,0.9372639612934356,0.22132295573711533,0.2,False
NQ,RTH,B1,30min,10,TRV3,E4_asS05,0.9123601607647056,1.9364251278187665,22812,0.9372639612934356,0.22132295573711533,0.2,False
NQ,RTH,B1,30min,10,RV,E1_a_exp_L1-5,0.8409135382367162,1.8200741535586193,22812,,0.22132295573711533,0.2,True
NQ,RTH,B1,30min,10,RV,E1_a_exp_L1-10,0.7083964331876978,1.8200741535586193,22812,,0.22132295573711533,0.2,True
NQ,RTH,B1,30min,10,RV,E1_d_model_L1-5,1.0721384815947141,1.8200741535586193,22812,,0.22132295573711533,0.2,True
NQ,RTH,B1,30min,10,RV,E1_d_model_L1-10,0.9497259380600012,1.8200741535586193,22812,,0.22132295573711533,0.2,True
NQ,RTH,B1,30min,10,RV,E2,0.7596538146013272,1.8200741535586193,22812,,0.22132295573711533,0.2,True
NQ,RTH,B1,30min,10,RV,E4,0.9013742104160068,1.8200741535586193,22812,,0.22132295573711533,0.2,True
NQ,RTH,B1,30min,10,RV,E4_asS05,0.9116664216241087,1.8200741535586193,22812,,0.22132295573711533,0.2,True
NQ,RTH,B1,30min,15,RV,E1_a_exp_L1-5,0.8773189096313027,1.7076030629971868,22812,0.9300168391737218,0.1426158966967038,0.13333333333333333,False
NQ,RTH,B1,30min,15,RV,E1_a_exp_L1-10,0.7457437791756473,1.7076030629971868,22812,0.9300168391737218,0.1426158966967038,0.13333333333333333,False
NQ,RTH,B1,30min,15,RV,E1_d_model_L1-5,1.0996314791483182,1.7076030629971868,22812,0.9300168391737218,0.1426158966967038,0.13333333333333333,False
NQ,RTH,B1,30min,15,RV,E1_d_model_L1-10,0.999716245805264,1.7076030629971868,22812,0.9300168391737218,0.1426158966967038,0.13333333333333333,False
NQ,RTH,B1,30min,15,RV,E2,0.89223776827794,1.7076030629971868,22812,0.9300168391737218,0.1426158966967038,0.13333333333333333,False
NQ,RTH,B1,30min,15,RV,E4,0.9226967066262597,1.7076030629971868,22812,0.9300168391737218,0.1426158966967038,0.13333333333333333,False
NQ,RTH,B1,30min,15,RV,E4_asS05,0.9326208201260133,1.7076030629971868,22812,0.9300168391737218,0.1426158966967038,0.13333333333333333,False
NQ,RTH,B1,30min,15,TRV3,E1_a_exp_L1-5,0.8661489584214468,1.788699081413057,22812,0.9300168391737218,0.1426158966967038,0.13333333333333333,False
NQ,RTH,B1,30min,15,TRV3,E1_a_exp_L1-10,0.7269427336217668,1.788699081413057,22812,0.9300168391737218,0.1426158966967038,0.13333333333333333,False
NQ,RTH,B1,30min,15,TRV3,E1_d_model_L1-5,1.0855985189022115,1.788699081413057,22812,0.9300168391737218,0.1426158966967038,0.13333333333333333,False
NQ,RTH,B1,30min,15,TRV3,E1_d_model_L1-10,0.9891284980842889,1.788699081413057,22812,0.9300168391737218,0.1426158966967038,0.13333333333333333,False
NQ,RTH,B1,30min,15,TRV3,E2,0.8517855025841256,1.788699081413057,22812,0.9300168391737218,0.1426158966967038,0.13333333333333333,False
NQ,RTH,B1,30min,15,TRV3,E4,0.9326208201260133,1.788699081413057,22812,0.9300168391737218,0.1426158966967038,0.13333333333333333,False
NQ,RTH,B1,30min,15,TRV3,E4_asS05,0.9326208201260133,1.788699081413057,22812,0.9300168391737218,0.1426158966967038,0.13333333333333333,False
NQ,RTH,B1,30min,15,RV,E1_a_exp_L1-5,0.8622194283212793,1.7135453548091333,22812,,0.1426158966967038,0.13333333333333333,True
NQ,RTH,B1,30min,15,RV,E1_a_exp_L1-10,0.7330199646244576,1.7135453548091333,22812,,0.1426158966967038,0.13333333333333333,True
NQ,RTH,B1,30min,15,RV,E1_d_model_L1-5,1.1086402851748638,1.7135453548091333,22812,,0.1426158966967038,0.13333333333333333,True
NQ,RTH,B1,30min,15,RV,E1_d_model_L1-10,0.9827211386825454,1.7135453548091333,22812,,0.1426158966967038,0.13333333333333333,True
NQ,RTH,B1,30min,15,RV,E2,0.7947321547967353,1.7135453548091333,22812,,0.1426158966967038,0.13333333333333333,True
NQ,RTH,B1,30min,15,RV,E4,0.9199932078893162,1.7135453548091333,22812,,0.1426158966967038,0.13333333333333333,True
NQ,RTH,B1,30min,15,RV,E4_asS05,0.9310408549396705,1.7135453548091333,22812,,0.1426158966967038,0.13333333333333333,True
NQ,RTH,B1,30min,30,RV,E1_a_exp_L1-5,0.9154551486742991,1.5693971697047446,22812,0.9193598378758745,0.0689382278476838,0.06666666666666667,False
NQ,RTH,B1,30min,30,RV,E1_a_exp_L1-10,0.7784734301660661,1.5693971697047446,22812,0.9193598378758745,0.0689382278476838,0.06666666666666667,False
NQ,RTH,B1,30min,30,RV,E1_d_model_L1-5,1.147467073549518,1.5693971697047446,22812,0.9193598378758745,0.0689382278476838,0.06666666666666667,False
NQ,RTH,B1,30min,30,RV,E1_d_model_L1-10,1.0436116057124114,1.5693971697047446,22812,0.9193598378758745,0.0689382278476838,0.06666666666666667,False
NQ,RTH,B1,30min,30,RV,E2,0.9275170904863334,1.5693971697047446,22812,0.9193598378758745,0.0689382278476838,0.06666666666666667,False
NQ,RTH,B1,30min,30,RV,E4,0.952390420829825,1.5693971697047446,22812,0.9193598378758745,0.0689382278476838,0.06666666666666667,False
NQ,RTH,B1,30min,30,RV,E4_asS05,0.9602158030725474,1.5693971697047446,22812,0.9193598378758745,0.0689382278476838,0.06666666666666667,False
NQ,RTH,B1,30min,30,TRV3,E1_a_exp_L1-5,0.9187364687023691,1.6132120473194427,22812,0.9193598378758745,0.0689382278476838,0.06666666666666667,False
NQ,RTH,B1,30min,30,TRV3,E1_a_exp_L1-10,0.7707768722773449,1.6132120473194427,22812,0.9193598378758745,0.0689382278476838,0.06666666666666667,False
NQ,RTH,B1,30min,30,TRV3,E1_d_model_L1-5,1.1515359193728174,1.6132120473194427,22812,0.9193598378758745,0.0689382278476838,0.06666666666666667,False
NQ,RTH,B1,30min,30,TRV3,E1_d_model_L1-10,1.0487859105735071,1.6132120473194427,22812,0.9193598378758745,0.0689382278476838,0.06666666666666667,False
NQ,RTH,B1,30min,30,TRV3,E2,0.9023257042251618,1.6132120473194427,22812,0.9193598378758745,0.0689382278476838,0.06666666666666667,False
NQ,RTH,B1,30min,30,TRV3,E4,0.9602158030725474,1.6132120473194427,22812,0.9193598378758745,0.0689382278476838,0.06666666666666667,False
NQ,RTH,B1,30min,30,TRV3,E4_asS05,0.9602158030725474,1.6132120473194427,22812,0.9193598378758745,0.0689382278476838,0.06666666666666667,False
