root,geom,btag,M,variant,year,n,median,iqr,p95,p99,share_gt10x_med,ref_2overM,med_over_ref,acf1,acf5,acf10,acf_full
ES,GLOBEX,B0,23,RQ_RV,2016,245,0.11114307555395414,0.06089874354482004,0.2269975980794996,0.2985235939482254,0.0,0.08695652173913043,1.2781453688704727,-0.040834742603911275,-0.005114728739481597,-0.0604401039663577,"[-0.041, 0.095, 0.073, -0.002, -0.005, 0.018, 0.021, 0.087, 0.08, -0.06]"
ES,GLOBEX,B0,23,RQ_RV,2017,243,0.12174537950432238,0.06155418076572346,0.23341864277469676,0.2745662705261999,0.0,0.08695652173913043,1.4000718642997074,-0.034718633602613694,-0.04204348039595686,-0.029786901894539797,"[-0.035, 0.031, -0.129, 0.017, -0.042, 0.041, -0.047, 0.03, -0.03, -0.03]"
ES,GLOBEX,B0,23,RQ_RV,2018,243,0.11917152977550408,0.06984893115825805,0.26010659144261766,0.3452515499997848,0.0,0.08695652173913043,1.370472592418297,-2.455208388632607e-06,0.013322780723971046,0.01636294708855362,"[-0.0, 0.032, 0.007, -0.004, 0.013, -0.051, -0.019, 0.136, -0.067, 0.016]"
ES,GLOBEX,B0,23,RQ_RV,2019,243,0.11450416318266723,0.06630450805879594,0.2926678939462795,0.45874712432708553,0.0,0.08695652173913043,1.3167978766006732,-0.023747231256290982,0.07595877701657029,0.0034153947413053023,"[-0.024, -0.035, 0.046, 0.009, 0.076, -0.106, 0.001, 0.027, 0.085, 0.003]"
ES,GLOBEX,B0,23,RQ_RV,2020,244,0.10533135666425984,0.060604658534406275,0.23747220198505725,0.33790819619018697,0.0,0.08695652173913043,1.2113106016389883,-0.07253457774767957,0.005043381083896218,0.027137505101678172,"[-0.073, 0.077, 0.044, -0.001, 0.005, 0.021, -0.099, 0.054, 0.008, 0.027]"
ES,GLOBEX,B0,23,RQ_RV,2021,246,0.11619609042917757,0.06346074042905384,0.26305999779853284,0.3859015480767969,0.0,0.08695652173913043,1.3362550399355422,0.11081681507945873,0.09169055878876296,-0.05693389817442122,"[0.111, -0.011, -0.063, -0.141, 0.092, 0.154, 0.106, -0.062, -0.044, -0.057]"
ES,GLOBEX,B0,23,RQ_RV,2022,245,0.12019053411455313,0.08440440233180867,0.2854725022188772,0.3907976338681642,0.0,0.08695652173913043,1.382191142317361,-0.1713785645530959,0.03321375110024045,0.03481522241690592,"[-0.171, 0.057, 0.033, -0.054, 0.033, -0.042, 0.02, 0.031, -0.005, 0.035]"
ES,GLOBEX,B0,23,RQ_RV,2023,244,0.12591170504656968,0.07010726799723187,0.2813186142458197,0.44228186460091784,0.0,0.08695652173913043,1.4479846080355514,0.02642566771459586,-0.06078807195846572,-0.049218933883328084,"[0.026, -0.104, 0.117, -0.112, -0.061, 0.006, 0.002, -0.077, -0.055, -0.049]"
ES,GLOBEX,B0,23,RQ_RV,0,1953,0.11642451296283125,0.06571123099325961,0.2636889516364084,0.38778637927408316,0.0,0.08695652173913043,1.3388818990725595,-0.011271510323611058,0.03327961211192286,0.0035866941047342123,"[-0.011, 0.032, 0.038, -0.013, 0.033, 0.015, 0.008, 0.048, 0.017, 0.004]"
ES,GLOBEX,B0,23,TQ_BV,2016,245,0.09137019444431875,0.04214563293514109,0.16684147208691702,0.2119735161150445,0.0,0.08695652173913043,1.0507572361096658,0.00578387793209989,-0.024195015769959288,0.028000933234411808,"[0.006, -0.176, 0.078, 0.051, -0.024, -0.046, 0.054, -0.009, -0.116, 0.028]"
ES,GLOBEX,B0,23,TQ_BV,2017,243,0.09887268751143391,0.05157430406867608,0.17778290811127645,0.20143678720753486,0.0,0.08695652173913043,1.13703590638149,-0.05821363984180377,0.027060655269530175,-0.07691007380648761,"[-0.058, 0.099, 0.035, -0.044, 0.027, -0.061, -0.085, -0.063, -0.104, -0.077]"
ES,GLOBEX,B0,23,TQ_BV,2018,243,0.09815532945529713,0.05182737629574381,0.18130050739451686,0.24636129284874178,0.0,0.08695652173913043,1.128786288735917,-0.11439433479017862,0.12738630923416255,0.024919165860266865,"[-0.114, -0.045, -0.041, -0.078, 0.127, -0.04, 0.045, -0.096, 0.019, 0.025]"
ES,GLOBEX,B0,23,TQ_BV,2019,243,0.09462566413670254,0.053116699938617146,0.1721974198666891,0.20346206264609115,0.0,0.08695652173913043,1.0881951375720793,0.0236556911571307,-0.04999164706816935,-0.14986546042437976,"[0.024, 0.097, 0.061, 0.108, -0.05, -0.004, -0.106, -0.088, -0.034, -0.15]"
ES,GLOBEX,B0,23,TQ_BV,2020,244,0.0813528403786773,0.03687084228417327,0.1423113713395336,0.18127828205351543,0.0,0.08695652173913043,0.9355576643547889,-0.11983225564552785,-0.020844760106155474,0.06302833115553451,"[-0.12, 0.092, -0.08, 0.159, -0.021, 0.025, 0.047, 0.043, -0.021, 0.063]"
ES,GLOBEX,B0,23,TQ_BV,2021,246,0.0881635812672967,0.0489757353656482,0.16566596942252912,0.2110364127958401,0.0,0.08695652173913043,1.0138811845739122,0.03416507053265678,0.06705966201636959,0.001984398076581627,"[0.034, 0.068, 0.069, 0.025, 0.067, 0.107, 0.161, -0.026, 0.035, 0.002]"
ES,GLOBEX,B0,23,TQ_BV,2022,245,0.09438888343956846,0.05483325817552995,0.19624281589784348,0.24875012934617852,0.0,0.08695652173913043,1.0854721595550374,0.0158301811526349,-0.01712781899415103,0.02422058367916111,"[0.016, -0.045, -0.112, 0.056, -0.017, -0.072, 0.047, -0.017, -0.031, 0.024]"
ES,GLOBEX,B0,23,TQ_BV,2023,244,0.11065517894728188,0.05760797607087634,0.21359275619796422,0.26310749016601775,0.0,0.08695652173913043,1.2725345578937417,0.12378788979638208,-0.01335691284787572,0.07889536802181779,"[0.124, -0.068, 0.026, -0.003, -0.013, 0.043, 0.033, -0.043, -0.14, 0.079]"
ES,GLOBEX,B0,23,TQ_BV,0,1953,0.09440357350096841,0.05073069813268753,0.17941491624493208,0.23537857299966874,0.0,0.08695652173913043,1.0856410952611368,0.027472100179222678,0.05151567067310112,0.02790368878022863,"[0.027, 0.034, 0.042, 0.064, 0.052, 0.021, 0.058, -0.002, -0.02, 0.028]"
ES,GLOBEX,B0,23,TRQ3_TRV3,2016,245,0.09672733061344674,0.037259275511427895,0.16252408634111057,0.22589264862650515,0.0,0.08695652173913043,1.1123643020546374,0.03661536669892418,0.04558328089975598,0.1113780003303788,"[0.037, 0.021, 0.132, -0.023, 0.046, 0.009, 0.146, 0.101, -0.091, 0.111]"
ES,GLOBEX,B0,23,TRQ3_TRV3,2017,243,0.10108457444746341,0.037549499790114224,0.16506356609981582,0.19857679108583007,0.0,0.08695652173913043,1.1624726061458293,-0.1378571006294592,-0.016944887061348723,-0.1375683031855205,"[-0.138, -0.012, -0.017, 0.061, -0.017, 0.008, 0.087, -0.007, 0.06, -0.138]"
ES,GLOBEX,B0,23,TRQ3_TRV3,2018,243,0.10044071160416207,0.03944922514707616,0.15694011578931197,0.18614148717324183,0.0,0.08695652173913043,1.1550681834478638,0.043420168547315154,-0.018507857692560057,0.05804808110127604,"[0.043, -0.014, -0.025, 0.104, -0.019, -0.025, 0.084, 0.089, -0.056, 0.058]"
ES,GLOBEX,B0,23,TRQ3_TRV3,2019,243,0.09657001581101207,0.03692569100165699,0.1485114099139799,0.1772952486983128,0.0,0.08695652173913043,1.1105551818266388,0.03832616806773009,-0.03045867743622244,0.0545932121681394,"[0.038, 0.047, 0.084, 0.12, -0.03, -0.045, 0.088, -0.028, -0.02, 0.055]"
ES,GLOBEX,B0,23,TRQ3_TRV3,2020,244,0.09092247915444397,0.03637549841095254,0.15482542418856826,0.16786726429152804,0.0,0.08695652173913043,1.0456085102761057,-0.03464639619246,0.05055628493054787,0.004736980196160546,"[-0.035, -0.015, -0.135, 0.019, 0.051, 0.037, -0.01, -0.021, 0.064, 0.005]"
ES,GLOBEX,B0,23,TRQ3_TRV3,2021,246,0.09730538610622434,0.03768951099757452,0.15807165229886938,0.2035388576514696,0.0,0.08695652173913043,1.11901194022158,0.08474274559934464,0.039105976216403174,-0.0538128979086288,"[0.085, -0.114, 0.01, 0.009, 0.039, 0.099, 0.061, -0.113, -0.021, -0.054]"
ES,GLOBEX,B0,23,TRQ3_TRV3,2022,245,0.09931046785020772,0.04054515042521763,0.17634106362323054,0.2605070731378167,0.0,0.08695652173913043,1.1420703802773888,-0.052609320833374364,0.047647878528327026,0.14024258995780453,"[-0.053, 0.072, 0.049, -0.009, 0.048, 0.038, -0.041, -0.042, -0.06, 0.14]"
ES,GLOBEX,B0,23,TRQ3_TRV3,2023,244,0.11019007911591913,0.04143824216182723,0.17970800589050454,0.24348324237640478,0.0,0.08695652173913043,1.26718590983307,-0.040763546786479095,-0.09907345594238534,-0.025987417135763906,"[-0.041, -0.106, 0.052, -0.059, -0.099, -0.057, 0.027, 0.003, -0.062, -0.026]"
ES,GLOBEX,B0,23,TRQ3_TRV3,0,1953,0.09870536389662171,0.03930771723558743,0.16095088515451134,0.2113065328051502,0.0,0.08695652173913043,1.1351116848111498,0.0213779255868577,0.03133611772670313,0.05063078823141183,"[0.021, 0.018, 0.045, 0.052, 0.031, 0.032, 0.081, 0.025, 0.007, 0.051]"
ES,GLOBEX,B0,23,TRQ5_TRV5,2016,245,0.11039153025187318,0.06216603965384779,0.22418116354866313,0.2839974794305552,0.0,0.08695652173913043,1.2695025978965415,-0.03763906149564781,-0.0336514997830217,-0.07840366860889651,"[-0.038, 0.11, 0.088, -0.013, -0.034, 0.007, 0.0, 0.087, 0.058, -0.078]"
ES,GLOBEX,B0,23,TRQ5_TRV5,2017,243,0.11911824743404816,0.0615350519709397,0.2198887729932869,0.26899689747459304,0.0,0.08695652173913043,1.3698598454915538,-0.07012762924025157,-0.04146697484049114,-0.05459948908051866,"[-0.07, 0.051, -0.092, 0.012, -0.041, -0.01, 0.002, 0.032, -0.009, -0.055]"
ES,GLOBEX,B0,23,TRQ5_TRV5,2018,243,0.11799277742151906,0.06851653018984516,0.24262393600415208,0.309355301867158,0.0,0.08695652173913043,1.3569169403474692,0.04142883828463388,0.006783992317669371,0.02144175342562699,"[0.041, 0.057, 0.057, 0.002, 0.007, -0.023, -0.072, 0.093, -0.019, 0.021]"
ES,GLOBEX,B0,23,TRQ5_TRV5,2019,243,0.11000496427048584,0.06215529432906029,0.24873081666380595,0.31998554901640575,0.0,0.08695652173913043,1.2650570891105872,-0.025492248174552926,0.0006742271778677332,0.07078881164705772,"[-0.025, 0.027, 0.082, -0.016, 0.001, 0.0, 0.033, -0.054, -0.021, 0.071]"
ES,GLOBEX,B0,23,TRQ5_TRV5,2020,244,0.10486705721828196,0.05879154252738472,0.21701089238043217,0.312058658198385,0.0,0.08695652173913043,1.2059711580102426,-0.09176096633636587,-0.05050953709047322,0.025748987048806786,"[-0.092, 0.106, -0.007, -0.004, -0.051, 0.067, -0.113, 0.039, 0.042, 0.026]"
ES,GLOBEX,B0,23,TRQ5_TRV5,2021,246,0.1149575210167858,0.06315789072121952,0.24735034263699968,0.3334718378047283,0.0,0.08695652173913043,1.3220114916930368,0.10329950603526594,0.06194573871322618,-0.09510762557858239,"[0.103, -0.047, -0.09, -0.087, 0.062, 0.205, 0.132, -0.015, 0.006, -0.095]"
ES,GLOBEX,B0,23,TRQ5_TRV5,2022,245,0.11482799016555968,0.07234194246236449,0.2431758377961706,0.2849194122616715,0.0,0.08695652173913043,1.3205218869039363,-0.12748334213446122,0.03639507984332713,0.03467813268506876,"[-0.127, 0.023, -0.03, 0.006, 0.036, -0.035, -0.058, -0.004, -0.029, 0.035]"
ES,GLOBEX,B0,23,TRQ5_TRV5,2023,244,0.12443856631129603,0.06685126315580908,0.23929880025952266,0.3641578024518484,0.0,0.08695652173913043,1.4310435125799044,0.0344183773458344,-0.054923124579448826,-0.06937260436954719,"[0.034, -0.119, 0.057, -0.068, -0.055, 0.029, 0.007, -0.024, -0.031, -0.069]"
ES,GLOBEX,B0,23,TRQ5_TRV5,0,1953,0.11450416318266723,0.06424172165369335,0.23799980871868293,0.31098145971288965,0.0,0.08695652173913043,1.3167978766006732,-0.004984349970529312,0.006530573181540783,0.0017162798343283872,"[-0.005, 0.043, 0.023, -0.005, 0.007, 0.045, 0.0, 0.037, 0.021, 0.002]"
ES,GLOBEX,B0,23,TRQ10_TRV10,2016,245,0.11114307555395414,0.06089874354482004,0.2269975980794996,0.2985235939482254,0.0,0.08695652173913043,1.2781453688704727,-0.040834742603911275,-0.005114728739481597,-0.0604401039663577,"[-0.041, 0.095, 0.073, -0.002, -0.005, 0.018, 0.021, 0.087, 0.08, -0.06]"
ES,GLOBEX,B0,23,TRQ10_TRV10,2017,243,0.12174537950432238,0.06155418076572346,0.23341864277469676,0.2745662705261999,0.0,0.08695652173913043,1.4000718642997074,-0.034718633602613694,-0.04204348039595686,-0.029786901894539797,"[-0.035, 0.031, -0.129, 0.017, -0.042, 0.041, -0.047, 0.03, -0.03, -0.03]"
ES,GLOBEX,B0,23,TRQ10_TRV10,2018,243,0.11917152977550408,0.06984893115825805,0.26010659144261766,0.3452515499997848,0.0,0.08695652173913043,1.370472592418297,-2.455208388632607e-06,0.013322780723971046,0.01636294708855362,"[-0.0, 0.032, 0.007, -0.004, 0.013, -0.051, -0.019, 0.136, -0.067, 0.016]"
ES,GLOBEX,B0,23,TRQ10_TRV10,2019,243,0.11450416318266723,0.06630450805879594,0.2926678939462795,0.45874712432708553,0.0,0.08695652173913043,1.3167978766006732,-0.023747231256290982,0.07595877701657029,0.0034153947413053023,"[-0.024, -0.035, 0.046, 0.009, 0.076, -0.106, 0.001, 0.027, 0.085, 0.003]"
ES,GLOBEX,B0,23,TRQ10_TRV10,2020,244,0.10533135666425984,0.060604658534406275,0.23747220198505725,0.33790819619018697,0.0,0.08695652173913043,1.2113106016389883,-0.07253457774767957,0.005043381083896218,0.027137505101678172,"[-0.073, 0.077, 0.044, -0.001, 0.005, 0.021, -0.099, 0.054, 0.008, 0.027]"
ES,GLOBEX,B0,23,TRQ10_TRV10,2021,246,0.11619609042917757,0.06346074042905384,0.26305999779853284,0.3859015480767969,0.0,0.08695652173913043,1.3362550399355422,0.11081681507945873,0.09169055878876296,-0.05693389817442122,"[0.111, -0.011, -0.063, -0.141, 0.092, 0.154, 0.106, -0.062, -0.044, -0.057]"
ES,GLOBEX,B0,23,TRQ10_TRV10,2022,245,0.12019053411455313,0.08440440233180867,0.2854725022188772,0.3907976338681642,0.0,0.08695652173913043,1.382191142317361,-0.1713785645530959,0.03321375110024045,0.03481522241690592,"[-0.171, 0.057, 0.033, -0.054, 0.033, -0.042, 0.02, 0.031, -0.005, 0.035]"
ES,GLOBEX,B0,23,TRQ10_TRV10,2023,244,0.12591170504656968,0.07010726799723187,0.2813186142458197,0.44228186460091784,0.0,0.08695652173913043,1.4479846080355514,0.02642566771459586,-0.06078807195846572,-0.049218933883328084,"[0.026, -0.104, 0.117, -0.112, -0.061, 0.006, 0.002, -0.077, -0.055, -0.049]"
ES,GLOBEX,B0,23,TRQ10_TRV10,0,1953,0.11642451296283125,0.06571123099325961,0.2636889516364084,0.38778637927408316,0.0,0.08695652173913043,1.3388818990725595,-0.011271510323611058,0.03327961211192286,0.0035866941047342123,"[-0.011, 0.032, 0.038, -0.013, 0.033, 0.015, 0.008, 0.048, 0.017, 0.004]"
ES,GLOBEX,B0,23,MEDRQ_MEDRV,2016,245,0.09453145432585279,0.03798381363830526,0.19778737730133542,0.2731820487970135,0.0,0.08695652173913043,1.0871117247473072,-0.013896085108919378,0.07085538179501895,-0.03656464327305279,"[-0.014, 0.045, 0.127, -0.04, 0.071, -0.103, 0.062, 0.129, -0.036, -0.037]"
ES,GLOBEX,B0,23,MEDRQ_MEDRV,2017,243,0.10646619572394199,0.06133972428999762,0.19828305191602238,0.2650206105419762,0.0,0.08695652173913043,1.224361250825333,-0.13447036206198246,-0.10210300758206838,-0.05913835343718738,"[-0.134, -0.001, -0.059, 0.057, -0.102, -0.038, -0.068, -0.0, 0.064, -0.059]"
ES,GLOBEX,B0,23,MEDRQ_MEDRV,2018,243,0.0960976625265232,0.0512542682108198,0.1874277814348387,0.2660798803130861,0.0,0.08695652173913043,1.1051231190550168,-0.12904916297830651,0.0315233962024332,0.005854236420543949,"[-0.129, 0.018, 0.008, 0.003, 0.032, -0.063, 0.082, 0.041, 0.032, 0.006]"
ES,GLOBEX,B0,23,MEDRQ_MEDRV,2019,243,0.10105153346462344,0.04971513888921619,0.1917603063133684,0.2548508485026524,0.0,0.08695652173913043,1.1620926348431695,0.04965580851680508,-0.09684109804703823,-0.05054747739138899,"[0.05, 0.11, 0.055, 0.159, -0.097, -0.112, 0.001, -0.011, -0.122, -0.051]"
ES,GLOBEX,B0,23,MEDRQ_MEDRV,2020,244,0.08535667579408944,0.04065153709695753,0.1843694511765621,0.24653169440951914,0.0,0.08695652173913043,0.9816017716320286,-0.025546603175310784,-0.00035295890940317625,0.0041895569588291945,"[-0.026, -0.039, -0.065, 0.032, -0.0, 0.002, 0.112, 0.072, 0.028, 0.004]"
ES,GLOBEX,B0,23,MEDRQ_MEDRV,2021,246,0.09955619151052728,0.05446178614725271,0.20667949727113322,0.2737659064359848,0.0,0.08695652173913043,1.1448962023710636,0.06670142234264514,0.004962562858222847,-0.018723570585924984,"[0.067, -0.082, 0.025, 0.039, 0.005, 0.048, 0.078, -0.027, 0.02, -0.019]"
ES,GLOBEX,B0,23,MEDRQ_MEDRV,2022,245,0.10015294927608497,0.05085694193793107,0.22784711780985312,0.2768711391877719,0.0,0.08695652173913043,1.151758916674977,-0.07096865309244225,0.04712877073461596,0.03399798969956895,"[-0.071, 0.004, -0.072, 0.003, 0.047, -0.072, 0.018, -0.022, -0.067, 0.034]"
ES,GLOBEX,B0,23,MEDRQ_MEDRV,2023,244,0.11509233374594074,0.05361808796646797,0.22557431050583124,0.3138106782028622,0.0,0.08695652173913043,1.3235618380783185,0.033663862430951985,-0.05242964381880873,-0.06490264930594129,"[0.034, 0.007, -0.019, -0.049, -0.052, 0.058, 0.04, 0.029, -0.063, -0.065]"
ES,GLOBEX,B0,23,MEDRQ_MEDRV,0,1953,0.09915442422028424,0.051649618874183886,0.20394064992106123,0.2771878852282153,0.0,0.08695652173913043,1.1402758785332687,0.009282486114344613,0.023313676670772127,0.01133664178025902,"[0.009, 0.042, 0.033, 0.06, 0.023, -0.003, 0.068, 0.062, 0.017, 0.011]"
ES,GLOBEX,B0,46,RQ_RV,2016,245,0.06789969152727696,0.03482059261561221,0.14920318628307253,0.24014777638297735,0.0,0.043478260869565216,1.56169290512737,0.06106121023785075,0.052402045002571694,-0.03720005072824067,"[0.061, 0.035, 0.038, -0.048, 0.052, 0.009, 0.037, 0.152, 0.051, -0.037]"
ES,GLOBEX,B0,46,RQ_RV,2017,243,0.06762068186198776,0.03735290438746489,0.16827175113339068,0.22674005719294327,0.0,0.043478260869565216,1.5552756828257186,-0.036962566613294355,-0.0763462546823998,0.07689774533961061,"[-0.037, 0.012, -0.049, 0.037, -0.076, -0.023, -0.061, -0.008, -0.012, 0.077]"
ES,GLOBEX,B0,46,RQ_RV,2018,243,0.06971968113169823,0.03548828538408255,0.15541925944190682,0.2918188048663776,0.0,0.043478260869565216,1.6035526660290593,0.009639085977112001,-0.024391230115633405,-0.024346990479129596,"[0.01, 0.02, -0.042, 0.02, -0.024, -0.019, 0.051, 0.114, 0.029, -0.024]"
ES,GLOBEX,B0,46,RQ_RV,2019,243,0.07334111502355509,0.03899202550926152,0.1939864093362167,0.2965604509318614,0.0,0.043478260869565216,1.686845645541767,0.014785908375171157,0.03825589507224366,-0.0384916594668849,"[0.015, 0.129, -0.078, -0.078, 0.038, -0.091, -0.021, -0.017, 0.066, -0.038]"
ES,GLOBEX,B0,46,RQ_RV,2020,244,0.06009805242794598,0.035236518016411526,0.1400213853061535,0.29151985839619693,0.0,0.043478260869565216,1.3822552058427577,-0.05802201065630544,-0.045698397672626304,-0.03427079855973057,"[-0.058, -0.063, 0.019, 0.041, -0.046, 0.103, -0.057, 0.018, -0.002, -0.034]"
ES,GLOBEX,B0,46,RQ_RV,2021,246,0.06701962007599715,0.03916202035635582,0.16360154199929638,0.2355405430602457,0.0,0.043478260869565216,1.5414512617479346,0.12306928350885386,0.07782358079873244,0.004167032645230639,"[0.123, 0.039, -0.057, 0.002, 0.078, 0.057, 0.017, -0.003, -0.013, 0.004]"
ES,GLOBEX,B0,46,RQ_RV,2022,245,0.07133931195375716,0.041683374387626974,0.17399509779661662,0.26019125341398414,0.0,0.043478260869565216,1.6408041749364146,-0.035791753920144435,0.03346412309356437,0.06703557431392562,"[-0.036, 0.057, 0.075, -0.035, 0.033, -0.025, 0.076, -0.028, -0.006, 0.067]"
ES,GLOBEX,B0,46,RQ_RV,2023,244,0.0758629652296326,0.0371420699131963,0.14529680571509931,0.26717363029265023,0.0,0.043478260869565216,1.7448482002815497,0.007047150290664979,-0.07311468547259171,-0.052483845203148326,"[0.007, -0.078, -0.028, 0.043, -0.073, -0.031, 0.08, -0.026, -0.075, -0.052]"
ES,GLOBEX,B0,46,RQ_RV,0,1953,0.06927134501914593,0.0381745425946696,0.1655776878487749,0.274007962954427,0.0,0.043478260869565216,1.5932409354403565,0.02715257574582201,0.009167188470850634,0.009429157860150694,"[0.027, 0.04, 0.008, 0.013, 0.009, 0.009, 0.024, 0.037, 0.021, 0.009]"
ES,GLOBEX,B0,46,TQ_BV,2016,245,0.05530141736148099,0.026399584290900356,0.11265400255907178,0.1441775152933611,0.0,0.043478260869565216,1.2719325993140629,-0.036145391679266406,-3.156366624798364e-06,-0.1347758254667802,"[-0.036, 0.099, -0.017, 0.056, -0.0, 0.118, 0.016, -0.055, 0.044, -0.135]"
ES,GLOBEX,B0,46,TQ_BV,2017,243,0.05962816275948952,0.030984588659669014,0.11873382751626631,0.14867988117006234,0.0,0.043478260869565216,1.371447743468259,-0.011484886500488994,-0.10134287871712329,0.18662904117493612,"[-0.011, 0.028, -0.083, 0.001, -0.101, -0.012, -0.079, 0.078, -0.031, 0.187]"
ES,GLOBEX,B0,46,TQ_BV,2018,243,0.05739555889044343,0.03254303657240916,0.1332278602122682,0.15327571926727085,0.0,0.043478260869565216,1.320097854480199,0.0252876688060671,0.0069991772286824095,0.04688940105561727,"[0.025, 0.159, 0.012, 0.032, 0.007, -0.037, -0.031, 0.113, -0.011, 0.047]"
ES,GLOBEX,B0,46,TQ_BV,2019,243,0.055181767243759186,0.032820420033385006,0.12346815464357087,0.16451849878138264,0.0,0.043478260869565216,1.2691806466064612,0.08572031831418374,0.04505087391272596,0.0008116345779473486,"[0.086, 0.089, 0.027, 0.18, 0.045, 0.046, -0.112, -0.014, -0.043, 0.001]"
ES,GLOBEX,B0,46,TQ_BV,2020,244,0.04990431631361661,0.023334223831656224,0.1049636835902874,0.1474321362201817,0.0,0.043478260869565216,1.147799275213182,-0.022492436095756577,0.1166925955853927,0.01406781404244012,"[-0.022, -0.097, 0.073, 0.104, 0.117, 0.126, 0.088, 0.026, -0.008, 0.014]"
ES,GLOBEX,B0,46,TQ_BV,2021,246,0.05632375013576226,0.02960013329845288,0.11563701839237006,0.17319265426537847,0.0,0.043478260869565216,1.2954462531225321,-0.0022068439259020287,0.014193516281622858,-0.02847294357867048,"[-0.002, -0.079, -0.132, -0.138, 0.014, 0.045, 0.132, 0.011, -0.075, -0.028]"
ES,GLOBEX,B0,46,TQ_BV,2022,245,0.06108379353714736,0.030150131304075366,0.14011696467753793,0.17935648172784882,0.0,0.043478260869565216,1.4049272513543893,0.01894446907063043,0.07128620300239501,-0.030318507990701217,"[0.019, 0.109, 0.045, 0.094, 0.071, -0.028, 0.144, -0.121, 0.032, -0.03]"
ES,GLOBEX,B0,46,TQ_BV,2023,244,0.06811153532370556,0.03169112745812794,0.1334404024874164,0.1908357290774796,0.0,0.043478260869565216,1.566565312445228,-0.021152948016611123,-0.05372391220896731,0.11606176643968813,"[-0.021, -0.039, 0.0, 0.027, -0.054, -0.03, 0.015, -0.008, -0.067, 0.116]"
ES,GLOBEX,B0,46,TQ_BV,0,1953,0.05813750548960689,0.0309409164902801,0.12389413864221253,0.16279527285118717,0.0,0.043478260869565216,1.3371626262609584,0.037577670454364595,0.04764280129728179,0.05392365824454595,"[0.038, 0.069, 0.023, 0.075, 0.048, 0.061, 0.056, 0.038, 0.016, 0.054]"
ES,GLOBEX,B0,46,TRQ3_TRV3,2016,245,0.053625786824535844,0.015695650543361687,0.07776739451697078,0.09864894620111239,0.0,0.043478260869565216,1.2333930969643245,-0.026653573213435554,0.06856715564695469,0.0352679370199414,"[-0.027, 0.009, 0.143, 0.036, 0.069, 0.037, 0.1, 0.017, -0.03, 0.035]"
ES,GLOBEX,B0,46,TRQ3_TRV3,2017,243,0.053301024499526145,0.014347921484881176,0.07938163299154882,0.10358680373201966,0.0,0.043478260869565216,1.2259235634891015,-0.07290733448786212,-0.07222098278261832,0.08016014820986966,"[-0.073, 0.038, 0.055, 0.003, -0.072, -0.048, 0.032, 0.009, 0.105, 0.08]"
ES,GLOBEX,B0,46,TRQ3_TRV3,2018,243,0.05480358910866394,0.01848171003185911,0.08142948194467539,0.09183557896913806,0.0,0.043478260869565216,1.2604825494992706,0.01619801316194235,-0.12979728510679212,0.1227562603201261,"[0.016, 0.108, -0.074, -0.025, -0.13, 0.01, 0.033, 0.102, 0.038, 0.123]"
ES,GLOBEX,B0,46,TRQ3_TRV3,2019,243,0.052486962008838525,0.015025328704477009,0.08091760417404714,0.11702206091606432,0.0,0.043478260869565216,1.207200126203286,0.010619956177408896,0.02938005306721765,-0.021606608588086093,"[0.011, 0.018, -0.06, 0.104, 0.029, -0.061, -0.077, -0.078, 0.13, -0.022]"
ES,GLOBEX,B0,46,TRQ3_TRV3,2020,244,0.049979445573334814,0.01491486897847697,0.07482682475775239,0.09457118372267283,0.0,0.043478260869565216,1.1495272481867007,-0.05043565731660596,0.052021447193954164,0.026264396240462545,"[-0.05, -0.045, 0.081, 0.041, 0.052, 0.129, -0.009, 0.123, -0.053, 0.026]"
ES,GLOBEX,B0,46,TRQ3_TRV3,2021,246,0.05287012377253609,0.01536189937043149,0.08330947556779633,0.10697794433678595,0.0,0.043478260869565216,1.21601284676833,-0.023396659924994498,0.03761533424399547,-0.030478869330331258,"[-0.023, 0.02, -0.088, -0.114, 0.038, 0.002, 0.087, -0.029, -0.036, -0.03]"
ES,GLOBEX,B0,46,TRQ3_TRV3,2022,245,0.05625317083311892,0.016101319754960992,0.09180813470871815,0.11352464269978155,0.0,0.043478260869565216,1.2938229291617351,-0.06012025194826462,0.02714467808997047,0.03072585582045115,"[-0.06, 0.083, 0.008, 0.064, 0.027, 0.134, -0.049, -0.029, -0.022, 0.031]"
ES,GLOBEX,B0,46,TRQ3_TRV3,2023,244,0.06002484262015125,0.02087243350426972,0.09475969678885166,0.13229401161881246,0.0,0.043478260869565216,1.380571380263479,-0.07626697426477919,0.036665577919035526,0.007583040183071287,"[-0.076, 0.034, 0.04, -0.059, 0.037, -0.106, 0.142, -0.093, 0.026, 0.008]"
ES,GLOBEX,B0,46,TRQ3_TRV3,0,1953,0.053779699670716705,0.016683871939837003,0.08361046087005258,0.11125555911011537,0.0,0.043478260869565216,1.2369330924264843,0.007847719582501377,0.05528787597154849,0.07300215702616726,"[0.008, 0.078, 0.056, 0.051, 0.055, 0.058, 0.078, 0.039, 0.063, 0.073]"
ES,GLOBEX,B0,46,TRQ5_TRV5,2016,245,0.0665395821062318,0.03260966339131901,0.11327009742349582,0.1561177725174122,0.0,0.043478260869565216,1.5304103884433315,0.02891944288505581,0.10814686736046014,-0.06692470206151147,"[0.029, -0.009, 0.039, -0.036, 0.108, 0.05, 0.049, 0.08, -0.058, -0.067]"
ES,GLOBEX,B0,46,TRQ5_TRV5,2017,243,0.0636054327852807,0.029765705384017252,0.1199043419554075,0.16017361718654924,0.0,0.043478260869565216,1.4629249540614562,-0.05135448249248268,-0.028628423478934642,0.025416072454252626,"[-0.051, 0.06, 0.048, -0.053, -0.029, -0.046, -0.017, -0.006, -0.036, 0.025]"
ES,GLOBEX,B0,46,TRQ5_TRV5,2018,243,0.06887628280443275,0.03361930533217253,0.12712607554981772,0.15747339803197982,0.0,0.043478260869565216,1.5841545045019534,0.12055971822873857,0.02431495293430756,0.011489600052926197,"[0.121, 0.028, -0.036, -0.001, 0.024, 0.03, 0.059, 0.183, 0.115, 0.011]"
ES,GLOBEX,B0,46,TRQ5_TRV5,2019,243,0.06687238677924974,0.033229791472108756,0.11939627048328406,0.16058055445664954,0.0,0.043478260869565216,1.538064895922744,0.05608694076071007,0.12623916724155362,0.04428716945993417,"[0.056, -0.03, -0.005, -0.017, 0.126, -0.043, -0.03, -0.073, 0.054, 0.044]"
ES,GLOBEX,B0,46,TRQ5_TRV5,2020,244,0.05967097210013553,0.031127403746447235,0.11699484291715198,0.1554265163736492,0.0,0.043478260869565216,1.3724323583031173,-0.0915042956585452,-0.028681908090623598,0.008173595279005751,"[-0.092, -0.019, 0.008, 0.054, -0.029, 0.115, -0.02, -0.004, 0.004, 0.008]"
ES,GLOBEX,B0,46,TRQ5_TRV5,2021,246,0.06386499404687712,0.032831759788955105,0.12645284035202967,0.15628527152311927,0.0,0.043478260869565216,1.4688948630781737,0.028751082644054064,-0.009850415929724908,-0.01572412972843478,"[0.029, 0.115, -0.055, -0.071, -0.01, -0.002, 0.083, 0.052, 0.068, -0.016]"
ES,GLOBEX,B0,46,TRQ5_TRV5,2022,245,0.06989900351341878,0.036552655207699146,0.13075740574766337,0.18077847451546145,0.0,0.043478260869565216,1.607677080808632,-0.025187323780516233,-0.006549688588794021,0.12884826320253676,"[-0.025, 0.06, -0.004, 0.066, -0.007, -0.03, 0.025, -0.036, -0.126, 0.129]"
ES,GLOBEX,B0,46,TRQ5_TRV5,2023,244,0.07521586255204496,0.03396753729887741,0.1339015917731743,0.17502272322324178,0.0,0.043478260869565216,1.729964838697034,-0.01714822429775939,-0.04208968481908494,-0.026180932592046714,"[-0.017, -0.066, 0.014, 0.087, -0.042, -0.023, 0.086, -0.054, -0.053, -0.026]"
ES,GLOBEX,B0,46,TRQ5_TRV5,0,1953,0.0671717396710884,0.03361876165480004,0.12590036520112152,0.16554827231179253,0.0,0.043478260869565216,1.5449500124350333,0.029337894786528224,0.037567289555743885,0.038351523545531986,"[0.029, 0.042, 0.024, 0.031, 0.038, 0.032, 0.049, 0.036, 0.017, 0.038]"
ES,GLOBEX,B0,46,TRQ10_TRV10,2016,245,0.06789969152727696,0.03482059261561221,0.14920318628307253,0.24014777638297735,0.0,0.043478260869565216,1.56169290512737,0.06106121023785075,0.052402045002571694,-0.03720005072824067,"[0.061, 0.035, 0.038, -0.048, 0.052, 0.009, 0.037, 0.152, 0.051, -0.037]"
ES,GLOBEX,B0,46,TRQ10_TRV10,2017,243,0.06762068186198776,0.03735290438746489,0.16827175113339068,0.22674005719294327,0.0,0.043478260869565216,1.5552756828257186,-0.036962566613294355,-0.0763462546823998,0.07689774533961061,"[-0.037, 0.012, -0.049, 0.037, -0.076, -0.023, -0.061, -0.008, -0.012, 0.077]"
ES,GLOBEX,B0,46,TRQ10_TRV10,2018,243,0.06971968113169823,0.03548828538408255,0.15541925944190682,0.2918188048663776,0.0,0.043478260869565216,1.6035526660290593,0.009639085977112001,-0.024391230115633405,-0.024346990479129596,"[0.01, 0.02, -0.042, 0.02, -0.024, -0.019, 0.051, 0.114, 0.029, -0.024]"
ES,GLOBEX,B0,46,TRQ10_TRV10,2019,243,0.07334111502355509,0.03899202550926152,0.1939864093362167,0.2965604509318614,0.0,0.043478260869565216,1.686845645541767,0.014785908375171157,0.03825589507224366,-0.0384916594668849,"[0.015, 0.129, -0.078, -0.078, 0.038, -0.091, -0.021, -0.017, 0.066, -0.038]"
ES,GLOBEX,B0,46,TRQ10_TRV10,2020,244,0.06009805242794598,0.035236518016411526,0.1400213853061535,0.29151985839619693,0.0,0.043478260869565216,1.3822552058427577,-0.05802201065630544,-0.045698397672626304,-0.03427079855973057,"[-0.058, -0.063, 0.019, 0.041, -0.046, 0.103, -0.057, 0.018, -0.002, -0.034]"
ES,GLOBEX,B0,46,TRQ10_TRV10,2021,246,0.06701962007599715,0.03916202035635582,0.16360154199929638,0.2355405430602457,0.0,0.043478260869565216,1.5414512617479346,0.12306928350885386,0.07782358079873244,0.004167032645230639,"[0.123, 0.039, -0.057, 0.002, 0.078, 0.057, 0.017, -0.003, -0.013, 0.004]"
ES,GLOBEX,B0,46,TRQ10_TRV10,2022,245,0.07133931195375716,0.041327263419671974,0.16743190368929048,0.2555298750251189,0.0,0.043478260869565216,1.6408041749364146,-0.07709055692498268,0.023834461198987564,0.08984584551696007,"[-0.077, 0.042, 0.027, -0.005, 0.024, -0.063, 0.095, -0.032, -0.01, 0.09]"
ES,GLOBEX,B0,46,TRQ10_TRV10,2023,244,0.0758629652296326,0.0371420699131963,0.14448678675726734,0.25386346697109885,0.0,0.043478260869565216,1.7448482002815497,0.02217506046744418,-0.05520109869714603,-0.05399616904791056,"[0.022, -0.07, -0.01, 0.044, -0.055, -0.018, 0.076, -0.048, -0.068, -0.054]"
ES,GLOBEX,B0,46,TRQ10_TRV10,0,1953,0.06927134501914593,0.03815724106704674,0.1650144250890634,0.2658258941586565,0.0,0.043478260869565216,1.5932409354403565,0.02312012055155313,0.009147146988387655,0.011143303144545489,"[0.023, 0.039, 0.002, 0.016, 0.009, 0.005, 0.025, 0.034, 0.021, 0.011]"
ES,GLOBEX,B0,46,MEDRQ_MEDRV,2016,245,0.05755667152941899,0.025720183152100375,0.12096122913050628,0.16793956414440073,0.0,0.043478260869565216,1.323803445176637,-0.009295884165207413,0.057295992086092574,-0.01027824266598592,"[-0.009, 0.103, 0.089, -0.002, 0.057, 0.08, 0.052, 0.008, -0.014, -0.01]"
ES,GLOBEX,B0,46,MEDRQ_MEDRV,2017,243,0.06124576397913518,0.030028151801160627,0.12868746644546297,0.19250190124156147,0.0,0.043478260869565216,1.408652571520109,-0.02552823941051589,-0.08762010888893523,0.1306993723696276,"[-0.026, -0.013, -0.043, -0.034, -0.088, 0.037, -0.034, -0.012, -0.044, 0.131]"
ES,GLOBEX,B0,46,MEDRQ_MEDRV,2018,243,0.06218368135163123,0.03457016997782429,0.12870299849494016,0.168277894332514,0.0,0.043478260869565216,1.4302246710875184,0.09782270897703796,0.011794120502215902,0.009042321927574754,"[0.098, 0.086, -0.078, -0.006, 0.012, 0.039, 0.044, -0.003, -0.003, 0.009]"
ES,GLOBEX,B0,46,MEDRQ_MEDRV,2019,243,0.06169398347862734,0.03236577818997327,0.1235165974330818,0.16942581266475937,0.0,0.043478260869565216,1.418961620008429,-0.016977982656947603,0.006341101624581978,0.05120254498975695,"[-0.017, -0.024, -0.023, 0.112, 0.006, -0.029, -0.007, -0.023, 0.001, 0.051]"
ES,GLOBEX,B0,46,MEDRQ_MEDRV,2020,244,0.05306385908745067,0.025488362316773212,0.11435245849773386,0.17981924471141442,0.0,0.043478260869565216,1.2204687590113654,0.015648594242364217,0.04901252033891751,-0.02194566107476135,"[0.016, -0.091, 0.038, -0.011, 0.049, 0.109, 0.003, 0.051, -0.014, -0.022]"
ES,GLOBEX,B0,46,MEDRQ_MEDRV,2021,246,0.057065571471436725,0.03224182613761273,0.13083744474974152,0.17003111492397827,0.0,0.043478260869565216,1.3125081438430448,-0.0333327646152391,0.03289081483188036,-0.06525847042788464,"[-0.033, -0.086, -0.058, -0.06, 0.033, 0.02, 0.098, -0.046, -0.006, -0.065]"
ES,GLOBEX,B0,46,MEDRQ_MEDRV,2022,245,0.06162173242309209,0.03268252255674649,0.1432003196554316,0.2224253775638544,0.0,0.043478260869565216,1.4172998457311181,0.0177994197781856,0.10881633282378847,-0.03812969851122558,"[0.018, 0.074, 0.02, 0.039, 0.109, 0.054, -0.069, -0.086, -0.055, -0.038]"
ES,GLOBEX,B0,46,MEDRQ_MEDRV,2023,244,0.07029566702989054,0.03524754072464831,0.1539212119093552,0.21865058421775757,0.0,0.043478260869565216,1.6168003416874825,0.01584504223096104,-0.0017297747256326808,0.04984844642638238,"[0.016, 0.078, 0.011, -0.077, -0.002, -0.079, 0.11, 0.021, -0.065, 0.05]"
ES,GLOBEX,B0,46,MEDRQ_MEDRV,0,1953,0.060114466484855245,0.0320208775514065,0.13021431233110142,0.19674693963193005,0.0,0.043478260869565216,1.3826327291516707,0.038125839856444785,0.05321286506336611,0.04492105323591207,"[0.038, 0.044, 0.026, 0.028, 0.053, 0.059, 0.058, 0.016, 0.004, 0.045]"
ES,GLOBEX,B0,138,RQ_RV,2016,245,0.026095233657247353,0.015132488181593448,0.05738601784162501,0.08286718168585881,0.0,0.014492753623188406,1.8005711223500673,0.17395799311854393,0.11603581564497818,-0.03795988728419282,"[0.174, 0.028, 0.201, 0.099, 0.116, 0.051, 0.069, 0.196, 0.018, -0.038]"
ES,GLOBEX,B0,138,RQ_RV,2017,243,0.03005735144926221,0.02138912167749151,0.06797792710558201,0.1023199975685175,0.0,0.014492753623188406,2.0739572499990926,0.01886209599364184,-0.12181277629147201,0.05122639924386066,"[0.019, -0.012, -0.068, -0.002, -0.122, -0.013, -0.095, 0.079, -0.033, 0.051]"
ES,GLOBEX,B0,138,RQ_RV,2018,243,0.029570959285923317,0.013547252069792109,0.06289650778773498,0.10919800780269913,0.0,0.014492753623188406,2.0403961907287087,-0.0498111555177895,-0.08808926614087331,-0.0007959486069429331,"[-0.05, -0.057, -0.008, -0.014, -0.088, -0.118, 0.118, 0.08, -0.073, -0.001]"
ES,GLOBEX,B0,138,RQ_RV,2019,243,0.03139685078226032,0.020174479853229427,0.08838287746006507,0.16231674830695345,0.0,0.014492753623188406,2.1663827039759624,-0.031004538195634434,0.05575394364466662,-0.10775101862625439,"[-0.031, 0.075, 0.05, -0.065, 0.056, -0.011, 0.022, 0.068, 0.182, -0.108]"
ES,GLOBEX,B0,138,RQ_RV,2020,244,0.024457112104568125,0.014325463018651466,0.06676999476434663,0.10015781291183164,0.0,0.014492753623188406,1.6875407352152005,-0.05438137363494249,-0.05371707978590444,-0.03766558970956458,"[-0.054, -0.032, -0.001, 0.171, -0.054, 0.102, -0.013, 0.087, -0.007, -0.038]"
ES,GLOBEX,B0,138,RQ_RV,2021,246,0.028760503377463987,0.015082128929513262,0.06972019455848713,0.10079640868997027,0.0,0.014492753623188406,1.984474733045015,0.03319653055837373,0.12186140757216263,0.011483046131200332,"[0.033, -0.079, -0.012, 0.032, 0.122, -0.007, 0.025, 0.017, -0.058, 0.011]"
ES,GLOBEX,B0,138,RQ_RV,2022,245,0.02967702234093912,0.01583244276694448,0.08466731679214537,0.18372347232378483,0.004081632653061225,0.014492753623188406,2.0477145415247993,0.018610575199572762,-0.014878540542192332,0.07500380321685421,"[0.019, 0.051, 0.058, -0.022, -0.015, -0.034, -0.017, -0.021, -0.003, 0.075]"
ES,GLOBEX,B0,138,RQ_RV,2023,244,0.03288734602073072,0.018591158166066726,0.07769366002782851,0.12508174810638029,0.0,0.014492753623188406,2.26922687543042,-0.06705691370520185,-0.09571095828649902,0.04968680702633987,"[-0.067, -0.085, 0.064, 0.079, -0.096, -0.009, 0.035, 0.065, 0.02, 0.05]"
ES,GLOBEX,B0,138,RQ_RV,0,1953,0.029030009246750203,0.017477768490775206,0.0746543230932195,0.12300648080059363,0.0005120327700972862,0.014492753623188406,2.003070638025764,0.043548675457181295,0.02238184266534931,0.042777126339381584,"[0.044, 0.029, 0.07, 0.069, 0.022, 0.029, 0.045, 0.094, 0.049, 0.043]"
ES,GLOBEX,B0,138,TQ_BV,2016,245,0.022640524753338297,0.00911548018231145,0.049221097319534134,0.07393138475907904,0.0,0.014492753623188406,1.5621962079803424,0.0848053797184606,0.11296238455002347,0.012027862754181514,"[0.085, 0.096, 0.081, 0.044, 0.113, 0.069, -0.011, -0.009, 0.084, 0.012]"
ES,GLOBEX,B0,138,TQ_BV,2017,243,0.02531591397210137,0.01267594822651203,0.04985649193627039,0.07057143950451622,0.0,0.014492753623188406,1.7467980640749945,0.0156306311169639,0.03274858495943321,0.030158354115153285,"[0.016, 0.034, 0.069, 0.032, 0.033, 0.068, -0.098, -0.032, 0.002, 0.03]"
ES,GLOBEX,B0,138,TQ_BV,2018,243,0.025899002822157655,0.011688414611013956,0.045871274003169524,0.08233866957980054,0.0,0.014492753623188406,1.7870311947288782,0.00354451642920057,-0.02305203696136259,0.02781471631241864,"[0.004, 0.053, 0.01, 0.043, -0.023, 0.025, -0.055, 0.175, 0.04, 0.028]"
ES,GLOBEX,B0,138,TQ_BV,2019,243,0.025646669939997705,0.01234960508077131,0.05518675193141435,0.07593914353492218,0.0,0.014492753623188406,1.7696202258598417,-0.05143009529479958,0.04242282871519449,-0.10627553453182717,"[-0.051, 0.033, -0.083, -0.004, 0.042, -0.019, 0.045, -0.026, -0.023, -0.106]"
ES,GLOBEX,B0,138,TQ_BV,2020,244,0.021420476102169093,0.010249739711486298,0.046253317205605084,0.06114531598304877,0.0,0.014492753623188406,1.4780128510496675,-0.03078709618459634,0.04624050745438967,0.0445552545949455,"[-0.031, 0.031, 0.126, 0.082, 0.046, 0.048, 0.053, 0.087, 0.014, 0.045]"
ES,GLOBEX,B0,138,TQ_BV,2021,246,0.02450853897266624,0.012242976942350624,0.053833423730421714,0.0919167120349675,0.0,0.014492753623188406,1.6910891891139705,0.028514203504668344,-0.03118830734750705,0.050386345397449905,"[0.029, -0.08, 0.015, -0.037, -0.031, -0.009, 0.153, 0.082, -0.1, 0.05]"
ES,GLOBEX,B0,138,TQ_BV,2022,245,0.025017260080709564,0.01098214046008704,0.05433944046302791,0.07583457166052833,0.0,0.014492753623188406,1.72619094556896,0.030571168244568698,0.08432982129636572,0.06692866068094924,"[0.031, 0.086, 0.006, 0.069, 0.084, -0.014, 0.036, -0.045, -0.067, 0.067]"
ES,GLOBEX,B0,138,TQ_BV,2023,244,0.02716248204876983,0.012517651450422211,0.06079546982301028,0.07970786790954588,0.0,0.014492753623188406,1.8742112613651183,-0.013514917433361938,0.009389792783610384,0.00040760177814736285,"[-0.014, -0.054, -0.023, -0.022, 0.009, -0.014, 0.114, -0.05, 0.019, 0.0]"
ES,GLOBEX,B0,138,TQ_BV,0,1953,0.024653127583045536,0.011845498229150583,0.05312968179470088,0.07881551052476274,0.0,0.014492753623188406,1.701065803230142,0.04271557510149455,0.060967701992452494,0.04912295782588014,"[0.043, 0.051, 0.055, 0.054, 0.061, 0.05, 0.064, 0.047, 0.023, 0.049]"
ES,GLOBEX,B0,138,TRQ3_TRV3,2016,245,0.018381043504235594,0.003741105454945614,0.025372361819203295,0.03353555118516232,0.0,0.014492753623188406,1.2682920017922559,0.06494407235746492,0.15298919032167915,0.005311953626153687,"[0.065, 0.218, 0.119, 0.1, 0.153, 0.167, 0.004, 0.076, 0.166, 0.005]"
ES,GLOBEX,B0,138,TRQ3_TRV3,2017,243,0.018589465760821485,0.0037203798320713972,0.02484659471755392,0.02915099422957957,0.0,0.014492753623188406,1.2826731374966824,-0.061292661516579285,-0.011061798764946864,0.14187844556144233,"[-0.061, 0.036, -0.055, 0.072, -0.011, 0.011, -0.069, -0.006, 0.004, 0.142]"
ES,GLOBEX,B0,138,TRQ3_TRV3,2018,243,0.019409187147797314,0.0040653431109006,0.026188171068464033,0.033790977872208264,0.0,0.014492753623188406,1.3392339131980147,-0.0016305991631204344,0.07131577413802187,-0.005734544591865031,"[-0.002, 0.127, 0.049, 0.057, 0.071, -0.04, 0.106, 0.106, 0.023, -0.006]"
ES,GLOBEX,B0,138,TRQ3_TRV3,2019,243,0.01939750428655084,0.004167731336921512,0.027082799813447224,0.03413208798667846,0.0,0.014492753623188406,1.338427795772008,0.05229052162512265,0.05450771077120817,-0.031072930580715318,"[0.052, 0.007, -0.082, 0.056, 0.055, -0.051, -0.002, -0.06, 0.054, -0.031]"
ES,GLOBEX,B0,138,TRQ3_TRV3,2020,244,0.017504049687420586,0.004061195404879453,0.023233487194771234,0.027618928293760198,0.0,0.014492753623188406,1.2077794284320205,-0.03597551718105895,0.07527702455085021,0.007603058507301916,"[-0.036, 0.027, 0.14, 0.092, 0.075, 0.055, 0.054, 0.061, 0.011, 0.008]"
ES,GLOBEX,B0,138,TRQ3_TRV3,2021,246,0.01901438977747707,0.004448690616877537,0.02664357857045074,0.03300758892609106,0.0,0.014492753623188406,1.3119928946459176,0.016432771340050892,-0.07444553007869857,0.014187583606051256,"[0.016, -0.016, 0.03, -0.002, -0.074, 0.046, 0.03, 0.022, -0.083, 0.014]"
ES,GLOBEX,B0,138,TRQ3_TRV3,2022,245,0.019816273913360632,0.005105652632706736,0.02762825779424778,0.035362827685504944,0.0,0.014492753623188406,1.3673229000218836,0.0376970675735653,-0.04481670393517651,0.00364932817603427,"[0.038, 0.096, -0.011, 0.011, -0.045, 0.068, 0.016, -0.126, -0.06, 0.004]"
ES,GLOBEX,B0,138,TRQ3_TRV3,2023,244,0.020989124784601427,0.004720121449992631,0.03046944696810137,0.037429089476371344,0.0,0.014492753623188406,1.4482496101374984,0.00521102836844075,-0.020156937903442147,-0.04828801852386445,"[0.005, -0.016, -0.017, 0.064, -0.02, -0.04, 0.097, 0.045, 0.035, -0.048]"
ES,GLOBEX,B0,138,TRQ3_TRV3,0,1953,0.019139449560557797,0.004350399041920944,0.02712104583021196,0.034193098241512065,0.0,0.014492753623188406,1.320622019678488,0.08879783932990641,0.09391536120108304,0.0728561413160452,"[0.089, 0.128, 0.089, 0.126, 0.094, 0.097, 0.102, 0.081, 0.089, 0.073]"
ES,GLOBEX,B0,138,TRQ5_TRV5,2016,245,0.02443863301279728,0.009597827858662575,0.04112646731648639,0.0528750353424355,0.0,0.014492753623188406,1.6862656778830123,0.11294000492874974,0.18687888402733183,0.0754037334024869,"[0.113, 0.113, 0.145, 0.197, 0.187, 0.117, 0.072, 0.106, 0.067, 0.075]"
ES,GLOBEX,B0,138,TRQ5_TRV5,2017,243,0.02642497590800009,0.011237670945957595,0.04191806042300189,0.051581699529279455,0.0,0.014492753623188406,1.8233233376520064,-0.11135894508709464,-0.04175752886836273,-0.04616739977725365,"[-0.111, 0.056, -0.06, 0.006, -0.042, 0.052, 0.007, -0.011, -0.096, -0.046]"
ES,GLOBEX,B0,138,TRQ5_TRV5,2018,243,0.026464234820081898,0.009291268491561346,0.04036190868430653,0.050783735373577325,0.0,0.014492753623188406,1.826032202585651,-0.019445150284920738,0.06113693455044738,0.012872066953974673,"[-0.019, 0.098, 0.066, 0.03, 0.061, 0.102, -0.028, 0.107, 0.01, 0.013]"
ES,GLOBEX,B0,138,TRQ5_TRV5,2019,243,0.027261290719944823,0.01025256869789836,0.042021544265855,0.058851488719703096,0.0,0.014492753623188406,1.8810290596761927,0.0036072515197119247,0.02859709556756188,-0.01881570611813441,"[0.004, -0.014, -0.074, -0.007, 0.029, 0.044, -0.077, -0.046, 0.06, -0.019]"
ES,GLOBEX,B0,138,TRQ5_TRV5,2020,244,0.023274676116008215,0.008780899877228458,0.035409719586331934,0.040740513433324244,0.0,0.014492753623188406,1.6059526520045668,0.0466014004038035,-0.0648621764363212,-0.0018189243337063386,"[0.047, 0.08, 0.055, 0.108, -0.065, 0.143, -0.018, 0.027, -0.041, -0.002]"
ES,GLOBEX,B0,138,TRQ5_TRV5,2021,246,0.025917576366722213,0.00942767263094849,0.04036492636037945,0.05500501287100271,0.0,0.014492753623188406,1.7883127693038328,0.02088691967810884,-0.014084303631064063,0.046119471854720526,"[0.021, -0.051, 0.093, 0.054, -0.014, -0.035, 0.149, 0.081, -0.16, 0.046]"
ES,GLOBEX,B0,138,TRQ5_TRV5,2022,245,0.027921897614057917,0.00922929079017748,0.04310821012091629,0.06671439178819531,0.0,0.014492753623188406,1.9266109353699963,0.02522629691554345,-0.00851426176507418,0.04367541931531616,"[0.025, 0.128, 0.021, -0.039, -0.009, -0.073, -0.019, -0.091, -0.087, 0.044]"
ES,GLOBEX,B0,138,TRQ5_TRV5,2023,244,0.028580125757296793,0.011618027754864257,0.04933937582428705,0.07481409967893174,0.0,0.014492753623188406,1.9720286772534787,0.04632097890510567,0.0724575900583267,0.011137528659926645,"[0.046, -0.084, 0.022, 0.035, 0.072, 0.075, 0.049, -0.005, -0.039, 0.011]"
ES,GLOBEX,B0,138,TRQ5_TRV5,0,1953,0.026164039935408664,0.01015372846120029,0.042041186297563836,0.056734207820184714,0.0,0.014492753623188406,1.8053187555431978,0.07325786616938393,0.0781651046216719,0.06858748565358626,"[0.073, 0.087, 0.085, 0.097, 0.078, 0.097, 0.065, 0.069, 0.014, 0.069]"
ES,GLOBEX,B0,138,TRQ10_TRV10,2016,245,0.026095233657247353,0.015132488181593448,0.05738601784162501,0.08286718168585881,0.0,0.014492753623188406,1.8005711223500673,0.17395799311854393,0.11603581564497818,-0.03795988728419282,"[0.174, 0.028, 0.201, 0.099, 0.116, 0.051, 0.069, 0.196, 0.018, -0.038]"
ES,GLOBEX,B0,138,TRQ10_TRV10,2017,243,0.03005735144926221,0.02138912167749151,0.06797792710558201,0.1023199975685175,0.0,0.014492753623188406,2.0739572499990926,0.01886209599364184,-0.12181277629147201,0.05122639924386066,"[0.019, -0.012, -0.068, -0.002, -0.122, -0.013, -0.095, 0.079, -0.033, 0.051]"
ES,GLOBEX,B0,138,TRQ10_TRV10,2018,243,0.029559612527290648,0.013163135384247515,0.06122150070680638,0.09714468972164514,0.0,0.014492753623188406,2.0396132643830547,0.003400928364679158,-0.039971009726462496,-0.04735839411670802,"[0.003, -0.067, 0.019, 0.015, -0.04, -0.088, 0.111, 0.031, -0.033, -0.047]"
ES,GLOBEX,B0,138,TRQ10_TRV10,2019,243,0.03139685078226032,0.01970088987605563,0.08671433278342947,0.12687048896287897,0.0,0.014492753623188406,2.1663827039759624,-0.03334702939369034,0.049665476310118445,-0.10059859078862324,"[-0.033, 0.056, 0.019, -0.05, 0.05, -0.048, -0.001, 0.054, 0.212, -0.101]"
ES,GLOBEX,B0,138,TRQ10_TRV10,2020,244,0.024457112104568125,0.014325463018651466,0.06676999476434663,0.10015781291183164,0.0,0.014492753623188406,1.6875407352152005,-0.05438137363494249,-0.05371707978590444,-0.03766558970956458,"[-0.054, -0.032, -0.001, 0.171, -0.054, 0.102, -0.013, 0.087, -0.007, -0.038]"
ES,GLOBEX,B0,138,TRQ10_TRV10,2021,246,0.028760503377463987,0.015082128929513262,0.06972019455848713,0.10079640868997027,0.0,0.014492753623188406,1.984474733045015,0.03319653055837373,0.12186140757216263,0.011483046131200332,"[0.033, -0.079, -0.012, 0.032, 0.122, -0.007, 0.025, 0.017, -0.058, 0.011]"
ES,GLOBEX,B0,138,TRQ10_TRV10,2022,245,0.029649335566616572,0.015745416885859207,0.08163847050276517,0.15304567572777528,0.0,0.014492753623188406,2.0458041540965435,0.011572844285952419,-0.04155667248825917,0.09478458879443134,"[0.012, 0.054, 0.053, 0.016, -0.042, -0.071, 0.017, 0.016, -0.045, 0.095]"
ES,GLOBEX,B0,138,TRQ10_TRV10,2023,244,0.03288734602073072,0.018591158166066726,0.07642849443118128,0.11119294764694389,0.0,0.014492753623188406,2.26922687543042,-0.05755042142425608,-0.11116635814111253,0.03783458556459413,"[-0.058, -0.069, 0.032, 0.097, -0.111, -0.011, 0.023, 0.069, 0.023, 0.038]"
ES,GLOBEX,B0,138,TRQ10_TRV10,0,1953,0.029023770018831437,0.017426792278389773,0.07274229254629083,0.11356108057757662,0.0,0.014492753623188406,2.002640131299369,0.048967012040882406,0.02271978089268973,0.03910235394518759,"[0.049, 0.025, 0.062, 0.081, 0.023, 0.023, 0.046, 0.095, 0.051, 0.039]"
ES,GLOBEX,B0,138,MEDRQ_MEDRV,2016,245,0.022894707317739543,0.011233293688848428,0.058278658185250555,0.07498747051229171,0.0,0.014492753623188406,1.5797348049240285,0.17817546224978745,0.1603685342957361,0.018429118772497633,"[0.178, 0.129, 0.171, 0.027, 0.16, 0.092, 0.027, 0.053, 0.063, 0.018]"
ES,GLOBEX,B0,138,MEDRQ_MEDRV,2017,243,0.024478897986043673,0.012442258351744756,0.05711886003300814,0.0876048297479532,0.0,0.014492753623188406,1.6890439610370134,0.06257628167885111,-0.016128139456700802,0.050828792991520766,"[0.063, -0.016, -0.152, 0.068, -0.016, 0.124, -0.065, -0.018, 0.014, 0.051]"
ES,GLOBEX,B0,138,MEDRQ_MEDRV,2018,243,0.025045582923450656,0.011358764823555682,0.05733629525114753,0.09173403582062685,0.0,0.014492753623188406,1.7281452217180953,0.04684257931796637,0.04548929746028499,-0.0040299974621884685,"[0.047, -0.008, -0.011, 0.13, 0.045, -0.052, -0.015, 0.037, -0.02, -0.004]"
ES,GLOBEX,B0,138,MEDRQ_MEDRV,2019,243,0.025845122178096813,0.014352514694251535,0.0642240026715587,0.12116066643602366,0.0,0.014492753623188406,1.7833134302886802,0.052074209724365064,0.020172085216302867,-0.09963664673916427,"[0.052, -0.063, -0.102, 0.051, 0.02, -0.053, -0.026, -0.064, -0.009, -0.1]"
ES,GLOBEX,B0,138,MEDRQ_MEDRV,2020,244,0.02275402448631126,0.01165285449313505,0.04736250582897899,0.07064642478071374,0.0,0.014492753623188406,1.570027689555477,0.06503519135356935,-0.06263237040731831,0.011534206608750534,"[0.065, 0.036, 0.058, 0.065, -0.063, 0.013, 0.012, 0.126, -0.051, 0.012]"
ES,GLOBEX,B0,138,MEDRQ_MEDRV,2021,246,0.02549111880529989,0.013255918245028708,0.059405345760322734,0.09889891218239112,0.0,0.014492753623188406,1.7588871975656923,-0.025079886878321345,-0.03158175919691153,0.019209100513457332,"[-0.025, -0.014, 0.035, -0.003, -0.032, -0.041, 0.092, 0.002, -0.01, 0.019]"
ES,GLOBEX,B0,138,MEDRQ_MEDRV,2022,245,0.02751127753032006,0.014195858230072227,0.06475782877503061,0.09457140884397626,0.0,0.014492753623188406,1.898278149592084,-0.07289794450824545,0.08856623151277056,0.10155958132415982,"[-0.073, 0.074, -0.036, 0.004, 0.089, -0.067, -0.023, -0.051, -0.065, 0.102]"
ES,GLOBEX,B0,138,MEDRQ_MEDRV,2023,244,0.028559449483340604,0.013590661283647831,0.06645325285756096,0.11824876140367248,0.0,0.014492753623188406,1.9706020143505016,-0.024171983425975468,0.06424953525970196,-0.09359333411550805,"[-0.024, -0.064, 0.054, -0.025, 0.064, -0.053, -0.029, -0.026, 0.032, -0.094]"
ES,GLOBEX,B0,138,MEDRQ_MEDRV,0,1953,0.02548453767085858,0.013110468422613562,0.06131416653519076,0.10430055214600777,0.0,0.014492753623188406,1.7584330992892419,0.07051953421097214,0.06434917591588189,0.03534473722657287,"[0.071, 0.041, 0.03, 0.072, 0.064, 0.025, 0.03, 0.041, 0.034, 0.035]"
ES,GLOBEX,B0,345,RQ_RV,2016,245,0.012193698786674879,0.005995925221312587,0.030642976503133284,0.041662068640967345,0.0,0.005797101449275362,2.1034130407014167,0.10064048718290416,0.16091624175092442,0.016009330028257936,"[0.101, 0.217, 0.152, 0.077, 0.161, 0.129, 0.082, 0.121, 0.086, 0.016]"
ES,GLOBEX,B0,345,RQ_RV,2017,243,0.013483599270309265,0.006790484997362314,0.031004200563901144,0.05046973761508308,0.0,0.005797101449275362,2.3259208741283484,0.062322770757627495,-0.05919522649990968,0.13236335011694003,"[0.062, -0.059, 0.049, -0.059, -0.059, 0.081, -0.028, 0.027, 0.108, 0.132]"
ES,GLOBEX,B0,345,RQ_RV,2018,243,0.013355127199865733,0.006533950235003114,0.0339515096519516,0.05074227055565866,0.00411522633744856,0.005797101449275362,2.303759441976839,-0.0052314837788643796,0.04192659110066488,-0.006567518437078787,"[-0.005, -0.002, 0.05, -0.073, 0.042, -0.066, 0.061, 0.102, -0.07, -0.007]"
ES,GLOBEX,B0,345,RQ_RV,2019,243,0.01499375998788749,0.008752128244050385,0.05611518771637831,0.13160347791997706,0.012345679012345678,0.005797101449275362,2.586423597910592,-0.0028422863684303286,0.11034755524353776,-0.04914756712738,"[-0.003, 0.094, 0.073, -0.024, 0.11, -0.031, 0.028, 0.056, 0.142, -0.049]"
ES,GLOBEX,B0,345,RQ_RV,2020,244,0.012351548831841254,0.006541824025991225,0.0363772361132759,0.06171928446610667,0.0,0.005797101449275362,2.130642173492616,0.026268124128396905,-0.002289138056471075,-0.14900764789092172,"[0.026, -0.116, -0.047, 0.117, -0.002, 0.06, 0.045, 0.063, -0.039, -0.149]"
ES,GLOBEX,B0,345,RQ_RV,2021,246,0.013391188471835992,0.006677616451124647,0.042108666063000066,0.07006541692105442,0.0,0.005797101449275362,2.309980011391709,0.039726892691966026,0.08192541557175705,-0.08700366556073375,"[0.04, 0.113, -0.016, -0.019, 0.082, -0.033, 0.091, -0.068, -0.048, -0.087]"
ES,GLOBEX,B0,345,RQ_RV,2022,245,0.013700261691315234,0.007505622683488809,0.05266554266777089,0.26967048486474077,0.024489795918367346,0.005797101449275362,2.3632951417518777,-0.06111707591930751,-0.053295642513867175,0.015746547400532666,"[-0.061, 0.045, 0.097, -0.012, -0.053, 0.064, -0.019, -0.063, 0.009, 0.016]"
ES,GLOBEX,B0,345,RQ_RV,2023,244,0.01524984090226137,0.009408329955088144,0.04224706339947043,0.13270114506324057,0.00819672131147541,0.005797101449275362,2.6305975556400862,-0.14828449108901418,-0.000622951560456638,-0.00658041841291101,"[-0.148, 0.04, 0.007, -0.018, -0.001, -0.124, 0.082, -0.065, 0.02, -0.007]"
ES,GLOBEX,B0,345,RQ_RV,0,1953,0.013503655939260685,0.007340884175273439,0.04009299910302636,0.09373697240901854,0.006656426011264721,0.005797101449275362,2.3293806495224683,0.021732089416519447,0.06760486833911529,0.009934794142909736,"[0.022, 0.074, 0.082, 0.032, 0.068, 0.035, 0.065, 0.036, 0.056, 0.01]"
ES,GLOBEX,B0,345,TQ_BV,2016,245,0.010262751907517971,0.0041403350678486765,0.020757196489086017,0.03134126797630903,0.0,0.005797101449275362,1.77032470404685,0.11731440667643639,0.20351552147734545,0.058523501815914106,"[0.117, 0.133, 0.172, 0.163, 0.204, 0.1, 0.091, 0.082, 0.091, 0.059]"
ES,GLOBEX,B0,345,TQ_BV,2017,243,0.011921527121993587,0.005945671396362592,0.02479373590304277,0.04298544398885584,0.0,0.005797101449275362,2.0564634285438936,-0.025269305449522512,0.0468890037876924,0.09608840218340474,"[-0.025, 0.088, 0.023, 0.015, 0.047, 0.154, 0.003, 0.066, 0.041, 0.096]"
ES,GLOBEX,B0,345,TQ_BV,2018,243,0.011583553415915052,0.004457226809109075,0.019194695686640808,0.037537104034621044,0.0,0.005797101449275362,1.9981629642453465,-0.03236671102389697,0.0977097538785865,-0.006316526377487352,"[-0.032, -0.032, -0.055, 0.069, 0.098, 0.016, 0.053, -0.052, -0.004, -0.006]"
ES,GLOBEX,B0,345,TQ_BV,2019,243,0.011416243962548688,0.005353022363148347,0.029371154068792323,0.04449652673608561,0.0,0.005797101449275362,1.9693020835396486,0.010643694442644736,-0.018615578000017886,-0.09880127128835825,"[0.011, 0.074, -0.041, -0.009, -0.019, -0.043, 0.121, -0.006, 0.176, -0.099]"
ES,GLOBEX,B0,345,TQ_BV,2020,244,0.010342855742772862,0.0044001740209103895,0.021545090971508533,0.039959958301945375,0.0,0.005797101449275362,1.7841426156283187,0.05331316926683517,0.059078685436148144,-0.1031280178656231,"[0.053, -0.02, 0.06, 0.035, 0.059, 0.137, 0.054, 0.002, -0.015, -0.103]"
ES,GLOBEX,B0,345,TQ_BV,2021,246,0.011876863428845457,0.005466864573864421,0.02628557671218823,0.051920670910490095,0.0,0.005797101449275362,2.048758941475841,-0.051249457333346994,0.036547358997295096,-0.05595802404273423,"[-0.051, 0.026, -0.03, -0.018, 0.037, -0.076, 0.035, -0.014, -0.105, -0.056]"
ES,GLOBEX,B0,345,TQ_BV,2022,245,0.01211474926023887,0.005099799679781164,0.029634750006556458,0.05365114057829573,0.0,0.005797101449275362,2.089794247391205,-0.04714294960192564,0.006863514065023718,0.027407445829149384,"[-0.047, 0.036, -0.037, 0.025, 0.007, 0.054, 0.078, 0.085, -0.042, 0.027]"
ES,GLOBEX,B0,345,TQ_BV,2023,244,0.01293241764981622,0.005847518620704595,0.027826548249579232,0.06529262604551674,0.0,0.005797101449275362,2.230842044593298,-0.12027845321796293,0.002782156753800198,0.023790990361073957,"[-0.12, -0.06, -0.066, -0.029, 0.003, -0.057, -0.012, -0.007, -0.015, 0.024]"
ES,GLOBEX,B0,345,TQ_BV,0,1953,0.01147363035383335,0.0051013282376566604,0.025470712137276606,0.047004730684650727,0.0,0.005797101449275362,1.9792012360362528,0.025306848174998432,0.08232757240381566,0.029589407810502573,"[0.025, 0.067, 0.035, 0.063, 0.082, 0.063, 0.09, 0.061, 0.053, 0.03]"
ES,GLOBEX,B0,345,TRQ3_TRV3,2016,245,0.007407495438501575,0.0011246629658927003,0.009657705725546556,0.012014971787171027,0.0,0.005797101449275362,1.2777929631415217,0.10917589176327668,0.18390110873193347,-0.02216221566726826,"[0.109, 0.166, 0.135, 0.131, 0.184, 0.046, 0.034, 0.059, 0.048, -0.022]"
ES,GLOBEX,B0,345,TRQ3_TRV3,2017,243,0.0074577998159808265,0.001268246901600211,0.010229562110125351,0.011446811037021602,0.0,0.005797101449275362,1.2864704682566925,-0.05031381091524738,0.08324433318238146,0.03259434154595973,"[-0.05, 0.089, 0.003, -0.025, 0.083, -0.001, -0.002, 0.048, 0.034, 0.033]"
ES,GLOBEX,B0,345,TRQ3_TRV3,2018,243,0.007916578276988816,0.0013818737702949889,0.01093797771233348,0.012924198577997047,0.0,0.005797101449275362,1.3656097527805708,0.022687017721310782,0.08265464265947893,0.09055512211081362,"[0.023, 0.039, 0.082, 0.16, 0.083, 0.057, 0.194, 0.126, 0.057, 0.091]"
ES,GLOBEX,B0,345,TRQ3_TRV3,2019,243,0.00780878287503725,0.0013665006420835023,0.01023670589870775,0.012549216200470888,0.0,0.005797101449275362,1.3470150459439256,0.04676149779039597,0.05291373711242072,0.040264035755858636,"[0.047, 0.103, -0.048, 0.077, 0.053, -0.065, 0.071, -0.048, 0.071, 0.04]"
ES,GLOBEX,B0,345,TRQ3_TRV3,2020,244,0.007469930766855572,0.0013103612612475985,0.010089723574150342,0.012166234834578469,0.0,0.005797101449275362,1.2885630572825861,0.02440525011833545,0.057243139217273274,-0.0010834482813948778,"[0.024, 0.051, 0.125, 0.153, 0.057, 0.175, 0.077, 0.144, 0.059, -0.001]"
ES,GLOBEX,B0,345,TRQ3_TRV3,2021,246,0.007854648681329847,0.0015424388305315057,0.010690733492541009,0.013634198613557656,0.0,0.005797101449275362,1.3549268975293987,-0.006944856357140245,0.02935023890274994,-0.008017919115977198,"[-0.007, 0.073, -0.075, -0.118, 0.029, 0.015, -0.006, 0.063, -0.146, -0.008]"
ES,GLOBEX,B0,345,TRQ3_TRV3,2022,245,0.008211110337914839,0.0015301361443737687,0.011700700135334433,0.017724136607665093,0.0,0.005797101449275362,1.4164165332903098,0.0350185813572895,-0.028234140838496135,-0.05216050301240641,"[0.035, 0.137, -0.015, 0.072, -0.028, 0.04, 0.029, -0.058, 0.04, -0.052]"
ES,GLOBEX,B0,345,TRQ3_TRV3,2023,244,0.008504777542881335,0.00174906499679845,0.012174546923179895,0.01759163591088611,0.0,0.005797101449275362,1.4670741261470304,-0.09625588005868066,0.011054177519872256,-0.06367669201531732,"[-0.096, 0.033, -0.106, 0.021, 0.011, 0.016, 0.049, 0.025, 0.022, -0.064]"
ES,GLOBEX,B0,345,TRQ3_TRV3,0,1953,0.007815605384271593,0.0015106512372250157,0.010869135146635544,0.014884482938970399,0.0,0.005797101449275362,1.3481919287868498,0.09378682183014579,0.12941010206053108,0.08116011651792547,"[0.094, 0.164, 0.088, 0.141, 0.129, 0.117, 0.132, 0.12, 0.099, 0.081]"
ES,GLOBEX,B0,345,TRQ5_TRV5,2016,245,0.010334653167910662,0.0029603487286124237,0.014828475842283868,0.01963912101572533,0.0,0.005797101449275362,1.7827276714645892,0.08896095633529669,0.08948023492344713,-0.061887808885255156,"[0.089, 0.124, 0.091, 0.078, 0.089, 0.05, 0.021, 0.137, 0.063, -0.062]"
ES,GLOBEX,B0,345,TRQ5_TRV5,2017,243,0.011012376415139441,0.002702173273526962,0.016457155387347273,0.01993706296237944,0.0,0.005797101449275362,1.8996349316115535,0.059026585158639,-0.0007836236800268951,0.0028880106703771617,"[0.059, 0.038, -0.04, 0.049, -0.001, -0.011, 0.094, 0.064, 0.028, 0.003]"
ES,GLOBEX,B0,345,TRQ5_TRV5,2018,243,0.011289933640820524,0.0025358252260887816,0.014944908726258801,0.021016560305114167,0.0,0.005797101449275362,1.9475135530415404,-0.01261008606993445,0.161937945197272,0.08090533725908272,"[-0.013, 0.086, 0.087, 0.068, 0.162, 0.022, 0.088, 0.167, 0.052, 0.081]"
ES,GLOBEX,B0,345,TRQ5_TRV5,2019,243,0.011327105372995458,0.002953283346161746,0.016443953786575816,0.021522033400058066,0.0,0.005797101449275362,1.9539256768417164,0.09034649549833122,0.03650976693053927,-0.00044599105931102047,"[0.09, 0.051, -0.0, 0.02, 0.037, 0.035, 0.058, -0.023, 0.066, -0.0]"
ES,GLOBEX,B0,345,TRQ5_TRV5,2020,244,0.010400519504280475,0.0027275657843921393,0.015432237784668321,0.016912262486809868,0.0,0.005797101449275362,1.794089614488382,0.04433530095268146,0.11656852735198467,0.06412402953913476,"[0.044, 0.017, 0.079, 0.181, 0.117, 0.215, 0.095, 0.18, 0.075, 0.064]"
ES,GLOBEX,B0,345,TRQ5_TRV5,2021,246,0.011043145302989074,0.003165744961844708,0.01601704451489791,0.021463298431016048,0.0,0.005797101449275362,1.9049425647656153,0.022999143285499426,-0.08151311648027702,0.020450260751522377,"[0.023, 0.027, -0.043, -0.062, -0.082, 0.014, 0.059, 0.058, -0.112, 0.02]"
ES,GLOBEX,B0,345,TRQ5_TRV5,2022,245,0.01180355612538086,0.0028563288044707973,0.01671030335447291,0.02636779698216508,0.0,0.005797101449275362,2.0361134316281984,-0.03203370685462076,-0.06156058466214648,-0.04223865124326132,"[-0.032, 0.036, -0.042, -0.032, -0.062, -0.01, 0.152, -0.056, 0.006, -0.042]"
ES,GLOBEX,B0,345,TRQ5_TRV5,2023,244,0.011907302460003669,0.0031808313893808855,0.017903994118340528,0.027556383863808067,0.0,0.005797101449275362,2.054009674350633,-0.04270184998557398,0.039365696947944714,0.06704356384267439,"[-0.043, 0.042, -0.12, 0.027, 0.039, -0.027, 0.015, 0.04, -0.004, 0.067]"
ES,GLOBEX,B0,345,TRQ5_TRV5,0,1953,0.011147929748105847,0.0029949452674047916,0.01610777535425593,0.023748191999915264,0.0,0.005797101449275362,1.9230178815482586,0.08394909515260708,0.08143622786311264,0.07546338253563403,"[0.084, 0.107, 0.05, 0.095, 0.081, 0.094, 0.123, 0.117, 0.07, 0.075]"
ES,GLOBEX,B0,345,TRQ10_TRV10,2016,245,0.012193698786674879,0.005954659787336147,0.028752720113699212,0.035258641483859994,0.0,0.005797101449275362,2.1034130407014167,0.11266542682415649,0.19080279377228687,0.03210931860371007,"[0.113, 0.197, 0.16, 0.096, 0.191, 0.137, 0.088, 0.103, 0.093, 0.032]"
ES,GLOBEX,B0,345,TRQ10_TRV10,2017,243,0.013472387956694573,0.0064503857347046785,0.02796931814073305,0.036927262151807805,0.0,0.005797101449275362,2.323986922529814,0.03688550466394927,-0.05639730055151005,0.08644146894643372,"[0.037, -0.024, 0.056, -0.038, -0.056, 0.076, -0.018, 0.065, 0.066, 0.086]"
ES,GLOBEX,B0,345,TRQ10_TRV10,2018,243,0.013332456230194443,0.006014849906650931,0.02851638907249152,0.03858463445542919,0.0,0.005797101449275362,2.299848699708541,0.004078365279800214,0.09161782771304126,0.03665642517378884,"[0.004, 0.03, 0.042, 0.002, 0.092, -0.08, 0.071, 0.118, 0.044, 0.037]"
ES,GLOBEX,B0,345,TRQ10_TRV10,2019,243,0.014780660305316039,0.007024775197900429,0.03475503624811573,0.05406982764295552,0.0,0.005797101449275362,2.549663902667017,-0.013804829773642287,0.10710040470254643,-0.06290884355654447,"[-0.014, 0.059, 0.047, -0.031, 0.107, 0.006, 0.1, 0.03, 0.126, -0.063]"
ES,GLOBEX,B0,345,TRQ10_TRV10,2020,244,0.012351548831841254,0.006300665105334998,0.028829905452740834,0.039085856079333015,0.0,0.005797101449275362,2.130642173492616,0.047121780770717596,0.05014588667959244,-0.07582483516023573,"[0.047, -0.035, 0.008, 0.069, 0.05, 0.095, 0.093, -0.028, 0.006, -0.076]"
ES,GLOBEX,B0,345,TRQ10_TRV10,2021,246,0.013271713166305925,0.006284130353006262,0.031127205193425676,0.047468716494327524,0.0,0.005797101449275362,2.289370521187772,0.02362666047243648,-0.013564612793669505,-0.003074233635491219,"[0.024, 0.074, -0.039, -0.014, -0.014, -0.078, 0.099, -0.016, -0.013, -0.003]"
ES,GLOBEX,B0,345,TRQ10_TRV10,2022,245,0.013646178379290063,0.00655387865484435,0.03610298573004422,0.053742857606597444,0.0,0.005797101449275362,2.3539657704275356,-0.044974687681652914,-0.10090668082731205,0.008744369777426002,"[-0.045, 0.043, 0.01, 0.011, -0.101, 0.009, 0.02, 0.001, 0.064, 0.009]"
ES,GLOBEX,B0,345,TRQ10_TRV10,2023,244,0.01512146963331313,0.008968910850223107,0.035030154441806106,0.04625520051665128,0.0,0.005797101449275362,2.608453511746515,-0.12767561255257062,0.022607324029518667,0.03707032498721309,"[-0.128, 0.138, -0.105, -0.001, 0.023, -0.104, 0.072, -0.051, 0.034, 0.037]"
ES,GLOBEX,B0,345,TRQ10_TRV10,0,1953,0.013435012496783453,0.00665636447374901,0.0319631811841616,0.047225230188633456,0.0,0.005797101449275362,2.3175396556951458,0.034219193677067335,0.07235851547441284,0.03570966043656391,"[0.034, 0.092, 0.054, 0.047, 0.072, 0.034, 0.091, 0.054, 0.084, 0.036]"
ES,GLOBEX,B0,345,MEDRQ_MEDRV,2016,245,0.010527613516608473,0.003955253327141115,0.023794028325984217,0.031404250133435736,0.0,0.005797101449275362,1.8160133316149616,0.13148545741518797,0.1566843485364477,-0.07231501181563543,"[0.131, 0.127, 0.169, 0.153, 0.157, 0.092, 0.133, 0.073, 0.086, -0.072]"
ES,GLOBEX,B0,345,MEDRQ_MEDRV,2017,243,0.01104995739107343,0.004498081617572947,0.026468301006343193,0.0369613862717806,0.0,0.005797101449275362,1.9061176499601666,0.008872754675514263,0.029191314672422867,0.08808645475891846,"[0.009, -0.047, -0.04, 0.0, 0.029, -0.026, 0.026, 0.136, -0.055, 0.088]"
ES,GLOBEX,B0,345,MEDRQ_MEDRV,2018,243,0.01178504309607819,0.004513946577885879,0.022236963577274123,0.04048655442064751,0.0,0.005797101449275362,2.032919934073488,-0.05837988208549711,0.0001943478852661746,-0.019882741376327923,"[-0.058, -0.012, -0.074, -0.042, 0.0, 0.003, 0.047, 0.007, -0.035, -0.02]"
ES,GLOBEX,B0,345,MEDRQ_MEDRV,2019,243,0.01195368194381552,0.006910095961039937,0.028092132776425242,0.05087689628889036,0.0,0.005797101449275362,2.062010135308177,0.046673218328206624,0.028731813427327935,-0.12034392882148438,"[0.047, 0.089, 0.003, 0.043, 0.029, 0.026, 0.117, 0.017, 0.134, -0.12]"
ES,GLOBEX,B0,345,MEDRQ_MEDRV,2020,244,0.010971912846930896,0.005851706639017285,0.02541743761167072,0.04087181987638702,0.0,0.005797101449275362,1.8926549660955794,-0.0005027592803709621,0.04563347155136887,-0.005015106648041862,"[-0.001, -0.074, 0.048, 0.064, 0.046, 0.031, 0.037, 0.072, 0.07, -0.005]"
ES,GLOBEX,B0,345,MEDRQ_MEDRV,2021,246,0.01246367377522945,0.005968915515525251,0.027393206688748645,0.05794791571972656,0.0,0.005797101449275362,2.14998372622708,-0.14082159699308805,0.00857229087974094,-0.0710047925415938,"[-0.141, -0.014, -0.04, -0.114, 0.009, 0.074, 0.084, 0.041, -0.118, -0.071]"
ES,GLOBEX,B0,345,MEDRQ_MEDRV,2022,245,0.012702970839359503,0.005637196866222769,0.02755745658832778,0.04976896449237194,0.0,0.005797101449275362,2.1912624697895144,-0.03237563957674903,-0.014055492607910962,0.01861173511105243,"[-0.032, -0.001, 0.013, -0.037, -0.014, 0.035, 0.073, 0.024, 0.014, 0.019]"
ES,GLOBEX,B0,345,MEDRQ_MEDRV,2023,244,0.013157653444617556,0.00632633265408104,0.032493716517882236,0.06443655731306394,0.0,0.005797101449275362,2.2696952191965285,-0.05409657048411144,0.0045791007666419305,0.011019192537874012,"[-0.054, 0.026, -0.08, 0.0, 0.005, -0.053, 0.079, 0.051, 0.042, 0.011]"
ES,GLOBEX,B0,345,MEDRQ_MEDRV,0,1953,0.011799433350390798,0.005396169696193264,0.027240195247768818,0.046258016222206766,0.0,0.005797101449275362,2.0354022529424127,0.024359146248310773,0.0645052886879126,0.018498940360682652,"[0.024, 0.049, 0.033, 0.045, 0.065, 0.062, 0.11, 0.091, 0.056, 0.018]"
ES,GLOBEX,B0,1380,RQ_RV,2016,245,0.003267045312208658,0.001512014059527755,0.008251810304523677,0.017299824056160318,0.004081632653061225,0.0014492753623188406,2.254261265423974,0.015030863216234968,0.000950117351872818,-0.010756059314366257,"[0.015, -0.045, -0.008, -0.03, 0.001, -0.037, -0.059, 0.026, -0.059, -0.011]"
ES,GLOBEX,B0,1380,RQ_RV,2017,243,0.0034224753356077104,0.0016502410679631037,0.007803921788729063,0.010818755325324647,0.00411522633744856,0.0014492753623188406,2.36150798156932,0.02578058545286873,0.023583834607582066,0.01707086430401926,"[0.026, 0.007, -0.009, -0.081, 0.024, 0.003, 0.033, 0.007, 0.045, 0.017]"
ES,GLOBEX,B0,1380,RQ_RV,2018,243,0.0038252502361883177,0.0015364772419173885,0.010419603814728767,0.03143729034838664,0.00411522633744856,0.0014492753623188406,2.639422662969939,-0.02234765146210306,-0.006477297663269034,0.039741694802132625,"[-0.022, 0.02, 0.052, 0.043, -0.006, 0.034, 0.093, 0.003, -0.059, 0.04]"
ES,GLOBEX,B0,1380,RQ_RV,2019,243,0.0044026850007199275,0.0047994468838661805,0.02782713027910118,0.056527497799218604,0.0205761316872428,0.0014492753623188406,3.03785265049675,0.0850854541019788,0.09036770294814578,0.045053980192696484,"[0.085, 0.246, 0.088, 0.118, 0.09, 0.045, 0.028, -0.046, 0.11, 0.045]"
ES,GLOBEX,B0,1380,RQ_RV,2020,244,0.0037513676034435115,0.0019751841983706654,0.012908880396851325,0.03922072382188775,0.01639344262295082,0.0014492753623188406,2.5884436463760228,-0.07613299029857923,-0.11540401419951812,-0.12432175078025329,"[-0.076, -0.103, 0.021, 0.146, -0.115, -0.069, 0.071, 0.014, -0.089, -0.124]"
ES,GLOBEX,B0,1380,RQ_RV,2021,246,0.003874659330856402,0.0014559344028223812,0.011909310266603164,0.027884799524161733,0.008130081300813009,0.0014492753623188406,2.6735149382909174,-0.11605266596098042,0.06659464805324103,0.03201494855409739,"[-0.116, 0.021, -0.012, -0.004, 0.067, -0.029, 0.014, -0.066, 0.001, 0.032]"
ES,GLOBEX,B0,1380,RQ_RV,2022,245,0.004010550126847499,0.002502484894815575,0.02464347173860165,0.16227155831639228,0.0326530612244898,0.0014492753623188406,2.7672795875247744,-0.017833843160626216,0.030772287143036196,0.008748966321659331,"[-0.018, 0.015, 0.003, 0.006, 0.031, 0.024, -0.02, -0.092, 0.056, 0.009]"
ES,GLOBEX,B0,1380,RQ_RV,2023,244,0.004436173364945397,0.0027141292092264396,0.018462875091883244,0.06367332956990412,0.020491803278688523,0.0014492753623188406,3.060959621812324,-0.08674228050462818,0.0019596119261450747,-0.06782601838915724,"[-0.087, -0.015, -0.007, 0.009, 0.002, -0.07, 0.032, 0.029, 0.043, -0.068]"
ES,GLOBEX,B0,1380,RQ_RV,0,1953,0.003800490517975005,0.002060032994315187,0.014996077487804366,0.044416556863225994,0.014336917562724014,0.0014492753623188406,2.6223384574027535,0.048960358626263245,0.08244827387412842,0.05887027294111163,"[0.049, 0.103, 0.083, 0.1, 0.082, 0.057, 0.082, 0.035, 0.089, 0.059]"
ES,GLOBEX,B0,1380,TQ_BV,2016,245,0.0030408923598723185,0.0010834774005152293,0.006418178066738389,0.009587122490340853,0.0,0.0014492753623188406,2.0982157283119,0.0605542069794136,0.07677552701511191,0.007129576904985098,"[0.061, 0.089, 0.162, 0.086, 0.077, 0.071, 0.076, 0.177, 0.032, 0.007]"
ES,GLOBEX,B0,1380,TQ_BV,2017,243,0.0033768980777899847,0.0011917306556533036,0.0060007704131021635,0.010422717178170247,0.0,0.0014492753623188406,2.3300596736750894,0.06183045321726282,-0.01555455588910411,0.045959742126071734,"[0.062, -0.061, -0.071, -0.019, -0.016, -0.027, 0.105, -0.06, 0.079, 0.046]"
ES,GLOBEX,B0,1380,TQ_BV,2018,243,0.0033165170185082055,0.0012218162209152693,0.007230458533290716,0.011874903077372493,0.0,0.0014492753623188406,2.288396742770662,-0.08372420234182898,-0.013698900870648132,-0.015723315769581702,"[-0.084, -0.046, 0.069, 0.009, -0.014, 0.011, 0.105, -0.034, -0.004, -0.016]"
ES,GLOBEX,B0,1380,TQ_BV,2019,243,0.003395563635933053,0.001891456966810117,0.010026824360579747,0.019616279720982586,0.00411522633744856,0.0014492753623188406,2.3429389087938066,0.02164597578277691,0.07619004876054998,-0.10215371381369141,"[0.022, 0.151, 0.047, 0.024, 0.076, -0.022, -0.008, 0.026, 0.07, -0.102]"
ES,GLOBEX,B0,1380,TQ_BV,2020,244,0.0030389590900500273,0.0012925772183629207,0.007658894499681359,0.017519391929477112,0.0,0.0014492753623188406,2.0968817721345188,0.011635428090360323,-0.04299594475944359,-0.08493527728169264,"[0.012, -0.063, 0.154, 0.062, -0.043, 0.04, 0.016, 0.099, -0.013, -0.085]"
ES,GLOBEX,B0,1380,TQ_BV,2021,246,0.0034903170119243918,0.0014637097451655028,0.008324626034783076,0.01331201799927252,0.0,0.0014492753623188406,2.4083187382278304,-0.09564797689521752,0.04030253232382258,-0.021143232370908607,"[-0.096, -0.022, -0.017, -0.012, 0.04, -0.054, 0.042, -0.01, -0.064, -0.021]"
ES,GLOBEX,B0,1380,TQ_BV,2022,245,0.003486628972306739,0.0014116682465693713,0.010431517083880128,0.022837667461354304,0.004081632653061225,0.0014492753623188406,2.40577399089165,-0.030252790327369036,0.01853548117454541,-0.01263840008196368,"[-0.03, 0.089, -0.087, 0.065, 0.019, 0.064, 0.015, -0.048, 0.063, -0.013]"
ES,GLOBEX,B0,1380,TQ_BV,2023,244,0.003688279750573973,0.001571119690188901,0.011364791275038411,0.01789595227484184,0.004098360655737705,0.0014492753623188406,2.5449130278960412,-0.06101632195986309,0.06697384044632183,-0.04056335901070112,"[-0.061, -0.05, -0.052, 0.014, 0.067, -0.039, 0.011, -0.051, 0.038, -0.041]"
ES,GLOBEX,B0,1380,TQ_BV,0,1953,0.00334254933833391,0.0013881944521800835,0.008521468445557692,0.015455615176207515,0.002560163850486431,0.0014492753623188406,2.306359043450398,0.02490486550584287,0.07158740653398295,-0.0001086519120506577,"[0.025, 0.06, 0.057, 0.075, 0.072, 0.046, 0.07, 0.046, 0.062, -0.0]"
ES,GLOBEX,B0,1380,TRQ3_TRV3,2016,245,0.0017778629517904057,0.00022762497372722087,0.002137932529190054,0.0025807200367734427,0.0,0.0014492753623188406,1.22672543673538,0.1268696798500611,-0.013965492667371295,-0.02444998845746758,"[0.127, 0.146, 0.095, 0.085, -0.014, -0.048, -0.022, -0.029, 0.019, -0.024]"
ES,GLOBEX,B0,1380,TRQ3_TRV3,2017,243,0.001736340576837113,0.00026215760117549356,0.0021774844949623137,0.0024573331401328033,0.0,0.0014492753623188406,1.198074998017608,0.27069510312018036,0.07422597977945539,0.03100291341701417,"[0.271, 0.161, 0.06, 0.073, 0.074, 0.019, 0.001, 0.01, 0.006, 0.031]"
ES,GLOBEX,B0,1380,TRQ3_TRV3,2018,243,0.0019669572710129543,0.00034444192563692975,0.002489003925887738,0.002775338692915656,0.0,0.0014492753623188406,1.3572005169989385,0.18825961760501023,0.1755817955428698,0.11412073218868497,"[0.188, 0.179, 0.234, 0.187, 0.176, 0.159, 0.211, 0.165, 0.162, 0.114]"
ES,GLOBEX,B0,1380,TRQ3_TRV3,2019,243,0.0018776111828364718,0.0002801256355432261,0.0023236995636280815,0.003079452322754042,0.0,0.0014492753623188406,1.2955517161571655,0.20037101268152857,0.02052417729775988,0.006673342308195449,"[0.2, 0.085, 0.006, 0.082, 0.021, -0.02, 0.061, -0.023, 0.04, 0.007]"
ES,GLOBEX,B0,1380,TRQ3_TRV3,2020,244,0.0018620125492883623,0.00027472831494777025,0.0024324196707641156,0.0028684694727814605,0.0,0.0014492753623188406,1.2847886590089699,0.05862741148908646,0.10194813122140042,0.0018922749185573203,"[0.059, 0.051, 0.243, 0.147, 0.102, 0.122, 0.088, 0.155, 0.072, 0.002]"
ES,GLOBEX,B0,1380,TRQ3_TRV3,2021,246,0.0019193822507851763,0.00031843021828746815,0.0025229318880431893,0.003004206948315861,0.0,0.0014492753623188406,1.3243737530417716,-0.07277067070972743,0.05817202010197607,0.0011741862273085802,"[-0.073, 0.004, -0.038, -0.063, 0.058, 0.025, 0.022, 0.033, -0.12, 0.001]"
ES,GLOBEX,B0,1380,TRQ3_TRV3,2022,245,0.002032429332438706,0.000311074840037137,0.002719265560465168,0.0039064395647043035,0.0,0.0014492753623188406,1.402376239382707,0.06964418034509885,0.053414765033314944,-0.0389015615210799,"[0.07, 0.113, 0.029, 0.021, 0.053, 0.123, 0.047, -0.076, 0.016, -0.039]"
ES,GLOBEX,B0,1380,TRQ3_TRV3,2023,244,0.002092287701610427,0.00034638390920965897,0.002843102840868151,0.0035921443457520618,0.0,0.0014492753623188406,1.4436785141111945,-0.007804208771749306,0.06382944630536881,-0.018843953473322038,"[-0.008, 0.023, -0.08, -0.003, 0.064, -0.013, 0.035, -0.082, -0.012, -0.019]"
ES,GLOBEX,B0,1380,TRQ3_TRV3,0,1953,0.0019097583234403402,0.00033220492810500843,0.0025277617785774307,0.003223374164385231,0.0,0.0014492753623188406,1.3177332431738347,0.2785666466799667,0.25320165477544376,0.19598072239065253,"[0.279, 0.27, 0.246, 0.247, 0.253, 0.241, 0.245, 0.208, 0.208, 0.196]"
ES,GLOBEX,B0,1380,TRQ5_TRV5,2016,245,0.002484452252540646,0.0004210079876214999,0.003356008704434933,0.004103147338672517,0.0,0.0014492753623188406,1.7142720542530456,0.17757613736130878,-0.06300880627263086,-0.07544044315756367,"[0.178, 0.185, 0.078, -0.052, -0.063, 0.014, -0.076, -0.066, -0.015, -0.075]"
ES,GLOBEX,B0,1380,TRQ5_TRV5,2017,243,0.0024487970746444247,0.0004923300270307397,0.0033285740278770353,0.0036794618066798078,0.0,0.0014492753623188406,1.689669981504653,0.20668405211488408,0.049841747636606884,0.028667056286330605,"[0.207, 0.109, 0.023, 0.086, 0.05, 0.001, 0.066, -0.08, 0.027, 0.029]"
ES,GLOBEX,B0,1380,TRQ5_TRV5,2018,243,0.0028151565437641237,0.0005441803934051327,0.003644434548593351,0.004294119080908519,0.0,0.0014492753623188406,1.9424580151972453,0.20004753424944377,0.16272289282533067,0.0632822824098977,"[0.2, 0.112, 0.111, 0.203, 0.163, 0.07, 0.149, 0.121, 0.083, 0.063]"
ES,GLOBEX,B0,1380,TRQ5_TRV5,2019,243,0.0026896803084928457,0.0004897175711794078,0.0034890697648467545,0.00434407968404819,0.0,0.0014492753623188406,1.8558794128600635,0.10422761655632472,-0.0047422563785582015,-0.026880787075577266,"[0.104, 0.034, 0.009, 0.073, -0.005, 0.021, 0.078, 0.051, 0.097, -0.027]"
ES,GLOBEX,B0,1380,TRQ5_TRV5,2020,244,0.0026777085777511195,0.00048367046348030346,0.003631716184949907,0.004186485700956916,0.0,0.0014492753623188406,1.8476189186482725,0.11299086122602676,0.137920157247213,-0.025527702661051234,"[0.113, 0.074, 0.268, 0.194, 0.138, 0.17, 0.094, 0.154, 0.148, -0.026]"
ES,GLOBEX,B0,1380,TRQ5_TRV5,2021,246,0.002774216883573876,0.0005560990465636839,0.0038223036553945463,0.004593586740345268,0.0,0.0014492753623188406,1.9142096496659744,0.042134675154359556,0.06886455861852855,0.005358572141179556,"[0.042, 0.012, -0.076, -0.056, 0.069, 0.026, 0.021, -0.016, -0.121, 0.005]"
ES,GLOBEX,B0,1380,TRQ5_TRV5,2022,245,0.002921092091225809,0.000631649753368841,0.0041242365224688875,0.0056595347989978895,0.0,0.0014492753623188406,2.0155535429458085,0.08674511377075021,0.05017089374875631,-0.07842281670170231,"[0.087, 0.054, -0.031, -0.035, 0.05, 0.131, 0.066, -0.055, -0.004, -0.078]"
ES,GLOBEX,B0,1380,TRQ5_TRV5,2023,244,0.003016367674626986,0.0006576603649250607,0.004487410001879028,0.005846261450881759,0.0,0.0014492753623188406,2.0812936954926204,-0.03935843252237377,0.07626006373553915,-0.01685824410508715,"[-0.039, -0.037, -0.111, -0.015, 0.076, 0.006, 0.036, -0.068, -0.043, -0.017]"
ES,GLOBEX,B0,1380,TRQ5_TRV5,0,1953,0.0027116960694212487,0.0005828607362676186,0.0037395282179868727,0.00518589476565071,0.0,0.0014492753623188406,1.8710702879006615,0.23302275347036686,0.19787001400365833,0.12670551766036775,"[0.233, 0.197, 0.163, 0.185, 0.198, 0.194, 0.193, 0.143, 0.154, 0.127]"
ES,GLOBEX,B0,1380,TRQ10_TRV10,2016,245,0.003188039114891471,0.0012169525728720266,0.006142708941067176,0.007638618182489789,0.0,0.0014492753623188406,2.199746989275115,0.001559438775384562,0.015683174645737544,-0.025819883676520997,"[0.002, 0.099, 0.043, -0.003, 0.016, 0.027, 0.069, 0.03, 0.019, -0.026]"
ES,GLOBEX,B0,1380,TRQ10_TRV10,2017,243,0.003361082192620895,0.001251712955998679,0.005880973855476915,0.00798551626710025,0.0,0.0014492753623188406,2.3191467129084176,0.10037561787403701,0.03309331141685963,0.06528019931367492,"[0.1, 0.039, -0.054, -0.025, 0.033, 0.02, 0.077, -0.002, 0.019, 0.065]"
ES,GLOBEX,B0,1380,TRQ10_TRV10,2018,243,0.0037343199376362398,0.0012770829648682909,0.005922732909839897,0.008257764849268337,0.0,0.0014492753623188406,2.5766807569690053,-0.02407629616746774,0.044927224266819485,0.053513563839007745,"[-0.024, -0.002, 0.074, 0.037, 0.045, -0.148, 0.033, 0.008, -0.026, 0.054]"
ES,GLOBEX,B0,1380,TRQ10_TRV10,2019,243,0.003947970543231263,0.0018763754893250393,0.007524485566050817,0.010694338312327531,0.0,0.0014492753623188406,2.7240996748295716,0.045082454490311376,0.020156693960106317,-0.043192656978435405,"[0.045, 0.097, 0.007, -0.001, 0.02, 0.003, 0.062, -0.014, 0.087, -0.043]"
ES,GLOBEX,B0,1380,TRQ10_TRV10,2020,244,0.0036463340353917175,0.0015595704478798128,0.00685206500796463,0.009534042188919333,0.0,0.0014492753623188406,2.515970484420285,0.01776927347419203,0.05376481801522854,-0.04827009587644423,"[0.018, -0.011, 0.11, 0.136, 0.054, 0.095, 0.112, 0.043, -0.014, -0.048]"
ES,GLOBEX,B0,1380,TRQ10_TRV10,2021,246,0.0038254412487785487,0.0012607116261859415,0.006432541525213106,0.010838809820902363,0.0,0.0014492753623188406,2.6395544616571986,-0.08199304778615878,0.01651220895252826,-0.03351069138512855,"[-0.082, 0.01, -0.01, 0.054, 0.017, 0.065, -0.005, 0.085, -0.049, -0.034]"
ES,GLOBEX,B0,1380,TRQ10_TRV10,2022,245,0.0038649045837530187,0.001444168989709724,0.007138825344662839,0.011085795298289696,0.0,0.0014492753623188406,2.666784162789583,0.09682445692946724,-0.022723855950112386,-0.06016892485670682,"[0.097, 0.039, -0.108, 0.008, -0.023, -0.002, 0.042, -0.03, -0.007, -0.06]"
ES,GLOBEX,B0,1380,TRQ10_TRV10,2023,244,0.004098257858775336,0.0018831111528260593,0.007454283729934909,0.011041201510819363,0.0,0.0014492753623188406,2.8277979225549816,-0.03581858303433767,0.10364642130117059,0.02190359395067592,"[-0.036, -0.045, -0.036, -0.045, 0.104, 0.002, -0.011, -0.055, -0.031, 0.022]"
ES,GLOBEX,B0,1380,TRQ10_TRV10,0,1953,0.003697087831316274,0.0015164767656390575,0.006731497624035219,0.009708719651959232,0.0,0.0014492753623188406,2.550990603608229,0.08960321897801285,0.09997591208997716,0.05387004589072171,"[0.09, 0.096, 0.065, 0.085, 0.1, 0.081, 0.112, 0.068, 0.068, 0.054]"
ES,GLOBEX,B0,1380,MEDRQ_MEDRV,2016,245,0.002746039951260224,0.0010644887751497145,0.0065620572883079735,0.01099540580569111,0.004081632653061225,0.0014492753623188406,1.8947675663695545,-0.044976048515371736,-0.011392693043529635,-0.08141122216516723,"[-0.045, -0.015, 0.021, 0.008, -0.011, -0.032, 0.068, -0.006, -0.017, -0.081]"
ES,GLOBEX,B0,1380,MEDRQ_MEDRV,2017,243,0.0027479446992229586,0.0010367644005220963,0.004992003755897211,0.009026750348572561,0.00411522633744856,0.0014492753623188406,1.8960818424638415,0.0778537556179532,0.02610333260439646,0.11343033916249944,"[0.078, -0.032, -0.034, 0.063, 0.026, -0.02, 0.061, -0.037, 0.023, 0.113]"
ES,GLOBEX,B0,1380,MEDRQ_MEDRV,2018,243,0.003234724438294235,0.0012329700076977096,0.006928959162796655,0.016533271938508433,0.00411522633744856,0.0014492753623188406,2.231959862423022,-0.007074544689932511,-0.017980327278434193,-0.02545969818305031,"[-0.007, -0.062, 0.099, 0.019, -0.018, -0.002, 0.17, -0.032, -0.016, -0.025]"
ES,GLOBEX,B0,1380,MEDRQ_MEDRV,2019,243,0.0032796292043874293,0.0017877738320313842,0.010847433931145919,0.02686515166390036,0.00411522633744856,0.0014492753623188406,2.2629441510273263,0.07719334756709419,0.05138475303801111,-0.09049960222297002,"[0.077, 0.142, 0.017, 0.039, 0.051, 0.03, 0.028, 0.045, 0.126, -0.09]"
ES,GLOBEX,B0,1380,MEDRQ_MEDRV,2020,244,0.003086351780259263,0.0015064925352654308,0.008286607559425131,0.021595740873033925,0.0,0.0014492753623188406,2.1295827283788915,0.04872469387483481,-0.08714857482203145,-0.08885308319879123,"[0.049, -0.018, 0.159, 0.099, -0.087, -0.07, 0.033, 0.039, -0.056, -0.089]"
ES,GLOBEX,B0,1380,MEDRQ_MEDRV,2021,246,0.0034057350603944967,0.001396617124447567,0.006585974346020982,0.012749935982970606,0.0,0.0014492753623188406,2.349957191672203,-0.06141929889089139,0.05965543598539007,-0.010862224264937754,"[-0.061, -0.04, -0.032, 0.016, 0.06, -0.002, 0.046, -0.023, -0.066, -0.011]"
ES,GLOBEX,B0,1380,MEDRQ_MEDRV,2022,245,0.0035328029154724446,0.0013800104545752018,0.009028382222524833,0.01927263685681563,0.004081632653061225,0.0014492753623188406,2.437634011675987,4.85408654468526e-05,-0.005982345829336723,0.05165850036663382,"[0.0, 0.06, -0.1, -0.015, -0.006, 0.008, -0.008, -0.062, 0.026, 0.052]"
ES,GLOBEX,B0,1380,MEDRQ_MEDRV,2023,244,0.003656755159648027,0.001718816652648347,0.010340520652110283,0.02966928330866735,0.00819672131147541,0.0014492753623188406,2.5231610601571384,-0.07647893156306451,0.04186279506551634,-0.021836182426108706,"[-0.076, -0.056, -0.066, 0.007, 0.042, -0.013, 0.045, -0.045, -0.012, -0.022]"
ES,GLOBEX,B0,1380,MEDRQ_MEDRV,0,1953,0.0032210159036894326,0.0014653326911740617,0.007945515874907279,0.020107810806866293,0.0035842293906810036,0.0014492753623188406,2.2225009735457086,0.06877054277541497,0.06937390599469022,0.03245893244170186,"[0.069, 0.069, 0.068, 0.095, 0.069, 0.052, 0.107, 0.051, 0.065, 0.032]"
ES,GLOBEX,B1,23,RQ_RV,2016,245,0.1106901181522803,0.06217196696641984,0.22876041643232775,0.30587169612341636,0.0,0.08695652173913043,1.2729363587512235,-0.06409414111633643,-0.020602209273671318,-0.007055433655432779,"[-0.064, 0.083, 0.052, 0.021, -0.021, 0.041, 0.032, 0.071, 0.108, -0.007]"
ES,GLOBEX,B1,23,RQ_RV,2017,243,0.11603725773080938,0.06565461909960088,0.23390500212237736,0.29490748643563874,0.0,0.08695652173913043,1.3344284639043078,-0.06498875587789614,-0.01395975515981159,-0.019416867700345005,"[-0.065, 0.047, -0.117, 0.03, -0.014, 0.064, -0.037, 0.06, -0.043, -0.019]"
ES,GLOBEX,B1,23,RQ_RV,2018,243,0.12017105124348539,0.06878986820876584,0.25187328142683446,0.340862061137701,0.0,0.08695652173913043,1.381967089300082,0.00906135327982904,0.015722865889799088,0.0034671050771379157,"[0.009, -0.012, -0.022, 0.002, 0.016, -0.089, -0.012, 0.123, -0.061, 0.003]"
ES,GLOBEX,B1,23,RQ_RV,2019,243,0.1108441394395697,0.06241826801308034,0.2776171477092614,0.42523145376938637,0.0,0.08695652173913043,1.2747076035550515,-0.048407838833453704,0.11671058823234506,-0.017721722595657012,"[-0.048, -0.019, 0.049, -0.042, 0.117, -0.079, -0.015, 0.028, 0.094, -0.018]"
ES,GLOBEX,B1,23,RQ_RV,2020,244,0.10581448044192415,0.06295826146583261,0.23010266472978103,0.336581866213751,0.0,0.08695652173913043,1.2168665250821278,-0.02074716241116009,0.036158148358630175,0.011926217994494108,"[-0.021, 0.056, 0.079, 0.02, 0.036, 0.024, -0.083, 0.091, 0.001, 0.012]"
ES,GLOBEX,B1,23,RQ_RV,2021,246,0.11409541312196891,0.057264436882993874,0.2653709061654943,0.40171199170024235,0.0,0.08695652173913043,1.3120972509026425,0.08888877544957903,0.0765803491774339,-0.014781934245891633,"[0.089, -0.033, -0.029, -0.098, 0.077, 0.115, 0.095, -0.03, -0.072, -0.015]"
ES,GLOBEX,B1,23,RQ_RV,2022,245,0.11559655917588578,0.08523761143771057,0.28508373932388537,0.38909250459243055,0.0,0.08695652173913043,1.3293604305226865,-0.13277545799595517,0.07354254540077926,0.04767219343598954,"[-0.133, 0.074, 0.034, -0.064, 0.074, -0.079, 0.05, 0.053, -0.008, 0.048]"
ES,GLOBEX,B1,23,RQ_RV,2023,244,0.12829134759664695,0.06913169104968162,0.3093990881875741,0.4433385569466458,0.0,0.08695652173913043,1.47535049736144,0.03089887388373366,-0.056974202375358704,-0.06982742173448207,"[0.031, -0.086, 0.102, -0.118, -0.057, 0.011, 0.01, -0.096, -0.07, -0.07]"
ES,GLOBEX,B1,23,RQ_RV,0,1953,0.11525218990450849,0.06763639318466394,0.2639660464115804,0.3894522048615905,0.0,0.08695652173913043,1.3254001839018477,-0.006871836054195682,0.0493851314341632,0.005501854953786031,"[-0.007, 0.029, 0.043, -0.007, 0.049, 0.016, 0.019, 0.056, 0.015, 0.006]"
ES,GLOBEX,B1,23,TQ_BV,2016,245,0.09023935089112645,0.03771233525920535,0.16770501811984895,0.19854378007892762,0.0,0.08695652173913043,1.0377525352479542,0.06938417058563966,0.01530111513067202,-0.01232204606937112,"[0.069, -0.095, 0.017, 0.048, 0.015, -0.046, 0.049, -0.021, -0.112, -0.012]"
ES,GLOBEX,B1,23,TQ_BV,2017,243,0.09469513801721664,0.05193262070561269,0.18048741895909393,0.2063065167978422,0.0,0.08695652173913043,1.0889940871979915,-0.019396514078020895,0.05854002500085712,-0.11429012418395777,"[-0.019, 0.115, 0.039, -0.014, 0.059, -0.028, -0.099, -0.058, -0.086, -0.114]"
ES,GLOBEX,B1,23,TQ_BV,2018,243,0.09800895901876511,0.05206209756476246,0.17912005313698567,0.24593388170098834,0.0,0.08695652173913043,1.1271030287157988,-0.1226520217778,0.10251972664310981,0.029401041586806242,"[-0.123, 0.017, -0.059, -0.095, 0.103, -0.032, 0.052, -0.096, 0.039, 0.029]"
ES,GLOBEX,B1,23,TQ_BV,2019,243,0.09555773625263966,0.051793312569555036,0.17103848900090665,0.21021747764078022,0.0,0.08695652173913043,1.0989139669053563,0.004412640651875231,-0.07028517174197536,-0.12890564284235936,"[0.004, 0.087, 0.062, 0.115, -0.07, 0.017, -0.062, -0.101, -0.06, -0.129]"
ES,GLOBEX,B1,23,TQ_BV,2020,244,0.08338329964789573,0.03786621898921477,0.14498262046790858,0.1864363101467348,0.0,0.08695652173913043,0.958907945950801,-0.11825323005495496,-0.07732296119307527,0.09304026838467232,"[-0.118, 0.077, -0.087, 0.134, -0.077, 0.052, -0.007, 0.099, -0.071, 0.093]"
ES,GLOBEX,B1,23,TQ_BV,2021,246,0.08706735075752305,0.04642121321329254,0.16974365092976018,0.20534264204694233,0.0,0.08695652173913043,1.001274533711515,-0.00399563393192151,0.014748800428239109,-0.03969040503528301,"[-0.004, 0.069, 0.071, -0.002, 0.015, 0.088, 0.092, -0.047, 0.029, -0.04]"
ES,GLOBEX,B1,23,TQ_BV,2022,245,0.09543378934852843,0.05055123001074907,0.2049392381740946,0.2543656167861788,0.0,0.08695652173913043,1.097488577508077,-0.01637050746519574,-0.03435153212902147,0.046630424350427344,"[-0.016, -0.049, -0.09, 0.082, -0.034, -0.089, 0.04, 0.002, -0.019, 0.047]"
ES,GLOBEX,B1,23,TQ_BV,2023,244,0.11017098493622357,0.058139516218350076,0.21711585108831818,0.2609802266569427,0.0,0.08695652173913043,1.2669663267665712,0.13640630356796757,-0.021210789289405275,0.09820244314124717,"[0.136, -0.13, -0.055, -0.026, -0.021, 0.071, 0.039, -0.038, -0.105, 0.098]"
ES,GLOBEX,B1,23,TQ_BV,0,1953,0.0933878361695655,0.04984490146725799,0.17885005716275645,0.24576212068593592,0.0,0.08695652173913043,1.0739601159500034,0.02690303893125526,0.040509629439622025,0.0222303112387987,"[0.027, 0.04, 0.022, 0.065, 0.041, 0.03, 0.048, 0.002, -0.016, 0.022]"
ES,GLOBEX,B1,23,TRQ3_TRV3,2016,245,0.09404070285249855,0.03783759043112861,0.16439154839656148,0.22586781395202216,0.0,0.08695652173913043,1.0814680828037333,0.01430310746929054,0.09638174758079737,0.1233525631723945,"[0.014, 0.053, 0.16, -0.007, 0.096, 0.074, 0.071, 0.054, -0.01, 0.123]"
ES,GLOBEX,B1,23,TRQ3_TRV3,2017,243,0.09998182734182577,0.03867031762433969,0.16424279356893348,0.20307220506903853,0.0,0.08695652173913043,1.1497910144309964,-0.1311979458410001,0.03315182660036635,-0.12393802507417419,"[-0.131, -0.038, -0.026, 0.072, 0.033, -0.05, 0.033, 0.048, 0.006, -0.124]"
ES,GLOBEX,B1,23,TRQ3_TRV3,2018,243,0.1021673453249398,0.03933618360658418,0.1592025028996273,0.18773129841099037,0.0,0.08695652173913043,1.1749244712368079,-0.008114129804403767,-0.005343948866831546,0.058752307449410617,"[-0.008, 0.009, 0.031, 0.059, -0.005, 0.003, 0.127, 0.06, 0.035, 0.059]"
ES,GLOBEX,B1,23,TRQ3_TRV3,2019,243,0.09524405153347497,0.03409670641101217,0.14647635195190703,0.1824075756552562,0.0,0.08695652173913043,1.095306592634962,0.003574627750404342,-0.04177878780579692,0.03278903437646744,"[0.004, -0.084, 0.074, 0.073, -0.042, 0.025, 0.048, -0.071, -0.067, 0.033]"
ES,GLOBEX,B1,23,TRQ3_TRV3,2020,244,0.0913882300943652,0.037031838997931374,0.14718419141479122,0.16991711575644708,0.0,0.08695652173913043,1.0509646460851998,-0.05588848704360821,0.08287260152053588,-0.033590810017275985,"[-0.056, -0.029, -0.073, 0.061, 0.083, -0.065, 0.01, -0.104, 0.051, -0.034]"
ES,GLOBEX,B1,23,TRQ3_TRV3,2021,246,0.09839770270259152,0.040841945924431425,0.1603659761789054,0.21225023202334167,0.0,0.08695652173913043,1.1315735810798024,0.14644624675837234,0.02463082463187391,-0.02101903112101442,"[0.146, -0.058, 0.045, 0.022, 0.025, 0.034, 0.048, -0.066, -0.082, -0.021]"
ES,GLOBEX,B1,23,TRQ3_TRV3,2022,245,0.10216608561796614,0.040593583771515215,0.17152408729994129,0.2890510666785003,0.0,0.08695652173913043,1.1749099846066107,0.081392551607736,0.025523736141134352,0.10953305584858951,"[0.081, 0.097, 0.064, -0.003, 0.026, -0.062, 0.065, -0.1, -0.138, 0.11]"
ES,GLOBEX,B1,23,TRQ3_TRV3,2023,244,0.10948246527812214,0.04131037570505183,0.17403007322503877,0.265056171670466,0.0,0.08695652173913043,1.2590483506984047,-0.08423277440527137,-0.05340829102028767,-0.06037693143494898,"[-0.084, -0.091, -0.001, -0.049, -0.053, -0.043, 0.004, -0.031, -0.015, -0.06]"
ES,GLOBEX,B1,23,TRQ3_TRV3,0,1953,0.09878700553399847,0.03901815751372943,0.16178635504956615,0.2201210614804815,0.0,0.08695652173913043,1.1360505636409823,0.0282561994604701,0.046699152344488425,0.0398694478263878,"[0.028, 0.012, 0.061, 0.05, 0.047, 0.014, 0.078, 0.003, -0.0, 0.04]"
ES,GLOBEX,B1,23,TRQ5_TRV5,2016,245,0.1106901181522803,0.06215213874631999,0.22876041643232775,0.28373122988193045,0.0,0.08695652173913043,1.2729363587512235,-0.07099087801760898,-0.02356210158300388,-0.005530779783965383,"[-0.071, 0.084, 0.046, 0.024, -0.024, 0.041, 0.031, 0.071, 0.104, -0.006]"
ES,GLOBEX,B1,23,TRQ5_TRV5,2017,243,0.11549142715024167,0.06371145551009239,0.23254993626890968,0.27862482630567065,0.0,0.08695652173913043,1.3281514122277793,-0.11067607347053371,0.017483490451070522,-0.052557225708136056,"[-0.111, 0.072, -0.103, 0.019, 0.017, 0.038, 0.011, 0.048, -0.014, -0.053]"
ES,GLOBEX,B1,23,TRQ5_TRV5,2018,243,0.11877848196976226,0.06660388864218145,0.23180287141753148,0.29092952786187576,0.0,0.08695652173913043,1.365952542652266,0.044296315037988615,0.05986939698039942,0.004984445177000512,"[0.044, -0.016, 0.052, 0.08, 0.06, -0.101, -0.066, 0.061, 0.008, 0.005]"
ES,GLOBEX,B1,23,TRQ5_TRV5,2019,243,0.10829408065366332,0.05801541929778614,0.24454598186633406,0.29195752949272524,0.0,0.08695652173913043,1.2453819275171283,-0.06541661204629193,0.013476622792610703,0.036420369894635,"[-0.065, -0.003, 0.082, -0.073, 0.013, -0.0, -0.016, -0.027, 0.013, 0.036]"
ES,GLOBEX,B1,23,TRQ5_TRV5,2020,244,0.10572126307945699,0.06186271669946787,0.20592251773622025,0.30607899847582754,0.0,0.08695652173913043,1.2157945254137554,-0.0645569729338844,-0.009253462017801799,0.0179668646157889,"[-0.065, 0.086, 0.04, -0.005, -0.009, 0.076, -0.081, 0.068, 0.018, 0.018]"
ES,GLOBEX,B1,23,TRQ5_TRV5,2021,246,0.11169732107722788,0.05670489477328945,0.23811510344145054,0.31005511738377817,0.0,0.08695652173913043,1.2845191923881207,0.05724542639190608,-0.0058273702631774305,-0.06536244752722344,"[0.057, -0.086, -0.011, -0.08, -0.006, 0.151, 0.034, -0.001, -0.043, -0.065]"
ES,GLOBEX,B1,23,TRQ5_TRV5,2022,245,0.11248334128977959,0.07129229283190092,0.244834811440114,0.3270473349902879,0.0,0.08695652173913043,1.2935584248324654,-0.034476513225354936,0.06112617905501278,0.0793959092618394,"[-0.034, 0.032, -0.041, -0.004, 0.061, -0.054, 0.001, 0.055, -0.079, 0.079]"
ES,GLOBEX,B1,23,TRQ5_TRV5,2023,244,0.12709368908253368,0.06354872698380204,0.23552481413599533,0.358860142188,0.0,0.08695652173913043,1.4615774244491373,0.043183962189385125,-0.10628721758987554,-0.056528349813051035,"[0.043, -0.056, 0.037, -0.067, -0.106, 0.022, -0.009, -0.033, -0.072, -0.057]"
ES,GLOBEX,B1,23,TRQ5_TRV5,0,1953,0.11389942882145741,0.06418426380324443,0.2344047122841875,0.30886400700743877,0.0,0.08695652173913043,1.3098434314467602,-0.007096657591448427,0.019432230033825777,0.008892484001707394,"[-0.007, 0.031, 0.028, 0.004, 0.019, 0.04, 0.004, 0.046, 0.015, 0.009]"
ES,GLOBEX,B1,23,TRQ10_TRV10,2016,245,0.1106901181522803,0.06217196696641984,0.22876041643232775,0.30587169612341636,0.0,0.08695652173913043,1.2729363587512235,-0.06409414111633643,-0.020602209273671318,-0.007055433655432779,"[-0.064, 0.083, 0.052, 0.021, -0.021, 0.041, 0.032, 0.071, 0.108, -0.007]"
ES,GLOBEX,B1,23,TRQ10_TRV10,2017,243,0.11603725773080938,0.06565461909960088,0.23390500212237736,0.29490748643563874,0.0,0.08695652173913043,1.3344284639043078,-0.06498875587789614,-0.01395975515981159,-0.019416867700345005,"[-0.065, 0.047, -0.117, 0.03, -0.014, 0.064, -0.037, 0.06, -0.043, -0.019]"
ES,GLOBEX,B1,23,TRQ10_TRV10,2018,243,0.12017105124348539,0.06878986820876584,0.25187328142683446,0.340862061137701,0.0,0.08695652173913043,1.381967089300082,0.00906135327982904,0.015722865889799088,0.0034671050771379157,"[0.009, -0.012, -0.022, 0.002, 0.016, -0.089, -0.012, 0.123, -0.061, 0.003]"
ES,GLOBEX,B1,23,TRQ10_TRV10,2019,243,0.1108441394395697,0.06241826801308034,0.2776171477092614,0.42523145376938637,0.0,0.08695652173913043,1.2747076035550515,-0.048407838833453704,0.11671058823234506,-0.017721722595657012,"[-0.048, -0.019, 0.049, -0.042, 0.117, -0.079, -0.015, 0.028, 0.094, -0.018]"
ES,GLOBEX,B1,23,TRQ10_TRV10,2020,244,0.10581448044192415,0.06295826146583261,0.23010266472978103,0.336581866213751,0.0,0.08695652173913043,1.2168665250821278,-0.02074716241116009,0.036158148358630175,0.011926217994494108,"[-0.021, 0.056, 0.079, 0.02, 0.036, 0.024, -0.083, 0.091, 0.001, 0.012]"
ES,GLOBEX,B1,23,TRQ10_TRV10,2021,246,0.11409541312196891,0.057264436882993874,0.2653709061654943,0.40171199170024235,0.0,0.08695652173913043,1.3120972509026425,0.08888877544957903,0.0765803491774339,-0.014781934245891633,"[0.089, -0.033, -0.029, -0.098, 0.077, 0.115, 0.095, -0.03, -0.072, -0.015]"
ES,GLOBEX,B1,23,TRQ10_TRV10,2022,245,0.11559655917588578,0.08523761143771057,0.28508373932388537,0.38909250459243055,0.0,0.08695652173913043,1.3293604305226865,-0.13277545799595517,0.07354254540077926,0.04767219343598954,"[-0.133, 0.074, 0.034, -0.064, 0.074, -0.079, 0.05, 0.053, -0.008, 0.048]"
ES,GLOBEX,B1,23,TRQ10_TRV10,2023,244,0.12829134759664695,0.06913169104968162,0.3093990881875741,0.4433385569466458,0.0,0.08695652173913043,1.47535049736144,0.03089887388373366,-0.056974202375358704,-0.06982742173448207,"[0.031, -0.086, 0.102, -0.118, -0.057, 0.011, 0.01, -0.096, -0.07, -0.07]"
ES,GLOBEX,B1,23,TRQ10_TRV10,0,1953,0.11525218990450849,0.06763639318466394,0.2639660464115804,0.3894522048615905,0.0,0.08695652173913043,1.3254001839018477,-0.006871836054195682,0.0493851314341632,0.005501854953786031,"[-0.007, 0.029, 0.043, -0.007, 0.049, 0.016, 0.019, 0.056, 0.015, 0.006]"
ES,GLOBEX,B1,23,MEDRQ_MEDRV,2016,245,0.0928131821670567,0.04355852933260809,0.19148489159443569,0.27453310132775927,0.0,0.08695652173913043,1.067351594921152,0.00248153113741989,0.0838945790495282,-0.04114732964369654,"[0.002, 0.069, 0.117, -0.078, 0.084, -0.069, 0.078, 0.133, 0.005, -0.041]"
ES,GLOBEX,B1,23,MEDRQ_MEDRV,2017,243,0.10183863356478962,0.0591289116291375,0.19492452842725896,0.22337401631396855,0.0,0.08695652173913043,1.1711442859950807,-0.11004735582346899,-0.07926359540861541,-0.06793108322641694,"[-0.11, 0.006, -0.065, 0.067, -0.079, -0.06, -0.044, -0.012, 0.096, -0.068]"
ES,GLOBEX,B1,23,MEDRQ_MEDRV,2018,243,0.09731783018718813,0.04583444432588055,0.1903458745649169,0.24561534959001866,0.0,0.08695652173913043,1.1191550471526637,-0.11451353974974302,0.04595105321861003,-0.004164057723463356,"[-0.115, 0.014, 0.04, -0.023, 0.046, -0.039, 0.123, 0.034, 0.08, -0.004]"
ES,GLOBEX,B1,23,MEDRQ_MEDRV,2019,243,0.09915043878210744,0.0490301116835766,0.18167330436984014,0.24894094093779434,0.0,0.08695652173913043,1.1402300459942356,0.03462679997274957,-0.029029409223171567,-0.031183860659796017,"[0.035, 0.038, 0.088, 0.107, -0.029, -0.084, 0.064, -0.04, -0.118, -0.031]"
ES,GLOBEX,B1,23,MEDRQ_MEDRV,2020,244,0.08350544450948108,0.044175532441254675,0.18221791825329287,0.2475234983123118,0.0,0.08695652173913043,0.9603126118590325,-0.018158334804543024,0.009665591639639249,0.024757185896344142,"[-0.018, -0.035, -0.092, 0.034, 0.01, 0.013, 0.056, 0.027, 0.027, 0.025]"
ES,GLOBEX,B1,23,MEDRQ_MEDRV,2021,246,0.09741524295268833,0.05257784720512482,0.2151960276808537,0.2664345977206637,0.0,0.08695652173913043,1.1202752939559157,0.07352466258828659,-0.03945454430915357,-0.026617122555569493,"[0.074, -0.077, 0.07, 0.038, -0.039, -0.024, 0.007, -0.017, -0.039, -0.027]"
ES,GLOBEX,B1,23,MEDRQ_MEDRV,2022,245,0.09925536636343134,0.04887353320665021,0.2214953063270721,0.2725635883353726,0.0,0.08695652173913043,1.1414367131794605,-0.02515005257689245,0.025912400781695193,0.04116096688281321,"[-0.025, 0.018, -0.081, 0.011, 0.026, -0.066, 0.04, 0.019, -0.058, 0.041]"
ES,GLOBEX,B1,23,MEDRQ_MEDRV,2023,244,0.11064991043522829,0.05169020113831996,0.22122461833060908,0.31147006461935217,0.0,0.08695652173913043,1.2724739700051253,-0.00791385470534232,0.027387297520112753,-0.08727795791687001,"[-0.008, -0.003, -0.028, -0.086, 0.027, 0.07, 0.033, 0.017, -0.069, -0.087]"
ES,GLOBEX,B1,23,MEDRQ_MEDRV,0,1953,0.09799830163999565,0.05071175239045739,0.20313906868892284,0.2732976566140135,0.0,0.08695652173913043,1.12698046885995,0.014259905071685335,0.03417522418010046,0.00444068648162196,"[0.014, 0.032, 0.037, 0.041, 0.034, -0.006, 0.066, 0.053, 0.018, 0.004]"
ES,GLOBEX,B1,46,RQ_RV,2016,245,0.06887450968373487,0.032105892466323185,0.15280350058489592,0.22891921789918526,0.0,0.043478260869565216,1.5841137227259021,0.06628949892180787,0.04659423353436939,-0.030136859187917635,"[0.066, 0.069, 0.05, -0.009, 0.047, -0.004, 0.066, 0.138, 0.044, -0.03]"
ES,GLOBEX,B1,46,RQ_RV,2017,243,0.06698256153502104,0.03766947422270225,0.17251592702359625,0.25016032972709884,0.0,0.043478260869565216,1.540598915305484,-0.05574023624502049,-0.046158414237856944,0.08157628731286011,"[-0.056, 0.026, -0.038, 0.088, -0.046, -0.031, -0.009, 0.01, -0.013, 0.082]"
ES,GLOBEX,B1,46,RQ_RV,2018,243,0.06961131273685979,0.03600125729597291,0.15885716698863428,0.2642237616849499,0.0,0.043478260869565216,1.6010601929477752,0.017390800963044722,-0.038555412330282236,-0.022670827908819913,"[0.017, 0.035, -0.044, -0.003, -0.039, -0.003, 0.05, 0.107, 0.016, -0.023]"
ES,GLOBEX,B1,46,RQ_RV,2019,243,0.07302232801510213,0.04116906918339244,0.19353732287366784,0.31329302152087407,0.0,0.043478260869565216,1.679513544347349,0.015728027463068624,0.05067096309041634,0.0009759898286713621,"[0.016, 0.118, -0.068, -0.094, 0.051, -0.093, -0.022, -0.029, 0.065, 0.001]"
ES,GLOBEX,B1,46,RQ_RV,2020,244,0.06050236557507464,0.02976803489158563,0.1463409010018589,0.27671412497943526,0.0,0.043478260869565216,1.3915544082267168,-0.024244659712408675,-0.04115061589915721,-0.020085114516209288,"[-0.024, -0.086, 0.025, 0.059, -0.041, 0.092, -0.077, 0.052, -0.011, -0.02]"
ES,GLOBEX,B1,46,RQ_RV,2021,246,0.06585524409519242,0.039202708549148535,0.1630640368854236,0.23176120262070948,0.0,0.043478260869565216,1.5146706141894257,0.10171984693076244,0.048869236234330655,0.04071454332144782,"[0.102, 0.043, -0.004, -0.014, 0.049, 0.025, -0.008, -0.01, -0.06, 0.041]"
ES,GLOBEX,B1,46,RQ_RV,2022,245,0.07042204686889102,0.04248062253233066,0.17867454017442955,0.2734651564738138,0.0,0.043478260869565216,1.6197070779844935,-0.029687955587983424,0.010410455197201183,0.07461937825623588,"[-0.03, 0.083, 0.044, -0.038, 0.01, -0.039, 0.09, -0.034, -0.004, 0.075]"
ES,GLOBEX,B1,46,RQ_RV,2023,244,0.07481444578146162,0.03884106193170658,0.15541978261536663,0.27084561644255994,0.0,0.043478260869565216,1.7207322529736173,0.0459529693255645,-0.02630864248347043,-0.05756986851940053,"[0.046, -0.085, 0.004, 0.018, -0.026, -0.014, 0.052, -0.035, -0.103, -0.058]"
ES,GLOBEX,B1,46,RQ_RV,0,1953,0.06884423980736722,0.03808592987705275,0.16870526952020545,0.2761041981027168,0.0,0.043478260869565216,1.583417515569446,0.03609689239124184,0.01194497236587515,0.027604857699344867,"[0.036, 0.045, 0.023, 0.02, 0.012, 0.007, 0.032, 0.039, 0.006, 0.028]"
ES,GLOBEX,B1,46,TQ_BV,2016,245,0.055040366567101984,0.02484387045275145,0.10927693809450269,0.15110274503921617,0.0,0.043478260869565216,1.2659284310433456,-0.04014288439375414,0.009378574171264116,-0.09429159418645167,"[-0.04, 0.088, 0.006, 0.069, 0.009, 0.087, -0.008, -0.06, 0.02, -0.094]"
ES,GLOBEX,B1,46,TQ_BV,2017,243,0.059580581384866015,0.031266180526033645,0.1140404339103773,0.14485884893421147,0.0,0.043478260869565216,1.3703533718519183,-0.019418845252759144,-0.05809586582651228,0.17859218969096083,"[-0.019, 0.003, -0.097, -0.019, -0.058, -0.015, -0.028, 0.067, -0.093, 0.179]"
ES,GLOBEX,B1,46,TQ_BV,2018,243,0.057500549785182035,0.030186145644987415,0.12844890644880586,0.15166371926594072,0.0,0.043478260869565216,1.3225126450591869,0.024322590416763608,0.05355167995029615,0.019367620466371385,"[0.024, 0.084, 0.001, 0.052, 0.054, -0.035, -0.038, 0.113, -0.048, 0.019]"
ES,GLOBEX,B1,46,TQ_BV,2019,243,0.056024476834881896,0.033383182561628935,0.1267486124273669,0.1683033383089644,0.0,0.043478260869565216,1.2885629672022836,0.04917104004673357,0.05088854397532773,0.0066455319164556445,"[0.049, 0.093, 0.008, 0.176, 0.051, 0.054, -0.079, 0.003, -0.064, 0.007]"
ES,GLOBEX,B1,46,TQ_BV,2020,244,0.048921540743127316,0.025497307842140188,0.10439065939370891,0.14951050561561352,0.0,0.043478260869565216,1.1251954370919284,-0.029363914873688748,0.13209247209803943,0.054799190115684654,"[-0.029, -0.089, 0.074, 0.097, 0.132, 0.143, 0.08, 0.04, -0.04, 0.055]"
ES,GLOBEX,B1,46,TQ_BV,2021,246,0.05671460964146993,0.028728831502740096,0.11768583211611763,0.1764782994195962,0.0,0.043478260869565216,1.3044360217538085,-0.018383786821270866,-0.026328221570093173,-0.055299878963999675,"[-0.018, -0.091, -0.158, -0.125, -0.026, 0.016, 0.156, 0.002, -0.082, -0.055]"
ES,GLOBEX,B1,46,TQ_BV,2022,245,0.05986093601286993,0.02981531499814343,0.13040987359488104,0.16222375628822613,0.0,0.043478260869565216,1.3768015282960084,-0.004865354754629174,0.08514279105047595,0.011965437857003049,"[-0.005, 0.094, 0.072, 0.131, 0.085, -0.067, 0.155, -0.12, 0.04, 0.012]"
ES,GLOBEX,B1,46,TQ_BV,2023,244,0.06647675856513545,0.028748772919533483,0.12961270430355407,0.18985476596491166,0.0,0.043478260869565216,1.5289654469981153,0.025933615702330826,-0.05384599409202205,0.08992106169545099,"[0.026, -0.028, 0.033, 0.014, -0.054, 0.021, -0.042, -0.036, -0.077, 0.09]"
ES,GLOBEX,B1,46,TQ_BV,0,1953,0.05760865787727883,0.03018849390584199,0.12178464584096127,0.16550665482710689,0.0,0.043478260869565216,1.324999131177413,0.033553900900279994,0.06025716759081881,0.06279055461605733,"[0.034, 0.057, 0.025, 0.082, 0.06, 0.06, 0.061, 0.038, -0.006, 0.063]"
ES,GLOBEX,B1,46,TRQ3_TRV3,2016,245,0.05371236636904261,0.01468365081989019,0.07721467712727452,0.08960687960541114,0.0,0.043478260869565216,1.23538442648798,0.019303783608885065,0.05375594143715085,0.05027336949834268,"[0.019, 0.073, 0.15, 0.094, 0.054, 0.112, 0.043, 0.021, 0.047, 0.05]"
ES,GLOBEX,B1,46,TRQ3_TRV3,2017,243,0.05356070346165362,0.015698580303258346,0.08470968371576353,0.10417104694321354,0.0,0.043478260869565216,1.2318961796180332,-0.12903623586661825,-0.08328428488028396,0.09720845469284306,"[-0.129, 0.116, -0.027, -0.043, -0.083, -0.063, -0.005, -0.001, 0.08, 0.097]"
ES,GLOBEX,B1,46,TRQ3_TRV3,2018,243,0.054801798297453706,0.019895066422771238,0.08042114232863264,0.10233071419459046,0.0,0.043478260869565216,1.2604413608414353,0.05371967634197795,-0.09777721147638327,0.13299580311332188,"[0.054, 0.091, -0.081, -0.09, -0.098, 0.017, 0.034, 0.066, 0.052, 0.133]"
ES,GLOBEX,B1,46,TRQ3_TRV3,2019,243,0.05141221274673631,0.01557957396677815,0.08167789902429884,0.1067672131789902,0.0,0.043478260869565216,1.182480893174935,-0.03937064894954542,0.05597708942606023,0.01665634570019591,"[-0.039, -0.007, -0.042, 0.063, 0.056, -0.047, -0.098, -0.096, 0.125, 0.017]"
ES,GLOBEX,B1,46,TRQ3_TRV3,2020,244,0.04931595947023476,0.015126703537169828,0.07270036761497377,0.09007347707614606,0.0,0.043478260869565216,1.1342670678153994,-0.04648867305438389,0.061341944137882486,0.08347647865426068,"[-0.046, -0.031, 0.016, -0.024, 0.061, 0.105, -0.006, 0.053, -0.096, 0.083]"
ES,GLOBEX,B1,46,TRQ3_TRV3,2021,246,0.05194445563482733,0.015542729554877198,0.08820043716380316,0.10323717515382731,0.0,0.043478260869565216,1.1947224796010287,0.045108699615625046,-0.0035755197910431595,-0.027126519012718495,"[0.045, -0.013, -0.094, -0.077, -0.004, 0.031, 0.075, -0.008, -0.087, -0.027]"
ES,GLOBEX,B1,46,TRQ3_TRV3,2022,245,0.05630593800322871,0.01572155501502949,0.09118773366312609,0.11252142126835996,0.0,0.043478260869565216,1.2950365740742604,-0.08225870375132427,0.006567886999090396,0.05582535053771722,"[-0.082, 0.131, -0.008, 0.094, 0.007, 0.134, -0.064, -0.045, -0.025, 0.056]"
ES,GLOBEX,B1,46,TRQ3_TRV3,2023,244,0.05939167852575221,0.018733756568103527,0.09758720768441671,0.14707175204498918,0.0,0.043478260869565216,1.366008606092301,-0.0437123812980125,0.07806355567212195,-0.020373660665667252,"[-0.044, 0.014, 0.005, -0.042, 0.078, -0.103, 0.104, -0.097, -0.031, -0.02]"
ES,GLOBEX,B1,46,TRQ3_TRV3,0,1953,0.0537909248114471,0.01673721571326882,0.08434118661565912,0.11064677548957116,0.0,0.043478260869565216,1.2371912706632833,0.024729821839216525,0.06441107099984125,0.09170493175975043,"[0.025, 0.098, 0.04, 0.048, 0.064, 0.072, 0.063, 0.032, 0.055, 0.092]"
ES,GLOBEX,B1,46,TRQ5_TRV5,2016,245,0.0677527500061784,0.031129818920519123,0.11091078865321974,0.15129243636672904,0.0,0.043478260869565216,1.5583132501421033,0.047077597937197686,0.10512053262444507,-0.04957351215739037,"[0.047, 0.032, 0.033, 0.015, 0.105, 0.002, 0.079, 0.085, -0.042, -0.05]"
ES,GLOBEX,B1,46,TRQ5_TRV5,2017,243,0.06501975792099435,0.032787850983183514,0.11856425910506022,0.14922349988170325,0.0,0.043478260869565216,1.49545443218287,-0.04836774293475851,-0.08346005142056147,0.06570453634251511,"[-0.048, 0.027, -0.018, 0.028, -0.083, -0.017, -0.02, -0.026, -0.001, 0.066]"
ES,GLOBEX,B1,46,TRQ5_TRV5,2018,243,0.06834307665468023,0.030805371363658143,0.1171278075169689,0.14540508452973502,0.0,0.043478260869565216,1.5718907630576453,0.10248454669620193,0.02275800906198788,0.028741422352399914,"[0.102, 0.033, -0.079, -0.025, 0.023, -0.021, 0.04, 0.094, 0.126, 0.029]"
ES,GLOBEX,B1,46,TRQ5_TRV5,2019,243,0.06816692135833204,0.03442527399899706,0.11747313146243898,0.1416729649822776,0.0,0.043478260869565216,1.567839191241637,0.03638000438868206,0.10256905370809441,0.069216359181326,"[0.036, -0.025, -0.022, -0.034, 0.103, -0.037, -0.002, -0.088, 0.049, 0.069]"
ES,GLOBEX,B1,46,TRQ5_TRV5,2020,244,0.05904164417245872,0.026886357635780594,0.11108543912998857,0.1540400722690386,0.0,0.043478260869565216,1.3579578159665506,-0.1075303973379306,-0.01877193475847349,0.02154038943998279,"[-0.108, -0.035, 0.062, -0.011, -0.019, 0.107, -0.016, -0.012, 0.015, 0.022]"
ES,GLOBEX,B1,46,TRQ5_TRV5,2021,246,0.06303378561800554,0.0344274427678747,0.12804836294485653,0.16204808064775728,0.0,0.043478260869565216,1.4497770692141276,0.10905702333493605,0.00585283098186471,-0.031032115861035586,"[0.109, 0.109, -0.007, -0.056, 0.006, 0.027, 0.092, -0.044, 0.005, -0.031]"
ES,GLOBEX,B1,46,TRQ5_TRV5,2022,245,0.06905535707639446,0.035623643090388526,0.13355403518502396,0.1956018281373756,0.0,0.043478260869565216,1.5882732127570727,-0.07532133840935816,-0.01570870430005279,0.1296119654236277,"[-0.075, 0.044, -0.012, 0.058, -0.016, 0.0, 0.087, -0.032, -0.101, 0.13]"
ES,GLOBEX,B1,46,TRQ5_TRV5,2023,244,0.07427725608213095,0.037147028355255275,0.13845372479270907,0.1687338747550019,0.0,0.043478260869565216,1.708376889889012,0.007449940129590753,-0.010228539270931458,-0.03242905090623635,"[0.007, -0.107, 0.027, 0.025, -0.01, -0.008, 0.094, -0.062, -0.06, -0.032]"
ES,GLOBEX,B1,46,TRQ5_TRV5,0,1953,0.06670386616171958,0.03337188096409914,0.12604797128586176,0.1663861899846878,0.0,0.043478260869565216,1.5341889217195503,0.03590232376898553,0.03866297102926941,0.0547929019582898,"[0.036, 0.04, 0.03, 0.028, 0.039, 0.035, 0.073, 0.014, 0.024, 0.055]"
ES,GLOBEX,B1,46,TRQ10_TRV10,2016,245,0.06887450968373487,0.032105892466323185,0.15280350058489592,0.22891921789918526,0.0,0.043478260869565216,1.5841137227259021,0.06628949892180787,0.04659423353436939,-0.030136859187917635,"[0.066, 0.069, 0.05, -0.009, 0.047, -0.004, 0.066, 0.138, 0.044, -0.03]"
ES,GLOBEX,B1,46,TRQ10_TRV10,2017,243,0.06698256153502104,0.03766947422270225,0.17251592702359625,0.25016032972709884,0.0,0.043478260869565216,1.540598915305484,-0.05574023624502049,-0.046158414237856944,0.08157628731286011,"[-0.056, 0.026, -0.038, 0.088, -0.046, -0.031, -0.009, 0.01, -0.013, 0.082]"
ES,GLOBEX,B1,46,TRQ10_TRV10,2018,243,0.06961131273685979,0.03600125729597291,0.15885716698863428,0.2642237616849499,0.0,0.043478260869565216,1.6010601929477752,0.017390800963044722,-0.038555412330282236,-0.022670827908819913,"[0.017, 0.035, -0.044, -0.003, -0.039, -0.003, 0.05, 0.107, 0.016, -0.023]"
ES,GLOBEX,B1,46,TRQ10_TRV10,2019,243,0.07302232801510213,0.04116906918339244,0.19353732287366784,0.31329302152087407,0.0,0.043478260869565216,1.679513544347349,0.015728027463068624,0.05067096309041634,0.0009759898286713621,"[0.016, 0.118, -0.068, -0.094, 0.051, -0.093, -0.022, -0.029, 0.065, 0.001]"
ES,GLOBEX,B1,46,TRQ10_TRV10,2020,244,0.06050236557507464,0.028688375590364544,0.137491572958408,0.2325095836920862,0.0,0.043478260869565216,1.3915544082267168,-0.056135860841766166,-0.036602275681364885,-0.026986056292068527,"[-0.056, -0.059, 0.003, 0.017, -0.037, 0.085, -0.079, 0.049, -0.009, -0.027]"
ES,GLOBEX,B1,46,TRQ10_TRV10,2021,246,0.06585524409519242,0.039202708549148535,0.1630640368854236,0.23176120262070948,0.0,0.043478260869565216,1.5146706141894257,0.10171984693076244,0.048869236234330655,0.04071454332144782,"[0.102, 0.043, -0.004, -0.014, 0.049, 0.025, -0.008, -0.01, -0.06, 0.041]"
ES,GLOBEX,B1,46,TRQ10_TRV10,2022,245,0.07042204686889102,0.04082960689078663,0.17775419155998343,0.2638130121569564,0.0,0.043478260869565216,1.6197070779844935,-0.0738613664169301,-0.0009625064211538537,0.10232677522464344,"[-0.074, 0.061, -0.006, -0.017, -0.001, -0.08, 0.111, -0.042, 0.002, 0.102]"
ES,GLOBEX,B1,46,TRQ10_TRV10,2023,244,0.07481444578146162,0.03884106193170658,0.1532702810258527,0.2590212308100214,0.0,0.043478260869565216,1.7207322529736173,0.058167726172589126,-0.008667239712802442,-0.06052328501367354,"[0.058, -0.076, 0.02, 0.022, -0.009, 0.0, 0.048, -0.054, -0.099, -0.061]"
ES,GLOBEX,B1,46,TRQ10_TRV10,0,1953,0.06884423980736722,0.03780724673089265,0.16691486072522002,0.26657340892503234,0.0,0.043478260869565216,1.583417515569446,0.028807032063401256,0.01466699292495426,0.03155071191716612,"[0.029, 0.048, 0.016, 0.018, 0.015, 0.004, 0.035, 0.037, 0.012, 0.032]"
ES,GLOBEX,B1,46,MEDRQ_MEDRV,2016,245,0.057534800787067575,0.025242141587520625,0.11572837739295863,0.16839476723229588,0.0,0.043478260869565216,1.3233004181025543,-0.021663948704469745,0.04094164587773977,-0.012257050596704898,"[-0.022, 0.078, 0.11, -0.039, 0.041, 0.122, 0.073, -0.024, -0.009, -0.012]"
ES,GLOBEX,B1,46,MEDRQ_MEDRV,2017,243,0.0629484079745308,0.03147434907588584,0.12868881468411505,0.18516814708750912,0.0,0.043478260869565216,1.4478133834142084,-0.06039174887930067,-0.08612848597370026,0.10746342265509899,"[-0.06, 0.049, -0.091, -0.051, -0.086, -0.008, -0.048, -0.024, -0.038, 0.107]"
ES,GLOBEX,B1,46,MEDRQ_MEDRV,2018,243,0.061227905975883685,0.03331700489335571,0.12896838923912174,0.18601571164898317,0.0,0.043478260869565216,1.4082418374453247,0.09490574749443917,-0.005208953891966801,-0.012582147675644976,"[0.095, 0.068, -0.097, -0.023, -0.005, 0.05, 0.065, -0.02, -0.038, -0.013]"
ES,GLOBEX,B1,46,MEDRQ_MEDRV,2019,243,0.06191933794241991,0.03464676811985401,0.12300815554367438,0.16407145896650727,0.0,0.043478260869565216,1.424144772675658,-0.04183404627505672,-0.034181724313488086,0.044273975846208194,"[-0.042, -0.018, -0.056, 0.099, -0.034, -0.06, -0.039, -0.01, -0.004, 0.044]"
ES,GLOBEX,B1,46,MEDRQ_MEDRV,2020,244,0.05327510169576952,0.024345495374934828,0.11431939089826545,0.15781916416321695,0.0,0.043478260869565216,1.2253273390026989,0.03375655294430952,0.06069794521084002,0.017394317009093958,"[0.034, -0.05, -0.014, -0.052, 0.061, 0.119, 0.006, 0.013, -0.041, 0.017]"
ES,GLOBEX,B1,46,MEDRQ_MEDRV,2021,246,0.05672322942279816,0.029630739933179225,0.130366837188613,0.16886805423106674,0.0,0.043478260869565216,1.3046342767243577,-0.03150297957421664,0.004769924005332255,-0.023338167038090742,"[-0.032, -0.078, -0.107, -0.071, 0.005, 0.026, 0.072, -0.046, -0.039, -0.023]"
ES,GLOBEX,B1,46,MEDRQ_MEDRV,2022,245,0.05975361322398313,0.032646187519337955,0.1464724399167761,0.24013899132030125,0.0,0.043478260869565216,1.374333104151612,0.035933024606433425,0.08366814676284041,-0.02236068269631994,"[0.036, 0.068, 0.016, 0.052, 0.084, 0.024, -0.055, -0.128, -0.045, -0.022]"
ES,GLOBEX,B1,46,MEDRQ_MEDRV,2023,244,0.07000824513573806,0.036131773882781465,0.1423687076503919,0.21821638746045133,0.0,0.043478260869565216,1.6101896381219754,0.051413219067584795,0.031919349859408946,0.0006687678170092999,"[0.051, 0.074, -0.001, -0.106, 0.032, -0.043, 0.078, 0.012, -0.047, 0.001]"
ES,GLOBEX,B1,46,MEDRQ_MEDRV,0,1953,0.059677405180368334,0.032979202023213916,0.13001211298853632,0.19506882865821118,0.0,0.043478260869565216,1.3725803191484718,0.04079865364937339,0.04426085023696919,0.04840936910553571,"[0.041, 0.055, 0.005, 0.014, 0.044, 0.06, 0.053, 0.0, -0.001, 0.048]"
ES,GLOBEX,B1,138,RQ_RV,2016,245,0.026272765125368927,0.015471737748808282,0.06025495826202961,0.08061287784242639,0.0,0.014492753623188406,1.812820793650456,0.17909488062407572,0.09408028030007184,-0.049472777315733664,"[0.179, 0.027, 0.168, 0.133, 0.094, 0.036, 0.065, 0.164, 0.01, -0.049]"
ES,GLOBEX,B1,138,RQ_RV,2017,243,0.02995036155253756,0.02075483026349567,0.06767247588514123,0.09266765986974439,0.0,0.014492753623188406,2.0665749471250914,-0.02344488512176599,-0.10733900257885948,0.037251245909338655,"[-0.023, 0.026, -0.093, -0.03, -0.107, -0.024, -0.076, 0.084, -0.012, 0.037]"
ES,GLOBEX,B1,138,RQ_RV,2018,243,0.029684477162425945,0.014044712900585142,0.05621340953500682,0.11319760328502614,0.0,0.014492753623188406,2.04822892420739,-0.07739056793944524,-0.06025466049402112,0.005454353021601368,"[-0.077, -0.038, 0.014, -0.011, -0.06, -0.099, 0.129, 0.055, -0.048, 0.005]"
ES,GLOBEX,B1,138,RQ_RV,2019,243,0.0303293485199642,0.020906257502184653,0.09250211963707572,0.1523316464749038,0.0,0.014492753623188406,2.0927250478775297,-0.02001120884217863,0.0359817827420586,-0.10381823699268206,"[-0.02, 0.104, 0.02, -0.067, 0.036, -0.011, 0.025, 0.069, 0.177, -0.104]"
ES,GLOBEX,B1,138,RQ_RV,2020,244,0.023471043158420593,0.013139487911213239,0.06343426970466616,0.10348032286908052,0.0,0.014492753623188406,1.619501977931021,-0.05803303353518098,-0.009700603211035337,-0.013321187540312045,"[-0.058, -0.073, 0.0, 0.142, -0.01, 0.082, 0.015, 0.068, -0.047, -0.013]"
ES,GLOBEX,B1,138,RQ_RV,2021,246,0.02765094823703796,0.015556738853557621,0.0663343750957179,0.09913571299626166,0.0,0.014492753623188406,1.9079154283556192,0.027237676269710836,0.12366291169161633,0.024640503735444793,"[0.027, -0.025, 0.051, -0.014, 0.124, -0.004, 0.052, 0.038, -0.085, 0.025]"
ES,GLOBEX,B1,138,RQ_RV,2022,245,0.028760341659566438,0.014963209927475785,0.08866393251958798,0.1900658776703461,0.00816326530612245,0.014492753623188406,1.9844635745100843,0.01276163700669462,-0.0082653579614799,0.07714343271209487,"[0.013, 0.077, 0.039, -0.019, -0.008, -0.036, -0.023, -0.011, 0.007, 0.077]"
ES,GLOBEX,B1,138,RQ_RV,2023,244,0.03161329627813994,0.019774974902842187,0.07647268947512648,0.12787398100428618,0.0,0.014492753623188406,2.1813174431916558,-0.06825215924028337,-0.04826839808337786,0.025324987085842004,"[-0.068, -0.117, 0.073, 0.027, -0.048, 0.018, 0.067, 0.047, -0.041, 0.025]"
ES,GLOBEX,B1,138,RQ_RV,0,1953,0.02843526759572592,0.017289179985021892,0.07203177251925995,0.12152626423414573,0.0010240655401945725,0.014492753623188406,1.9620334641050885,0.03744723006209081,0.03434370953327843,0.04117533341330327,"[0.037, 0.042, 0.066, 0.051, 0.034, 0.027, 0.059, 0.093, 0.044, 0.041]"
ES,GLOBEX,B1,138,TQ_BV,2016,245,0.02263627822472471,0.009008755430927964,0.05126123219493642,0.07604574920513663,0.0,0.014492753623188406,1.561903197506005,0.05637669537954567,0.09653562219012808,0.0006469816273427202,"[0.056, 0.072, 0.075, -0.002, 0.097, 0.089, -0.01, -0.037, 0.065, 0.001]"
ES,GLOBEX,B1,138,TQ_BV,2017,243,0.02491673107355308,0.01242967787318669,0.049198242676258795,0.06412766851552891,0.0,0.014492753623188406,1.7192544440751625,-0.008242761150589369,0.03909814900186727,0.05643978475399865,"[-0.008, -0.01, 0.012, 0.059, 0.039, 0.084, -0.105, -0.045, 0.017, 0.056]"
ES,GLOBEX,B1,138,TQ_BV,2018,243,0.025411468809531726,0.011400661145914162,0.047167031531430585,0.06566618656067737,0.0,0.014492753623188406,1.753391347857689,-0.03116438923670101,0.00658298514180999,0.03813728224977205,"[-0.031, 0.048, 0.015, 0.019, 0.007, -0.022, -0.07, 0.163, 0.04, 0.038]"
ES,GLOBEX,B1,138,TQ_BV,2019,243,0.02475474163957213,0.011629614667526024,0.055916450079421,0.0778547274621378,0.0,0.014492753623188406,1.7080771731304771,-0.09781386408550259,0.05476313205946026,-0.09003364716291104,"[-0.098, -0.007, -0.091, 0.019, 0.055, -0.026, 0.041, -0.032, -0.02, -0.09]"
ES,GLOBEX,B1,138,TQ_BV,2020,244,0.021213420527842863,0.010181703216524302,0.04537845217523606,0.06194152592727917,0.0,0.014492753623188406,1.4637260164211576,-0.023089542646305965,0.029554008463133205,0.044644520211577686,"[-0.023, 0.005, 0.133, 0.091, 0.03, 0.072, 0.046, 0.079, -0.005, 0.045]"
ES,GLOBEX,B1,138,TQ_BV,2021,246,0.024330757788562626,0.01096881302814643,0.05109636733247595,0.09609051745547906,0.0,0.014492753623188406,1.6788222874108212,-0.005185362724339674,-0.015800616753965765,0.06883850987382359,"[-0.005, -0.101, -0.01, -0.041, -0.016, -0.021, 0.134, 0.078, -0.134, 0.069]"
ES,GLOBEX,B1,138,TQ_BV,2022,245,0.024851021656204245,0.010394484520805828,0.054445419627021915,0.07455314382915418,0.0,0.014492753623188406,1.714720494278093,0.023891357612415925,0.07181553388360527,0.04853301632587111,"[0.024, 0.091, 0.001, 0.071, 0.072, -0.057, 0.034, -0.061, -0.054, 0.049]"
ES,GLOBEX,B1,138,TQ_BV,2023,244,0.027025669578525223,0.013621746143111638,0.063853667356318,0.08340431972952883,0.0,0.014492753623188406,1.8647712009182404,0.003949704515863217,0.008395133248395789,0.011724308323541752,"[0.004, -0.067, -0.011, -0.047, 0.008, -0.003, 0.122, -0.027, -0.02, 0.012]"
ES,GLOBEX,B1,138,TQ_BV,0,1953,0.02430969280246129,0.011231314319381722,0.05218548694473505,0.07930794029566286,0.0,0.014492753623188406,1.6773688033698289,0.026357550813556736,0.06348934489942532,0.059045575531760576,"[0.026, 0.033, 0.047, 0.05, 0.063, 0.049, 0.059, 0.043, 0.016, 0.059]"
ES,GLOBEX,B1,138,TRQ3_TRV3,2016,245,0.018254223531230015,0.0036308747188122555,0.024584422973651654,0.03384569407470959,0.0,0.014492753623188406,1.259541423654871,-0.009881840245576472,0.1284403303233525,-0.036000271561856104,"[-0.01, 0.189, 0.081, 0.08, 0.128, 0.093, 0.003, 0.058, 0.153, -0.036]"
ES,GLOBEX,B1,138,TRQ3_TRV3,2017,243,0.0185468301241911,0.003756910381368446,0.02540352526078915,0.029067732507568795,0.0,0.014492753623188406,1.279731278569186,-0.05540845609961448,-0.03222331712252814,0.10583581166825638,"[-0.055, 0.032, -0.066, 0.063, -0.032, 0.019, -0.071, -0.037, 0.021, 0.106]"
ES,GLOBEX,B1,138,TRQ3_TRV3,2018,243,0.01938282722297374,0.004114097952364178,0.025769365916459803,0.03048788638868876,0.0,0.014492753623188406,1.337415078385188,0.0030248179942583193,0.07397853781410546,-0.048020672368893944,"[0.003, 0.134, 0.051, 0.072, 0.074, -0.023, 0.147, 0.105, 0.058, -0.048]"
ES,GLOBEX,B1,138,TRQ3_TRV3,2019,243,0.01926523683780805,0.004320574852823892,0.02696108588872612,0.0325720791327441,0.0,0.014492753623188406,1.3293013418087554,0.01675969806891338,0.0385806974295073,-0.013728222756022439,"[0.017, -0.01, -0.094, 0.053, 0.039, -0.021, 0.011, -0.039, 0.035, -0.014]"
ES,GLOBEX,B1,138,TRQ3_TRV3,2020,244,0.01729055000938303,0.003824808158988665,0.02334240455032181,0.027534143397008798,0.0,0.014492753623188406,1.1930479506474292,-0.03083671841284563,0.0815857308861759,0.02667721288896256,"[-0.031, 0.001, 0.15, 0.061, 0.082, 0.084, 0.053, 0.073, 0.033, 0.027]"
ES,GLOBEX,B1,138,TRQ3_TRV3,2021,246,0.018659413477406604,0.003944372283008299,0.026003695204323732,0.03344676729169816,0.0,0.014492753623188406,1.2874995299410557,0.020053466492100668,-0.0889069595097588,-0.005437612223367159,"[0.02, -0.033, 0.004, -0.003, -0.089, 0.047, 0.049, 0.012, -0.065, -0.005]"
ES,GLOBEX,B1,138,TRQ3_TRV3,2022,245,0.019746856313375322,0.004885920927777586,0.028158833907211547,0.03553239757356922,0.0,0.014492753623188406,1.3625330856228972,0.024533398820230295,0.0030429480538462293,0.0381486258037773,"[0.025, 0.095, -0.031, 0.009, 0.003, 0.085, 0.0, -0.133, -0.053, 0.038]"
ES,GLOBEX,B1,138,TRQ3_TRV3,2023,244,0.020460792850481576,0.004430195122730619,0.029931273297694454,0.03788034896386241,0.0,0.014492753623188406,1.4117947066832288,0.021017276232038685,-0.033787509179174426,-0.05063604917172577,"[0.021, -0.013, -0.042, 0.072, -0.034, -0.019, 0.089, 0.024, 0.025, -0.051]"
ES,GLOBEX,B1,138,TRQ3_TRV3,0,1953,0.018982303294814686,0.004254469416457549,0.026699358850152906,0.03359904620217946,0.0,0.014492753623188406,1.3097789273422134,0.08006807918458186,0.09045856719639113,0.06899118540303854,"[0.08, 0.12, 0.076, 0.123, 0.09, 0.105, 0.109, 0.073, 0.096, 0.069]"
ES,GLOBEX,B1,138,TRQ5_TRV5,2016,245,0.024263602450929154,0.008829524034504092,0.040632339371662975,0.051214707869907505,0.0,0.014492753623188406,1.6741885691141116,0.04234759458576143,0.1875968429748247,0.054032926116217656,"[0.042, 0.114, 0.113, 0.219, 0.188, 0.093, 0.086, 0.088, 0.111, 0.054]"
ES,GLOBEX,B1,138,TRQ5_TRV5,2017,243,0.02645465321447437,0.010857388837495402,0.043733187931403475,0.05251401032004268,0.0,0.014492753623188406,1.8253710717987315,-0.1767989394919828,-0.04759825472959502,-0.0006131306010394601,"[-0.177, 0.09, -0.091, 0.029, -0.048, 0.069, 0.012, -0.006, -0.099, -0.001]"
ES,GLOBEX,B1,138,TRQ5_TRV5,2018,243,0.026201025481245078,0.008855460711768466,0.04006791097039152,0.052702035613783435,0.0,0.014492753623188406,1.8078707582059104,-0.007494974290843131,0.07823271612184939,-0.018333107883850973,"[-0.007, 0.065, 0.081, 0.086, 0.078, 0.09, 0.008, 0.105, 0.016, -0.018]"
ES,GLOBEX,B1,138,TRQ5_TRV5,2019,243,0.026468889522606013,0.010710690416806598,0.043784461199449884,0.050334438601058365,0.0,0.014492753623188406,1.8263533770598148,0.026123270297785304,0.06524999795342837,0.004198165060542823,"[0.026, -0.023, -0.053, 0.014, 0.065, 0.015, -0.086, -0.084, 0.029, 0.004]"
ES,GLOBEX,B1,138,TRQ5_TRV5,2020,244,0.02222813099111473,0.008959781198462566,0.03417142221667129,0.041630230431328956,0.0,0.014492753623188406,1.5337410383869163,0.08593793792902357,-0.006236239612990838,0.0006614887548698353,"[0.086, -0.012, 0.099, 0.103, -0.006, 0.12, 0.008, 0.048, -0.067, 0.001]"
ES,GLOBEX,B1,138,TRQ5_TRV5,2021,246,0.025467926633458413,0.00925949780778709,0.04084997965941553,0.05904942296849342,0.0,0.014492753623188406,1.7572869377086304,0.06304227265979769,0.029023614878026734,0.05510343660760994,"[0.063, -0.019, 0.096, 0.044, 0.029, 0.018, 0.078, 0.095, -0.056, 0.055]"
ES,GLOBEX,B1,138,TRQ5_TRV5,2022,245,0.02789835453111815,0.009386020016301278,0.04325644992520397,0.0699185838078036,0.0,0.014492753623188406,1.9249864626471522,0.030838797820114908,0.04965396169295596,0.037737266108653834,"[0.031, 0.144, 0.03, -0.036, 0.05, -0.021, 0.028, -0.055, -0.083, 0.038]"
ES,GLOBEX,B1,138,TRQ5_TRV5,2023,244,0.0277552238724334,0.011705026617786194,0.04989902043426269,0.06950235474057444,0.0,0.014492753623188406,1.9151104471979046,0.02168195059935219,0.075972346566885,-0.011125148699765807,"[0.022, -0.098, 0.091, -0.001, 0.076, 0.098, 0.068, 0.043, -0.019, -0.011]"
ES,GLOBEX,B1,138,TRQ5_TRV5,0,1953,0.02584563604397687,0.009966885169548554,0.0424925819771315,0.05930025491213217,0.0,0.014492753623188406,1.7833488870344039,0.07156733088670471,0.10473722848016032,0.07045399513412134,"[0.072, 0.091, 0.101, 0.107, 0.105, 0.107, 0.081, 0.085, 0.034, 0.07]"
ES,GLOBEX,B1,138,TRQ10_TRV10,2016,245,0.026272765125368927,0.015471737748808282,0.06025495826202961,0.08061287784242639,0.0,0.014492753623188406,1.812820793650456,0.17909488062407572,0.09408028030007184,-0.049472777315733664,"[0.179, 0.027, 0.168, 0.133, 0.094, 0.036, 0.065, 0.164, 0.01, -0.049]"
ES,GLOBEX,B1,138,TRQ10_TRV10,2017,243,0.02995036155253756,0.02075483026349567,0.06767247588514123,0.09266765986974439,0.0,0.014492753623188406,2.0665749471250914,-0.02344488512176599,-0.10733900257885948,0.037251245909338655,"[-0.023, 0.026, -0.093, -0.03, -0.107, -0.024, -0.076, 0.084, -0.012, 0.037]"
ES,GLOBEX,B1,138,TRQ10_TRV10,2018,243,0.029270966673986546,0.014043336946994923,0.055571417052366935,0.10406075424995533,0.0,0.014492753623188406,2.0196967005050714,-0.026829811943867465,-0.014492208148387633,-0.04304854252570918,"[-0.027, -0.043, 0.036, 0.016, -0.014, -0.072, 0.119, 0.004, -0.017, -0.043]"
ES,GLOBEX,B1,138,TRQ10_TRV10,2019,243,0.0303293485199642,0.02008829088819991,0.08885337822056437,0.12639264932448924,0.0,0.014492753623188406,2.0927250478775297,-0.016559457370851408,0.012945304040585014,-0.09321831602231538,"[-0.017, 0.117, 0.011, -0.059, 0.013, -0.056, 0.013, 0.053, 0.209, -0.093]"
ES,GLOBEX,B1,138,TRQ10_TRV10,2020,244,0.023471043158420593,0.013139487911213239,0.06343426970466616,0.10348032286908052,0.0,0.014492753623188406,1.619501977931021,-0.05803303353518098,-0.009700603211035337,-0.013321187540312045,"[-0.058, -0.073, 0.0, 0.142, -0.01, 0.082, 0.015, 0.068, -0.047, -0.013]"
ES,GLOBEX,B1,138,TRQ10_TRV10,2021,246,0.02765094823703796,0.015556738853557621,0.0663343750957179,0.09913571299626166,0.0,0.014492753623188406,1.9079154283556192,0.027237676269710836,0.12366291169161633,0.024640503735444793,"[0.027, -0.025, 0.051, -0.014, 0.124, -0.004, 0.052, 0.038, -0.085, 0.025]"
ES,GLOBEX,B1,138,TRQ10_TRV10,2022,245,0.028749182581009208,0.014780719586708024,0.08600045094484217,0.1565336873560512,0.0,0.014492753623188406,1.9836935980896353,0.0007420322533017669,-0.03624922193354368,0.09204357757061814,"[0.001, 0.08, 0.029, 0.017, -0.036, -0.076, 0.003, 0.016, -0.019, 0.092]"
ES,GLOBEX,B1,138,TRQ10_TRV10,2023,244,0.03161329627813994,0.019774974902842187,0.07594541499391831,0.10879124865651707,0.0,0.014492753623188406,2.1813174431916558,-0.05988523853260485,-0.06216851737106005,0.007177547332671144,"[-0.06, -0.107, 0.037, 0.041, -0.062, 0.017, 0.058, 0.066, -0.04, 0.007]"
ES,GLOBEX,B1,138,TRQ10_TRV10,0,1953,0.028384393854262842,0.017259321276558826,0.07151049408614515,0.11660577794926485,0.0,0.014492753623188406,1.9585231759441362,0.04263618901320917,0.029977211505847434,0.0367878675996703,"[0.043, 0.043, 0.061, 0.063, 0.03, 0.018, 0.059, 0.094, 0.047, 0.037]"
ES,GLOBEX,B1,138,MEDRQ_MEDRV,2016,245,0.022386340790258728,0.010900357177703508,0.05885343300760236,0.07438529609601252,0.0,0.014492753623188406,1.5446575145278523,0.12125798952640891,0.15819661262619128,0.023924359622658386,"[0.121, 0.097, 0.143, -0.001, 0.158, 0.089, 0.017, 0.042, 0.08, 0.024]"
ES,GLOBEX,B1,138,MEDRQ_MEDRV,2017,243,0.024324062092210764,0.011468936419822613,0.05697187663856776,0.09260315331239258,0.0,0.014492753623188406,1.6783602843625427,0.008821572140807005,0.03258821696665229,0.03379245853063472,"[0.009, -0.05, -0.168, 0.07, 0.033, 0.14, -0.089, -0.056, 0.051, 0.034]"
ES,GLOBEX,B1,138,MEDRQ_MEDRV,2018,243,0.025525238866243652,0.011740552934441182,0.05561136934466678,0.09683272808916284,0.0,0.014492753623188406,1.761241481770812,0.004625123492040512,0.0323895286784464,-0.01577142188505789,"[0.005, -0.024, -0.015, 0.144, 0.032, -0.05, -0.013, 0.052, 0.002, -0.016]"
ES,GLOBEX,B1,138,MEDRQ_MEDRV,2019,243,0.025658530116536925,0.014381227407869651,0.06759158695395265,0.12538232308763922,0.0,0.014492753623188406,1.7704385780410479,0.037230784397704796,0.05273533838129655,-0.08639880942327166,"[0.037, -0.068, -0.072, 0.052, 0.053, -0.068, -0.046, -0.045, 0.021, -0.086]"
ES,GLOBEX,B1,138,MEDRQ_MEDRV,2020,244,0.02222777017161036,0.01032484385009659,0.04571898508085009,0.06637737402151675,0.0,0.014492753623188406,1.5337161418411147,0.08111372352201109,-0.035402475637693526,0.03733769290403831,"[0.081, 0.016, 0.072, 0.051, -0.035, 0.043, 0.005, 0.172, 0.014, 0.037]"
ES,GLOBEX,B1,138,MEDRQ_MEDRV,2021,246,0.02503754852146703,0.013228852293053154,0.05090071901188584,0.08605218228959426,0.0,0.014492753623188406,1.727590847981225,0.003992813467290383,-0.010537051110427551,-0.009551718627707885,"[0.004, -0.048, 0.04, -0.001, -0.011, -0.001, 0.018, 0.039, -0.073, -0.01]"
ES,GLOBEX,B1,138,MEDRQ_MEDRV,2022,245,0.027659422492603798,0.01309925785881769,0.06649319682681983,0.10062777437224837,0.0,0.014492753623188406,1.908500151989662,-0.09790929680686249,0.07853687269706684,0.10995384377186207,"[-0.098, 0.057, -0.038, -0.01, 0.079, -0.074, -0.022, -0.092, -0.046, 0.11]"
ES,GLOBEX,B1,138,MEDRQ_MEDRV,2023,244,0.02837563619457582,0.01302384380800816,0.06660152753595323,0.11632376726465177,0.0,0.014492753623188406,1.9579188974257316,0.022615056771515093,0.061391861119024234,-0.07680199685805651,"[0.023, -0.041, 0.102, 0.002, 0.061, -0.025, -0.007, -0.049, 0.013, -0.077]"
ES,GLOBEX,B1,138,MEDRQ_MEDRV,0,1953,0.025115578655361452,0.012860398106917727,0.06058775528159093,0.10325566284606444,0.0,0.014492753623188406,1.7329749272199402,0.059370540583682345,0.08199983723479833,0.035558156808736356,"[0.059, 0.027, 0.039, 0.075, 0.082, 0.038, 0.019, 0.04, 0.048, 0.036]"
ES,GLOBEX,B1,345,RQ_RV,2016,245,0.012152737381647747,0.005856352284862226,0.030839646123363325,0.04327525635515904,0.0,0.005797101449275362,2.0963471983342363,0.10230244770345213,0.13925592724101468,0.01909748920138171,"[0.102, 0.179, 0.139, 0.055, 0.139, 0.089, 0.077, 0.1, 0.077, 0.019]"
ES,GLOBEX,B1,345,RQ_RV,2017,243,0.01339711292981056,0.00648591527212998,0.03117519737058234,0.05136648333882169,0.0,0.005797101449275362,2.3110019803923216,0.02771836735884331,-0.05588862889585782,0.12253730074068653,"[0.028, -0.049, 0.054, -0.055, -0.056, 0.054, -0.017, 0.031, 0.116, 0.123]"
ES,GLOBEX,B1,345,RQ_RV,2018,243,0.013213115767673221,0.006466702475110241,0.03478945525015711,0.05164503551977584,0.00411522633744856,0.005797101449275362,2.279262469923631,0.008765977694462189,0.013677295011279305,-0.00521279472225388,"[0.009, -0.002, 0.063, -0.065, 0.014, -0.077, 0.076, 0.109, -0.067, -0.005]"
ES,GLOBEX,B1,345,RQ_RV,2019,243,0.0146730449408709,0.008895726454333192,0.057151662084622565,0.14125862966379926,0.012345679012345678,0.005797101449275362,2.5311002523002304,0.006670685218193618,0.09406031722776803,-0.050268690670837314,"[0.007, 0.097, 0.06, -0.04, 0.094, -0.049, 0.031, 0.025, 0.132, -0.05]"
ES,GLOBEX,B1,345,RQ_RV,2020,244,0.011797799016977889,0.006072910850913681,0.032686345517675984,0.0626610571891267,0.0,0.005797101449275362,2.035120330428686,0.02406602710132331,0.005011431377091137,-0.1578798871474286,"[0.024, -0.117, -0.037, 0.076, 0.005, 0.075, 0.057, 0.104, -0.061, -0.158]"
ES,GLOBEX,B1,345,RQ_RV,2021,246,0.013157772924889144,0.006583263771875233,0.04383150691420075,0.06897022993638595,0.0,0.005797101449275362,2.2697158295433773,0.005862829788714078,0.08756028511545512,-0.10106239911579087,"[0.006, 0.103, -0.028, -0.026, 0.088, -0.024, 0.056, -0.074, -0.053, -0.101]"
ES,GLOBEX,B1,345,RQ_RV,2022,245,0.013470815037777095,0.007384373998236946,0.054963439365528804,0.28166545734553894,0.024489795918367346,0.005797101449275362,2.323715594016549,-0.05154739182027641,-0.057970275790815706,0.02549246764606419,"[-0.052, 0.032, 0.104, -0.021, -0.058, 0.061, -0.024, -0.064, -0.017, 0.025]"
ES,GLOBEX,B1,345,RQ_RV,2023,244,0.014860305262753688,0.008515704946007042,0.04467245622754605,0.13633741041413158,0.00819672131147541,0.005797101449275362,2.563402657825011,-0.13443828139619346,0.012227884959331326,-0.002380761764830859,"[-0.134, 0.01, 0.024, -0.012, 0.012, -0.123, 0.088, -0.065, 0.033, -0.002]"
ES,GLOBEX,B1,345,RQ_RV,0,1953,0.013318639958172632,0.007133505711335197,0.039922135828685465,0.09412246565666534,0.006656426011264721,0.005797101449275362,2.297465392784779,0.025935687742309255,0.057388037301945055,0.012133868801861769,"[0.026, 0.066, 0.082, 0.023, 0.057, 0.03, 0.068, 0.035, 0.052, 0.012]"
ES,GLOBEX,B1,345,TQ_BV,2016,245,0.010148903569997626,0.004164570937099297,0.020857929093277158,0.031636552230036676,0.0,0.005797101449275362,1.7506858658245905,0.0829761503231454,0.1942040279006543,0.06293431624309158,"[0.083, 0.088, 0.161, 0.13, 0.194, 0.092, 0.098, 0.05, 0.051, 0.063]"
ES,GLOBEX,B1,345,TQ_BV,2017,243,0.011565234476380424,0.0055735707464054166,0.02488267997918808,0.043086851711938934,0.0,0.005797101449275362,1.995002947175623,-0.007813599055621671,0.033580850515242566,0.006556994240068571,"[-0.008, 0.061, 0.0, -0.031, 0.034, 0.134, -0.022, 0.051, 0.072, 0.007]"
ES,GLOBEX,B1,345,TQ_BV,2018,243,0.011386877395864718,0.004485344647090488,0.020135228802618175,0.03773121942815032,0.0,0.005797101449275362,1.9642363507866638,-0.016911950981588954,0.09100842707126569,-0.019145064106322402,"[-0.017, -0.019, -0.081, 0.076, 0.091, -0.028, 0.039, -0.048, -0.008, -0.019]"
ES,GLOBEX,B1,345,TQ_BV,2019,243,0.01155139444823637,0.004809817494903421,0.02910238521008561,0.04773361053168611,0.0,0.005797101449275362,1.9926155423207736,0.01321537575296308,-0.01137729015005844,-0.07988011400108505,"[0.013, 0.063, -0.025, -0.016, -0.011, -0.052, 0.066, -0.006, 0.183, -0.08]"
ES,GLOBEX,B1,345,TQ_BV,2020,244,0.01002071266932426,0.0042617072483115,0.02180384292143464,0.03981897510103934,0.0,0.005797101449275362,1.728572935458435,0.04975622062480489,0.059544481373871104,-0.12669436396507047,"[0.05, -0.003, 0.081, 0.018, 0.06, 0.144, 0.061, 0.0, -0.018, -0.127]"
ES,GLOBEX,B1,345,TQ_BV,2021,246,0.011546083129471797,0.004937442262904348,0.025431102319076034,0.051909411737643865,0.0,0.005797101449275362,1.991699339833885,-0.055153760745209134,0.016814175530247905,-0.07641598353243854,"[-0.055, 0.024, -0.033, -0.02, 0.017, -0.109, 0.047, 0.019, -0.14, -0.076]"
ES,GLOBEX,B1,345,TQ_BV,2022,245,0.011815313699332437,0.004792691805034414,0.030051134747211192,0.05467622787383995,0.0,0.005797101449275362,2.038141613134845,-0.03765900130128052,0.025034929808876238,-0.0006053768457363076,"[-0.038, 0.025, -0.06, 0.003, 0.025, 0.059, 0.094, 0.068, -0.031, -0.001]"
ES,GLOBEX,B1,345,TQ_BV,2023,244,0.012654959691711955,0.005788704587736494,0.02844583078881862,0.06536029783861437,0.0,0.005797101449275362,2.1829805468203123,-0.11380605242174467,0.008109054416661128,0.021160322258694457,"[-0.114, -0.06, -0.073, -0.031, 0.008, -0.044, -0.017, -0.004, -0.028, 0.021]"
ES,GLOBEX,B1,345,TQ_BV,0,1953,0.011386877395864718,0.005015729624787397,0.02520123210294516,0.04915076761980976,0.0,0.005797101449275362,1.9642363507866638,0.02627125583117266,0.08310254652424487,0.015499874602977406,"[0.026, 0.062, 0.031, 0.051, 0.083, 0.056, 0.083, 0.062, 0.049, 0.015]"
ES,GLOBEX,B1,345,TRQ3_TRV3,2016,245,0.007349007174369973,0.001223913128906494,0.009619386868016293,0.011565168742023416,0.0,0.005797101449275362,1.2677037375788203,0.1183439996499151,0.16165743204451472,-0.022156577703154632,"[0.118, 0.174, 0.128, 0.107, 0.162, 0.027, 0.028, 0.051, 0.059, -0.022]"
ES,GLOBEX,B1,345,TRQ3_TRV3,2017,243,0.007447778791804701,0.0012347836828151063,0.009796592619911074,0.01155859066488178,0.0,0.005797101449275362,1.284741841586311,-0.028600030462297553,0.07087302550091693,0.01852748603145657,"[-0.029, 0.075, -0.028, -0.019, 0.071, 0.009, 0.01, 0.046, 0.027, 0.019]"
ES,GLOBEX,B1,345,TRQ3_TRV3,2018,243,0.00792415755385066,0.0013835451927737812,0.01100007089680814,0.013061992092011313,0.0,0.005797101449275362,1.3669171780392386,0.016606006546931052,0.08932127741070416,0.06424476786314118,"[0.017, 0.023, 0.092, 0.153, 0.089, 0.032, 0.181, 0.114, 0.057, 0.064]"
ES,GLOBEX,B1,345,TRQ3_TRV3,2019,243,0.007774145585201819,0.001294732994474598,0.010105585284129222,0.012579200067576636,0.0,0.005797101449275362,1.3410401134473138,0.049260793337822795,0.051177832713036144,0.04929755139127918,"[0.049, 0.082, -0.071, 0.082, 0.051, -0.079, 0.075, -0.029, 0.079, 0.049]"
ES,GLOBEX,B1,345,TRQ3_TRV3,2020,244,0.007397115541760709,0.001413838061130001,0.010061258071039109,0.01182243526688864,0.0,0.005797101449275362,1.2760024309537223,0.0035720455830517755,0.08098386051898876,-0.004024026680718729,"[0.004, 0.061, 0.126, 0.157, 0.081, 0.174, 0.084, 0.14, 0.068, -0.004]"
ES,GLOBEX,B1,345,TRQ3_TRV3,2021,246,0.007705889273094443,0.0016439089917261633,0.010509296288287603,0.014380069361304548,0.0,0.005797101449275362,1.3292658996087914,-0.01731734467108827,0.016374781314040725,-0.025009442611825344,"[-0.017, 0.039, -0.052, -0.11, 0.016, 0.029, -0.015, 0.055, -0.135, -0.025]"
ES,GLOBEX,B1,345,TRQ3_TRV3,2022,245,0.008122030479393316,0.0014652429472170898,0.011680517169715776,0.01695307236658838,0.0,0.005797101449275362,1.401050257695347,0.022664307768256398,-0.009300770731027506,-0.06539449043558383,"[0.023, 0.128, -0.007, 0.055, -0.009, 0.055, 0.022, -0.046, 0.056, -0.065]"
ES,GLOBEX,B1,345,TRQ3_TRV3,2023,244,0.008445905786788204,0.0017613193072939922,0.012085218639112142,0.016851088215420987,0.0,0.005797101449275362,1.4569187482209651,-0.09749385527889634,0.004148515658014665,-0.06862911178939624,"[-0.097, 0.036, -0.099, 0.016, 0.004, 0.025, 0.056, 0.025, 0.025, -0.069]"
ES,GLOBEX,B1,345,TRQ3_TRV3,0,1953,0.007758945606019917,0.0015001208267597039,0.010655267012792883,0.014468524229624975,0.0,0.005797101449275362,1.3384181170384357,0.09190261068950539,0.1293037377462554,0.07607177667362296,"[0.092, 0.157, 0.09, 0.137, 0.129, 0.119, 0.134, 0.123, 0.105, 0.076]"
ES,GLOBEX,B1,345,TRQ5_TRV5,2016,245,0.010245318699741697,0.0028937432506926253,0.014721636016194048,0.01820997131725176,0.0,0.005797101449275362,1.7673174757054426,0.06809981464345637,0.0786257048855378,-0.05551537285486042,"[0.068, 0.096, 0.067, 0.04, 0.079, 0.014, -0.02, 0.105, 0.06, -0.056]"
ES,GLOBEX,B1,345,TRQ5_TRV5,2017,243,0.010772165320215365,0.0027293425388934135,0.01601881019363964,0.020406874905093818,0.0,0.005797101449275362,1.8581985177371505,0.09309416913399916,-0.026651610487398045,-0.006043244769821217,"[0.093, 0.031, -0.084, 0.028, -0.027, 0.005, 0.068, 0.073, 0.028, -0.006]"
ES,GLOBEX,B1,345,TRQ5_TRV5,2018,243,0.011156947168729182,0.002621811096894088,0.015071232164059279,0.020586941371787872,0.0,0.005797101449275362,1.924573386605784,-0.04354416140041287,0.20035236265306972,0.04086773903581271,"[-0.044, 0.1, 0.109, 0.051, 0.2, 0.021, 0.097, 0.121, 0.017, 0.041]"
ES,GLOBEX,B1,345,TRQ5_TRV5,2019,243,0.010966328166785375,0.0028675910412306205,0.016353026760819254,0.021842908436205007,0.0,0.005797101449275362,1.8916916087704772,0.05554985656967194,0.0626005597952423,0.005273194552703071,"[0.056, 0.037, -0.017, -0.01, 0.063, 0.033, 0.04, -0.055, 0.055, 0.005]"
ES,GLOBEX,B1,345,TRQ5_TRV5,2020,244,0.010219375555639591,0.0026614795444061725,0.014951629912677082,0.01634532969930587,0.0,0.005797101449275362,1.7628422833478294,0.03441721332707353,0.10038597722627603,0.031598212355739036,"[0.034, 0.006, 0.046, 0.156, 0.1, 0.207, 0.1, 0.165, -0.01, 0.032]"
ES,GLOBEX,B1,345,TRQ5_TRV5,2021,246,0.010786674192195016,0.003007930591336711,0.016272188823170945,0.02173110077254933,0.0,0.005797101449275362,1.8607012981536404,0.04736275423906656,-0.07072624310347544,-0.026378791231137715,"[0.047, 0.017, -0.058, -0.031, -0.071, 0.004, 0.06, 0.03, -0.09, -0.026]"
ES,GLOBEX,B1,345,TRQ5_TRV5,2022,245,0.01150869731672358,0.002904859784930618,0.017036755290774995,0.025412554524730735,0.0,0.005797101449275362,1.9852502871348174,-0.016156266938016858,-0.0470993369005727,-0.06099078150545872,"[-0.016, 0.022, -0.046, -0.048, -0.047, 0.012, 0.15, -0.085, -0.02, -0.061]"
ES,GLOBEX,B1,345,TRQ5_TRV5,2023,244,0.011764523314771212,0.003379039936004304,0.017982961199682682,0.027588397674277752,0.0,0.005797101449275362,2.029380271798034,-0.04286275098770348,0.02058669134003852,0.07136409046183828,"[-0.043, 0.014, -0.111, 0.032, 0.021, -0.004, -0.003, 0.047, 0.008, 0.071]"
ES,GLOBEX,B1,345,TRQ5_TRV5,0,1953,0.010964192063962078,0.0029827848047966864,0.016017810172303856,0.02251376094997684,0.0,0.005797101449275362,1.8913231310334584,0.08074511991543597,0.08209580033968894,0.0603847939974596,"[0.081, 0.092, 0.038, 0.083, 0.082, 0.094, 0.11, 0.097, 0.052, 0.06]"
ES,GLOBEX,B1,345,TRQ10_TRV10,2016,245,0.012152737381647747,0.005465521409360265,0.030018036046091066,0.038593493277094694,0.0,0.005797101449275362,2.0963471983342363,0.09617565763248682,0.15736502792726456,0.045562799191483275,"[0.096, 0.157, 0.155, 0.071, 0.157, 0.091, 0.073, 0.103, 0.095, 0.046]"
ES,GLOBEX,B1,345,TRQ10_TRV10,2017,243,0.013387165200365769,0.006410026624909464,0.028328932245750834,0.03818454513197443,0.0,0.005797101449275362,2.3092859970630952,-0.0042076689344548324,-0.05247297523425139,0.08041884834944509,"[-0.004, -0.018, 0.074, -0.037, -0.052, 0.037, -0.001, 0.071, 0.073, 0.08]"
ES,GLOBEX,B1,345,TRQ10_TRV10,2018,243,0.01320959482672177,0.006001175841661986,0.027868923481455914,0.03804868419375586,0.0,0.005797101449275362,2.2786551076095054,0.006224147716829292,0.08304759864670022,0.038847613350143466,"[0.006, 0.022, 0.06, -0.002, 0.083, -0.081, 0.052, 0.115, 0.048, 0.039]"
ES,GLOBEX,B1,345,TRQ10_TRV10,2019,243,0.014200368656668022,0.007061362655785332,0.03349179246268206,0.04556046225563441,0.0,0.005797101449275362,2.4495635932752338,-0.03901907737339221,0.08304753442479561,-0.09881862417099992,"[-0.039, 0.057, -0.001, -0.05, 0.083, 0.01, 0.097, 0.003, 0.143, -0.099]"
ES,GLOBEX,B1,345,TRQ10_TRV10,2020,244,0.011797799016977889,0.005656542356822844,0.025873079191221608,0.03914054339891854,0.0,0.005797101449275362,2.035120330428686,0.04656654347130484,0.03432038041710614,-0.10297477123456948,"[0.047, -0.024, 0.016, 0.032, 0.034, 0.115, 0.096, 0.016, -0.016, -0.103]"
ES,GLOBEX,B1,345,TRQ10_TRV10,2021,246,0.012909923518164368,0.006374171505561901,0.03211003634747319,0.05044580194654262,0.0,0.005797101449275362,2.226961806883353,-0.013389339837051789,0.013959024893182218,-0.03594660073988975,"[-0.013, 0.048, -0.085, -0.002, 0.014, -0.05, 0.043, -0.02, -0.002, -0.036]"
ES,GLOBEX,B1,345,TRQ10_TRV10,2022,245,0.013291089270539907,0.0064303019834808,0.03765756817593828,0.054881166156156014,0.0,0.005797101449275362,2.292712899168134,-0.031157697549899624,-0.11533400017069709,0.019565047545978823,"[-0.031, 0.013, 0.009, 0.026, -0.115, 0.009, 0.032, 0.006, 0.002, 0.02]"
ES,GLOBEX,B1,345,TRQ10_TRV10,2023,244,0.014792527818473344,0.007988725257811639,0.0359753310097067,0.04791383706622885,0.0,0.005797101449275362,2.5517110486866517,-0.11441890022071713,0.03896682893257205,0.026292561211062538,"[-0.114, 0.098, -0.089, -0.006, 0.039, -0.114, 0.085, -0.057, 0.055, 0.026]"
ES,GLOBEX,B1,345,TRQ10_TRV10,0,1953,0.01323914339294838,0.0066299798904861755,0.03226293678530757,0.04669239477582535,0.0,0.005797101449275362,2.2837522352835955,0.024330469922225942,0.06404537304609031,0.02896050645745802,"[0.024, 0.078, 0.045, 0.035, 0.064, 0.036, 0.089, 0.055, 0.079, 0.029]"
ES,GLOBEX,B1,345,MEDRQ_MEDRV,2016,245,0.010340535205961733,0.004007661945391754,0.023248148159720837,0.03127755708970878,0.0,0.005797101449275362,1.783742323028399,0.09901400498046078,0.14792616663259417,-0.07481364474491725,"[0.099, 0.092, 0.148, 0.136, 0.148, 0.025, 0.124, 0.086, 0.055, -0.075]"
ES,GLOBEX,B1,345,MEDRQ_MEDRV,2017,243,0.010787863730374528,0.004607325237711228,0.026409548849528945,0.03789187861901586,0.0,0.005797101449275362,1.860906493489606,0.007763055390199972,-0.007294038529008584,0.04422964121047999,"[0.008, -0.063, -0.066, -0.025, -0.007, -0.017, 0.031, 0.127, -0.05, 0.044]"
ES,GLOBEX,B1,345,MEDRQ_MEDRV,2018,243,0.011617019945314696,0.004737044984378984,0.022827200244507906,0.040731393616401664,0.0,0.005797101449275362,2.003935940566785,-0.04376141810548448,-0.012123650122995341,-0.03837741842346637,"[-0.044, -0.018, -0.052, -0.043, -0.012, -0.015, 0.038, 0.008, -0.031, -0.038]"
ES,GLOBEX,B1,345,MEDRQ_MEDRV,2019,243,0.011691360383842265,0.006217833692183747,0.02966914149586257,0.052143395234548195,0.0,0.005797101449275362,2.0167596662127907,0.022082830107635888,0.03472369068198061,-0.08392832772302528,"[0.022, 0.05, 0.026, 0.033, 0.035, -0.0, 0.102, 0.005, 0.133, -0.084]"
ES,GLOBEX,B1,345,MEDRQ_MEDRV,2020,244,0.01058552370404448,0.005587994030965654,0.02230403340532091,0.041630874210880874,0.0,0.005797101449275362,1.8260028389476728,0.00918868944373068,0.06428952038667318,-0.010158504669050347,"[0.009, -0.082, 0.023, 0.037, 0.064, 0.06, 0.047, 0.083, 0.07, -0.01]"
ES,GLOBEX,B1,345,MEDRQ_MEDRV,2021,246,0.011826797761054848,0.005621526842104164,0.027557531092634202,0.05814861270161334,0.0,0.005797101449275362,2.040122613781961,-0.14139716446667264,0.003973642535930123,-0.11371711129722673,"[-0.141, 0.023, -0.0, -0.094, 0.004, 0.028, 0.103, 0.05, -0.095, -0.114]"
ES,GLOBEX,B1,345,MEDRQ_MEDRV,2022,245,0.012315141632201501,0.005340276821712257,0.028126020025607122,0.05077071559437835,0.0,0.005797101449275362,2.124361931554759,-0.028847142929414243,0.005117644714252867,0.004680837983060309,"[-0.029, 0.008, 0.007, -0.028, 0.005, 0.071, 0.079, 0.018, 0.042, 0.005]"
ES,GLOBEX,B1,345,MEDRQ_MEDRV,2023,244,0.013030817220944301,0.00653953287436565,0.03480591416128422,0.06627593451367891,0.0,0.005797101449275362,2.247815970612892,-0.05379820273247495,-0.03999456311103579,-0.005639588287825636,"[-0.054, -0.007, -0.105, -0.014, -0.04, -0.043, 0.075, 0.051, 0.032, -0.006]"
ES,GLOBEX,B1,345,MEDRQ_MEDRV,0,1953,0.011530671615295389,0.005279633433567656,0.027425530804100123,0.04848940117545397,0.0,0.005797101449275362,1.9890408536384545,0.02174407119328162,0.05969741573441479,0.008801808612486231,"[0.022, 0.041, 0.034, 0.039, 0.06, 0.055, 0.113, 0.091, 0.06, 0.009]"
ES,GLOBEX,B1,1380,RQ_RV,2016,245,0.0031639837437285796,0.001514939455266184,0.008428970653212154,0.017828817039850942,0.004081632653061225,0.0014492753623188406,2.18314878317272,0.029767184567613805,-0.008535480258770888,-0.00878371238700436,"[0.03, -0.05, -0.026, -0.028, -0.009, -0.057, -0.07, 0.026, -0.07, -0.009]"
ES,GLOBEX,B1,1380,RQ_RV,2017,243,0.0032963516339449806,0.0016458382620047891,0.007830436064710148,0.011054803034025097,0.00411522633744856,0.0014492753623188406,2.2744826274220364,-0.011820149390770772,0.02463410502318892,0.009520837131181282,"[-0.012, -0.045, -0.013, -0.088, 0.025, 0.007, 0.012, 0.028, 0.055, 0.01]"
ES,GLOBEX,B1,1380,RQ_RV,2018,243,0.003760785589159317,0.0014535471802927745,0.00937545167064557,0.02976618114908689,0.00823045267489712,0.0014492753623188406,2.5949420565199284,-0.013253543086093207,-0.001469383240226086,0.03234353002676285,"[-0.013, 0.0, 0.038, 0.035, -0.001, -0.035, 0.104, -0.003, -0.079, 0.032]"
ES,GLOBEX,B1,1380,RQ_RV,2019,243,0.004197731351313411,0.004402596244393706,0.028972514301358655,0.0589472236033736,0.0205761316872428,0.0014492753623188406,2.8964346324062538,0.11623816025235886,0.09522914643858181,0.046837023481655464,"[0.116, 0.255, 0.101, 0.121, 0.095, 0.034, 0.009, -0.043, 0.099, 0.047]"
ES,GLOBEX,B1,1380,RQ_RV,2020,244,0.0036713128927378103,0.00188778939196941,0.010217379712012158,0.028662221827965115,0.00819672131147541,0.0014492753623188406,2.533205895989089,-0.05643627171771958,-0.13929190072775213,-0.11311658179854499,"[-0.056, -0.099, 0.013, 0.1, -0.139, -0.04, 0.078, 0.036, -0.105, -0.113]"
ES,GLOBEX,B1,1380,RQ_RV,2021,246,0.003773203510515747,0.0015268270707591053,0.011874089688862935,0.028521110109184324,0.008130081300813009,0.0014492753623188406,2.6035104222558654,-0.08069828312584959,0.09816457258547455,-0.062122651288142504,"[-0.081, 0.034, -0.051, 0.008, 0.098, 0.001, 0.024, -0.068, -0.037, -0.062]"
ES,GLOBEX,B1,1380,RQ_RV,2022,245,0.0039929830581614065,0.0024291665809057553,0.025310793224281418,0.16611308056227644,0.0326530612244898,0.0014492753623188406,2.7551583101313706,-0.016525285502385616,0.035472123718957825,0.01462885232524276,"[-0.017, 0.017, 0.002, 0.008, 0.035, 0.023, -0.022, -0.096, 0.056, 0.015]"
ES,GLOBEX,B1,1380,RQ_RV,2023,244,0.004208603693781774,0.0026173403875934358,0.018681671043342982,0.06580308477841512,0.020491803278688523,0.0014492753623188406,2.903936548709424,-0.0927365990075719,0.011225471021455937,-0.06417674530607483,"[-0.093, -0.029, -0.005, 0.019, 0.011, -0.081, 0.056, 0.044, 0.037, -0.064]"
ES,GLOBEX,B1,1380,RQ_RV,0,1953,0.0037382746006953257,0.002050834871610477,0.015078728373705542,0.04517361447547761,0.013824884792626729,0.0014492753623188406,2.5794094744797746,0.06185445047696216,0.09158553794674226,0.05567534690448804,"[0.062, 0.105, 0.081, 0.101, 0.092, 0.056, 0.084, 0.043, 0.086, 0.056]"
ES,GLOBEX,B1,1380,TQ_BV,2016,245,0.0030019803555391546,0.0009784778110975313,0.0064749858560055945,0.00988432806901559,0.0,0.0014492753623188406,2.0713664453220164,0.047308890680744196,0.06877681376940939,-0.015171073046710882,"[0.047, 0.057, 0.149, 0.06, 0.069, 0.048, 0.064, 0.156, 0.024, -0.015]"
ES,GLOBEX,B1,1380,TQ_BV,2017,243,0.003248501588726063,0.0011188865033470415,0.005998966027698588,0.010365567715637134,0.0,0.0014492753623188406,2.2414660962209836,0.0033757666836419023,-0.02822878123324867,0.009366417455196247,"[0.003, -0.062, -0.058, -0.039, -0.028, -0.023, 0.103, -0.068, 0.029, 0.009]"
ES,GLOBEX,B1,1380,TQ_BV,2018,243,0.0032558515324632178,0.0011536390724094245,0.006974657856029929,0.009416749443166162,0.0,0.0014492753623188406,2.2465375573996202,-0.0823989738849109,0.014995078243541127,-0.0011550253761385472,"[-0.082, -0.042, 0.039, 0.02, 0.015, -0.035, 0.083, -0.023, 0.019, -0.001]"
ES,GLOBEX,B1,1380,TQ_BV,2019,243,0.0033208615493965934,0.001960329780533573,0.010248661451218735,0.020019975221028517,0.00411522633744856,0.0014492753623188406,2.291394469083649,0.02214402090639604,0.08200810791463259,-0.1083949925740245,"[0.022, 0.145, 0.04, 0.032, 0.082, -0.013, -0.012, 0.025, 0.063, -0.108]"
ES,GLOBEX,B1,1380,TQ_BV,2020,244,0.002970043529608409,0.0011513953062678522,0.007488513471120048,0.01656685392169199,0.0,0.0014492753623188406,2.049330035429802,0.004871648162089725,-0.02355713897230851,-0.09240685784824278,"[0.005, -0.083, 0.087, -0.007, -0.024, 0.059, -0.01, 0.106, -0.063, -0.092]"
ES,GLOBEX,B1,1380,TQ_BV,2021,246,0.0033270287751936845,0.0013800119192627787,0.008595801940880726,0.013616644228114646,0.0040650406504065045,0.0014492753623188406,2.295649854883642,-0.0687716688607179,0.03880358863299913,-0.05891867403463692,"[-0.069, -0.029, -0.075, 0.006, 0.039, -0.03, 0.074, -0.036, -0.091, -0.059]"
ES,GLOBEX,B1,1380,TQ_BV,2022,245,0.0033521274509124353,0.0014635928188979673,0.010900694417545839,0.02317257409939325,0.004081632653061225,0.0014492753623188406,2.3129679411295805,-0.026576648404652042,0.0209657485171468,-0.01112901104651602,"[-0.027, 0.082, -0.081, 0.058, 0.021, 0.052, 0.025, -0.051, 0.043, -0.011]"
ES,GLOBEX,B1,1380,TQ_BV,2023,244,0.0036187392911347775,0.0014856148772206604,0.011133245733433017,0.018274794991440305,0.004098360655737705,0.0014492753623188406,2.4969301108829964,-0.048525090335357124,0.07866358976715258,-0.062077961567435336,"[-0.049, -0.04, -0.047, 0.003, 0.079, -0.055, 0.014, -0.082, 0.04, -0.062]"
ES,GLOBEX,B1,1380,TQ_BV,0,1953,0.003260342138814852,0.0013505760146705773,0.008299150120740402,0.01566385643570782,0.0030721966205837174,0.0014492753623188406,2.249636075782248,0.026051974137262724,0.07855540700502739,-0.0061416132234251245,"[0.026, 0.06, 0.042, 0.068, 0.079, 0.048, 0.071, 0.039, 0.051, -0.006]"
ES,GLOBEX,B1,1380,TRQ3_TRV3,2016,245,0.0017715591118189842,0.00020835996169585053,0.0021313378229931203,0.0025861116371447106,0.0,0.0014492753623188406,1.222375787155099,0.14738964734782972,-0.022445213814503803,-0.01868559848534733,"[0.147, 0.202, 0.107, 0.06, -0.022, -0.033, -0.039, -0.009, 0.057, -0.019]"
ES,GLOBEX,B1,1380,TRQ3_TRV3,2017,243,0.0017189419125870973,0.00028419869113326893,0.002173425131552582,0.002455332420269047,0.0,0.0014492753623188406,1.1860699196850972,0.19932311021460758,0.07149170408528037,0.01153426758497373,"[0.199, 0.184, 0.06, 0.062, 0.071, -0.009, 0.013, 0.008, 0.023, 0.012]"
ES,GLOBEX,B1,1380,TRQ3_TRV3,2018,243,0.001956992380082154,0.00036192849634076696,0.002506116703731042,0.0027799164179681222,0.0,0.0014492753623188406,1.3503247422566862,0.19005238691878265,0.18054001546140339,0.11244359298247161,"[0.19, 0.168, 0.244, 0.201, 0.181, 0.153, 0.227, 0.15, 0.168, 0.112]"
ES,GLOBEX,B1,1380,TRQ3_TRV3,2019,243,0.0018753600918701707,0.0002877974937540409,0.0023067717655837886,0.0030997584456128103,0.0,0.0014492753623188406,1.2939984633904178,0.21629676495594194,0.030082821998991607,0.011607733662016137,"[0.216, 0.072, -0.012, 0.083, 0.03, -0.025, 0.071, -0.03, 0.059, 0.012]"
ES,GLOBEX,B1,1380,TRQ3_TRV3,2020,244,0.001848584787924969,0.0002723881698706021,0.002436755198293463,0.0028768115470654003,0.0,0.0014492753623188406,1.2755235036682286,0.06955751810301902,0.11237893311932982,0.018892323297564524,"[0.07, 0.055, 0.213, 0.127, 0.112, 0.111, 0.083, 0.149, 0.07, 0.019]"
ES,GLOBEX,B1,1380,TRQ3_TRV3,2021,246,0.001912620741649701,0.0003010064902364323,0.0025192004743498438,0.00291290570263536,0.0,0.0014492753623188406,1.3197083117382937,-0.036509451288152,0.0424724056517461,-0.0422508451112694,"[-0.037, 0.01, -0.028, -0.071, 0.042, 0.054, 0.007, 0.027, -0.127, -0.042]"
ES,GLOBEX,B1,1380,TRQ3_TRV3,2022,245,0.0020134513702338656,0.0003338523784198119,0.002727189361728392,0.003945599381864467,0.0,0.0014492753623188406,1.3892814454613673,0.05889257455724746,0.05268991581128424,-0.0369244935147736,"[0.059, 0.102, 0.02, 0.007, 0.053, 0.118, 0.043, -0.082, 0.025, -0.037]"
ES,GLOBEX,B1,1380,TRQ3_TRV3,2023,244,0.002088984786470225,0.0003390225705420108,0.002818154662965175,0.003614268474921319,0.0,0.0014492753623188406,1.4413995026644553,-0.02208775505063916,0.06462238516782971,-0.0143647612298539,"[-0.022, -0.001, -0.082, -0.009, 0.065, -0.019, 0.025, -0.074, 0.002, -0.014]"
ES,GLOBEX,B1,1380,TRQ3_TRV3,0,1953,0.0018945696078155063,0.00033366934171438615,0.002521999849490007,0.0031944051683087606,0.0,0.0014492753623188406,1.3072530293926994,0.28005188951717136,0.258270729102858,0.19841196401657463,"[0.28, 0.274, 0.246, 0.245, 0.258, 0.243, 0.248, 0.211, 0.222, 0.198]"
ES,GLOBEX,B1,1380,TRQ5_TRV5,2016,245,0.00247141216386749,0.0004020417582531921,0.0032473575200991805,0.004090362248236437,0.0,0.0014492753623188406,1.705274393068568,0.1972110332371374,-0.0297178401883143,-0.09447286033883046,"[0.197, 0.169, 0.086, -0.042, -0.03, 0.059, -0.058, -0.076, -0.018, -0.094]"
ES,GLOBEX,B1,1380,TRQ5_TRV5,2017,243,0.002407013760822826,0.0005128155769443636,0.003222428480016253,0.0036646086075295867,0.0,0.0014492753623188406,1.66083949496775,0.1704645271330885,0.0569661816096294,0.028009035795227084,"[0.17, 0.138, 0.019, 0.074, 0.057, -0.015, 0.074, -0.096, 0.001, 0.028]"
ES,GLOBEX,B1,1380,TRQ5_TRV5,2018,243,0.002781457253921312,0.0005307885720487659,0.0036362919633190632,0.0042705398931013145,0.0,0.0014492753623188406,1.9192055052057053,0.20056456168240536,0.16707960357678406,0.05957706619229102,"[0.201, 0.131, 0.119, 0.201, 0.167, 0.077, 0.153, 0.116, 0.099, 0.06]"
ES,GLOBEX,B1,1380,TRQ5_TRV5,2019,243,0.00267902744545951,0.000513947213827793,0.0034401143827496074,0.0043733355537905645,0.0,0.0014492753623188406,1.848528937367062,0.11372960887050416,0.005833736143913646,-0.0008485965990418894,"[0.114, 0.059, 0.006, 0.063, 0.006, 0.043, 0.093, 0.064, 0.123, -0.001]"
ES,GLOBEX,B1,1380,TRQ5_TRV5,2020,244,0.0026126187597473364,0.0004563071677291474,0.003624927909960476,0.004079117113310595,0.0,0.0014492753623188406,1.802706944225662,0.07675022863161515,0.1366526906924633,-0.011595985944735482,"[0.077, 0.119, 0.213, 0.151, 0.137, 0.185, 0.103, 0.153, 0.132, -0.012]"
ES,GLOBEX,B1,1380,TRQ5_TRV5,2021,246,0.0027407449705398835,0.0005741567322623182,0.0038290907975912745,0.004666268990662823,0.0,0.0014492753623188406,1.8911140296725195,0.04439601412189432,0.06343992695504357,0.0032887244049650322,"[0.044, -0.015, -0.115, -0.047, 0.063, 0.038, 0.021, -0.024, -0.109, 0.003]"
ES,GLOBEX,B1,1380,TRQ5_TRV5,2022,245,0.0028970252071177055,0.0006427490690874642,0.003965522505195408,0.005725049853282497,0.0,0.0014492753623188406,1.9989473929112167,0.0710527276250506,0.030705710745430558,-0.092440392619378,"[0.071, 0.07, -0.033, -0.024, 0.031, 0.112, 0.072, -0.048, -0.006, -0.092]"
ES,GLOBEX,B1,1380,TRQ5_TRV5,2023,244,0.0029648159091984656,0.0006395949507591201,0.004212098708937335,0.005968698688361054,0.0,0.0014492753623188406,2.045722977346941,-0.04227891226238833,0.09185856295307304,-0.002341786202620124,"[-0.042, -0.027, -0.095, 0.0, 0.092, 0.014, -0.019, -0.075, -0.033, -0.002]"
ES,GLOBEX,B1,1380,TRQ5_TRV5,0,1953,0.0026877444985514707,0.0005827679465587169,0.003720523519492677,0.005248392145386453,0.0,0.0014492753623188406,1.8545437040005148,0.22845793797208852,0.20804928828355,0.133914067473018,"[0.228, 0.21, 0.162, 0.187, 0.208, 0.206, 0.195, 0.143, 0.16, 0.134]"
ES,GLOBEX,B1,1380,TRQ10_TRV10,2016,245,0.0031456831810854472,0.001177391354213428,0.005647431293775602,0.0073014736910900595,0.0,0.0014492753623188406,2.1705213949489583,0.007836665798522706,-0.013705261406836677,-0.016415434366005646,"[0.008, 0.051, 0.046, 0.018, -0.014, -0.02, 0.072, 0.015, 0.005, -0.016]"
ES,GLOBEX,B1,1380,TRQ10_TRV10,2017,243,0.003193754151924936,0.0012153909099626953,0.005661092262849924,0.007774403563923858,0.0,0.0014492753623188406,2.203690364828206,0.057531728074796944,0.05998906040034718,0.06175297693014744,"[0.058, 0.019, -0.03, -0.037, 0.06, -0.023, 0.079, 0.007, 0.018, 0.062]"
ES,GLOBEX,B1,1380,TRQ10_TRV10,2018,243,0.0037022089779710945,0.00121728630655732,0.005887414538926275,0.008427990345804265,0.0,0.0014492753623188406,2.554524194800055,-0.02162585345193517,0.04730346237878589,0.01824763857854741,"[-0.022, -0.019, 0.049, 0.011, 0.047, -0.135, 0.018, 0.021, -0.04, 0.018]"
ES,GLOBEX,B1,1380,TRQ10_TRV10,2019,243,0.003813867170572233,0.0018887267241169468,0.007188210387492825,0.01094747949379185,0.0,0.0014492753623188406,2.6315683476948406,0.09666011167563762,0.023946305864644333,-0.05003813098171011,"[0.097, 0.109, 0.014, -0.037, 0.024, 0.011, 0.104, -0.021, 0.091, -0.05]"
ES,GLOBEX,B1,1380,TRQ10_TRV10,2020,244,0.0035870922326853992,0.0016044346377156057,0.006301015478995496,0.007331753514183315,0.0,0.0014492753623188406,2.4750936405529256,-0.014270688670117172,0.07131255802427619,-0.04388777663765302,"[-0.014, 0.012, 0.08, 0.11, 0.071, 0.099, 0.059, 0.078, -0.004, -0.044]"
ES,GLOBEX,B1,1380,TRQ10_TRV10,2021,246,0.0037471112306710803,0.0012109936184055274,0.006528995262084976,0.010588452165901008,0.0,0.0014492753623188406,2.5855067491630455,-0.06295547138989777,0.023260266281839588,-0.08892767331525504,"[-0.063, 0.02, -0.058, 0.06, 0.023, 0.081, 0.013, 0.05, -0.046, -0.089]"
ES,GLOBEX,B1,1380,TRQ10_TRV10,2022,245,0.0038055241889786463,0.0014583220802411975,0.007385029945601335,0.011317408715149106,0.0,0.0014492753623188406,2.625811690395266,0.07410186191044309,-0.014936738536838969,-0.053587485063202496,"[0.074, -0.01, -0.106, 0.001, -0.015, -0.01, 0.023, -0.052, -0.009, -0.054]"
ES,GLOBEX,B1,1380,TRQ10_TRV10,2023,244,0.0040266023529974704,0.0018108853429847317,0.007536842967009278,0.011299457745528946,0.0,0.0014492753623188406,2.7783556235682547,-0.04402835592927415,0.12399382947690663,0.004971423922126454,"[-0.044, -0.071, -0.055, -0.017, 0.124, 0.007, 0.001, -0.044, -0.03, 0.005]"
ES,GLOBEX,B1,1380,TRQ10_TRV10,0,1953,0.0036219464586784286,0.0015022156618056228,0.0066502100796846575,0.009725972530954339,0.0,0.0014492753623188406,2.4991430564881156,0.08657426171425506,0.10577071101050345,0.04573251334771789,"[0.087, 0.083, 0.057, 0.08, 0.106, 0.074, 0.113, 0.067, 0.067, 0.046]"
ES,GLOBEX,B1,1380,MEDRQ_MEDRV,2016,245,0.002677852853714628,0.0009630820041033462,0.006750020830941024,0.011265014493764861,0.004081632653061225,0.0014492753623188406,1.8477184690630934,-0.05062109843791018,-0.008647665334985987,-0.08543830666735387,"[-0.051, -0.004, 0.018, -0.008, -0.009, -0.034, 0.059, 0.004, -0.014, -0.085]"
ES,GLOBEX,B1,1380,MEDRQ_MEDRV,2017,243,0.0026941425955818842,0.0010368713519532603,0.005010612486723391,0.009324591337145936,0.00411522633744856,0.0014492753623188406,1.8589583909515002,-0.00968433057864512,0.014339886239963698,0.0704470000208804,"[-0.01, -0.053, -0.055, 0.025, 0.014, -0.01, 0.017, -0.04, -0.008, 0.07]"
ES,GLOBEX,B1,1380,MEDRQ_MEDRV,2018,243,0.0031981383658127105,0.0011646022379105956,0.00626085460550376,0.014224641532553142,0.00411522633744856,0.0014492753623188406,2.20671547241077,0.005932949902918542,-0.002224351161562697,0.012344894264810299,"[0.006, -0.073, 0.094, 0.043, -0.002, -0.07, 0.173, -0.054, 0.001, 0.012]"
ES,GLOBEX,B1,1380,MEDRQ_MEDRV,2019,243,0.0032664533075350962,0.0018177390404720056,0.010980775146918626,0.02731912154766595,0.00411522633744856,0.0014492753623188406,2.2538527821992163,0.08503915301434656,0.057007691908429005,-0.1019251583224807,"[0.085, 0.149, 0.024, 0.049, 0.057, 0.034, 0.038, 0.045, 0.103, -0.102]"
ES,GLOBEX,B1,1380,MEDRQ_MEDRV,2020,244,0.003036723569162812,0.0013831823306672186,0.00785331191973365,0.022602248596396785,0.0,0.0014492753623188406,2.09533926272234,0.010034231623402053,-0.08600746843439071,-0.09630447217723785,"[0.01, -0.045, 0.096, 0.03, -0.086, -0.038, -0.023, 0.074, -0.052, -0.096]"
ES,GLOBEX,B1,1380,MEDRQ_MEDRV,2021,246,0.0033227641624016,0.0013475833515964458,0.006579549468064014,0.012910994877274524,0.0,0.0014492753623188406,2.292707272057104,-0.008769408858031031,0.05993911355677256,-0.04499968540716265,"[-0.009, -0.008, -0.048, 0.011, 0.06, -0.01, 0.088, -0.059, -0.073, -0.045]"
ES,GLOBEX,B1,1380,MEDRQ_MEDRV,2022,245,0.0034671441400413333,0.0014526144822184887,0.009190259671143595,0.01954326596193163,0.004081632653061225,0.0014492753623188406,2.39232945662852,-0.010776503959848112,-0.01074922990369234,0.046551593397568876,"[-0.011, 0.062, -0.096, -0.02, -0.011, -0.001, 0.008, -0.054, 0.031, 0.047]"
ES,GLOBEX,B1,1380,MEDRQ_MEDRV,2023,244,0.003633461413642511,0.0017990687021276026,0.010422026957053217,0.030554977214305497,0.00819672131147541,0.0014492753623188406,2.5070883754133324,-0.06773465728430093,0.05805714712357566,-0.019393494922547792,"[-0.068, -0.042, -0.038, -0.005, 0.058, -0.039, 0.058, -0.118, -0.014, -0.019]"
ES,GLOBEX,B1,1380,MEDRQ_MEDRV,0,1953,0.0031429092235174066,0.0014218042011546277,0.0078771124007271,0.02010141051072025,0.00409626216077829,0.0014492753623188406,2.1686073642270105,0.06371108276533792,0.07453047989874853,0.029168576444412047,"[0.064, 0.075, 0.064, 0.087, 0.075, 0.051, 0.107, 0.046, 0.065, 0.029]"
NQ,GLOBEX,B0,23,RQ_RV,2016,241,0.11874659398364434,0.07215750408189948,0.26032345055311185,0.43865669806460045,0.0,0.08695652173913043,1.36558583081191,-0.026962477992522993,-0.012226176876232574,0.01977127631423207,"[-0.027, 0.191, 0.087, 0.029, -0.012, 0.015, 0.098, 0.022, 0.093, 0.02]"
NQ,GLOBEX,B0,23,RQ_RV,2017,242,0.12953499047996633,0.07039783179540178,0.31607828846116676,0.40442880937161985,0.0,0.08695652173913043,1.4896523905196128,0.022343126441325165,-0.021902244089987023,-0.045742593185328896,"[0.022, 0.02, -0.029, 0.039, -0.022, -0.002, -0.064, -0.018, -0.084, -0.046]"
NQ,GLOBEX,B0,23,RQ_RV,2018,243,0.12580361327525277,0.07721787866997284,0.29568896081325774,0.41139607948297424,0.0,0.08695652173913043,1.4467415526654068,0.17927618293769354,-0.022290136392948818,0.00146853216073318,"[0.179, -0.071, -0.081, -0.0, -0.022, -0.099, 0.022, 0.078, -0.021, 0.001]"
NQ,GLOBEX,B0,23,RQ_RV,2019,243,0.11963246487702349,0.08416068176169336,0.3266871550430299,0.4473028877703,0.0,0.08695652173913043,1.3757733460857702,0.058539553414330946,0.08623645811868884,0.08591009229670896,"[0.059, -0.024, -0.015, -0.001, 0.086, -0.104, 0.018, 0.063, 0.08, 0.086]"
NQ,GLOBEX,B0,23,RQ_RV,2020,244,0.10840976455502702,0.05612097992208609,0.2441024083546534,0.3001639689248428,0.0,0.08695652173913043,1.2467122923828107,-0.0011071758589040663,-0.15922964935463127,0.031775251067209284,"[-0.001, 0.064, -0.122, -0.027, -0.159, 0.026, -0.045, 0.055, -0.094, 0.032]"
NQ,GLOBEX,B0,23,RQ_RV,2021,246,0.12178701121616672,0.0687398155672114,0.3165126186374182,0.4233289644384094,0.0,0.08695652173913043,1.4005506289859173,0.10301050923718448,0.03643577996508866,-0.010127121706234156,"[0.103, -0.003, 0.05, 0.013, 0.036, -0.042, 0.153, 0.013, -0.018, -0.01]"
NQ,GLOBEX,B0,23,RQ_RV,2022,245,0.1293024310931259,0.098211023825614,0.31024931260740896,0.40242621590178007,0.0,0.08695652173913043,1.4869779575709479,-0.13844465052680605,0.04821343761062672,-0.018993449785314507,"[-0.138, 0.056, -0.006, -0.029, 0.048, -0.067, 0.038, 0.003, 0.041, -0.019]"
NQ,GLOBEX,B0,23,RQ_RV,2023,244,0.12978189033406157,0.06619879304308796,0.3364805902056164,0.4139777528069917,0.0,0.08695652173913043,1.492491738841708,-0.007119525471432101,-0.04039919757768516,-0.011901789843992856,"[-0.007, -0.075, 0.062, -0.037, -0.04, 0.051, 0.035, -0.048, -0.07, -0.012]"
NQ,GLOBEX,B0,23,RQ_RV,0,1948,0.12404756566370562,0.07488171642011891,0.300749153513198,0.41729072047572124,0.0,0.08695652173913043,1.4265470051326146,0.04196274501724155,0.016268221487156467,0.018013537861034504,"[0.042, 0.035, 0.015, 0.016, 0.016, -0.011, 0.052, 0.047, 0.007, 0.018]"
NQ,GLOBEX,B0,23,TQ_BV,2016,241,0.09664576548767495,0.05318241086955883,0.19298173502484445,0.26293733483902926,0.0,0.08695652173913043,1.111426303108262,-0.1538710441317188,-0.055939463050075626,0.06132288943590608,"[-0.154, -0.06, -0.041, -0.046, -0.056, -0.107, 0.037, 0.027, -0.073, 0.061]"
NQ,GLOBEX,B0,23,TQ_BV,2017,242,0.10652840714838813,0.05446225460635849,0.18284925112346934,0.2328415156564979,0.0,0.08695652173913043,1.2250766822064636,-0.03262717234227725,0.14844714017309318,-0.029829418215628074,"[-0.033, -0.12, 0.009, -0.086, 0.148, 0.006, -0.086, -0.036, -0.017, -0.03]"
NQ,GLOBEX,B0,23,TQ_BV,2018,243,0.106003766116301,0.05870891251439253,0.1996482880488255,0.2539935141884315,0.0,0.08695652173913043,1.2190433103374614,0.05021253704130674,-0.03660678694486456,-0.10444099580796143,"[0.05, 0.007, -0.061, 0.053, -0.037, -0.038, 0.062, -0.04, -0.046, -0.104]"
NQ,GLOBEX,B0,23,TQ_BV,2019,243,0.09643893400253473,0.04866838147958624,0.1781335135734897,0.2338602241701579,0.0,0.08695652173913043,1.1090477410291495,0.0615601094560478,-0.048596967538897876,-0.129296994029809,"[0.062, 0.084, 0.078, 0.002, -0.049, 0.041, -0.024, -0.108, -0.18, -0.129]"
NQ,GLOBEX,B0,23,TQ_BV,2020,244,0.08823122686975576,0.042882786891820984,0.16811969872117713,0.20081162414969925,0.0,0.08695652173913043,1.0146591090021913,0.013643796338705824,0.0019471688261432248,0.17315691854647292,"[0.014, 0.022, -0.039, 0.133, 0.002, -0.006, 0.007, 0.12, 0.021, 0.173]"
NQ,GLOBEX,B0,23,TQ_BV,2021,246,0.0974973834896394,0.05181473909806153,0.1797270199030338,0.21329228640303594,0.0,0.08695652173913043,1.121219910130853,0.11660430794045692,0.025587022347614587,0.028981418667738963,"[0.117, 0.152, 0.045, 0.053, 0.026, 0.058, 0.055, -0.069, -0.114, 0.029]"
NQ,GLOBEX,B0,23,TQ_BV,2022,245,0.09968003314836041,0.062099731885901385,0.20244348979351293,0.2912734463279673,0.0,0.08695652173913043,1.1463203812061447,-0.010680652335068432,-0.027270104773344322,-0.02845933957278725,"[-0.011, -0.032, -0.065, -0.026, -0.027, -0.084, 0.019, -0.014, 0.048, -0.028]"
NQ,GLOBEX,B0,23,TQ_BV,2023,244,0.11260628875311757,0.06250657632472854,0.21810124075686171,0.26090671784514896,0.0,0.08695652173913043,1.294972320660852,0.09119440590416453,0.056114248217574686,0.02153974569760584,"[0.091, -0.001, 0.06, 0.038, 0.056, -0.006, -0.021, -0.002, -0.03, 0.022]"
NQ,GLOBEX,B0,23,TQ_BV,0,1948,0.09953849760687507,0.05402362358749822,0.19164721787694164,0.25078365179060674,0.0,0.08695652173913043,1.1446927224790633,0.03807335096832757,0.0326705299045068,0.01955013673628074,"[0.038, 0.031, 0.028, 0.044, 0.033, 0.005, 0.028, 0.011, -0.014, 0.02]"
NQ,GLOBEX,B0,23,TRQ3_TRV3,2016,241,0.10344952387501588,0.04579854423944603,0.17791650714578452,0.22282111622191988,0.0,0.08695652173913043,1.1896695245626827,0.047678182544306794,0.07595692795295123,0.036280614261411284,"[0.048, 0.105, 0.06, 0.086, 0.076, 0.105, 0.054, 0.036, 0.031, 0.036]"
NQ,GLOBEX,B0,23,TRQ3_TRV3,2017,242,0.1033965795012381,0.04453424002470628,0.17368535029714718,0.21033014893893803,0.0,0.08695652173913043,1.189060664264238,0.005502759971977692,0.07716438325618574,0.005388540064454628,"[0.006, 0.041, -0.034, 0.112, 0.077, -0.014, 0.026, -0.054, 0.017, 0.005]"
NQ,GLOBEX,B0,23,TRQ3_TRV3,2018,243,0.10791318621093948,0.03685862156055361,0.16990815046678265,0.20289992382964592,0.0,0.08695652173913043,1.241001641425804,0.0191929980095401,-0.04427754525563133,0.039958373633330435,"[0.019, -0.061, -0.013, 0.149, -0.044, -0.03, 0.03, 0.059, -0.092, 0.04]"
NQ,GLOBEX,B0,23,TRQ3_TRV3,2019,243,0.10017695260653096,0.0372822094718874,0.14723254647930167,0.22831058002701127,0.0,0.08695652173913043,1.152034954975106,0.034435227373903095,0.02109842170899882,0.09401638098220595,"[0.034, -0.058, 0.018, 0.101, 0.021, -0.051, 0.044, -0.05, -0.005, 0.094]"
NQ,GLOBEX,B0,23,TRQ3_TRV3,2020,244,0.09494679977559228,0.0342873445828111,0.15001533633408867,0.19601373933291524,0.0,0.08695652173913043,1.0918881974193113,0.04703205376355334,-0.012227576697632851,0.11954295890339864,"[0.047, 0.113, -0.038, 0.052, -0.012, 0.038, 0.021, 0.086, -0.029, 0.12]"
NQ,GLOBEX,B0,23,TRQ3_TRV3,2021,246,0.10387801689075633,0.04100961337401096,0.1649056066047826,0.21052039640624498,0.0,0.08695652173913043,1.194597194243698,0.0707245487754086,0.04015711681904279,-0.011684124391126012,"[0.071, -0.006, -0.11, -0.08, 0.04, -0.012, 0.177, 0.066, -0.063, -0.012]"
NQ,GLOBEX,B0,23,TRQ3_TRV3,2022,245,0.10395124943851755,0.0423292068188789,0.18107370098180706,0.25601443230077175,0.0,0.08695652173913043,1.1954393685429519,-0.08567708702907359,-0.06790809614970802,0.0005302182471490014,"[-0.086, -0.058, -0.014, -0.07, -0.068, 0.019, -0.049, -0.088, -0.016, 0.001]"
NQ,GLOBEX,B0,23,TRQ3_TRV3,2023,244,0.11641637784484449,0.040843959008190656,0.18177475804866647,0.22171984178374374,0.0,0.08695652173913043,1.3387883452157117,-0.08673957792167256,-0.06600673807395019,-0.022596104940843628,"[-0.087, -0.039, 0.02, -0.013, -0.066, -0.132, 0.055, -0.111, -0.059, -0.023]"
NQ,GLOBEX,B0,23,TRQ3_TRV3,0,1948,0.10395027535082153,0.04099591348862916,0.1718873447901826,0.2266111268797357,0.0,0.08695652173913043,1.1954281665344477,0.03493558218060775,0.032952210228963115,0.052489606079050094,"[0.035, 0.036, 0.016, 0.064, 0.033, 0.022, 0.071, 0.019, 0.006, 0.052]"
NQ,GLOBEX,B0,23,TRQ5_TRV5,2016,241,0.11777274238626252,0.06717886887605362,0.23342500118039786,0.30859279002289214,0.0,0.08695652173913043,1.354386537442019,0.02631729512651755,-0.03187490312705031,-0.00636381962866095,"[0.026, 0.178, 0.073, 0.032, -0.032, 0.074, 0.056, 0.064, 0.027, -0.006]"
NQ,GLOBEX,B0,23,TRQ5_TRV5,2017,242,0.12294626793365918,0.06415241359087887,0.24071522519026672,0.3209521606419382,0.0,0.08695652173913043,1.4138820812370805,-0.05443698997355959,-0.1072725969948825,0.007119559998680403,"[-0.054, 0.042, -0.047, 0.127, -0.107, 0.049, -0.024, 0.051, -0.175, 0.007]"
NQ,GLOBEX,B0,23,TRQ5_TRV5,2018,243,0.12452540550048206,0.06833446604568942,0.23866399970212557,0.31361982259566307,0.0,0.08695652173913043,1.4320421632555438,0.0850226421674406,-0.0034786210469610235,-0.03780462068969434,"[0.085, 0.029, 0.004, 0.07, -0.003, -0.062, -0.037, 0.049, 0.076, -0.038]"
NQ,GLOBEX,B0,23,TRQ5_TRV5,2019,243,0.11613724490209834,0.07282798273976773,0.2572214055707296,0.33970731238764773,0.0,0.08695652173913043,1.335578316374131,-0.00754651091464291,0.0977343511843816,0.10593775634177136,"[-0.008, -0.08, 0.004, 0.014, 0.098, -0.012, 0.024, -0.017, 0.019, 0.106]"
NQ,GLOBEX,B0,23,TRQ5_TRV5,2020,244,0.10818790736864707,0.055666831949689105,0.23209669190162666,0.2971331503628999,0.0,0.08695652173913043,1.2441609347394413,-0.000928660635393118,-0.17726894654583392,0.03060525332132933,"[-0.001, 0.107, -0.124, -0.008, -0.177, 0.013, -0.042, 0.065, -0.055, 0.031]"
NQ,GLOBEX,B0,23,TRQ5_TRV5,2021,246,0.11669753573620494,0.061232842198303064,0.25229154656134595,0.3338762498815186,0.0,0.08695652173913043,1.3420216609663569,0.11657263776024256,-0.06318422536275604,-0.08481733475575273,"[0.117, 0.023, -0.02, -0.072, -0.063, -0.037, 0.137, 0.018, 0.038, -0.085]"
NQ,GLOBEX,B0,23,TRQ5_TRV5,2022,245,0.124059710040631,0.0826955257853661,0.26629276350318126,0.32031095120670533,0.0,0.08695652173913043,1.4266866654672565,-0.10480376626720458,0.0671547261549601,-0.013325513266516983,"[-0.105, 0.017, -0.046, 0.008, 0.067, -0.096, 0.002, 0.042, -0.006, -0.013]"
NQ,GLOBEX,B0,23,TRQ5_TRV5,2023,244,0.12933191507430775,0.06288127329861011,0.24415274410267476,0.3518415719117325,0.0,0.08695652173913043,1.4873170233545392,0.030447202600707567,-0.0027843562371603348,-0.09702243685508304,"[0.03, -0.1, 0.107, 0.03, -0.003, 0.041, 0.023, -0.043, -0.045, -0.097]"
NQ,GLOBEX,B0,23,TRQ5_TRV5,0,1948,0.11993308754181185,0.06624145530540894,0.24893774051987794,0.333869526420286,0.0,0.08695652173913043,1.3792305067308364,0.02361748325235857,-0.010750272514597951,0.003624194016112419,"[0.024, 0.041, 0.005, 0.035, -0.011, 0.004, 0.033, 0.047, 0.001, 0.004]"
NQ,GLOBEX,B0,23,TRQ10_TRV10,2016,241,0.11874659398364434,0.07215750408189948,0.26032345055311185,0.43865669806460045,0.0,0.08695652173913043,1.36558583081191,-0.026962477992522993,-0.012226176876232574,0.01977127631423207,"[-0.027, 0.191, 0.087, 0.029, -0.012, 0.015, 0.098, 0.022, 0.093, 0.02]"
NQ,GLOBEX,B0,23,TRQ10_TRV10,2017,242,0.12953499047996633,0.07039783179540178,0.31607828846116676,0.40442880937161985,0.0,0.08695652173913043,1.4896523905196128,0.022343126441325165,-0.021902244089987023,-0.045742593185328896,"[0.022, 0.02, -0.029, 0.039, -0.022, -0.002, -0.064, -0.018, -0.084, -0.046]"
NQ,GLOBEX,B0,23,TRQ10_TRV10,2018,243,0.12580361327525277,0.07721787866997284,0.29568896081325774,0.41139607948297424,0.0,0.08695652173913043,1.4467415526654068,0.17927618293769354,-0.022290136392948818,0.00146853216073318,"[0.179, -0.071, -0.081, -0.0, -0.022, -0.099, 0.022, 0.078, -0.021, 0.001]"
NQ,GLOBEX,B0,23,TRQ10_TRV10,2019,243,0.11963246487702349,0.08416068176169336,0.3266871550430299,0.4473028877703,0.0,0.08695652173913043,1.3757733460857702,0.058539553414330946,0.08623645811868884,0.08591009229670896,"[0.059, -0.024, -0.015, -0.001, 0.086, -0.104, 0.018, 0.063, 0.08, 0.086]"
NQ,GLOBEX,B0,23,TRQ10_TRV10,2020,244,0.10840976455502702,0.05612097992208609,0.2441024083546534,0.3001639689248428,0.0,0.08695652173913043,1.2467122923828107,-0.0011071758589040663,-0.15922964935463127,0.031775251067209284,"[-0.001, 0.064, -0.122, -0.027, -0.159, 0.026, -0.045, 0.055, -0.094, 0.032]"
NQ,GLOBEX,B0,23,TRQ10_TRV10,2021,246,0.12178701121616672,0.0687398155672114,0.3165126186374182,0.4233289644384094,0.0,0.08695652173913043,1.4005506289859173,0.10301050923718448,0.03643577996508866,-0.010127121706234156,"[0.103, -0.003, 0.05, 0.013, 0.036, -0.042, 0.153, 0.013, -0.018, -0.01]"
NQ,GLOBEX,B0,23,TRQ10_TRV10,2022,245,0.1293024310931259,0.098211023825614,0.31024931260740896,0.40242621590178007,0.0,0.08695652173913043,1.4869779575709479,-0.13844465052680605,0.04821343761062672,-0.018993449785314507,"[-0.138, 0.056, -0.006, -0.029, 0.048, -0.067, 0.038, 0.003, 0.041, -0.019]"
NQ,GLOBEX,B0,23,TRQ10_TRV10,2023,244,0.12978189033406157,0.06619879304308796,0.3364805902056164,0.4139777528069917,0.0,0.08695652173913043,1.492491738841708,-0.007119525471432101,-0.04039919757768516,-0.011901789843992856,"[-0.007, -0.075, 0.062, -0.037, -0.04, 0.051, 0.035, -0.048, -0.07, -0.012]"
NQ,GLOBEX,B0,23,TRQ10_TRV10,0,1948,0.12404756566370562,0.07488171642011891,0.300749153513198,0.41729072047572124,0.0,0.08695652173913043,1.4265470051326146,0.04196274501724155,0.016268221487156467,0.018013537861034504,"[0.042, 0.035, 0.015, 0.016, 0.016, -0.011, 0.052, 0.047, 0.007, 0.018]"
NQ,GLOBEX,B0,23,MEDRQ_MEDRV,2016,241,0.10669098273423835,0.062044738837211774,0.2584448093866653,0.30007549889388163,0.0,0.08695652173913043,1.2269463014437412,0.10991568980376645,0.07169428341703854,0.07981866926209119,"[0.11, 0.14, 0.1, 0.104, 0.072, 0.084, 0.131, 0.076, 0.107, 0.08]"
NQ,GLOBEX,B0,23,MEDRQ_MEDRV,2017,242,0.11145080087551183,0.05506641928306899,0.23003095368793608,0.27438714674426967,0.0,0.08695652173913043,1.281684210068386,-0.07519093712076065,-0.01792822406513628,0.045265249669312765,"[-0.075, 0.023, -0.033, -0.055, -0.018, 0.027, -0.018, -0.035, 0.047, 0.045]"
NQ,GLOBEX,B0,23,MEDRQ_MEDRV,2018,243,0.11349168715521578,0.05858327277501482,0.2186266907161692,0.2637050852718996,0.0,0.08695652173913043,1.3051544022849815,-0.0974568033906969,-0.017629920612978904,0.12067177611256855,"[-0.097, 0.02, -0.071, 0.125, -0.018, 0.048, -0.001, 0.03, -0.063, 0.121]"
NQ,GLOBEX,B0,23,MEDRQ_MEDRV,2019,243,0.10318455697161066,0.05182330935650453,0.20994015941413152,0.29989490674426506,0.0,0.08695652173913043,1.1866224051735226,0.05117291596058055,-0.055315646129517504,-0.0238846966242196,"[0.051, -0.059, -0.022, 0.11, -0.055, -0.05, 0.038, 0.008, -0.081, -0.024]"
NQ,GLOBEX,B0,23,MEDRQ_MEDRV,2020,244,0.08999484943636005,0.04387459664056083,0.18461140744010238,0.2623985134625004,0.0,0.08695652173913043,1.0349407685181407,-0.04304167317483551,0.016736641200956512,0.07577558570811938,"[-0.043, 0.002, 0.049, -0.046, 0.017, -0.061, 0.043, 0.073, 0.014, 0.076]"
NQ,GLOBEX,B0,23,MEDRQ_MEDRV,2021,246,0.1020776488809377,0.05430810514360246,0.21990662389839227,0.295673435021269,0.0,0.08695652173913043,1.1738929621307836,0.09810273355961742,0.09180455698224872,-0.0016367676636452567,"[0.098, 0.015, 0.026, -0.01, 0.092, 0.086, 0.176, -0.049, -0.024, -0.002]"
NQ,GLOBEX,B0,23,MEDRQ_MEDRV,2022,245,0.11232724471021484,0.06353651390664361,0.24166350003029388,0.28073439057260985,0.0,0.08695652173913043,1.2917633141674707,-0.11891733610256476,-0.02726218615837756,-0.06744717562278084,"[-0.119, 0.004, -0.112, -0.03, -0.027, -0.044, 0.073, 0.075, -0.027, -0.067]"
NQ,GLOBEX,B0,23,MEDRQ_MEDRV,2023,244,0.1186224346647261,0.06109201581590207,0.2319315150622967,0.28755370496482496,0.0,0.08695652173913043,1.3641579986443502,0.1058735803488501,-0.07264127193600253,-0.09224601306920258,"[0.106, -0.009, 0.016, -0.007, -0.073, -0.048, -0.03, -0.159, -0.019, -0.092]"
NQ,GLOBEX,B0,23,MEDRQ_MEDRV,0,1948,0.10705695026054415,0.058225727190311743,0.22478368834579687,0.28743464663914353,0.0,0.08695652173913043,1.2311549279962577,0.04070362133461456,0.035662702180383414,0.04880830297470432,"[0.041, 0.053, 0.025, 0.054, 0.036, 0.039, 0.089, 0.036, 0.026, 0.049]"
NQ,GLOBEX,B0,46,RQ_RV,2016,241,0.07588629231505983,0.04192135577646213,0.17258421029355178,0.3184547962123526,0.0,0.043478260869565216,1.7453847232463762,0.03336886408143137,-0.06152439813353473,0.012470049874168759,"[0.033, 0.125, 0.104, 0.036, -0.062, 0.027, 0.129, 0.065, 0.113, 0.012]"
NQ,GLOBEX,B0,46,RQ_RV,2017,242,0.08151484761683658,0.047317749810538476,0.22934156567494207,0.32938109788133546,0.0,0.043478260869565216,1.8748414951872414,0.09776985640385043,0.046955067577003684,0.094635960301867,"[0.098, 0.028, -0.023, -0.005, 0.047, 0.014, -0.011, 0.038, -0.116, 0.095]"
NQ,GLOBEX,B0,46,RQ_RV,2018,243,0.07907796786365148,0.043778326398031184,0.20833812124154996,0.319896765078957,0.0,0.043478260869565216,1.818793260863984,0.09846026794522542,-0.02335554120504867,-0.12463625557415661,"[0.098, -0.088, -0.038, 0.035, -0.023, -0.059, -0.024, 0.034, 0.076, -0.125]"
NQ,GLOBEX,B0,46,RQ_RV,2019,243,0.07680476296472864,0.05448472724190152,0.1957396603414761,0.36545194946938964,0.0,0.043478260869565216,1.766509548188759,0.11847575725578349,0.05686962698301485,-0.04667722609126051,"[0.118, 0.068, -0.092, -0.106, 0.057, -0.066, -0.009, -0.093, 0.091, -0.047]"
NQ,GLOBEX,B0,46,RQ_RV,2020,244,0.06590265162041575,0.03950156649402167,0.1478986609758942,0.2227769524129711,0.0,0.043478260869565216,1.5157609872695623,0.05631034801995247,-0.014572125370126959,-0.0023550599762280616,"[0.056, 0.072, 0.154, 0.003, -0.015, 0.079, 0.034, 0.022, -0.073, -0.002]"
NQ,GLOBEX,B0,46,RQ_RV,2021,246,0.07799904326146387,0.046684437163066195,0.20029529037134242,0.3454196270816548,0.0,0.043478260869565216,1.793977995013669,0.014107739162986481,0.1332772211521124,0.04191305294987188,"[0.014, 0.064, 0.09, 0.059, 0.133, 0.023, 0.039, 0.048, -0.036, 0.042]"
NQ,GLOBEX,B0,46,RQ_RV,2022,245,0.08046661145986464,0.04553527283554319,0.2047254105032605,0.29181899245238935,0.0,0.043478260869565216,1.8507320635768867,0.00827409055444711,-0.007305060092964462,-0.027576721335997274,"[0.008, 0.087, -0.02, -0.035, -0.007, -0.025, 0.053, -0.036, 0.064, -0.028]"
NQ,GLOBEX,B0,46,RQ_RV,2023,244,0.0779385190775189,0.0482913756938502,0.17369152612658798,0.2947703782059118,0.0,0.043478260869565216,1.7925859387829348,-0.059624977927579655,-0.06880463469815709,-0.03834963605282372,"[-0.06, 0.024, 0.025, 0.094, -0.069, 0.031, 0.015, -0.023, -0.116, -0.038]"
NQ,GLOBEX,B0,46,RQ_RV,0,1948,0.07723722058741632,0.04751836232773298,0.19987775497218685,0.3294549797504226,0.0,0.043478260869565216,1.7764560735105754,0.0704766008560582,0.025824569394287504,0.0026292169146646042,"[0.07, 0.063, 0.04, 0.027, 0.026, 0.022, 0.05, 0.028, 0.014, 0.003]"
NQ,GLOBEX,B0,46,TQ_BV,2016,241,0.05883188037815972,0.03163721951756687,0.11293369612575932,0.15029991386786426,0.0,0.043478260869565216,1.3531332486976737,-0.10845222049560518,-0.016332073807644915,-0.0722084979288514,"[-0.108, 0.23, -0.023, 0.19, -0.016, 0.03, 0.097, -0.016, 0.033, -0.072]"
NQ,GLOBEX,B0,46,TQ_BV,2017,242,0.06431574125955936,0.03891308899567768,0.1404986068767558,0.18118020669826368,0.0,0.043478260869565216,1.4792620489698651,-0.011633974114048604,-0.022295770567982157,0.1459661862461671,"[-0.012, 0.061, 0.013, -0.03, -0.022, -0.105, 0.078, 0.145, 0.025, 0.146]"
NQ,GLOBEX,B0,46,TQ_BV,2018,243,0.06434493899381984,0.0341010145020624,0.1257024545461955,0.15935806997213708,0.0,0.043478260869565216,1.4799335968578562,0.03840472706603229,0.020687238021750983,-0.005069905653732893,"[0.038, 0.01, -0.07, -0.042, 0.021, 0.085, -0.106, 0.031, -0.105, -0.005]"
NQ,GLOBEX,B0,46,TQ_BV,2019,243,0.059365453968340476,0.033175122579561775,0.13923190810327785,0.18608094995716107,0.0,0.043478260869565216,1.365405441271831,0.05552232495808161,-0.0807551286532383,0.015680194278342576,"[0.056, 0.078, -0.012, -0.008, -0.081, -0.053, -0.013, 0.019, 0.007, 0.016]"
NQ,GLOBEX,B0,46,TQ_BV,2020,244,0.05342267774196982,0.026504669320850466,0.09827549826679216,0.129234892091852,0.0,0.043478260869565216,1.228721588065306,0.09860668061888628,0.09786974820171337,-0.028871412547750303,"[0.099, 0.044, 0.062, 0.027, 0.098, 0.147, -0.053, 0.068, -0.05, -0.029]"
NQ,GLOBEX,B0,46,TQ_BV,2021,246,0.06365406719254563,0.036586606375376224,0.12962931182839818,0.17062805584100801,0.0,0.043478260869565216,1.4640435454285494,0.11360328419292264,0.04680900974288648,0.07177306665816835,"[0.114, -0.02, -0.14, -0.019, 0.047, 0.028, 0.176, 0.085, 0.054, 0.072]"
NQ,GLOBEX,B0,46,TQ_BV,2022,245,0.06609105675891619,0.036085789169120204,0.14397235418210388,0.17825485877144526,0.0,0.043478260869565216,1.5200943054550724,0.04982705921134299,0.15784570861489416,-0.05463746291513027,"[0.05, 0.132, 0.023, 0.04, 0.158, 0.011, 0.045, -0.063, -0.028, -0.055]"
NQ,GLOBEX,B0,46,TQ_BV,2023,244,0.07152913328757707,0.035687058732238285,0.13512068397710641,0.16961996373222935,0.0,0.043478260869565216,1.6451700656142727,-0.1619947344758766,0.07713232439731454,-0.07843613855777985,"[-0.162, 0.104, -0.106, 0.026, 0.077, 0.093, 0.047, 0.019, 0.053, -0.078]"
NQ,GLOBEX,B0,46,TQ_BV,0,1948,0.06193849792338382,0.03537682858623463,0.1289822553956813,0.17071238552186752,0.0,0.043478260869565216,1.424585452237828,0.04310743859600018,0.06625442482361436,0.03835928263417147,"[0.043, 0.109, 0.003, 0.055, 0.066, 0.056, 0.068, 0.071, 0.035, 0.038]"
NQ,GLOBEX,B0,46,TRQ3_TRV3,2016,241,0.05685684445798468,0.016552945757300902,0.08317501003889097,0.10232224668707028,0.0,0.043478260869565216,1.3077074225336478,0.06755808891051311,0.12563045670258333,0.08704519451985476,"[0.068, 0.109, 0.092, 0.016, 0.126, 0.05, -0.003, 0.116, -0.055, 0.087]"
NQ,GLOBEX,B0,46,TRQ3_TRV3,2017,242,0.05841961579337039,0.018499995891035,0.09704395793635151,0.11726247523782359,0.0,0.043478260869565216,1.343651163247519,0.13165952532534378,0.113254652891038,0.006556530801313098,"[0.132, 0.035, 0.089, 0.081, 0.113, -0.016, -0.0, 0.064, -0.137, 0.007]"
NQ,GLOBEX,B0,46,TRQ3_TRV3,2018,243,0.0577822839036612,0.01690505731397228,0.08678421325976655,0.09358547105946864,0.0,0.043478260869565216,1.3289925297842076,-0.05565041688961331,-0.04950884778847873,0.05035013190993796,"[-0.056, -0.029, -0.075, 0.004, -0.05, 0.084, 0.085, -0.027, -0.026, 0.05]"
NQ,GLOBEX,B0,46,TRQ3_TRV3,2019,243,0.054637718700746817,0.016951160902621373,0.09032580150980518,0.11742320677162424,0.0,0.043478260869565216,1.2566675301171768,0.04373641552245661,0.050109053175952975,0.11067082661924313,"[0.044, 0.011, -0.087, 0.141, 0.05, -0.03, -0.044, -0.007, 0.167, 0.111]"
NQ,GLOBEX,B0,46,TRQ3_TRV3,2020,244,0.05131105208405546,0.016210906790847204,0.07803878309170115,0.09372429651869016,0.0,0.043478260869565216,1.1801541979332757,0.10573696076306936,0.14627779585688655,0.053182009614275244,"[0.106, 0.119, 0.091, 0.089, 0.146, 0.114, 0.062, 0.064, -0.031, 0.053]"
NQ,GLOBEX,B0,46,TRQ3_TRV3,2021,246,0.05506176964576193,0.016955576852562076,0.08620094931253922,0.0993147283194228,0.0,0.043478260869565216,1.2664207018525244,0.11662499396532215,0.07082868330944932,0.016041036094987447,"[0.117, 0.077, -0.054, 0.014, 0.071, 0.112, 0.139, 0.006, -0.016, 0.016]"
NQ,GLOBEX,B0,46,TRQ3_TRV3,2022,245,0.059875777317445575,0.019014075231616856,0.09586779140171937,0.13298128452173436,0.0,0.043478260869565216,1.3771428783012483,0.061846523363505455,0.0918473794126912,0.01660252887281547,"[0.062, 0.085, 0.057, 0.144, 0.092, 0.125, -0.037, 0.001, -0.02, 0.017]"
NQ,GLOBEX,B0,46,TRQ3_TRV3,2023,244,0.06208000728918296,0.01882054974660239,0.0939083709100747,0.1259714121051537,0.0,0.043478260869565216,1.4278401676512082,-0.0010539199280497169,-0.04132366810627557,-0.037125881715469024,"[-0.001, -0.026, 0.028, 0.044, -0.041, -0.109, 0.119, -0.007, -0.127, -0.037]"
NQ,GLOBEX,B0,46,TRQ3_TRV3,0,1948,0.0566818351934478,0.018115086512272026,0.0894073723281043,0.11378661170658419,0.0,0.043478260869565216,1.3036822094492995,0.10210926836206562,0.1029615294192266,0.07867526943380102,"[0.102, 0.088, 0.059, 0.114, 0.103, 0.084, 0.082, 0.061, 0.016, 0.079]"
NQ,GLOBEX,B0,46,TRQ5_TRV5,2016,241,0.07272987432620119,0.03548142558261443,0.13281946760528351,0.16930430445940764,0.0,0.043478260869565216,1.6727871095026274,0.019833853517671408,0.006688563928123748,-0.04707362133116173,"[0.02, 0.014, 0.024, 0.059, 0.007, 0.063, 0.147, 0.074, 0.038, -0.047]"
NQ,GLOBEX,B0,46,TRQ5_TRV5,2017,242,0.07687177610476414,0.034947201743266564,0.1346787068541274,0.1677477414837805,0.0,0.043478260869565216,1.7680508504095753,0.0530423532635336,-0.06176601019101433,0.11692943740203637,"[0.053, 0.085, -0.018, -0.033, -0.062, 0.019, -0.152, 0.078, 0.01, 0.117]"
NQ,GLOBEX,B0,46,TRQ5_TRV5,2018,243,0.07486804139040569,0.03561499853468687,0.14274866235817812,0.18736099326064432,0.0,0.043478260869565216,1.721964951979331,-0.05141660976760667,-0.02549878039128583,-0.05940824828379858,"[-0.051, -0.008, -0.042, -0.072, -0.025, -0.069, -0.058, 0.194, 0.117, -0.059]"
NQ,GLOBEX,B0,46,TRQ5_TRV5,2019,243,0.0705718271689544,0.043953091464510964,0.14558666572491094,0.167453322103275,0.0,0.043478260869565216,1.6231520248859512,0.10403030100513087,0.04314620867354199,0.010689116220498096,"[0.104, 0.004, -0.039, -0.077, 0.043, -0.023, -0.097, -0.109, 0.055, 0.011]"
NQ,GLOBEX,B0,46,TRQ5_TRV5,2020,244,0.061382010674738446,0.03128752908257246,0.13125968596640974,0.1498305804682517,0.0,0.043478260869565216,1.4117862455189842,0.06479472826384763,0.0704461154341526,0.027889451114154418,"[0.065, 0.134, 0.104, 0.167, 0.07, 0.087, 0.037, -0.019, -0.029, 0.028]"
NQ,GLOBEX,B0,46,TRQ5_TRV5,2021,246,0.07048812164868404,0.03506440965229186,0.1381371963133069,0.1721776699488744,0.0,0.043478260869565216,1.621226797919733,0.08132136197262214,0.020153270616330866,0.029588332344443264,"[0.081, 0.053, 0.024, 0.051, 0.02, 0.033, 0.173, -0.054, 0.002, 0.03]"
NQ,GLOBEX,B0,46,TRQ5_TRV5,2022,245,0.07359241995769725,0.034415386362649694,0.13940425187890618,0.1874987093323648,0.0,0.043478260869565216,1.6926256590270368,0.03882001123900959,-0.008040298548537078,0.0278103263075934,"[0.039, 0.079, -0.055, -0.047, -0.008, 0.049, -0.002, 0.025, 0.049, 0.028]"
NQ,GLOBEX,B0,46,TRQ5_TRV5,2023,244,0.07550079280810894,0.038563452558074,0.13980769970350726,0.17420900220588342,0.0,0.043478260869565216,1.7365182345865056,-0.07890356067817163,-0.07520061236274153,0.03545403647562907,"[-0.079, 0.033, 0.078, 0.108, -0.075, -0.042, 0.014, -0.018, -0.105, 0.035]"
NQ,GLOBEX,B0,46,TRQ5_TRV5,0,1948,0.07233481997169114,0.03696833357907489,0.13819157346555674,0.1726327830206047,0.0,0.043478260869565216,1.6637008593488962,0.055738655101944076,0.021944635188315593,0.04152815910995075,"[0.056, 0.069, 0.034, 0.041, 0.022, 0.035, 0.032, 0.042, 0.04, 0.042]"
NQ,GLOBEX,B0,46,TRQ10_TRV10,2016,241,0.07588629231505983,0.04117878201246617,0.171980680833334,0.30008124123820373,0.0,0.043478260869565216,1.7453847232463762,-0.0016678700647704055,-0.07933520177900666,0.009661422519404553,"[-0.002, 0.15, 0.067, 0.059, -0.079, 0.002, 0.114, 0.051, 0.075, 0.01]"
NQ,GLOBEX,B0,46,TRQ10_TRV10,2017,242,0.08151484761683658,0.047317749810538476,0.22934156567494207,0.32938109788133546,0.0,0.043478260869565216,1.8748414951872414,0.09776985640385043,0.046955067577003684,0.094635960301867,"[0.098, 0.028, -0.023, -0.005, 0.047, 0.014, -0.011, 0.038, -0.116, 0.095]"
NQ,GLOBEX,B0,46,TRQ10_TRV10,2018,243,0.07907796786365148,0.043778326398031184,0.20833812124154996,0.319896765078957,0.0,0.043478260869565216,1.818793260863984,0.09846026794522542,-0.02335554120504867,-0.12463625557415661,"[0.098, -0.088, -0.038, 0.035, -0.023, -0.059, -0.024, 0.034, 0.076, -0.125]"
NQ,GLOBEX,B0,46,TRQ10_TRV10,2019,243,0.07680476296472864,0.05448472724190152,0.1957396603414761,0.36545194946938964,0.0,0.043478260869565216,1.766509548188759,0.11847575725578349,0.05686962698301485,-0.04667722609126051,"[0.118, 0.068, -0.092, -0.106, 0.057, -0.066, -0.009, -0.093, 0.091, -0.047]"
NQ,GLOBEX,B0,46,TRQ10_TRV10,2020,244,0.06590265162041575,0.03950156649402167,0.1478986609758942,0.2227769524129711,0.0,0.043478260869565216,1.5157609872695623,0.05631034801995247,-0.014572125370126959,-0.0023550599762280616,"[0.056, 0.072, 0.154, 0.003, -0.015, 0.079, 0.034, 0.022, -0.073, -0.002]"
NQ,GLOBEX,B0,46,TRQ10_TRV10,2021,246,0.07799904326146387,0.046684437163066195,0.20029529037134242,0.3454196270816548,0.0,0.043478260869565216,1.793977995013669,0.014107739162986481,0.1332772211521124,0.04191305294987188,"[0.014, 0.064, 0.09, 0.059, 0.133, 0.023, 0.039, 0.048, -0.036, 0.042]"
NQ,GLOBEX,B0,46,TRQ10_TRV10,2022,245,0.08046661145986464,0.04372636410826029,0.20233667286810503,0.2845641369769897,0.0,0.043478260869565216,1.8507320635768867,-0.008105376378429474,-0.014495692215690237,-0.010646468607082628,"[-0.008, 0.051, -0.044, -0.001, -0.014, -0.052, 0.076, -0.039, 0.074, -0.011]"
NQ,GLOBEX,B0,46,TRQ10_TRV10,2023,244,0.0779385190775189,0.04607392712914744,0.16846189036957482,0.2834653445408683,0.0,0.043478260869565216,1.7925859387829348,-0.0463623529908763,-0.041992015991783066,-0.0488615389654981,"[-0.046, 0.042, 0.037, 0.089, -0.042, 0.043, 0.015, -0.024, -0.101, -0.049]"
NQ,GLOBEX,B0,46,TRQ10_TRV10,0,1948,0.07723722058741632,0.04704195954791237,0.19841007607081176,0.3241231199022521,0.0,0.043478260869565216,1.7764560735105754,0.06726621168563307,0.02732537205463953,0.0026251552497606485,"[0.067, 0.063, 0.034, 0.031, 0.027, 0.013, 0.049, 0.024, 0.012, 0.003]"
NQ,GLOBEX,B0,46,MEDRQ_MEDRV,2016,241,0.0652771504084092,0.03700667000000401,0.1475414776627022,0.20811105029039412,0.0,0.043478260869565216,1.5013744593934117,0.07637332261988657,-0.04467983216031941,-0.03348611565169249,"[0.076, 0.037, 0.092, 0.072, -0.045, 0.118, 0.088, 0.037, 0.006, -0.033]"
NQ,GLOBEX,B0,46,MEDRQ_MEDRV,2017,242,0.06455419062847961,0.03774978741544373,0.15533151276451335,0.20805825203884074,0.0,0.043478260869565216,1.484746384455031,0.06487768802178649,-0.06192149943440437,0.12962753431084245,"[0.065, 0.103, 0.04, -0.087, -0.062, -0.05, -0.032, 0.051, 0.014, 0.13]"
NQ,GLOBEX,B0,46,MEDRQ_MEDRV,2018,243,0.06466448740014087,0.03859579498209362,0.12660444370374893,0.198075581842645,0.0,0.043478260869565216,1.48728321020324,-0.058826646785834394,-0.014514747585658775,0.016960238590907013,"[-0.059, 0.081, -0.082, -0.007, -0.015, 0.055, -0.031, 0.004, -0.03, 0.017]"
NQ,GLOBEX,B0,46,MEDRQ_MEDRV,2019,243,0.06498869566557271,0.035822153417743294,0.1369975508325655,0.1713574307852028,0.0,0.043478260869565216,1.4947400003081723,-0.041952387038331734,0.006684036689772942,0.07852049056517187,"[-0.042, -0.061, -0.065, 0.123, 0.007, -0.043, 0.016, -0.053, 0.035, 0.079]"
NQ,GLOBEX,B0,46,MEDRQ_MEDRV,2020,244,0.05764493779383592,0.03060804329187746,0.12071686492339737,0.18218714745796438,0.0,0.043478260869565216,1.3258335692582262,0.08522060215576965,0.08776163033994953,0.09774752321053508,"[0.085, 0.035, 0.173, 0.045, 0.088, 0.09, 0.072, 0.012, -0.039, 0.098]"
NQ,GLOBEX,B0,46,MEDRQ_MEDRV,2021,246,0.06552527897393093,0.03681369447012417,0.14240213976406363,0.2052834432392418,0.0,0.043478260869565216,1.5070814164004114,0.013716822164178778,0.1542684012707071,-0.020083991529400103,"[0.014, 0.032, 0.039, -0.021, 0.154, 0.047, 0.218, 0.039, -0.043, -0.02]"
NQ,GLOBEX,B0,46,MEDRQ_MEDRV,2022,245,0.06570274382049691,0.04093857067252195,0.1468734657609968,0.20925726228437908,0.0,0.043478260869565216,1.5111631078714292,0.055784847825485026,0.07667856495024421,0.003951293045717866,"[0.056, 0.122, 0.136, 0.093, 0.077, 0.102, -0.065, -0.041, -0.008, 0.004]"
NQ,GLOBEX,B0,46,MEDRQ_MEDRV,2023,244,0.0735751493940992,0.039401925106678816,0.16631810456987317,0.2316151190997534,0.0,0.043478260869565216,1.6922284360642816,-0.04597942243478082,-0.015639783934177826,0.038849857240287756,"[-0.046, 0.04, -0.002, -0.017, -0.016, 0.017, 0.069, -0.038, -0.099, 0.039]"
NQ,GLOBEX,B0,46,MEDRQ_MEDRV,0,1948,0.06521123506205986,0.03665681400816193,0.14597176055303446,0.20717161204900825,0.0,0.043478260869565216,1.499858406427377,0.04843623872246917,0.05476935667859358,0.07232057813169913,"[0.048, 0.075, 0.072, 0.054, 0.055, 0.07, 0.075, 0.03, 0.016, 0.072]"
NQ,GLOBEX,B0,138,RQ_RV,2016,241,0.034720833346332684,0.022612654712113406,0.08305922804697181,0.166879482063186,0.0,0.014492753623188406,2.395737500896955,0.24562413198562916,0.20800223859554728,0.14240785048479165,"[0.246, 0.255, 0.251, 0.133, 0.208, 0.182, 0.161, 0.239, 0.111, 0.142]"
NQ,GLOBEX,B0,138,RQ_RV,2017,242,0.0391715814119363,0.024036298452100632,0.09889297529094346,0.1524628363818993,0.0,0.014492753623188406,2.7028391174236046,0.04220623326826916,0.06587346753842134,0.09880500998590871,"[0.042, 0.005, 0.049, 0.008, 0.066, 0.051, 0.035, 0.022, -0.098, 0.099]"
NQ,GLOBEX,B0,138,RQ_RV,2018,243,0.032117533481249336,0.019101335447270534,0.08366497754148437,0.12031989264653173,0.0,0.014492753623188406,2.2161098102062042,-0.0226790896443596,0.028514702067478092,0.056265847760506534,"[-0.023, -0.014, 0.02, 0.118, 0.029, -0.027, 0.091, 0.049, -0.014, 0.056]"
NQ,GLOBEX,B0,138,RQ_RV,2019,243,0.03585505286721241,0.029378236922632146,0.11523765671306402,0.18725092036090435,0.0,0.014492753623188406,2.4739986478376563,0.0653947474290487,0.03731627297785016,-0.038055644854248484,"[0.065, 0.09, 0.01, 0.018, 0.037, 0.012, 0.008, -0.001, 0.164, -0.038]"
NQ,GLOBEX,B0,138,RQ_RV,2020,244,0.02833281535015122,0.01431063187153319,0.05982539698865158,0.09626287161142938,0.0,0.014492753623188406,1.9549642591604341,0.03489468695618974,-0.0204199146275444,0.130502599748189,"[0.035, 0.014, 0.134, 0.231, -0.02, 0.101, 0.107, 0.1, 0.041, 0.131]"
NQ,GLOBEX,B0,138,RQ_RV,2021,246,0.034359291709457895,0.022958561833162337,0.08627519078838367,0.117345022377762,0.0,0.014492753623188406,2.370791127952595,0.09477352045460438,0.16942252102056693,0.021450383857850967,"[0.095, -0.025, 0.063, 0.068, 0.169, 0.033, 0.089, 0.09, 0.037, 0.021]"
NQ,GLOBEX,B0,138,RQ_RV,2022,245,0.033994876709487365,0.02139405046245946,0.09467850851886535,0.19983669133935764,0.004081632653061225,0.014492753623188406,2.345646492954628,0.04187960724254012,-0.030339655468691832,0.06183335395928348,"[0.042, 0.088, 0.046, -0.002, -0.03, 0.021, -0.035, -0.041, -0.029, 0.062]"
NQ,GLOBEX,B0,138,RQ_RV,2023,244,0.03649646966179159,0.020453763122279155,0.07950834304083741,0.11783121888441243,0.0,0.014492753623188406,2.5182564066636197,-0.0745325483124824,-0.047122742143211084,-0.007860152551482423,"[-0.075, -0.043, 0.014, 0.092, -0.047, 0.007, 0.027, 0.025, 0.032, -0.008]"
NQ,GLOBEX,B0,138,RQ_RV,0,1948,0.03427631083645607,0.022342112213607816,0.08782899874579639,0.15232073415115105,0.000513347022587269,0.014492753623188406,2.3650654477154687,0.1014597231759819,0.0989501975184365,0.0915148590162117,"[0.101, 0.094, 0.112, 0.114, 0.099, 0.09, 0.098, 0.096, 0.075, 0.092]"
NQ,GLOBEX,B0,138,TQ_BV,2016,241,0.025803968672294026,0.015432585102519474,0.05675083500039629,0.08698000280809445,0.0,0.014492753623188406,1.7804738383882879,0.021597657359325742,0.16362838395818463,0.12102531106001893,"[0.022, 0.201, 0.106, 0.094, 0.164, 0.163, 0.123, 0.0, 0.156, 0.121]"
NQ,GLOBEX,B0,138,TQ_BV,2017,242,0.028046775687837852,0.01576533296530163,0.06430969820631578,0.08134417691496508,0.0,0.014492753623188406,1.9352275224608118,0.08346410752622568,0.06877382202478294,0.055649646544818576,"[0.083, 0.059, 0.083, 0.033, 0.069, 0.016, -0.054, -0.014, -0.015, 0.056]"
NQ,GLOBEX,B0,138,TQ_BV,2018,243,0.02776549906359031,0.014827699120573648,0.05701456225726205,0.07388708706805107,0.0,0.014492753623188406,1.9158194353877314,0.06261774522558464,-0.04963458796615299,0.030233029161353592,"[0.063, 0.005, 0.027, 0.035, -0.05, -0.039, -0.111, 0.179, 0.014, 0.03]"
NQ,GLOBEX,B0,138,TQ_BV,2019,243,0.027786654862794212,0.014745419485598217,0.05805562947974285,0.07832049099679886,0.0,0.014492753623188406,1.9172791855328006,-0.021122502099339677,0.02002115676394341,-0.0904970930712207,"[-0.021, 0.06, -0.034, 0.076, 0.02, -0.071, 0.045, 0.043, 0.044, -0.09]"
NQ,GLOBEX,B0,138,TQ_BV,2020,244,0.025733820092606725,0.013227098813487045,0.052004331033874536,0.06980042841786735,0.0,0.014492753623188406,1.775633586389864,0.08873335167941272,-0.006867572980283296,0.20825212900538925,"[0.089, 0.05, 0.135, 0.091, -0.007, 0.136, 0.191, 0.086, 0.062, 0.208]"
NQ,GLOBEX,B0,138,TQ_BV,2021,246,0.02730486449724512,0.016374492540613843,0.06536501650515789,0.08750067837649128,0.0,0.014492753623188406,1.8840356503099134,0.07310971812405172,0.17986467807743972,0.09484586712372309,"[0.073, 0.01, -0.047, -0.087, 0.18, -0.068, 0.016, 0.007, -0.002, 0.095]"
NQ,GLOBEX,B0,138,TQ_BV,2022,245,0.028962381167927806,0.01657526185928702,0.06096783290520648,0.08303304641058028,0.0,0.014492753623188406,1.9984043005870187,0.09217076392455097,0.06044807554061246,0.05396271701677587,"[0.092, 0.128, 0.114, 0.109, 0.06, -0.03, 0.036, 0.007, -0.035, 0.054]"
NQ,GLOBEX,B0,138,TQ_BV,2023,244,0.03156245405551261,0.015628847843795,0.06316355694313568,0.09731578621323535,0.0,0.014492753623188406,2.17780932983037,-0.017725153993353962,-0.059388764287976806,-0.015565648275271507,"[-0.018, -0.069, 0.117, 0.001, -0.059, 0.002, 0.06, -0.074, -0.042, -0.016]"
NQ,GLOBEX,B0,138,TQ_BV,0,1948,0.02790216795327615,0.015294294242077199,0.06014634183496995,0.08207066283103022,0.0,0.014492753623188406,1.9252495887760543,0.06828848007955529,0.07893565334138285,0.07685922545964306,"[0.068, 0.077, 0.078, 0.06, 0.079, 0.032, 0.056, 0.047, 0.039, 0.077]"
NQ,GLOBEX,B0,138,TRQ3_TRV3,2016,241,0.01981873133280522,0.005551587569815476,0.027653896011841504,0.03434846164437513,0.0,0.014492753623188406,1.3674924619635602,0.037602350395836884,0.14413747493263782,0.05497526107666434,"[0.038, 0.193, 0.295, 0.127, 0.144, 0.252, 0.122, 0.162, 0.156, 0.055]"
NQ,GLOBEX,B0,138,TRQ3_TRV3,2017,242,0.020687410902129718,0.005848169829968903,0.029566531733141867,0.03217905607393956,0.0,0.014492753623188406,1.4274313522469506,-0.06749555011060399,0.07921666046286191,0.02604013160264673,"[-0.067, 0.058, -0.1, 0.104, 0.079, 0.041, -0.048, 0.005, 0.066, 0.026]"
NQ,GLOBEX,B0,138,TRQ3_TRV3,2018,243,0.020519278962871947,0.004984878728288178,0.028353484163816164,0.038951852189945534,0.0,0.014492753623188406,1.4158302484381644,0.019944329685644104,0.01742308066147613,-0.01667422874031957,"[0.02, 0.052, -0.037, 0.152, 0.017, 0.073, -0.023, 0.152, -0.013, -0.017]"
NQ,GLOBEX,B0,138,TRQ3_TRV3,2019,243,0.020362684532470587,0.004854718339584025,0.028845058442482342,0.03242434937885084,0.0,0.014492753623188406,1.4050252327404704,0.17190306821557863,0.11173415307139123,0.018685510755000443,"[0.172, -0.032, -0.127, 0.051, 0.112, -0.022, -0.013, 0.024, 0.057, 0.019]"
NQ,GLOBEX,B0,138,TRQ3_TRV3,2020,244,0.018737114643938846,0.004249059320562951,0.02578546237329126,0.0297235918718231,0.0,0.014492753623188406,1.2928609104317803,0.07095766794949705,0.043234446268099344,0.07435176987010829,"[0.071, 0.075, 0.134, 0.148, 0.043, 0.191, 0.106, 0.09, -0.017, 0.074]"
NQ,GLOBEX,B0,138,TRQ3_TRV3,2021,246,0.020587591492848313,0.0054769841283079206,0.030035358049107536,0.03531677763026691,0.0,0.014492753623188406,1.4205438130065335,0.12335267631555207,0.13633158710359988,0.06871007102717457,"[0.123, -0.015, 0.061, 0.02, 0.136, 0.038, 0.075, 0.043, -0.051, 0.069]"
NQ,GLOBEX,B0,138,TRQ3_TRV3,2022,245,0.020850405387726364,0.0049594644623982935,0.029360013452216255,0.041242068415719306,0.0,0.014492753623188406,1.438677971753119,-0.019784980297744757,-0.009624224831359357,0.05791965194353829,"[-0.02, 0.115, 0.091, 0.054, -0.01, 0.096, -0.072, -0.053, -0.008, 0.058]"
NQ,GLOBEX,B0,138,TRQ3_TRV3,2023,244,0.022283834982881702,0.005811651477312527,0.031216833045814556,0.041713967515584774,0.0,0.014492753623188406,1.5375846138188374,-0.038122100285736,-0.07470371913551654,-0.07645678937481404,"[-0.038, -0.144, 0.039, 0.025, -0.075, 0.057, 0.036, -0.035, -0.016, -0.076]"
NQ,GLOBEX,B0,138,TRQ3_TRV3,0,1948,0.020507309272995697,0.005387811553261589,0.029340526888366393,0.03753297554702399,0.0,0.014492753623188406,1.4150043398367032,0.08664107693757403,0.10119448563709534,0.07669102768540471,"[0.087, 0.087, 0.099, 0.133, 0.101, 0.142, 0.077, 0.089, 0.072, 0.077]"
NQ,GLOBEX,B0,138,TRQ5_TRV5,2016,241,0.028429426177094128,0.010931465373478156,0.04492991655263021,0.05345087578353512,0.0,0.014492753623188406,1.961630406219495,0.13085151566422495,0.10228887179484593,0.1240492270034354,"[0.131, 0.234, 0.112, 0.275, 0.102, 0.129, 0.18, 0.043, 0.12, 0.124]"
NQ,GLOBEX,B0,138,TRQ5_TRV5,2017,242,0.03130771794910476,0.013733225326784372,0.05066370218613513,0.05702449569529033,0.0,0.014492753623188406,2.1602325384882284,0.003626747671443913,0.03329650618702258,0.10355764758289736,"[0.004, 0.029, -0.109, 0.046, 0.033, 0.031, -0.079, -0.007, -0.035, 0.104]"
NQ,GLOBEX,B0,138,TRQ5_TRV5,2018,243,0.028537776711566695,0.009845967348505954,0.04606544996461785,0.054249279213797644,0.0,0.014492753623188406,1.969106593098102,0.07600838734484881,0.036688352364262704,0.02469908946943589,"[0.076, 0.041, -0.021, 0.165, 0.037, 0.026, -0.018, 0.116, -0.043, 0.025]"
NQ,GLOBEX,B0,138,TRQ5_TRV5,2019,243,0.02880473178940623,0.011108399580307963,0.044959686636553406,0.06448815838035622,0.0,0.014492753623188406,1.98752649346903,0.0482486023403339,-0.0005542364172491299,-0.0633452879079386,"[0.048, 0.026, -0.073, -0.024, -0.001, -0.064, -0.073, -0.013, -0.015, -0.063]"
NQ,GLOBEX,B0,138,TRQ5_TRV5,2020,244,0.025949110479149842,0.009301460383668546,0.040986872528444816,0.048548952189182266,0.0,0.014492753623188406,1.790488623061339,0.13895426715519835,0.037909989294299014,0.11510370261047186,"[0.139, 0.011, 0.112, 0.162, 0.038, 0.069, 0.097, 0.02, -0.014, 0.115]"
NQ,GLOBEX,B0,138,TRQ5_TRV5,2021,246,0.029314253763843404,0.011759965140067427,0.049444548373534125,0.06469869650234417,0.0,0.014492753623188406,2.0226835097051947,0.08067791174507058,0.1615661876418979,0.10068322846470092,"[0.081, 0.05, 0.052, 0.051, 0.162, 0.057, 0.034, 0.058, -0.011, 0.101]"
NQ,GLOBEX,B0,138,TRQ5_TRV5,2022,245,0.028390348083512443,0.010149332051359063,0.04598709998342847,0.06722484452677319,0.0,0.014492753623188406,1.9589340177623584,-0.043436104100866756,0.0455778446050613,0.044369266899050824,"[-0.043, 0.041, 0.083, 0.027, 0.046, -0.053, -0.038, -0.059, -0.035, 0.044]"
NQ,GLOBEX,B0,138,TRQ5_TRV5,2023,244,0.03132229548925994,0.011043061923797188,0.05077587719751609,0.07176847478911191,0.0,0.014492753623188406,2.1612383887589357,-0.029458303133632603,-0.01412139628842754,0.0002158651839046609,"[-0.029, -0.124, -0.028, 0.036, -0.014, 0.135, -0.023, -0.044, 0.036, 0.0]"
NQ,GLOBEX,B0,138,TRQ5_TRV5,0,1948,0.02901422920711843,0.01136659479967584,0.0469027646478047,0.061295371630420904,0.0,0.014492753623188406,2.0019818152911717,0.08295417099989805,0.08354796382173411,0.09235305587464603,"[0.083, 0.069, 0.047, 0.117, 0.084, 0.069, 0.039, 0.038, 0.026, 0.092]"
NQ,GLOBEX,B0,138,TRQ10_TRV10,2016,241,0.034599541196048175,0.022597878429606123,0.08111566197087022,0.12482822881520392,0.0,0.014492753623188406,2.387368342527324,0.25079387042355794,0.20854421435764425,0.1708646147561625,"[0.251, 0.276, 0.253, 0.138, 0.209, 0.177, 0.207, 0.265, 0.16, 0.171]"
NQ,GLOBEX,B0,138,TRQ10_TRV10,2017,242,0.03914763879808456,0.02375067656548509,0.08780899628202024,0.1420134775015812,0.0,0.014492753623188406,2.701187077067835,0.04225823580994174,0.06472639362174756,0.12088076470498216,"[0.042, 0.017, 0.066, 0.015, 0.065, 0.077, 0.027, 0.027, -0.06, 0.121]"
NQ,GLOBEX,B0,138,TRQ10_TRV10,2018,243,0.032067499064519916,0.019097431838211283,0.07974321970868781,0.10571511385626,0.0,0.014492753623188406,2.212657435451874,-0.018431398888594682,0.008672572348770441,0.01526654512883323,"[-0.018, 0.013, 0.057, 0.078, 0.009, -0.033, 0.062, 0.076, 0.0, 0.015]"
NQ,GLOBEX,B0,138,TRQ10_TRV10,2019,243,0.03582378306878635,0.026032862573674466,0.1050551059591741,0.15006356738931337,0.0,0.014492753623188406,2.471841031746258,0.011676216883833425,-0.02890195823323185,0.0014876985684485016,"[0.012, 0.052, -0.061, 0.016, -0.029, -0.013, 0.003, -0.041, 0.235, 0.001]"
NQ,GLOBEX,B0,138,TRQ10_TRV10,2020,244,0.02833281535015122,0.01431063187153319,0.05982539698865158,0.09626287161142938,0.0,0.014492753623188406,1.9549642591604341,0.03489468695618974,-0.0204199146275444,0.130502599748189,"[0.035, 0.014, 0.134, 0.231, -0.02, 0.101, 0.107, 0.1, 0.041, 0.131]"
NQ,GLOBEX,B0,138,TRQ10_TRV10,2021,246,0.034359291709457895,0.022958561833162337,0.08627519078838367,0.117345022377762,0.0,0.014492753623188406,2.370791127952595,0.09477352045460438,0.16942252102056693,0.021450383857850967,"[0.095, -0.025, 0.063, 0.068, 0.169, 0.033, 0.089, 0.09, 0.037, 0.021]"
NQ,GLOBEX,B0,138,TRQ10_TRV10,2022,245,0.033943977933522024,0.021009652982335397,0.08690827031780486,0.13952286548724635,0.0,0.014492753623188406,2.3421344774130195,0.03486261760514739,-0.03356443807485803,0.09719011631349933,"[0.035, 0.112, 0.028, 0.054, -0.034, 0.034, -0.021, -0.005, -0.035, 0.097]"
NQ,GLOBEX,B0,138,TRQ10_TRV10,2023,244,0.03649646966179159,0.020453763122279155,0.07913754948239714,0.11390662226807474,0.0,0.014492753623188406,2.5182564066636197,-0.06176695633326659,-0.06887494088527378,-0.047604609319289934,"[-0.062, -0.034, 0.012, 0.094, -0.069, -0.01, 0.015, 0.035, 0.05, -0.048]"
NQ,GLOBEX,B0,138,TRQ10_TRV10,0,1948,0.034181588540124146,0.022066763559465147,0.08529769077340775,0.1296194489382213,0.0,0.014492753623188406,2.358529609268566,0.0971024509196774,0.08841620240188922,0.10140177277063739,"[0.097, 0.098, 0.108, 0.122, 0.088, 0.09, 0.104, 0.106, 0.101, 0.101]"
NQ,GLOBEX,B0,138,MEDRQ_MEDRV,2016,241,0.02844001657716266,0.020807597191024346,0.08611926809275944,0.1526828318540828,0.0,0.014492753623188406,1.9623611438242234,0.13139059924075827,0.17334463814592502,0.09135325142984643,"[0.131, 0.212, 0.25, 0.114, 0.173, 0.228, 0.122, 0.116, 0.195, 0.091]"
NQ,GLOBEX,B0,138,MEDRQ_MEDRV,2017,242,0.03072531278284005,0.020045777741681127,0.08069166915831982,0.1021388578244789,0.0,0.014492753623188406,2.1200465820159633,0.053201936493193304,0.06261257500565474,0.036121106893987266,"[0.053, 0.024, -0.05, -0.047, 0.063, -0.019, -0.02, 0.006, -0.068, 0.036]"
NQ,GLOBEX,B0,138,MEDRQ_MEDRV,2018,243,0.028431983969069038,0.013710736864045545,0.06417911301882366,0.09053094440836142,0.0,0.014492753623188406,1.9618068938657636,0.13409145253376994,-0.006057505826292875,-0.05106348443532382,"[0.134, 0.066, 0.02, 0.113, -0.006, -0.026, -0.097, 0.061, 0.054, -0.051]"
NQ,GLOBEX,B0,138,MEDRQ_MEDRV,2019,243,0.02918170805375654,0.017109565317585965,0.07370349674389887,0.13022075091179158,0.0,0.014492753623188406,2.013537855709201,0.09773955158017482,0.05550504006665817,-0.06727795042239573,"[0.098, -0.101, -0.053, 0.039, 0.056, -0.089, -0.04, 0.001, -0.002, -0.067]"
NQ,GLOBEX,B0,138,MEDRQ_MEDRV,2020,244,0.02729519180197326,0.014108317661801161,0.059200252103620433,0.07994317826335127,0.0,0.014492753623188406,1.8833682343361549,0.13346933461250213,0.04566632548782966,0.14928892077484204,"[0.133, 0.118, 0.144, 0.075, 0.046, 0.19, 0.133, 0.146, 0.011, 0.149]"
NQ,GLOBEX,B0,138,MEDRQ_MEDRV,2021,246,0.029902468762984136,0.017384661257202064,0.07272974250315506,0.09456730927486431,0.0,0.014492753623188406,2.0632703446459053,0.011936725720766359,0.0883621882161558,0.05891933711440823,"[0.012, -0.042, 0.025, 0.049, 0.088, -0.002, 0.035, 0.009, -0.063, 0.059]"
NQ,GLOBEX,B0,138,MEDRQ_MEDRV,2022,245,0.030288152313124234,0.014463321560137247,0.06929054405209795,0.09160340729793232,0.0,0.014492753623188406,2.089882509605572,0.05984877032179819,-0.027054849165634668,0.004369678787624359,"[0.06, 0.025, 0.059, 0.02, -0.027, -0.025, -0.054, 0.018, -0.03, 0.004]"
NQ,GLOBEX,B0,138,MEDRQ_MEDRV,2023,244,0.03236468339940428,0.018146340730524537,0.0651885349512366,0.11822676614308954,0.0,0.014492753623188406,2.2331631545588952,-0.0332152106347436,-0.045454679662695265,0.001632609871357811,"[-0.033, -0.094, 0.107, -0.049, -0.045, 0.063, 0.004, 0.055, 0.004, 0.002]"
NQ,GLOBEX,B0,138,MEDRQ_MEDRV,0,1948,0.029633952415875114,0.01706742694010324,0.0715676538088045,0.11129627406382428,0.0,0.014492753623188406,2.044742716695383,0.09435862869513244,0.07096159482766543,0.05042102945926137,"[0.094, 0.052, 0.081, 0.06, 0.071, 0.065, 0.04, 0.073, 0.034, 0.05]"
NQ,GLOBEX,B0,345,RQ_RV,2016,241,0.015334421098431875,0.00999923348921061,0.04477920203239342,0.08023283914034209,0.004149377593360996,0.005797101449275362,2.645187639479498,0.20109967482177105,0.17928814273308263,0.07539830530959389,"[0.201, 0.301, 0.213, 0.126, 0.179, 0.129, 0.197, 0.115, 0.091, 0.075]"
NQ,GLOBEX,B0,345,RQ_RV,2017,242,0.018365136603079785,0.009649753466536367,0.039978322689613585,0.07358932106813178,0.004132231404958678,0.005797101449275362,3.167986064031263,0.08808719719481903,0.04673124609167247,-0.024739227853719917,"[0.088, 0.053, 0.079, -0.006, 0.047, 0.009, -0.05, 0.059, -0.116, -0.025]"
NQ,GLOBEX,B0,345,RQ_RV,2018,243,0.01544700681558472,0.008761907413328062,0.043402275878880146,0.14856640868677803,0.012345679012345678,0.005797101449275362,2.6646086756883642,0.015429618712324258,0.10670573705196577,-0.024834927161942348,"[0.015, 0.081, 0.149, -0.03, 0.107, 0.034, 0.089, 0.005, -0.043, -0.025]"
NQ,GLOBEX,B0,345,RQ_RV,2019,243,0.01729605742606463,0.012371199618931846,0.06300925828049553,0.1644453734898486,0.012345679012345678,0.005797101449275362,2.983569905996149,0.07467606559486634,0.15310274657572315,0.04625978101827628,"[0.075, 0.118, 0.088, 0.08, 0.153, 0.034, -0.024, 0.101, 0.196, 0.046]"
NQ,GLOBEX,B0,345,RQ_RV,2020,244,0.013878364157520235,0.007354302881740184,0.03677519556917324,0.0563458357940201,0.0,0.005797101449275362,2.3940178171722404,0.14055824815914916,0.013873663626185861,-0.02234797495860102,"[0.141, 0.017, 0.117, 0.097, 0.014, 0.042, 0.092, 0.124, 0.028, -0.022]"
NQ,GLOBEX,B0,345,RQ_RV,2021,246,0.01653898433508099,0.008515520695188848,0.05342558721674726,0.08091124968095319,0.0040650406504065045,0.005797101449275362,2.852974797801471,0.1967091988449905,0.01643069276391335,-0.0010732579542909316,"[0.197, 0.093, 0.107, 0.097, 0.016, -0.058, 0.077, -0.01, 0.047, -0.001]"
NQ,GLOBEX,B0,345,RQ_RV,2022,245,0.01567418955536947,0.00902668894860732,0.06705400425277315,0.30386732387313486,0.02040816326530612,0.005797101449275362,2.7037976983012335,-0.002773919024526784,-0.027482149129248127,0.039239953610390975,"[-0.003, 0.071, 0.113, 0.006, -0.027, 0.142, -0.097, -0.007, 0.044, 0.039]"
NQ,GLOBEX,B0,345,RQ_RV,2023,244,0.017575255017000448,0.009749220570886835,0.048712826999508144,0.13702641379095448,0.004098360655737705,0.005797101449275362,3.0317314904325774,-0.07344424772728424,-0.016443592913490998,-0.024158780368528535,"[-0.073, 0.037, -0.014, 0.009, -0.016, -0.033, 0.105, 0.003, 0.074, -0.024]"
NQ,GLOBEX,B0,345,RQ_RV,0,1948,0.01645598249862877,0.010062940678230575,0.05153229543123318,0.12748049265668226,0.007186858316221766,0.005797101449275362,2.838656981013463,0.10641833655477206,0.09381200981603126,0.04816503083554958,"[0.106, 0.129, 0.143, 0.08, 0.094, 0.084, 0.076, 0.076, 0.09, 0.048]"
NQ,GLOBEX,B0,345,TQ_BV,2016,241,0.012219598957107138,0.006206693832838053,0.026641154671834456,0.04301253077814912,0.0,0.005797101449275362,2.1078808201009815,0.20356885912686534,0.1936940138331473,0.13754091428368978,"[0.204, 0.221, 0.143, 0.203, 0.194, 0.217, 0.168, 0.18, 0.09, 0.138]"
NQ,GLOBEX,B0,345,TQ_BV,2017,242,0.014345635021252415,0.008104494622623736,0.03022250265722323,0.04026306370914194,0.0,0.005797101449275362,2.474622041166042,0.07680467747409081,0.03359003920431684,0.07604066867228222,"[0.077, 0.076, -0.055, 0.05, 0.034, 0.045, -0.025, 0.003, 0.037, 0.076]"
NQ,GLOBEX,B0,345,TQ_BV,2018,243,0.013023790453934867,0.005386687871970939,0.02723329707098707,0.038880775991654716,0.0,0.005797101449275362,2.2466038533037644,0.061361431274514704,0.1995302580426164,-0.06925896169377714,"[0.061, 0.057, -0.001, 0.024, 0.2, 0.078, 0.012, 0.044, -0.046, -0.069]"
NQ,GLOBEX,B0,345,TQ_BV,2019,243,0.012458212165596092,0.007103841848803099,0.034426602910214064,0.053893560608662204,0.0,0.005797101449275362,2.1490415985653257,0.09031283936860816,0.06801512148372525,-0.06505466703500773,"[0.09, 0.055, 0.034, 0.07, 0.068, 0.052, 0.041, 0.043, 0.097, -0.065]"
NQ,GLOBEX,B0,345,TQ_BV,2020,244,0.011108018016576217,0.005869463491027918,0.02504884491840112,0.03212728373171798,0.0,0.005797101449275362,1.9161331078593973,0.07699780570634007,0.06382257314131264,0.02605349296243708,"[0.077, -0.027, 0.093, 0.172, 0.064, 0.06, 0.12, 0.083, -0.033, 0.026]"
NQ,GLOBEX,B0,345,TQ_BV,2021,246,0.013598718641412384,0.0073387109481140005,0.032629778846746685,0.04538299758172264,0.0,0.005797101449275362,2.3457789656436363,0.1045098503295799,0.08023401683209916,-0.015291002178859306,"[0.105, 0.104, 0.035, 0.107, 0.08, 0.043, 0.084, 0.066, 0.117, -0.015]"
NQ,GLOBEX,B0,345,TQ_BV,2022,245,0.013120652515723209,0.005909729510303274,0.032379710568389765,0.05324887662548875,0.0,0.005797101449275362,2.2633125589622534,0.05450277248484453,0.0308909865022105,-0.025089417806181225,"[0.055, 0.103, 0.067, -0.003, 0.031, 0.069, 0.059, 0.067, -0.054, -0.025]"
NQ,GLOBEX,B0,345,TQ_BV,2023,244,0.014657582434412605,0.007684824762024858,0.02884150836121095,0.06119639317056096,0.0,0.005797101449275362,2.5284329699361745,-0.07574647400513422,-0.04820376657127391,0.014734699119084933,"[-0.076, 0.049, -0.088, -0.014, -0.048, -0.003, -0.018, 0.028, 0.054, 0.015]"
NQ,GLOBEX,B0,345,TQ_BV,0,1948,0.012933760139345402,0.00685896996103481,0.03025724780269606,0.04945519907481498,0.0,0.005797101449275362,2.231073624037082,0.11320821673155271,0.11749341665154858,0.03875340813302958,"[0.113, 0.113, 0.067, 0.116, 0.117, 0.105, 0.097, 0.103, 0.078, 0.039]"
NQ,GLOBEX,B0,345,TRQ3_TRV3,2016,241,0.008140501354109946,0.0015946504353583184,0.011209962610760316,0.012834340999324064,0.0,0.005797101449275362,1.4042364835839656,0.21424979271435143,0.26615174188027374,0.15018118851043452,"[0.214, 0.296, 0.317, 0.208, 0.266, 0.257, 0.21, 0.184, 0.153, 0.15]"
NQ,GLOBEX,B0,345,TRQ3_TRV3,2017,242,0.008581184959159185,0.001822354568228506,0.0116645349620805,0.013587409391615752,0.0,0.005797101449275362,1.4802544054549593,0.04720810829420927,0.006944418786546549,0.10191089329521681,"[0.047, 0.168, -0.046, 0.044, 0.007, 0.077, -0.015, -0.022, 0.048, 0.102]"
NQ,GLOBEX,B0,345,TRQ3_TRV3,2018,243,0.008567047040210324,0.0015244363025895893,0.011637301486622736,0.012750467888947795,0.0,0.005797101449275362,1.4778156144362808,0.05667936311270171,0.03719800174833985,-0.06312627649533752,"[0.057, 0.005, 0.052, 0.004, 0.037, 0.003, 0.058, 0.095, -0.107, -0.063]"
NQ,GLOBEX,B0,345,TRQ3_TRV3,2019,243,0.008177700530137885,0.0016848061150291048,0.0110218072489233,0.013653387745685742,0.0,0.005797101449275362,1.410653341448785,0.09628549041455882,0.09814419241786641,-0.09157208561708415,"[0.096, 0.094, -0.027, 0.108, 0.098, -0.039, 0.001, -0.079, 0.082, -0.092]"
NQ,GLOBEX,B0,345,TRQ3_TRV3,2020,244,0.00777463603676875,0.001577836500491257,0.01099322048160982,0.012993136444848633,0.0,0.005797101449275362,1.3411247163426094,0.18368641570695865,0.1042003604310239,0.1443094926996877,"[0.184, 0.182, 0.193, 0.326, 0.104, 0.212, 0.172, 0.193, 0.08, 0.144]"
NQ,GLOBEX,B0,345,TRQ3_TRV3,2021,246,0.00874735716410658,0.0017979465191820393,0.011850444258331674,0.015988119459418207,0.0,0.005797101449275362,1.508919110808385,0.09556757587961427,0.08009468098886043,0.036043985794806305,"[0.096, 0.035, -0.034, 0.011, 0.08, 0.026, 0.13, 0.072, -0.028, 0.036]"
NQ,GLOBEX,B0,345,TRQ3_TRV3,2022,245,0.00860887099720472,0.001777135676843877,0.01236137952283918,0.015853752491847437,0.0,0.005797101449275362,1.485030247017814,0.005690510081532912,-0.0034895944833344492,0.016724277479025912,"[0.006, 0.169, 0.037, 0.091, -0.003, 0.114, 0.078, -0.015, 0.063, 0.017]"
NQ,GLOBEX,B0,345,TRQ3_TRV3,2023,244,0.009031906125643387,0.0019329896121981806,0.01258358335252621,0.016949611003119043,0.0,0.005797101449275362,1.5580038066734843,-0.08077360840252995,-0.010574478481872575,-0.10551126921591437,"[-0.081, 0.049, -0.11, 0.09, -0.011, 0.056, 0.047, 0.024, 0.043, -0.106]"
NQ,GLOBEX,B0,345,TRQ3_TRV3,0,1948,0.008455820570078453,0.001780602300934235,0.011766955396309994,0.014725043161803165,0.0,0.005797101449275362,1.4586290483385331,0.13282529512921568,0.12859033499962386,0.07988939977933594,"[0.133, 0.18, 0.104, 0.169, 0.129, 0.152, 0.145, 0.117, 0.099, 0.08]"
NQ,GLOBEX,B0,345,TRQ5_TRV5,2016,241,0.011662732360442364,0.0032996468939637744,0.01690840460303661,0.02303897123711398,0.0,0.005797101449275362,2.0118213321763077,0.12760816350361084,0.1584995034465789,0.21221980419997674,"[0.128, 0.195, 0.141, 0.274, 0.158, 0.206, 0.135, 0.189, 0.086, 0.212]"
NQ,GLOBEX,B0,345,TRQ5_TRV5,2017,242,0.013209040477002738,0.0036409946337701525,0.018046661729955546,0.021692563763541242,0.0,0.005797101449275362,2.2785594822829722,0.0219977947893601,0.05576051850141021,0.09005035529038391,"[0.022, 0.083, -0.014, 0.063, 0.056, 0.054, -0.114, 0.052, 0.063, 0.09]"
NQ,GLOBEX,B0,345,TRQ5_TRV5,2018,243,0.01232007844936328,0.003331881208216073,0.017256920088295068,0.021041194635764125,0.0,0.005797101449275362,2.1252135325151658,0.04957314481586985,0.06698893691083428,-0.04183834520470776,"[0.05, 0.067, 0.123, 0.093, 0.067, 0.053, 0.07, 0.077, -0.064, -0.042]"
NQ,GLOBEX,B0,345,TRQ5_TRV5,2019,243,0.012453330862744484,0.0033371728456063118,0.01764024558797371,0.0212590790693873,0.0,0.005797101449275362,2.1481995738234234,0.08622954596736015,0.0529166241480683,-0.01217895628379316,"[0.086, 0.065, -0.038, 0.045, 0.053, -0.015, 0.051, 0.003, 0.002, -0.012]"
NQ,GLOBEX,B0,345,TRQ5_TRV5,2020,244,0.011072012227975282,0.00350997857546324,0.016712393584620688,0.0189766777250938,0.0,0.005797101449275362,1.9099221093257361,0.14769234240469883,0.08076804953188743,0.07887709930796886,"[0.148, 0.092, 0.212, 0.212, 0.081, 0.224, 0.175, 0.121, 0.028, 0.079]"
NQ,GLOBEX,B0,345,TRQ5_TRV5,2021,246,0.012852432798966654,0.004035076916556421,0.01825996217010748,0.023316287924145952,0.0,0.005797101449275362,2.2170446578217478,0.15337627624076547,0.04732026694117656,0.06512688960370788,"[0.153, 0.084, 0.067, 0.096, 0.047, 0.012, 0.072, -0.009, -0.025, 0.065]"
NQ,GLOBEX,B0,345,TRQ5_TRV5,2022,245,0.012229392547966504,0.002899644329614993,0.01766186177540943,0.024452567660969485,0.0,0.005797101449275362,2.109570214524222,-0.002456958293030996,-0.07533389481493083,0.002635890138177668,"[-0.002, 0.163, 0.042, 0.032, -0.075, 0.119, 0.076, -0.053, 0.034, 0.003]"
NQ,GLOBEX,B0,345,TRQ5_TRV5,2023,244,0.013120272611208338,0.0032819951982511163,0.019367780551698376,0.029720467570768277,0.0,0.005797101449275362,2.2632470254334383,-0.15032616842866378,-0.05581693378501892,0.03053164889048394,"[-0.15, 0.038, -0.183, 0.105, -0.056, -0.015, -0.045, 0.075, 0.039, 0.031]"
NQ,GLOBEX,B0,345,TRQ5_TRV5,0,1948,0.012343361429519504,0.00352694760062495,0.017913864023244026,0.023140332241548094,0.0,0.005797101449275362,2.1292298465921142,0.10406255953118505,0.08538562954359308,0.10175858540269471,"[0.104, 0.142, 0.095, 0.165, 0.085, 0.128, 0.108, 0.104, 0.067, 0.102]"
NQ,GLOBEX,B0,345,TRQ10_TRV10,2016,241,0.015209058660106434,0.00938699296979473,0.03891365426791242,0.052840826177345375,0.0,0.005797101449275362,2.62356261886836,0.17737105590694696,0.2118502393953924,0.1300407388275843,"[0.177, 0.277, 0.184, 0.175, 0.212, 0.142, 0.27, 0.102, 0.053, 0.13]"
NQ,GLOBEX,B0,345,TRQ10_TRV10,2017,242,0.017935403785633342,0.009019303762815178,0.03406554232676579,0.042265103691944715,0.0,0.005797101449275362,3.0938571530217516,0.1175760228274485,0.002499842768063665,0.042503648638057126,"[0.118, 0.174, -0.045, 0.05, 0.002, 0.082, -0.015, 0.055, -0.033, 0.043]"
NQ,GLOBEX,B0,345,TRQ10_TRV10,2018,243,0.015312614961998875,0.008538084204296137,0.038605455560592195,0.05276589486895825,0.0,0.005797101449275362,2.641426080944806,0.06933344817272248,0.10738531792758273,-0.03671048608129532,"[0.069, 0.126, 0.191, -0.008, 0.107, 0.059, 0.05, 0.074, 0.048, -0.037]"
NQ,GLOBEX,B0,345,TRQ10_TRV10,2019,243,0.016918616013801065,0.009689312364793605,0.038369722412205064,0.05293069428286273,0.0,0.005797101449275362,2.9184612623806836,0.13589776679955815,0.10686024920845995,0.0235512210213366,"[0.136, 0.077, 0.135, 0.112, 0.107, 0.082, 0.122, 0.076, 0.139, 0.024]"
NQ,GLOBEX,B0,345,TRQ10_TRV10,2020,244,0.013718259053740483,0.007193634979940636,0.03080500703671202,0.044652369482470256,0.0,0.005797101449275362,2.366399686770233,0.20800599852127358,0.04112767834040202,0.02942209100917381,"[0.208, 0.073, 0.139, 0.107, 0.041, 0.092, 0.117, 0.092, 0.06, 0.029]"
NQ,GLOBEX,B0,345,TRQ10_TRV10,2021,246,0.016152505089235027,0.007727740685472233,0.03851833033259376,0.04808720471566331,0.0,0.005797101449275362,2.7863071278930422,0.11543737940124242,0.11615719718273905,0.052823938904662276,"[0.115, 0.138, 0.086, 0.158, 0.116, 0.061, 0.083, -0.011, 0.134, 0.053]"
NQ,GLOBEX,B0,345,TRQ10_TRV10,2022,245,0.015329412372391153,0.008345630564367434,0.039140969064952416,0.056798110663932026,0.0,0.005797101449275362,2.644323634237474,0.024452657743784058,-0.008450510155194099,-0.0008060644374163712,"[0.024, 0.069, 0.036, 0.103, -0.008, 0.068, 0.043, 0.011, 0.038, -0.001]"
NQ,GLOBEX,B0,345,TRQ10_TRV10,2023,244,0.017461913457903697,0.009286522290297966,0.038400356924737845,0.051181563737379934,0.0,0.005797101449275362,3.0121800714883875,-0.002275026915953634,-0.03150394590877475,0.025323151646794457,"[-0.002, 0.056, -0.154, -0.093, -0.032, -0.063, 0.08, 0.033, -0.003, 0.025]"
NQ,GLOBEX,B0,345,TRQ10_TRV10,0,1948,0.016205981617065126,0.009046959655218066,0.03792455323414695,0.05152075501958956,0.0,0.005797101449275362,2.795531828943734,0.150101447531906,0.1208318258499943,0.07378099439368507,"[0.15, 0.163, 0.126, 0.125, 0.121, 0.113, 0.145, 0.095, 0.11, 0.074]"
NQ,GLOBEX,B0,345,MEDRQ_MEDRV,2016,241,0.012945702545301302,0.006857740107643581,0.03744696457020428,0.054013407978547937,0.0,0.005797101449275362,2.2331336890644744,0.18840772773096492,0.18345107684582657,0.18508519756764116,"[0.188, 0.201, 0.194, 0.216, 0.183, 0.208, 0.229, 0.152, 0.194, 0.185]"
NQ,GLOBEX,B0,345,MEDRQ_MEDRV,2017,242,0.015264037324525498,0.008066806644428257,0.03618419955652736,0.045625396735963955,0.0,0.005797101449275362,2.6330464384806485,0.10456590262415782,0.08081608509453383,0.17750883481527302,"[0.105, 0.128, -0.024, 0.056, 0.081, -0.007, -0.004, 0.033, 0.003, 0.178]"
NQ,GLOBEX,B0,345,MEDRQ_MEDRV,2018,243,0.014205670847468212,0.007060292843635532,0.030794497264418755,0.040897413986823596,0.0,0.005797101449275362,2.4504782211882667,0.043138317995877834,0.03394282169919275,-0.12245559670345915,"[0.043, 0.09, 0.09, 0.019, 0.034, 0.074, 0.168, 0.057, 0.058, -0.122]"
NQ,GLOBEX,B0,345,MEDRQ_MEDRV,2019,243,0.014777690745500272,0.011691506499753888,0.0437680234285752,0.059055771001099364,0.0,0.005797101449275362,2.549151653598797,0.12447393898993782,0.14012662558860814,-0.0396369593543202,"[0.124, 0.11, 0.148, 0.124, 0.14, 0.08, 0.076, 0.052, 0.039, -0.04]"
NQ,GLOBEX,B0,345,MEDRQ_MEDRV,2020,244,0.012310027730055507,0.0066177826821935785,0.02519405537186013,0.0474342009018904,0.0,0.005797101449275362,2.123479783434575,0.09889718280003866,-0.012828168038437551,0.021260795435788717,"[0.099, 0.038, 0.191, 0.181, -0.013, 0.1, 0.059, 0.084, -0.021, 0.021]"
NQ,GLOBEX,B0,345,MEDRQ_MEDRV,2021,246,0.015258304152648255,0.009965840182116197,0.03967757156782277,0.050366329523910715,0.0,0.005797101449275362,2.632057466331824,0.14345294640670195,0.08538717898784792,0.07370204653275417,"[0.143, 0.121, 0.132, 0.079, 0.085, -0.037, 0.085, 0.042, 0.072, 0.074]"
NQ,GLOBEX,B0,345,MEDRQ_MEDRV,2022,245,0.014197726985964908,0.007192600697235416,0.03021259879433127,0.05202314146635112,0.0,0.005797101449275362,2.4491079050789466,-0.004484174077824593,-0.01750873929398618,0.004592884055937807,"[-0.004, 0.093, 0.037, -0.003, -0.018, 0.121, 0.025, 0.038, 0.041, 0.005]"
NQ,GLOBEX,B0,345,MEDRQ_MEDRV,2023,244,0.01532253547448124,0.00803664475527758,0.03350510888559275,0.06460756201160872,0.0,0.005797101449275362,2.643137369348014,-0.02499745619714855,-0.05370075427428927,-0.001565954694812414,"[-0.025, 0.047, -0.086, 0.112, -0.054, -0.061, 0.097, 0.086, -0.004, -0.002]"
NQ,GLOBEX,B0,345,MEDRQ_MEDRV,0,1948,0.014254780160273052,0.007998304470832574,0.03431634092780856,0.05525395259796821,0.0,0.005797101449275362,2.4589495776471013,0.12653386965787944,0.10440352609196468,0.0713445736996349,"[0.127, 0.138, 0.125, 0.141, 0.104, 0.098, 0.134, 0.103, 0.09, 0.071]"
NQ,GLOBEX,B0,1380,RQ_RV,2016,241,0.00442951969798751,0.0033527697123337426,0.013800736486692628,0.03905697039272756,0.004149377593360996,0.0014492753623188406,3.0563685916113816,0.23698428959057183,0.18968991723722933,0.08038734706978912,"[0.237, 0.252, 0.225, 0.048, 0.19, 0.107, 0.146, 0.121, 0.057, 0.08]"
NQ,GLOBEX,B0,1380,RQ_RV,2017,242,0.005690404261561406,0.002889459389240426,0.013723513594402156,0.029245248553787136,0.0,0.0014492753623188406,3.92637894047737,0.10572367781971431,0.09282831248138622,0.013317993004263224,"[0.106, 0.098, 0.172, 0.176, 0.093, 0.052, -0.019, -0.007, -0.107, 0.013]"
NQ,GLOBEX,B0,1380,RQ_RV,2018,243,0.004683046129559606,0.0027362896580723287,0.015232250510657352,0.046633807810569826,0.012345679012345678,0.0014492753623188406,3.231301829396128,0.03887976224491473,0.05586052054187265,0.03370092742742601,"[0.039, 0.044, 0.186, 0.067, 0.056, 0.148, 0.119, -0.036, 0.016, 0.034]"
NQ,GLOBEX,B0,1380,RQ_RV,2019,243,0.005578400985323526,0.005957226423955293,0.03333946406449194,0.06686487682139478,0.0205761316872428,0.0014492753623188406,3.8490966798732327,0.18276432433971626,0.14047391889492078,0.04849977115348892,"[0.183, 0.237, 0.174, 0.159, 0.14, 0.138, 0.084, 0.039, 0.201, 0.048]"
NQ,GLOBEX,B0,1380,RQ_RV,2020,244,0.004282592785235076,0.0024072111179714935,0.01166907432247071,0.02384870876151561,0.0,0.0014492753623188406,2.954989021812202,0.007464135682446833,-0.08899008505518931,-0.008679352717340633,"[0.007, -0.093, 0.091, 0.16, -0.089, -0.03, 0.054, 0.032, -0.119, -0.009]"
NQ,GLOBEX,B0,1380,RQ_RV,2021,246,0.005002601788161278,0.002625043869442241,0.019000227918297374,0.037286590027123,0.0040650406504065045,0.0014492753623188406,3.451795233831282,-0.026778323749317393,0.054863465519858816,0.04236147281696744,"[-0.027, 0.056, 0.063, 0.039, 0.055, -0.076, 0.031, -0.018, 0.007, 0.042]"
NQ,GLOBEX,B0,1380,RQ_RV,2022,245,0.00479709495514203,0.0029258442222868312,0.028796709349665203,0.20139964959710874,0.0326530612244898,0.0014492753623188406,3.3099955190480004,0.045930237479860456,0.023419061712169346,0.012114487634190714,"[0.046, -0.016, 0.023, 0.045, 0.023, 0.045, -0.046, -0.088, 0.066, 0.012]"
NQ,GLOBEX,B0,1380,RQ_RV,2023,244,0.005158383177079699,0.003922955201873367,0.0255042973268679,0.08847174924860532,0.01639344262295082,0.0014492753623188406,3.5592843921849924,0.0380856506224153,-0.017615087906462427,-0.01776641625261386,"[0.038, -0.008, -0.051, -0.002, -0.018, -0.036, 0.076, 0.148, 0.082, -0.018]"
NQ,GLOBEX,B0,1380,RQ_RV,0,1948,0.004903802206972386,0.0032769985707081454,0.020752279636723835,0.05732144505116175,0.011806981519507187,0.0014492753623188406,3.383623522810946,0.12166809863823372,0.10129897738969239,0.06532064371523574,"[0.122, 0.114, 0.132, 0.116, 0.101, 0.088, 0.089, 0.059, 0.096, 0.065]"
NQ,GLOBEX,B0,1380,TQ_BV,2016,241,0.0035970304568289026,0.001878025251726664,0.00918837752502978,0.02132617112629391,0.004149377593360996,0.0014492753623188406,2.481951015211943,0.2648469240743991,0.15095094331453734,0.164339815325486,"[0.265, 0.276, 0.353, 0.181, 0.151, 0.172, 0.161, 0.198, 0.157, 0.164]"
NQ,GLOBEX,B0,1380,TQ_BV,2017,242,0.004661628582195071,0.0021485293057075918,0.009488446209595078,0.022089806205410758,0.008264462809917356,0.0014492753623188406,3.2165237217145988,0.1915751698368838,0.008153567460299518,0.057916664025786886,"[0.192, 0.019, 0.026, 0.014, 0.008, 0.049, -0.009, -0.001, -0.037, 0.058]"
NQ,GLOBEX,B0,1380,TQ_BV,2018,243,0.004046453241988511,0.002073411061676929,0.008761716714545908,0.014788982528617574,0.0,0.0014492753623188406,2.7920527369720727,0.07708316392689554,0.09150353792250324,-0.040304211546712265,"[0.077, 0.138, 0.115, 0.053, 0.092, 0.153, 0.083, 0.014, 0.15, -0.04]"
NQ,GLOBEX,B0,1380,TQ_BV,2019,243,0.0040032466081546285,0.0025062988429389154,0.014377765014951421,0.028125866735520963,0.00411522633744856,0.0014492753623188406,2.7622401596266934,0.03495170498999578,0.103465125660844,-0.08008305203580258,"[0.035, 0.177, 0.121, 0.047, 0.103, 0.048, -0.018, -0.064, 0.26, -0.08]"
NQ,GLOBEX,B0,1380,TQ_BV,2020,244,0.0034667334921142717,0.0016324601759925114,0.007256048205528536,0.01120002161025378,0.0,0.0014492753623188406,2.3920461095588474,0.20855495682386369,0.1271777145761543,-0.01946063224562364,"[0.209, 0.128, 0.252, 0.186, 0.127, 0.082, 0.109, 0.119, -0.011, -0.019]"
NQ,GLOBEX,B0,1380,TQ_BV,2021,246,0.004021715034694159,0.002209043335184257,0.010439774859241805,0.017025637761866243,0.0,0.0014492753623188406,2.7749833739389698,-0.007875956207407015,0.09206874641716245,0.004702964999546959,"[-0.008, 0.069, 0.156, 0.076, 0.092, 0.1, 0.019, 0.064, 0.007, 0.005]"
NQ,GLOBEX,B0,1380,TQ_BV,2022,245,0.004029471723024874,0.002048620616383428,0.011847537787993865,0.019458809610155888,0.0,0.0014492753623188406,2.780335488887163,0.011937811101613958,-0.019867393046152725,0.060436835269970436,"[0.012, 0.132, -0.037, 0.095, -0.02, 0.115, -0.015, 0.038, 0.084, 0.06]"
NQ,GLOBEX,B0,1380,TQ_BV,2023,244,0.004230422802581313,0.0018477203073231931,0.011029799898624525,0.020830412016098487,0.0,0.0014492753623188406,2.918991733781106,0.02447294287656474,0.05941890946401886,-0.07782544843888091,"[0.024, -0.036, -0.021, 0.03, 0.059, -0.036, 0.028, 0.038, 0.044, -0.078]"
NQ,GLOBEX,B0,1380,TQ_BV,0,1948,0.004022332094563857,0.002081234417090276,0.010310672418221667,0.021005363118325595,0.002053388090349076,0.0014492753623188406,2.775409145249061,0.13756956087787003,0.12047501249735017,0.05239366345312607,"[0.138, 0.16, 0.159, 0.131, 0.12, 0.134, 0.086, 0.09, 0.143, 0.052]"
NQ,GLOBEX,B0,1380,TRQ3_TRV3,2016,241,0.002058686185425733,0.00028495432853623296,0.0026425987507617274,0.0030166065489558467,0.0,0.0014492753623188406,1.4204934679437557,0.2743882828422477,0.2379674636246204,0.18472555572202093,"[0.274, 0.366, 0.381, 0.192, 0.238, 0.272, 0.177, 0.232, 0.219, 0.185]"
NQ,GLOBEX,B0,1380,TRQ3_TRV3,2017,242,0.002208087676368687,0.0004002264051766232,0.0028584856922607826,0.003494999864917819,0.0,0.0014492753623188406,1.523580496694394,0.14011092793234792,0.04625228498487728,0.05505842623727285,"[0.14, 0.133, 0.008, 0.087, 0.046, -0.004, -0.013, -0.063, 0.054, 0.055]"
NQ,GLOBEX,B0,1380,TRQ3_TRV3,2018,243,0.002185307136090581,0.00034714762638425514,0.0028270713497840654,0.0030728264695082277,0.0,0.0014492753623188406,1.507861923902501,0.08557244577052052,0.007482724841474893,-0.013400280480693501,"[0.086, 0.116, 0.046, 0.058, 0.007, 0.05, 0.058, 0.075, -0.012, -0.013]"
NQ,GLOBEX,B0,1380,TRQ3_TRV3,2019,243,0.002085640450398089,0.0003349525640623766,0.002663493734257108,0.00325761908015743,0.0,0.0014492753623188406,1.4390919107746816,0.22491888636657742,0.05735455658442764,-0.018020511110597395,"[0.225, 0.125, 0.005, 0.143, 0.057, -0.017, -0.019, -0.032, 0.098, -0.018]"
NQ,GLOBEX,B0,1380,TRQ3_TRV3,2020,244,0.0020314301782715467,0.0003442548449506496,0.002747293860910061,0.003142517176948451,0.0,0.0014492753623188406,1.4016868230073671,0.28297869367119916,0.2293107375284523,0.164929228423246,"[0.283, 0.225, 0.387, 0.353, 0.229, 0.242, 0.231, 0.249, 0.156, 0.165]"
NQ,GLOBEX,B0,1380,TRQ3_TRV3,2021,246,0.0021490194384351986,0.0003940242152846436,0.002908220604716628,0.0035154231863881143,0.0,0.0014492753623188406,1.482823412520287,0.09709071230200987,0.09702479338257719,-0.005443917422799854,"[0.097, 0.086, -0.005, 0.055, 0.097, 0.093, 0.033, 0.063, -0.112, -0.005]"
NQ,GLOBEX,B0,1380,TRQ3_TRV3,2022,245,0.0021562218608957772,0.00036964641934496495,0.0028786321010746724,0.004060947592109113,0.0,0.0014492753623188406,1.4877930840180862,0.10052151831014518,0.044392890862048125,0.013906515824355882,"[0.101, 0.118, 0.058, 0.009, 0.044, 0.16, 0.039, -0.033, 0.031, 0.014]"
NQ,GLOBEX,B0,1380,TRQ3_TRV3,2023,244,0.002267566445969404,0.00038373203547901287,0.003067718699113284,0.0037366739884440612,0.0,0.0014492753623188406,1.5646208477188888,-0.03149015452945629,0.058279429871643716,-0.04341207740731621,"[-0.031, 0.017, -0.059, 0.033, 0.058, 0.025, -0.005, -0.057, -0.005, -0.043]"
NQ,GLOBEX,B0,1380,TRQ3_TRV3,0,1948,0.0021472724176461963,0.00036137043766140686,0.0028770825698002022,0.003543410583944532,0.0,0.0014492753623188406,1.4816179681758754,0.19805120482978444,0.15653549945603806,0.10077645459184328,"[0.198, 0.195, 0.158, 0.173, 0.157, 0.166, 0.126, 0.111, 0.106, 0.101]"
NQ,GLOBEX,B0,1380,TRQ5_TRV5,2016,241,0.0029531959781673106,0.000650853989964634,0.00405896008969628,0.004535550770862073,0.0,0.0014492753623188406,2.0377052249354444,0.3856857173060412,0.28182065794877015,0.2658295271947784,"[0.386, 0.401, 0.398, 0.297, 0.282, 0.277, 0.24, 0.318, 0.231, 0.266]"
NQ,GLOBEX,B0,1380,TRQ5_TRV5,2017,242,0.0033750708746916355,0.0007030893909859746,0.004289213286167556,0.005098873415462224,0.0,0.0014492753623188406,2.3287989035372285,0.18274305632172846,0.09443934608379054,0.10098181480544724,"[0.183, 0.205, 0.055, 0.178, 0.094, 0.095, -0.009, -0.114, 0.079, 0.101]"
NQ,GLOBEX,B0,1380,TRQ5_TRV5,2018,243,0.003193819961448395,0.0006186187859476048,0.004110340426642994,0.004890210986299735,0.0,0.0014492753623188406,2.2037357733993925,0.11029602296280834,0.09257490690057704,0.0035402153853563954,"[0.11, 0.077, -0.052, 0.006, 0.093, -0.062, 0.072, 0.055, 0.058, 0.004]"
NQ,GLOBEX,B0,1380,TRQ5_TRV5,2019,243,0.0030987070914304305,0.00048725395809554473,0.004130347728785737,0.005223191516809749,0.0,0.0014492753623188406,2.138107893086997,0.17509430505695406,0.09694858372080864,-0.04095628669625383,"[0.175, 0.131, 0.032, 0.177, 0.097, -0.03, 0.022, -0.067, 0.07, -0.041]"
NQ,GLOBEX,B0,1380,TRQ5_TRV5,2020,244,0.0028835441220762,0.0006179792292712117,0.003993280236824575,0.004714297642521716,0.0,0.0014492753623188406,1.989645444232578,0.32182059832909604,0.2132691890880459,0.1797804191629236,"[0.322, 0.242, 0.45, 0.386, 0.213, 0.26, 0.252, 0.248, 0.167, 0.18]"
NQ,GLOBEX,B0,1380,TRQ5_TRV5,2021,246,0.0032102879073564678,0.0007468726385295933,0.004357146030629281,0.005704280515996101,0.0,0.0014492753623188406,2.2150986560759627,0.08063853238272509,0.11438361176744086,-0.021548883364160835,"[0.081, 0.129, 0.045, 0.126, 0.114, 0.068, 0.059, 0.003, -0.051, -0.022]"
NQ,GLOBEX,B0,1380,TRQ5_TRV5,2022,245,0.003178099050443662,0.0006495083304260711,0.004343570772261623,0.005788340334475391,0.0,0.0014492753623188406,2.1928883448061267,0.11648035531283045,0.031832271908082646,5.250220835154058e-06,"[0.116, 0.14, 0.024, -0.028, 0.032, 0.167, 0.083, 0.066, -0.006, 0.0]"
NQ,GLOBEX,B0,1380,TRQ5_TRV5,2023,244,0.003278926804481657,0.0006134397144119935,0.004518941579547756,0.005933680450044344,0.0,0.0014492753623188406,2.2624594950923433,0.03985691347780362,0.055792980384337554,-0.01366141461136345,"[0.04, 0.069, -0.046, 0.019, 0.056, 0.001, -0.0, -0.02, -0.029, -0.014]"
NQ,GLOBEX,B0,1380,TRQ5_TRV5,0,1948,0.0031323513061625504,0.0006868498159587487,0.004250195002168161,0.005399149574114096,0.0,0.0014492753623188406,2.1613224012521597,0.23044617970390083,0.18539822332492634,0.1218166492000432,"[0.23, 0.229, 0.177, 0.204, 0.185, 0.165, 0.159, 0.127, 0.122, 0.122]"
NQ,GLOBEX,B0,1380,TRQ10_TRV10,2016,241,0.004256406874520143,0.002047131022189045,0.0074965965414298865,0.009229004512634632,0.0,0.0014492753623188406,2.9369207434188986,0.37951171954176927,0.27776204967789,0.26369903169316794,"[0.38, 0.361, 0.376, 0.258, 0.278, 0.259, 0.274, 0.243, 0.287, 0.264]"
NQ,GLOBEX,B0,1380,TRQ10_TRV10,2017,242,0.005303416923674675,0.0021589437184462764,0.008077391543102894,0.011163480121499657,0.0,0.0014492753623188406,3.659357677335526,0.20626529420334835,0.10022170688800425,0.03460423918865419,"[0.206, 0.114, 0.18, 0.152, 0.1, 0.09, 0.027, 0.032, -0.001, 0.035]"
NQ,GLOBEX,B0,1380,TRQ10_TRV10,2018,243,0.004533812363674663,0.0018063377845481251,0.007187668823698688,0.008609222884634248,0.0,0.0014492753623188406,3.1283305309355174,0.2319712130233795,0.15145344079087397,0.04567386014660162,"[0.232, 0.2, 0.21, 0.126, 0.151, 0.022, 0.129, 0.112, 0.177, 0.046]"
NQ,GLOBEX,B0,1380,TRQ10_TRV10,2019,243,0.00480901207985954,0.0021084196162933925,0.009353437068117967,0.011740166959454887,0.0,0.0014492753623188406,3.3182183351030825,0.03473008988218261,0.060616069104592045,-0.027799182516413452,"[0.035, 0.192, 0.009, 0.08, 0.061, 0.074, 0.13, 0.03, 0.159, -0.028]"
NQ,GLOBEX,B0,1380,TRQ10_TRV10,2020,244,0.004110552124453238,0.0018142908086009194,0.007486084553648807,0.008634663603216389,0.0,0.0014492753623188406,2.8362809658727337,0.17768533993817445,0.1346051070003183,0.044340300895865346,"[0.178, 0.174, 0.293, 0.207, 0.135, 0.153, 0.209, 0.058, -0.001, 0.044]"
NQ,GLOBEX,B0,1380,TRQ10_TRV10,2021,246,0.004694686525586415,0.0019350425286094501,0.00823283048805407,0.010269694589570354,0.0,0.0014492753623188406,3.2393337026546263,0.060686963051929,0.08698347465809159,0.04724381731617224,"[0.061, 0.169, 0.08, 0.122, 0.087, -0.0, -0.024, -0.02, 0.029, 0.047]"
NQ,GLOBEX,B0,1380,TRQ10_TRV10,2022,245,0.00459334737730494,0.0018677810601382037,0.008284009188416012,0.01246052397989508,0.0,0.0014492753623188406,3.1694096903404088,0.0984405197699099,0.03153846762351702,0.05406894634483268,"[0.098, 0.079, -0.013, 0.017, 0.032, 0.046, 0.066, -0.01, 0.039, 0.054]"
NQ,GLOBEX,B0,1380,TRQ10_TRV10,2023,244,0.00474407835923275,0.0020979581960001957,0.00864364983008666,0.010534925077082659,0.0,0.0014492753623188406,3.2734140678705974,0.13495003204291842,0.04525581395631704,0.021018442545498638,"[0.135, 0.065, 0.008, 0.097, 0.045, 0.014, 0.039, 0.038, 0.13, 0.021]"
NQ,GLOBEX,B0,1380,TRQ10_TRV10,0,1948,0.004628000694222969,0.0020273771525287417,0.008162140089564417,0.010607950545027155,0.0,0.0014492753623188406,3.1933204790138485,0.21726487326442837,0.17130638642200202,0.11675047906331046,"[0.217, 0.224, 0.193, 0.189, 0.171, 0.143, 0.169, 0.118, 0.165, 0.117]"
NQ,GLOBEX,B0,1380,MEDRQ_MEDRV,2016,241,0.0037785126944416977,0.0019874325452908163,0.010022585538605662,0.03325453870506997,0.012448132780082987,0.0014492753623188406,2.6071737591647715,0.18281177493509704,0.14146116382357599,0.11516581771378699,"[0.183, 0.205, 0.308, 0.136, 0.141, 0.119, 0.126, 0.157, 0.196, 0.115]"
NQ,GLOBEX,B0,1380,MEDRQ_MEDRV,2017,242,0.004831459130249072,0.0021798700029914252,0.009078491442519583,0.02756880013416099,0.004132231404958678,0.0014492753623188406,3.3337067998718592,0.18741945280928232,0.04712373951608716,0.08978568728030076,"[0.187, 0.102, 0.014, 0.079, 0.047, 0.024, -0.031, 0.022, -0.009, 0.09]"
NQ,GLOBEX,B0,1380,MEDRQ_MEDRV,2018,243,0.004100703755841536,0.0020525729221414143,0.009200411157388955,0.017192230026377795,0.00823045267489712,0.0014492753623188406,2.8294855915306596,0.012615034207159502,0.05982594199203394,-0.020642755512527276,"[0.013, 0.093, 0.062, 0.035, 0.06, 0.081, 0.07, -0.005, 0.097, -0.021]"
NQ,GLOBEX,B0,1380,MEDRQ_MEDRV,2019,243,0.004331102778559608,0.0028590935022570563,0.015384547642668988,0.03185273239954302,0.00411522633744856,0.0014492753623188406,2.9884609172061296,0.12024070772039175,0.14853736419346097,0.0213297654197134,"[0.12, 0.162, 0.107, 0.083, 0.149, 0.142, 0.093, 0.079, 0.323, 0.021]"
NQ,GLOBEX,B0,1380,MEDRQ_MEDRV,2020,244,0.0037003826387168107,0.001833632212199576,0.008506855039821778,0.01387607842446652,0.0,0.0014492753623188406,2.5532640207145993,0.16177854717752024,0.09600666123801659,0.08494904053395644,"[0.162, 0.113, 0.266, 0.227, 0.096, 0.076, 0.149, 0.029, 0.022, 0.085]"
NQ,GLOBEX,B0,1380,MEDRQ_MEDRV,2021,246,0.004309776595711912,0.002312222811134558,0.01105868855442177,0.018277084352105875,0.0,0.0014492753623188406,2.973745851041219,0.03183744348088366,0.13182560323662781,0.05336951039975419,"[0.032, 0.098, 0.125, 0.071, 0.132, 0.046, 0.01, 0.073, -0.03, 0.053]"
NQ,GLOBEX,B0,1380,MEDRQ_MEDRV,2022,245,0.004083080700199202,0.0018626361211838212,0.00981065145293973,0.020237858876935487,0.004081632653061225,0.0014492753623188406,2.817325683137449,0.05033891537106552,-0.025295657822131855,0.07740912975061473,"[0.05, 0.179, -0.031, 0.096, -0.025, 0.096, 0.018, 0.052, 0.094, 0.077]"
NQ,GLOBEX,B0,1380,MEDRQ_MEDRV,2023,244,0.004276678074694453,0.0020383690049512564,0.011812049389187713,0.03148123473192674,0.00819672131147541,0.0014492753623188406,2.9509078715391723,-0.03485494345957456,-0.0027412524127676027,-0.06841558054099303,"[-0.035, -0.027, -0.048, 0.037, -0.003, 0.003, 0.047, 0.053, 0.06, -0.068]"
NQ,GLOBEX,B0,1380,MEDRQ_MEDRV,0,1948,0.004192012303200926,0.0022065643241800537,0.01056137352163241,0.024316734717469948,0.004106776180698152,0.0014492753623188406,2.892488489208639,0.12192727892215638,0.11650111824314706,0.0802804179104465,"[0.122, 0.153, 0.137, 0.13, 0.117, 0.118, 0.104, 0.095, 0.15, 0.08]"
NQ,GLOBEX,B1,23,RQ_RV,2016,241,0.12374792765810673,0.06744606255954581,0.2736279977869805,0.4392859180688603,0.0,0.08695652173913043,1.4231011680682275,0.014866171412484717,-0.005365969562729728,0.01205108221022895,"[0.015, 0.19, 0.088, 0.059, -0.005, 0.062, 0.088, 0.068, 0.102, 0.012]"
NQ,GLOBEX,B1,23,RQ_RV,2017,242,0.12773169850839167,0.07960054859792118,0.3076944326895459,0.4004912556752126,0.0,0.08695652173913043,1.4689145328465043,-0.0242646039187963,-0.00773295269087566,-0.05048907693085837,"[-0.024, -0.001, -0.001, 0.098, -0.008, -0.007, -0.052, 0.007, -0.067, -0.05]"
NQ,GLOBEX,B1,23,RQ_RV,2018,243,0.1232776626911866,0.07359817317354365,0.2897052177936444,0.38724564747502954,0.0,0.08695652173913043,1.417693120948646,0.16890333980575187,-0.011497765652304445,-0.026442390486611688,"[0.169, -0.062, -0.014, 0.022, -0.011, -0.088, 0.026, 0.064, -0.024, -0.026]"
NQ,GLOBEX,B1,23,RQ_RV,2019,243,0.12339345606227013,0.08443378698533471,0.3135627109162027,0.4285258290298952,0.0,0.08695652173913043,1.4190247447161066,0.036806197274048734,0.08443437197353355,0.05211290716896268,"[0.037, -0.006, -0.044, -0.026, 0.084, -0.133, 0.04, 0.064, 0.095, 0.052]"
NQ,GLOBEX,B1,23,RQ_RV,2020,244,0.10795175260052806,0.05915835651441702,0.245181313081439,0.2927623761376719,0.0,0.08695652173913043,1.2414451549060728,-0.020292724244551502,-0.10991516812449886,0.04050675175882939,"[-0.02, 0.093, -0.07, 0.032, -0.11, 0.022, -0.076, 0.144, -0.027, 0.041]"
NQ,GLOBEX,B1,23,RQ_RV,2021,246,0.12140930740946591,0.06725568727994405,0.31822367329409496,0.41436470171978823,0.0,0.08695652173913043,1.396207035208858,0.07733834637328393,0.02774514934595682,0.039714045053336464,"[0.077, -0.035, 0.054, -0.002, 0.028, -0.022, 0.137, 0.009, -0.064, 0.04]"
NQ,GLOBEX,B1,23,RQ_RV,2022,245,0.12903029391680237,0.10048152933280169,0.3093359216295457,0.3907541810178085,0.0,0.08695652173913043,1.4838483800432274,-0.12599687426123354,0.05042624594396814,-0.006958086731246698,"[-0.126, 0.066, 0.013, -0.005, 0.05, -0.083, 0.052, -0.027, 0.025, -0.007]"
NQ,GLOBEX,B1,23,RQ_RV,2023,244,0.1336377334006523,0.06408901248780738,0.3175147071017265,0.41893112888130046,0.0,0.08695652173913043,1.5368339341075015,-0.008076283266215633,-0.029860995424660777,-0.011274551728409602,"[-0.008, -0.042, 0.021, -0.048, -0.03, 0.061, 0.054, -0.054, -0.053, -0.011]"
NQ,GLOBEX,B1,23,RQ_RV,0,1948,0.12333555937672837,0.07389795831376814,0.29608706710868726,0.41734615977127415,0.0,0.08695652173913043,1.4183589328323762,0.03293521738830804,0.02457414447434215,0.019648068846574693,"[0.033, 0.039, 0.028, 0.032, 0.025, -0.005, 0.057, 0.06, 0.019, 0.02]"
NQ,GLOBEX,B1,23,TQ_BV,2016,241,0.0967122339162982,0.05136543503299451,0.19400664672647755,0.26002482434914614,0.0,0.08695652173913043,1.1121906900374292,-0.12556684465209453,-0.016495089356656847,0.05279476053823599,"[-0.126, -0.041, -0.02, -0.039, -0.016, -0.111, 0.081, 0.003, -0.102, 0.053]"
NQ,GLOBEX,B1,23,TQ_BV,2017,242,0.10308777408965647,0.05751460557870118,0.18311990428724242,0.22949535412062347,0.0,0.08695652173913043,1.1855094020310495,-0.09764690691031233,0.16128136162228868,-0.011197622885756618,"[-0.098, -0.081, 0.021, -0.118, 0.161, -0.042, -0.089, 0.015, 0.018, -0.011]"
NQ,GLOBEX,B1,23,TQ_BV,2018,243,0.10227678480595766,0.05920802271700573,0.1979203002617464,0.2549706815139351,0.0,0.08695652173913043,1.176183025268513,0.018768282246553757,-0.039419260662202124,-0.11720588017128104,"[0.019, 0.013, -0.058, 0.052, -0.039, -0.068, 0.057, -0.029, -0.011, -0.117]"
NQ,GLOBEX,B1,23,TQ_BV,2019,243,0.09482126545916152,0.049771870274255586,0.1719139317818362,0.2286039854336217,0.0,0.08695652173913043,1.0904445527803575,0.09905015452965554,-0.03960546001454721,-0.18950168413332552,"[0.099, 0.161, 0.098, 0.1, -0.04, 0.023, -0.062, -0.13, -0.197, -0.19]"
NQ,GLOBEX,B1,23,TQ_BV,2020,244,0.08488601191463188,0.03803954395816264,0.1710801455344244,0.2032965107194721,0.0,0.08695652173913043,0.9761891370182667,0.04507887953179894,0.06476715659025825,0.21499797072813986,"[0.045, 0.065, -0.07, 0.179, 0.065, 0.049, 0.01, 0.108, 0.05, 0.215]"
NQ,GLOBEX,B1,23,TQ_BV,2021,246,0.09694233902986457,0.05564625900269998,0.18045234668447885,0.21200061496645176,0.0,0.08695652173913043,1.1148368988434425,0.08577219460043249,-0.00760470606133004,0.03867800772997546,"[0.086, 0.057, 0.014, 0.043, -0.008, 0.074, 0.025, -0.061, -0.088, 0.039]"
NQ,GLOBEX,B1,23,TQ_BV,2022,245,0.10182813315987804,0.06172991228594349,0.19388249054434048,0.26799496167652087,0.0,0.08695652173913043,1.1710235313385975,-0.00939786252746796,-0.020284729986448573,0.0012330711287653277,"[-0.009, -0.011, -0.039, -0.041, -0.02, -0.101, 0.04, -0.082, 0.063, 0.001]"
NQ,GLOBEX,B1,23,TQ_BV,2023,244,0.11404800939291754,0.059758782766643787,0.21543661904381015,0.27636556183997074,0.0,0.08695652173913043,1.3115521080185517,0.12399526267592594,-0.0009035563335006885,0.014104837207658903,"[0.124, -0.016, 0.068, 0.018, -0.001, -0.023, -0.004, 0.025, -0.022, 0.014]"
NQ,GLOBEX,B1,23,TQ_BV,0,1948,0.09907245545155512,0.05659470943283157,0.18888577337708173,0.25556274030935155,0.0,0.08695652173913043,1.139333237692884,0.04667667769789186,0.04232478130832469,0.021108282935488443,"[0.047, 0.047, 0.037, 0.059, 0.042, 0.0, 0.037, 0.007, -0.001, 0.021]"
NQ,GLOBEX,B1,23,TRQ3_TRV3,2016,241,0.10309328647465553,0.0436979722887854,0.1739535831858804,0.23339611228214832,0.0,0.08695652173913043,1.1855727944585386,0.11908242047362207,0.06746573146543688,0.1177335198200185,"[0.119, 0.165, 0.139, 0.128, 0.067, 0.181, 0.105, 0.101, 0.125, 0.118]"
NQ,GLOBEX,B1,23,TRQ3_TRV3,2017,242,0.1037983120209551,0.0384042971297187,0.1846369723016097,0.21955744961262874,0.0,0.08695652173913043,1.1936805882409838,-0.08409364411319298,-0.023688751903900317,0.052408432163371994,"[-0.084, 0.102, -0.059, 0.084, -0.024, 0.092, -0.086, -0.017, 0.044, 0.052]"
NQ,GLOBEX,B1,23,TRQ3_TRV3,2018,243,0.10542671368952186,0.037260956884666935,0.17510682213053602,0.20759649954334392,0.0,0.08695652173913043,1.2124072074295014,-0.05657684985079982,-0.011175492268290283,0.01536765833229966,"[-0.057, -0.038, -0.082, 0.159, -0.011, -0.032, 0.049, 0.059, -0.059, 0.015]"
NQ,GLOBEX,B1,23,TRQ3_TRV3,2019,243,0.09827145330226554,0.037913862387658176,0.14586273228366423,0.24291971932271766,0.0,0.08695652173913043,1.1301217129760537,-0.04745123038239334,-0.02649375621700264,-0.026480704717873355,"[-0.047, -0.069, -0.021, 0.107, -0.026, -0.02, 0.045, -0.05, -0.061, -0.026]"
NQ,GLOBEX,B1,23,TRQ3_TRV3,2020,244,0.09372359564602994,0.03546170471566955,0.14796289256587317,0.1963510863951237,0.0,0.08695652173913043,1.0778213499293443,0.08971106214249358,-0.03858921858911277,0.06881953554676373,"[0.09, 0.096, -0.031, 0.003, -0.039, 0.008, 0.031, 0.072, 0.016, 0.069]"
NQ,GLOBEX,B1,23,TRQ3_TRV3,2021,246,0.1004711451926869,0.044158940743154296,0.16053842562302506,0.2032217019611637,0.0,0.08695652173913043,1.1554181697158994,0.021512264041874736,0.024929616769335895,0.01531005572924503,"[0.022, 0.001, -0.099, -0.038, 0.025, -0.058, 0.149, -0.04, -0.015, 0.015]"
NQ,GLOBEX,B1,23,TRQ3_TRV3,2022,245,0.10334753856370946,0.039947036958801474,0.17931391741943226,0.23222544790033953,0.0,0.08695652173913043,1.1884966934826589,0.0018915268109304887,-0.08956246189172835,-0.04109892764879634,"[0.002, -0.047, -0.009, -0.036, -0.09, -0.025, -0.054, -0.097, -0.062, -0.041]"
NQ,GLOBEX,B1,23,TRQ3_TRV3,2023,244,0.11310354412786108,0.042220166213430346,0.18141073475785693,0.26864180015226363,0.0,0.08695652173913043,1.3006907574704025,0.04470557909440479,-0.06555479084344781,-0.03617509268680313,"[0.045, -0.041, 0.066, 0.017, -0.066, -0.124, 0.006, -0.162, -0.095, -0.036]"
NQ,GLOBEX,B1,23,TRQ3_TRV3,0,1948,0.10338870778322122,0.040554990077270245,0.16945261216171925,0.2325269996466271,0.0,0.08695652173913043,1.188970139507044,0.04705798602907211,0.014754327368833644,0.04708128632959204,"[0.047, 0.058, 0.024, 0.081, 0.015, 0.038, 0.064, 0.013, 0.027, 0.047]"
NQ,GLOBEX,B1,23,TRQ5_TRV5,2016,241,0.11980700063939019,0.06245815439522226,0.22766326369922174,0.32892862562449693,0.0,0.08695652173913043,1.3777805073529872,0.08777670572220056,0.027241957202500222,-0.014292650088208157,"[0.088, 0.191, 0.052, 0.036, 0.027, 0.093, 0.108, 0.067, 0.083, -0.014]"
NQ,GLOBEX,B1,23,TRQ5_TRV5,2017,242,0.12314962737276124,0.07434407697285439,0.260953930388514,0.3358351197208985,0.0,0.08695652173913043,1.4162207147867543,-0.1428032206750426,-0.031257468617307306,-0.03148346196913059,"[-0.143, 0.13, -0.117, 0.122, -0.031, 0.053, -0.053, 0.028, -0.137, -0.031]"
NQ,GLOBEX,B1,23,TRQ5_TRV5,2018,243,0.1190057434760852,0.06280884892142406,0.23681141465073097,0.31871493574970194,0.0,0.08695652173913043,1.3685660499749799,0.05435319572486745,-0.004538184900436199,-0.04894702631595239,"[0.054, 0.005, 0.01, 0.108, -0.005, -0.057, -0.008, 0.045, 0.037, -0.049]"
NQ,GLOBEX,B1,23,TRQ5_TRV5,2019,243,0.11403893080935273,0.05583751443313609,0.2640231044647475,0.3102799444341862,0.0,0.08695652173913043,1.3114477043075565,-0.043027714903511025,0.044068595127054876,0.07107580917098195,"[-0.043, -0.068, -0.026, -0.016, 0.044, -0.008, 0.039, 0.022, 0.02, 0.071]"
NQ,GLOBEX,B1,23,TRQ5_TRV5,2020,244,0.10731823420506895,0.058086179292482845,0.21724297785222357,0.28794692300724956,0.0,0.08695652173913043,1.234159693358293,-0.02282551967059642,-0.11769001107631209,0.08909182807725893,"[-0.023, 0.135, -0.093, 0.028, -0.118, 0.049, -0.085, 0.139, -0.023, 0.089]"
NQ,GLOBEX,B1,23,TRQ5_TRV5,2021,246,0.11572040394363786,0.06210929524507933,0.2542147847359728,0.324970505049969,0.0,0.08695652173913043,1.3307846453518355,0.14480171555969923,-0.05297449046657681,0.01781291787487898,"[0.145, -0.101, -0.039, 0.023, -0.053, -0.027, 0.193, -0.006, -0.025, 0.018]"
NQ,GLOBEX,B1,23,TRQ5_TRV5,2022,245,0.12420228686262207,0.07816817241150169,0.27744573053508753,0.3292736935235496,0.0,0.08695652173913043,1.4283262989201537,-0.08754456373823088,0.02802898230283674,-0.006438127791529692,"[-0.088, 0.055, -0.071, 0.023, 0.028, -0.115, 0.015, -0.044, 0.01, -0.006]"
NQ,GLOBEX,B1,23,TRQ5_TRV5,2023,244,0.13244868251835185,0.06051868935207444,0.2388459115260105,0.31902608022305523,0.0,0.08695652173913043,1.5231598489610463,0.026856091792348793,0.004068960978849545,-0.07689682921278873,"[0.027, -0.083, 0.066, -0.005, 0.004, 0.028, 0.055, -0.1, -0.041, -0.077]"
NQ,GLOBEX,B1,23,TRQ5_TRV5,0,1948,0.11981453233545969,0.06526926326960783,0.24986182819025535,0.3248892468721537,0.0,0.08695652173913043,1.3778671218577865,0.018476656149023874,0.007364881884901966,0.015281873969502962,"[0.018, 0.052, -0.012, 0.054, 0.007, 0.014, 0.05, 0.045, 0.018, 0.015]"
NQ,GLOBEX,B1,23,TRQ10_TRV10,2016,241,0.12374792765810673,0.06744606255954581,0.2736279977869805,0.4392859180688603,0.0,0.08695652173913043,1.4231011680682275,0.014866171412484717,-0.005365969562729728,0.01205108221022895,"[0.015, 0.19, 0.088, 0.059, -0.005, 0.062, 0.088, 0.068, 0.102, 0.012]"
NQ,GLOBEX,B1,23,TRQ10_TRV10,2017,242,0.12773169850839167,0.07960054859792118,0.3076944326895459,0.4004912556752126,0.0,0.08695652173913043,1.4689145328465043,-0.0242646039187963,-0.00773295269087566,-0.05048907693085837,"[-0.024, -0.001, -0.001, 0.098, -0.008, -0.007, -0.052, 0.007, -0.067, -0.05]"
NQ,GLOBEX,B1,23,TRQ10_TRV10,2018,243,0.1232776626911866,0.07359817317354365,0.2897052177936444,0.38724564747502954,0.0,0.08695652173913043,1.417693120948646,0.16890333980575187,-0.011497765652304445,-0.026442390486611688,"[0.169, -0.062, -0.014, 0.022, -0.011, -0.088, 0.026, 0.064, -0.024, -0.026]"
NQ,GLOBEX,B1,23,TRQ10_TRV10,2019,243,0.12339345606227013,0.08443378698533471,0.3135627109162027,0.4285258290298952,0.0,0.08695652173913043,1.4190247447161066,0.036806197274048734,0.08443437197353355,0.05211290716896268,"[0.037, -0.006, -0.044, -0.026, 0.084, -0.133, 0.04, 0.064, 0.095, 0.052]"
NQ,GLOBEX,B1,23,TRQ10_TRV10,2020,244,0.10795175260052806,0.05915835651441702,0.245181313081439,0.2927623761376719,0.0,0.08695652173913043,1.2414451549060728,-0.020292724244551502,-0.10991516812449886,0.04050675175882939,"[-0.02, 0.093, -0.07, 0.032, -0.11, 0.022, -0.076, 0.144, -0.027, 0.041]"
NQ,GLOBEX,B1,23,TRQ10_TRV10,2021,246,0.12140930740946591,0.06725568727994405,0.31822367329409496,0.41436470171978823,0.0,0.08695652173913043,1.396207035208858,0.07733834637328393,0.02774514934595682,0.039714045053336464,"[0.077, -0.035, 0.054, -0.002, 0.028, -0.022, 0.137, 0.009, -0.064, 0.04]"
NQ,GLOBEX,B1,23,TRQ10_TRV10,2022,245,0.12903029391680237,0.10048152933280169,0.3093359216295457,0.3907541810178085,0.0,0.08695652173913043,1.4838483800432274,-0.12599687426123354,0.05042624594396814,-0.006958086731246698,"[-0.126, 0.066, 0.013, -0.005, 0.05, -0.083, 0.052, -0.027, 0.025, -0.007]"
NQ,GLOBEX,B1,23,TRQ10_TRV10,2023,244,0.1336377334006523,0.06408901248780738,0.3175147071017265,0.41893112888130046,0.0,0.08695652173913043,1.5368339341075015,-0.008076283266215633,-0.029860995424660777,-0.011274551728409602,"[-0.008, -0.042, 0.021, -0.048, -0.03, 0.061, 0.054, -0.054, -0.053, -0.011]"
NQ,GLOBEX,B1,23,TRQ10_TRV10,0,1948,0.12333555937672837,0.07389795831376814,0.29608706710868726,0.41734615977127415,0.0,0.08695652173913043,1.4183589328323762,0.03293521738830804,0.02457414447434215,0.019648068846574693,"[0.033, 0.039, 0.028, 0.032, 0.025, -0.005, 0.057, 0.06, 0.019, 0.02]"
NQ,GLOBEX,B1,23,MEDRQ_MEDRV,2016,241,0.10310975427902198,0.06172947565837823,0.23737181124451764,0.3288352007833691,0.0,0.08695652173913043,1.1857621742087527,0.1123662768717605,0.09532171193024495,0.055387607391564404,"[0.112, 0.14, 0.106, 0.053, 0.095, 0.077, 0.136, 0.125, 0.12, 0.055]"
NQ,GLOBEX,B1,23,MEDRQ_MEDRV,2017,242,0.109004846914589,0.05388423844317884,0.2361023154465955,0.2704803017959049,0.0,0.08695652173913043,1.2535557395177737,-0.094604713875652,-0.03974077848389769,0.10898189306951286,"[-0.095, 0.003, -0.018, -0.078, -0.04, 0.044, -0.069, -0.009, 0.069, 0.109]"
NQ,GLOBEX,B1,23,MEDRQ_MEDRV,2018,243,0.11312077265128667,0.06383740368469917,0.21546024032319988,0.24184306267614625,0.0,0.08695652173913043,1.3008888854897969,-0.10604198868232909,0.06552144892937165,0.13920683023163996,"[-0.106, 0.007, -0.078, 0.117, 0.066, 0.035, 0.044, 0.042, -0.074, 0.139]"
NQ,GLOBEX,B1,23,MEDRQ_MEDRV,2019,243,0.09803493056867846,0.05119322780804195,0.20441278165318885,0.29008932113817537,0.0,0.08695652173913043,1.1274017015398023,0.029065979946543755,-0.023360635545198308,-0.07627769715531424,"[0.029, -0.033, 0.048, 0.056, -0.023, -0.033, 0.073, 0.005, -0.084, -0.076]"
NQ,GLOBEX,B1,23,MEDRQ_MEDRV,2020,244,0.08899745921524618,0.042467615238184694,0.17944616436218455,0.24698216294906142,0.0,0.08695652173913043,1.0234707809753312,-0.01432571692383847,0.02129169758872171,0.08080952936521531,"[-0.014, 0.062, 0.026, 0.001, 0.021, -0.015, 0.064, 0.062, 0.046, 0.081]"
NQ,GLOBEX,B1,23,MEDRQ_MEDRV,2021,246,0.10056779387319761,0.05271059812965484,0.21044815362511649,0.2943657734683857,0.0,0.08695652173913043,1.1565296295417726,0.06883001716700471,0.08242691864591578,0.011799330201523057,"[0.069, 0.042, 0.001, 0.02, 0.082, -0.019, 0.171, -0.101, 0.027, 0.012]"
NQ,GLOBEX,B1,23,MEDRQ_MEDRV,2022,245,0.11113854602074486,0.06137853268979894,0.21817594233213966,0.2850979084371955,0.0,0.08695652173913043,1.278093279238566,-0.10098641762953502,-0.04515387997532058,-0.06275032013154061,"[-0.101, 0.054, -0.105, -0.026, -0.045, -0.089, 0.077, 0.088, 0.004, -0.063]"
NQ,GLOBEX,B1,23,MEDRQ_MEDRV,2023,244,0.11817940801954172,0.05198097471186877,0.23423979374288528,0.28131609736649565,0.0,0.08695652173913043,1.3590631922247298,0.027854045701720117,-0.049390246744313256,-0.08103142553128509,"[0.028, -0.036, 0.059, -0.035, -0.049, -0.001, -0.088, -0.163, -0.023, -0.081]"
NQ,GLOBEX,B1,23,MEDRQ_MEDRV,0,1948,0.10568489371960095,0.05768029375019959,0.2219250693910593,0.2837459150966246,0.0,0.08695652173913043,1.215376277775411,0.02780212817841918,0.049799310759757576,0.052246654828452616,"[0.028, 0.064, 0.036, 0.042, 0.05, 0.031, 0.087, 0.037, 0.043, 0.052]"
NQ,GLOBEX,B1,46,RQ_RV,2016,241,0.07469672438060115,0.04569651351844634,0.1763134761771723,0.3491977275432096,0.0,0.043478260869565216,1.7180246607538265,0.04370609715798683,-0.08394586513734675,0.01045481889146664,"[0.044, 0.107, 0.141, 0.081, -0.084, 0.059, 0.162, 0.06, 0.077, 0.01]"
NQ,GLOBEX,B1,46,RQ_RV,2017,242,0.08201661673183294,0.047662487531969264,0.2253814835550255,0.30880584395931343,0.0,0.043478260869565216,1.8863821848321578,0.09095785579315056,0.033462635193211784,0.039705658325128235,"[0.091, 0.004, 0.012, 0.015, 0.033, 0.011, -0.004, 0.005, -0.161, 0.04]"
NQ,GLOBEX,B1,46,RQ_RV,2018,243,0.07921044649399613,0.043518342104873084,0.1939045646448874,0.30631024110555477,0.0,0.043478260869565216,1.821840269361911,0.10208190844161501,-0.0013020917782004472,-0.11081714368784648,"[0.102, -0.028, -0.006, 0.027, -0.001, -0.032, -0.027, 0.047, 0.037, -0.111]"
NQ,GLOBEX,B1,46,RQ_RV,2019,243,0.07685330252329442,0.053589331593698,0.20478133685769867,0.36635509347812545,0.0,0.043478260869565216,1.7676259580357716,0.08372734363460829,0.022633852786258332,-0.023090858474058135,"[0.084, 0.089, -0.079, -0.088, 0.023, -0.094, 0.011, -0.086, 0.102, -0.023]"
NQ,GLOBEX,B1,46,RQ_RV,2020,244,0.06471109797833224,0.04083450651988826,0.14679234831104543,0.2260575553205792,0.0,0.043478260869565216,1.4883552535016416,0.030699504325698467,-0.0242078427646691,0.009472034651379573,"[0.031, 0.028, 0.098, 0.049, -0.024, 0.089, 0.058, 0.027, -0.037, 0.009]"
NQ,GLOBEX,B1,46,RQ_RV,2021,246,0.07670460726268914,0.04911653644829057,0.1885572624230129,0.31443166804106426,0.0,0.043478260869565216,1.7642059670418504,0.024407279128425243,0.16578727973233903,0.0364201099581315,"[0.024, 0.07, 0.098, 0.062, 0.166, 0.005, 0.04, 0.046, -0.066, 0.036]"
NQ,GLOBEX,B1,46,RQ_RV,2022,245,0.0805936551101539,0.051114086517755036,0.22289787524952367,0.3073018472414263,0.0,0.043478260869565216,1.8536540675335398,-0.0008984927596273549,-0.029796621839724743,-0.02588171295964076,"[-0.001, 0.087, -0.019, -0.02, -0.03, -0.047, 0.039, -0.044, 0.056, -0.026]"
NQ,GLOBEX,B1,46,RQ_RV,2023,244,0.07962938347740853,0.04630684494110572,0.18764045771805218,0.28837090100905605,0.0,0.043478260869565216,1.8314758199803962,-0.007314043552509219,-0.025255952356088157,-0.04223847924745813,"[-0.007, 0.032, 0.058, 0.063, -0.025, 0.006, 0.014, 0.002, -0.127, -0.042]"
NQ,GLOBEX,B1,46,RQ_RV,0,1948,0.07728100144444786,0.04871174119348251,0.19742285930419684,0.3252118102865641,0.0,0.043478260869565216,1.7774630332223007,0.07062762522215131,0.022800518133135685,0.0023578897995712154,"[0.071, 0.068, 0.055, 0.039, 0.023, 0.017, 0.061, 0.027, 0.003, 0.002]"
NQ,GLOBEX,B1,46,TQ_BV,2016,241,0.0585173723053212,0.033062695409766515,0.10900892902212393,0.1538385971082225,0.0,0.043478260869565216,1.3458995630223876,-0.1013982636281361,0.004536738109611262,-0.037486261580335196,"[-0.101, 0.236, -0.032, 0.124, 0.005, 0.002, 0.078, -0.002, 0.05, -0.037]"
NQ,GLOBEX,B1,46,TQ_BV,2017,242,0.06139787877399726,0.0377068037749935,0.13714142585244274,0.18405693752436275,0.0,0.043478260869565216,1.412151211801937,-0.027003694854719644,0.0001860531435482587,0.11060264706441046,"[-0.027, 0.051, -0.01, -0.034, 0.0, -0.163, 0.12, 0.087, 0.046, 0.111]"
NQ,GLOBEX,B1,46,TQ_BV,2018,243,0.0633046486657834,0.0353532205484511,0.1271256657066928,0.15522275869032193,0.0,0.043478260869565216,1.4560069193130183,0.027763489904581683,0.05454049093388111,-0.0025037455431758744,"[0.028, -0.032, -0.042, -0.04, 0.055, 0.072, -0.12, 0.092, -0.116, -0.003]"
NQ,GLOBEX,B1,46,TQ_BV,2019,243,0.056137071511256985,0.03221234852927907,0.13352706016410906,0.178265914745849,0.0,0.043478260869565216,1.2911526447589108,0.08073112508774434,-0.07913289955278806,-0.012249746998324847,"[0.081, 0.087, 0.016, -0.029, -0.079, -0.068, -0.082, 0.047, -0.006, -0.012]"
NQ,GLOBEX,B1,46,TQ_BV,2020,244,0.05304319438059568,0.028463793149289,0.10210458092530665,0.1300146207244543,0.0,0.043478260869565216,1.2199934707537008,0.09858492184079,0.07957427308687406,-0.026453148601690967,"[0.099, 0.029, 0.082, 0.053, 0.08, 0.142, -0.095, 0.019, -0.062, -0.026]"
NQ,GLOBEX,B1,46,TQ_BV,2021,246,0.06113343357494201,0.034217055970924795,0.13450725590446935,0.17757104929072218,0.0,0.043478260869565216,1.4060689722236663,0.08439562714611745,0.05856470179681009,0.011280407238467832,"[0.084, 0.015, -0.126, -0.128, 0.059, -0.017, 0.201, 0.09, 0.021, 0.011]"
NQ,GLOBEX,B1,46,TQ_BV,2022,245,0.06479301211980842,0.03904827505264185,0.13481906737109864,0.1693735416063205,0.0,0.043478260869565216,1.4902392787555938,0.030432032892348828,0.15822170892181256,-0.032680502741644045,"[0.03, 0.18, 0.037, 0.074, 0.158, -0.013, 0.02, -0.086, -0.029, -0.033]"
NQ,GLOBEX,B1,46,TQ_BV,2023,244,0.06866406283833075,0.03424262603479582,0.1322882057490546,0.16934519577832177,0.0,0.043478260869565216,1.5792734452816073,-0.14425242083350917,0.07580425154467804,-0.050994653213434174,"[-0.144, 0.052, -0.081, -0.021, 0.076, 0.125, 0.071, 0.031, -0.03, -0.051]"
NQ,GLOBEX,B1,46,TQ_BV,0,1948,0.06043648969927286,0.03511190401469848,0.1273747482980277,0.16979897772968572,0.0,0.043478260869565216,1.3900392630832759,0.037753320428872444,0.07277674800946239,0.02748384167514801,"[0.038, 0.107, 0.012, 0.027, 0.073, 0.037, 0.055, 0.07, 0.02, 0.027]"
NQ,GLOBEX,B1,46,TRQ3_TRV3,2016,241,0.05616244603324557,0.017182832624097283,0.09021715381934077,0.1023618955924593,0.0,0.043478260869565216,1.2917362587646481,0.07858626063258774,0.11590482904628295,0.07325369209977342,"[0.079, 0.125, 0.028, 0.053, 0.116, 0.06, -0.006, 0.096, 0.016, 0.073]"
NQ,GLOBEX,B1,46,TRQ3_TRV3,2017,242,0.05758088479920372,0.020359445282687107,0.10218194279865254,0.12050278551743897,0.0,0.043478260869565216,1.3243603503816856,0.18181863786791708,0.04231521492149232,-0.009796494772951594,"[0.182, 0.131, 0.025, 0.049, 0.042, -0.046, -0.06, 0.005, -0.123, -0.01]"
NQ,GLOBEX,B1,46,TRQ3_TRV3,2018,243,0.05733085602636211,0.018734328834723903,0.08456566881736975,0.0927016276961054,0.0,0.043478260869565216,1.3186096886063285,-0.03404772288316756,-0.033675410682439094,0.07998514124581779,"[-0.034, 0.001, -0.105, -0.015, -0.034, 0.127, 0.08, -0.0, -0.021, 0.08]"
NQ,GLOBEX,B1,46,TRQ3_TRV3,2019,243,0.05557088276635489,0.017618478570770757,0.09188555910475318,0.11254400053881568,0.0,0.043478260869565216,1.2781303036261626,0.021652701623779386,0.04927259139746747,0.06251644024382016,"[0.022, 0.064, -0.105, 0.091, 0.049, 0.023, 0.001, -0.06, 0.153, 0.063]"
NQ,GLOBEX,B1,46,TRQ3_TRV3,2020,244,0.05140832511040247,0.015828040611625037,0.07666937609898257,0.09549942009108538,0.0,0.043478260869565216,1.1823914775392568,0.10452657746675513,0.1113865502546848,0.0777668103971446,"[0.105, 0.095, 0.091, 0.133, 0.111, 0.082, 0.089, 0.08, -0.036, 0.078]"
NQ,GLOBEX,B1,46,TRQ3_TRV3,2021,246,0.055299379990496715,0.017400000285538314,0.08610553198792573,0.11114978523663041,0.0,0.043478260869565216,1.2718857397814245,0.10427533264823019,0.05379165742211041,0.00529254247995426,"[0.104, 0.144, 0.044, 0.042, 0.054, 0.02, 0.149, -0.027, 0.007, 0.005]"
NQ,GLOBEX,B1,46,TRQ3_TRV3,2022,245,0.05793717383092614,0.019929680409732246,0.09006767943934015,0.1276004986334857,0.0,0.043478260869565216,1.3325549981113014,0.057608873663536425,0.05935209142132842,0.04103207538255129,"[0.058, 0.08, 0.082, 0.161, 0.059, 0.112, -0.031, -0.004, 0.003, 0.041]"
NQ,GLOBEX,B1,46,TRQ3_TRV3,2023,244,0.06122453225985376,0.019433963784446118,0.09111849236589677,0.11584806935458088,0.0,0.043478260869565216,1.4081642419766365,0.0036025153853315194,-0.06848964521738024,0.002013411527251724,"[0.004, -0.012, 0.067, -0.036, -0.068, -0.107, 0.052, -0.032, -0.104, 0.002]"
NQ,GLOBEX,B1,46,TRQ3_TRV3,0,1948,0.05645319028093977,0.018394667181050005,0.0900466077032318,0.11510420482571541,0.0,0.043478260869565216,1.2984233764616149,0.10995391255388899,0.08193110887717728,0.07536913254210427,"[0.11, 0.119, 0.059, 0.103, 0.082, 0.071, 0.072, 0.041, 0.032, 0.075]"
NQ,GLOBEX,B1,46,TRQ5_TRV5,2016,241,0.07342148745437165,0.03522368925464343,0.1320916353160424,0.1760427541774017,0.0,0.043478260869565216,1.6886942114505479,0.030781543600335182,0.045170433455522276,-0.08614735753518828,"[0.031, 0.069, 0.004, 0.101, 0.045, 0.038, 0.175, 0.016, 0.045, -0.086]"
NQ,GLOBEX,B1,46,TRQ5_TRV5,2017,242,0.07629688079805588,0.038278415069249914,0.13809294383766152,0.1719649258452015,0.0,0.043478260869565216,1.7548282583552854,0.09005111660592548,-0.035793989386379975,0.09342110651794464,"[0.09, 0.108, 0.044, -0.021, -0.036, -0.004, -0.116, 0.036, 0.02, 0.093]"
NQ,GLOBEX,B1,46,TRQ5_TRV5,2018,243,0.07413044638843921,0.03611240079794738,0.13521775884047585,0.1692394355532013,0.0,0.043478260869565216,1.705000266934102,-0.01926230191526335,0.027099955458470045,-0.012738745123384933,"[-0.019, 0.038, -0.075, -0.052, 0.027, 0.004, -0.005, 0.158, -0.005, -0.013]"
NQ,GLOBEX,B1,46,TRQ5_TRV5,2019,243,0.07009232862423002,0.040795338204805714,0.1360176499245587,0.17094816888865322,0.0,0.043478260869565216,1.6121235583572906,0.059170741844478396,0.05880370827142445,0.05528689751045001,"[0.059, -0.007, 0.002, -0.029, 0.059, -0.097, 0.019, -0.044, -0.034, 0.055]"
NQ,GLOBEX,B1,46,TRQ5_TRV5,2020,244,0.06233494777487583,0.03427133249840325,0.11768986230039993,0.14276990744367904,0.0,0.043478260869565216,1.4337037988221442,0.05126615302632137,0.13122647975033636,0.0754341386733952,"[0.051, 0.081, 0.14, 0.104, 0.131, 0.15, 0.033, 0.035, -0.035, 0.075]"
NQ,GLOBEX,B1,46,TRQ5_TRV5,2021,246,0.07062377124762775,0.0344727111008861,0.13266184501643685,0.18741147182903398,0.0,0.043478260869565216,1.6243467386954384,0.08099310202616296,0.03858432534894069,0.04399979510442084,"[0.081, 0.111, 0.035, 0.106, 0.039, 0.028, 0.15, 0.053, -0.045, 0.044]"
NQ,GLOBEX,B1,46,TRQ5_TRV5,2022,245,0.07510299973874425,0.03519672005476837,0.14116533626727557,0.20054181453075198,0.0,0.043478260869565216,1.7273689939911179,0.017165230934541104,-0.020965449572797036,0.030500818184269012,"[0.017, 0.078, -0.039, -0.021, -0.021, 0.049, 0.017, -0.063, 0.019, 0.031]"
NQ,GLOBEX,B1,46,TRQ5_TRV5,2023,244,0.07776651595472597,0.0406791658543407,0.14038890495412698,0.18246268678894853,0.0,0.043478260869565216,1.7886298669586975,-0.053082581474764544,-0.01967500987897162,0.026325298551605883,"[-0.053, 0.1, 0.111, 0.033, -0.02, -0.009, 0.022, -0.021, -0.157, 0.026]"
NQ,GLOBEX,B1,46,TRQ5_TRV5,0,1948,0.07226735703512285,0.03726898601955245,0.134109076102943,0.18018136271017565,0.0,0.043478260869565216,1.6621492118078256,0.06187662172117569,0.05609342443731358,0.05666875954945825,"[0.062, 0.098, 0.055, 0.054, 0.056, 0.044, 0.068, 0.05, 0.004, 0.057]"
NQ,GLOBEX,B1,46,TRQ10_TRV10,2016,241,0.07469672438060115,0.04375784886015529,0.17011956635655884,0.312125173740907,0.0,0.043478260869565216,1.7180246607538265,0.00832746144591523,-0.10554751717244643,0.009175891484921192,"[0.008, 0.127, 0.099, 0.1, -0.106, 0.037, 0.15, 0.047, 0.04, 0.009]"
NQ,GLOBEX,B1,46,TRQ10_TRV10,2017,242,0.08201661673183294,0.047662487531969264,0.2253814835550255,0.30880584395931343,0.0,0.043478260869565216,1.8863821848321578,0.09095785579315056,0.033462635193211784,0.039705658325128235,"[0.091, 0.004, 0.012, 0.015, 0.033, 0.011, -0.004, 0.005, -0.161, 0.04]"
NQ,GLOBEX,B1,46,TRQ10_TRV10,2018,243,0.07921044649399613,0.043518342104873084,0.1939045646448874,0.30631024110555477,0.0,0.043478260869565216,1.821840269361911,0.10208190844161501,-0.0013020917782004472,-0.11081714368784648,"[0.102, -0.028, -0.006, 0.027, -0.001, -0.032, -0.027, 0.047, 0.037, -0.111]"
NQ,GLOBEX,B1,46,TRQ10_TRV10,2019,243,0.07685330252329442,0.053589331593698,0.20478133685769867,0.36635509347812545,0.0,0.043478260869565216,1.7676259580357716,0.08372734363460829,0.022633852786258332,-0.023090858474058135,"[0.084, 0.089, -0.079, -0.088, 0.023, -0.094, 0.011, -0.086, 0.102, -0.023]"
NQ,GLOBEX,B1,46,TRQ10_TRV10,2020,244,0.06471109797833224,0.04083450651988826,0.14679234831104543,0.2260575553205792,0.0,0.043478260869565216,1.4883552535016416,0.030699504325698467,-0.0242078427646691,0.009472034651379573,"[0.031, 0.028, 0.098, 0.049, -0.024, 0.089, 0.058, 0.027, -0.037, 0.009]"
NQ,GLOBEX,B1,46,TRQ10_TRV10,2021,246,0.07670460726268914,0.04911653644829057,0.1885572624230129,0.31443166804106426,0.0,0.043478260869565216,1.7642059670418504,0.024407279128425243,0.16578727973233903,0.0364201099581315,"[0.024, 0.07, 0.098, 0.062, 0.166, 0.005, 0.04, 0.046, -0.066, 0.036]"
NQ,GLOBEX,B1,46,TRQ10_TRV10,2022,245,0.0805936551101539,0.05081610004420535,0.2193284808226147,0.3016523994067309,0.0,0.043478260869565216,1.8536540675335398,-0.020787413377072253,-0.03519290625751412,-0.0024533704064665183,"[-0.021, 0.05, -0.046, 0.013, -0.035, -0.073, 0.064, -0.049, 0.075, -0.002]"
NQ,GLOBEX,B1,46,TRQ10_TRV10,2023,244,0.07962938347740853,0.04588805112470731,0.18354750466090058,0.2790196851465758,0.0,0.043478260869565216,1.8314758199803962,0.0014142152579042183,0.002386202612149138,-0.05309835468838062,"[0.001, 0.047, 0.073, 0.062, 0.002, 0.017, 0.015, 0.0, -0.113, -0.053]"
NQ,GLOBEX,B1,46,TRQ10_TRV10,0,1948,0.07728100144444786,0.04825676179289316,0.1942709532364548,0.3097498965338375,0.0,0.043478260869565216,1.7774630332223007,0.0658828179056843,0.024304895553522624,0.0029261079716652112,"[0.066, 0.067, 0.048, 0.043, 0.024, 0.01, 0.06, 0.025, 0.001, 0.003]"
NQ,GLOBEX,B1,46,MEDRQ_MEDRV,2016,241,0.06719357179563,0.03651171921173783,0.14216799885539452,0.19104437867917942,0.0,0.043478260869565216,1.54545215129949,0.07851528667464647,-0.04489484803704658,-0.02434807930854128,"[0.079, 0.052, 0.049, 0.106, -0.045, 0.089, 0.108, 0.012, 0.017, -0.024]"
NQ,GLOBEX,B1,46,MEDRQ_MEDRV,2017,242,0.0655283970955787,0.036346533549097816,0.15932315538796096,0.2073673133966936,0.0,0.043478260869565216,1.5071531331983101,0.033929882389430795,-0.03206848943902823,0.13325769157584094,"[0.034, 0.105, 0.0, -0.078, -0.032, -0.065, -0.077, -0.0, 0.015, 0.133]"
NQ,GLOBEX,B1,46,MEDRQ_MEDRV,2018,243,0.06490136398545837,0.038601495162989344,0.1289807735246642,0.20602247290430034,0.0,0.043478260869565216,1.4927313716655426,-0.05008142561296588,0.016529264586732297,0.05737478040695531,"[-0.05, 0.102, -0.102, -0.014, 0.017, 0.062, -0.049, 0.026, -0.05, 0.057]"
NQ,GLOBEX,B1,46,MEDRQ_MEDRV,2019,243,0.06413220160839567,0.03954338404108936,0.14389705590186588,0.1767089246931925,0.0,0.043478260869565216,1.4750406369931004,-0.04117838877510953,0.03311858733749577,0.033882489822812056,"[-0.041, -0.022, -0.055, 0.127, 0.033, -0.06, -0.043, -0.029, -0.014, 0.034]"
NQ,GLOBEX,B1,46,MEDRQ_MEDRV,2020,244,0.05719765835101827,0.029530096084033404,0.11581450312971638,0.17202810293535753,0.0,0.043478260869565216,1.3155461420734202,0.08602200097250394,0.10863153828973643,0.1379299014307501,"[0.086, 0.071, 0.133, 0.098, 0.109, 0.133, 0.028, 0.04, -0.107, 0.138]"
NQ,GLOBEX,B1,46,MEDRQ_MEDRV,2021,246,0.06425005732759412,0.037488651038792814,0.1507064941371253,0.19100711769484682,0.0,0.043478260869565216,1.4777513185346647,0.030083149156269383,0.15736944453001678,0.0007874751484015834,"[0.03, 0.067, -0.02, 0.01, 0.157, 0.045, 0.239, 0.028, -0.02, 0.001]"
NQ,GLOBEX,B1,46,MEDRQ_MEDRV,2022,245,0.06775681222042203,0.03768723124610854,0.1504695827713723,0.2264675495365011,0.0,0.043478260869565216,1.5584066810697066,0.05843209105156396,0.07296082168400778,-0.03397045379468395,"[0.058, 0.085, 0.11, 0.06, 0.073, 0.087, -0.07, -0.112, 0.005, -0.034]"
NQ,GLOBEX,B1,46,MEDRQ_MEDRV,2023,244,0.07345438456718846,0.03840647300978371,0.1689153724312624,0.23263823504213496,0.0,0.043478260869565216,1.6894508450453347,-0.05338058300727253,0.02087233343075576,0.01327100746442778,"[-0.053, 0.067, 0.038, -0.016, 0.021, 0.017, 0.108, -0.032, -0.064, 0.013]"
NQ,GLOBEX,B1,46,MEDRQ_MEDRV,0,1948,0.06536425928801057,0.03670026420339505,0.14844032974250132,0.20764454370201121,0.0,0.043478260869565216,1.503377963624243,0.05075494881126794,0.07411224217765494,0.0727380058672275,"[0.051, 0.093, 0.052, 0.068, 0.074, 0.068, 0.066, 0.021, 0.017, 0.073]"
NQ,GLOBEX,B1,138,RQ_RV,2016,241,0.03356205724051736,0.02266083545624022,0.08621717156590593,0.16614745657249747,0.0,0.014492753623188406,2.315781949595698,0.20201109608040974,0.14593246906444046,0.10497314479541546,"[0.202, 0.198, 0.205, 0.092, 0.146, 0.172, 0.151, 0.22, 0.054, 0.105]"
NQ,GLOBEX,B1,138,RQ_RV,2017,242,0.03786601450837907,0.025567804356114786,0.08341912265036479,0.14567926244397814,0.0,0.014492753623188406,2.6127550010781557,0.04551388678164183,0.08167077084351629,0.08261308357102086,"[0.046, -0.007, 0.07, 0.025, 0.082, 0.027, 0.048, 0.017, -0.08, 0.083]"
NQ,GLOBEX,B1,138,RQ_RV,2018,243,0.03148535337652893,0.019009118473106504,0.08437531667486578,0.12192379361642713,0.0,0.014492753623188406,2.172489382980496,-0.02004218194564674,0.06930973260584442,0.04793755516567861,"[-0.02, -0.006, 0.03, 0.093, 0.069, -0.026, 0.1, 0.037, -0.036, 0.048]"
NQ,GLOBEX,B1,138,RQ_RV,2019,243,0.03546510223960794,0.026579742361638313,0.11678540741811906,0.18641201913115624,0.0,0.014492753623188406,2.447092054532948,0.05883488050693216,0.05026000089857191,-0.020678283589982825,"[0.059, 0.125, -0.002, 0.041, 0.05, 0.001, 0.018, 0.014, 0.197, -0.021]"
NQ,GLOBEX,B1,138,RQ_RV,2020,244,0.026748888513698933,0.014466622666854508,0.05830418808783071,0.07621995774078986,0.0,0.014492753623188406,1.8456733074452263,0.02118259380351902,-0.060144948204142484,0.14348830666916904,"[0.021, -0.064, 0.08, 0.2, -0.06, 0.093, 0.109, 0.081, 0.012, 0.143]"
NQ,GLOBEX,B1,138,RQ_RV,2021,246,0.033087525168411236,0.02136530667686581,0.0837638730684708,0.11921440585309473,0.0,0.014492753623188406,2.2830392366203753,0.11754597161459378,0.13148917398967086,0.037943987051878014,"[0.118, -0.013, 0.099, 0.087, 0.131, 0.04, 0.12, 0.081, -0.002, 0.038]"
NQ,GLOBEX,B1,138,RQ_RV,2022,245,0.033632606506264796,0.022494716912490345,0.09671261062184575,0.2106584463516945,0.004081632653061225,0.014492753623188406,2.320649848932271,0.013635872607281116,-0.01813413700721529,0.0627322573026887,"[0.014, 0.105, 0.019, 0.012, -0.018, 0.016, -0.025, -0.047, -0.035, 0.063]"
NQ,GLOBEX,B1,138,RQ_RV,2023,244,0.03583183585793816,0.02008536790453944,0.08207374580101413,0.12233977723472177,0.0,0.014492753623188406,2.472396674197733,-0.030870764402046627,-0.0435568453577107,-0.020941081448249944,"[-0.031, -0.088, -0.011, 0.078, -0.044, 0.049, 0.026, -0.005, 0.004, -0.021]"
NQ,GLOBEX,B1,138,RQ_RV,0,1948,0.033412236911524756,0.02227412173272962,0.08800819757821317,0.16263195709613376,0.000513347022587269,0.014492753623188406,2.305444346895208,0.09958875037163069,0.0889548739477619,0.08655689558928746,"[0.1, 0.087, 0.101, 0.11, 0.089, 0.086, 0.106, 0.085, 0.061, 0.087]"
NQ,GLOBEX,B1,138,TQ_BV,2016,241,0.02575928623086233,0.014570597025988629,0.0579493148829035,0.07979927507846922,0.0,0.014492753623188406,1.7773907499295007,0.01120634854856905,0.12225279701845505,0.08435814652718515,"[0.011, 0.184, 0.09, 0.101, 0.122, 0.15, 0.111, -0.029, 0.062, 0.084]"
NQ,GLOBEX,B1,138,TQ_BV,2017,242,0.027618417952170522,0.016484660474946625,0.060826202836570455,0.09294486324274721,0.0,0.014492753623188406,1.905670838699766,0.06324275385126919,0.1379169621662746,0.04683590525638606,"[0.063, 0.011, 0.099, 0.023, 0.138, 0.05, -0.068, 0.025, -0.001, 0.047]"
NQ,GLOBEX,B1,138,TQ_BV,2018,243,0.027357175575478482,0.015806691602730433,0.05645091525386944,0.07228206590683763,0.0,0.014492753623188406,1.8876451147080153,0.05164467785486845,-0.03179597807275344,0.01798371312945573,"[0.052, 0.02, 0.026, 0.061, -0.032, -0.054, -0.134, 0.19, -0.007, 0.018]"
NQ,GLOBEX,B1,138,TQ_BV,2019,243,0.026257884042755315,0.013613298321202921,0.05360413482607036,0.07732812102447922,0.0,0.014492753623188406,1.8117939989501168,-0.0349852971959571,0.013045656706629846,-0.068105655913718,"[-0.035, 0.04, -0.036, 0.01, 0.013, -0.09, 0.043, 0.001, 0.03, -0.068]"
NQ,GLOBEX,B1,138,TQ_BV,2020,244,0.024086712942963284,0.012383441524683222,0.05080483197094412,0.06963337258593985,0.0,0.014492753623188406,1.6619831930644666,0.1065893927881286,0.03118361649867773,0.14097938729647166,"[0.107, 0.009, 0.149, 0.115, 0.031, 0.168, 0.221, 0.063, 0.009, 0.141]"
NQ,GLOBEX,B1,138,TQ_BV,2021,246,0.027262178553649125,0.015763024612987182,0.06208252738385531,0.08573287336318873,0.0,0.014492753623188406,1.8810903202017897,0.06342664576930851,0.1456941535327667,0.08811018166931835,"[0.063, 0.037, -0.023, -0.062, 0.146, -0.042, -0.012, 0.002, -0.051, 0.088]"
NQ,GLOBEX,B1,138,TQ_BV,2022,245,0.027711996740196622,0.015161946744827792,0.06385155605523975,0.07966910243689754,0.0,0.014492753623188406,1.9121277750735668,0.03138275876185362,0.06614327814492768,0.04327599140655002,"[0.031, 0.139, 0.076, 0.088, 0.066, -0.056, 0.042, -0.032, -0.03, 0.043]"
NQ,GLOBEX,B1,138,TQ_BV,2023,244,0.030953576304660634,0.01508033563095941,0.061878527054822385,0.09042814350568502,0.0,0.014492753623188406,2.135796765021584,-0.022633347752683004,-0.05722929691506501,-0.004563449627689045,"[-0.023, -0.048, 0.126, -0.03, -0.057, 0.021, 0.047, -0.047, -0.07, -0.005]"
NQ,GLOBEX,B1,138,TQ_BV,0,1948,0.02723320485492719,0.014866083172504867,0.059530341698084556,0.08370614274138405,0.0,0.014492753623188406,1.879091134989976,0.05794860361367392,0.08616400162689203,0.06805440457021569,"[0.058, 0.075, 0.084, 0.057, 0.086, 0.041, 0.05, 0.044, 0.016, 0.068]"
NQ,GLOBEX,B1,138,TRQ3_TRV3,2016,241,0.01970341673791435,0.005351441779381627,0.027444458669035818,0.034885737304852185,0.0,0.014492753623188406,1.35953575491609,0.0636131964160124,0.09332856322159935,0.020116514805171154,"[0.064, 0.17, 0.284, 0.135, 0.093, 0.219, 0.109, 0.174, 0.097, 0.02]"
NQ,GLOBEX,B1,138,TRQ3_TRV3,2017,242,0.02054709947506793,0.0054886458012373684,0.030213604540175153,0.033220728344125865,0.0,0.014492753623188406,1.417749863779687,-0.084948139277098,0.04432983365456515,0.0241465781455913,"[-0.085, 0.092, -0.121, 0.143, 0.044, 0.086, -0.027, 0.035, -0.023, 0.024]"
NQ,GLOBEX,B1,138,TRQ3_TRV3,2018,243,0.020482620687908893,0.004573040446699872,0.028614880213337874,0.03477055880392596,0.0,0.014492753623188406,1.4133008274657135,0.009055493924055878,-0.013613929112426296,-0.014162406876310714,"[0.009, 0.014, -0.056, 0.137, -0.014, 0.084, 0.01, 0.104, -0.02, -0.014]"
NQ,GLOBEX,B1,138,TRQ3_TRV3,2019,243,0.019862878304048058,0.0044666995465306135,0.02887246868453294,0.03304986274629467,0.0,0.014492753623188406,1.370538602979316,0.1102788733610388,0.11318329079600822,0.022590335735750037,"[0.11, -0.048, -0.128, 0.072, 0.113, -0.027, -0.031, -0.001, 0.058, 0.023]"
NQ,GLOBEX,B1,138,TRQ3_TRV3,2020,244,0.018706482267388927,0.0042768440996531,0.025784382057848085,0.02887916538685644,0.0,0.014492753623188406,1.290747276449836,0.0735639319902228,0.036549568255286664,0.08576372650123748,"[0.074, 0.07, 0.154, 0.153, 0.037, 0.214, 0.13, 0.12, -0.02, 0.086]"
NQ,GLOBEX,B1,138,TRQ3_TRV3,2021,246,0.02035198020036688,0.00536266977559002,0.029523501708041907,0.03660065283577925,0.0,0.014492753623188406,1.4042866338253148,0.11820353136322029,0.14712026250358282,0.02506990874566928,"[0.118, 0.018, 0.024, 0.029, 0.147, 0.077, 0.081, 0.039, -0.071, 0.025]"
NQ,GLOBEX,B1,138,TRQ3_TRV3,2022,245,0.020626112341471107,0.005115784826370099,0.02938507113615234,0.039331216122943276,0.0,0.014492753623188406,1.4232017515615063,-0.027287978820479262,0.01614375066546058,0.08919465769378984,"[-0.027, 0.109, 0.07, 0.084, 0.016, 0.091, -0.027, -0.036, -0.047, 0.089]"
NQ,GLOBEX,B1,138,TRQ3_TRV3,2023,244,0.021979204638127837,0.005643001473208297,0.030556383453338675,0.0390445685214764,0.0,0.014492753623188406,1.5165651200308208,-0.0374812024093706,-0.06419192617117214,-0.05786591649482104,"[-0.037, -0.108, 0.015, 0.074, -0.064, 0.046, 0.071, -0.047, -0.04, -0.058]"
NQ,GLOBEX,B1,138,TRQ3_TRV3,0,1948,0.020304825247836993,0.0051432496800961625,0.02916572860858558,0.035512009740065624,0.0,0.014492753623188406,1.4010329421007526,0.0810322066344362,0.09700728307426455,0.07792734901439505,"[0.081, 0.093, 0.085, 0.152, 0.097, 0.151, 0.094, 0.095, 0.046, 0.078]"
NQ,GLOBEX,B1,138,TRQ5_TRV5,2016,241,0.028574004029672216,0.012075979742107685,0.045877145662547435,0.050842611386799685,0.0,0.014492753623188406,1.9716062780473829,0.10917122945628024,0.1346707946613846,0.17841471687604193,"[0.109, 0.257, 0.163, 0.254, 0.135, 0.129, 0.197, 0.093, 0.133, 0.178]"
NQ,GLOBEX,B1,138,TRQ5_TRV5,2017,242,0.030925804089994256,0.013331778313564704,0.04999310433167565,0.05823717358641018,0.0,0.014492753623188406,2.133880482209604,0.026461051108352524,0.07851862255316229,0.10107075691991088,"[0.026, -0.031, -0.071, -0.045, 0.079, 0.038, -0.047, 0.022, -0.096, 0.101]"
NQ,GLOBEX,B1,138,TRQ5_TRV5,2018,243,0.02873083731629752,0.0101231030049709,0.04656508962151973,0.05308511886553403,0.0,0.014492753623188406,1.982427774824529,0.08349601818833106,0.026163361608345523,0.014243770967134372,"[0.083, 0.106, -0.0, 0.145, 0.026, -0.025, 0.014, 0.059, -0.014, 0.014]"
NQ,GLOBEX,B1,138,TRQ5_TRV5,2019,243,0.028270674520249745,0.010106163222498219,0.04217277449626684,0.06345324860969632,0.0,0.014492753623188406,1.9506765418972325,0.06687527550703454,-0.05524976571645172,-0.07306816194731325,"[0.067, -0.0, -0.082, -0.01, -0.055, -0.073, -0.021, 0.053, 0.025, -0.073]"
NQ,GLOBEX,B1,138,TRQ5_TRV5,2020,244,0.02537401807987895,0.009512642161109516,0.039418708643441096,0.046825976758960705,0.0,0.014492753623188406,1.7508072475116474,0.17240677745218738,0.08542811719221195,0.16235784344308604,"[0.172, 0.025, 0.187, 0.208, 0.085, 0.095, 0.176, 0.066, -0.021, 0.162]"
NQ,GLOBEX,B1,138,TRQ5_TRV5,2021,246,0.028613050538717953,0.0115518908155007,0.04998815098745891,0.06337715304168536,0.0,0.014492753623188406,1.9743004871715388,0.1388612611534615,0.12762789934603158,0.15365534765801822,"[0.139, 0.097, 0.073, 0.086, 0.128, 0.079, 0.059, 0.071, -0.042, 0.154]"
NQ,GLOBEX,B1,138,TRQ5_TRV5,2022,245,0.02833466518431436,0.0109367499029044,0.046524265495290325,0.0701690269635871,0.0,0.014492753623188406,1.955091897717691,-0.04874840463666369,0.07394790609184465,0.04990808067379574,"[-0.049, 0.049, 0.064, 0.014, 0.074, -0.057, -0.004, -0.044, 0.003, 0.05]"
NQ,GLOBEX,B1,138,TRQ5_TRV5,2023,244,0.03065369086184356,0.011152964065628247,0.04816243692503772,0.06776317989364755,0.0,0.014492753623188406,2.1151046694672058,-0.0584494213197499,-0.043782507803515454,-0.06063558788295933,"[-0.058, -0.14, 0.038, 0.034, -0.044, 0.136, -0.036, -0.051, 0.04, -0.061]"
NQ,GLOBEX,B1,138,TRQ5_TRV5,0,1948,0.028614276202179757,0.011238567014307393,0.04653866451510068,0.06078707058989989,0.0,0.014492753623188406,1.9743850579504032,0.09751236807997779,0.09172342038778641,0.10668110002690609,"[0.098, 0.082, 0.081, 0.114, 0.092, 0.075, 0.077, 0.063, 0.035, 0.107]"
NQ,GLOBEX,B1,138,TRQ10_TRV10,2016,241,0.033496607908217395,0.022189523385698604,0.08461596566213983,0.123560484815508,0.0,0.014492753623188406,2.3112659456670004,0.20127568989415864,0.1374654522273805,0.12722883949084624,"[0.201, 0.219, 0.199, 0.094, 0.137, 0.17, 0.197, 0.245, 0.094, 0.127]"
NQ,GLOBEX,B1,138,TRQ10_TRV10,2017,242,0.03786601450837907,0.025567804356114786,0.08256183683484727,0.14567926244397814,0.0,0.014492753623188406,2.6127550010781557,0.03853263652199717,0.08055646400497597,0.07390661487144627,"[0.039, -0.014, 0.071, 0.026, 0.081, 0.025, 0.04, 0.011, -0.083, 0.074]"
NQ,GLOBEX,B1,138,TRQ10_TRV10,2018,243,0.031480515756405016,0.01902202768466274,0.08006368993804465,0.10674280139470357,0.0,0.014492753623188406,2.1721555871919462,-0.016105968328551813,0.051811959903985405,0.007073584330495383,"[-0.016, 0.022, 0.065, 0.047, 0.052, -0.03, 0.062, 0.065, -0.048, 0.007]"
NQ,GLOBEX,B1,138,TRQ10_TRV10,2019,243,0.03537679519798752,0.025686722730932608,0.1124907507150836,0.15672846330414428,0.0,0.014492753623188406,2.4409988686611386,0.010004936858647012,-0.014682996979814846,0.01302385073460554,"[0.01, 0.088, -0.066, 0.029, -0.015, -0.026, 0.007, -0.019, 0.269, 0.013]"
NQ,GLOBEX,B1,138,TRQ10_TRV10,2020,244,0.026748888513698933,0.014466622666854508,0.05830418808783071,0.07621995774078986,0.0,0.014492753623188406,1.8456733074452263,0.02118259380351902,-0.060144948204142484,0.14348830666916904,"[0.021, -0.064, 0.08, 0.2, -0.06, 0.093, 0.109, 0.081, 0.012, 0.143]"
NQ,GLOBEX,B1,138,TRQ10_TRV10,2021,246,0.033087525168411236,0.02136530667686581,0.0837638730684708,0.11921440585309473,0.0,0.014492753623188406,2.2830392366203753,0.11754597161459378,0.13148917398967086,0.037943987051878014,"[0.118, -0.013, 0.099, 0.087, 0.131, 0.04, 0.12, 0.081, -0.002, 0.038]"
NQ,GLOBEX,B1,138,TRQ10_TRV10,2022,245,0.03325543978826779,0.021504795963566685,0.09352252990633297,0.14574997920581634,0.0,0.014492753623188406,2.2946253453904775,-0.024816615731662103,-0.0015059039547155296,0.09549940744906828,"[-0.025, 0.129, 0.022, 0.043, -0.002, 0.027, -0.015, -0.037, -0.032, 0.095]"
NQ,GLOBEX,B1,138,TRQ10_TRV10,2023,244,0.03583183585793816,0.02008536790453944,0.0805568164552067,0.11636496936038812,0.0,0.014492753623188406,2.472396674197733,-0.01804040974176669,-0.06515110238776632,-0.060446373968158315,"[-0.018, -0.081, -0.02, 0.076, -0.065, 0.029, 0.013, 0.024, 0.019, -0.06]"
NQ,GLOBEX,B1,138,TRQ10_TRV10,0,1948,0.033394923824408104,0.021952052558512056,0.08436896558893467,0.12658875563393765,0.0,0.014492753623188406,2.304249743884159,0.0903351155926929,0.0784878811457851,0.09044322059388067,"[0.09, 0.089, 0.096, 0.111, 0.078, 0.083, 0.11, 0.094, 0.082, 0.09]"
NQ,GLOBEX,B1,138,MEDRQ_MEDRV,2016,241,0.02761294193288906,0.020250214649854884,0.08585194653376574,0.1549023383179311,0.0,0.014492753623188406,1.905292993369345,0.13482032572368813,0.15359569869204256,0.04441714166013084,"[0.135, 0.22, 0.24, 0.078, 0.154, 0.204, 0.144, 0.095, 0.152, 0.044]"
NQ,GLOBEX,B1,138,MEDRQ_MEDRV,2017,242,0.030373468799049112,0.01995509019909268,0.07964732315317516,0.09595924211988252,0.0,0.014492753623188406,2.0957693471343886,0.007941833876248154,0.06279368055583585,0.06134382278309213,"[0.008, 0.03, -0.022, -0.05, 0.063, -0.001, -0.007, 0.022, -0.076, 0.061]"
NQ,GLOBEX,B1,138,MEDRQ_MEDRV,2018,243,0.02863214813140843,0.01485263660132713,0.06324269536380517,0.10532376166707731,0.0,0.014492753623188406,1.9756182210671815,0.07670603047256103,0.014572545490538706,-0.07885727475613707,"[0.077, 0.055, -0.037, 0.082, 0.015, -0.023, -0.089, 0.049, 0.036, -0.079]"
NQ,GLOBEX,B1,138,MEDRQ_MEDRV,2019,243,0.028452252446828297,0.016014675290446354,0.07028703808733981,0.14825022692726658,0.0,0.014492753623188406,1.9632054188311525,0.05665190048067153,0.0483652473790039,-0.1049308833663907,"[0.057, -0.097, -0.104, 0.04, 0.048, -0.064, -0.06, 0.004, 0.0, -0.105]"
NQ,GLOBEX,B1,138,MEDRQ_MEDRV,2020,244,0.026335394027351487,0.014445395905292414,0.056010205392546406,0.07302985220559621,0.0,0.014492753623188406,1.8171421878872527,0.09289194527270556,0.05883491244721974,0.13444779565069861,"[0.093, 0.097, 0.142, 0.052, 0.059, 0.187, 0.169, 0.146, 0.0, 0.134]"
NQ,GLOBEX,B1,138,MEDRQ_MEDRV,2021,246,0.030088893249413946,0.017227906777165167,0.0733689186333093,0.09050487055638777,0.0,0.014492753623188406,2.076133634209562,0.03983540391298945,0.06818200685407605,0.08210858429257122,"[0.04, -0.019, -0.006, 0.095, 0.068, 0.026, 0.055, -0.016, -0.087, 0.082]"
NQ,GLOBEX,B1,138,MEDRQ_MEDRV,2022,245,0.029828734784927688,0.014887964411210788,0.0686706224249075,0.09345607406000456,0.0,0.014492753623188406,2.0581827001600104,-0.02514478305820315,0.008829609019030207,-0.014649807352780455,"[-0.025, 0.011, 0.089, -0.006, 0.009, -0.015, -0.035, -0.044, -0.048, -0.015]"
NQ,GLOBEX,B1,138,MEDRQ_MEDRV,2023,244,0.031752686001195456,0.018906725937818315,0.06900296195124961,0.11850011619701613,0.0,0.014492753623188406,2.190935334082486,-0.07411169582794097,-0.10449688531902056,0.004612194090212955,"[-0.074, -0.087, 0.121, -0.01, -0.104, 0.078, -0.001, 0.05, -0.013, 0.005]"
NQ,GLOBEX,B1,138,MEDRQ_MEDRV,0,1948,0.028987025084273803,0.016679790010473695,0.0711113056073732,0.11721337752969024,0.0,0.014492753623188406,2.0001047308148925,0.0670066600165433,0.06700449411945732,0.03783092389287512,"[0.067, 0.054, 0.072, 0.055, 0.067, 0.073, 0.052, 0.064, 0.019, 0.038]"
NQ,GLOBEX,B1,345,RQ_RV,2016,241,0.015202471081792825,0.010080719054872966,0.04700376944628974,0.08222064733608954,0.004149377593360996,0.005797101449275362,2.622426261609262,0.17923820428205142,0.15337978365321023,0.06661058493534257,"[0.179, 0.273, 0.204, 0.109, 0.153, 0.109, 0.17, 0.088, 0.077, 0.067]"
NQ,GLOBEX,B1,345,RQ_RV,2017,242,0.01826382217508549,0.009754262104889975,0.03939932300762875,0.07709428889668263,0.004132231404958678,0.005797101449275362,3.150509325202247,0.07420379484197258,0.04381422105582709,-0.026507817308862022,"[0.074, 0.048, 0.124, 0.012, 0.044, -0.013, -0.04, 0.04, -0.137, -0.027]"
NQ,GLOBEX,B1,345,RQ_RV,2018,243,0.015077693964507857,0.008758511632295806,0.04351714597998581,0.15200893261436613,0.012345679012345678,0.005797101449275362,2.6009022088776055,0.02087301525137322,0.10058607439635434,-0.009942893872906375,"[0.021, 0.08, 0.13, -0.027, 0.101, 0.045, 0.093, -0.002, -0.036, -0.01]"
NQ,GLOBEX,B1,345,RQ_RV,2019,243,0.01726413349259,0.012345302334283461,0.061886195417916345,0.1679038953126947,0.012345679012345678,0.005797101449275362,2.978063027471775,0.03329809058136491,0.132041070545192,0.019608526826092747,"[0.033, 0.132, 0.07, 0.077, 0.132, -0.003, -0.006, 0.056, 0.217, 0.02]"
NQ,GLOBEX,B1,345,RQ_RV,2020,244,0.013051550225852585,0.007213014992573,0.036538361628445336,0.05752285238821775,0.0,0.005797101449275362,2.251392413959571,0.12702326388394503,0.025320354669122518,-0.018617058400348146,"[0.127, -0.011, 0.122, 0.094, 0.025, 0.036, 0.108, 0.148, -0.006, -0.019]"
NQ,GLOBEX,B1,345,RQ_RV,2021,246,0.015909292335647494,0.007992429123762603,0.04859084809099594,0.08528924195396405,0.0040650406504065045,0.005797101449275362,2.7443529278991927,0.1780942015030116,0.014272514576466156,-0.050582446284953966,"[0.178, 0.096, 0.111, 0.09, 0.014, -0.067, 0.076, 0.008, 0.014, -0.051]"
NQ,GLOBEX,B1,345,RQ_RV,2022,245,0.015337222078585837,0.00912148749924432,0.07199811387002411,0.31196302650006635,0.02040816326530612,0.005797101449275362,2.6456708085560567,0.002140684580593771,-0.033085420237873475,0.03941117304076929,"[0.002, 0.08, 0.097, 0.008, -0.033, 0.126, -0.1, 0.006, 0.012, 0.039]"
NQ,GLOBEX,B1,345,RQ_RV,2023,244,0.017379390549504683,0.010666123813073901,0.04793931933019093,0.13751480419231155,0.004098360655737705,0.005797101449275362,2.9979448697895577,-0.0729645490682434,-0.008695955390939874,-0.023899772533942168,"[-0.073, 0.023, -0.006, -0.024, -0.009, -0.042, 0.117, 0.035, 0.081, -0.024]"
NQ,GLOBEX,B1,345,RQ_RV,0,1948,0.016093336388694743,0.010055678762312108,0.05159504549161563,0.12914795732301354,0.008213552361396304,0.005797101449275362,2.776100527049843,0.09643523364357229,0.08143519974588963,0.036779773059317275,"[0.096, 0.125, 0.137, 0.076, 0.081, 0.07, 0.076, 0.073, 0.08, 0.037]"
NQ,GLOBEX,B1,345,TQ_BV,2016,241,0.012153881291036367,0.005552757838175212,0.026140508406429813,0.04124383756979858,0.0,0.005797101449275362,2.0965445227037733,0.21473099504202947,0.23606876051152953,0.10871187964862472,"[0.215, 0.231, 0.18, 0.201, 0.236, 0.216, 0.192, 0.182, 0.152, 0.109]"
NQ,GLOBEX,B1,345,TQ_BV,2017,242,0.014169046260167933,0.007925295974120172,0.030689278793049505,0.04884734388582797,0.0,0.005797101449275362,2.4441604798789687,0.08241548548448266,0.04444853806277757,0.09755142014024362,"[0.082, 0.092, -0.085, 0.073, 0.044, 0.03, -0.034, 0.026, -0.001, 0.098]"
NQ,GLOBEX,B1,345,TQ_BV,2018,243,0.013162757394221966,0.004981586844051495,0.027632832915163046,0.0392370572038978,0.0,0.005797101449275362,2.270575650503289,0.02357190934168902,0.2037713745331671,-0.08471003987986858,"[0.024, 0.023, -0.035, 0.012, 0.204, 0.041, -0.005, 0.045, -0.038, -0.085]"
NQ,GLOBEX,B1,345,TQ_BV,2019,243,0.012098698334121364,0.006985309990789418,0.03477477287430607,0.056030586203700085,0.0,0.005797101449275362,2.0870254626359355,0.044007339524986304,0.044011396631119394,-0.08133145105351246,"[0.044, 0.04, -0.016, 0.062, 0.044, -0.012, 0.031, 0.017, 0.083, -0.081]"
NQ,GLOBEX,B1,345,TQ_BV,2020,244,0.010974674512758296,0.004974657455584954,0.02347392751374648,0.033043494463823354,0.0,0.005797101449275362,1.893131353450806,0.10514765846840898,0.06113039963951218,0.025318011055487206,"[0.105, 0.001, 0.104, 0.167, 0.061, 0.13, 0.112, 0.067, -0.03, 0.025]"
NQ,GLOBEX,B1,345,TQ_BV,2021,246,0.012911246705826123,0.007337432295322896,0.031246808850290707,0.04580619550875809,0.0,0.005797101449275362,2.2271900567550063,0.058010328776014995,0.030079952167942736,-0.017262384077835115,"[0.058, 0.118, 0.021, 0.135, 0.03, 0.033, 0.09, 0.076, 0.068, -0.017]"
NQ,GLOBEX,B1,345,TQ_BV,2022,245,0.012995739534987177,0.005517723488900769,0.032089729700638316,0.05452792305399955,0.0,0.005797101449275362,2.2417650697852882,0.04649604410695122,0.04055855745851223,-0.02285718017685564,"[0.046, 0.101, 0.018, -0.006, 0.041, 0.066, 0.063, 0.046, -0.053, -0.023]"
NQ,GLOBEX,B1,345,TQ_BV,2023,244,0.01433970047035962,0.007591371346530441,0.02904146585752957,0.06145376942240077,0.0,0.005797101449275362,2.473598331137034,-0.08032422830722609,-0.07798318518565872,0.0035959477447304556,"[-0.08, 0.033, -0.083, -0.005, -0.078, 0.023, -0.033, 0.011, 0.048, 0.004]"
NQ,GLOBEX,B1,345,TQ_BV,0,1948,0.012751453923271476,0.006431760285464761,0.02977055967230116,0.05069263142178583,0.0,0.005797101449275362,2.1996258017643298,0.09848841146927585,0.10051356638577492,0.037609581712836154,"[0.098, 0.111, 0.047, 0.112, 0.101, 0.095, 0.091, 0.091, 0.072, 0.038]"
NQ,GLOBEX,B1,345,TRQ3_TRV3,2016,241,0.008070226728554135,0.001541515528454179,0.01127061636648601,0.012918464049412872,0.0,0.005797101449275362,1.3921141106755883,0.23180388973921376,0.27520296633867597,0.18311663860892408,"[0.232, 0.295, 0.315, 0.207, 0.275, 0.228, 0.202, 0.207, 0.194, 0.183]"
NQ,GLOBEX,B1,345,TRQ3_TRV3,2017,242,0.008520422956508397,0.0016814242718194618,0.01167519232176294,0.013595954493218999,0.0,0.005797101449275362,1.4697729599976983,0.039502788738845454,0.010159188925461003,0.10440007083876143,"[0.04, 0.151, -0.042, 0.053, 0.01, 0.076, -0.034, -0.013, 0.049, 0.104]"
NQ,GLOBEX,B1,345,TRQ3_TRV3,2018,243,0.008470139490744271,0.0015509214436476883,0.01155160043731098,0.012693571694503226,0.0,0.005797101449275362,1.4610990621533868,0.042575527394583215,0.04404538117861977,-0.08296964155650544,"[0.043, -0.002, 0.04, -0.01, 0.044, -0.003, 0.064, 0.099, -0.105, -0.083]"
NQ,GLOBEX,B1,345,TRQ3_TRV3,2019,243,0.008144999099364544,0.0014901794812640073,0.010897577784462108,0.013628111832994035,0.0,0.005797101449275362,1.405012344640384,0.06410312632040553,0.0977330063958784,-0.09233908152346225,"[0.064, 0.09, -0.046, 0.105, 0.098, -0.032, 0.057, -0.073, 0.101, -0.092]"
NQ,GLOBEX,B1,345,TRQ3_TRV3,2020,244,0.007660187027107276,0.0014939655830896164,0.011047751799339518,0.01270566632353203,0.0,0.005797101449275362,1.3213822621760052,0.19341194552308014,0.10572690012640644,0.1790956307227112,"[0.193, 0.203, 0.199, 0.308, 0.106, 0.216, 0.194, 0.217, 0.076, 0.179]"
NQ,GLOBEX,B1,345,TRQ3_TRV3,2021,246,0.008528674345527544,0.0018050615151266889,0.011513926396195464,0.016075197848787106,0.0,0.005797101449275362,1.4711963246035014,0.06247761153888937,0.06975292780636237,0.02595698430550936,"[0.062, 0.053, -0.021, 0.039, 0.07, 0.016, 0.122, 0.059, -0.063, 0.026]"
NQ,GLOBEX,B1,345,TRQ3_TRV3,2022,245,0.008506288548753387,0.0017678314710437328,0.012475831983650576,0.015459556900392833,0.0,0.005797101449275362,1.4673347746599592,0.01476671444343701,-0.0048537610237853485,0.008992217462444437,"[0.015, 0.165, 0.037, 0.081, -0.005, 0.132, 0.067, -0.021, 0.075, 0.009]"
NQ,GLOBEX,B1,345,TRQ3_TRV3,2023,244,0.008961491888083109,0.002017064590951776,0.012429851682047239,0.016935407480520748,0.0,0.005797101449275362,1.5458573506943363,-0.10878586115795479,-0.008882457863889017,-0.09502443891467115,"[-0.109, 0.02, -0.116, 0.072, -0.009, 0.049, 0.062, 0.007, 0.047, -0.095]"
NQ,GLOBEX,B1,345,TRQ3_TRV3,0,1948,0.008381137400934342,0.0017901773742130499,0.011714000853147586,0.014717664751731694,0.0,0.005797101449275362,1.445746201661174,0.12391077786325701,0.1295911799490297,0.08637662713196234,"[0.124, 0.176, 0.103, 0.166, 0.13, 0.15, 0.152, 0.12, 0.104, 0.086]"
NQ,GLOBEX,B1,345,TRQ5_TRV5,2016,241,0.011622979473176458,0.0032947907781156974,0.01701747590154849,0.023389055168979586,0.0,0.005797101449275362,2.004963959122939,0.08184208434499358,0.13881104746227932,0.17152292939450306,"[0.082, 0.169, 0.148, 0.249, 0.139, 0.185, 0.114, 0.19, 0.074, 0.172]"
NQ,GLOBEX,B1,345,TRQ5_TRV5,2017,242,0.012963312312661403,0.0036364708279604113,0.017948672899200258,0.02042708612555297,0.0,0.005797101449275362,2.236171373934092,0.037698161946687715,0.11481127589727515,0.11741819808475515,"[0.038, 0.05, -0.017, 0.105, 0.115, 0.052, -0.083, 0.058, 0.07, 0.117]"
NQ,GLOBEX,B1,345,TRQ5_TRV5,2018,243,0.012033877311186976,0.0033406972038013197,0.017058828417341607,0.02041873588866098,0.0,0.005797101449275362,2.0758438361797533,0.03772219565919836,0.08507429308888277,-0.06010019238374506,"[0.038, 0.059, 0.109, 0.076, 0.085, 0.023, 0.076, 0.082, -0.071, -0.06]"
NQ,GLOBEX,B1,345,TRQ5_TRV5,2019,243,0.012059591427051606,0.0030784295351998503,0.01745767422845004,0.020625334628266472,0.0,0.005797101449275362,2.080279521166402,0.08935439172748326,0.036694819845485865,-0.016506800697698117,"[0.089, 0.073, -0.033, 0.001, 0.037, -0.017, 0.055, -0.01, -0.017, -0.017]"
NQ,GLOBEX,B1,345,TRQ5_TRV5,2020,244,0.010903980434514769,0.003419525638485731,0.016232464851110403,0.0188856487197074,0.0,0.005797101449275362,1.8809366249537975,0.17646025558508185,0.07653082926185828,0.13974548622627744,"[0.176, 0.089, 0.17, 0.238, 0.077, 0.232, 0.237, 0.149, 0.034, 0.14]"
NQ,GLOBEX,B1,345,TRQ5_TRV5,2021,246,0.012453941357057682,0.004000745067855199,0.017969093452584576,0.023730386565105652,0.0,0.005797101449275362,2.14830488409245,0.12703066006618802,0.014195307684615103,0.058099174734531925,"[0.127, 0.06, 0.017, 0.098, 0.014, -0.025, 0.043, -0.008, -0.099, 0.058]"
NQ,GLOBEX,B1,345,TRQ5_TRV5,2022,245,0.012155293517912034,0.0031195736877791223,0.017745987457498703,0.025110959254721534,0.0,0.005797101449275362,2.096788131839826,0.024163996106847177,-0.09856493193940256,0.008893170688349866,"[0.024, 0.145, 0.039, 0.033, -0.099, 0.121, 0.097, -0.088, 0.044, 0.009]"
NQ,GLOBEX,B1,345,TRQ5_TRV5,2023,244,0.012892109940211668,0.003446846022997647,0.018494947142347,0.029893814268862395,0.0,0.005797101449275362,2.2238889646865125,-0.13780935776679112,-0.04295720302621629,0.028433525054560167,"[-0.138, 0.015, -0.141, 0.079, -0.043, -0.032, -0.017, 0.07, 0.02, 0.028]"
NQ,GLOBEX,B1,345,TRQ5_TRV5,0,1948,0.012119364183959713,0.003578603702165903,0.01767977905347459,0.02309197127139632,0.0,0.005797101449275362,2.0905903217330506,0.10366403505320673,0.08290740098968347,0.10384578598624013,"[0.104, 0.128, 0.088, 0.158, 0.083, 0.114, 0.119, 0.101, 0.055, 0.104]"
NQ,GLOBEX,B1,345,TRQ10_TRV10,2016,241,0.014876917656455409,0.010014565369804005,0.036355312825061374,0.045698787065402695,0.0,0.005797101449275362,2.566268295738558,0.1642818447932929,0.1957953190774119,0.12479505127013278,"[0.164, 0.215, 0.172, 0.166, 0.196, 0.118, 0.24, 0.072, 0.031, 0.125]"
NQ,GLOBEX,B1,345,TRQ10_TRV10,2017,242,0.017769360542614993,0.009226584089571228,0.0346892356562301,0.041903071396061684,0.0,0.005797101449275362,3.065214693601086,0.10729214566811428,-0.008183309226310493,0.03613120018330421,"[0.107, 0.158, 0.002, 0.063, -0.008, 0.058, -0.001, 0.032, -0.054, 0.036]"
NQ,GLOBEX,B1,345,TRQ10_TRV10,2018,243,0.014988787786184902,0.008390281342132475,0.032686530530294786,0.0453968043570199,0.0,0.005797101449275362,2.5855658931168954,0.07366434022159658,0.11967126838393456,-0.024824586030650193,"[0.074, 0.1, 0.152, 0.001, 0.12, 0.08, 0.083, 0.102, 0.042, -0.025]"
NQ,GLOBEX,B1,345,TRQ10_TRV10,2019,243,0.016826199239096087,0.009691354755642015,0.04073004217745603,0.05508825909496968,0.0,0.005797101449275362,2.902519368744075,0.0915181869222434,0.0892744077298462,0.031334737199791456,"[0.092, 0.065, 0.107, 0.058, 0.089, 0.008, 0.115, 0.085, 0.165, 0.031]"
NQ,GLOBEX,B1,345,TRQ10_TRV10,2020,244,0.01297509274982079,0.00712253206367159,0.031303991339051415,0.04239016692348285,0.0,0.005797101449275362,2.238203499344086,0.187393266659719,0.046542478060013256,0.03457554298156479,"[0.187, 0.053, 0.144, 0.107, 0.047, 0.096, 0.13, 0.116, 0.015, 0.035]"
NQ,GLOBEX,B1,345,TRQ10_TRV10,2021,246,0.01551692176629891,0.006636673168765692,0.03693212865243979,0.047910181848962285,0.0,0.005797101449275362,2.6766690046865618,0.10170170605461058,0.07405183932026226,0.07948359430130535,"[0.102, 0.13, 0.147, 0.09, 0.074, 0.085, 0.07, 0.036, 0.105, 0.079]"
NQ,GLOBEX,B1,345,TRQ10_TRV10,2022,245,0.014980500005693327,0.007831657891473099,0.040787448504711284,0.05663318856799715,0.0,0.005797101449275362,2.5841362509820986,0.03888817468208664,-0.04427755137642677,-0.02371163709545296,"[0.039, 0.08, 0.005, 0.11, -0.044, 0.045, 0.034, 0.021, 0.007, -0.024]"
NQ,GLOBEX,B1,345,TRQ10_TRV10,2023,244,0.017250793810732953,0.009584421258847798,0.03941541491271577,0.05016100253765191,0.0,0.005797101449275362,2.9757619323514346,-0.007814861101828292,-0.0007695949395291812,0.026941655430152704,"[-0.008, 0.039, -0.148, -0.104, -0.001, -0.079, 0.093, 0.06, 0.001, 0.027]"
NQ,GLOBEX,B1,345,TRQ10_TRV10,0,1948,0.01580887691411153,0.008952639446955016,0.03651225229495565,0.049334243811957335,0.0,0.005797101449275362,2.7270312676842385,0.14063115059297673,0.10501076814402972,0.07264896308327498,"[0.141, 0.145, 0.119, 0.112, 0.105, 0.099, 0.137, 0.103, 0.095, 0.073]"
NQ,GLOBEX,B1,345,MEDRQ_MEDRV,2016,241,0.012542887819936403,0.006713557527589306,0.0333040788230018,0.05549869273416618,0.004149377593360996,0.005797101449275362,2.1636481489390293,0.1917657459883261,0.18512139276213246,0.16793474498130223,"[0.192, 0.174, 0.188, 0.209, 0.185, 0.165, 0.196, 0.18, 0.18, 0.168]"
NQ,GLOBEX,B1,345,MEDRQ_MEDRV,2017,242,0.014763704591072475,0.008351363157584802,0.03441221051971408,0.04496955324460402,0.0,0.005797101449275362,2.546739041960002,0.11545329273017389,0.12995660820301197,0.20086337555337064,"[0.115, 0.122, 0.004, 0.038, 0.13, -0.028, 0.027, 0.039, 0.007, 0.201]"
NQ,GLOBEX,B1,345,MEDRQ_MEDRV,2018,243,0.013664345435261504,0.006919607888010939,0.02951109052217544,0.04131642826963192,0.0,0.005797101449275362,2.3570995875826095,0.005109947075007231,0.04388150545836281,-0.1284328260903158,"[0.005, 0.044, 0.135, -0.043, 0.044, 0.086, 0.074, 0.099, 0.094, -0.128]"
NQ,GLOBEX,B1,345,MEDRQ_MEDRV,2019,243,0.01412930133213722,0.009590043165109367,0.044559527413064806,0.061859185766847756,0.0,0.005797101449275362,2.4373044797936707,0.04206065145767002,0.12792755832880795,-0.016241809527586876,"[0.042, 0.086, 0.039, 0.066, 0.128, 0.006, 0.104, 0.07, 0.044, -0.016]"
NQ,GLOBEX,B1,345,MEDRQ_MEDRV,2020,244,0.011832403476138268,0.006863342675495007,0.02462844021503631,0.04878916544940096,0.0,0.005797101449275362,2.041089599633851,0.10051800745419394,-0.011815569256743479,-0.006586031656334095,"[0.101, 0.04, 0.19, 0.177, -0.012, 0.099, 0.038, 0.078, -0.033, -0.007]"
NQ,GLOBEX,B1,345,MEDRQ_MEDRV,2021,246,0.014332905852290951,0.008830082417401372,0.033595896636729315,0.05147556664341571,0.0,0.005797101449275362,2.472426259520189,0.11336523982701713,0.05132255892324304,0.025102131404149373,"[0.113, 0.082, 0.122, 0.092, 0.051, -0.026, 0.062, 0.028, 0.033, 0.025]"
NQ,GLOBEX,B1,345,MEDRQ_MEDRV,2022,245,0.013799535735364334,0.007227290611209941,0.030865946362996634,0.05287653358859587,0.0,0.005797101449275362,2.3804199143503477,-0.0008954082556235185,0.003417734238356801,0.032415123354305866,"[-0.001, 0.117, 0.01, 0.02, 0.003, 0.15, 0.031, 0.04, 0.023, 0.032]"
NQ,GLOBEX,B1,345,MEDRQ_MEDRV,2023,244,0.014938845217795507,0.006932594040240662,0.031249768737069562,0.06431413064054514,0.0,0.005797101449275362,2.5769508000697248,-0.09864340264870011,-0.0742533303422429,-0.006453430594848849,"[-0.099, 0.041, -0.083, 0.089, -0.074, -0.054, 0.108, 0.048, -0.033, -0.006]"
NQ,GLOBEX,B1,345,MEDRQ_MEDRV,0,1948,0.013825621054658815,0.007412227617056327,0.032949557586383606,0.05615053092045784,0.0,0.005797101449275362,2.3849196319286454,0.09468284474371687,0.0958190579040479,0.06380171679103573,"[0.095, 0.116, 0.106, 0.117, 0.096, 0.078, 0.118, 0.099, 0.072, 0.064]"
NQ,GLOBEX,B1,1380,RQ_RV,2016,241,0.004324993462750036,0.003271480405520959,0.014575461122763696,0.040118120196932464,0.004149377593360996,0.0014492753623188406,2.984245489297525,0.22904264599802465,0.16709002202305054,0.08525663000313637,"[0.229, 0.241, 0.223, 0.029, 0.167, 0.112, 0.134, 0.117, 0.04, 0.085]"
NQ,GLOBEX,B1,1380,RQ_RV,2017,242,0.0055790698220599165,0.0029518112454849053,0.01266765234304824,0.030066975164730576,0.0,0.0014492753623188406,3.8495581772213425,0.12563276552636501,0.08699967868820291,0.009969603556551809,"[0.126, 0.132, 0.2, 0.194, 0.087, 0.046, -0.002, -0.044, -0.092, 0.01]"
NQ,GLOBEX,B1,1380,RQ_RV,2018,243,0.004674059055887063,0.0025335211562795856,0.014546635011651073,0.04798232310680884,0.012345679012345678,0.0014492753623188406,3.225100748562073,0.047969566439866315,0.06042927217556194,0.02898796265506752,"[0.048, 0.032, 0.171, 0.042, 0.06, 0.105, 0.128, -0.021, 0.013, 0.029]"
NQ,GLOBEX,B1,1380,RQ_RV,2019,243,0.005444562438116675,0.006035757695443057,0.03431864208777654,0.06941842498050023,0.024691358024691357,0.0014492753623188406,3.7567480823005055,0.15331160620322457,0.12484367808831379,0.034196109856781086,"[0.153, 0.24, 0.153, 0.151, 0.125, 0.115, 0.062, 0.012, 0.215, 0.034]"
NQ,GLOBEX,B1,1380,RQ_RV,2020,244,0.004214902227129669,0.0022567980641312853,0.010698972868733897,0.022633374731458048,0.0,0.0014492753623188406,2.9082825367194713,0.04990084990647472,-0.03920329187973911,-0.06196730065595752,"[0.05, -0.071, 0.075, 0.094, -0.039, -0.03, 0.06, 0.085, -0.091, -0.062]"
NQ,GLOBEX,B1,1380,RQ_RV,2021,246,0.004665641766448594,0.0024568561240388017,0.019552059952340405,0.03826087793946296,0.008130081300813009,0.0014492753623188406,3.21929281884953,-0.022588931400553635,0.022984845891503493,0.017994112060257784,"[-0.023, 0.038, 0.017, 0.045, 0.023, -0.061, 0.036, -0.045, 0.001, 0.018]"
NQ,GLOBEX,B1,1380,RQ_RV,2022,245,0.004757834290269536,0.0028893811870471936,0.029245939585668995,0.2062843472646245,0.036734693877551024,0.0014492753623188406,3.2829056602859796,0.03799922037761213,0.030135473354403863,0.015325138379793733,"[0.038, -0.012, 0.011, 0.044, 0.03, 0.042, -0.062, -0.093, 0.062, 0.015]"
NQ,GLOBEX,B1,1380,RQ_RV,2023,244,0.005000069169883376,0.0033848448305506627,0.02661398234152738,0.09202439158826049,0.01639344262295082,0.0014492753623188406,3.450047727219529,0.03880988951638611,-0.02487643886319246,-0.008700376652308557,"[0.039, -0.005, -0.071, -0.027, -0.025, -0.045, 0.074, 0.145, 0.074, -0.009]"
NQ,GLOBEX,B1,1380,RQ_RV,0,1948,0.0047769760070429865,0.0031618693592320277,0.02115384339886326,0.05946411447800522,0.013347022587268994,0.0014492753623188406,3.2961134448596607,0.12230921164610804,0.09701679225564147,0.058770980405963624,"[0.122, 0.118, 0.12, 0.106, 0.097, 0.082, 0.084, 0.057, 0.103, 0.059]"
NQ,GLOBEX,B1,1380,TQ_BV,2016,241,0.0036053612496980067,0.0015359324816049693,0.008428004478408599,0.01967856303006637,0.004149377593360996,0.0014492753623188406,2.4876992622916245,0.2628186155097347,0.14453284374487657,0.14971414727194007,"[0.263, 0.272, 0.322, 0.154, 0.145, 0.162, 0.136, 0.21, 0.155, 0.15]"
NQ,GLOBEX,B1,1380,TQ_BV,2017,242,0.004587594411230406,0.0020267904937202957,0.009154995389704676,0.023135159169738583,0.008264462809917356,0.0014492753623188406,3.16544014374898,0.18933811583151167,0.021473355183274024,0.09273252032958294,"[0.189, -0.006, 0.047, 0.033, 0.021, 0.101, -0.034, -0.054, -0.024, 0.093]"
NQ,GLOBEX,B1,1380,TQ_BV,2018,243,0.003906785278085651,0.0018995532892238896,0.008703694667462467,0.0143134292776399,0.0,0.0014492753623188406,2.6956818418790993,0.10527940886450875,0.10513752752932579,-0.03547922237032297,"[0.105, 0.131, 0.094, 0.007, 0.105, 0.109, 0.077, 0.046, 0.131, -0.035]"
NQ,GLOBEX,B1,1380,TQ_BV,2019,243,0.003885218162260217,0.0024339521389750186,0.013155811081042811,0.028525931185918785,0.00411522633744856,0.0014492753623188406,2.68080053195955,0.027407244123813533,0.07409343216232764,-0.1080177370250768,"[0.027, 0.189, 0.056, 0.039, 0.074, -0.01, 0.005, -0.091, 0.256, -0.108]"
NQ,GLOBEX,B1,1380,TQ_BV,2020,244,0.0034103733577195454,0.00162616398541495,0.007020934598882801,0.010706934837854402,0.0,0.0014492753623188406,2.3531576168264863,0.21648912444194232,0.10931281735818577,-0.010841291872018634,"[0.216, 0.12, 0.264, 0.174, 0.109, 0.1, 0.094, 0.126, -0.018, -0.011]"
NQ,GLOBEX,B1,1380,TQ_BV,2021,246,0.003975830244458413,0.0019343550728406012,0.009795974290770688,0.017709403892203674,0.0,0.0014492753623188406,2.743322868676305,0.0033219966640748505,0.05923203748651931,-0.029541656234960623,"[0.003, 0.047, 0.115, 0.1, 0.059, 0.094, 0.027, 0.027, 0.0, -0.03]"
NQ,GLOBEX,B1,1380,TQ_BV,2022,245,0.003901889249162745,0.0019211759629528652,0.012174349149070982,0.020246085457212216,0.0,0.0014492753623188406,2.6923035819222942,0.007303849809297684,-0.008213174093056625,0.0667409144756523,"[0.007, 0.109, -0.05, 0.075, -0.008, 0.105, -0.014, 0.033, 0.073, 0.067]"
NQ,GLOBEX,B1,1380,TQ_BV,2023,244,0.004124844339380634,0.0017331333639297973,0.010257473700714403,0.02004101404472993,0.0,0.0014492753623188406,2.8461425941726373,0.016303821307203537,0.06187219085162335,-0.07120945228497774,"[0.016, -0.03, -0.025, 0.011, 0.062, -0.043, 0.035, -0.017, 0.028, -0.071]"
NQ,GLOBEX,B1,1380,TQ_BV,0,1948,0.00392124407910866,0.0019741177144642417,0.009903719985157362,0.020848701715372647,0.002566735112936345,0.0014492753623188406,2.7056584145849754,0.1367635069826568,0.111232614914084,0.046276760019232255,"[0.137, 0.15, 0.136, 0.121, 0.111, 0.121, 0.083, 0.072, 0.136, 0.046]"
NQ,GLOBEX,B1,1380,TRQ3_TRV3,2016,241,0.0020554497118150895,0.00028005880956839205,0.0026141023412498696,0.0029774121664557216,0.0,0.0014492753623188406,1.4182603011524118,0.2834624468372493,0.22756429999317396,0.16693109676320322,"[0.283, 0.344, 0.373, 0.216, 0.228, 0.256, 0.161, 0.208, 0.199, 0.167]"
NQ,GLOBEX,B1,1380,TRQ3_TRV3,2017,242,0.00217336406302736,0.00036933727998241916,0.0028280630991710516,0.003490525543382426,0.0,0.0014492753623188406,1.4996212034888783,0.11904706074598075,0.025415406374392553,0.05453743063109062,"[0.119, 0.125, -0.002, 0.076, 0.025, -0.006, -0.028, -0.086, 0.036, 0.055]"
NQ,GLOBEX,B1,1380,TRQ3_TRV3,2018,243,0.0021601739877183173,0.00036166630724312294,0.0028190844488051366,0.003091868516978601,0.0,0.0014492753623188406,1.490520051525639,0.0708023793619088,0.01523397150325835,-0.017324790341590242,"[0.071, 0.101, 0.041, 0.033, 0.015, 0.047, 0.065, 0.079, -0.043, -0.017]"
NQ,GLOBEX,B1,1380,TRQ3_TRV3,2019,243,0.002071026013608103,0.0003104022231811823,0.0026641297672768613,0.003270645865540888,0.0,0.0014492753623188406,1.429007949389591,0.19652541562261647,0.025363857621056418,-0.01718980474122803,"[0.197, 0.119, -0.042, 0.112, 0.025, -0.027, -0.025, -0.044, 0.101, -0.017]"
NQ,GLOBEX,B1,1380,TRQ3_TRV3,2020,244,0.0020129124528644087,0.000356919210750987,0.0027507560549699275,0.0031457982614144665,0.0,0.0014492753623188406,1.388909592476442,0.2704632730804219,0.2290878068167397,0.16948419838854792,"[0.27, 0.213, 0.383, 0.336, 0.229, 0.238, 0.23, 0.255, 0.158, 0.169]"
NQ,GLOBEX,B1,1380,TRQ3_TRV3,2021,246,0.002119389788381735,0.00037486471399711093,0.0029095392361790213,0.003533653723323652,0.0,0.0014492753623188406,1.4623789539833971,0.09384872936828058,0.09063385146777281,-0.019355455206253515,"[0.094, 0.075, -0.022, 0.07, 0.091, 0.104, 0.045, 0.055, -0.11, -0.019]"
NQ,GLOBEX,B1,1380,TRQ3_TRV3,2022,245,0.0021365382599165504,0.0003312898594709131,0.00285232911657922,0.004069939856477257,0.0,0.0014492753623188406,1.4742113993424197,0.11055391623123145,0.04398639875117349,0.017533228122624422,"[0.111, 0.118, 0.05, 0.012, 0.044, 0.141, 0.05, -0.039, 0.032, 0.018]"
NQ,GLOBEX,B1,1380,TRQ3_TRV3,2023,244,0.0022566259538440454,0.0003864049461994568,0.0030734293771838336,0.003760341232392232,0.0,0.0014492753623188406,1.5570719081523914,-0.029405411909085234,0.06390092963508195,-0.03878339971545233,"[-0.029, 0.018, -0.067, 0.021, 0.064, 0.02, -0.008, -0.079, -0.008, -0.039]"
NQ,GLOBEX,B1,1380,TRQ3_TRV3,0,1948,0.002127394839701975,0.00035840492430100346,0.002863256562457882,0.0035364823029615786,0.0,0.0014492753623188406,1.4679024393943627,0.18926484724082404,0.14790539387407103,0.09762757590839562,"[0.189, 0.185, 0.142, 0.165, 0.148, 0.158, 0.124, 0.1, 0.098, 0.098]"
NQ,GLOBEX,B1,1380,TRQ5_TRV5,2016,241,0.0029541605771648176,0.0006029697407847778,0.003919103938688442,0.004440454699452122,0.0,0.0014492753623188406,2.038370798243724,0.36088539228771066,0.2775218942140326,0.24763746192142688,"[0.361, 0.356, 0.375, 0.287, 0.278, 0.254, 0.233, 0.311, 0.235, 0.248]"
NQ,GLOBEX,B1,1380,TRQ5_TRV5,2017,242,0.003346117924461202,0.0007147208439605484,0.004345019418824419,0.00518037614465152,0.0,0.0014492753623188406,2.3088213678782292,0.17967249774138103,0.05379458902536382,0.09134243639395417,"[0.18, 0.176, 0.061, 0.163, 0.054, 0.081, 0.023, -0.113, 0.075, 0.091]"
NQ,GLOBEX,B1,1380,TRQ5_TRV5,2018,243,0.003163932942406276,0.0006293258823276528,0.004105218809028677,0.004762610867201678,0.0,0.0014492753623188406,2.18311373026033,0.09409179651334244,0.0946727688552305,-0.008506769947912754,"[0.094, 0.047, -0.066, -0.022, 0.095, -0.068, 0.046, 0.019, 0.012, -0.009]"
NQ,GLOBEX,B1,1380,TRQ5_TRV5,2019,243,0.003053530946619239,0.000534297943132016,0.004043113147020582,0.005227158844860331,0.0,0.0014492753623188406,2.106936353167275,0.1717047729925452,0.09603727845118039,-0.04960476196993014,"[0.172, 0.105, -0.002, 0.132, 0.096, -0.034, 0.039, -0.068, 0.062, -0.05]"
NQ,GLOBEX,B1,1380,TRQ5_TRV5,2020,244,0.002865816309676408,0.0006005900708062383,0.003947004166453155,0.004685583256757431,0.0,0.0014492753623188406,1.9774132536767215,0.36404110017798086,0.24023445024011802,0.16462342194963725,"[0.364, 0.273, 0.436, 0.392, 0.24, 0.261, 0.26, 0.275, 0.177, 0.165]"
NQ,GLOBEX,B1,1380,TRQ5_TRV5,2021,246,0.0031752842613970264,0.0006941020009033809,0.004304409155841944,0.005723688192887734,0.0,0.0014492753623188406,2.1909461403639483,0.10135206905006915,0.12071890545450979,-0.008783395924360565,"[0.101, 0.133, 0.016, 0.122, 0.121, 0.074, 0.069, -0.012, -0.044, -0.009]"
NQ,GLOBEX,B1,1380,TRQ5_TRV5,2022,245,0.0031382709252374187,0.0006260315151159108,0.004231861809717988,0.005866598381783174,0.0,0.0014492753623188406,2.165406938413819,0.11238594787511458,0.04538520631278514,8.890273966542187e-05,"[0.112, 0.114, 0.019, -0.047, 0.045, 0.156, 0.06, 0.037, -0.006, 0.0]"
NQ,GLOBEX,B1,1380,TRQ5_TRV5,2023,244,0.0032313106178456247,0.0006267102664236582,0.0045614079860640516,0.005962269039718669,0.0,0.0014492753623188406,2.2296043263134813,0.04507571521849981,0.06556775555992386,0.0031269687768709707,"[0.045, 0.072, -0.042, 0.027, 0.066, -0.012, -0.012, -0.02, -0.024, 0.003]"
NQ,GLOBEX,B1,1380,TRQ5_TRV5,0,1948,0.0031011598077950787,0.0006792460499700868,0.004215254122832281,0.005383484957504729,0.0,0.0014492753623188406,2.1398002673786043,0.23450508987037785,0.18854411813779395,0.11938195560478304,"[0.235, 0.217, 0.166, 0.194, 0.189, 0.16, 0.161, 0.12, 0.12, 0.119]"
NQ,GLOBEX,B1,1380,TRQ10_TRV10,2016,241,0.0042510647897015955,0.002006269646899723,0.007572672214918223,0.00933150936500709,0.0,0.0014492753623188406,2.933234704894101,0.3331238115994061,0.26922040817913623,0.2458080454226955,"[0.333, 0.341, 0.348, 0.236, 0.269, 0.254, 0.258, 0.214, 0.249, 0.246]"
NQ,GLOBEX,B1,1380,TRQ10_TRV10,2017,242,0.005244314217295167,0.002066741413947442,0.008062666468432782,0.010485016188838498,0.0,0.0014492753623188406,3.618576809933665,0.18898547518153708,0.06494509663146518,0.05112241654375187,"[0.189, 0.162, 0.189, 0.181, 0.065, 0.11, 0.031, 0.061, -0.031, 0.051]"
NQ,GLOBEX,B1,1380,TRQ10_TRV10,2018,243,0.004404004404411222,0.0018050385899429653,0.007234327027329696,0.00852112555387991,0.0,0.0014492753623188406,3.0387630390437432,0.20501712096552238,0.10836315543242796,0.07694641295390955,"[0.205, 0.156, 0.187, 0.056, 0.108, 0.04, 0.134, 0.118, 0.142, 0.077]"
NQ,GLOBEX,B1,1380,TRQ10_TRV10,2019,243,0.004639561684984159,0.002148014088311002,0.009106895702911871,0.011935289648579674,0.0,0.0014492753623188406,3.20129756263907,0.003054338938253828,0.031232679938330912,-0.029354132065406983,"[0.003, 0.152, -0.003, 0.055, 0.031, 0.033, 0.142, 0.009, 0.164, -0.029]"
NQ,GLOBEX,B1,1380,TRQ10_TRV10,2020,244,0.004047539136813768,0.0017244623236352822,0.007559203857676416,0.008661109662415765,0.0,0.0014492753623188406,2.7928020044015,0.1727892660884378,0.17787341993069924,0.052218781356930935,"[0.173, 0.217, 0.281, 0.186, 0.178, 0.137, 0.171, 0.085, 0.024, 0.052]"
NQ,GLOBEX,B1,1380,TRQ10_TRV10,2021,246,0.004603796537270257,0.002008439331321516,0.008397083264375419,0.01036579520416294,0.0,0.0014492753623188406,3.1766196107164775,0.062043664267181255,0.07834329625264408,0.027299765675998747,"[0.062, 0.132, 0.051, 0.151, 0.078, 0.018, -0.016, 0.025, 0.01, 0.027]"
NQ,GLOBEX,B1,1380,TRQ10_TRV10,2022,245,0.004589207876774496,0.001910636284285185,0.008146907321449497,0.012693209749627987,0.0,0.0014492753623188406,3.1665534349744027,0.09489381363022377,0.023157701033494515,0.04907399456343271,"[0.095, 0.069, -0.043, 0.039, 0.023, 0.044, 0.044, -0.013, 0.034, 0.049]"
NQ,GLOBEX,B1,1380,TRQ10_TRV10,2023,244,0.0045066855642779,0.0018367826550976102,0.008488515086506715,0.010686891397066635,0.0,0.0014492753623188406,3.109613039351751,0.11602825012930097,0.04981187546855749,0.00962148123953136,"[0.116, 0.03, -0.072, 0.072, 0.05, -0.014, 0.037, 0.009, 0.064, 0.01]"
NQ,GLOBEX,B1,1380,TRQ10_TRV10,0,1948,0.004539421483981754,0.0020314259102174816,0.008091020412523419,0.010559319860310811,0.0,0.0014492753623188406,3.1322008239474104,0.19530717980671597,0.15743460354079367,0.11034633615283485,"[0.195, 0.208, 0.165, 0.177, 0.157, 0.132, 0.156, 0.116, 0.143, 0.11]"
NQ,GLOBEX,B1,1380,MEDRQ_MEDRV,2016,241,0.0037176142158872,0.0020238892704608834,0.010098955215516571,0.035399036123310565,0.012448132780082987,0.0014492753623188406,2.565153808962168,0.16480279652757526,0.10671460937078271,0.08181518499183343,"[0.165, 0.199, 0.235, 0.109, 0.107, 0.109, 0.098, 0.14, 0.168, 0.082]"
NQ,GLOBEX,B1,1380,MEDRQ_MEDRV,2017,242,0.004700516620017883,0.0021869643051269727,0.008996081564322527,0.021802405011038535,0.004132231404958678,0.0014492753623188406,3.243356467812339,0.18898689146751793,0.024222975919927375,0.07763976078659711,"[0.189, 0.041, 0.066, 0.072, 0.024, 0.057, 0.014, -0.081, -0.017, 0.078]"
NQ,GLOBEX,B1,1380,MEDRQ_MEDRV,2018,243,0.003945413962353752,0.0020066462026248205,0.009284297399691334,0.013977142269647578,0.00411522633744856,0.0014492753623188406,2.722335634024089,0.05426871691675771,0.06615150680005169,-0.005097800435010085,"[0.054, 0.081, 0.088, 0.017, 0.066, 0.032, 0.111, 0.045, 0.123, -0.005]"
NQ,GLOBEX,B1,1380,MEDRQ_MEDRV,2019,243,0.004071866262524782,0.0028008267779016938,0.013945748487094742,0.03288590471899219,0.00823045267489712,0.0014492753623188406,2.8095877211420994,0.11862610087203138,0.12047281365362195,0.006822909860278075,"[0.119, 0.186, 0.077, 0.083, 0.12, 0.121, 0.098, 0.074, 0.329, 0.007]"
NQ,GLOBEX,B1,1380,MEDRQ_MEDRV,2020,244,0.003481015081974398,0.001637745426557371,0.007818160593755653,0.014441623642605782,0.004098360655737705,0.0014492753623188406,2.4019004065623344,0.171894548881617,0.11655030901058935,0.07269150625668813,"[0.172, 0.096, 0.266, 0.177, 0.117, 0.107, 0.11, 0.075, 0.031, 0.073]"
NQ,GLOBEX,B1,1380,MEDRQ_MEDRV,2021,246,0.00420050061614249,0.0019407256897143754,0.010430191971896853,0.01866172020815335,0.0,0.0014492753623188406,2.898345425138318,0.06727931492218935,0.10334858215542689,-0.007526988992743711,"[0.067, 0.099, 0.095, 0.114, 0.103, 0.024, 0.059, 0.028, -0.033, -0.008]"
NQ,GLOBEX,B1,1380,MEDRQ_MEDRV,2022,245,0.003957292515521211,0.0017832733227430733,0.00993413931081463,0.020936400799504543,0.004081632653061225,0.0014492753623188406,2.7305318357096358,0.034189526502486245,-0.03531592763849311,0.08184039520974046,"[0.034, 0.166, -0.067, 0.09, -0.035, 0.078, 0.006, 0.05, 0.071, 0.082]"
NQ,GLOBEX,B1,1380,MEDRQ_MEDRV,2023,244,0.004188911515676654,0.002121836972927429,0.011954055030493049,0.03291433120529088,0.012295081967213115,0.0014492753623188406,2.8903489458168914,-0.02470100068199126,0.024192661187788088,-0.046255506468553385,"[-0.025, -0.017, -0.034, -0.025, 0.024, -0.013, 0.037, -0.025, 0.042, -0.046]"
NQ,GLOBEX,B1,1380,MEDRQ_MEDRV,0,1948,0.004055869500406482,0.002108086602749119,0.010245986888537029,0.02241469182011045,0.006160164271047228,0.0014492753623188406,2.7985499552804725,0.12918705021598648,0.10724865274717436,0.06944743474058296,"[0.129, 0.148, 0.124, 0.117, 0.107, 0.109, 0.108, 0.08, 0.146, 0.069]"
ES,RTH,B0,13,RQ_RV,2016,239,0.1418151695919749,0.06848998042289292,0.27151064775541095,0.34643517206804575,0.0,0.15384615384615385,0.9217986023478368,0.04857542600869198,0.03471316353265464,0.09404298258765995,"[0.049, 0.021, 0.042, -0.083, 0.035, 0.034, 0.051, -0.017, 0.008, 0.094]"
ES,RTH,B0,13,RQ_RV,2017,237,0.13868478345662663,0.05938505103208311,0.2861439084453142,0.40683592952347614,0.0,0.15384615384615385,0.9014510924680731,-0.10123259951953398,-0.0006852660202160697,0.02731725867099153,"[-0.101, 0.015, 0.073, -0.063, -0.001, 0.097, -0.008, -0.119, 0.09, 0.027]"
ES,RTH,B0,13,RQ_RV,2018,236,0.1392738099735585,0.06677853882844384,0.2433101376902551,0.3717395860829887,0.0,0.15384615384615385,0.9052797648281302,-0.0014404455741208974,-0.02054988863668102,0.047361608588229166,"[-0.001, 0.034, -0.054, -0.017, -0.021, 0.029, 0.022, 0.05, -0.022, 0.047]"
ES,RTH,B0,13,RQ_RV,2019,237,0.14227856083004475,0.07094386775215283,0.30817419608203633,0.4062272436502957,0.0,0.15384615384615385,0.9248106453952909,0.05408209543383233,0.02666035058326637,-0.08455664781375528,"[0.054, 0.15, 0.044, -0.01, 0.027, -0.011, -0.012, -0.03, -0.016, -0.085]"
ES,RTH,B0,13,RQ_RV,2020,239,0.1454912862181831,0.07250839579124571,0.2974275360259148,0.4039964441993237,0.0,0.15384615384615385,0.9456933604181902,-0.007392609521093815,0.022377949656304914,-0.0699865639252382,"[-0.007, -0.039, 0.003, -0.008, 0.022, -0.069, -0.035, 0.015, 0.002, -0.07]"
ES,RTH,B0,13,RQ_RV,2021,239,0.15308908210435843,0.07869358898212982,0.3114660853223194,0.36427443692534184,0.0,0.15384615384615385,0.9950790336783297,-0.00809963335182065,0.038195880332028906,-0.005390650821845924,"[-0.008, -0.032, -0.058, 0.074, 0.038, -0.032, -0.037, -0.045, 0.011, -0.005]"
ES,RTH,B0,13,RQ_RV,2022,238,0.13767381816464852,0.06628153288311195,0.2808603911378093,0.3462135260594485,0.0,0.15384615384615385,0.8948798180702153,-0.04438630015200095,0.01471190829526159,0.08506562922499467,"[-0.044, -0.01, 0.066, -0.018, 0.015, -0.052, 0.02, -0.018, -0.017, 0.085]"
ES,RTH,B0,13,RQ_RV,2023,236,0.13625050415341353,0.06090595527544307,0.24322215828636,0.3861950967541292,0.0,0.15384615384615385,0.8856282769971878,-0.01985398478953425,-0.027148837366602615,-0.12579543008476585,"[-0.02, -0.027, -0.091, 0.058, -0.027, 0.033, 0.087, -0.02, 0.009, -0.126]"
ES,RTH,B0,13,RQ_RV,0,1901,0.14124145651310882,0.06705897421677978,0.2854614625332195,0.3864652965401124,0.0,0.15384615384615385,0.9180694673352073,-0.003681377552318243,0.010692989660640678,-0.004936390416112143,"[-0.004, 0.02, 0.016, -0.004, 0.011, 0.004, 0.011, -0.021, 0.006, -0.005]"
ES,RTH,B0,13,TQ_BV,2016,239,0.12157785351311086,0.055286805801399774,0.20182334343660538,0.2953838916862116,0.0,0.15384615384615385,0.7902560478352205,0.0863449493300513,-0.01114260584766618,-0.07212983250944131,"[0.086, -0.099, -0.025, -0.009, -0.011, 0.062, 0.074, 0.043, -0.035, -0.072]"
ES,RTH,B0,13,TQ_BV,2017,237,0.11841201491416413,0.07195379210678307,0.2263918221687326,0.26155864068999646,0.0,0.15384615384615385,0.7696780969420668,0.07574392072412153,-0.07123003611507762,0.0059408795989273275,"[0.076, 0.037, -0.068, 0.015, -0.071, -0.123, -0.091, 0.065, -0.01, 0.006]"
ES,RTH,B0,13,TQ_BV,2018,236,0.1228419129893198,0.060597063161247536,0.21056471358970952,0.3042984395767563,0.0,0.15384615384615385,0.7984724344305787,0.02450011949783111,0.005638613429266601,-0.07993236109994066,"[0.025, -0.048, 0.049, 0.06, 0.006, -0.053, -0.008, 0.039, 0.032, -0.08]"
ES,RTH,B0,13,TQ_BV,2019,237,0.12676723320005284,0.06443412903549049,0.22367953915427272,0.31015188052848,0.0,0.15384615384615385,0.8239870158003434,0.10996234348167198,0.011428965815909853,-0.06411276806785648,"[0.11, 0.077, 0.138, -0.026, 0.011, -0.021, -0.037, 0.051, -0.047, -0.064]"
ES,RTH,B0,13,TQ_BV,2020,239,0.11853942193554862,0.05598784100701788,0.1997895732894773,0.2553311325038641,0.0,0.15384615384615385,0.7705062425810659,0.0030108847525990323,0.06956190474703021,-0.010095790666589768,"[0.003, 0.027, 0.0, 0.03, 0.07, -0.065, 0.117, -0.005, 0.056, -0.01]"
ES,RTH,B0,13,TQ_BV,2021,239,0.1231287674956442,0.06054275783136151,0.21766532636987093,0.2828278525262329,0.0,0.15384615384615385,0.8003369887216873,0.07004061111512744,0.011512617905010989,-0.022561581337888593,"[0.07, 0.006, -0.065, 0.0, 0.012, -0.037, -0.068, 0.071, -0.046, -0.023]"
ES,RTH,B0,13,TQ_BV,2022,238,0.12112362764902368,0.06279626611268502,0.20859868423014602,0.2620114259045633,0.0,0.15384615384615385,0.7873035797186538,-0.03222091122648892,0.032230836740584856,0.041414681104487115,"[-0.032, 0.066, 0.022, 0.025, 0.032, -0.089, 0.046, 0.027, 0.06, 0.041]"
ES,RTH,B0,13,TQ_BV,2023,236,0.123457907026147,0.04906696929482485,0.21854695051128714,0.2650755060833218,0.0,0.15384615384615385,0.8024763956699555,-0.11848567283362894,0.08469971604528506,0.06120265736477696,"[-0.118, -0.051, -0.079, -0.022, 0.085, 0.01, 0.084, 0.011, -0.042, 0.061]"
ES,RTH,B0,13,TQ_BV,0,1901,0.12234579810403458,0.05984915950955885,0.21637456317731774,0.27801698980661393,0.0,0.15384615384615385,0.7952476876762247,0.03703315782986811,0.01752727232861222,-0.015417733752115808,"[0.037, 0.006, 0.002, 0.015, 0.018, -0.039, 0.011, 0.039, -0.002, -0.015]"
ES,RTH,B0,13,TRQ3_TRV3,2016,239,0.1363363665700769,0.06023431036053259,0.22910349157274426,0.31087787243073134,0.0,0.15384615384615385,0.8861863827054998,-0.08595258646001223,-0.0006752923014366175,0.12401370033629432,"[-0.086, 0.063, 0.029, -0.029, -0.001, -0.017, 0.002, -0.039, -0.039, 0.124]"
ES,RTH,B0,13,TRQ3_TRV3,2017,237,0.13171191752979233,0.04620791768894107,0.22138697449437295,0.3136851331463084,0.0,0.15384615384615385,0.8561274639436501,0.0756475660898757,-0.18392525939788704,0.07721356237777634,"[0.076, -0.006, 0.105, -0.114, -0.184, -0.055, -0.009, -0.08, 0.005, 0.077]"
ES,RTH,B0,13,TRQ3_TRV3,2018,236,0.13589391467645323,0.0585940249977331,0.20530130138200778,0.2350610918257217,0.0,0.15384615384615385,0.8833104453969459,0.018273540885471302,-0.052669571025253346,-0.08165570366396936,"[0.018, -0.035, -0.099, 0.02, -0.053, -0.075, -0.006, 0.04, 0.057, -0.082]"
ES,RTH,B0,13,TRQ3_TRV3,2019,237,0.13288886479573297,0.04524348292511579,0.2113250491508517,0.25727565168176497,0.0,0.15384615384615385,0.8637776211722643,0.05652794249490697,0.1049408626437257,-0.003912314233471432,"[0.057, 0.018, -0.06, -0.006, 0.105, -0.02, -0.064, -0.07, -0.053, -0.004]"
ES,RTH,B0,13,TRQ3_TRV3,2020,239,0.1382117708387399,0.0533827866305058,0.21397113549946137,0.2570279243953247,0.0,0.15384615384615385,0.8983765104518092,0.09641531937714407,-0.004568507283280655,0.007056651728597559,"[0.096, -0.021, 0.028, -0.019, -0.005, -0.013, 0.001, 0.137, 0.123, 0.007]"
ES,RTH,B0,13,TRQ3_TRV3,2021,239,0.1398979003627145,0.05998167049875541,0.2201205981003814,0.24582742459378357,0.0,0.15384615384615385,0.9093363523576441,0.013272134094351443,-0.025672801690942992,-0.017158298570534518,"[0.013, 0.001, -0.026, -0.047, -0.026, 0.049, -0.037, -0.049, 0.034, -0.017]"
ES,RTH,B0,13,TRQ3_TRV3,2022,238,0.1332042500686776,0.05098532494878821,0.22155804043037253,0.28917023094228095,0.0,0.15384615384615385,0.8658276254464042,0.05212501486601741,0.005554517534556459,0.06723070041058461,"[0.052, -0.036, -0.02, -0.049, 0.006, 0.06, -0.028, -0.131, -0.026, 0.067]"
ES,RTH,B0,13,TRQ3_TRV3,2023,236,0.13248937963271204,0.05107784305817592,0.21465445467446204,0.2618605793993163,0.0,0.15384615384615385,0.8611809676126282,-0.027034752470166637,0.014890412490011377,3.861840433891514e-05,"[-0.027, 0.013, -0.076, 0.078, 0.015, -0.021, 0.105, -0.048, -0.045, 0.0]"
ES,RTH,B0,13,TRQ3_TRV3,0,1901,0.13480692291329296,0.053747232339399445,0.2179150911890336,0.28025203700512985,0.0,0.15384615384615385,0.8762449989364042,0.020537896138467567,-0.017178928850114638,0.02343624288211062,"[0.021, 0.0, -0.009, -0.015, -0.017, -0.006, 0.001, -0.034, 0.005, 0.023]"
ES,RTH,B0,13,TRQ5_TRV5,2016,239,0.14062596455786902,0.06473678842146505,0.25725502215729945,0.29669760060835787,0.0,0.15384615384615385,0.9140687696261486,-0.01307975655013813,0.04616030399323199,0.09757914701629504,"[-0.013, 0.054, 0.015, -0.042, 0.046, -0.012, 0.027, -0.081, 0.047, 0.098]"
ES,RTH,B0,13,TRQ5_TRV5,2017,237,0.13868478345662663,0.05938505103208311,0.2861439084453142,0.36654660734337463,0.0,0.15384615384615385,0.9014510924680731,-0.1030671013233889,0.004914167107639007,0.020142095277325568,"[-0.103, 0.016, 0.069, -0.063, 0.005, 0.101, -0.012, -0.115, 0.091, 0.02]"
ES,RTH,B0,13,TRQ5_TRV5,2018,236,0.1392738099735585,0.06477792169171118,0.23604101995751708,0.35477902337025463,0.0,0.15384615384615385,0.9052797648281302,-0.012505527703470739,-0.02314097505959746,0.029592710334390007,"[-0.013, 0.022, -0.078, -0.038, -0.023, 0.058, 0.037, 0.057, -0.006, 0.03]"
ES,RTH,B0,13,TRQ5_TRV5,2019,237,0.14182178199704443,0.06869947360588391,0.28084555448446313,0.37625643019806704,0.0,0.15384615384615385,0.9218415829807888,0.009185979824237826,0.036311909357134985,-0.0660707826878104,"[0.009, 0.126, 0.096, -0.019, 0.036, -0.039, -0.02, -0.032, 0.002, -0.066]"
ES,RTH,B0,13,TRQ5_TRV5,2020,239,0.14534822501566375,0.06829203490573141,0.27008842052114856,0.33808875950538214,0.0,0.15384615384615385,0.9447634626018143,-0.015920298111294022,0.04613845452118842,-0.07610374971557393,"[-0.016, -0.046, -0.008, -0.003, 0.046, -0.08, -0.032, 0.004, 0.075, -0.076]"
ES,RTH,B0,13,TRQ5_TRV5,2021,239,0.15308908210435843,0.07869358898212982,0.3114660853223194,0.36427443692534184,0.0,0.15384615384615385,0.9950790336783297,-0.007080029264073345,0.03918908517562155,-0.006561416887411192,"[-0.007, -0.033, -0.058, 0.074, 0.039, -0.032, -0.037, -0.045, 0.011, -0.007]"
ES,RTH,B0,13,TRQ5_TRV5,2022,238,0.13767381816464852,0.06270217680236714,0.27751692925579735,0.33762942845531585,0.0,0.15384615384615385,0.8948798180702153,-0.04007584038568334,0.06160883549570342,0.10297704059439328,"[-0.04, 0.031, 0.048, -0.005, 0.062, -0.055, 0.037, -0.012, -0.018, 0.103]"
ES,RTH,B0,13,TRQ5_TRV5,2023,236,0.13625050415341353,0.06090595527544307,0.24178132387311765,0.3690950306953267,0.0,0.15384615384615385,0.8856282769971878,-0.005706762861642684,-0.024645108383193882,-0.12312841390582495,"[-0.006, -0.031, -0.084, 0.055, -0.025, 0.036, 0.087, -0.029, 0.015, -0.123]"
ES,RTH,B0,13,TRQ5_TRV5,0,1901,0.14087839392683033,0.0655021098263942,0.27323424258888146,0.3548566810112496,0.0,0.15384615384615385,0.9157095605243971,-0.01744110429629648,0.028396590342456028,-0.000648328024448816,"[-0.017, 0.023, 0.012, -0.001, 0.028, -0.002, 0.014, -0.031, 0.027, -0.001]"
ES,RTH,B0,13,TRQ10_TRV10,2016,239,0.1418151695919749,0.06848998042289292,0.27151064775541095,0.34643517206804575,0.0,0.15384615384615385,0.9217986023478368,0.04857542600869198,0.03471316353265464,0.09404298258765995,"[0.049, 0.021, 0.042, -0.083, 0.035, 0.034, 0.051, -0.017, 0.008, 0.094]"
ES,RTH,B0,13,TRQ10_TRV10,2017,237,0.13868478345662663,0.05938505103208311,0.2861439084453142,0.40683592952347614,0.0,0.15384615384615385,0.9014510924680731,-0.10123259951953398,-0.0006852660202160697,0.02731725867099153,"[-0.101, 0.015, 0.073, -0.063, -0.001, 0.097, -0.008, -0.119, 0.09, 0.027]"
ES,RTH,B0,13,TRQ10_TRV10,2018,236,0.1392738099735585,0.06677853882844384,0.2433101376902551,0.3717395860829887,0.0,0.15384615384615385,0.9052797648281302,-0.0014404455741208974,-0.02054988863668102,0.047361608588229166,"[-0.001, 0.034, -0.054, -0.017, -0.021, 0.029, 0.022, 0.05, -0.022, 0.047]"
ES,RTH,B0,13,TRQ10_TRV10,2019,237,0.14227856083004475,0.07094386775215283,0.30817419608203633,0.4062272436502957,0.0,0.15384615384615385,0.9248106453952909,0.05408209543383233,0.02666035058326637,-0.08455664781375528,"[0.054, 0.15, 0.044, -0.01, 0.027, -0.011, -0.012, -0.03, -0.016, -0.085]"
ES,RTH,B0,13,TRQ10_TRV10,2020,239,0.1454912862181831,0.07250839579124571,0.2974275360259148,0.4039964441993237,0.0,0.15384615384615385,0.9456933604181902,-0.007392609521093815,0.022377949656304914,-0.0699865639252382,"[-0.007, -0.039, 0.003, -0.008, 0.022, -0.069, -0.035, 0.015, 0.002, -0.07]"
ES,RTH,B0,13,TRQ10_TRV10,2021,239,0.15308908210435843,0.07869358898212982,0.3114660853223194,0.36427443692534184,0.0,0.15384615384615385,0.9950790336783297,-0.00809963335182065,0.038195880332028906,-0.005390650821845924,"[-0.008, -0.032, -0.058, 0.074, 0.038, -0.032, -0.037, -0.045, 0.011, -0.005]"
ES,RTH,B0,13,TRQ10_TRV10,2022,238,0.13767381816464852,0.06628153288311195,0.2808603911378093,0.3462135260594485,0.0,0.15384615384615385,0.8948798180702153,-0.04438630015200095,0.01471190829526159,0.08506562922499467,"[-0.044, -0.01, 0.066, -0.018, 0.015, -0.052, 0.02, -0.018, -0.017, 0.085]"
ES,RTH,B0,13,TRQ10_TRV10,2023,236,0.13625050415341353,0.06090595527544307,0.24322215828636,0.3861950967541292,0.0,0.15384615384615385,0.8856282769971878,-0.01985398478953425,-0.027148837366602615,-0.12579543008476585,"[-0.02, -0.027, -0.091, 0.058, -0.027, 0.033, 0.087, -0.02, 0.009, -0.126]"
ES,RTH,B0,13,TRQ10_TRV10,0,1901,0.14124145651310882,0.06705897421677978,0.2854614625332195,0.3864652965401124,0.0,0.15384615384615385,0.9180694673352073,-0.003681377552318243,0.010692989660640678,-0.004936390416112143,"[-0.004, 0.02, 0.016, -0.004, 0.011, 0.004, 0.011, -0.021, 0.006, -0.005]"
ES,RTH,B0,13,MEDRQ_MEDRV,2016,239,0.12563716440074651,0.05348122755269155,0.22967746631231248,0.30541961369224696,0.0,0.15384615384615385,0.8166415686048523,0.028886741478553687,-0.048145965847505016,-0.027652644612538975,"[0.029, 0.054, 0.024, -0.006, -0.048, -0.015, 0.023, -0.051, -0.035, -0.028]"
ES,RTH,B0,13,MEDRQ_MEDRV,2017,237,0.13379413978204502,0.057422454050018765,0.2463358450146902,0.33236551079457294,0.0,0.15384615384615385,0.8696619085832926,0.07169892191781684,-0.1456163707504458,0.02603262338352583,"[0.072, -0.042, 0.049, -0.1, -0.146, 0.033, 0.006, -0.037, -0.07, 0.026]"
ES,RTH,B0,13,MEDRQ_MEDRV,2018,236,0.12393329309287297,0.048405099843856825,0.24507864654163933,0.28515882456902425,0.0,0.15384615384615385,0.8055664051036743,0.04007184727864618,-0.02202005839695716,-0.15893882326921138,"[0.04, 0.001, 0.082, -0.077, -0.022, -0.049, -0.051, -0.032, -0.084, -0.159]"
ES,RTH,B0,13,MEDRQ_MEDRV,2019,237,0.13059465004382242,0.054930147399909326,0.24853897643418527,0.37080560573355853,0.0,0.15384615384615385,0.8488652252848458,0.08102215051713152,0.06676214805247195,-0.026875392746883244,"[0.081, 0.056, 0.051, 0.061, 0.067, -0.007, 0.15, -0.075, -0.034, -0.027]"
ES,RTH,B0,13,MEDRQ_MEDRV,2020,239,0.12718977320974278,0.05363479005657644,0.2528005779735912,0.29459885982687517,0.0,0.15384615384615385,0.826733525863328,0.1507490005296216,0.13286472581990796,0.04705385549985912,"[0.151, -0.074, -0.065, 0.012, 0.133, 0.134, 0.045, 0.073, -0.012, 0.047]"
ES,RTH,B0,13,MEDRQ_MEDRV,2021,239,0.12782338281552352,0.06430247468967046,0.2621719348824288,0.3987152952302058,0.0,0.15384615384615385,0.8308519883009029,-0.0822548586065691,0.04710271904477492,0.0018928328209151034,"[-0.082, 0.017, -0.015, -0.182, 0.047, 0.001, -0.017, -0.11, -0.006, 0.002]"
ES,RTH,B0,13,MEDRQ_MEDRV,2022,238,0.12176919644353631,0.055445351567222176,0.26864237783808403,0.3362229444395987,0.0,0.15384615384615385,0.791499776882986,-0.015586752474633557,-0.03382310876017046,-0.055249526162268754,"[-0.016, 0.015, -0.005, 0.065, -0.034, 0.017, 0.009, -0.08, -0.037, -0.055]"
ES,RTH,B0,13,MEDRQ_MEDRV,2023,236,0.12890001813104668,0.05242753668259126,0.24106638730252505,0.36050941153645627,0.0,0.15384615384615385,0.8378501178518034,0.13540340365334336,-0.007219433164903211,-0.0755581903819386,"[0.135, 0.106, -0.016, 0.043, -0.007, -0.031, 0.047, -0.039, 0.067, -0.076]"
ES,RTH,B0,13,MEDRQ_MEDRV,0,1901,0.12759624593186913,0.055402597121768454,0.24716375380112718,0.3506767196207267,0.0,0.15384615384615385,0.8293755985571494,0.048443996015076055,0.003883051466431871,-0.028446648075925767,"[0.048, 0.018, 0.019, -0.013, 0.004, 0.007, 0.032, -0.044, -0.023, -0.028]"
ES,RTH,B0,26,RQ_RV,2016,239,0.08298440172828339,0.038363263011916615,0.15974510543536985,0.2436277994690498,0.0,0.07692307692307693,1.078797222467684,0.08136609781229012,-0.016671414750006934,0.03763764208558436,"[0.081, 0.053, 0.045, 0.036, -0.017, -0.076, -0.041, 0.096, -0.104, 0.038]"
ES,RTH,B0,26,RQ_RV,2017,237,0.08477037873748822,0.04193376068756435,0.16163845559531187,0.22471638908718045,0.0,0.07692307692307693,1.1020149235873467,-0.07323414264113494,-0.08154366902177929,0.16400335070062566,"[-0.073, 0.031, -0.012, -0.001, -0.082, 0.172, -0.032, 0.03, 0.002, 0.164]"
ES,RTH,B0,26,RQ_RV,2018,236,0.07382888114588813,0.03210194996572943,0.1438257878021419,0.20116021089046113,0.0,0.07692307692307693,0.9597754548965457,0.025293951724758658,0.11943479493096647,0.06850996132326101,"[0.025, 0.132, 0.108, -0.041, 0.119, 0.064, 0.068, 0.059, -0.079, 0.069]"
ES,RTH,B0,26,RQ_RV,2019,237,0.08755788597402958,0.041389597368665834,0.1923115982813439,0.24616226350134895,0.0,0.07692307692307693,1.1382525176623846,0.012607293290759825,-0.015242436242322266,-0.10151803899730816,"[0.013, 0.064, 0.013, 0.02, -0.015, -0.15, -0.005, -0.008, 0.04, -0.102]"
ES,RTH,B0,26,RQ_RV,2020,239,0.08025845412395921,0.04160221220461813,0.1606783692798334,0.28909523827280975,0.0,0.07692307692307693,1.0433599036114696,0.12360972874115413,-0.012575214190730561,0.041253160314308326,"[0.124, 0.037, -0.032, -0.057, -0.013, -0.052, 0.01, 0.108, 0.041, 0.041]"
ES,RTH,B0,26,RQ_RV,2021,239,0.082084890419413,0.042157091978874905,0.1872309671118468,0.23443553923292862,0.0,0.07692307692307693,1.067103575452369,0.04642413437205888,0.047775376556535055,-0.07717114345990615,"[0.046, -0.06, -0.039, 0.069, 0.048, -0.108, 0.006, 0.122, 0.128, -0.077]"
ES,RTH,B0,26,RQ_RV,2022,238,0.08077484114904776,0.037646585315488854,0.15896729445024757,0.24161963652050122,0.0,0.07692307692307693,1.0500729349376208,0.04851789901572339,-0.08692055321302132,-0.05687905158322723,"[0.049, -0.004, 0.07, -0.035, -0.087, 0.091, 0.051, 0.052, 0.029, -0.057]"
ES,RTH,B0,26,RQ_RV,2023,236,0.08205968448316919,0.032802328061985395,0.15593698117869767,0.21322910865431208,0.0,0.07692307692307693,1.0667758982811995,0.07706909603243195,0.12461737734491801,0.035959811646648014,"[0.077, 0.008, 0.056, 0.106, 0.125, -0.01, 0.056, -0.01, -0.0, 0.036]"
ES,RTH,B0,26,RQ_RV,0,1901,0.08184895400227289,0.03829673526750234,0.16583500877257618,0.23932983314679648,0.0,0.07692307692307693,1.0640364020295476,0.05731143164890324,0.01829019780536495,0.017396389557079978,"[0.057, 0.045, 0.04, 0.029, 0.018, -0.008, 0.017, 0.065, 0.03, 0.017]"
ES,RTH,B0,26,TQ_BV,2016,239,0.06690672267270908,0.031604497278943385,0.1203632692886075,0.1401645427398593,0.0,0.07692307692307693,0.869787394745218,0.021461432948619002,-0.013823265836799931,-0.05732082033951422,"[0.021, 0.064, 0.051, 0.032, -0.014, -0.005, -0.11, -0.095, -0.126, -0.057]"
ES,RTH,B0,26,TQ_BV,2017,237,0.07075114323694481,0.03127581219970942,0.13701302198325785,0.1834894707134375,0.0,0.07692307692307693,0.9197648620802825,-0.05569456041827535,0.06848094984546126,-0.09622212808293469,"[-0.056, -0.052, 0.053, -0.067, 0.068, -0.066, 0.044, -0.074, 0.014, -0.096]"
ES,RTH,B0,26,TQ_BV,2018,236,0.07047429168868613,0.02528478067358811,0.11700148359300377,0.14518146242428454,0.0,0.07692307692307693,0.9161657919529197,0.06940052980088636,-0.003255439888629151,-0.04940517714486984,"[0.069, -0.057, -0.018, 0.02, -0.003, 0.028, -0.079, 0.043, -0.038, -0.049]"
ES,RTH,B0,26,TQ_BV,2019,237,0.07274733474119223,0.03144856186877635,0.13314065917434492,0.18399533792891892,0.0,0.07692307692307693,0.9457153516354989,-0.06969303115496998,0.013248790094197258,0.03681915991878244,"[-0.07, -0.147, -0.035, -0.092, 0.013, 0.014, 0.046, 0.077, -0.078, 0.037]"
ES,RTH,B0,26,TQ_BV,2020,239,0.07193441080204996,0.029206134471374892,0.12044447076703756,0.16151503972562983,0.0,0.07692307692307693,0.9351473404266494,0.018058067232448776,0.09384438581059505,0.017744388865315,"[0.018, -0.078, 0.117, 0.061, 0.094, -0.004, -0.019, -0.088, -0.002, 0.018]"
ES,RTH,B0,26,TQ_BV,2021,239,0.07453113535628886,0.030768581975266864,0.15149635846292056,0.19703771558422423,0.0,0.07692307692307693,0.9689047596317552,-0.011484220886780852,0.02047859156818374,-0.034406996644031775,"[-0.011, -0.02, -0.035, 0.044, 0.02, 0.001, -0.031, 0.056, 0.088, -0.034]"
ES,RTH,B0,26,TQ_BV,2022,238,0.07111473471061253,0.030113529930276134,0.1334345273815221,0.1728190688534357,0.0,0.07692307692307693,0.9244915512379628,0.03357883625847871,-0.0017084891438431523,-0.03376390658087491,"[0.034, 0.012, -0.077, -0.133, -0.002, 0.026, 0.055, 0.0, -0.049, -0.034]"
ES,RTH,B0,26,TQ_BV,2023,236,0.07295756011548651,0.03274866760367122,0.13348669223052378,0.18123112905294683,0.0,0.07692307692307693,0.9484482815013247,-0.002271639123535864,-0.03343965139642218,-0.07883073541043065,"[-0.002, 0.095, 0.052, 0.085, -0.033, -0.01, -0.119, -0.057, -0.081, -0.079]"
ES,RTH,B0,26,TQ_BV,0,1901,0.07117975007825432,0.030295246123250963,0.13068144006484894,0.1833922173506431,0.0,0.07692307692307693,0.9253367510173061,0.002587668460465581,0.018826817132888547,-0.02458660744012847,"[0.003, -0.022, 0.017, -0.002, 0.019, 0.002, -0.011, -0.003, -0.021, -0.025]"
ES,RTH,B0,26,TRQ3_TRV3,2016,239,0.07530626904402123,0.025148931283962783,0.11364018023330359,0.14547614962343458,0.0,0.07692307692307693,0.9789814975722759,0.07445197542973443,-0.07130162173208046,-0.05959680751671456,"[0.074, 0.064, -0.083, 0.081, -0.071, -0.124, 0.039, 0.075, -0.127, -0.06]"
ES,RTH,B0,26,TRQ3_TRV3,2017,237,0.07516206363743833,0.024090633053372806,0.11638782326184147,0.14439517898065385,0.0,0.07692307692307693,0.9771068272866982,-0.052395130622828086,-0.07243884493903006,0.16288467420216787,"[-0.052, -0.085, 0.053, -0.014, -0.072, 0.098, 0.005, -0.132, 0.055, 0.163]"
ES,RTH,B0,26,TRQ3_TRV3,2018,236,0.07096329438389523,0.023885826232930556,0.10598680507315894,0.11999353239562761,0.0,0.07692307692307693,0.9225228269906379,0.04982424321200385,0.07630624341702387,-0.011069013873792603,"[0.05, 0.087, 0.008, 0.0, 0.076, -0.036, 0.046, -0.048, -0.01, -0.011]"
ES,RTH,B0,26,TRQ3_TRV3,2019,237,0.07693393557382062,0.02683611801722012,0.12040608725667123,0.1759967010528953,0.0,0.07692307692307693,1.000141162459668,-0.01814960154723973,0.012275160083731229,-0.06622696944811668,"[-0.018, -0.067, 0.068, 0.006, 0.012, -0.026, 0.018, 0.156, 0.078, -0.066]"
ES,RTH,B0,26,TRQ3_TRV3,2020,239,0.07377533240198685,0.02219698213481021,0.11318816957104838,0.13113549946274708,0.0,0.07692307692307693,0.959079321225829,0.016595374765904322,0.024515473613739305,0.013803765114583587,"[0.017, -0.049, -0.025, -0.014, 0.025, 0.005, 0.054, 0.001, -0.043, 0.014]"
ES,RTH,B0,26,TRQ3_TRV3,2021,239,0.07476615757978809,0.02579715982976144,0.11788105408968123,0.15100622792037693,0.0,0.07692307692307693,0.9719600485372452,-0.06081895600211565,0.014128260732729667,0.0377658108312938,"[-0.061, 0.012, -0.04, 0.03, 0.014, -0.077, 0.033, -0.054, 0.035, 0.038]"
ES,RTH,B0,26,TRQ3_TRV3,2022,238,0.07447219918902559,0.022250597489994833,0.10703621792840674,0.13831431878509357,0.0,0.07692307692307693,0.9681385894573327,0.05655668315631692,-0.025278847114220078,-0.09967792293354993,"[0.057, -0.002, -0.018, -0.044, -0.025, 0.011, 0.086, 0.086, -0.071, -0.1]"
ES,RTH,B0,26,TRQ3_TRV3,2023,236,0.07705991199407627,0.02137802731409058,0.11417366790182208,0.1269563966788522,0.0,0.07692307692307693,1.0017788559229914,0.0703797293832424,0.03566862436616043,-0.008073347453916371,"[0.07, -0.025, -0.042, -0.037, 0.036, -0.027, 0.047, 0.06, -0.045, -0.008]"
ES,RTH,B0,26,TRQ3_TRV3,0,1901,0.07459730701889827,0.02459229768934132,0.11453232841091354,0.14084133601898668,0.0,0.07692307692307693,0.9697649912456775,0.021129031664448565,0.006429197125958134,0.002688127691529594,"[0.021, -0.002, 0.001, 0.014, 0.006, -0.018, 0.049, 0.026, -0.008, 0.003]"
ES,RTH,B0,26,TRQ5_TRV5,2016,239,0.0819467475473387,0.03827821028247887,0.14988665089024933,0.19194259327596,0.0,0.07692307692307693,1.0653077181154031,0.11810325059587953,-0.037633835527244024,0.03729967317749279,"[0.118, 0.102, 0.024, 0.044, -0.038, -0.084, -0.002, 0.104, -0.085, 0.037]"
ES,RTH,B0,26,TRQ5_TRV5,2017,237,0.08423555328701496,0.038050897222099755,0.150842681766286,0.20203798489669703,0.0,0.07692307692307693,1.0950621927311943,-0.07889867206831311,-0.11098798685116731,0.15021382185764595,"[-0.079, 0.099, -0.038, 0.003, -0.111, 0.112, -0.005, 0.031, -0.072, 0.15]"
ES,RTH,B0,26,TRQ5_TRV5,2018,236,0.07382888114588813,0.03151433781403869,0.13900572673712933,0.19332704406279574,0.0,0.07692307692307693,0.9597754548965457,0.039055817424483275,0.09305064628028199,0.07481580862905068,"[0.039, 0.136, 0.086, -0.021, 0.093, 0.06, 0.083, 0.025, -0.077, 0.075]"
ES,RTH,B0,26,TRQ5_TRV5,2019,237,0.08514183664637448,0.04080531295507317,0.17310858225663658,0.2288581805043612,0.0,0.07692307692307693,1.106843876402868,-0.009442161125324687,-0.023768153889777148,-0.07451151479869415,"[-0.009, 0.0, -0.045, -0.003, -0.024, -0.079, -0.008, 0.027, 0.061, -0.075]"
ES,RTH,B0,26,TRQ5_TRV5,2020,239,0.07994235487203041,0.04049217325471301,0.15565945289205899,0.18940727364838503,0.0,0.07692307692307693,1.0392506133363952,0.04801515881595271,-0.03301402083361361,0.05234741655413197,"[0.048, 0.03, -0.023, -0.06, -0.033, 0.012, 0.038, 0.125, 0.061, 0.052]"
ES,RTH,B0,26,TRQ5_TRV5,2021,239,0.08198169421244211,0.041688717424812644,0.17095303230394177,0.22268177567196354,0.0,0.07692307692307693,1.0657620247617474,0.03553487950577673,0.050892012022813515,-0.07129072219586897,"[0.036, -0.05, 0.005, 0.067, 0.051, -0.097, -0.028, 0.133, 0.111, -0.071]"
ES,RTH,B0,26,TRQ5_TRV5,2022,238,0.08051452618098717,0.036373568653852925,0.14619716297074767,0.19564647987646083,0.0,0.07692307692307693,1.0466888403528332,0.001258298175191406,-0.05433918367323871,-0.07202038474309813,"[0.001, 0.006, 0.1, 0.026, -0.054, 0.143, -0.004, -0.021, 0.009, -0.072]"
ES,RTH,B0,26,TRQ5_TRV5,2023,236,0.08201130341988098,0.032740660667615135,0.15163273581432268,0.18658928013168202,0.0,0.07692307692307693,1.0661469444584528,0.08755609602160758,0.13352974105642118,0.05118886217431733,"[0.088, -0.03, 0.045, 0.091, 0.134, -0.06, 0.056, -0.018, 0.005, 0.051]"
ES,RTH,B0,26,TRQ5_TRV5,0,1901,0.08133061990350884,0.03711436863459043,0.15645970240033433,0.20883184125800042,0.0,0.07692307692307693,1.0572980587456149,0.0388149704474449,0.018981948593250697,0.024068935255984067,"[0.039, 0.046, 0.03, 0.037, 0.019, 0.004, 0.022, 0.059, 0.026, 0.024]"
ES,RTH,B0,26,TRQ10_TRV10,2016,239,0.08298440172828339,0.038363263011916615,0.15974510543536985,0.2436277994690498,0.0,0.07692307692307693,1.078797222467684,0.08136609781229012,-0.016671414750006934,0.03763764208558436,"[0.081, 0.053, 0.045, 0.036, -0.017, -0.076, -0.041, 0.096, -0.104, 0.038]"
ES,RTH,B0,26,TRQ10_TRV10,2017,237,0.08477037873748822,0.04193376068756435,0.16163845559531187,0.22471638908718045,0.0,0.07692307692307693,1.1020149235873467,-0.07323414264113494,-0.08154366902177929,0.16400335070062566,"[-0.073, 0.031, -0.012, -0.001, -0.082, 0.172, -0.032, 0.03, 0.002, 0.164]"
ES,RTH,B0,26,TRQ10_TRV10,2018,236,0.07382888114588813,0.03210194996572943,0.1438257878021419,0.20116021089046113,0.0,0.07692307692307693,0.9597754548965457,0.025293951724758658,0.11943479493096647,0.06850996132326101,"[0.025, 0.132, 0.108, -0.041, 0.119, 0.064, 0.068, 0.059, -0.079, 0.069]"
ES,RTH,B0,26,TRQ10_TRV10,2019,237,0.08755788597402958,0.041389597368665834,0.1923115982813439,0.24616226350134895,0.0,0.07692307692307693,1.1382525176623846,0.012607293290759825,-0.015242436242322266,-0.10151803899730816,"[0.013, 0.064, 0.013, 0.02, -0.015, -0.15, -0.005, -0.008, 0.04, -0.102]"
ES,RTH,B0,26,TRQ10_TRV10,2020,239,0.08025845412395921,0.04160221220461813,0.1606783692798334,0.28909523827280975,0.0,0.07692307692307693,1.0433599036114696,0.12360972874115413,-0.012575214190730561,0.041253160314308326,"[0.124, 0.037, -0.032, -0.057, -0.013, -0.052, 0.01, 0.108, 0.041, 0.041]"
ES,RTH,B0,26,TRQ10_TRV10,2021,239,0.082084890419413,0.042157091978874905,0.1872309671118468,0.23443553923292862,0.0,0.07692307692307693,1.067103575452369,0.04642413437205888,0.047775376556535055,-0.07717114345990615,"[0.046, -0.06, -0.039, 0.069, 0.048, -0.108, 0.006, 0.122, 0.128, -0.077]"
ES,RTH,B0,26,TRQ10_TRV10,2022,238,0.08077484114904776,0.037646585315488854,0.15896729445024757,0.24161963652050122,0.0,0.07692307692307693,1.0500729349376208,0.04851789901572339,-0.08692055321302132,-0.05687905158322723,"[0.049, -0.004, 0.07, -0.035, -0.087, 0.091, 0.051, 0.052, 0.029, -0.057]"
ES,RTH,B0,26,TRQ10_TRV10,2023,236,0.08205968448316919,0.032802328061985395,0.15593698117869767,0.21322910865431208,0.0,0.07692307692307693,1.0667758982811995,0.07706909603243195,0.12461737734491801,0.035959811646648014,"[0.077, 0.008, 0.056, 0.106, 0.125, -0.01, 0.056, -0.01, -0.0, 0.036]"
ES,RTH,B0,26,TRQ10_TRV10,0,1901,0.08184895400227289,0.03829673526750234,0.16583500877257618,0.23932983314679648,0.0,0.07692307692307693,1.0640364020295476,0.05731143164890324,0.01829019780536495,0.017396389557079978,"[0.057, 0.045, 0.04, 0.029, 0.018, -0.008, 0.017, 0.065, 0.03, 0.017]"
ES,RTH,B0,26,MEDRQ_MEDRV,2016,239,0.07213644608842386,0.031127226213002693,0.13599182420613393,0.20728482471042176,0.0,0.07692307692307693,0.9377737991495101,0.041264749695217436,0.04363231471504401,-0.01867438061117046,"[0.041, -0.047, -0.015, 0.002, 0.044, -0.064, 0.014, 0.053, -0.02, -0.019]"
ES,RTH,B0,26,MEDRQ_MEDRV,2017,237,0.07793856659136897,0.0368099511435248,0.14536686847076613,0.19442012424170216,0.0,0.07692307692307693,1.0132013656877965,-0.03350615480402652,-0.01565131750199775,0.042727938161838674,"[-0.034, -0.089, 0.098, -0.094, -0.016, 0.105, -0.007, -0.096, 0.035, 0.043]"
ES,RTH,B0,26,MEDRQ_MEDRV,2018,236,0.07097998994817445,0.024351888788504514,0.124058203787292,0.16123752503607194,0.0,0.07692307692307693,0.9227398693262678,0.04981369391069113,0.045742733036155496,-0.05293545573949045,"[0.05, 0.181, -0.029, 0.086, 0.046, 0.156, 0.088, 0.053, 0.012, -0.053]"
ES,RTH,B0,26,MEDRQ_MEDRV,2019,237,0.07690117409120475,0.03676992870571834,0.16881330297168884,0.23418699472895677,0.0,0.07692307692307693,0.9997152631856617,0.054155474235677126,-0.05936391792745082,-0.07150919633601024,"[0.054, 0.037, -0.12, -0.085, -0.059, -0.077, -0.019, 0.136, -0.012, -0.072]"
ES,RTH,B0,26,MEDRQ_MEDRV,2020,239,0.07668383058171797,0.034055734352180594,0.1405546029677305,0.2045368689867174,0.0,0.07692307692307693,0.9968897975623336,0.038173158318289345,0.10583254224402198,0.03648017467864845,"[0.038, -0.102, 0.006, 0.082, 0.106, 0.009, -0.005, 0.023, 0.035, 0.036]"
ES,RTH,B0,26,MEDRQ_MEDRV,2021,239,0.07626111805719947,0.034300525633020135,0.15381715245670294,0.2067890786383393,0.0,0.07692307692307693,0.9913945347435931,0.011857448113242667,0.12209277193158082,-0.0318252726984547,"[0.012, 0.007, -0.011, -0.102, 0.122, -0.132, 0.09, 0.041, 0.083, -0.032]"
ES,RTH,B0,26,MEDRQ_MEDRV,2022,238,0.07564853987280112,0.03324543813655978,0.1526882056807235,0.19472625389107825,0.0,0.07692307692307693,0.9834310183464146,0.10167807440703058,0.015515514933450788,-0.0968806757054566,"[0.102, -0.035, -0.035, -0.026, 0.016, -0.009, 0.086, -0.135, -0.019, -0.097]"
ES,RTH,B0,26,MEDRQ_MEDRV,2023,236,0.07483969809728003,0.031090130583258838,0.13836427186961445,0.19127803856235268,0.0,0.07692307692307693,0.9729160752646403,-0.05992132371380584,0.017210059404557127,0.03925749524570865,"[-0.06, 0.059, -0.034, -0.101, 0.017, -0.07, -0.075, -0.008, -0.115, 0.039]"
ES,RTH,B0,26,MEDRQ_MEDRV,0,1901,0.0749248803822111,0.03250307126358504,0.1485035383255028,0.21034896526277813,0.0,0.07692307692307693,0.9740234449687442,0.036982673964428434,0.04736842257143488,-0.009586612923194614,"[0.037, 0.005, -0.01, -0.02, 0.047, -0.013, 0.034, 0.019, 0.01, -0.01]"
ES,RTH,B0,78,RQ_RV,2016,239,0.03210123968038999,0.012762406666859825,0.06117123489996409,0.09260159992110523,0.0,0.02564102564102564,1.2519483475352098,0.02030279263157744,0.007336561292498135,0.04250107470267417,"[0.02, 0.099, 0.042, 0.112, 0.007, 0.104, 0.063, 0.217, 0.058, 0.043]"
ES,RTH,B0,78,RQ_RV,2017,237,0.03626810215898887,0.016811895151124325,0.0689710951682907,0.08855041666704129,0.0,0.02564102564102564,1.414455984200566,0.10791033667575164,0.009407621578624707,0.09388808527904868,"[0.108, 0.053, 0.032, -0.055, 0.009, -0.015, 0.069, 0.098, 0.124, 0.094]"
ES,RTH,B0,78,RQ_RV,2018,236,0.03172395313903666,0.01059125587441075,0.05976722613108507,0.09476694318599856,0.0,0.02564102564102564,1.2372341724224298,0.03659302630673142,0.005976419311263994,0.079227992463211,"[0.037, 0.019, -0.063, -0.031, 0.006, 0.067, 0.054, 0.018, 0.078, 0.079]"
ES,RTH,B0,78,RQ_RV,2019,237,0.037227269506483536,0.02097288398824689,0.09384591018254587,0.14223225870242884,0.0,0.02564102564102564,1.451863510752858,-0.012759501450512306,0.0611356006547571,-0.012563154967258386,"[-0.013, 0.138, 0.034, -0.111, 0.061, -0.132, 0.071, 0.049, 0.05, -0.013]"
ES,RTH,B0,78,RQ_RV,2020,239,0.03242892867976762,0.016811135074764297,0.07862864989554198,0.12258497090546107,0.0,0.02564102564102564,1.2647282185109372,0.09931365814801957,-0.08807605214903136,0.016164018469003533,"[0.099, -0.027, 0.034, 0.034, -0.088, 0.002, 0.012, 0.136, 0.002, 0.016]"
ES,RTH,B0,78,RQ_RV,2021,239,0.03581735656751431,0.016364799953798984,0.08866708428519916,0.14014966191912628,0.0,0.02564102564102564,1.3968769061330581,0.0038559051656430433,-0.06018021693059424,0.032980837105470846,"[0.004, 0.019, 0.062, 0.043, -0.06, -0.068, 0.02, 0.028, 0.056, 0.033]"
ES,RTH,B0,78,RQ_RV,2022,238,0.03214357663484177,0.014563715514011255,0.06576058927528823,0.11664593497603609,0.0,0.02564102564102564,1.253599488758829,0.02441620705674243,-0.05443548018247044,0.005278717445670357,"[0.024, -0.005, 0.015, -0.036, -0.054, 0.018, -0.034, 0.104, 0.048, 0.005]"
ES,RTH,B0,78,RQ_RV,2023,236,0.03361632117058112,0.015230260600872837,0.06991385970611275,0.09802800933545744,0.0,0.02564102564102564,1.311036525652664,0.06659816226743193,0.03294925612041613,0.046059488017319745,"[0.067, 0.071, 0.065, 0.078, 0.033, -0.009, 0.077, 0.029, 0.161, 0.046]"
ES,RTH,B0,78,RQ_RV,0,1901,0.033551213881907,0.015645504315490923,0.07253656958561437,0.11597288553609648,0.0,0.02564102564102564,1.3084973413943732,0.07340514850161466,0.015940907283253848,0.05415467534307106,"[0.073, 0.075, 0.068, 0.037, 0.016, 0.021, 0.065, 0.101, 0.09, 0.054]"
ES,RTH,B0,78,TQ_BV,2016,239,0.027884410057409974,0.010318955693109061,0.04567622272900053,0.060111600729795295,0.0,0.02564102564102564,1.087491992238989,-0.06960006544498147,-0.01959190991865723,0.12071719818419274,"[-0.07, 0.023, -0.031, 0.014, -0.02, 0.082, -0.114, 0.096, -0.067, 0.121]"
ES,RTH,B0,78,TQ_BV,2017,237,0.030161776369275917,0.01212514128389362,0.05740904689473256,0.06979567886557171,0.0,0.02564102564102564,1.1763092784017608,-0.036273407612023294,0.05262199573643462,0.019125270119798102,"[-0.036, 0.099, 0.005, 0.072, 0.053, -0.026, 0.223, 0.07, 0.047, 0.019]"
ES,RTH,B0,78,TQ_BV,2018,236,0.027626101429154643,0.008937188047533372,0.048145240876599445,0.06982604415044676,0.0,0.02564102564102564,1.0774179557370311,-0.0029385819869352,0.06574940367271313,0.05235154468181902,"[-0.003, 0.145, 0.155, 0.08, 0.066, -0.019, 0.117, -0.043, 0.083, 0.052]"
ES,RTH,B0,78,TQ_BV,2019,237,0.029275590050727104,0.010849314065175222,0.06292065523813081,0.10458030519788415,0.0,0.02564102564102564,1.1417480119783572,0.042770704898424085,-0.06767453135058156,-0.1866502766213509,"[0.043, 0.001, -0.03, -0.03, -0.068, 0.009, -0.031, 0.096, 0.102, -0.187]"
ES,RTH,B0,78,TQ_BV,2020,239,0.027889733589256154,0.011153760370311419,0.05221988265866661,0.06765944703510228,0.0,0.02564102564102564,1.0876996099809901,-0.04228683079587526,0.0839690257491117,0.09785396633237738,"[-0.042, 0.081, -0.055, 0.165, 0.084, 0.112, -0.007, 0.062, 0.005, 0.098]"
ES,RTH,B0,78,TQ_BV,2021,239,0.030408295672638044,0.01292077022369894,0.055501117479052176,0.08608262793766408,0.0,0.02564102564102564,1.1859235312328837,-0.0042566536874092354,0.005218048016856951,-0.09200088293183659,"[-0.004, -0.105, -0.091, -0.094, 0.005, -0.06, 0.116, 0.04, 0.08, -0.092]"
ES,RTH,B0,78,TQ_BV,2022,238,0.029089786477559575,0.01143248011655569,0.05463179311124917,0.08316281844759202,0.0,0.02564102564102564,1.1345016726248234,-0.15404567729493232,-0.0419562082180126,-0.005561373759432832,"[-0.154, -0.015, 0.024, -0.002, -0.042, 0.018, 0.026, 0.03, -0.025, -0.006]"
ES,RTH,B0,78,TQ_BV,2023,236,0.02838206230607588,0.010954607211182115,0.05574445618849617,0.07398453087795989,0.0,0.02564102564102564,1.1069004299369594,-0.060359236964226896,0.05078311096302151,0.12525953327993178,"[-0.06, -0.04, 0.141, 0.086, 0.051, -0.001, 0.041, -0.108, 0.017, 0.125]"
ES,RTH,B0,78,TQ_BV,0,1901,0.02874411929385026,0.011216410982371444,0.05487122129640971,0.0820157553649399,0.0,0.02564102564102564,1.12102065246016,-0.02099123565323878,0.03558929427390938,0.02220532995548813,"[-0.021, 0.041, 0.026, 0.053, 0.036, 0.022, 0.069, 0.051, 0.05, 0.022]"
ES,RTH,B0,78,TRQ3_TRV3,2016,239,0.027348691820700866,0.005341279245542698,0.03414440637188167,0.04093169287478527,0.0,0.02564102564102564,1.0665989810073337,0.021608740491205716,0.11010525829433944,0.048699210918823996,"[0.022, 0.008, 0.052, -0.012, 0.11, 0.178, 0.029, -0.014, 0.071, 0.049]"
ES,RTH,B0,78,TRQ3_TRV3,2017,237,0.028053371715486424,0.005368475432591731,0.03623068343174857,0.044970174105797615,0.0,0.02564102564102564,1.0940814969039705,0.034117650295511635,0.058685156637770935,0.04381874068016339,"[0.034, -0.006, 0.03, 0.12, 0.059, -0.011, 0.002, -0.022, 0.052, 0.044]"
ES,RTH,B0,78,TRQ3_TRV3,2018,236,0.026651246318162,0.005350350869346099,0.03486758413325329,0.04148025268882376,0.0,0.02564102564102564,1.039398606408318,0.11576828447802973,0.10524405274681194,0.04708425850551348,"[0.116, 0.088, 0.057, -0.024, 0.105, 0.004, 0.132, 0.066, -0.044, 0.047]"
ES,RTH,B0,78,TRQ3_TRV3,2019,237,0.027485165125756692,0.00604900013796008,0.0396052664927358,0.052145792033456664,0.0,0.02564102564102564,1.071921439904511,0.07328740532794628,-0.07271508207737964,-0.10321652078336084,"[0.073, 0.02, -0.014, -0.072, -0.073, 0.038, -0.047, 0.079, 0.039, -0.103]"
ES,RTH,B0,78,TRQ3_TRV3,2020,239,0.027181444281129227,0.006100243445249263,0.03723007772908161,0.04157580920437402,0.0,0.02564102564102564,1.0600763269640399,0.07099884791635962,0.02045117923674448,0.19015628727834819,"[0.071, 0.111, 0.007, 0.043, 0.02, 0.157, 0.116, 0.1, 0.045, 0.19]"
ES,RTH,B0,78,TRQ3_TRV3,2021,239,0.028610781403820673,0.0071558925357876925,0.03781585231623713,0.043469212461033864,0.0,0.02564102564102564,1.1158204747490064,0.0160644190317803,0.09191851461353497,0.012577211719328435,"[0.016, 0.016, -0.068, 0.054, 0.092, 0.046, 0.039, 0.063, -0.036, 0.013]"
ES,RTH,B0,78,TRQ3_TRV3,2022,238,0.026935456059509935,0.005616012880754483,0.03634542180528713,0.053127679797736964,0.0,0.02564102564102564,1.0504827863208874,-0.05532857541695294,0.03204606916259128,0.10210556152058273,"[-0.055, 0.054, 0.082, 0.016, 0.032, 0.133, 0.095, 0.136, 0.033, 0.102]"
ES,RTH,B0,78,TRQ3_TRV3,2023,236,0.027457845073029064,0.0061263565544110755,0.036228503985430344,0.0514522105559833,0.0,0.02564102564102564,1.0708559578481336,-0.03997056326870956,0.05932914062561663,0.04023864114858806,"[-0.04, 0.067, 0.025, 0.026, 0.059, -0.098, 0.032, 0.107, 0.048, 0.04]"
ES,RTH,B0,78,TRQ3_TRV3,0,1901,0.027481573871735526,0.005929587785004142,0.036702082306589306,0.04719911752239531,0.0,0.02564102564102564,1.0717813809976855,0.04511823891049468,0.06131002720066052,0.05816742243907068,"[0.045, 0.064, 0.04, 0.039, 0.061, 0.071, 0.068, 0.079, 0.038, 0.058]"
ES,RTH,B0,78,TRQ5_TRV5,2016,239,0.03184214049199522,0.011459800058141106,0.05279780404561292,0.06114312349080234,0.0,0.02564102564102564,1.2418434791878137,0.11263059758122475,0.0737971918107201,0.03145200043101259,"[0.113, 0.029, 0.005, 0.045, 0.074, 0.138, 0.089, 0.169, 0.01, 0.031]"
ES,RTH,B0,78,TRQ5_TRV5,2017,237,0.035296604527239706,0.01489249463543367,0.05948900158315658,0.06930559609432166,0.0,0.02564102564102564,1.3765675765623486,0.13342734685354382,-0.08021590030160276,0.10003016065107434,"[0.133, 0.134, 0.02, -0.083, -0.08, 0.021, 0.116, 0.098, 0.09, 0.1]"
ES,RTH,B0,78,TRQ5_TRV5,2018,236,0.031561148762664325,0.00992130612421012,0.05448706882642809,0.07743198393243676,0.0,0.02564102564102564,1.2308848017439087,0.09220674222730132,-0.015542378884417687,0.13383702907212017,"[0.092, -0.019, -0.073, -0.039, -0.016, 0.095, 0.142, -0.017, 0.02, 0.134]"
ES,RTH,B0,78,TRQ5_TRV5,2019,237,0.03559966538306278,0.01545346219808972,0.06367099369478109,0.08278394369327906,0.0,0.02564102564102564,1.3883869499394483,0.0723141228047465,-0.06585404189590462,-0.02794355664523937,"[0.072, 0.052, -0.042, -0.112, -0.066, -0.102, 0.081, 0.048, 0.055, -0.028]"
ES,RTH,B0,78,TRQ5_TRV5,2020,239,0.03215754597432648,0.01576260251432346,0.05934069340086378,0.07194629778206553,0.0,0.02564102564102564,1.254144292998733,0.0989703861196615,-0.02473245020853317,0.00585903475670572,"[0.099, 0.101, 0.069, 0.019, -0.025, 0.111, -0.0, 0.122, 0.022, 0.006]"
ES,RTH,B0,78,TRQ5_TRV5,2021,239,0.035076828643942744,0.014337972947066221,0.06195051924211642,0.07509606762384136,0.0,0.02564102564102564,1.367996317113767,-0.05209019951970094,0.003881554552145938,0.1671926679385771,"[-0.052, 0.129, -0.014, -0.009, 0.004, -0.072, 0.028, 0.056, -0.032, 0.167]"
ES,RTH,B0,78,TRQ5_TRV5,2022,238,0.03192473420470851,0.012568181171279308,0.053829807956317706,0.07404132270376669,0.0,0.02564102564102564,1.245064633983632,0.03661852639914914,-0.04418516612966699,0.02097947825155585,"[0.037, 0.038, 0.021, 0.01, -0.044, 0.051, 0.054, 0.171, 0.028, 0.021]"
ES,RTH,B0,78,TRQ5_TRV5,2023,236,0.03284953781241324,0.01345542811298419,0.06097136291167612,0.07316592913419118,0.0,0.02564102564102564,1.2811319746841163,0.033502089118409725,0.08173817095634923,0.08487887351310633,"[0.034, 0.066, 0.099, 0.069, 0.082, 0.032, 0.048, 0.075, 0.071, 0.085]"
ES,RTH,B0,78,TRQ5_TRV5,0,1901,0.03307596986444195,0.013929195870550224,0.05900432264317231,0.07503428550330125,0.0,0.02564102564102564,1.2899628247132362,0.08728746908926789,0.019569108625465525,0.0812325679136053,"[0.087, 0.091, 0.037, 0.017, 0.02, 0.06, 0.1, 0.108, 0.05, 0.081]"
ES,RTH,B0,78,TRQ10_TRV10,2016,239,0.03210123968038999,0.012762406666859825,0.06117123489996409,0.09260159992110523,0.0,0.02564102564102564,1.2519483475352098,0.02030279263157744,0.007336561292498135,0.04250107470267417,"[0.02, 0.099, 0.042, 0.112, 0.007, 0.104, 0.063, 0.217, 0.058, 0.043]"
ES,RTH,B0,78,TRQ10_TRV10,2017,237,0.03626810215898887,0.016811895151124325,0.0689710951682907,0.08855041666704129,0.0,0.02564102564102564,1.414455984200566,0.10791033667575164,0.009407621578624707,0.09388808527904868,"[0.108, 0.053, 0.032, -0.055, 0.009, -0.015, 0.069, 0.098, 0.124, 0.094]"
ES,RTH,B0,78,TRQ10_TRV10,2018,236,0.03172395313903666,0.01059125587441075,0.05976722613108507,0.09476694318599856,0.0,0.02564102564102564,1.2372341724224298,0.03659302630673142,0.005976419311263994,0.079227992463211,"[0.037, 0.019, -0.063, -0.031, 0.006, 0.067, 0.054, 0.018, 0.078, 0.079]"
ES,RTH,B0,78,TRQ10_TRV10,2019,237,0.037227269506483536,0.02097288398824689,0.09384591018254587,0.14223225870242884,0.0,0.02564102564102564,1.451863510752858,-0.012759501450512306,0.0611356006547571,-0.012563154967258386,"[-0.013, 0.138, 0.034, -0.111, 0.061, -0.132, 0.071, 0.049, 0.05, -0.013]"
ES,RTH,B0,78,TRQ10_TRV10,2020,239,0.03242892867976762,0.016811135074764297,0.07862864989554198,0.12258497090546107,0.0,0.02564102564102564,1.2647282185109372,0.09931365814801957,-0.08807605214903136,0.016164018469003533,"[0.099, -0.027, 0.034, 0.034, -0.088, 0.002, 0.012, 0.136, 0.002, 0.016]"
ES,RTH,B0,78,TRQ10_TRV10,2021,239,0.03581735656751431,0.016364799953798984,0.08866708428519916,0.14014966191912628,0.0,0.02564102564102564,1.3968769061330581,0.0038559051656430433,-0.06018021693059424,0.032980837105470846,"[0.004, 0.019, 0.062, 0.043, -0.06, -0.068, 0.02, 0.028, 0.056, 0.033]"
ES,RTH,B0,78,TRQ10_TRV10,2022,238,0.03214357663484177,0.014563715514011255,0.06576058927528823,0.11664593497603609,0.0,0.02564102564102564,1.253599488758829,0.02441620705674243,-0.05443548018247044,0.005278717445670357,"[0.024, -0.005, 0.015, -0.036, -0.054, 0.018, -0.034, 0.104, 0.048, 0.005]"
ES,RTH,B0,78,TRQ10_TRV10,2023,236,0.03361632117058112,0.015230260600872837,0.06991385970611275,0.09802800933545744,0.0,0.02564102564102564,1.311036525652664,0.06659816226743193,0.03294925612041613,0.046059488017319745,"[0.067, 0.071, 0.065, 0.078, 0.033, -0.009, 0.077, 0.029, 0.161, 0.046]"
ES,RTH,B0,78,TRQ10_TRV10,0,1901,0.033551213881907,0.015645504315490923,0.07253656958561437,0.11597288553609648,0.0,0.02564102564102564,1.3084973413943732,0.07340514850161466,0.015940907283253848,0.05415467534307106,"[0.073, 0.075, 0.068, 0.037, 0.016, 0.021, 0.065, 0.101, 0.09, 0.054]"
ES,RTH,B0,78,MEDRQ_MEDRV,2016,239,0.028380961716678265,0.011546823387076278,0.05420177437196149,0.0776199618086588,0.0,0.02564102564102564,1.1068575069504525,0.060195231750677876,-0.011209362719015495,-0.0487248876481808,"[0.06, -0.05, -0.089, -0.011, -0.011, 0.204, 0.049, 0.052, 0.031, -0.049]"
ES,RTH,B0,78,MEDRQ_MEDRV,2017,237,0.0308520322378211,0.011706781476290604,0.06153252138825609,0.07235199169350284,0.0,0.02564102564102564,1.203229257275023,-0.06449459175361569,-0.01354871717469684,0.04520557745972999,"[-0.064, 0.045, -0.001, 0.029, -0.014, -0.059, -0.022, -0.062, 0.012, 0.045]"
ES,RTH,B0,78,MEDRQ_MEDRV,2018,236,0.02816901382703231,0.009830463774404812,0.050501414212081146,0.09672852711161224,0.0,0.02564102564102564,1.0985915392542602,0.016607743967046677,0.0867590271038891,0.06436846121482796,"[0.017, 0.079, 0.053, -0.028, 0.087, -0.05, 0.037, 0.031, 0.004, 0.064]"
ES,RTH,B0,78,MEDRQ_MEDRV,2019,237,0.032193403986909404,0.014011730438604382,0.07276785236257824,0.11800837890595636,0.0,0.02564102564102564,1.2555427554894667,0.03126254867574288,-0.11546085536781918,-0.11860811701211613,"[0.031, 0.079, -0.049, 0.041, -0.115, 0.008, -0.092, 0.114, 0.032, -0.119]"
ES,RTH,B0,78,MEDRQ_MEDRV,2020,239,0.03060636599383609,0.010551908964783828,0.05964349500681117,0.09511227204124452,0.0,0.02564102564102564,1.1936482737596075,0.05690501156691428,0.013055338279614689,0.09848415299150542,"[0.057, 0.067, 0.064, 0.102, 0.013, 0.045, 0.014, 0.088, -0.027, 0.098]"
ES,RTH,B0,78,MEDRQ_MEDRV,2021,239,0.03325666533646128,0.016055910855341957,0.06425642137168969,0.10011080885759538,0.0,0.02564102564102564,1.2970099481219899,0.052340285771747874,0.04105405316510662,-0.0016584610523695687,"[0.052, -0.064, -0.069, 0.058, 0.041, -0.038, 0.138, 0.024, -0.021, -0.002]"
ES,RTH,B0,78,MEDRQ_MEDRV,2022,238,0.029252818598031492,0.009873189716636914,0.05807723850873291,0.08418186831282899,0.0,0.02564102564102564,1.1408599253232283,-0.035859036591250136,-0.011674396760265058,0.12604534531205805,"[-0.036, -0.017, 0.061, -0.059, -0.012, 0.03, 0.048, 0.047, 0.006, 0.126]"
ES,RTH,B0,78,MEDRQ_MEDRV,2023,236,0.030576963625170442,0.01108172909565349,0.05879664130564229,0.0885157680425301,0.0,0.02564102564102564,1.1925015813816473,-0.050576478675191425,0.08964187555437131,0.12305997445764835,"[-0.051, -0.05, 0.06, 0.035, 0.09, -0.127, 0.054, 0.001, 0.073, 0.123]"
ES,RTH,B0,78,MEDRQ_MEDRV,0,1901,0.03026553011171894,0.012024267232316223,0.06075592685142408,0.09398122968576321,0.0,0.02564102564102564,1.1803556743570387,0.03963833334648335,0.030586141576574827,0.05329794376179755,"[0.04, 0.041, 0.032, 0.058, 0.031, 0.028, 0.054, 0.077, 0.035, 0.053]"
ES,RTH,B0,195,RQ_RV,2016,239,0.014349465259046928,0.0054192940579267275,0.02770267906812189,0.038557649121965416,0.0,0.010256410256410256,1.3990728627570754,0.02672509970387861,0.02705602395920578,0.07199554279541912,"[0.027, 0.107, 0.148, 0.076, 0.027, 0.089, 0.029, 0.132, -0.074, 0.072]"
ES,RTH,B0,195,RQ_RV,2017,237,0.016147211462583848,0.005946831122724233,0.03369602111551024,0.0433526391999614,0.0,0.010256410256410256,1.5743531176019252,0.014090239319377213,0.029730287761994666,0.047625909111445555,"[0.014, -0.029, 0.028, -0.088, 0.03, -0.042, 0.007, 0.12, 0.066, 0.048]"
ES,RTH,B0,195,RQ_RV,2018,236,0.01393942527762778,0.005182814485475824,0.029468520975424847,0.046702014923071765,0.0,0.010256410256410256,1.3590939645687086,0.15984787584334997,0.09962569033060938,0.08761550585423208,"[0.16, 0.101, 0.031, -0.007, 0.1, 0.092, 0.054, 0.035, 0.019, 0.088]"
ES,RTH,B0,195,RQ_RV,2019,237,0.01588312964152359,0.008627492745771874,0.06040877110814529,0.11233414093400036,0.004219409282700422,0.010256410256410256,1.54860514004855,0.05804060317935308,0.15037141613927918,0.06830997733875233,"[0.058, 0.065, 0.064, -0.047, 0.15, 0.037, 0.053, 0.151, 0.071, 0.068]"
ES,RTH,B0,195,RQ_RV,2020,239,0.0151076862676858,0.006798654042968224,0.03486573471079241,0.060940483946974836,0.0,0.010256410256410256,1.4729994110993654,0.04605552253021574,-0.02155596330036287,0.014422732923438318,"[0.046, -0.083, -0.014, 0.033, -0.022, 0.034, 0.079, 0.06, -0.098, 0.014]"
ES,RTH,B0,195,RQ_RV,2021,239,0.015640226524116986,0.007853080084247292,0.037066064735066774,0.05552197898940885,0.0,0.010256410256410256,1.5249220861014061,-0.04942471318140898,-0.07926424325315959,0.06924438142588166,"[-0.049, 0.014, 0.134, 0.041, -0.079, -0.074, 0.092, -0.159, 0.007, 0.069]"
ES,RTH,B0,195,RQ_RV,2022,238,0.015009508254470547,0.006329449704255993,0.034278349865240254,0.06020734261011099,0.0,0.010256410256410256,1.4634270548108783,0.009674008730724519,-0.030148852129751248,-0.02039515554088185,"[0.01, 0.042, 0.07, -0.004, -0.03, 0.022, -0.019, 0.05, -0.129, -0.02]"
ES,RTH,B0,195,RQ_RV,2023,236,0.014455704509883396,0.006414882656547232,0.028994615537643823,0.040131589772221386,0.0,0.010256410256410256,1.4094311897136311,0.10110709153784932,0.07631105551301552,0.007412909332842124,"[0.101, 0.09, 0.05, 0.102, 0.076, -0.014, 0.05, -0.017, 0.1, 0.007]"
ES,RTH,B0,195,RQ_RV,0,1901,0.015021156793348252,0.00665027211679616,0.03573812096919308,0.06188862370160074,0.0010520778537611783,0.010256410256410256,1.4645627873514546,0.06897870265417536,0.07010173424739881,0.07114869547868118,"[0.069, 0.064, 0.099, 0.032, 0.07, 0.049, 0.07, 0.075, 0.035, 0.071]"
ES,RTH,B0,195,TQ_BV,2016,239,0.012643718343328265,0.003953612806027074,0.018844212946177344,0.02849218368263257,0.0,0.010256410256410256,1.2327625384745058,0.03981373644629385,-0.09473835126494998,0.06727037094331169,"[0.04, -0.006, 0.082, 0.025, -0.095, 0.069, 0.128, 0.075, -0.035, 0.067]"
ES,RTH,B0,195,TQ_BV,2017,237,0.013257324453354579,0.004550316574711074,0.02328224739167138,0.02801428263378512,0.0,0.010256410256410256,1.2925891342020714,0.05600022588441408,0.1116122204302891,0.0617385314278758,"[0.056, 0.032, 0.048, 0.028, 0.112, 0.041, 0.03, 0.027, 0.074, 0.062]"
ES,RTH,B0,195,TQ_BV,2018,236,0.01200780366122519,0.003773667528840653,0.019192314789368205,0.031153874594880476,0.0,0.010256410256410256,1.170760856969456,0.018790762976629533,0.05246849658750309,0.012583669476828593,"[0.019, 0.123, 0.044, 0.069, 0.052, -0.008, -0.012, -0.032, 0.06, 0.013]"
ES,RTH,B0,195,TQ_BV,2019,237,0.01370324179537641,0.005684125789039233,0.032489154342467005,0.07036306651827925,0.0,0.010256410256410256,1.3360660750492,-0.020801373807941004,0.03616618822937117,0.14144991487596728,"[-0.021, 0.093, 0.071, -0.007, 0.036, 0.009, -0.021, 0.137, 0.06, 0.141]"
ES,RTH,B0,195,TQ_BV,2020,239,0.01321044966815925,0.004781540695412506,0.02325169445604873,0.046300737151062,0.0,0.010256410256410256,1.2880188426455268,0.05598995537207494,-0.026298895515069965,0.0038649369881107237,"[0.056, -0.056, 0.093, 0.15, -0.026, 0.09, 0.001, 0.012, 0.054, 0.004]"
ES,RTH,B0,195,TQ_BV,2021,239,0.014039626636509903,0.005705001421819761,0.02821130626406877,0.03690699922005239,0.0,0.010256410256410256,1.3688635970597156,0.06148131255207983,-0.03653096934447049,0.026178586485526217,"[0.061, -0.011, 0.063, 0.124, -0.037, 0.044, 0.04, -0.067, 0.052, 0.026]"
ES,RTH,B0,195,TQ_BV,2022,238,0.012523546864073505,0.0043694555639967585,0.026666878498907868,0.04339470483967914,0.0,0.010256410256410256,1.2210458192471667,-0.004165058778226839,0.005626163997964092,0.02934589527162624,"[-0.004, -0.036, 0.022, -0.045, 0.006, 0.032, 0.013, 0.019, 0.029, 0.029]"
ES,RTH,B0,195,TQ_BV,2023,236,0.01273940818441882,0.004752573384287865,0.024372363916084445,0.032892891885311595,0.0,0.010256410256410256,1.2420922979808349,0.002526310982900794,0.07562993697155122,0.09641789313550428,"[0.003, 0.003, 0.047, 0.028, 0.076, 0.097, 0.098, -0.032, 0.075, 0.096]"
ES,RTH,B0,195,TQ_BV,0,1901,0.01296742135921418,0.004702455320603781,0.024659769952726902,0.038589563464866077,0.0,0.010256410256410256,1.2643235825233827,0.04927976133071127,0.05601022981779104,0.08562739351553673,"[0.049, 0.052, 0.091, 0.07, 0.056, 0.082, 0.055, 0.06, 0.078, 0.086]"
ES,RTH,B0,195,TRQ3_TRV3,2016,239,0.010947663857859504,0.0018068971348910948,0.013365436586314963,0.014922194479694423,0.0,0.010256410256410256,1.0673972261413016,0.08106742758954025,0.019489365237484832,0.047898944642868146,"[0.081, 0.069, 0.07, 0.176, 0.019, 0.072, -0.022, -0.025, -0.012, 0.048]"
ES,RTH,B0,195,TRQ3_TRV3,2017,237,0.011262494462329811,0.0016015199799513415,0.01364349859841069,0.015290761326154983,0.0,0.010256410256410256,1.0980932100771565,0.032472211428846307,-0.022544863517393633,0.01609615175119395,"[0.032, -0.056, 0.0, 0.046, -0.023, 0.026, 0.024, -0.053, 0.006, 0.016]"
ES,RTH,B0,195,TRQ3_TRV3,2018,236,0.010975868368758766,0.0016737859556451278,0.014457748235984951,0.016052431664061832,0.0,0.010256410256410256,1.0701471659539796,0.1837595841550744,0.042394122290952234,0.023475669806350016,"[0.184, 0.121, 0.025, 0.012, 0.042, 0.029, 0.018, 0.018, 0.084, 0.023]"
ES,RTH,B0,195,TRQ3_TRV3,2019,237,0.011331904982392118,0.0018331583621929628,0.014562107527308141,0.01846844243080483,0.0,0.010256410256410256,1.1048607357832314,0.04416555852289994,-0.012644015938405712,-0.08662281947492446,"[0.044, 0.054, 0.036, -0.038, -0.013, 0.03, 0.018, 0.098, 0.07, -0.087]"
ES,RTH,B0,195,TRQ3_TRV3,2020,239,0.01144363652087241,0.0020125694303718984,0.014784863185421314,0.01573058793580296,0.0,0.010256410256410256,1.1157545607850599,0.16350187484866358,0.12848929640062048,0.16370509931006907,"[0.164, 0.07, 0.147, 0.11, 0.128, 0.224, 0.141, 0.103, 0.106, 0.164]"
ES,RTH,B0,195,TRQ3_TRV3,2021,239,0.011759944438597044,0.001955748130902024,0.014813200496064653,0.015755309675111583,0.0,0.010256410256410256,1.1465945827632118,-0.02080429987705056,0.02116605485115367,0.0749295931543308,"[-0.021, 0.006, 0.045, -0.019, 0.021, -0.01, -0.013, -0.06, -0.009, 0.075]"
ES,RTH,B0,195,TRQ3_TRV3,2022,238,0.011105591127978473,0.0017477108711090386,0.01463792186566248,0.0180022186888447,0.0,0.010256410256410256,1.082795134977901,-0.00998407093393304,-0.04614589457603903,-0.05116564326205519,"[-0.01, -0.033, -0.059, -0.046, -0.046, 0.036, 0.153, -0.009, -0.045, -0.051]"
ES,RTH,B0,195,TRQ3_TRV3,2023,236,0.011226879889126688,0.0016622218853952712,0.014602512005948125,0.01954331928520876,0.0,0.010256410256410256,1.094620789189852,0.0006002168216734805,0.10747450678631508,-0.009584186793513787,"[0.001, -0.023, -0.05, 0.062, 0.107, 0.066, 0.025, 0.032, -0.007, -0.01]"
ES,RTH,B0,195,TRQ3_TRV3,0,1901,0.011238551511703923,0.0018441915656077276,0.014464395111360237,0.01748270429055392,0.0,0.010256410256410256,1.0957587723911326,0.0782566524975893,0.05019186248008711,0.03451583742089697,"[0.078, 0.049, 0.045, 0.048, 0.05, 0.086, 0.067, 0.041, 0.046, 0.035]"
ES,RTH,B0,195,TRQ5_TRV5,2016,239,0.013948197137660046,0.003978547913994367,0.01947220512971174,0.024445943430363434,0.0,0.010256410256410256,1.3599492209218544,0.0788687589447021,0.023731839805438498,0.03171625207289305,"[0.079, 0.085, 0.203, 0.174, 0.024, 0.084, 0.007, 0.028, -0.041, 0.032]"
ES,RTH,B0,195,TRQ5_TRV5,2017,237,0.015122635308663665,0.004080799379992436,0.02091405776784787,0.02622248548508659,0.0,0.010256410256410256,1.4744569425947074,0.018168995147431432,0.1156741077627117,0.015600030233713461,"[0.018, -0.029, -0.011, 0.031, 0.116, -0.063, -0.047, 0.095, 0.065, 0.016]"
ES,RTH,B0,195,TRQ5_TRV5,2018,236,0.013659720452100378,0.004153520770479074,0.020572671450056743,0.025742326377420247,0.0,0.010256410256410256,1.331822744079787,0.16251887953567207,0.03418442960933779,0.07462498760183639,"[0.163, 0.124, 0.06, 0.024, 0.034, 0.051, 0.055, -0.011, 0.062, 0.075]"
ES,RTH,B0,195,TRQ5_TRV5,2019,237,0.014564021031658572,0.004644851155210333,0.022497274153170627,0.031002506013844747,0.0,0.010256410256410256,1.4199920505867107,0.06509339651016433,0.11638529597892405,0.05831033199790115,"[0.065, 0.042, 0.104, 0.019, 0.116, 0.117, 0.135, 0.141, 0.14, 0.058]"
ES,RTH,B0,195,TRQ5_TRV5,2020,239,0.01469677792281797,0.0049881600226651945,0.02261035193424541,0.03167148700924044,0.0,0.010256410256410256,1.4329358474747522,0.12713951522678738,0.052076575967571245,0.10148150189103711,"[0.127, -0.028, 0.016, 0.077, 0.052, 0.062, 0.118, 0.03, -0.024, 0.101]"
ES,RTH,B0,195,TRQ5_TRV5,2021,239,0.014718290119645231,0.005180222649618982,0.022502823037815305,0.029871521061959616,0.0,0.010256410256410256,1.43503328666541,-0.03808444041096969,-0.07936337808880678,0.0482485086259199,"[-0.038, -0.036, 0.092, 0.05, -0.079, 0.034, 0.124, -0.072, 0.001, 0.048]"
ES,RTH,B0,195,TRQ5_TRV5,2022,238,0.01450755834250085,0.004517909790132869,0.022575193206486762,0.032626326675824366,0.0,0.010256410256410256,1.414486938393833,-0.0637775565453376,-0.0023540294596739813,-0.05036829673383853,"[-0.064, 0.017, 0.018, 0.004, -0.002, -0.035, 0.054, 0.022, -0.021, -0.05]"
ES,RTH,B0,195,TRQ5_TRV5,2023,236,0.013896095457195244,0.0045948605538647,0.023610297520024984,0.027912033996007616,0.0,0.010256410256410256,1.3548693070765363,0.08795786967742784,0.08372067351492199,0.028090870988392417,"[0.088, 0.1, -0.006, 0.129, 0.084, 0.041, 0.092, 0.047, 0.113, 0.028]"
ES,RTH,B0,195,TRQ5_TRV5,0,1901,0.014358056707509663,0.004566544780946109,0.021846432382644797,0.029311242079318213,0.0,0.010256410256410256,1.399910528982192,0.07186108632679707,0.06438566897805108,0.06404656718010576,"[0.072, 0.055, 0.078, 0.085, 0.064, 0.064, 0.103, 0.055, 0.059, 0.064]"
ES,RTH,B0,195,TRQ10_TRV10,2016,239,0.014349465259046928,0.0054192940579267275,0.02770267906812189,0.038557649121965416,0.0,0.010256410256410256,1.3990728627570754,0.02672509970387861,0.02705602395920578,0.07199554279541912,"[0.027, 0.107, 0.148, 0.076, 0.027, 0.089, 0.029, 0.132, -0.074, 0.072]"
ES,RTH,B0,195,TRQ10_TRV10,2017,237,0.016147211462583848,0.005946831122724233,0.03369602111551024,0.0433526391999614,0.0,0.010256410256410256,1.5743531176019252,0.014090239319377213,0.029730287761994666,0.047625909111445555,"[0.014, -0.029, 0.028, -0.088, 0.03, -0.042, 0.007, 0.12, 0.066, 0.048]"
ES,RTH,B0,195,TRQ10_TRV10,2018,236,0.01393942527762778,0.005182814485475824,0.029468520975424847,0.046702014923071765,0.0,0.010256410256410256,1.3590939645687086,0.15984787584334997,0.09962569033060938,0.08761550585423208,"[0.16, 0.101, 0.031, -0.007, 0.1, 0.092, 0.054, 0.035, 0.019, 0.088]"
ES,RTH,B0,195,TRQ10_TRV10,2019,237,0.01583014827144485,0.0078859283233446,0.04437917661559102,0.07902033630462782,0.0,0.010256410256410256,1.543439456465873,0.11103313453690583,0.06659656148346656,0.0657344722068075,"[0.111, 0.09, 0.076, -0.094, 0.067, 0.054, 0.079, 0.241, 0.066, 0.066]"
ES,RTH,B0,195,TRQ10_TRV10,2020,239,0.0151076862676858,0.006798654042968224,0.03486573471079241,0.060940483946974836,0.0,0.010256410256410256,1.4729994110993654,0.04605552253021574,-0.02155596330036287,0.014422732923438318,"[0.046, -0.083, -0.014, 0.033, -0.022, 0.034, 0.079, 0.06, -0.098, 0.014]"
ES,RTH,B0,195,TRQ10_TRV10,2021,239,0.015640226524116986,0.007853080084247292,0.036781925060221536,0.04900402656411628,0.0,0.010256410256410256,1.5249220861014061,-0.028758954564471573,-0.08872629179798001,0.04212388516300933,"[-0.029, 0.011, 0.099, 0.04, -0.089, -0.077, 0.08, -0.171, 0.029, 0.042]"
ES,RTH,B0,195,TRQ10_TRV10,2022,238,0.015009508254470547,0.006329449704255993,0.034278349865240254,0.06020734261011099,0.0,0.010256410256410256,1.4634270548108783,0.009674008730724519,-0.030148852129751248,-0.02039515554088185,"[0.01, 0.042, 0.07, -0.004, -0.03, 0.022, -0.019, 0.05, -0.129, -0.02]"
ES,RTH,B0,195,TRQ10_TRV10,2023,236,0.014455704509883396,0.006414882656547232,0.028994615537643823,0.040131589772221386,0.0,0.010256410256410256,1.4094311897136311,0.10110709153784932,0.07631105551301552,0.007412909332842124,"[0.101, 0.09, 0.05, 0.102, 0.076, -0.014, 0.05, -0.017, 0.1, 0.007]"
ES,RTH,B0,195,TRQ10_TRV10,0,1901,0.015021156793348252,0.006625530815000039,0.035405687067219874,0.058897987456418645,0.0,0.010256410256410256,1.4645627873514546,0.07959508670501146,0.04588570826603464,0.06266610195348957,"[0.08, 0.065, 0.093, 0.022, 0.046, 0.049, 0.069, 0.086, 0.031, 0.063]"
ES,RTH,B0,195,MEDRQ_MEDRV,2016,239,0.012501056922650232,0.004008475172333928,0.022858974487649755,0.03152078288887009,0.0,0.010256410256410256,1.2188530499583976,0.04813848928829161,0.02018309240401379,0.032695123145846765,"[0.048, 0.045, 0.134, 0.016, 0.02, 0.058, -0.036, 0.011, -0.021, 0.033]"
ES,RTH,B0,195,MEDRQ_MEDRV,2017,237,0.01337332329352417,0.005825100836603392,0.025146953166411048,0.039142245568954605,0.0,0.010256410256410256,1.3038990211186066,0.045179066823397646,0.1443541370547719,0.03876015875974043,"[0.045, -0.143, -0.013, -0.041, 0.144, 0.036, -0.0, 0.032, 0.063, 0.039]"
ES,RTH,B0,195,MEDRQ_MEDRV,2018,236,0.01221815340661546,0.004084741779392826,0.02403122604986603,0.04128027112825033,0.0,0.010256410256410256,1.1912699571450074,0.13330839771053954,-0.024298199906706123,0.03432408462148754,"[0.133, 0.088, 0.072, 0.051, -0.024, 0.046, -0.026, -0.048, 0.057, 0.034]"
ES,RTH,B0,195,MEDRQ_MEDRV,2019,237,0.014055014259160559,0.0059899430542187364,0.03807019532401407,0.07931722852710126,0.0,0.010256410256410256,1.3703638902681545,0.04453727683612893,0.04096950768107416,0.18458465764990098,"[0.045, 0.101, 0.065, -0.002, 0.041, -0.035, 0.054, 0.193, 0.037, 0.185]"
ES,RTH,B0,195,MEDRQ_MEDRV,2020,239,0.013555117968546934,0.005157291701511836,0.024229597726422324,0.04568347716045977,0.0,0.010256410256410256,1.321624001933326,0.0918173611107509,0.04607705758569334,0.03811758851379336,"[0.092, -0.022, 0.113, 0.086, 0.046, 0.05, 0.086, 0.05, 0.048, 0.038]"
ES,RTH,B0,195,MEDRQ_MEDRV,2021,239,0.01487470227808568,0.006205137207305499,0.02786595586950536,0.04247100321990916,0.0,0.010256410256410256,1.4502834721133537,0.07377213604982857,-0.06914018252559306,0.08461202483767351,"[0.074, -0.068, 0.048, 0.012, -0.069, 0.0, 0.068, -0.072, 0.04, 0.085]"
ES,RTH,B0,195,MEDRQ_MEDRV,2022,238,0.012955228935194203,0.004928627591152365,0.028798482646064813,0.05464419693965014,0.0,0.010256410256410256,1.2631348211814348,0.02483154036153377,-0.042948034629489894,-0.013300465197129983,"[0.025, -0.084, -0.011, -0.057, -0.043, -0.006, 0.03, 0.036, 0.0, -0.013]"
ES,RTH,B0,195,MEDRQ_MEDRV,2023,236,0.01319851050003149,0.005177671052442261,0.027534355219041646,0.04004925090799264,0.0,0.010256410256410256,1.2868547737530702,0.036494900387884,0.039022907759496406,0.013671990985916253,"[0.036, -0.017, 0.096, 0.019, 0.039, 0.037, 0.178, -0.03, 0.096, 0.014]"
ES,RTH,B0,195,MEDRQ_MEDRV,0,1901,0.013249331753553136,0.005235835453072256,0.02632347981684299,0.04945141029634428,0.0,0.010256410256410256,1.2918098459714307,0.09113226816632654,0.05604180656984301,0.09369978133572747,"[0.091, 0.028, 0.09, 0.043, 0.056, 0.049, 0.077, 0.069, 0.077, 0.094]"
ES,RTH,B0,390,RQ_RV,2016,239,0.007678250671097236,0.0027432392322328785,0.014981831540934746,0.019839040536074173,0.0,0.005128205128205128,1.497258880863961,0.11531130149471253,-0.08739340381717912,0.019373786740027488,"[0.115, 0.049, 0.111, 0.039, -0.087, -0.011, -0.022, 0.095, -0.129, 0.019]"
ES,RTH,B0,390,RQ_RV,2017,237,0.007962617667212351,0.003092291893275859,0.015048528199461814,0.026865996663621064,0.0,0.005128205128205128,1.5527104451064084,-0.014168426939279957,0.09694272443287158,0.08015752895005944,"[-0.014, -0.024, -0.04, -0.11, 0.097, 0.031, 0.064, -0.015, 0.029, 0.08]"
ES,RTH,B0,390,RQ_RV,2018,236,0.007441054941174337,0.00247384288776594,0.015807309751656638,0.03398595577674641,0.0,0.005128205128205128,1.4510057135289958,0.06956770472492153,0.016734128294595658,0.07694963407841986,"[0.07, 0.109, -0.018, -0.049, 0.017, 0.065, 0.102, 0.047, 0.124, 0.077]"
ES,RTH,B0,390,RQ_RV,2019,237,0.008712304549109835,0.00491646213616014,0.03440910253876138,0.051087270050740145,0.004219409282700422,0.005128205128205128,1.6988993870764177,0.10960902858677299,0.159318671195124,0.13633372900407592,"[0.11, 0.134, 0.141, 0.062, 0.159, 0.085, 0.111, 0.097, 0.047, 0.136]"
ES,RTH,B0,390,RQ_RV,2020,239,0.008836626000907887,0.003762517500883714,0.024693849484172376,0.036716408815273584,0.0,0.005128205128205128,1.723142070177038,0.013998964621785176,-0.1385587451093242,-0.03998796631929294,"[0.014, -0.056, -0.083, 0.019, -0.139, -0.076, 0.029, 0.011, -0.003, -0.04]"
ES,RTH,B0,390,RQ_RV,2021,239,0.008578918786548446,0.0037054849834345666,0.017976048356972713,0.03421012522542534,0.0041841004184100415,0.005128205128205128,1.672889163376947,-0.00130054070024688,0.012891185797334599,0.07420559074955237,"[-0.001, 0.042, 0.153, -0.017, 0.013, -0.095, 0.047, -0.042, 0.072, 0.074]"
ES,RTH,B0,390,RQ_RV,2022,238,0.007661492451041079,0.00316475355131073,0.02519741190396287,0.04084487904158983,0.0,0.005128205128205128,1.4939910279530104,0.010546054824598932,-0.020070155451237182,0.024222988411067303,"[0.011, -0.006, -0.047, -0.035, -0.02, 0.011, 0.083, 0.052, -0.053, 0.024]"
ES,RTH,B0,390,RQ_RV,2023,236,0.007646640772716673,0.003284615067217709,0.016548019863348768,0.024647815818380908,0.0,0.005128205128205128,1.4910949506797513,-0.019276025602562277,0.08808529009057203,0.0009413228101077235,"[-0.019, 0.012, 0.035, -0.012, 0.088, -0.039, -0.015, 0.016, 0.205, 0.001]"
ES,RTH,B0,390,RQ_RV,0,1901,0.008016804785883822,0.003434330226605757,0.021139138353645823,0.042038809154171665,0.0010520778537611783,0.005128205128205128,1.5632769332473453,0.08173121708729948,0.06901400997989567,0.09225868098158552,"[0.082, 0.079, 0.081, 0.042, 0.069, 0.045, 0.096, 0.081, 0.081, 0.092]"
ES,RTH,B0,390,TQ_BV,2016,239,0.006700453824293571,0.002049120346787923,0.012074502941332744,0.014539763995213522,0.0,0.005128205128205128,1.3065884957372464,0.0907272583551519,-0.03453020649000214,0.11946936989115443,"[0.091, 0.024, 0.079, 0.044, -0.035, 0.112, 0.036, 0.053, -0.075, 0.119]"
ES,RTH,B0,390,TQ_BV,2017,237,0.007449266086551149,0.0021127099582916526,0.01186328232251171,0.019297604149006987,0.0,0.005128205128205128,1.452606886877474,0.04961941990533648,0.029159033410199982,0.024916353969202658,"[0.05, -0.072, 0.044, 0.002, 0.029, 0.054, 0.053, -0.036, -0.02, 0.025]"
ES,RTH,B0,390,TQ_BV,2018,236,0.006437315155173942,0.0019828149477290717,0.01215609725920329,0.01542754507514227,0.0,0.005128205128205128,1.2552764552589186,0.05625435318553465,0.12219285742139958,0.0009875525955015962,"[0.056, 0.062, 0.091, 0.071, 0.122, 0.081, 0.086, 0.095, 0.107, 0.001]"
ES,RTH,B0,390,TQ_BV,2019,237,0.007686439400318247,0.002793003740049176,0.019397151239068097,0.03563338927007614,0.0,0.005128205128205128,1.498855683062058,-0.014904957714730632,0.15916182381243352,0.043981802405663684,"[-0.015, 0.109, 0.097, -0.033, 0.159, 0.075, 0.106, 0.11, 0.053, 0.044]"
ES,RTH,B0,390,TQ_BV,2020,239,0.007119097544791466,0.0025120721256291266,0.012706893770846236,0.01625147440352881,0.0,0.005128205128205128,1.3882240212343357,0.1608113983815967,-0.010642500327743193,0.06736017069758726,"[0.161, 0.055, 0.093, 0.008, -0.011, -0.049, 0.09, 0.051, -0.018, 0.067]"
ES,RTH,B0,390,TQ_BV,2021,239,0.007700162395029662,0.0032854538128403695,0.01405544078785624,0.020886081460035538,0.0,0.005128205128205128,1.5015316670307841,0.08838634536492507,-0.011683793119084723,0.017918769835764625,"[0.088, 0.007, 0.063, 0.081, -0.012, -0.056, 0.123, -0.171, 0.014, 0.018]"
ES,RTH,B0,390,TQ_BV,2022,238,0.006612050107034269,0.0021709170159299462,0.015388673817199133,0.021538601019218954,0.0,0.005128205128205128,1.2893497708716826,0.054002119967220416,-0.014422523097769452,-0.007809555978607119,"[0.054, 0.034, -0.013, -0.098, -0.014, 0.017, 0.019, 0.032, -0.013, -0.008]"
ES,RTH,B0,390,TQ_BV,2023,236,0.006858725236423113,0.0019561628226697847,0.013267696811161581,0.018332455289118265,0.0,0.005128205128205128,1.337451421102507,0.06226274263196359,0.09661104057318794,-0.029469598049896257,"[0.062, -0.017, 0.024, 0.046, 0.097, 0.056, -0.027, -0.043, 0.016, -0.029]"
ES,RTH,B0,390,TQ_BV,0,1901,0.007029862444461811,0.0023905541802776683,0.013587547449946849,0.021667809068937085,0.0,0.005128205128205128,1.3708231766700532,0.11304205778168203,0.10902692428218451,0.0861656045047423,"[0.113, 0.093, 0.117, 0.063, 0.109, 0.092, 0.118, 0.073, 0.072, 0.086]"
ES,RTH,B0,390,TRQ3_TRV3,2016,239,0.005430130426362471,0.0006007529917047968,0.0065113883656117396,0.0072793163753446565,0.0,0.005128205128205128,1.058875433140682,0.01345806224329809,-0.08228305120649249,0.03212455692267046,"[0.013, -0.044, 0.027, 0.142, -0.082, -0.003, -0.008, -0.002, -0.051, 0.032]"
ES,RTH,B0,390,TRQ3_TRV3,2017,237,0.00553835430226721,0.0004938877802861804,0.006444934315602503,0.007304517073161204,0.0,0.005128205128205128,1.079979088942106,0.05540964687597619,0.04342279390058011,0.0022139707597781423,"[0.055, 0.011, 0.08, -0.094, 0.043, 0.01, -0.052, -0.019, -0.008, 0.002]"
ES,RTH,B0,390,TRQ3_TRV3,2018,236,0.005602023427181526,0.0006752477992864134,0.006792322010556778,0.007595322061496544,0.0,0.005128205128205128,1.0923945683003975,0.12597863383134947,0.004638055193938103,0.07978125953075624,"[0.126, 0.069, 0.016, -0.008, 0.005, -0.029, 0.125, -0.006, 0.077, 0.08]"
ES,RTH,B0,390,TRQ3_TRV3,2019,237,0.0057158041447940506,0.0008133964603724937,0.007142841079901582,0.008934332271280432,0.0,0.005128205128205128,1.1145818082348398,0.11436719026263033,-0.012524332034124756,-0.006838094387152759,"[0.114, 0.049, 0.125, -0.019, -0.013, 0.079, 0.129, 0.106, 0.075, -0.007]"
ES,RTH,B0,390,TRQ3_TRV3,2020,239,0.005856103499163118,0.0008815737308418446,0.007049522470734067,0.0076272067159727005,0.0,0.005128205128205128,1.1419401823368078,0.27792662900616555,0.20487464956117205,0.21390990923227965,"[0.278, 0.157, 0.236, 0.179, 0.205, 0.205, 0.174, 0.121, 0.182, 0.214]"
ES,RTH,B0,390,TRQ3_TRV3,2021,239,0.005957718631243471,0.000786327732374882,0.007080958205307198,0.008084685821657967,0.0,0.005128205128205128,1.161755133092477,0.10999664550309438,0.0780563987291507,0.05577555215969857,"[0.11, 0.066, 0.101, 0.078, 0.078, -0.093, 0.022, -0.043, -0.027, 0.056]"
ES,RTH,B0,390,TRQ3_TRV3,2022,238,0.005615532199136803,0.0007747524966725218,0.007039554848537675,0.009221405503823582,0.0,0.005128205128205128,1.0950287788316766,-0.005941286868998694,-0.014650762092217015,-0.0036915323491524088,"[-0.006, -0.032, -0.042, -0.04, -0.015, 0.09, 0.139, 0.071, 0.027, -0.004]"
ES,RTH,B0,390,TRQ3_TRV3,2023,236,0.005520682045838334,0.0006204634759751481,0.006955738793491124,0.009745455920919162,0.0,0.005128205128205128,1.076532998938475,0.04966699039104718,0.10500535694859052,-0.010219834048806003,"[0.05, -0.001, -0.029, 0.08, 0.105, 0.014, 0.016, 0.067, -0.01, -0.01]"
ES,RTH,B0,390,TRQ3_TRV3,0,1901,0.005631182568605888,0.0007469747932486266,0.006975163962853666,0.008361410319844666,0.0,0.005128205128205128,1.0980806008781483,0.1346558161113741,0.09452488256171487,0.08877272656624396,"[0.135, 0.083, 0.105, 0.084, 0.095, 0.088, 0.122, 0.09, 0.078, 0.089]"
ES,RTH,B0,390,TRQ5_TRV5,2016,239,0.006974881490099068,0.0016611571259862899,0.0095444186182052,0.011918306923723166,0.0,0.005128205128205128,1.3601018905693183,0.17668042171173767,0.03797347192086306,0.01973005651446459,"[0.177, 0.001, 0.191, 0.232, 0.038, -0.014, 0.113, 0.091, 0.019, 0.02]"
ES,RTH,B0,390,TRQ5_TRV5,2017,237,0.00719127586049952,0.0015927506907072167,0.009506839836298185,0.011231437822305805,0.0,0.005128205128205128,1.4022987927974064,0.11230382778814743,0.06061516864519749,0.09398762203642713,"[0.112, 0.026, 0.017, 0.051, 0.061, -0.048, 0.081, -0.004, 0.001, 0.094]"
ES,RTH,B0,390,TRQ5_TRV5,2018,236,0.007210398173398493,0.0018724816041697043,0.009771888170262453,0.011198633698049534,0.0,0.005128205128205128,1.4060276438127062,0.18790615695147872,0.05564575237886796,0.10502388518292728,"[0.188, 0.156, 0.099, -0.041, 0.056, 0.022, 0.091, 0.107, 0.047, 0.105]"
ES,RTH,B0,390,TRQ5_TRV5,2019,237,0.007658825945247273,0.0018679847513374936,0.010763525271344538,0.016205755732028544,0.0,0.005128205128205128,1.4934710593232183,0.08497593353722134,0.08561559770690841,0.0782438846419162,"[0.085, 0.116, 0.114, 0.036, 0.086, 0.132, 0.116, 0.122, 0.07, 0.078]"
ES,RTH,B0,390,TRQ5_TRV5,2020,239,0.00772767910211257,0.002039264316923208,0.01037616804569509,0.011454442019245047,0.0,0.005128205128205128,1.5068974249119511,0.2212271653411415,0.25525086732141417,0.1577059219813125,"[0.221, 0.174, 0.131, 0.172, 0.255, 0.156, 0.172, 0.046, 0.11, 0.158]"
ES,RTH,B0,390,TRQ5_TRV5,2021,239,0.007781724480686174,0.0019200448683308786,0.011177525640727999,0.012637186906242685,0.0,0.005128205128205128,1.517436273733804,0.04816323894790649,0.12023561795406053,0.003358893868744542,"[0.048, 0.097, 0.158, 0.006, 0.12, 0.044, 0.1, -0.069, 0.034, 0.003]"
ES,RTH,B0,390,TRQ5_TRV5,2022,238,0.00716464073846528,0.001921285215953917,0.01105954034074338,0.01374115295121807,0.0,0.005128205128205128,1.3971049440007297,-0.0038627891642276308,-0.0461545186489975,0.009292006619096902,"[-0.004, -0.038, -0.068, -0.104, -0.046, -0.002, 0.123, 0.004, 0.017, 0.009]"
ES,RTH,B0,390,TRQ5_TRV5,2023,236,0.0071051035532734615,0.0017291846285334162,0.011081228474245497,0.013123127310527973,0.0,0.005128205128205128,1.385495192888325,0.0946523458552417,0.138863173454147,0.035771001129303315,"[0.095, 0.092, -0.07, 0.076, 0.139, 0.01, -0.006, -0.051, -0.031, 0.036]"
ES,RTH,B0,390,TRQ5_TRV5,0,1901,0.007356231861083297,0.0018736837149655045,0.010559276768773237,0.012987582438928013,0.0,0.005128205128205128,1.434465212911243,0.14318685055332353,0.12039183324425282,0.09246509988353752,"[0.143, 0.116, 0.096, 0.082, 0.12, 0.076, 0.128, 0.065, 0.066, 0.092]"
ES,RTH,B0,390,TRQ10_TRV10,2016,239,0.007678250671097236,0.0027432392322328785,0.014981831540934746,0.019839040536074173,0.0,0.005128205128205128,1.497258880863961,0.11531130149471253,-0.08739340381717912,0.019373786740027488,"[0.115, 0.049, 0.111, 0.039, -0.087, -0.011, -0.022, 0.095, -0.129, 0.019]"
ES,RTH,B0,390,TRQ10_TRV10,2017,237,0.007962617667212351,0.003092291893275859,0.014914851507932186,0.02414056610516857,0.0,0.005128205128205128,1.5527104451064084,0.005960728592119757,0.07175990072212586,0.09379521247353204,"[0.006, -0.014, -0.014, -0.07, 0.072, 0.054, 0.07, -0.0, 0.013, 0.094]"
ES,RTH,B0,390,TRQ10_TRV10,2018,236,0.007441054941174337,0.002473134848545051,0.014305497236809166,0.023267613150569327,0.0,0.005128205128205128,1.4510057135289958,0.11827745228762211,0.08384461696092133,0.05838120802590556,"[0.118, 0.164, 0.038, -0.022, 0.084, -0.025, 0.124, 0.075, 0.119, 0.058]"
ES,RTH,B0,390,TRQ10_TRV10,2019,237,0.008615236681054857,0.0043599148676076475,0.029350593003250887,0.04394748695857894,0.0,0.005128205128205128,1.679971152805697,0.11501867654652204,0.13376120834928,0.09624193196044295,"[0.115, 0.132, 0.031, 0.019, 0.134, 0.064, 0.012, 0.108, 0.04, 0.096]"
ES,RTH,B0,390,TRQ10_TRV10,2020,239,0.008799682220394634,0.003613700661770393,0.021973834223229995,0.029832007298230594,0.0,0.005128205128205128,1.7159380329769538,0.07995707234900522,-0.08736268090883488,0.013561600054510497,"[0.08, -0.019, 0.001, 0.013, -0.087, -0.058, 0.062, 0.003, -0.02, 0.014]"
ES,RTH,B0,390,TRQ10_TRV10,2021,239,0.008578918786548446,0.0037054849834345666,0.016467328206262108,0.02544991765136115,0.0,0.005128205128205128,1.672889163376947,0.051446245851872865,0.061583468958647594,-0.007143577946127739,"[0.051, 0.068, 0.117, 0.004, 0.062, -0.037, 0.065, -0.049, 0.03, -0.007]"
ES,RTH,B0,390,TRQ10_TRV10,2022,238,0.007661492451041079,0.003113723896863342,0.023705582951919674,0.03179612944711062,0.0,0.005128205128205128,1.4939910279530104,0.02284888761929082,-0.004138410866343493,0.05032334232411991,"[0.023, 0.013, -0.046, -0.037, -0.004, -0.019, 0.082, 0.021, -0.024, 0.05]"
ES,RTH,B0,390,TRQ10_TRV10,2023,236,0.007646640772716673,0.003284615067217709,0.016375334511436898,0.024487295043544754,0.0,0.005128205128205128,1.4910949506797513,-0.007042781046259338,0.05531857123188299,-0.013517607657004332,"[-0.007, -0.0, 0.018, 0.007, 0.055, -0.037, -0.011, 0.006, 0.166, -0.014]"
ES,RTH,B0,390,TRQ10_TRV10,0,1901,0.008011697745357656,0.0033846475342369474,0.019008176083347664,0.031378433359403976,0.0,0.005128205128205128,1.5622810603447428,0.10361150333276782,0.07173623983858504,0.08085138544238023,"[0.104, 0.091, 0.065, 0.039, 0.072, 0.037, 0.081, 0.078, 0.063, 0.081]"
ES,RTH,B0,390,MEDRQ_MEDRV,2016,239,0.006607265202352628,0.0018560395619266461,0.011343368940448757,0.023460411832333175,0.0041841004184100415,0.005128205128205128,1.2884167144587624,-0.00923544958944713,-0.07823608283472686,0.023986078015274373,"[-0.009, -0.06, 0.05, 0.064, -0.078, -0.038, 0.017, 0.043, -0.06, 0.024]"
ES,RTH,B0,390,MEDRQ_MEDRV,2017,237,0.006809626989130572,0.0020661326003162638,0.011746741300913787,0.015757259410501954,0.004219409282700422,0.005128205128205128,1.3278772628804616,0.01076044363080133,0.07834599461955188,0.11955776826085708,"[0.011, -0.037, -0.001, -0.043, 0.078, -0.003, 0.053, -0.035, -0.048, 0.12]"
ES,RTH,B0,390,MEDRQ_MEDRV,2018,236,0.006527700418331006,0.0022242118547064673,0.011520005527038319,0.015245819505728097,0.0,0.005128205128205128,1.2729015815745461,0.032461233693377896,0.027259646664625544,0.0418296503940488,"[0.032, 0.013, 0.121, 0.153, 0.027, 0.048, 0.126, 0.015, 0.047, 0.042]"
ES,RTH,B0,390,MEDRQ_MEDRV,2019,237,0.007598045574253931,0.0034382592125153473,0.019583560317313647,0.0467864387728722,0.004219409282700422,0.005128205128205128,1.4816188869795166,0.07546659921853477,0.10982521524261264,0.07725557103163846,"[0.075, 0.059, 0.107, 0.085, 0.11, 0.177, 0.094, 0.1, 0.124, 0.077]"
ES,RTH,B0,390,MEDRQ_MEDRV,2020,239,0.007391598481450555,0.002681096307266439,0.01407898357071008,0.0325592553241327,0.0,0.005128205128205128,1.4413617038828581,0.15659527862385708,-0.04492483531704777,0.035848659931859476,"[0.157, 0.032, 0.08, 0.062, -0.045, -0.016, 0.012, -0.028, -0.082, 0.036]"
ES,RTH,B0,390,MEDRQ_MEDRV,2021,239,0.007710261209728487,0.002589569160691892,0.014753300870453291,0.01877444842431905,0.0,0.005128205128205128,1.5035009358970548,0.03135701352160593,0.06642614146589294,0.054441434720964486,"[0.031, 0.118, 0.144, 0.009, 0.066, 0.013, 0.101, -0.048, 0.025, 0.054]"
ES,RTH,B0,390,MEDRQ_MEDRV,2022,238,0.0068493551739614396,0.0022414547013379395,0.013549799690902826,0.017788215556357227,0.0,0.005128205128205128,1.3356242589224807,0.06227981151576608,-0.07606617353541884,-0.0031356143325440597,"[0.062, 0.02, -0.074, -0.093, -0.076, 0.058, 0.048, 0.015, 0.143, -0.003]"
ES,RTH,B0,390,MEDRQ_MEDRV,2023,236,0.006721261231059018,0.0020814386386311286,0.013531702713022672,0.01930366676142919,0.0,0.005128205128205128,1.3106459400565085,0.005454656656830534,0.09551610228732561,0.016691660755269504,"[0.005, 0.014, -0.017, 0.059, 0.096, 0.016, 0.087, -0.094, 0.06, 0.017]"
ES,RTH,B0,390,MEDRQ_MEDRV,0,1901,0.006988688303874326,0.0024615472234172982,0.013915719246216374,0.021861069191038276,0.0010520778537611783,0.005128205128205128,1.3627942192554936,0.09336336158853127,0.07496454681283916,0.09001979025671314,"[0.093, 0.069, 0.1, 0.086, 0.075, 0.086, 0.108, 0.053, 0.075, 0.09]"
ES,RTH,B1,13,RQ_RV,2016,239,0.14526105506173648,0.06696369210367492,0.25634021915453054,0.33640219279972894,0.0,0.15384615384615385,0.944196857901287,0.004776664269270393,0.023056406698051774,0.12976004675297936,"[0.005, 0.006, 0.045, -0.04, 0.023, 0.081, 0.013, -0.035, 0.022, 0.13]"
ES,RTH,B1,13,RQ_RV,2017,237,0.13846239318389442,0.05402993922642135,0.2882213015587382,0.3994893120727452,0.0,0.15384615384615385,0.9000055556953137,-0.08525207647384186,-0.02832135873007336,0.07014847847822984,"[-0.085, 0.052, 0.13, -0.019, -0.028, 0.085, 0.034, -0.088, 0.115, 0.07]"
ES,RTH,B1,13,RQ_RV,2018,236,0.13966914273075753,0.06826616192999721,0.2457815183437579,0.3781364228536922,0.0,0.15384615384615385,0.9078494277499239,0.03135263770905337,-0.03598216818132329,0.02151503555511049,"[0.031, 0.054, -0.065, -0.01, -0.036, 0.025, 0.02, 0.004, -0.035, 0.022]"
ES,RTH,B1,13,RQ_RV,2019,237,0.1429661718653699,0.06817373528189262,0.28575082965310333,0.4276281940239176,0.0,0.15384615384615385,0.9292801171249042,0.06441084346284252,0.03122861009989098,-0.05020980622579188,"[0.064, 0.115, 0.011, -0.017, 0.031, -0.027, -0.033, -0.078, -0.052, -0.05]"
ES,RTH,B1,13,RQ_RV,2020,239,0.13804266352741745,0.06780669003235183,0.30599306553463457,0.35134138901735745,0.0,0.15384615384615385,0.8972773129282134,0.004772108209242562,0.0032131173857812543,-0.047806691090896004,"[0.005, -0.1, -0.004, 0.006, 0.003, -0.032, 0.011, 0.035, 0.005, -0.048]"
ES,RTH,B1,13,RQ_RV,2021,239,0.14973525686687966,0.08244638993963418,0.3017902052947799,0.36078238300558196,0.0,0.15384615384615385,0.9732791696347177,0.056740002295168,-0.000797740021731601,-0.0005336351218089611,"[0.057, -0.022, -0.078, 0.013, -0.001, -0.028, -0.03, -0.094, 0.031, -0.001]"
ES,RTH,B1,13,RQ_RV,2022,238,0.13494505687349356,0.0649114676357743,0.2875058768315859,0.3471523457201731,0.0,0.15384615384615385,0.8771428696777082,-0.0637081307787929,-0.007584599140924609,0.10752182501755606,"[-0.064, 0.017, 0.029, -0.064, -0.008, -0.056, 0.038, -0.05, 0.003, 0.108]"
ES,RTH,B1,13,RQ_RV,2023,236,0.1358616589221303,0.05679367838699975,0.25017278072446547,0.3857228351634711,0.0,0.15384615384615385,0.883100782993847,0.05572939245802362,-0.008986006491498513,-0.08994083546136565,"[0.056, -0.039, -0.019, 0.061, -0.009, 0.009, 0.028, -0.031, -0.029, -0.09]"
ES,RTH,B1,13,RQ_RV,0,1901,0.13971866256873489,0.06739195750998313,0.28523470301414905,0.3728539451786211,0.0,0.15384615384615385,0.9081713066967767,0.01662024290574351,-0.0036297256706724953,0.017355932081254615,"[0.017, 0.014, 0.017, -0.006, -0.004, 0.009, 0.012, -0.041, 0.006, 0.017]"
ES,RTH,B1,13,TQ_BV,2016,239,0.11836129212532125,0.054524353431340516,0.20099587308549324,0.2781462835502797,0.0,0.15384615384615385,0.769348398814588,0.12080375612933657,-0.018229605114491725,-0.06104927876344652,"[0.121, -0.116, -0.049, 0.031, -0.018, 0.045, 0.087, 0.06, -0.019, -0.061]"
ES,RTH,B1,13,TQ_BV,2017,237,0.12253214393116285,0.0698328277273168,0.2225217764949908,0.2713842776339138,0.0,0.15384615384615385,0.7964589355525585,0.033199228319828404,-0.09632473283817436,0.03205450831055169,"[0.033, 0.056, -0.082, 0.023, -0.096, -0.088, -0.096, 0.056, -0.023, 0.032]"
ES,RTH,B1,13,TQ_BV,2018,236,0.12383805129646666,0.05816186819571359,0.20959441367735532,0.3095455936153262,0.0,0.15384615384615385,0.8049473334270333,0.04199099906293567,0.004787559300118665,-0.09609709014205818,"[0.042, -0.076, 0.021, 0.11, 0.005, -0.075, -0.012, 0.029, -0.012, -0.096]"
ES,RTH,B1,13,TQ_BV,2019,237,0.12717846869937177,0.06404165687616246,0.22583551009643582,0.2840968976913949,0.0,0.15384615384615385,0.8266600465459165,0.11736070663603998,0.005516431485956586,-0.05269448873677109,"[0.117, 0.097, 0.127, -0.04, 0.006, -0.074, -0.078, -0.016, -0.054, -0.053]"
ES,RTH,B1,13,TQ_BV,2020,239,0.11756510267487127,0.05606714308875002,0.2018721530017859,0.2557814999192875,0.0,0.15384615384615385,0.7641731673866632,0.011844774320121591,0.07790194674342019,0.06046907331554971,"[0.012, -0.007, -0.007, 0.033, 0.078, -0.085, 0.13, 0.03, -0.019, 0.06]"
ES,RTH,B1,13,TQ_BV,2021,239,0.12120528010061536,0.057605153927983765,0.2166624698503286,0.2942839786732816,0.0,0.15384615384615385,0.7878343206539998,0.0701810400293229,-0.019716202041230303,-0.05391676927925357,"[0.07, -0.03, -0.081, 0.03, -0.02, -0.045, -0.057, 0.078, -0.043, -0.054]"
ES,RTH,B1,13,TQ_BV,2022,238,0.11871195409912115,0.06075070935978638,0.20450396436856683,0.2702668270856427,0.0,0.15384615384615385,0.7716277016442874,-0.05659265677433073,0.03846752197242148,0.06484543378412318,"[-0.057, 0.048, 0.024, 0.025, 0.038, -0.149, 0.069, 0.011, 0.117, 0.065]"
ES,RTH,B1,13,TQ_BV,2023,236,0.12323216258258964,0.04742527053550527,0.220462481446348,0.27422007362253864,0.0,0.15384615384615385,0.8010090567868325,-0.12382594177721774,0.07384723836663579,0.05711067294113676,"[-0.124, -0.037, -0.071, 0.005, 0.074, 0.025, 0.098, -0.008, -0.033, 0.057]"
ES,RTH,B1,13,TQ_BV,0,1901,0.12203724592363939,0.05897679058607866,0.21417888907695493,0.28032125834495186,0.0,0.15384615384615385,0.793242098503656,0.03603923830156966,0.01019912439044617,-0.0012117560055128138,"[0.036, -0.002, -0.011, 0.033, 0.01, -0.056, 0.015, 0.03, -0.008, -0.001]"
ES,RTH,B1,13,TRQ3_TRV3,2016,239,0.1382453210260651,0.06105929807413857,0.22533982744647038,0.2805796295678066,0.0,0.15384615384615385,0.898594586669423,-0.07312792897475628,-0.0050262198593667646,0.15785198884364612,"[-0.073, 0.018, -0.005, -0.022, -0.005, 0.04, -0.014, -0.042, -0.032, 0.158]"
ES,RTH,B1,13,TRQ3_TRV3,2017,237,0.13171191752979233,0.044431812492961756,0.20878021554513918,0.3041330432000518,0.0,0.15384615384615385,0.8561274639436501,0.049334713610450213,-0.20104391875208322,0.08919598698853594,"[0.049, 0.04, 0.03, -0.137, -0.201, 0.007, 0.017, 0.001, 0.048, 0.089]"
ES,RTH,B1,13,TRQ3_TRV3,2018,236,0.13337583242583506,0.055463283178703804,0.20506559878567104,0.23212438934036966,0.0,0.15384615384615385,0.8669429107679278,0.049863591309918055,-0.14739389060831803,-0.05919574788914121,"[0.05, -0.042, -0.044, -0.004, -0.147, -0.051, 0.027, -0.021, 0.032, -0.059]"
ES,RTH,B1,13,TRQ3_TRV3,2019,237,0.13343808315776232,0.05280963187191824,0.20924852793288823,0.2622832536454505,0.0,0.15384615384615385,0.867347540525455,0.02012736870996944,0.01804676115765436,-0.017757516003953568,"[0.02, -0.046, -0.054, -0.08, 0.018, -0.09, -0.071, -0.048, -0.048, -0.018]"
ES,RTH,B1,13,TRQ3_TRV3,2020,239,0.13437883967782344,0.050677542113227864,0.22402866103712366,0.2609278912493707,0.0,0.15384615384615385,0.8734624579058523,0.11253755290441116,0.08993188331603798,0.0803771639870799,"[0.113, -0.013, 0.033, 0.082, 0.09, 0.004, 0.05, 0.102, 0.105, 0.08]"
ES,RTH,B1,13,TRQ3_TRV3,2021,239,0.13303452745490357,0.06315638969967433,0.21706741066366037,0.2598263231399841,0.0,0.15384615384615385,0.8647244284568731,0.0587162036361297,-0.06958862467856976,0.012908911529041087,"[0.059, 0.01, 0.011, -0.119, -0.07, -0.002, 0.009, -0.104, 0.011, 0.013]"
ES,RTH,B1,13,TRQ3_TRV3,2022,238,0.13168684916447987,0.0537578151292237,0.22438318271147187,0.2774771924644805,0.0,0.15384615384615385,0.8559645195691191,-0.004069804186243534,-0.048929788300440466,0.05799579216835845,"[-0.004, -0.0, 0.018, -0.048, -0.049, 0.045, 0.054, -0.117, -0.054, 0.058]"
ES,RTH,B1,13,TRQ3_TRV3,2023,236,0.13352914480977784,0.047826236975401726,0.21597330154240044,0.2681377480097897,0.0,0.15384615384615385,0.8679394412635559,0.004255346739135336,0.023779441230628032,0.033567118717094585,"[0.004, 0.0, 0.001, 0.055, 0.024, -0.035, 0.052, -0.057, -0.036, 0.034]"
ES,RTH,B1,13,TRQ3_TRV3,0,1901,0.1335706673160826,0.054656801775372646,0.2174162997569908,0.27266174051618897,0.0,0.15384615384615385,0.8682093375545369,0.02722188220033053,-0.03889178732523777,0.04656990934565059,"[0.027, -0.001, 0.005, -0.026, -0.039, -0.007, 0.02, -0.034, 0.005, 0.047]"
ES,RTH,B1,13,TRQ5_TRV5,2016,239,0.14422015454643602,0.06627091132740658,0.2525239756809211,0.2907269659412059,0.0,0.15384615384615385,0.9374310045518341,-0.009427637046839436,0.04314908658510428,0.11968526912374407,"[-0.009, 0.017, -0.01, -0.027, 0.043, 0.036, -0.003, -0.089, 0.037, 0.12]"
ES,RTH,B1,13,TRQ5_TRV5,2017,237,0.13775069491087222,0.05419808410909513,0.2846554130798218,0.3507495846580806,0.0,0.15384615384615385,0.8953795169206694,-0.05394468783099241,-0.027324230132689083,0.06760037214801459,"[-0.054, 0.063, 0.086, -0.039, -0.027, 0.105, -0.012, -0.073, 0.084, 0.068]"
ES,RTH,B1,13,TRQ5_TRV5,2018,236,0.13966914273075753,0.06803145749510603,0.24144765037634205,0.367045057973691,0.0,0.15384615384615385,0.9078494277499239,0.02205306091040582,-0.02774928678717703,0.000558707575158352,"[0.022, 0.033, -0.074, -0.009, -0.028, 0.037, 0.016, 0.027, -0.014, 0.001]"
ES,RTH,B1,13,TRQ5_TRV5,2019,237,0.1428026465020992,0.06801187882749571,0.2616982155935313,0.38006804572309694,0.0,0.15384615384615385,0.9282172022636448,0.05127174220680268,-8.466020139181661e-05,-0.011629736030045685,"[0.051, 0.068, 0.042, -0.046, -0.0, -0.076, -0.011, -0.089, -0.025, -0.012]"
ES,RTH,B1,13,TRQ5_TRV5,2020,239,0.13804266352741745,0.06443855028980013,0.28589244415439863,0.3303524164075228,0.0,0.15384615384615385,0.8972773129282134,0.012625993729957909,0.04155015117084455,-0.04839809667171462,"[0.013, -0.094, -0.01, 0.008, 0.042, -0.013, 0.004, 0.027, 0.057, -0.048]"
ES,RTH,B1,13,TRQ5_TRV5,2021,239,0.14919186942119123,0.0819565866334041,0.29979643326272326,0.36078238300558196,0.0,0.15384615384615385,0.9697471512377429,0.055720166427013135,-0.007263815549513199,0.010935380868385915,"[0.056, -0.024, -0.076, -0.022, -0.007, -0.046, -0.014, -0.075, 0.012, 0.011]"
ES,RTH,B1,13,TRQ5_TRV5,2022,238,0.13494505687349356,0.0649114676357743,0.2875058768315859,0.3471523457201731,0.0,0.15384615384615385,0.8771428696777082,-0.0637081307787929,-0.007584599140924609,0.10752182501755606,"[-0.064, 0.017, 0.029, -0.064, -0.008, -0.056, 0.038, -0.05, 0.003, 0.108]"
ES,RTH,B1,13,TRQ5_TRV5,2023,236,0.1358616589221303,0.05679367838699975,0.24520299979233887,0.36130013933992733,0.0,0.15384615384615385,0.883100782993847,0.07008362533341414,-0.008109636582167892,-0.08548693174589592,"[0.07, -0.047, -0.015, 0.061, -0.008, 0.011, 0.028, -0.04, -0.025, -0.085]"
ES,RTH,B1,13,TRQ5_TRV5,0,1901,0.1395498316228826,0.06629565053756718,0.26906729528438694,0.3629615215275421,0.0,0.15384615384615385,0.9070739055487368,0.01789784615272109,-0.0010489857667030614,0.022652907438127003,"[0.018, 0.007, 0.005, -0.018, -0.001, 0.0, 0.01, -0.044, 0.013, 0.023]"
ES,RTH,B1,13,TRQ10_TRV10,2016,239,0.14526105506173648,0.06696369210367492,0.25634021915453054,0.33640219279972894,0.0,0.15384615384615385,0.944196857901287,0.004776664269270393,0.023056406698051774,0.12976004675297936,"[0.005, 0.006, 0.045, -0.04, 0.023, 0.081, 0.013, -0.035, 0.022, 0.13]"
ES,RTH,B1,13,TRQ10_TRV10,2017,237,0.13846239318389442,0.05402993922642135,0.2882213015587382,0.3994893120727452,0.0,0.15384615384615385,0.9000055556953137,-0.08525207647384186,-0.02832135873007336,0.07014847847822984,"[-0.085, 0.052, 0.13, -0.019, -0.028, 0.085, 0.034, -0.088, 0.115, 0.07]"
ES,RTH,B1,13,TRQ10_TRV10,2018,236,0.13966914273075753,0.06826616192999721,0.2457815183437579,0.3781364228536922,0.0,0.15384615384615385,0.9078494277499239,0.03135263770905337,-0.03598216818132329,0.02151503555511049,"[0.031, 0.054, -0.065, -0.01, -0.036, 0.025, 0.02, 0.004, -0.035, 0.022]"
ES,RTH,B1,13,TRQ10_TRV10,2019,237,0.1429661718653699,0.06817373528189262,0.28575082965310333,0.4276281940239176,0.0,0.15384615384615385,0.9292801171249042,0.06441084346284252,0.03122861009989098,-0.05020980622579188,"[0.064, 0.115, 0.011, -0.017, 0.031, -0.027, -0.033, -0.078, -0.052, -0.05]"
ES,RTH,B1,13,TRQ10_TRV10,2020,239,0.13804266352741745,0.06780669003235183,0.30599306553463457,0.35134138901735745,0.0,0.15384615384615385,0.8972773129282134,0.004772108209242562,0.0032131173857812543,-0.047806691090896004,"[0.005, -0.1, -0.004, 0.006, 0.003, -0.032, 0.011, 0.035, 0.005, -0.048]"
ES,RTH,B1,13,TRQ10_TRV10,2021,239,0.14973525686687966,0.08244638993963418,0.3017902052947799,0.36078238300558196,0.0,0.15384615384615385,0.9732791696347177,0.056740002295168,-0.000797740021731601,-0.0005336351218089611,"[0.057, -0.022, -0.078, 0.013, -0.001, -0.028, -0.03, -0.094, 0.031, -0.001]"
ES,RTH,B1,13,TRQ10_TRV10,2022,238,0.13494505687349356,0.0649114676357743,0.2875058768315859,0.3471523457201731,0.0,0.15384615384615385,0.8771428696777082,-0.0637081307787929,-0.007584599140924609,0.10752182501755606,"[-0.064, 0.017, 0.029, -0.064, -0.008, -0.056, 0.038, -0.05, 0.003, 0.108]"
ES,RTH,B1,13,TRQ10_TRV10,2023,236,0.1358616589221303,0.05679367838699975,0.25017278072446547,0.3857228351634711,0.0,0.15384615384615385,0.883100782993847,0.05572939245802362,-0.008986006491498513,-0.08994083546136565,"[0.056, -0.039, -0.019, 0.061, -0.009, 0.009, 0.028, -0.031, -0.029, -0.09]"
ES,RTH,B1,13,TRQ10_TRV10,0,1901,0.13971866256873489,0.06739195750998313,0.28523470301414905,0.3728539451786211,0.0,0.15384615384615385,0.9081713066967767,0.01662024290574351,-0.0036297256706724953,0.017355932081254615,"[0.017, 0.014, 0.017, -0.006, -0.004, 0.009, 0.012, -0.041, 0.006, 0.017]"
ES,RTH,B1,13,MEDRQ_MEDRV,2016,239,0.12547435358710773,0.05012847652376007,0.2320612671194297,0.29702283047426625,0.0,0.15384615384615385,0.8155832983162002,-0.019528408900789673,-0.04058855126040516,-0.03622767818291748,"[-0.02, 0.06, 0.048, -0.022, -0.041, -0.013, 0.021, -0.005, -0.058, -0.036]"
ES,RTH,B1,13,MEDRQ_MEDRV,2017,237,0.13295543189717673,0.05682735412211909,0.23672284705637614,0.33236551079457294,0.0,0.15384615384615385,0.8642103073316487,0.04599284846966175,-0.13319123053926812,-0.04007291051972167,"[0.046, -0.051, 0.04, -0.117, -0.133, 0.024, -0.009, -0.036, -0.048, -0.04]"
ES,RTH,B1,13,MEDRQ_MEDRV,2018,236,0.12437846706120181,0.04768206184971566,0.24417192459808765,0.2936538144931725,0.0,0.15384615384615385,0.8084600358978118,0.03419320940815945,-0.010995420161834909,-0.1298904153263093,"[0.034, 0.011, 0.065, -0.103, -0.011, -0.043, -0.039, -0.057, -0.075, -0.13]"
ES,RTH,B1,13,MEDRQ_MEDRV,2019,237,0.13174862037341778,0.05085598658606376,0.2681574275246121,0.3375791028113657,0.0,0.15384615384615385,0.8563660324272155,0.08831396847912502,0.06921450491217665,0.012824953435154579,"[0.088, 0.046, 0.055, 0.016, 0.069, -0.051, 0.133, -0.017, -0.044, 0.013]"
ES,RTH,B1,13,MEDRQ_MEDRV,2020,239,0.12788882081746508,0.05418499218310488,0.2475964854539735,0.31391566549072164,0.0,0.15384615384615385,0.831277335313523,0.17295702861414225,0.14611454832010867,0.07754049172413116,"[0.173, -0.05, -0.064, -0.002, 0.146, 0.128, 0.052, -0.013, 0.001, 0.078]"
ES,RTH,B1,13,MEDRQ_MEDRV,2021,239,0.12759624593186913,0.06218795277707215,0.2676478359584165,0.3530719284211795,0.0,0.15384615384615385,0.8293755985571494,-0.06822689393666836,0.032468274379304315,0.019913742691623996,"[-0.068, 0.043, -0.018, -0.222, 0.032, 0.002, -0.062, -0.07, -0.02, 0.02]"
ES,RTH,B1,13,MEDRQ_MEDRV,2022,238,0.12103505929792177,0.05451558415600799,0.2853689166992658,0.32697853213656886,0.0,0.15384615384615385,0.7867278854364914,-0.0005620332800544494,-0.035870835937884434,-0.04739189270368694,"[-0.001, 0.027, -0.026, 0.028, -0.036, -0.011, -0.012, -0.083, -0.041, -0.047]"
ES,RTH,B1,13,MEDRQ_MEDRV,2023,236,0.12992408929602692,0.05572217502047981,0.24048411261723623,0.33702260317826105,0.0,0.15384615384615385,0.8445065804241749,0.1400661332826121,0.024290377132588276,-0.1275655951001931,"[0.14, 0.108, -0.016, 0.039, 0.024, -0.027, 0.058, -0.059, 0.061, -0.128]"
ES,RTH,B1,13,MEDRQ_MEDRV,0,1901,0.12759624593186913,0.05358816807727923,0.24713763297122532,0.3359277366013028,0.0,0.15384615384615385,0.8293755985571494,0.04858782329518613,0.011058793823311324,-0.027177752227323645,"[0.049, 0.027, 0.017, -0.038, 0.011, -0.001, 0.021, -0.045, -0.027, -0.027]"
ES,RTH,B1,26,RQ_RV,2016,239,0.08215326014476958,0.03649799593483323,0.1630111515240692,0.21600844432141622,0.0,0.07692307692307693,1.0679923818820045,0.04150028040247198,0.004855533686832665,0.06400199785412447,"[0.042, 0.076, 0.015, 0.085, 0.005, -0.026, -0.037, 0.101, -0.069, 0.064]"
ES,RTH,B1,26,RQ_RV,2017,237,0.08275489914102474,0.0382439034689378,0.15441680211731784,0.21427994365766617,0.0,0.07692307692307693,1.0758136888333216,-0.061595053707041485,-0.08006088562078109,0.100853417271247,"[-0.062, 0.047, -0.019, 0.016, -0.08, 0.109, -0.019, -0.012, 0.018, 0.101]"
ES,RTH,B1,26,RQ_RV,2018,236,0.07438690732264358,0.03234320670022617,0.1349362060145622,0.2076618446455644,0.0,0.07692307692307693,0.9670297951943665,0.04960630642491242,0.09945697531618052,0.07802705914274735,"[0.05, 0.134, 0.113, 0.001, 0.099, 0.083, 0.069, 0.047, -0.075, 0.078]"
ES,RTH,B1,26,RQ_RV,2019,237,0.08509142000089483,0.03883107076691976,0.1929695509683327,0.24845544308943515,0.0,0.07692307692307693,1.1061884600116327,0.006265097158561552,0.017300116696180846,-0.0972138888504203,"[0.006, 0.016, 0.007, 0.034, 0.017, -0.137, 0.034, 0.016, 0.03, -0.097]"
ES,RTH,B1,26,RQ_RV,2020,239,0.07713270250323803,0.035083394543463736,0.15613746468647763,0.23390553022127544,0.0,0.07692307692307693,1.0027251325420943,0.08034662583021325,-0.027445355567030275,0.01937644104548843,"[0.08, -0.001, -0.003, -0.026, -0.027, -0.025, 0.058, 0.104, 0.081, 0.019]"
ES,RTH,B1,26,RQ_RV,2021,239,0.07868679592127353,0.040119854844444455,0.176656520880763,0.23643324184888298,0.0,0.07692307692307693,1.0229283469765558,0.08532845547075353,0.04249942312735123,-0.0753512252952791,"[0.085, -0.039, -0.017, 0.061, 0.042, -0.067, 0.022, 0.122, 0.122, -0.075]"
ES,RTH,B1,26,RQ_RV,2022,238,0.08131533181499533,0.03482032744836827,0.1498646102673503,0.24603733585536336,0.0,0.07692307692307693,1.0570993135949391,0.07808328412140518,-0.06701817352317661,-0.04271536696711115,"[0.078, -0.012, 0.031, -0.069, -0.067, 0.081, 0.013, 0.051, 0.04, -0.043]"
ES,RTH,B1,26,RQ_RV,2023,236,0.0803238661654532,0.03181288985659854,0.15262936329179122,0.2167753625070776,0.0,0.07692307692307693,1.0442102601508916,0.056404084395383296,0.14408141892655593,0.00836930270469188,"[0.056, -0.041, 0.074, 0.088, 0.144, 0.022, 0.101, 0.052, -0.056, 0.008]"
ES,RTH,B1,26,RQ_RV,0,1901,0.0802326492041789,0.036202557271253,0.16253963689225015,0.23862077211725813,0.0,0.07692307692307693,1.0430244396543256,0.05620008192401161,0.02395102643765912,0.01184976735983954,"[0.056, 0.033, 0.035, 0.035, 0.024, 0.001, 0.035, 0.065, 0.033, 0.012]"
ES,RTH,B1,26,TQ_BV,2016,239,0.0666489154877663,0.02845999603981668,0.12380445660243974,0.14063148877833395,0.0,0.07692307692307693,0.8664359013409619,0.043928323728413515,-0.03200736599296424,-0.06810216778541366,"[0.044, 0.058, 0.053, 0.017, -0.032, 0.005, -0.11, -0.112, -0.14, -0.068]"
ES,RTH,B1,26,TQ_BV,2017,237,0.07129713018567727,0.027556524707422016,0.1370636109846332,0.177505552142546,0.0,0.07692307692307693,0.9268626924138044,-0.051546048422806634,0.08587153437975283,-0.11900536593984341,"[-0.052, 0.005, 0.062, -0.039, 0.086, -0.06, 0.054, -0.068, 0.044, -0.119]"
ES,RTH,B1,26,TQ_BV,2018,236,0.07006184727125532,0.027344028421014348,0.11963940855740576,0.14616743458024928,0.0,0.07692307692307693,0.9108040145263191,0.038281929331991496,-0.01472427983103322,-0.03994949067681563,"[0.038, -0.038, -0.036, 0.022, -0.015, 0.038, -0.064, 0.049, -0.048, -0.04]"
ES,RTH,B1,26,TQ_BV,2019,237,0.07113026794660578,0.030003306813283684,0.1349480779346655,0.1839868144136874,0.0,0.07692307692307693,0.9246934833058751,-0.06538009454050256,0.010354963829263854,0.07609407906371825,"[-0.065, -0.093, -0.024, -0.081, 0.01, -0.01, 0.116, 0.053, -0.075, 0.076]"
ES,RTH,B1,26,TQ_BV,2020,239,0.07319373631498023,0.02976692388527309,0.11959112964782695,0.15371864429031867,0.0,0.07692307692307693,0.951518572094743,-0.007181153447271154,0.10089715265115248,0.007055157801333843,"[-0.007, -0.083, 0.097, 0.057, 0.101, -0.02, -0.016, -0.066, -0.025, 0.007]"
ES,RTH,B1,26,TQ_BV,2021,239,0.07476432282862686,0.029508076742347816,0.13936194331375606,0.19576983850648325,0.0,0.07692307692307693,0.971936196772149,0.013646063781202675,-0.004902751629978234,-0.0150409617418648,"[0.014, 0.006, -0.054, 0.029, -0.005, 0.01, 0.02, 0.047, 0.091, -0.015]"
ES,RTH,B1,26,TQ_BV,2022,238,0.07094861334482833,0.02962106053303057,0.13362599540664338,0.174113183484633,0.0,0.07692307692307693,0.9223319734827682,0.024512433845003165,-0.016249460977624315,-0.024476173778733432,"[0.025, 0.025, -0.088, -0.085, -0.016, 0.019, 0.047, 0.007, -0.07, -0.024]"
ES,RTH,B1,26,TQ_BV,2023,236,0.07379422649202022,0.03143508956857963,0.13510379351636,0.17518641066745347,0.0,0.07692307692307693,0.9593249443962628,-0.00747517031690097,-0.04214546763993913,-0.08900384808925996,"[-0.007, 0.043, 0.051, 0.071, -0.042, -0.026, -0.135, -0.023, -0.05, -0.089]"
ES,RTH,B1,26,TQ_BV,0,1901,0.07160543220237411,0.029824962667902438,0.1299423337442502,0.17775411901657098,0.0,0.07692307692307693,0.9308706186308634,0.0047479096586259695,0.014551520581829116,-0.025790210002216058,"[0.005, -0.001, 0.011, 0.001, 0.015, -0.001, 0.005, -0.004, -0.017, -0.026]"
ES,RTH,B1,26,TRQ3_TRV3,2016,239,0.0753149167237532,0.02663561811044507,0.11445828164573435,0.13249661846540609,0.0,0.07692307692307693,0.9790939174087916,0.04022591370179847,-0.08999275980925954,-0.036681884518544275,"[0.04, 0.083, -0.084, 0.082, -0.09, -0.09, -0.012, 0.066, -0.116, -0.037]"
ES,RTH,B1,26,TRQ3_TRV3,2017,237,0.07697577644290135,0.02303606103574625,0.11321462516714827,0.13256153623435213,0.0,0.07692307692307693,1.0006850937577174,-0.03162805375079272,-0.02706931275033639,0.10518681231191922,"[-0.032, -0.058, 0.04, 0.027, -0.027, 0.053, 0.019, -0.153, 0.065, 0.105]"
ES,RTH,B1,26,TRQ3_TRV3,2018,236,0.0708350416524602,0.021702642802408974,0.10997473792550208,0.12037481087809675,0.0,0.07692307692307693,0.9208555414819826,0.048820358579070654,0.061123932314237364,-0.008168445784908532,"[0.049, 0.061, 0.021, 0.073, 0.061, -0.051, 0.051, -0.04, 0.016, -0.008]"
ES,RTH,B1,26,TRQ3_TRV3,2019,237,0.07684809427509588,0.025352096372582886,0.12339996878986415,0.17626951798175178,0.0,0.07692307692307693,0.9990252255762464,-0.033370450993386154,0.031315297353113856,-0.05116425503679139,"[-0.033, -0.035, 0.056, 0.012, 0.031, -0.01, 0.034, 0.15, 0.055, -0.051]"
ES,RTH,B1,26,TRQ3_TRV3,2020,239,0.07347134901067966,0.02398692903978572,0.11245463518184462,0.12993735490743974,0.0,0.07692307692307693,0.9551275371388355,0.012827428343953014,0.032316785206803374,0.025713367570094063,"[0.013, -0.043, -0.104, -0.065, 0.032, 0.049, 0.057, -0.019, -0.022, 0.026]"
ES,RTH,B1,26,TRQ3_TRV3,2021,239,0.07385073201120705,0.024279339295963043,0.12076683322043213,0.14297751030382408,0.0,0.07692307692307693,0.9600595161456916,-0.0294676470717897,0.06690265152141939,0.001513561159565824,"[-0.029, 0.041, -0.015, 0.051, 0.067, -0.025, 0.0, -0.034, 0.013, 0.002]"
ES,RTH,B1,26,TRQ3_TRV3,2022,238,0.07252901659619637,0.020837516248008392,0.11279052329632298,0.13747884085287757,0.0,0.07692307692307693,0.9428772157505528,0.0016138304047033283,-0.013543811217713385,-0.09703747052657799,"[0.002, -0.01, -0.025, -0.012, -0.014, -0.003, 0.017, 0.012, -0.029, -0.097]"
ES,RTH,B1,26,TRQ3_TRV3,2023,236,0.07744358415274442,0.022662945574056653,0.11636203287037356,0.12854212806551313,0.0,0.07692307692307693,1.0067665939856774,0.033991517118994716,0.06143586365049874,-0.009186917116717644,"[0.034, -0.016, 0.025, -0.007, 0.061, 0.029, 0.056, 0.029, -0.082, -0.009]"
ES,RTH,B1,26,TRQ3_TRV3,0,1901,0.07463199960532492,0.02446351415592865,0.11605882352898712,0.13562578193296831,0.0,0.07692307692307693,0.9702159948692239,0.01141858214108092,0.022245411714815765,-0.0035247075887190936,"[0.011, 0.013, 0.0, 0.035, 0.022, -0.002, 0.035, 0.018, 0.0, -0.004]"
ES,RTH,B1,26,TRQ5_TRV5,2016,239,0.08200418734802796,0.03713369915303025,0.1600384142607907,0.1914571152348606,0.0,0.07692307692307693,1.0660544355243635,0.0719520516253207,0.017218523859414695,0.06798634346319733,"[0.072, 0.133, 0.036, 0.098, 0.017, -0.015, -0.058, 0.085, -0.011, 0.068]"
ES,RTH,B1,26,TRQ5_TRV5,2017,237,0.08275489914102474,0.036774562862920926,0.15122673167364467,0.18911745664144103,0.0,0.07692307692307693,1.0758136888333216,-0.061096747976545296,-0.1246449933259325,0.11258549391215732,"[-0.061, 0.05, -0.025, 0.023, -0.125, 0.05, -0.002, -0.026, 0.028, 0.113]"
ES,RTH,B1,26,TRQ5_TRV5,2018,236,0.07438690732264358,0.03234320670022617,0.1349362060145622,0.2076618446455644,0.0,0.07692307692307693,0.9670297951943665,0.04960630642491242,0.09945697531618052,0.07802705914274735,"[0.05, 0.134, 0.113, 0.001, 0.099, 0.083, 0.069, 0.047, -0.075, 0.078]"
ES,RTH,B1,26,TRQ5_TRV5,2019,237,0.08482035331287645,0.036674625671828165,0.171404310943932,0.22749951881419475,0.0,0.07692307692307693,1.1026645930673937,-0.014731071568350235,0.03506738222656992,-0.09765871483734712,"[-0.015, -0.039, -0.017, 0.034, 0.035, -0.062, 0.011, 0.017, 0.025, -0.098]"
ES,RTH,B1,26,TRQ5_TRV5,2020,239,0.07622060091810362,0.03379654515889237,0.14757194466155457,0.19011414643579214,0.0,0.07692307692307693,0.990867811935347,-0.06889021672417937,-0.031049982691574107,0.009975827787692106,"[-0.069, 0.016, -0.018, 0.027, -0.031, -0.03, 0.092, 0.071, 0.06, 0.01]"
ES,RTH,B1,26,TRQ5_TRV5,2021,239,0.07847255087678624,0.03886539034060334,0.17183594928515625,0.21479008254186127,0.0,0.07692307692307693,1.020143161398221,0.07623902951031945,0.030937404577779843,-0.07568675645011617,"[0.076, -0.044, 0.001, 0.057, 0.031, -0.054, 0.01, 0.118, 0.114, -0.076]"
ES,RTH,B1,26,TRQ5_TRV5,2022,238,0.08088801602428353,0.033560889343322436,0.14628592344412525,0.18384322186522195,0.0,0.07692307692307693,1.0515442083156858,0.0209880232584496,-0.03167579032979935,-0.057258630331324605,"[0.021, -0.012, 0.07, 0.008, -0.032, 0.145, -0.049, -0.032, 0.025, -0.057]"
ES,RTH,B1,26,TRQ5_TRV5,2023,236,0.0802728901289462,0.03171932497128245,0.1493839498700255,0.18536325298393602,0.0,0.07692307692307693,1.0435475716763005,0.0626470926891513,0.1493315079841587,0.016668216766688792,"[0.063, -0.023, 0.058, 0.074, 0.149, -0.04, 0.106, 0.046, -0.052, 0.017]"
ES,RTH,B1,26,TRQ5_TRV5,0,1901,0.07980862654218276,0.035524802986843004,0.15587465967393577,0.20910021099739123,0.0,0.07692307692307693,1.037512145048376,0.02555213648443185,0.027919993277833424,0.015221142810451274,"[0.026, 0.037, 0.036, 0.052, 0.028, 0.012, 0.026, 0.045, 0.033, 0.015]"
ES,RTH,B1,26,TRQ10_TRV10,2016,239,0.08215326014476958,0.03649799593483323,0.1630111515240692,0.21600844432141622,0.0,0.07692307692307693,1.0679923818820045,0.04150028040247198,0.004855533686832665,0.06400199785412447,"[0.042, 0.076, 0.015, 0.085, 0.005, -0.026, -0.037, 0.101, -0.069, 0.064]"
ES,RTH,B1,26,TRQ10_TRV10,2017,237,0.08275489914102474,0.0382439034689378,0.15441680211731784,0.21427994365766617,0.0,0.07692307692307693,1.0758136888333216,-0.061595053707041485,-0.08006088562078109,0.100853417271247,"[-0.062, 0.047, -0.019, 0.016, -0.08, 0.109, -0.019, -0.012, 0.018, 0.101]"
ES,RTH,B1,26,TRQ10_TRV10,2018,236,0.07438690732264358,0.03234320670022617,0.1349362060145622,0.2076618446455644,0.0,0.07692307692307693,0.9670297951943665,0.04960630642491242,0.09945697531618052,0.07802705914274735,"[0.05, 0.134, 0.113, 0.001, 0.099, 0.083, 0.069, 0.047, -0.075, 0.078]"
ES,RTH,B1,26,TRQ10_TRV10,2019,237,0.08509142000089483,0.03883107076691976,0.1929695509683327,0.24845544308943515,0.0,0.07692307692307693,1.1061884600116327,0.006265097158561552,0.017300116696180846,-0.0972138888504203,"[0.006, 0.016, 0.007, 0.034, 0.017, -0.137, 0.034, 0.016, 0.03, -0.097]"
ES,RTH,B1,26,TRQ10_TRV10,2020,239,0.07713270250323803,0.035083394543463736,0.15613746468647763,0.23390553022127544,0.0,0.07692307692307693,1.0027251325420943,0.08034662583021325,-0.027445355567030275,0.01937644104548843,"[0.08, -0.001, -0.003, -0.026, -0.027, -0.025, 0.058, 0.104, 0.081, 0.019]"
ES,RTH,B1,26,TRQ10_TRV10,2021,239,0.07868679592127353,0.040119854844444455,0.176656520880763,0.23643324184888298,0.0,0.07692307692307693,1.0229283469765558,0.08532845547075353,0.04249942312735123,-0.0753512252952791,"[0.085, -0.039, -0.017, 0.061, 0.042, -0.067, 0.022, 0.122, 0.122, -0.075]"
ES,RTH,B1,26,TRQ10_TRV10,2022,238,0.08131533181499533,0.03482032744836827,0.1498646102673503,0.24603733585536336,0.0,0.07692307692307693,1.0570993135949391,0.07808328412140518,-0.06701817352317661,-0.04271536696711115,"[0.078, -0.012, 0.031, -0.069, -0.067, 0.081, 0.013, 0.051, 0.04, -0.043]"
ES,RTH,B1,26,TRQ10_TRV10,2023,236,0.0803238661654532,0.03181288985659854,0.15262936329179122,0.2167753625070776,0.0,0.07692307692307693,1.0442102601508916,0.056404084395383296,0.14408141892655593,0.00836930270469188,"[0.056, -0.041, 0.074, 0.088, 0.144, 0.022, 0.101, 0.052, -0.056, 0.008]"
ES,RTH,B1,26,TRQ10_TRV10,0,1901,0.0802326492041789,0.036202557271253,0.16253963689225015,0.23862077211725813,0.0,0.07692307692307693,1.0430244396543256,0.05620008192401161,0.02395102643765912,0.01184976735983954,"[0.056, 0.033, 0.035, 0.035, 0.024, 0.001, 0.035, 0.065, 0.033, 0.012]"
ES,RTH,B1,26,MEDRQ_MEDRV,2016,239,0.07086230887176878,0.03124072566748297,0.13741283413083982,0.20623278039435505,0.0,0.07692307692307693,0.9212100153329941,-0.017906034930017706,0.022271469912788968,-0.03382072888553758,"[-0.018, -0.016, -0.028, 0.013, 0.022, -0.052, 0.034, 0.043, -0.013, -0.034]"
ES,RTH,B1,26,MEDRQ_MEDRV,2017,237,0.07703441205672487,0.03453275454175549,0.142408074777032,0.20277406778485865,0.0,0.07692307692307693,1.0014473567374234,-0.04981369595723351,-0.0026898998559007187,0.02251752679567243,"[-0.05, -0.076, 0.082, -0.08, -0.003, 0.094, -0.033, -0.054, -0.019, 0.023]"
ES,RTH,B1,26,MEDRQ_MEDRV,2018,236,0.07064237410101255,0.02564622971399466,0.12345965471935734,0.16110351160724487,0.0,0.07692307692307693,0.9183508633131632,0.08035017584031605,0.03293468057847974,-0.047420963497778024,"[0.08, 0.147, -0.005, 0.073, 0.033, 0.131, 0.081, 0.028, 0.013, -0.047]"
ES,RTH,B1,26,MEDRQ_MEDRV,2019,237,0.07590304858037131,0.0346782999576158,0.16346041857537086,0.23429673867263498,0.0,0.07692307692307693,0.9867396315448269,0.02655171372309631,-0.04864098877245076,-0.0571090647178713,"[0.027, 0.04, -0.118, -0.084, -0.049, -0.05, -0.023, 0.154, -0.009, -0.057]"
ES,RTH,B1,26,MEDRQ_MEDRV,2020,239,0.07516859418776843,0.03281445739049782,0.1376934321033624,0.20498775279045503,0.0,0.07692307692307693,0.9771917244409896,0.07484321522665772,0.1323755805264102,0.0648859838641547,"[0.075, -0.091, -0.015, 0.064, 0.132, 0.063, 0.001, 0.015, 0.022, 0.065]"
ES,RTH,B1,26,MEDRQ_MEDRV,2021,239,0.07690462419565339,0.031919489995778455,0.1504856658757281,0.20184304810258352,0.0,0.07692307692307693,0.999760114543494,0.022127047676136224,0.09347617630580593,-0.04086645011073008,"[0.022, -0.017, 0.033, -0.108, 0.093, -0.12, 0.053, 0.042, 0.091, -0.041]"
ES,RTH,B1,26,MEDRQ_MEDRV,2022,238,0.07543147641145148,0.031576159668842335,0.15081738639842912,0.20037215119231327,0.0,0.07692307692307693,0.9806091933488692,0.06884855897671312,0.04485092144297772,-0.06690950785300455,"[0.069, -0.056, -0.065, 0.008, 0.045, -0.031, 0.111, -0.117, -0.009, -0.067]"
ES,RTH,B1,26,MEDRQ_MEDRV,2023,236,0.0746152332164972,0.031116697693159265,0.13812284677948616,0.18347748126300634,0.0,0.07692307692307693,0.9699980318144635,-0.07215435414988793,0.031086993088594687,0.05247463787935591,"[-0.072, 0.032, -0.057, -0.104, 0.031, -0.037, -0.08, -0.004, -0.115, 0.052]"
ES,RTH,B1,26,MEDRQ_MEDRV,0,1901,0.07453159995169913,0.03169541990686427,0.147652402780534,0.20451696931892868,0.0,0.07692307692307693,0.9689107993720886,0.025170301079185393,0.052178468441691606,-0.003030290553440863,"[0.025, 0.001, -0.012, -0.009, 0.052, -0.001, 0.026, 0.024, 0.005, -0.003]"
ES,RTH,B1,78,RQ_RV,2016,239,0.03178990724210065,0.012509715857560673,0.06042301583835471,0.08712880409330091,0.0,0.02564102564102564,1.2398063824419254,0.0391869090248061,0.012983178050973954,0.062346660816438006,"[0.039, 0.057, 0.059, 0.102, 0.013, 0.097, 0.047, 0.214, 0.058, 0.062]"
ES,RTH,B1,78,RQ_RV,2017,237,0.03602236108872738,0.01647840013104695,0.06599555193239558,0.09375922344232948,0.0,0.02564102564102564,1.404872082460368,0.08693805513166751,-0.09838117970161248,0.06987104084929738,"[0.087, 0.09, 0.067, -0.079, -0.098, 0.005, 0.111, 0.106, 0.096, 0.07]"
ES,RTH,B1,78,RQ_RV,2018,236,0.031090626107623802,0.0104014422520333,0.05425507685721363,0.09124005702140339,0.0,0.02564102564102564,1.2125344181973283,0.022267087739456924,0.03205099532532942,0.07910859348733304,"[0.022, 0.074, -0.029, -0.027, 0.032, 0.066, 0.092, 0.043, 0.105, 0.079]"
ES,RTH,B1,78,RQ_RV,2019,237,0.035989067288229384,0.020768059861431147,0.09021221070336277,0.1454698826528483,0.0,0.02564102564102564,1.403573624240946,-0.02388443724453665,0.04817479433802616,-0.025030728612278286,"[-0.024, 0.108, 0.05, -0.082, 0.048, -0.158, 0.044, 0.054, 0.039, -0.025]"
ES,RTH,B1,78,RQ_RV,2020,239,0.03167534851554848,0.01580229395317018,0.0715240191934178,0.13225454435403725,0.0,0.02564102564102564,1.2353385921063906,0.09007214844682689,-0.07183252624697506,-0.027117004784056476,"[0.09, -0.024, 0.066, 0.062, -0.072, -0.019, 0.006, 0.134, 0.016, -0.027]"
ES,RTH,B1,78,RQ_RV,2021,239,0.03529995750227362,0.016349625024432726,0.08499459124887601,0.12509740544857587,0.0,0.02564102564102564,1.3766983425886712,0.02643933443806622,-0.027968973604334507,-0.013014168037981328,"[0.026, 0.045, 0.079, 0.017, -0.028, -0.068, 0.017, 0.07, 0.011, -0.013]"
ES,RTH,B1,78,RQ_RV,2022,238,0.03196109225624684,0.013568397797332751,0.0639031363900441,0.11816226013684915,0.0,0.02564102564102564,1.2464825979936267,0.03774006626567642,-0.020745358221835725,0.0031292454549200987,"[0.038, -0.028, 0.011, -0.033, -0.021, 0.042, -0.031, 0.111, 0.067, 0.003]"
ES,RTH,B1,78,RQ_RV,2023,236,0.03347010926770343,0.014485337733320384,0.06946185600457629,0.10141367311103534,0.0,0.02564102564102564,1.3053342614404337,0.037786785242877034,0.051011135100810526,0.06767827017749532,"[0.038, 0.055, 0.088, 0.05, 0.051, -0.011, 0.092, 0.057, 0.112, 0.068]"
ES,RTH,B1,78,RQ_RV,0,1901,0.03313236298432063,0.01513396138044448,0.07133929757955053,0.11639503352558542,0.0,0.02564102564102564,1.2921621563885046,0.06840370082414896,0.016234770529666095,0.03896755790495422,"[0.068, 0.073, 0.082, 0.029, 0.016, 0.015, 0.066, 0.114, 0.082, 0.039]"
ES,RTH,B1,78,TQ_BV,2016,239,0.027481414032994856,0.010012400417149948,0.04710105168714082,0.0589264972866213,0.0,0.02564102564102564,1.0717751472867993,-0.04893647984311621,0.008431220575900653,0.1161290686833217,"[-0.049, 0.003, -0.011, 0.007, 0.008, 0.075, -0.111, 0.043, -0.069, 0.116]"
ES,RTH,B1,78,TQ_BV,2017,237,0.02999294375469672,0.01213556243733558,0.05521652462692195,0.06975899825608628,0.0,0.02564102564102564,1.169724806433172,0.0012302330127988623,0.0325651110753719,0.037197485858535516,"[0.001, 0.073, 0.033, 0.046, 0.033, -0.019, 0.222, 0.07, 0.082, 0.037]"
ES,RTH,B1,78,TQ_BV,2018,236,0.02748995914534564,0.00875354613126519,0.04829768527183912,0.06759119327717833,0.0,0.02564102564102564,1.07210840666848,-0.031205130412787378,0.06787635809156269,0.019104104123495586,"[-0.031, 0.137, 0.118, 0.098, 0.068, 0.015, 0.1, -0.041, 0.068, 0.019]"
ES,RTH,B1,78,TQ_BV,2019,237,0.02923344218788916,0.01059693437403049,0.06519838570809809,0.10542137908273981,0.0,0.02564102564102564,1.1401042453276773,0.031501047789722354,-0.06855932912500318,-0.21454335414378098,"[0.032, -0.011, -0.019, -0.017, -0.069, -0.012, -0.032, 0.106, 0.105, -0.215]"
ES,RTH,B1,78,TQ_BV,2020,239,0.02829889483715253,0.010315271806795097,0.05179623000156183,0.06675167853114841,0.0,0.02564102564102564,1.1036568986489488,-0.027028225877597938,0.10892221551954963,0.1085680535787084,"[-0.027, 0.052, -0.003, 0.15, 0.109, 0.113, 0.01, 0.039, 0.03, 0.109]"
ES,RTH,B1,78,TQ_BV,2021,239,0.03062230359546928,0.012889588320280046,0.05545895479003143,0.08659951307785364,0.0,0.02564102564102564,1.194269840223302,-0.030956341689153618,-0.04042751683418861,-0.08696858169942616,"[-0.031, -0.099, -0.036, -0.064, -0.04, -0.083, 0.054, 0.062, 0.068, -0.087]"
ES,RTH,B1,78,TQ_BV,2022,238,0.028625488126056912,0.01149423019699957,0.05464646790535278,0.08402355301998844,0.0,0.02564102564102564,1.1163940369162195,-0.14824481531156442,-0.02846872003104967,-0.0043716008699758654,"[-0.148, -0.014, 0.032, 0.014, -0.028, 0.004, 0.052, 0.037, -0.044, -0.004]"
ES,RTH,B1,78,TQ_BV,2023,236,0.028360215941478476,0.010519556281809575,0.05567273395878354,0.07836186760514001,0.0,0.02564102564102564,1.1060484217176607,-0.03206449489970225,0.05454748840568755,0.1341097775124928,"[-0.032, -0.013, 0.148, 0.07, 0.055, 0.014, 0.023, -0.116, 0.005, 0.134]"
ES,RTH,B1,78,TQ_BV,0,1901,0.028731989670884025,0.011029825692430325,0.05385140405802096,0.08092818330422465,0.0,0.02564102564102564,1.120547597164477,-0.016432980809355104,0.03201769280938165,0.01624978814424451,"[-0.016, 0.03, 0.044, 0.053, 0.032, 0.018, 0.059, 0.046, 0.051, 0.016]"
ES,RTH,B1,78,TRQ3_TRV3,2016,239,0.027653914992029963,0.005243818774739648,0.034937014633657455,0.04117625839330098,0.0,0.02564102564102564,1.0785026846891685,0.07109151949325992,0.1297330950567168,0.027418394447330022,"[0.071, 0.027, 0.07, -0.014, 0.13, 0.203, 0.095, 0.004, 0.055, 0.027]"
ES,RTH,B1,78,TRQ3_TRV3,2017,237,0.027832308702203965,0.005406246806866848,0.03662291934639389,0.044336511429129706,0.0,0.02564102564102564,1.0854600393859546,0.0470100216308856,-0.011172503754298464,0.04206294698914686,"[0.047, -0.004, 0.031, 0.175, -0.011, 0.018, -0.03, -0.001, 0.018, 0.042]"
ES,RTH,B1,78,TRQ3_TRV3,2018,236,0.026689822714711146,0.005813690936548207,0.03395880602047681,0.042148280637238085,0.0,0.02564102564102564,1.0409030858737347,0.0939706976497093,0.09272103168359477,0.04163201177218235,"[0.094, 0.087, 0.041, -0.033, 0.093, 0.015, 0.18, 0.064, -0.08, 0.042]"
ES,RTH,B1,78,TRQ3_TRV3,2019,237,0.0275436992700072,0.006282602717117891,0.03976413519979064,0.053893634016446965,0.0,0.02564102564102564,1.0742042715302809,0.050934639515670316,-0.09332266832875942,-0.10458630654246098,"[0.051, 0.029, -0.05, -0.043, -0.093, 0.051, -0.064, 0.1, 0.032, -0.105]"
ES,RTH,B1,78,TRQ3_TRV3,2020,239,0.027014593573371815,0.006111223857516501,0.03597443270262693,0.04114423493137099,0.0,0.02564102564102564,1.053569149361501,0.05753897595866642,0.0069340209108487505,0.17477531832363905,"[0.058, 0.134, 0.051, 0.084, 0.007, 0.137, 0.058, 0.095, 0.006, 0.175]"
ES,RTH,B1,78,TRQ3_TRV3,2021,239,0.028692745059802332,0.007097595401453452,0.03756062985155043,0.04467293353529186,0.0,0.02564102564102564,1.119017057332291,0.023943899197036742,0.07323053476029916,-0.035009848563758154,"[0.024, -0.015, -0.08, 0.069, 0.073, 0.037, 0.09, 0.027, -0.079, -0.035]"
ES,RTH,B1,78,TRQ3_TRV3,2022,238,0.026499391200538028,0.005903321968105401,0.036931992398208574,0.05395148077129231,0.0,0.02564102564102564,1.0334762568209832,-0.039088239072058086,0.031499773695999954,0.10297655302868694,"[-0.039, 0.055, 0.096, 0.008, 0.031, 0.135, 0.124, 0.087, 0.037, 0.103]"
ES,RTH,B1,78,TRQ3_TRV3,2023,236,0.02768930433451093,0.0059632312917444995,0.036436014327391825,0.05172769547688839,0.0,0.02564102564102564,1.0798828690459263,-0.04924718329690031,0.02918756763847089,0.04463953649361134,"[-0.049, 0.041, 0.013, 0.055, 0.029, -0.053, 0.021, 0.115, 0.034, 0.045]"
ES,RTH,B1,78,TRQ3_TRV3,0,1901,0.027468480931241913,0.005827723492939543,0.0366096128207177,0.04818527373217937,0.0,0.02564102564102564,1.0712707563184347,0.04544042065996508,0.04500334176479697,0.04733055153834243,"[0.045, 0.062, 0.039, 0.055, 0.045, 0.083, 0.075, 0.078, 0.016, 0.047]"
ES,RTH,B1,78,TRQ5_TRV5,2016,239,0.031480633777305214,0.011036097321625447,0.052671185445291854,0.06368989185844792,0.0,0.02564102564102564,1.2277447173149034,0.1417491710724811,0.04380979260915389,-0.018831368901703067,"[0.142, -0.016, 0.024, 0.025, 0.044, 0.134, 0.074, 0.197, -0.007, -0.019]"
ES,RTH,B1,78,TRQ5_TRV5,2017,237,0.035573712121408155,0.01473145153515941,0.05822122625682332,0.06867411022301924,0.0,0.02564102564102564,1.3873747727349182,0.21063439090017042,-0.11037854488564745,0.04113682590067425,"[0.211, 0.136, 0.022, -0.125, -0.11, 0.009, 0.063, 0.11, 0.063, 0.041]"
ES,RTH,B1,78,TRQ5_TRV5,2018,236,0.03088579912223849,0.010010929448250029,0.05217550023521402,0.07857204038758538,0.0,0.02564102564102564,1.2045461657673011,0.05901102438069803,-0.014917661171609708,0.11712126121903502,"[0.059, 0.001, -0.015, -0.025, -0.015, 0.051, 0.163, -0.027, 0.04, 0.117]"
ES,RTH,B1,78,TRQ5_TRV5,2019,237,0.03531029114629051,0.016013242166264253,0.0626317659660865,0.08509376707679021,0.0,0.02564102564102564,1.37710135470533,0.06011897214880972,-0.03730557192079214,-0.024583433791832407,"[0.06, 0.082, -0.039, -0.108, -0.037, -0.148, 0.055, 0.061, 0.027, -0.025]"
ES,RTH,B1,78,TRQ5_TRV5,2020,239,0.03162457125642369,0.015045400825451926,0.05765861607529577,0.07091934391948852,0.0,0.02564102564102564,1.233358279000524,0.05040895957424751,-0.01989049100864313,-0.0198444368032659,"[0.05, 0.078, 0.086, 0.086, -0.02, 0.059, -0.027, 0.112, -0.025, -0.02]"
ES,RTH,B1,78,TRQ5_TRV5,2021,239,0.03438095626803788,0.014128583426592189,0.05810335854724547,0.07690939908398003,0.0,0.02564102564102564,1.3408572944534773,-0.03392457127539513,0.048403943929399285,0.12769851192230464,"[-0.034, 0.135, -0.034, 0.042, 0.048, -0.095, 0.037, 0.11, -0.03, 0.128]"
ES,RTH,B1,78,TRQ5_TRV5,2022,238,0.03179839865383495,0.012801738215701484,0.05422338980453336,0.07473153364825089,0.0,0.02564102564102564,1.240137547499563,0.03262816005276771,-0.01651635628331858,0.007253250640640268,"[0.033, -0.017, -0.014, -0.013, -0.017, 0.089, 0.039, 0.175, 0.039, 0.007]"
ES,RTH,B1,78,TRQ5_TRV5,2023,236,0.032804465913445754,0.012545324750691571,0.06124538911659905,0.0736283111306015,0.0,0.02564102564102564,1.2793741706243844,0.00923728098860789,0.06963448347905024,0.08597905596740148,"[0.009, 0.052, 0.12, 0.053, 0.07, 0.031, 0.062, 0.098, 0.049, 0.086]"
ES,RTH,B1,78,TRQ5_TRV5,0,1901,0.032720965987833674,0.01352244097065183,0.057781386608090055,0.07619754001326969,0.0,0.02564102564102564,1.2761176735255133,0.08592001761070761,0.02270731209715294,0.05930217153526665,"[0.086, 0.085, 0.044, 0.018, 0.023, 0.039, 0.088, 0.123, 0.041, 0.059]"
ES,RTH,B1,78,TRQ10_TRV10,2016,239,0.03178990724210065,0.012509715857560673,0.06042301583835471,0.08712880409330091,0.0,0.02564102564102564,1.2398063824419254,0.0391869090248061,0.012983178050973954,0.062346660816438006,"[0.039, 0.057, 0.059, 0.102, 0.013, 0.097, 0.047, 0.214, 0.058, 0.062]"
ES,RTH,B1,78,TRQ10_TRV10,2017,237,0.03602236108872738,0.01647840013104695,0.06599555193239558,0.09375922344232948,0.0,0.02564102564102564,1.404872082460368,0.08693805513166751,-0.09838117970161248,0.06987104084929738,"[0.087, 0.09, 0.067, -0.079, -0.098, 0.005, 0.111, 0.106, 0.096, 0.07]"
ES,RTH,B1,78,TRQ10_TRV10,2018,236,0.031090626107623802,0.0104014422520333,0.05425507685721363,0.09124005702140339,0.0,0.02564102564102564,1.2125344181973283,0.022267087739456924,0.03205099532532942,0.07910859348733304,"[0.022, 0.074, -0.029, -0.027, 0.032, 0.066, 0.092, 0.043, 0.105, 0.079]"
ES,RTH,B1,78,TRQ10_TRV10,2019,237,0.035989067288229384,0.020768059861431147,0.09021221070336277,0.1454698826528483,0.0,0.02564102564102564,1.403573624240946,-0.02388443724453665,0.04817479433802616,-0.025030728612278286,"[-0.024, 0.108, 0.05, -0.082, 0.048, -0.158, 0.044, 0.054, 0.039, -0.025]"
ES,RTH,B1,78,TRQ10_TRV10,2020,239,0.03167534851554848,0.01580229395317018,0.0715240191934178,0.13225454435403725,0.0,0.02564102564102564,1.2353385921063906,0.09007214844682689,-0.07183252624697506,-0.027117004784056476,"[0.09, -0.024, 0.066, 0.062, -0.072, -0.019, 0.006, 0.134, 0.016, -0.027]"
ES,RTH,B1,78,TRQ10_TRV10,2021,239,0.03529995750227362,0.016349625024432726,0.08499459124887601,0.12509740544857587,0.0,0.02564102564102564,1.3766983425886712,0.02643933443806622,-0.027968973604334507,-0.013014168037981328,"[0.026, 0.045, 0.079, 0.017, -0.028, -0.068, 0.017, 0.07, 0.011, -0.013]"
ES,RTH,B1,78,TRQ10_TRV10,2022,238,0.03196109225624684,0.013568397797332751,0.0639031363900441,0.11816226013684915,0.0,0.02564102564102564,1.2464825979936267,0.03774006626567642,-0.020745358221835725,0.0031292454549200987,"[0.038, -0.028, 0.011, -0.033, -0.021, 0.042, -0.031, 0.111, 0.067, 0.003]"
ES,RTH,B1,78,TRQ10_TRV10,2023,236,0.03347010926770343,0.014485337733320384,0.06946185600457629,0.10141367311103534,0.0,0.02564102564102564,1.3053342614404337,0.037786785242877034,0.051011135100810526,0.06767827017749532,"[0.038, 0.055, 0.088, 0.05, 0.051, -0.011, 0.092, 0.057, 0.112, 0.068]"
ES,RTH,B1,78,TRQ10_TRV10,0,1901,0.03313236298432063,0.01513396138044448,0.07133929757955053,0.11639503352558542,0.0,0.02564102564102564,1.2921621563885046,0.06840370082414896,0.016234770529666095,0.03896755790495422,"[0.068, 0.073, 0.082, 0.029, 0.016, 0.015, 0.066, 0.114, 0.082, 0.039]"
ES,RTH,B1,78,MEDRQ_MEDRV,2016,239,0.028171116456754793,0.01250856552680326,0.05344419593572814,0.07762057317975539,0.0,0.02564102564102564,1.098673541813437,0.04336169563547662,-0.021818230405870123,-0.04197129551122376,"[0.043, -0.059, -0.089, -0.014, -0.022, 0.19, 0.033, 0.045, 0.041, -0.042]"
ES,RTH,B1,78,MEDRQ_MEDRV,2017,237,0.03057613912853693,0.011373357260486744,0.06227218253870474,0.07219650948521669,0.0,0.02564102564102564,1.1924694260129403,-0.07478355016699019,-0.03934763985342689,0.06619517393329884,"[-0.075, 0.054, -0.045, 0.086, -0.039, -0.036, -0.045, -0.043, -0.026, 0.066]"
ES,RTH,B1,78,MEDRQ_MEDRV,2018,236,0.027947811352513473,0.01025468438619017,0.04987427223206861,0.09249706240784558,0.0,0.02564102564102564,1.0899646427480254,-0.005925546969023326,0.08017029951540457,0.06220321059960775,"[-0.006, 0.075, 0.041, -0.03, 0.08, -0.045, 0.061, 0.017, 0.015, 0.062]"
ES,RTH,B1,78,MEDRQ_MEDRV,2019,237,0.0315137493191567,0.013791881158889123,0.07244004938309098,0.1204839680425704,0.0,0.02564102564102564,1.2290362234471115,-0.004697520090353075,-0.1362839364671285,-0.10800763499219454,"[-0.005, 0.045, -0.048, 0.066, -0.136, 0.024, -0.114, 0.134, 0.026, -0.108]"
ES,RTH,B1,78,MEDRQ_MEDRV,2020,239,0.03028181300366981,0.010454040082617147,0.05509147922328088,0.08496563802062031,0.0,0.02564102564102564,1.1809907071431225,0.061840007869239454,0.04597319185628908,0.11827587888739217,"[0.062, 0.081, 0.075, 0.078, 0.046, 0.092, 0.051, 0.085, -0.022, 0.118]"
ES,RTH,B1,78,MEDRQ_MEDRV,2021,239,0.03298685883837277,0.016075063553041037,0.061750600458753906,0.0961820769930416,0.0,0.02564102564102564,1.286487494696538,0.05755045879597792,0.03194600709751503,-0.0379450181901839,"[0.058, -0.075, -0.092, 0.077, 0.032, -0.018, 0.12, 0.015, -0.04, -0.038]"
ES,RTH,B1,78,MEDRQ_MEDRV,2022,238,0.029062678469416372,0.009844630805736637,0.05967813348453712,0.0863169855719394,0.0,0.02564102564102564,1.1334444603072384,-0.040708473677355125,-0.014372445746063027,0.11008171728056047,"[-0.041, -0.023, 0.058, -0.085, -0.014, 0.013, 0.07, 0.036, 0.018, 0.11]"
ES,RTH,B1,78,MEDRQ_MEDRV,2023,236,0.03041789165859303,0.01042663345491638,0.055632709244066755,0.08894753312484374,0.0,0.02564102564102564,1.1862977746851282,-0.07576498798158013,0.0591496025972907,0.12540790172891084,"[-0.076, -0.08, 0.035, 0.031, 0.059, -0.12, 0.044, -0.018, 0.069, 0.125]"
ES,RTH,B1,78,MEDRQ_MEDRV,0,1901,0.030100320411046773,0.011916752641878792,0.06047641683092392,0.09366138439757854,0.0,0.02564102564102564,1.1739124960308243,0.024046788364014034,0.01720326248186701,0.04589861025151476,"[0.024, 0.03, 0.018, 0.059, 0.017, 0.037, 0.048, 0.067, 0.033, 0.046]"
ES,RTH,B1,195,RQ_RV,2016,239,0.014323890634239519,0.005327481484013451,0.027439261609490968,0.039255281595635294,0.0,0.010256410256410256,1.3965793368383532,0.05382851879255308,0.003638508672671521,0.08712522339729176,"[0.054, 0.09, 0.166, 0.078, 0.004, 0.085, 0.042, 0.117, -0.069, 0.087]"
ES,RTH,B1,195,RQ_RV,2017,237,0.015909887369777005,0.006187204909968139,0.03378453333059027,0.04449388654851888,0.0,0.010256410256410256,1.551214018553258,-0.017788370789283588,0.031884169454155,0.05164982880042865,"[-0.018, -0.029, 0.044, -0.073, 0.032, -0.016, 0.043, 0.133, 0.047, 0.052]"
ES,RTH,B1,195,RQ_RV,2018,236,0.013948219193144654,0.004951917481875984,0.02905502349502364,0.04163943172280472,0.0,0.010256410256410256,1.3599513713316038,0.18800329157693613,0.08158822506724106,0.08285396319759829,"[0.188, 0.095, 0.052, -0.035, 0.082, 0.033, 0.048, 0.023, 0.043, 0.083]"
ES,RTH,B1,195,RQ_RV,2019,237,0.015809390872545494,0.008621238797400128,0.06168075991358212,0.11601525389611941,0.004219409282700422,0.010256410256410256,1.5414156100731857,0.06663853612676986,0.14384412915628875,0.054852395308852206,"[0.067, 0.065, 0.055, -0.055, 0.144, 0.054, 0.043, 0.159, 0.087, 0.055]"
ES,RTH,B1,195,RQ_RV,2020,239,0.014903393142000404,0.005716389064606161,0.033191013198935936,0.059336467620921506,0.0,0.010256410256410256,1.4530808313450394,0.03892243219975925,0.031022383202814436,0.04447689076988426,"[0.039, -0.065, -0.015, 0.002, 0.031, -0.0, 0.11, 0.034, -0.094, 0.044]"
ES,RTH,B1,195,RQ_RV,2021,239,0.015332617866325907,0.0072444019329933225,0.03764388595120124,0.05635833039392645,0.0,0.010256410256410256,1.4949302419667758,-0.030060240398468954,-0.06529223747382502,0.06061899665745543,"[-0.03, 0.026, 0.1, 0.043, -0.065, -0.065, 0.081, -0.136, -0.029, 0.061]"
ES,RTH,B1,195,RQ_RV,2022,238,0.01506897816657851,0.0067158811290943445,0.03432872673448954,0.06127599526091736,0.0,0.010256410256410256,1.4692253712414047,0.006190737327460312,-0.031457943885657126,-0.01921880245463242,"[0.006, 0.015, 0.063, 0.004, -0.031, 0.018, -0.015, 0.05, -0.133, -0.019]"
ES,RTH,B1,195,RQ_RV,2023,236,0.01442433144139106,0.006261150291832249,0.027729482241216238,0.04071555913295746,0.0,0.010256410256410256,1.4063723155356282,0.09420449381045928,0.09390368243194298,0.03198093559120311,"[0.094, 0.061, 0.017, 0.066, 0.094, -0.019, 0.047, -0.037, 0.094, 0.032]"
ES,RTH,B1,195,RQ_RV,0,1901,0.01490342430289006,0.0063652719966868065,0.03547622094584669,0.06174072514908547,0.0005260389268805891,0.010256410256410256,1.453083869531781,0.07395239508635625,0.0712698425208823,0.07176698753358285,"[0.074, 0.062, 0.087, 0.025, 0.071, 0.041, 0.075, 0.074, 0.035, 0.072]"
ES,RTH,B1,195,TQ_BV,2016,239,0.012465440447668735,0.0037566138583564057,0.01876666159662921,0.0293980701035732,0.0,0.010256410256410256,1.2153804436477016,0.029706887160975862,-0.07765228148845287,0.06152243740016265,"[0.03, -0.021, 0.071, -0.002, -0.078, 0.066, 0.156, 0.069, -0.037, 0.062]"
ES,RTH,B1,195,TQ_BV,2017,237,0.013350418697165536,0.004233007315485735,0.023040169944915676,0.02829390425635451,0.0,0.010256410256410256,1.3016658229736398,0.05053118668728821,0.07245030910539095,0.0700266480590642,"[0.051, 0.022, 0.037, 0.015, 0.072, 0.031, -0.007, 0.032, 0.077, 0.07]"
ES,RTH,B1,195,TQ_BV,2018,236,0.012092376397396892,0.003742429944981491,0.01972369571904184,0.031869049449250966,0.0,0.010256410256410256,1.179006698746197,0.02957964026170165,0.05370195260084388,0.028157267356933382,"[0.03, 0.133, 0.046, 0.081, 0.054, -0.023, 0.008, -0.021, 0.074, 0.028]"
ES,RTH,B1,195,TQ_BV,2019,237,0.013782172119122794,0.005549367039374586,0.03147435829519066,0.07304323796770115,0.0,0.010256410256410256,1.3437617816144725,-0.017174433819585104,0.02423737027315917,0.10856214994509042,"[-0.017, 0.092, 0.086, -0.006, 0.024, 0.02, -0.002, 0.138, 0.063, 0.109]"
ES,RTH,B1,195,TQ_BV,2020,239,0.013389136857195371,0.004977534558096831,0.02444075024901201,0.04806169130545889,0.0,0.010256410256410256,1.3054408435765488,0.06027698777313753,-0.028240477659401145,0.01498956115368178,"[0.06, -0.064, 0.102, 0.137, -0.028, 0.101, -0.009, 0.001, 0.072, 0.015]"
ES,RTH,B1,195,TQ_BV,2021,239,0.013962675227851601,0.0058076794960065965,0.025425745427414503,0.03264005966243828,0.0,0.010256410256410256,1.361360834715531,0.08923728257685415,-0.044769297271029594,0.04174470727078673,"[0.089, 0.008, 0.096, 0.127, -0.045, 0.048, 0.054, -0.05, 0.028, 0.042]"
ES,RTH,B1,195,TQ_BV,2022,238,0.012727276106681278,0.004212957529696701,0.02662791545505954,0.04350600146073617,0.0,0.010256410256410256,1.2409094204014246,-0.010242936369496646,0.009671729261843672,0.026996376272290838,"[-0.01, -0.035, 0.018, -0.044, 0.01, 0.051, -0.013, 0.017, 0.02, 0.027]"
ES,RTH,B1,195,TQ_BV,2023,236,0.012817017519568912,0.005103136695212245,0.024504186133452153,0.03321118475681068,0.0,0.010256410256410256,1.249659208157969,0.0034541518068584597,0.04432301186154234,0.09410262264728195,"[0.003, 0.016, 0.038, 0.039, 0.044, 0.074, 0.114, -0.028, 0.07, 0.094]"
ES,RTH,B1,195,TQ_BV,0,1901,0.012971464011623282,0.004600686880978222,0.024488334647723698,0.03888989237783632,0.0,0.010256410256410256,1.26471774113327,0.052024269232035715,0.044991577042085326,0.08214152792756806,"[0.052, 0.051, 0.093, 0.066, 0.045, 0.081, 0.058, 0.06, 0.076, 0.082]"
ES,RTH,B1,195,TRQ3_TRV3,2016,239,0.010903291306265543,0.001790008638826203,0.013403427804815342,0.015135222518275256,0.0,0.010256410256410256,1.0630709023608904,0.09684433120054667,0.030340919504867482,-0.0033159016278764063,"[0.097, 0.049, 0.059, 0.142, 0.03, 0.069, -0.043, -0.042, 0.0, -0.003]"
ES,RTH,B1,195,TRQ3_TRV3,2017,237,0.011265027932935687,0.0017588115672927222,0.013688886680389057,0.0155725174088376,0.0,0.010256410256410256,1.0983402234612296,0.04311626000003717,-0.04829845314998965,0.0250660329509861,"[0.043, -0.055, -0.016, 0.052, -0.048, 0.024, 0.013, -0.047, 0.019, 0.025]"
ES,RTH,B1,195,TRQ3_TRV3,2018,236,0.010990055099814778,0.0015436954494027124,0.014134127271620783,0.016206150454561107,0.0,0.010256410256410256,1.071530372231941,0.21332685429414935,0.024647098732491317,0.021005449740234702,"[0.213, 0.135, 0.011, -0.038, 0.025, -0.021, -0.005, -0.006, 0.062, 0.021]"
ES,RTH,B1,195,TRQ3_TRV3,2019,237,0.011368963330464154,0.001816910097367513,0.014547171456092193,0.0189264561726089,0.0,0.010256410256410256,1.108473924720255,0.038725466349555794,-0.03701825231290501,-0.08705143788674526,"[0.039, 0.038, 0.043, -0.069, -0.037, 0.045, 0.018, 0.085, 0.068, -0.087]"
ES,RTH,B1,195,TRQ3_TRV3,2020,239,0.0114006182040985,0.002126240119080027,0.014271221670428963,0.016036608638956527,0.0,0.010256410256410256,1.1115602748996036,0.15211771955832973,0.09178664068290494,0.16633572534601002,"[0.152, 0.072, 0.12, 0.118, 0.092, 0.222, 0.17, 0.081, 0.102, 0.166]"
ES,RTH,B1,195,TRQ3_TRV3,2021,239,0.01173970832555427,0.00200859519612598,0.014608258235103328,0.016043519541843552,0.0,0.010256410256410256,1.1446215617415414,-0.010663159603315398,0.0004949092797823519,0.07665791320284232,"[-0.011, 0.02, 0.026, -0.026, 0.0, -0.029, -0.018, -0.073, 0.005, 0.077]"
ES,RTH,B1,195,TRQ3_TRV3,2022,238,0.011139924351426002,0.0016932163891186947,0.014426174865645553,0.018501622665532794,0.0,0.010256410256410256,1.086142624264035,-0.004894181931636635,-0.02409740998983772,-0.04311246182050133,"[-0.005, -0.048, -0.04, -0.037, -0.024, 0.026, 0.139, -0.013, -0.041, -0.043]"
ES,RTH,B1,195,TRQ3_TRV3,2023,236,0.011237606192965741,0.0016964019286450152,0.014635254939954392,0.019152692433070207,0.0,0.010256410256410256,1.0956666038141598,-0.004796327445807745,0.07054495901487991,-0.004937143659628093,"[-0.005, -0.016, -0.036, 0.083, 0.071, 0.083, 0.031, 0.036, 0.001, -0.005]"
ES,RTH,B1,195,TRQ3_TRV3,0,1901,0.01124592380821426,0.001864362319179639,0.014343976432770305,0.017606368442979563,0.0,0.010256410256410256,1.0964775713008905,0.08329534557939362,0.035536857236813296,0.03210198274838584,"[0.083, 0.048, 0.041, 0.04, 0.036, 0.08, 0.065, 0.033, 0.048, 0.032]"
ES,RTH,B1,195,TRQ5_TRV5,2016,239,0.014010021333253098,0.004089714382297632,0.01944756345966714,0.024311104341512457,0.0,0.010256410256410256,1.365977079992177,0.1318427739563732,0.010025465435962872,0.07770378341925371,"[0.132, 0.068, 0.254, 0.217, 0.01, 0.075, 0.029, 0.012, -0.035, 0.078]"
ES,RTH,B1,195,TRQ5_TRV5,2017,237,0.014904248397386044,0.003952315839200181,0.020209462651344594,0.026536779960340342,0.0,0.010256410256410256,1.4531642187451392,0.02758963702911219,0.1397987023337873,0.024746863919005466,"[0.028, 0.028, 0.032, 0.025, 0.14, 0.036, -0.013, 0.068, -0.005, 0.025]"
ES,RTH,B1,195,TRQ5_TRV5,2018,236,0.013724435232502823,0.004198406401074422,0.020797966652135284,0.025939870925367654,0.0,0.010256410256410256,1.3381324351690251,0.1618575749075669,0.05228786893434881,0.07153901685520504,"[0.162, 0.16, 0.069, 0.0, 0.052, 0.044, 0.059, 0.041, 0.093, 0.072]"
ES,RTH,B1,195,TRQ5_TRV5,2019,237,0.014399432609389824,0.004391945918226673,0.021722366356081643,0.031527392575190334,0.0,0.010256410256410256,1.4039446794155077,0.06313558437138196,0.10251490889038416,0.017436583343420964,"[0.063, 0.045, 0.137, -0.024, 0.103, 0.095, 0.143, 0.146, 0.118, 0.017]"
ES,RTH,B1,195,TRQ5_TRV5,2020,239,0.014667669263366202,0.004490658541885928,0.02248103205161706,0.03061014993632949,0.0,0.010256410256410256,1.4300977531782046,0.11355922814078101,0.0458337965225071,0.11213227361367892,"[0.114, 0.006, -0.007, 0.087, 0.046, 0.076, 0.1, 0.046, -0.01, 0.112]"
ES,RTH,B1,195,TRQ5_TRV5,2021,239,0.014587738831187405,0.0053665472124552836,0.0223837647878165,0.026848981956637097,0.0,0.010256410256410256,1.422304536040772,-0.06786910260822261,-0.035308485097783456,0.04060695093513591,"[-0.068, -0.021, 0.065, 0.041, -0.035, 0.039, 0.137, -0.078, -0.006, 0.041]"
ES,RTH,B1,195,TRQ5_TRV5,2022,238,0.014477726124654455,0.004780630679048185,0.022304776494639036,0.03303991839899441,0.0,0.010256410256410256,1.4115782971538093,-0.0569855736846527,-0.039334199740893,-0.05952210305026264,"[-0.057, -0.041, 0.023, 0.001, -0.039, -0.035, 0.041, 0.026, -0.019, -0.06]"
ES,RTH,B1,195,TRQ5_TRV5,2023,236,0.013941651603085928,0.004510359538872058,0.02321354431769224,0.028079943579198435,0.0,0.010256410256410256,1.359311031300878,0.10399840125250699,0.06841289920737857,0.017387548495702992,"[0.104, 0.086, -0.03, 0.115, 0.068, 0.023, 0.098, 0.043, 0.119, 0.017]"
ES,RTH,B1,195,TRQ5_TRV5,0,1901,0.014267655233880265,0.004450634440831394,0.02191982856392594,0.028879005012466902,0.0,0.010256410256410256,1.3910963853033258,0.07136688839670116,0.05989505079732705,0.05902013653920974,"[0.071, 0.056, 0.079, 0.073, 0.06, 0.063, 0.1, 0.056, 0.048, 0.059]"
ES,RTH,B1,195,TRQ10_TRV10,2016,239,0.014323890634239519,0.005327481484013451,0.027439261609490968,0.039255281595635294,0.0,0.010256410256410256,1.3965793368383532,0.05382851879255308,0.003638508672671521,0.08712522339729176,"[0.054, 0.09, 0.166, 0.078, 0.004, 0.085, 0.042, 0.117, -0.069, 0.087]"
ES,RTH,B1,195,TRQ10_TRV10,2017,237,0.015909887369777005,0.006187204909968139,0.03378453333059027,0.04449388654851888,0.0,0.010256410256410256,1.551214018553258,-0.017788370789283588,0.031884169454155,0.05164982880042865,"[-0.018, -0.029, 0.044, -0.073, 0.032, -0.016, 0.043, 0.133, 0.047, 0.052]"
ES,RTH,B1,195,TRQ10_TRV10,2018,236,0.013948219193144654,0.004951917481875984,0.02905502349502364,0.04163943172280472,0.0,0.010256410256410256,1.3599513713316038,0.18800329157693613,0.08158822506724106,0.08285396319759829,"[0.188, 0.095, 0.052, -0.035, 0.082, 0.033, 0.048, 0.023, 0.043, 0.083]"
ES,RTH,B1,195,TRQ10_TRV10,2019,237,0.015793978866280815,0.007795481676510167,0.044698748164625,0.07580078077760705,0.0,0.010256410256410256,1.5399129394623794,0.135275730093998,0.05385728951412225,0.054828395845924596,"[0.135, 0.093, 0.06, -0.109, 0.054, 0.071, 0.067, 0.265, 0.078, 0.055]"
ES,RTH,B1,195,TRQ10_TRV10,2020,239,0.014903393142000404,0.005716389064606161,0.033191013198935936,0.059336467620921506,0.0,0.010256410256410256,1.4530808313450394,0.03892243219975925,0.031022383202814436,0.04447689076988426,"[0.039, -0.065, -0.015, 0.002, 0.031, -0.0, 0.11, 0.034, -0.094, 0.044]"
ES,RTH,B1,195,TRQ10_TRV10,2021,239,0.015332617866325907,0.0072444019329933225,0.03680481091495984,0.050541639551357216,0.0,0.010256410256410256,1.4949302419667758,-0.008449220963493018,-0.07585041696974108,0.046597734735028824,"[-0.008, 0.023, 0.087, 0.042, -0.076, -0.069, 0.064, -0.147, -0.012, 0.047]"
ES,RTH,B1,195,TRQ10_TRV10,2022,238,0.01506897816657851,0.0067158811290943445,0.03432872673448954,0.06127599526091736,0.0,0.010256410256410256,1.4692253712414047,0.006190737327460312,-0.031457943885657126,-0.01921880245463242,"[0.006, 0.015, 0.063, 0.004, -0.031, 0.018, -0.015, 0.05, -0.133, -0.019]"
ES,RTH,B1,195,TRQ10_TRV10,2023,236,0.01442433144139106,0.006261150291832249,0.027729482241216238,0.04071555913295746,0.0,0.010256410256410256,1.4063723155356282,0.09420449381045928,0.09390368243194298,0.03198093559120311,"[0.094, 0.061, 0.017, 0.066, 0.094, -0.019, 0.047, -0.037, 0.094, 0.032]"
ES,RTH,B1,195,TRQ10_TRV10,0,1901,0.014903393142000404,0.006334723083168131,0.03510002852236078,0.05667304399900157,0.0,0.010256410256410256,1.4530808313450394,0.08735244584792486,0.045306926869080354,0.06598403584065123,"[0.087, 0.062, 0.083, 0.013, 0.045, 0.039, 0.074, 0.086, 0.029, 0.066]"
ES,RTH,B1,195,MEDRQ_MEDRV,2016,239,0.012428821467814335,0.003824067746911859,0.023018706135870204,0.03217031079313022,0.0,0.010256410256410256,1.2118100931118978,0.07212973011310042,0.02163491816087853,0.05835102462145265,"[0.072, 0.054, 0.116, 0.036, 0.022, 0.06, -0.005, 0.008, -0.007, 0.058]"
ES,RTH,B1,195,MEDRQ_MEDRV,2017,237,0.013412184481225995,0.0052623151810626614,0.02529636030924966,0.03985588948079032,0.0,0.010256410256410256,1.3076879869195346,0.04256450051271326,0.13806820771680234,0.027881239317880578,"[0.043, -0.136, -0.011, -0.058, 0.138, 0.037, 0.004, 0.033, 0.052, 0.028]"
ES,RTH,B1,195,MEDRQ_MEDRV,2018,236,0.012213604982188975,0.00413651546286271,0.022758594568097416,0.04107598271478952,0.0,0.010256410256410256,1.1908264857634252,0.15104830647218026,-0.01701809224574065,0.0475018657450247,"[0.151, 0.087, 0.067, 0.071, -0.017, 0.038, -0.027, -0.036, 0.073, 0.048]"
ES,RTH,B1,195,MEDRQ_MEDRV,2019,237,0.013884866160904858,0.00564965622026661,0.03777211732066831,0.08012706561652604,0.0,0.010256410256410256,1.3537744506882237,0.04901919001726362,0.0035903160017473645,0.13013071777542837,"[0.049, 0.082, 0.047, -0.029, 0.004, -0.038, 0.045, 0.198, 0.046, 0.13]"
ES,RTH,B1,195,MEDRQ_MEDRV,2020,239,0.013428895570378994,0.004989089962221213,0.024103122314870173,0.046258695716063,0.0,0.010256410256410256,1.309317318111952,0.08991418483838841,0.04669098738469257,0.05831647409741254,"[0.09, -0.029, 0.113, 0.085, 0.047, 0.061, 0.058, 0.045, 0.062, 0.058]"
ES,RTH,B1,195,MEDRQ_MEDRV,2021,239,0.014876007831356326,0.006226345651276648,0.027579904075605427,0.04262073006042946,0.0,0.010256410256410256,1.4504107635572419,0.0714304791297283,-0.07015259998337271,0.0950158384878651,"[0.071, -0.067, 0.034, 0.011, -0.07, 0.002, 0.075, -0.062, 0.036, 0.095]"
ES,RTH,B1,195,MEDRQ_MEDRV,2022,238,0.012994169917884341,0.004955523374400358,0.028790071051767698,0.05468208230395776,0.0,0.010256410256410256,1.2669315669937233,0.029156028288150775,-0.03332381709815877,-0.020212449930104102,"[0.029, -0.079, -0.013, -0.049, -0.033, -0.004, 0.035, 0.041, -0.008, -0.02]"
ES,RTH,B1,195,MEDRQ_MEDRV,2023,236,0.013254227744823273,0.005198079785971041,0.02753436591202499,0.04013841631306144,0.0,0.010256410256410256,1.2922872051202692,0.04466639840824785,0.0312589789887,0.020949880025599617,"[0.045, -0.024, 0.093, 0.025, 0.031, 0.038, 0.188, -0.023, 0.093, 0.021]"
ES,RTH,B1,195,MEDRQ_MEDRV,0,1901,0.01318336502294082,0.00509115224038529,0.02665679741819758,0.050379182160220456,0.0,0.010256410256410256,1.28537808973673,0.09588982702034785,0.04798142617089056,0.08821534425863417,"[0.096, 0.025, 0.082, 0.041, 0.048, 0.048, 0.078, 0.072, 0.08, 0.088]"
ES,RTH,B1,390,RQ_RV,2016,239,0.007531519671695131,0.0025578850021035987,0.014624241238182229,0.019667664024100685,0.0,0.005128205128205128,1.4686463359805506,0.08883901797230094,-0.09014263259217688,0.05192239317228267,"[0.089, 0.016, 0.105, 0.055, -0.09, -0.02, 0.005, 0.09, -0.119, 0.052]"
ES,RTH,B1,390,RQ_RV,2017,237,0.007759020939265277,0.003063612977902812,0.01499587018733536,0.027383394796012796,0.0,0.005128205128205128,1.5130090831567289,-0.030357727223245336,0.09290557128211419,0.08433875465605783,"[-0.03, -0.022, -0.027, -0.123, 0.093, 0.018, 0.093, 0.009, -0.005, 0.084]"
ES,RTH,B1,390,RQ_RV,2018,236,0.007428817345189392,0.002479775702136879,0.015316065463769797,0.028062891954091687,0.0,0.005128205128205128,1.4486193823119313,0.11000023706698706,0.04273664700688746,0.09616337257859275,"[0.11, 0.123, 0.002, -0.029, 0.043, -0.031, 0.112, 0.08, 0.151, 0.096]"
ES,RTH,B1,390,RQ_RV,2019,237,0.008379784055135949,0.004410130019324485,0.03350459585963927,0.05358394356289092,0.004219409282700422,0.005128205128205128,1.63405789075151,0.10071678000376826,0.11707529751328982,0.10023919571330832,"[0.101, 0.123, 0.116, 0.029, 0.117, 0.099, 0.088, 0.103, 0.058, 0.1]"
ES,RTH,B1,390,RQ_RV,2020,239,0.008582990485393084,0.0034055798503652614,0.023311802243180146,0.03123718742784401,0.0,0.005128205128205128,1.6736831446516514,0.03587325944288369,-0.1424084675676512,-0.012767396873641366,"[0.036, -0.021, -0.094, 0.012, -0.142, -0.096, 0.039, -0.003, -0.011, -0.013]"
ES,RTH,B1,390,RQ_RV,2021,239,0.008419583794273554,0.003443894234637335,0.01600430754395388,0.03428981273298143,0.0041841004184100415,0.005128205128205128,1.641818839883343,0.008351067025324685,0.03692497984865932,-0.01319105815159054,"[0.008, 0.051, 0.144, 0.003, 0.037, -0.086, 0.017, -0.021, 0.044, -0.013]"
ES,RTH,B1,390,RQ_RV,2022,238,0.007627731507374532,0.003160093404922416,0.025565362132605098,0.0413787674425251,0.004201680672268907,0.005128205128205128,1.4874076439380337,0.00830060594189062,-0.010153795454275132,0.014719940098183065,"[0.008, -0.005, -0.052, -0.037, -0.01, 0.017, 0.078, 0.055, -0.052, 0.015]"
ES,RTH,B1,390,RQ_RV,2023,236,0.007689398056536594,0.0030940053279950594,0.01614378032203273,0.02466961056279115,0.0,0.005128205128205128,1.4994326210246358,-0.03347250655169303,0.06176336258608767,0.03853208863793555,"[-0.033, -0.003, 0.04, -0.006, 0.062, -0.029, -0.008, 0.016, 0.204, 0.039]"
ES,RTH,B1,390,RQ_RV,0,1901,0.007905832732984177,0.0032327247045867303,0.019763930872854007,0.03914569889238556,0.0010520778537611783,0.005128205128205128,1.5416373829319145,0.07836018841200156,0.0614740384777417,0.07852886690455754,"[0.078, 0.077, 0.07, 0.033, 0.061, 0.033, 0.092, 0.082, 0.077, 0.079]"
ES,RTH,B1,390,TQ_BV,2016,239,0.006731068152497211,0.002088648482438181,0.012000359439502627,0.014552345385019863,0.0,0.005128205128205128,1.312558289736956,0.11218210373333716,-0.003458378957984158,0.09177243597175697,"[0.112, -0.004, 0.07, 0.025, -0.003, 0.113, 0.056, 0.066, -0.084, 0.092]"
ES,RTH,B1,390,TQ_BV,2017,237,0.0075168338013097335,0.002087507379084583,0.012305171520263242,0.0194823672281971,0.0,0.005128205128205128,1.4657825912553981,0.052331617390770704,0.005825899705336379,0.013085176241776103,"[0.052, -0.09, 0.034, -0.01, 0.006, 0.064, 0.07, -0.038, -0.023, 0.013]"
ES,RTH,B1,390,TQ_BV,2018,236,0.00648049878834151,0.0019071208370105624,0.0122824378222549,0.015081567581969803,0.0,0.005128205128205128,1.2636972637265944,0.05789355527552632,0.12002737391888355,0.01364690194243611,"[0.058, 0.076, 0.092, 0.082, 0.12, 0.071, 0.101, 0.077, 0.106, 0.014]"
ES,RTH,B1,390,TQ_BV,2019,237,0.007721191108520024,0.0028044880083379544,0.019423607064534918,0.03627385351461176,0.0,0.005128205128205128,1.5056322661614048,-0.018000653952628693,0.14729771494252283,0.049279008195171004,"[-0.018, 0.102, 0.1, -0.015, 0.147, 0.085, 0.088, 0.116, 0.052, 0.049]"
ES,RTH,B1,390,TQ_BV,2020,239,0.007149887891433936,0.002377965888494437,0.012854954609382201,0.016484552952098473,0.0,0.005128205128205128,1.3942281388296176,0.14914674817697585,-0.01225852543247433,0.07409952862061181,"[0.149, 0.037, 0.093, 0.02, -0.012, -0.057, 0.059, 0.053, -0.026, 0.074]"
ES,RTH,B1,390,TQ_BV,2021,239,0.007783384072462265,0.003317803164973426,0.014345945545456092,0.021174814313997342,0.0,0.005128205128205128,1.5177598941301418,0.09031029681379406,-0.010107218781749522,0.02483466946577126,"[0.09, -0.008, 0.063, 0.088, -0.01, -0.05, 0.12, -0.163, 0.02, 0.025]"
ES,RTH,B1,390,TQ_BV,2022,238,0.006691698627131534,0.0021865455515396636,0.015528215675696448,0.021796328744060636,0.0,0.005128205128205128,1.3048812322906491,0.0624123411298099,-0.02415183912691498,-0.024313562622471,"[0.062, 0.03, -0.041, -0.094, -0.024, 0.024, 0.024, 0.032, -0.013, -0.024]"
ES,RTH,B1,390,TQ_BV,2023,236,0.00695176793551038,0.0019527283137721766,0.013477481967322808,0.01845836286107087,0.0,0.005128205128205128,1.3555947474245242,0.05025571113628246,0.07811972487030526,-0.03551254351226367,"[0.05, -0.028, 0.017, 0.046, 0.078, 0.063, -0.019, -0.036, 0.018, -0.036]"
ES,RTH,B1,390,TQ_BV,0,1901,0.007078820293549269,0.0023899494352200446,0.013593141544667424,0.02171037879190646,0.0,0.005128205128205128,1.3803699572421073,0.11194418754404807,0.10084560092036784,0.08405129787913598,"[0.112, 0.082, 0.111, 0.064, 0.101, 0.095, 0.115, 0.07, 0.072, 0.084]"
ES,RTH,B1,390,TRQ3_TRV3,2016,239,0.005439366116160539,0.0006466366620172196,0.006546610686344545,0.007257777663509697,0.0,0.005128205128205128,1.060676392651305,0.0018231233295139212,-0.08057934504406312,-0.00475884816271581,"[0.002, -0.013, 0.013, 0.107, -0.081, 0.006, -0.017, 0.01, -0.035, -0.005]"
ES,RTH,B1,390,TRQ3_TRV3,2017,237,0.0055337182461415195,0.0005522322871707001,0.006429771544968371,0.007163703387782653,0.0,0.005128205128205128,1.0790750579975963,0.07766315674004388,0.04599999094879131,0.036263011999697954,"[0.078, 0.044, 0.071, -0.108, 0.046, -0.038, -0.038, 0.003, -0.012, 0.036]"
ES,RTH,B1,390,TRQ3_TRV3,2018,236,0.005619269410347294,0.000679756008315051,0.00678784071864428,0.007498924079867449,0.0,0.005128205128205128,1.0957575350177224,0.14178922469055902,0.00014607958853561035,0.08833252356830407,"[0.142, 0.048, -0.011, -0.007, 0.0, -0.042, 0.124, 0.01, 0.112, 0.088]"
ES,RTH,B1,390,TRQ3_TRV3,2019,237,0.0057302336061586245,0.0007575409579877561,0.007099736309407278,0.008999241713630136,0.0,0.005128205128205128,1.1173955532009319,0.0658985706963109,-0.042865113143426906,-0.02277383520874372,"[0.066, 0.042, 0.105, -0.012, -0.043, 0.07, 0.1, 0.088, 0.062, -0.023]"
ES,RTH,B1,390,TRQ3_TRV3,2020,239,0.005792745664991312,0.0008310030759414505,0.007028709640306413,0.00764601000898551,0.0,0.005128205128205128,1.1295854046733058,0.2704343328188393,0.22034390948176868,0.22998328521968128,"[0.27, 0.153, 0.222, 0.169, 0.22, 0.225, 0.188, 0.1, 0.178, 0.23]"
ES,RTH,B1,390,TRQ3_TRV3,2021,239,0.005966504395164824,0.000784344276683082,0.00712623740018249,0.008200967580402242,0.0,0.005128205128205128,1.1634683570571407,0.10430254000126984,0.10195822980036873,0.031462956441517344,"[0.104, 0.048, 0.066, 0.092, 0.102, -0.078, 0.031, -0.036, 0.023, 0.031]"
ES,RTH,B1,390,TRQ3_TRV3,2022,238,0.005618911922403314,0.0008077420010402852,0.0069516869612158555,0.00935276013194347,0.0,0.005128205128205128,1.0956878248686464,0.00045995836193956025,-0.03335962817762165,-0.010848206200144683,"[0.0, -0.01, -0.038, -0.052, -0.033, 0.112, 0.133, 0.083, 0.033, -0.011]"
ES,RTH,B1,390,TRQ3_TRV3,2023,236,0.005532328514205318,0.0005973814947213387,0.006974057864162388,0.009884364677165103,0.0,0.005128205128205128,1.0788040602700368,0.014125377748175138,0.10761592896167899,0.012427307184683845,"[0.014, 0.003, -0.021, 0.078, 0.108, 0.016, 0.008, 0.07, -0.011, 0.012]"
ES,RTH,B1,390,TRQ3_TRV3,0,1901,0.005638210595123107,0.0007244762883376436,0.006938204733562484,0.0083905739380299,0.0,0.005128205128205128,1.099451066049006,0.12274421289066209,0.08970176932852134,0.08623699453617002,"[0.123, 0.084, 0.091, 0.078, 0.09, 0.089, 0.117, 0.092, 0.085, 0.086]"
ES,RTH,B1,390,TRQ5_TRV5,2016,239,0.006995307935212414,0.0016243945428822213,0.009500300081718354,0.012112457545084028,0.0,0.005128205128205128,1.3640850473664208,0.1739805718399256,0.020755148699102728,0.04583258306607254,"[0.174, -0.011, 0.222, 0.236, 0.021, -0.003, 0.147, 0.105, 0.027, 0.046]"
ES,RTH,B1,390,TRQ5_TRV5,2017,237,0.007108431639660797,0.0016272051971132438,0.009512463669226865,0.011272389951818165,0.0,0.005128205128205128,1.3861441697338555,0.04038377229941792,0.07951895315989496,0.09244152323571049,"[0.04, 0.044, 0.036, 0.076, 0.08, -0.029, 0.049, -0.004, -0.005, 0.092]"
ES,RTH,B1,390,TRQ5_TRV5,2018,236,0.007159360067732038,0.001860810239200498,0.00971492966411849,0.011411189426751506,0.0,0.005128205128205128,1.3960752132077474,0.18358008734507555,0.04305475832228634,0.09566901779989163,"[0.184, 0.152, 0.104, -0.023, 0.043, 0.015, 0.094, 0.117, 0.083, 0.096]"
ES,RTH,B1,390,TRQ5_TRV5,2019,237,0.007638474313954173,0.0019003251713448112,0.01087550601422638,0.016590401655414744,0.0,0.005128205128205128,1.4895024912210637,0.08385114378374761,0.0897226450836664,0.06071436031327638,"[0.084, 0.095, 0.102, 0.034, 0.09, 0.152, 0.099, 0.139, 0.073, 0.061]"
ES,RTH,B1,390,TRQ5_TRV5,2020,239,0.007642638095023518,0.002119305184963096,0.010184964360834678,0.01145463617324873,0.0,0.005128205128205128,1.490314428529586,0.2647752070360367,0.2625388233736033,0.13525408726093732,"[0.265, 0.202, 0.176, 0.186, 0.263, 0.192, 0.151, 0.071, 0.113, 0.135]"
ES,RTH,B1,390,TRQ5_TRV5,2021,239,0.007674837869737963,0.0019048752941747977,0.0108033196243956,0.012893181053456814,0.0,0.005128205128205128,1.4965933845989028,0.04128675130727437,0.14013061635976976,-0.005098131235862449,"[0.041, 0.119, 0.161, 0.001, 0.14, 0.019, 0.134, -0.082, 0.01, -0.005]"
ES,RTH,B1,390,TRQ5_TRV5,2022,238,0.007124389297325088,0.001903949802160694,0.010930689450938124,0.013799911951380625,0.0,0.005128205128205128,1.3892559129783921,-0.026860225968972595,-0.049521975668200637,0.0032043041936133977,"[-0.027, -0.03, -0.087, -0.112, -0.05, -0.001, 0.13, 0.019, 0.01, 0.003]"
ES,RTH,B1,390,TRQ5_TRV5,2023,236,0.007124176072403317,0.0017805697344035832,0.011133118906788076,0.013233257388971086,0.0,0.005128205128205128,1.389214334118647,0.09396597448596226,0.11524386952972263,0.05580701924852453,"[0.094, 0.09, -0.046, 0.093, 0.115, -0.005, -0.002, -0.012, -0.014, 0.056]"
ES,RTH,B1,390,TRQ5_TRV5,0,1901,0.007297438951481578,0.0018789859039487402,0.010437308743082864,0.013138143469571852,0.0,0.005128205128205128,1.4230005955389078,0.13343517596796545,0.11519412562587508,0.08564624995050366,"[0.133, 0.117, 0.101, 0.085, 0.115, 0.073, 0.126, 0.075, 0.068, 0.086]"
ES,RTH,B1,390,TRQ10_TRV10,2016,239,0.007531519671695131,0.0025578850021035987,0.014624241238182229,0.019667664024100685,0.0,0.005128205128205128,1.4686463359805506,0.08883901797230094,-0.09014263259217688,0.05192239317228267,"[0.089, 0.016, 0.105, 0.055, -0.09, -0.02, 0.005, 0.09, -0.119, 0.052]"
ES,RTH,B1,390,TRQ10_TRV10,2017,237,0.007759020939265277,0.003063612977902812,0.014768315406172353,0.024714963943924927,0.0,0.005128205128205128,1.5130090831567289,-0.014289380861731978,0.06498548498078001,0.10014777102305931,"[-0.014, -0.007, -0.002, -0.088, 0.065, 0.037, 0.102, 0.027, -0.02, 0.1]"
ES,RTH,B1,390,TRQ10_TRV10,2018,236,0.007428817345189392,0.002479775702136879,0.014762088331990145,0.02401156249565912,0.0,0.005128205128205128,1.4486193823119313,0.12656518910416478,0.08803166666159577,0.05316399808477325,"[0.127, 0.157, 0.028, -0.011, 0.088, -0.029, 0.136, 0.098, 0.133, 0.053]"
ES,RTH,B1,390,TRQ10_TRV10,2019,237,0.008328333673761987,0.0041172295718365955,0.0305684991573003,0.044729641789841325,0.0,0.005128205128205128,1.6240250663835876,0.13812446154136393,0.09688845313080731,0.05997954575866075,"[0.138, 0.141, 0.03, -0.016, 0.097, 0.073, 0.01, 0.112, 0.049, 0.06]"
ES,RTH,B1,390,TRQ10_TRV10,2020,239,0.008568458990291199,0.003343627953341692,0.020939566349419826,0.02902550195998029,0.0,0.005128205128205128,1.6708495031067838,0.09459964513906026,-0.08989660484412812,0.011585098973430196,"[0.095, 0.006, -0.047, -0.032, -0.09, -0.068, 0.042, 0.01, -0.034, 0.012]"
ES,RTH,B1,390,TRQ10_TRV10,2021,239,0.008419583794273554,0.003443894234637335,0.015679410428535413,0.025407405888830014,0.0,0.005128205128205128,1.641818839883343,0.059661533030335966,0.0910911456154224,-0.057229195864046074,"[0.06, 0.08, 0.136, 0.023, 0.091, -0.032, 0.014, -0.03, 0.037, -0.057]"
ES,RTH,B1,390,TRQ10_TRV10,2022,238,0.007627731507374532,0.003095338693910576,0.023936355940368383,0.03189733170540409,0.0,0.005128205128205128,1.4874076439380337,0.021641848625731812,0.006157798639741809,0.03972584531926069,"[0.022, 0.01, -0.05, -0.04, 0.006, -0.009, 0.074, 0.025, -0.025, 0.04]"
ES,RTH,B1,390,TRQ10_TRV10,2023,236,0.007689398056536594,0.0030940053279950594,0.015910037061678844,0.024308755132643068,0.0,0.005128205128205128,1.4994326210246358,-0.022724509437760505,0.02211695794336209,0.02482940914763471,"[-0.023, -0.004, 0.02, 0.014, 0.022, -0.028, -0.006, 0.003, 0.192, 0.025]"
ES,RTH,B1,390,TRQ10_TRV10,0,1901,0.007886711927429572,0.0032188202489862308,0.01836533435832407,0.03144605057840604,0.0,0.005128205128205128,1.5379088258487665,0.10212276960281637,0.06062940946832973,0.06876107705715569,"[0.102, 0.09, 0.055, 0.023, 0.061, 0.031, 0.075, 0.082, 0.061, 0.069]"
ES,RTH,B1,390,MEDRQ_MEDRV,2016,239,0.006593721085748626,0.0018439553731750737,0.011179339673806129,0.023514486326235685,0.0041841004184100415,0.005128205128205128,1.2857756117209822,-0.007479489178361675,-0.07161119134216304,0.02233394251770131,"[-0.007, -0.056, 0.044, 0.055, -0.072, -0.034, 0.011, 0.051, -0.056, 0.022]"
ES,RTH,B1,390,MEDRQ_MEDRV,2017,237,0.006813687564888946,0.0021599435249844397,0.010999470056165753,0.015917032349282656,0.004219409282700422,0.005128205128205128,1.3286690751533445,-0.005517635364032729,0.06260069007754698,0.10688045884373883,"[-0.006, -0.035, -0.03, -0.057, 0.063, 0.013, 0.063, -0.039, -0.062, 0.107]"
ES,RTH,B1,390,MEDRQ_MEDRV,2018,236,0.00647464124880808,0.002165966057383148,0.011535367444917854,0.01525160122592179,0.0,0.005128205128205128,1.2625550435175756,0.07770624694262256,0.03681704145658282,0.06793250311385196,"[0.078, 0.028, 0.1, 0.187, 0.037, 0.078, 0.125, 0.058, 0.105, 0.068]"
ES,RTH,B1,390,MEDRQ_MEDRV,2019,237,0.007534468250561773,0.003409230126273896,0.01974385508909143,0.047751637316522315,0.004219409282700422,0.005128205128205128,1.4692213088595456,0.07706263721793896,0.10694717110959788,0.07670686004501735,"[0.077, 0.065, 0.103, 0.087, 0.107, 0.172, 0.084, 0.099, 0.117, 0.077]"
ES,RTH,B1,390,MEDRQ_MEDRV,2020,239,0.0073668221598996745,0.0027331241464281855,0.014050958223538242,0.032779574697460095,0.0,0.005128205128205128,1.4365303211804366,0.15933701174796547,-0.03898498465462097,0.03297957033947058,"[0.159, 0.024, 0.097, 0.028, -0.039, -0.008, 0.031, -0.032, -0.071, 0.033]"
ES,RTH,B1,390,MEDRQ_MEDRV,2021,239,0.007727144699608129,0.00265744536679109,0.014920882660861778,0.01911753882520413,0.0,0.005128205128205128,1.506793216423585,0.03884182492454131,0.059771447975468385,0.0642283258318438,"[0.039, 0.119, 0.148, 0.024, 0.06, 0.02, 0.117, -0.047, 0.036, 0.064]"
ES,RTH,B1,390,MEDRQ_MEDRV,2022,238,0.006827626026877549,0.0022356372675584766,0.013579354667110972,0.017868657375255642,0.0,0.005128205128205128,1.3313870752411219,0.0716880628393732,-0.07861155510557653,-0.0022275411255395427,"[0.072, 0.02, -0.074, -0.095, -0.079, 0.054, 0.045, 0.018, 0.147, -0.002]"
ES,RTH,B1,390,MEDRQ_MEDRV,2023,236,0.006762711772222986,0.002047182025908499,0.013782881950720945,0.019445719559618525,0.0,0.005128205128205128,1.3187287955834823,0.002687269963132309,0.09128734214820808,0.025656771998744804,"[0.003, 0.019, -0.027, 0.054, 0.091, 0.009, 0.092, -0.101, 0.065, 0.026]"
ES,RTH,B1,390,MEDRQ_MEDRV,0,1901,0.006968570292352794,0.0024503974110580296,0.013945785027839039,0.022010171274791768,0.0015781167806417674,0.005128205128205128,1.358871207008795,0.09813640661148375,0.07198413107240109,0.09271324523331285,"[0.098, 0.072, 0.095, 0.082, 0.072, 0.09, 0.109, 0.055, 0.081, 0.093]"
NQ,RTH,B0,13,RQ_RV,2016,239,0.1496222587057064,0.06798779507894101,0.2836219512130425,0.39875622190051546,0.0,0.15384615384615385,0.9725446815870915,-0.007930724819823109,-0.09377018400068561,0.041017924407121285,"[-0.008, 0.079, 0.054, -0.022, -0.094, -0.024, 0.097, -0.071, 0.13, 0.041]"
NQ,RTH,B0,13,RQ_RV,2017,237,0.1546866872775451,0.0738042923778748,0.3463395872187952,0.42502928732564615,0.0,0.15384615384615385,1.005463467304043,0.019340646873724464,0.07042036933826938,0.007246658368110401,"[0.019, 0.037, -0.043, 0.013, 0.07, 0.095, -0.035, 0.004, -0.012, 0.007]"
NQ,RTH,B0,13,RQ_RV,2018,236,0.14578863805673614,0.07724529990589357,0.30168788378821476,0.39097376498559444,0.0,0.15384615384615385,0.9476261473687849,0.09870998194161527,0.09608804750534485,-0.09648315301426044,"[0.099, -0.086, 0.003, 0.032, 0.096, 0.027, 0.027, 0.073, 0.008, -0.096]"
NQ,RTH,B0,13,RQ_RV,2019,237,0.1423188987250173,0.08415190856331685,0.31159720254451945,0.4454017341695781,0.0,0.15384615384615385,0.9250728417126124,0.10368495739022417,0.008851404823909503,-0.10094561824993857,"[0.104, -0.029, -0.021, -0.086, 0.009, -0.042, -0.021, -0.038, 0.011, -0.101]"
NQ,RTH,B0,13,RQ_RV,2020,239,0.13911513357162902,0.07475568990356596,0.29596362773411805,0.376493849213264,0.0,0.15384615384615385,0.9042483682155886,-0.008275450866737035,0.06795078224096604,-0.07548435433894042,"[-0.008, 0.114, 0.028, -0.031, 0.068, -0.047, 0.036, -0.055, -0.036, -0.075]"
NQ,RTH,B0,13,RQ_RV,2021,239,0.15027387576392728,0.078779126063505,0.3040355504240603,0.43989728492631613,0.0,0.15384615384615385,0.9767801924655273,-0.09278850971370727,0.13598976399944812,0.038277236582351486,"[-0.093, 0.146, -0.092, 0.003, 0.136, -0.06, 0.024, 0.043, -0.027, 0.038]"
NQ,RTH,B0,13,RQ_RV,2022,238,0.14985625013569756,0.06792084925822534,0.3042801039004613,0.41733284887992345,0.0,0.15384615384615385,0.974065625882034,0.031665029409923134,0.012588948173030452,0.042579517825682374,"[0.032, -0.029, 0.011, 0.017, 0.013, -0.01, -0.029, 0.025, 0.075, 0.043]"
NQ,RTH,B0,13,RQ_RV,2023,236,0.14157979788140024,0.07203589901314994,0.2706836012797685,0.377954996321443,0.0,0.15384615384615385,0.9202686862291015,-0.03143406010507788,-0.08247991262533842,-0.046753920276756525,"[-0.031, 0.005, -0.048, 0.07, -0.082, 0.018, -0.025, 0.037, 0.03, -0.047]"
NQ,RTH,B0,13,RQ_RV,0,1901,0.14605823044483182,0.07452861951820088,0.3059290110599529,0.4239944617795681,0.0,0.15384615384615385,0.9493784978914068,0.024114025893453215,0.037013372184358836,-0.029839334943205762,"[0.024, 0.032, -0.003, 0.004, 0.037, 0.008, 0.013, 0.007, 0.019, -0.03]"
NQ,RTH,B0,13,TQ_BV,2016,239,0.12228204370303626,0.05777495856969611,0.2114376031763296,0.2757758829019679,0.0,0.15384615384615385,0.7948332840697356,-0.013051991872723665,-0.008730555316283157,-0.007407208107016235,"[-0.013, 0.06, 0.042, -0.001, -0.009, -0.007, 0.085, 0.014, 0.124, -0.007]"
NQ,RTH,B0,13,TQ_BV,2017,237,0.12334985665323964,0.07123231460645245,0.2192605206816619,0.25456421459708495,0.0,0.15384615384615385,0.8017740682460576,0.01783592537059147,0.023887928159276664,-0.061527374742005134,"[0.018, 0.07, -0.036, -0.026, 0.024, -0.006, 0.043, 0.014, -0.019, -0.062]"
NQ,RTH,B0,13,TQ_BV,2018,236,0.12984445505864559,0.06008822722711331,0.2364364604613449,0.2546623028942473,0.0,0.15384615384615385,0.8439889578811962,0.010744359926771776,0.04707587853837603,0.027565255917360938,"[0.011, -0.034, 0.041, -0.076, 0.047, 0.108, -0.01, -0.035, 0.078, 0.028]"
NQ,RTH,B0,13,TQ_BV,2019,237,0.12441531401008761,0.06768770643696995,0.23979021704318518,0.2892816043567034,0.0,0.15384615384615385,0.8086995410655694,0.11751407532093094,-0.12507318652183078,-0.07131223359676038,"[0.118, 0.05, -0.049, -0.049, -0.125, -0.031, -0.003, -0.002, 0.06, -0.071]"
NQ,RTH,B0,13,TQ_BV,2020,239,0.11680941168657386,0.04659709356762129,0.19071841244829588,0.21604580527607214,0.0,0.15384615384615385,0.75926117596273,-0.02298623674861467,0.07040685635070049,-0.014855607543359406,"[-0.023, -0.101, 0.022, 0.043, 0.07, -0.059, 0.023, 0.036, -0.087, -0.015]"
NQ,RTH,B0,13,TQ_BV,2021,239,0.12745651756109622,0.07129998389411882,0.21912507681910678,0.26147941328157087,0.0,0.15384615384615385,0.8284673641471254,0.020364179494400416,0.06940468943325295,0.050628108408771196,"[0.02, 0.027, -0.006, -0.082, 0.069, -0.036, 0.034, 0.076, 0.03, 0.051]"
NQ,RTH,B0,13,TQ_BV,2022,238,0.1256698126641852,0.06154707408507776,0.2202033702544345,0.2696896447890598,0.0,0.15384615384615385,0.8168537823172037,0.06639198996350686,0.12059112384987868,0.03590363903049908,"[0.066, 0.001, 0.001, 0.007, 0.121, 0.043, 0.028, -0.103, -0.003, 0.036]"
NQ,RTH,B0,13,TQ_BV,2023,236,0.12432674909120939,0.06482263679474576,0.2201601601011175,0.30592307723135737,0.0,0.15384615384615385,0.8081238690928609,-0.06265350248847863,-0.0003020447546661519,-0.007007580868232143,"[-0.063, 0.076, -0.064, -0.012, -0.0, 0.127, -0.099, 0.058, -0.066, -0.007]"
NQ,RTH,B0,13,TQ_BV,0,1901,0.12421000500857031,0.06366436648990655,0.21883405457183788,0.2708500247611444,0.0,0.15384615384615385,0.807365032555707,0.017451591318662894,0.027882848728326335,-0.005016448614084468,"[0.017, 0.029, -0.002, -0.022, 0.028, 0.024, 0.013, 0.017, 0.02, -0.005]"
NQ,RTH,B0,13,TRQ3_TRV3,2016,239,0.13931447083180248,0.056574131698159225,0.21658007699613593,0.2601070699542021,0.0,0.15384615384615385,0.9055440604067161,0.0729439704155653,-0.05462775682528107,-0.11527264668786606,"[0.073, 0.082, 0.05, -0.009, -0.055, 0.029, 0.092, 0.013, -0.009, -0.115]"
NQ,RTH,B0,13,TRQ3_TRV3,2017,237,0.14118868060473566,0.05773774910755612,0.2223596698006511,0.27456505902176176,0.0,0.15384615384615385,0.9177264239307817,-0.008865422558486364,-0.05574037895958923,0.12386840279594709,"[-0.009, 0.068, -0.057, 0.038, -0.056, -0.0, -0.087, -0.059, -0.06, 0.124]"
NQ,RTH,B0,13,TRQ3_TRV3,2018,236,0.1369862695195408,0.05299592503970031,0.22364801396267525,0.26630347641542396,0.0,0.15384615384615385,0.8904107518770151,0.02311626247689901,0.06454356174618613,-0.054906536749697726,"[0.023, -0.201, -0.073, 0.045, 0.065, -0.047, 0.083, 0.029, 0.033, -0.055]"
NQ,RTH,B0,13,TRQ3_TRV3,2019,237,0.1368048147352172,0.05944752227974025,0.22771510077474424,0.27010240069163094,0.0,0.15384615384615385,0.8892312957789117,0.05798705835217413,0.022445630419244782,-0.056862049495363894,"[0.058, -0.022, -0.003, -0.055, 0.022, -0.071, -0.115, -0.144, 0.032, -0.057]"
NQ,RTH,B0,13,TRQ3_TRV3,2020,239,0.13047270912793651,0.04439336225471502,0.21519076204062013,0.263580326418546,0.0,0.15384615384615385,0.8480726093315873,-0.0056868978902818185,0.004040326275395209,0.02552351736024125,"[-0.006, 0.081, -0.042, 0.015, 0.004, -0.169, -0.071, -0.107, 0.02, 0.026]"
NQ,RTH,B0,13,TRQ3_TRV3,2021,239,0.14095905337614673,0.04731449507038446,0.22740277993106786,0.26841530685125603,0.0,0.15384615384615385,0.9162338469449537,0.05635162165244586,0.028453578252833185,-0.01924434201561994,"[0.056, 0.125, 0.037, -0.026, 0.028, 0.019, 0.086, 0.034, 0.097, -0.019]"
NQ,RTH,B0,13,TRQ3_TRV3,2022,238,0.13508912103643145,0.05103773881009985,0.21206658317256513,0.2612496092284248,0.0,0.15384615384615385,0.8780792867368044,-0.00447623776858736,-0.05070569008837829,-0.027356367716047974,"[-0.004, 0.054, -0.068, -0.029, -0.051, 0.033, 0.013, 0.058, 0.074, -0.027]"
NQ,RTH,B0,13,TRQ3_TRV3,2023,236,0.13346603972525584,0.05226179893633269,0.22972146934603135,0.26629827207531415,0.0,0.15384615384615385,0.8675292582141629,0.07422153592667409,0.022554222261139865,0.03796868888679256,"[0.074, -0.012, 0.065, 0.139, 0.023, 0.029, 0.03, -0.028, -0.046, 0.038]"
NQ,RTH,B0,13,TRQ3_TRV3,0,1901,0.13664852182312873,0.05388839967595564,0.22170028064328892,0.2679584912595563,0.0,0.15384615384615385,0.8882153918503367,0.0422482306640326,0.006669096570648181,-0.005907906335242338,"[0.042, 0.025, 0.0, 0.019, 0.007, -0.015, 0.005, -0.021, 0.028, -0.006]"
NQ,RTH,B0,13,TRQ5_TRV5,2016,239,0.14867892827532206,0.06725268673187468,0.26034026657469045,0.31703155251345394,0.0,0.15384615384615385,0.9664130337895933,-0.06645349792348677,-0.05544416814515844,0.02898488542474053,"[-0.066, 0.087, 0.047, 0.011, -0.055, -0.057, 0.095, -0.14, 0.077, 0.029]"
NQ,RTH,B0,13,TRQ5_TRV5,2017,237,0.15246503495682742,0.06859352976398077,0.306519905373761,0.3783916352931578,0.0,0.15384615384615385,0.9910227272193782,0.045971603188870946,0.0544961289031601,0.034880295355297554,"[0.046, 0.063, -0.003, 0.027, 0.054, 0.074, -0.12, -0.04, -0.047, 0.035]"
NQ,RTH,B0,13,TRQ5_TRV5,2018,236,0.14517503567454432,0.07715580351401977,0.2956516675043362,0.3813302771967147,0.0,0.15384615384615385,0.943637731884538,0.07438197200309123,0.09895717144789337,-0.09621927387335974,"[0.074, -0.086, 0.003, 0.018, 0.099, 0.039, 0.028, 0.093, 0.021, -0.096]"
NQ,RTH,B0,13,TRQ5_TRV5,2019,237,0.14036765626952832,0.08193805054454296,0.28957347755422536,0.40958762043361363,0.0,0.15384615384615385,0.9123897657519341,0.06607123808030309,0.015252297530581065,-0.04472230794377901,"[0.066, -0.059, -0.013, -0.091, 0.015, -0.031, -0.032, -0.065, 0.007, -0.045]"
NQ,RTH,B0,13,TRQ5_TRV5,2020,239,0.13904569183264445,0.07138274165249453,0.26691652526201576,0.3641409376873514,0.0,0.15384615384615385,0.9037969969121888,-0.02653973405978952,0.06696799116680811,-0.09079617231332768,"[-0.027, 0.123, 0.015, 0.012, 0.067, -0.042, 0.001, -0.108, -0.025, -0.091]"
NQ,RTH,B0,13,TRQ5_TRV5,2021,239,0.14730838672140883,0.0749165113695624,0.2839927748186579,0.39216696523524563,0.0,0.15384615384615385,0.9575045136891573,-0.07657088137987851,0.03201342628144516,0.08337155449962129,"[-0.077, 0.136, -0.016, -0.044, 0.032, -0.046, 0.025, 0.069, 0.01, 0.083]"
NQ,RTH,B0,13,TRQ5_TRV5,2022,238,0.14814640294468623,0.06413749041029171,0.29760623789168617,0.3514823902400994,0.0,0.15384615384615385,0.9629516191404605,0.053938510049631155,0.07240933316244327,0.06088397093497568,"[0.054, -0.016, 0.031, 0.036, 0.072, 0.028, -0.044, 0.043, 0.131, 0.061]"
NQ,RTH,B0,13,TRQ5_TRV5,2023,236,0.14157979788140024,0.07157813982288175,0.26625969848300945,0.3474692189612554,0.0,0.15384615384615385,0.9202686862291015,-0.013454291767597906,-0.07512247179911236,-0.05089150936026098,"[-0.013, 0.002, -0.031, 0.067, -0.075, 0.02, -0.023, 0.04, 0.045, -0.051]"
NQ,RTH,B0,13,TRQ5_TRV5,0,1901,0.14490677667589166,0.07174581336290148,0.28697721057356407,0.3766513168632516,0.0,0.15384615384615385,0.9418940483932957,0.01649811173555385,0.034681243384032355,-0.015102211991548356,"[0.016, 0.029, 0.015, 0.002, 0.035, 0.006, -0.011, -0.009, 0.027, -0.015]"
NQ,RTH,B0,13,TRQ10_TRV10,2016,239,0.1496222587057064,0.06798779507894101,0.2836219512130425,0.39875622190051546,0.0,0.15384615384615385,0.9725446815870915,-0.007930724819823109,-0.09377018400068561,0.041017924407121285,"[-0.008, 0.079, 0.054, -0.022, -0.094, -0.024, 0.097, -0.071, 0.13, 0.041]"
NQ,RTH,B0,13,TRQ10_TRV10,2017,237,0.1546866872775451,0.0738042923778748,0.3463395872187952,0.42502928732564615,0.0,0.15384615384615385,1.005463467304043,0.019340646873724464,0.07042036933826938,0.007246658368110401,"[0.019, 0.037, -0.043, 0.013, 0.07, 0.095, -0.035, 0.004, -0.012, 0.007]"
NQ,RTH,B0,13,TRQ10_TRV10,2018,236,0.14578863805673614,0.07724529990589357,0.30168788378821476,0.39097376498559444,0.0,0.15384615384615385,0.9476261473687849,0.09870998194161527,0.09608804750534485,-0.09648315301426044,"[0.099, -0.086, 0.003, 0.032, 0.096, 0.027, 0.027, 0.073, 0.008, -0.096]"
NQ,RTH,B0,13,TRQ10_TRV10,2019,237,0.1423188987250173,0.08415190856331685,0.31159720254451945,0.4454017341695781,0.0,0.15384615384615385,0.9250728417126124,0.10368495739022417,0.008851404823909503,-0.10094561824993857,"[0.104, -0.029, -0.021, -0.086, 0.009, -0.042, -0.021, -0.038, 0.011, -0.101]"
NQ,RTH,B0,13,TRQ10_TRV10,2020,239,0.13911513357162902,0.07475568990356596,0.29596362773411805,0.376493849213264,0.0,0.15384615384615385,0.9042483682155886,-0.008275450866737035,0.06795078224096604,-0.07548435433894042,"[-0.008, 0.114, 0.028, -0.031, 0.068, -0.047, 0.036, -0.055, -0.036, -0.075]"
NQ,RTH,B0,13,TRQ10_TRV10,2021,239,0.15027387576392728,0.078779126063505,0.3040355504240603,0.43989728492631613,0.0,0.15384615384615385,0.9767801924655273,-0.09278850971370727,0.13598976399944812,0.038277236582351486,"[-0.093, 0.146, -0.092, 0.003, 0.136, -0.06, 0.024, 0.043, -0.027, 0.038]"
NQ,RTH,B0,13,TRQ10_TRV10,2022,238,0.14985625013569756,0.06792084925822534,0.3042801039004613,0.41733284887992345,0.0,0.15384615384615385,0.974065625882034,0.031665029409923134,0.012588948173030452,0.042579517825682374,"[0.032, -0.029, 0.011, 0.017, 0.013, -0.01, -0.029, 0.025, 0.075, 0.043]"
NQ,RTH,B0,13,TRQ10_TRV10,2023,236,0.14157979788140024,0.07203589901314994,0.2706836012797685,0.377954996321443,0.0,0.15384615384615385,0.9202686862291015,-0.03143406010507788,-0.08247991262533842,-0.046753920276756525,"[-0.031, 0.005, -0.048, 0.07, -0.082, 0.018, -0.025, 0.037, 0.03, -0.047]"
NQ,RTH,B0,13,TRQ10_TRV10,0,1901,0.14605823044483182,0.07452861951820088,0.3059290110599529,0.4239944617795681,0.0,0.15384615384615385,0.9493784978914068,0.024114025893453215,0.037013372184358836,-0.029839334943205762,"[0.024, 0.032, -0.003, 0.004, 0.037, 0.008, 0.013, 0.007, 0.019, -0.03]"
NQ,RTH,B0,13,MEDRQ_MEDRV,2016,239,0.1319190020301374,0.054536682596702635,0.28005901205003947,0.3867701463422362,0.0,0.15384615384615385,0.857473513195893,-0.00684734823920439,-0.07657891154763345,-0.2024163558301446,"[-0.007, 0.036, 0.031, -0.011, -0.077, 0.02, 0.046, 0.017, -0.039, -0.202]"
NQ,RTH,B0,13,MEDRQ_MEDRV,2017,237,0.13516070294957397,0.06785627278851301,0.2772007823107077,0.38450406565098866,0.0,0.15384615384615385,0.8785445691722308,-0.06460772711870043,-0.09900910214781887,0.08024575809026264,"[-0.065, 0.032, 0.11, -0.094, -0.099, -0.021, -0.063, 0.03, -0.002, 0.08]"
NQ,RTH,B0,13,MEDRQ_MEDRV,2018,236,0.12993506275759348,0.060482694452487815,0.2453791267198535,0.3008548569661334,0.0,0.15384615384615385,0.8445779079243576,0.04936369606994365,-0.017170180638568452,-0.07011113747919344,"[0.049, -0.118, 0.011, 0.089, -0.017, -0.051, -0.013, 0.045, 0.013, -0.07]"
NQ,RTH,B0,13,MEDRQ_MEDRV,2019,237,0.135680853224812,0.06157795714159686,0.26696658589112643,0.3561262466997615,0.0,0.15384615384615385,0.8819255459612779,-0.06500512890539016,-0.015894342119388456,-0.07283450991943342,"[-0.065, -0.024, -0.036, -0.009, -0.016, 0.025, -0.023, -0.068, -0.003, -0.073]"
NQ,RTH,B0,13,MEDRQ_MEDRV,2020,239,0.12235747561685369,0.06047265259211232,0.2586818059266226,0.3485475067465316,0.0,0.15384615384615385,0.7953235915095489,-0.024317847005259057,0.05059826161490275,0.12782412614847735,"[-0.024, 0.001, 0.019, -0.021, 0.051, 0.005, -0.045, -0.037, -0.068, 0.128]"
NQ,RTH,B0,13,MEDRQ_MEDRV,2021,239,0.13637301992041978,0.0657943019359763,0.27166537580498923,0.33908734660387735,0.0,0.15384615384615385,0.8864246294827285,-0.011018204660856113,0.2005081791868033,-0.02048553793280954,"[-0.011, 0.032, 0.024, -0.039, 0.201, 0.059, 0.132, 0.014, 0.025, -0.02]"
NQ,RTH,B0,13,MEDRQ_MEDRV,2022,238,0.12892462803360638,0.05500873707365819,0.26003908537119175,0.3316505547156117,0.0,0.15384615384615385,0.8380100822184414,0.017870827055344506,0.019071235289972437,-0.00157182670022158,"[0.018, 0.06, -0.003, 0.011, 0.019, 0.079, -0.083, 0.052, -0.015, -0.002]"
NQ,RTH,B0,13,MEDRQ_MEDRV,2023,236,0.13041648412190102,0.05906590928681943,0.27032431132432,0.3966829048872405,0.0,0.15384615384615385,0.8477071467923566,0.01931300937369262,0.0018301251509436436,-0.033901835375574424,"[0.019, -0.079, -0.003, 0.064, 0.002, 0.055, 0.054, -0.021, -0.106, -0.034]"
NQ,RTH,B0,13,MEDRQ_MEDRV,0,1901,0.13055575198082542,0.06073954644171227,0.2679815533099036,0.36109762474289697,0.0,0.15384615384615385,0.8486123878753652,-0.004516343504997225,0.016617720830953534,-0.025760322226730033,"[-0.005, -0.004, 0.028, 0.002, 0.017, 0.025, 0.005, 0.007, -0.012, -0.026]"
NQ,RTH,B0,26,RQ_RV,2016,239,0.08885172484088967,0.04610157317569419,0.18678582858382964,0.2527364716935351,0.0,0.07692307692307693,1.1550724229315656,0.15412206917321514,0.03667898102266472,0.04330175643137462,"[0.154, 0.011, 0.066, 0.119, 0.037, -0.033, 0.015, 0.078, 0.033, 0.043]"
NQ,RTH,B0,26,RQ_RV,2017,237,0.09465766256210888,0.043097775180319514,0.19169433342821823,0.32243951449368097,0.0,0.07692307692307693,1.2305496133074154,0.05098627314481286,0.01262706610967421,0.11039699457752906,"[0.051, -0.008, -0.022, -0.055, 0.013, 0.092, 0.011, 0.044, 0.007, 0.11]"
NQ,RTH,B0,26,RQ_RV,2018,236,0.08198581711781605,0.038826028843293475,0.17286908111736554,0.23782405428516054,0.0,0.07692307692307693,1.0658156225316087,0.1890775975549219,0.09237151929178315,0.09489580719013094,"[0.189, 0.053, 0.177, 0.087, 0.092, 0.156, 0.214, 0.153, 0.051, 0.095]"
NQ,RTH,B0,26,RQ_RV,2019,237,0.09239142811414283,0.0450674872532599,0.21128158379169937,0.3028721859156341,0.0,0.07692307692307693,1.2010885654838568,0.13567855620956282,0.07897432372834763,-0.09740958385657673,"[0.136, -0.005, 0.047, 0.011, 0.079, 0.003, 0.025, 0.008, 0.024, -0.097]"
NQ,RTH,B0,26,RQ_RV,2020,239,0.08348157582229121,0.04573953563505277,0.17710582668740366,0.22718609925383854,0.0,0.07692307692307693,1.0852604856897856,0.028481510375938265,0.04201121369239351,-0.008258388595310034,"[0.028, 0.121, 0.035, -0.015, 0.042, -0.011, -0.037, 0.004, 0.0, -0.008]"
NQ,RTH,B0,26,RQ_RV,2021,239,0.08789134377308452,0.05002442002350091,0.20036562017857634,0.2906707469745245,0.0,0.07692307692307693,1.1425874690500988,-0.03634510340727295,0.11170191872708132,0.054334034180499424,"[-0.036, 0.092, 0.019, 0.039, 0.112, -0.062, 0.035, 0.023, 0.093, 0.054]"
NQ,RTH,B0,26,RQ_RV,2022,238,0.08716435980418231,0.0449398715393603,0.17482610161319553,0.26746985604293994,0.0,0.07692307692307693,1.13313667745437,0.09162775744872549,-0.06621763337938173,0.11316305644619462,"[0.092, 0.033, 0.034, -0.021, -0.066, 0.08, 0.096, 0.09, 0.073, 0.113]"
NQ,RTH,B0,26,RQ_RV,2023,236,0.08360412056085657,0.036551548968596484,0.18430972668161152,0.23533831824331866,0.0,0.07692307692307693,1.0868535672911355,0.019601824443548126,0.047961813073744836,-0.0714046760259939,"[0.02, -0.059, 0.067, 0.133, 0.048, 0.055, 0.015, -0.02, -0.005, -0.071]"
NQ,RTH,B0,26,RQ_RV,0,1901,0.08724177755004169,0.04433079906307484,0.19023429528539038,0.27638808867104986,0.0,0.07692307692307693,1.1341431081505418,0.09362236302171156,0.06612139623404063,0.039712870429314075,"[0.094, 0.051, 0.072, 0.055, 0.066, 0.05, 0.059, 0.061, 0.054, 0.04]"
NQ,RTH,B0,26,TQ_BV,2016,239,0.0729581498302958,0.03356374519774752,0.1329588643299197,0.1550948847915077,0.0,0.07692307692307693,0.9484559477938455,-0.012413872022345316,0.029331971354553097,-0.04503714007307559,"[-0.012, 0.027, -0.053, 0.008, 0.029, -0.04, 0.036, 0.028, -0.15, -0.045]"
NQ,RTH,B0,26,TQ_BV,2017,237,0.07987264480700355,0.042951684533446964,0.1475403276545042,0.18748813138927953,0.0,0.07692307692307693,1.038344382491046,0.029145296209755624,0.027803379371404483,-0.011472650856052003,"[0.029, 0.038, 0.043, -0.015, 0.028, 0.025, 0.026, -0.119, 0.025, -0.011]"
NQ,RTH,B0,26,TQ_BV,2018,236,0.07452302413677805,0.03693697254728218,0.13098888581544404,0.15992796249178667,0.0,0.07692307692307693,0.9687993137781147,0.040627950300447656,0.006912041023250293,0.00183576077415842,"[0.041, 0.058, 0.012, 0.02, 0.007, 0.14, 0.025, 0.012, -0.099, 0.002]"
NQ,RTH,B0,26,TQ_BV,2019,237,0.07891651223566698,0.039199138758460414,0.14630311399579604,0.20143233373517022,0.0,0.07692307692307693,1.0259146590636707,0.013155517316120684,-0.033201608099561436,-0.016873834460362527,"[0.013, -0.008, -0.034, -0.032, -0.033, -0.016, -0.04, -0.027, 0.017, -0.017]"
NQ,RTH,B0,26,TQ_BV,2020,239,0.07127961539819487,0.031940583677374214,0.13142239406394846,0.16912729733404358,0.0,0.07692307692307693,0.9266350001765332,-0.05563164094162282,0.03147056603764471,0.04142530462950174,"[-0.056, 0.062, 0.136, -0.031, 0.031, 0.013, -0.031, -0.036, -0.025, 0.041]"
NQ,RTH,B0,26,TQ_BV,2021,239,0.07252148801615269,0.04222144635434985,0.16079275677952315,0.21040789702111423,0.0,0.07692307692307693,0.9427793442099849,0.010721843714039937,0.01636433390689219,0.10156560085804835,"[0.011, 0.005, -0.035, -0.011, 0.016, -0.014, -0.093, 0.108, -0.027, 0.102]"
NQ,RTH,B0,26,TQ_BV,2022,238,0.07244040919169323,0.031982774727868604,0.13344553370789117,0.15355477311030366,0.0,0.07692307692307693,0.9417253194920119,0.02467492709645703,0.019544760341105468,-0.08301760203478044,"[0.025, -0.028, -0.018, -0.037, 0.02, 0.016, -0.084, -0.017, 0.099, -0.083]"
NQ,RTH,B0,26,TQ_BV,2023,236,0.0761606699235424,0.03709933192708692,0.15446699648406592,0.18239762031542525,0.0,0.07692307692307693,0.9900887090060511,0.015074625123177272,0.03523254565516939,-0.06740785068749573,"[0.015, -0.016, -0.031, 0.159, 0.035, 0.019, -0.136, -0.087, 0.009, -0.067]"
NQ,RTH,B0,26,TQ_BV,0,1901,0.07453059773778105,0.03656781555508577,0.14199882357502763,0.1851501013206836,0.0,0.07692307692307693,0.9688977705911536,0.018484027317321135,0.02103624236851924,0.003365393526233961,"[0.018, 0.027, 0.013, 0.016, 0.021, 0.021, -0.021, -0.018, -0.004, 0.003]"
NQ,RTH,B0,26,TRQ3_TRV3,2016,239,0.07668263828287823,0.026117640292920352,0.11415786386035133,0.1578918434933133,0.0,0.07692307692307693,0.996874297677417,0.13745338467495766,-0.035063440739665365,0.007547177699037916,"[0.137, 0.049, -0.077, 0.078, -0.035, 0.067, 0.098, 0.19, 0.013, 0.008]"
NQ,RTH,B0,26,TRQ3_TRV3,2017,237,0.0818761913067725,0.026427928767285905,0.11352585487188963,0.1382807677412901,0.0,0.07692307692307693,1.0643904869880425,0.06860032215956516,0.0642442980656903,0.07798230027349547,"[0.069, -0.029, 0.063, 0.056, 0.064, 0.018, 0.087, -0.063, -0.011, 0.078]"
NQ,RTH,B0,26,TRQ3_TRV3,2018,236,0.0748135423345439,0.02279377368239692,0.11638890874586856,0.14361794493015514,0.0,0.07692307692307693,0.9725760503490707,0.06312092237957054,0.10874626213430463,0.0321018455309536,"[0.063, 0.052, 0.065, 0.16, 0.109, 0.153, 0.089, -0.05, 0.069, 0.032]"
NQ,RTH,B0,26,TRQ3_TRV3,2019,237,0.08114721613639331,0.022991732798514797,0.11678899354282629,0.14784297151871953,0.0,0.07692307692307693,1.054913809773113,0.01209557574904781,0.0029636067246473696,-0.1570876584543774,"[0.012, -0.055, 0.098, 0.057, 0.003, 0.023, -0.03, 0.044, -0.048, -0.157]"
NQ,RTH,B0,26,TRQ3_TRV3,2020,239,0.07462622057168034,0.025580137431898353,0.11211961091521654,0.1237963655505945,0.0,0.07692307692307693,0.9701408674318444,-0.03720059719085924,-0.014530230561850484,0.006359195260196145,"[-0.037, 0.038, 0.036, 0.048, -0.015, 0.032, -0.017, 0.056, 0.01, 0.006]"
NQ,RTH,B0,26,TRQ3_TRV3,2021,239,0.07744316647830744,0.028378043120105334,0.11518053911335008,0.13981575715131633,0.0,0.07692307692307693,1.0067611642179968,-0.130056525161114,0.15570563671154802,0.04487842089225816,"[-0.13, -0.036, -0.032, -0.073, 0.156, 0.028, -0.014, 0.04, 0.022, 0.045]"
NQ,RTH,B0,26,TRQ3_TRV3,2022,238,0.07740009669098238,0.02675581166608053,0.12036024823153953,0.14800562177039137,0.0,0.07692307692307693,1.006201256982771,-0.03459134868059748,-0.017919504185361573,-0.07416402325908741,"[-0.035, -0.036, -0.017, -0.025, -0.018, 0.06, 0.017, -0.021, -0.036, -0.074]"
NQ,RTH,B0,26,TRQ3_TRV3,2023,236,0.07828680664928561,0.02464032643508346,0.12254305700187738,0.1296494862273095,0.0,0.07692307692307693,1.0177284864407128,-0.0020488505171068743,0.049413892296140904,-0.017479070791221595,"[-0.002, 0.067, 0.058, 0.003, 0.049, 0.03, -0.067, 0.025, -0.033, -0.017]"
NQ,RTH,B0,26,TRQ3_TRV3,0,1901,0.0777506138790311,0.025942783294802804,0.11631949715740052,0.14325652877084458,0.0,0.07692307692307693,1.010757980427404,0.026299550842074033,0.05651132924790849,0.00023495930654421598,"[0.026, 0.018, 0.037, 0.053, 0.057, 0.059, 0.034, 0.048, 0.016, 0.0]"
NQ,RTH,B0,26,TRQ5_TRV5,2016,239,0.08751986107922834,0.04572399070405253,0.1703272373100133,0.24682479980810437,0.0,0.07692307692307693,1.1377581940299684,0.15373769467421614,0.0722739453550382,0.028638444407904026,"[0.154, 0.006, 0.062, 0.091, 0.072, -0.035, 0.032, 0.061, -0.058, 0.029]"
NQ,RTH,B0,26,TRQ5_TRV5,2017,237,0.0942363360560632,0.038490893234548906,0.17471078337509868,0.2192047415796724,0.0,0.07692307692307693,1.2250723687288216,-0.014686502377175134,0.032379557753211455,0.046613174817088536,"[-0.015, 0.048, -0.025, -0.072, 0.032, 0.042, -0.05, 0.016, 0.039, 0.047]"
NQ,RTH,B0,26,TRQ5_TRV5,2018,236,0.08133158690029409,0.034760687603732826,0.16350358881088672,0.21110628610122772,0.0,0.07692307692307693,1.057310629703823,0.21640032536400597,0.07302075755437683,0.1179574272929278,"[0.216, 0.082, 0.146, 0.112, 0.073, 0.137, 0.141, 0.195, 0.019, 0.118]"
NQ,RTH,B0,26,TRQ5_TRV5,2019,237,0.09078620528595446,0.04183017211187452,0.18314878445787286,0.234830932774103,0.0,0.07692307692307693,1.180220668717408,0.07997109186043573,0.0944527873679433,-0.09923424026304964,"[0.08, 0.006, 0.042, -0.0, 0.094, -0.003, 0.043, -0.037, 0.034, -0.099]"
NQ,RTH,B0,26,TRQ5_TRV5,2020,239,0.08278994806619357,0.041500894139528136,0.16583396410823167,0.20523715406071202,0.0,0.07692307692307693,1.0762693248605164,0.13401373706982728,0.06384997195319068,0.02636556228638521,"[0.134, 0.195, 0.05, -0.005, 0.064, 0.033, -0.002, 0.034, -0.005, 0.026]"
NQ,RTH,B0,26,TRQ5_TRV5,2021,239,0.08727061989500387,0.047646439471593194,0.1696566223028881,0.24593150883678708,0.0,0.07692307692307693,1.1345180586350503,-0.08483598855082884,0.1131384499714514,0.0726624331444447,"[-0.085, 0.072, 0.053, -0.017, 0.113, -0.031, 0.064, 0.01, 0.069, 0.073]"
NQ,RTH,B0,26,TRQ5_TRV5,2022,238,0.08716435980418231,0.043837526051621264,0.16813170065288324,0.2299845352974801,0.0,0.07692307692307693,1.13313667745437,0.07179425191458431,-0.04523472752840421,0.10873542792361988,"[0.072, 0.035, 0.031, -0.021, -0.045, 0.124, 0.089, 0.045, 0.039, 0.109]"
NQ,RTH,B0,26,TRQ5_TRV5,2023,236,0.08308407667927338,0.03668842368129663,0.17275840838349893,0.22580315527362135,0.0,0.07692307692307693,1.080092996830554,0.07105239290110968,0.05729130743943141,-0.010364487059233308,"[0.071, -0.072, 0.068, 0.084, 0.057, 0.02, 0.009, -0.026, -0.028, -0.01]"
NQ,RTH,B0,26,TRQ5_TRV5,0,1901,0.08644999403723831,0.0422464405667637,0.1720187959515616,0.22930413901960287,0.0,0.07692307692307693,1.123849922484098,0.08902988461497126,0.07779596523535698,0.05025046875651149,"[0.089, 0.061, 0.068, 0.037, 0.078, 0.047, 0.05, 0.052, 0.029, 0.05]"
NQ,RTH,B0,26,TRQ10_TRV10,2016,239,0.08885172484088967,0.04610157317569419,0.18678582858382964,0.2527364716935351,0.0,0.07692307692307693,1.1550724229315656,0.15412206917321514,0.03667898102266472,0.04330175643137462,"[0.154, 0.011, 0.066, 0.119, 0.037, -0.033, 0.015, 0.078, 0.033, 0.043]"
NQ,RTH,B0,26,TRQ10_TRV10,2017,237,0.09465766256210888,0.043097775180319514,0.19169433342821823,0.32243951449368097,0.0,0.07692307692307693,1.2305496133074154,0.05098627314481286,0.01262706610967421,0.11039699457752906,"[0.051, -0.008, -0.022, -0.055, 0.013, 0.092, 0.011, 0.044, 0.007, 0.11]"
NQ,RTH,B0,26,TRQ10_TRV10,2018,236,0.08198581711781605,0.038826028843293475,0.17286908111736554,0.23782405428516054,0.0,0.07692307692307693,1.0658156225316087,0.1890775975549219,0.09237151929178315,0.09489580719013094,"[0.189, 0.053, 0.177, 0.087, 0.092, 0.156, 0.214, 0.153, 0.051, 0.095]"
NQ,RTH,B0,26,TRQ10_TRV10,2019,237,0.09157866104368918,0.04502159882822644,0.210378968254016,0.28741876066802086,0.0,0.07692307692307693,1.1905225935679593,0.12298839770902582,0.08642805523675123,-0.07403572817340451,"[0.123, 0.026, 0.055, -0.014, 0.086, -0.007, 0.018, 0.028, 0.046, -0.074]"
NQ,RTH,B0,26,TRQ10_TRV10,2020,239,0.08348157582229121,0.04573953563505277,0.17710582668740366,0.22718609925383854,0.0,0.07692307692307693,1.0852604856897856,0.028481510375938265,0.04201121369239351,-0.008258388595310034,"[0.028, 0.121, 0.035, -0.015, 0.042, -0.011, -0.037, 0.004, 0.0, -0.008]"
NQ,RTH,B0,26,TRQ10_TRV10,2021,239,0.08789134377308452,0.05002442002350091,0.20036562017857634,0.2906707469745245,0.0,0.07692307692307693,1.1425874690500988,-0.03634510340727295,0.11170191872708132,0.054334034180499424,"[-0.036, 0.092, 0.019, 0.039, 0.112, -0.062, 0.035, 0.023, 0.093, 0.054]"
NQ,RTH,B0,26,TRQ10_TRV10,2022,238,0.08716435980418231,0.0449398715393603,0.17482610161319553,0.26746985604293994,0.0,0.07692307692307693,1.13313667745437,0.09162775744872549,-0.06621763337938173,0.11316305644619462,"[0.092, 0.033, 0.034, -0.021, -0.066, 0.08, 0.096, 0.09, 0.073, 0.113]"
NQ,RTH,B0,26,TRQ10_TRV10,2023,236,0.08360412056085657,0.036551548968596484,0.18430972668161152,0.23533831824331866,0.0,0.07692307692307693,1.0868535672911355,0.019601824443548126,0.047961813073744836,-0.0714046760259939,"[0.02, -0.059, 0.067, 0.133, 0.048, 0.055, 0.015, -0.02, -0.005, -0.071]"
NQ,RTH,B0,26,TRQ10_TRV10,0,1901,0.08718102614846171,0.04412928151434371,0.19015545754399252,0.2707381034622924,0.0,0.07692307692307693,1.1333533399300022,0.09088071251498923,0.06629404048270422,0.04342139944059271,"[0.091, 0.055, 0.073, 0.051, 0.066, 0.048, 0.058, 0.064, 0.057, 0.043]"
NQ,RTH,B0,26,MEDRQ_MEDRV,2016,239,0.07761485628300527,0.03438695552416568,0.16093117288862488,0.21648444722704485,0.0,0.07692307692307693,1.0089931316790683,0.03563987610572242,-0.08805448445808353,-0.06090027975012069,"[0.036, -0.013, -0.013, 0.023, -0.088, 0.042, 0.127, 0.157, -0.079, -0.061]"
NQ,RTH,B0,26,MEDRQ_MEDRV,2017,237,0.08207835131364889,0.04419864681919597,0.1646751695275866,0.22560989647845842,0.0,0.07692307692307693,1.0670185670774355,0.0013520244344821426,-0.09856582185073234,0.07400263575951091,"[0.001, -0.005, 0.125, 0.013, -0.099, 0.076, 0.035, -0.107, 0.149, 0.074]"
NQ,RTH,B0,26,MEDRQ_MEDRV,2018,236,0.07597201059238143,0.03325236725102773,0.15083516329118207,0.22108772284174918,0.0,0.07692307692307693,0.9876361377009585,0.1259865697519273,0.08487283874958003,-0.012583595484073918,"[0.126, 0.093, 0.078, 0.104, 0.085, 0.106, 0.115, 0.038, -0.027, -0.013]"
NQ,RTH,B0,26,MEDRQ_MEDRV,2019,237,0.08271074942069465,0.042453871388384246,0.1570668619685063,0.2122344066194308,0.0,0.07692307692307693,1.0752397424690303,0.07564699748497425,-0.04221612759473717,-0.17293622162754202,"[0.076, -0.063, 0.025, 0.023, -0.042, -0.053, 0.019, 0.159, -0.024, -0.173]"
NQ,RTH,B0,26,MEDRQ_MEDRV,2020,239,0.07511396512775764,0.03704872689747072,0.14077846234785743,0.19228009813298216,0.0,0.07692307692307693,0.9764815466608493,-0.00612075794088328,0.030039687964386594,-0.04797932679977993,"[-0.006, 0.148, 0.133, 0.076, 0.03, -0.016, -0.016, 0.094, -0.013, -0.048]"
NQ,RTH,B0,26,MEDRQ_MEDRV,2021,239,0.07892869343092551,0.039350248463510526,0.15826666358457184,0.2772041685301668,0.0,0.07692307692307693,1.0260730146020316,0.016681085281847752,0.06647513388551766,0.011532593569649885,"[0.017, -0.042, -0.015, 0.008, 0.066, -0.046, 0.002, 0.007, -0.033, 0.012]"
NQ,RTH,B0,26,MEDRQ_MEDRV,2022,238,0.07713884096229043,0.039437196731062246,0.17578447876162642,0.21327153440132177,0.0,0.07692307692307693,1.0028049325097754,0.09024648943839318,-0.057394120359411556,-0.12909290921990463,"[0.09, 0.045, -0.045, -0.057, -0.057, 0.108, 0.043, -0.058, 0.054, -0.129]"
NQ,RTH,B0,26,MEDRQ_MEDRV,2023,236,0.08100623384304989,0.03931057435469466,0.1588556999202384,0.19653385082329522,0.0,0.07692307692307693,1.0530810399596484,-0.10286418621807647,0.023790250105083496,0.019699654162913884,"[-0.103, 0.066, 0.017, -0.021, 0.024, 0.031, -0.115, 0.093, -0.082, 0.02]"
NQ,RTH,B0,26,MEDRQ_MEDRV,0,1901,0.07865639071937239,0.03827277843845528,0.16047426973994597,0.21618903939870202,0.0,0.07692307692307693,1.022533079351841,0.03861604536003122,-0.0016748765855158284,-0.031108511669905414,"[0.039, 0.035, 0.042, 0.021, -0.002, 0.035, 0.036, 0.056, 0.004, -0.031]"
NQ,RTH,B0,78,RQ_RV,2016,239,0.03621638434602662,0.017626126928641704,0.07557795559258207,0.14165961341127783,0.0,0.02564102564102564,1.4124389894950382,0.1286644011302053,0.19455090256640176,0.08028534369801744,"[0.129, 0.149, 0.094, 0.114, 0.195, 0.15, 0.11, 0.138, 0.076, 0.08]"
NQ,RTH,B0,78,RQ_RV,2017,237,0.03988760129161166,0.01709102587314372,0.0903253434192437,0.1281152766883234,0.0,0.02564102564102564,1.555616450372855,0.07502105935582715,0.0796280698322044,0.0031729584803371806,"[0.075, 0.034, 0.046, -0.05, 0.08, -0.023, 0.01, 0.009, 0.063, 0.003]"
NQ,RTH,B0,78,RQ_RV,2018,236,0.033467196180133774,0.015094994967153563,0.06041589700054438,0.1215251542523341,0.0,0.02564102564102564,1.3052206510252171,0.17846479891941916,0.09086513481295304,0.054409957596631656,"[0.178, 0.1, 0.134, 0.13, 0.091, 0.054, 0.085, 0.175, 0.079, 0.054]"
NQ,RTH,B0,78,RQ_RV,2019,237,0.040412184846317714,0.022278411865860354,0.09474623643000639,0.14673054121645016,0.0,0.02564102564102564,1.576075209006391,-0.00963523470889909,0.042864949983720355,0.012971046521350223,"[-0.01, -0.03, 0.061, -0.017, 0.043, -0.045, 0.076, 0.07, 0.038, 0.013]"
NQ,RTH,B0,78,RQ_RV,2020,239,0.0326943319320284,0.013354971357380709,0.07816302035956929,0.10839847906073498,0.0,0.02564102564102564,1.2750789453491076,0.16133753549518934,-0.031592971744236614,-0.03807734546064934,"[0.161, 0.067, 0.077, 0.046, -0.032, 0.06, -0.001, 0.102, -0.005, -0.038]"
NQ,RTH,B0,78,RQ_RV,2021,239,0.03718594890934379,0.017597141436317507,0.09355975641415469,0.14625834868876014,0.0,0.02564102564102564,1.4502520074644079,0.03931283234240315,0.07348480021582908,-0.08175104491655287,"[0.039, 0.077, 0.014, 0.113, 0.073, 0.015, 0.059, 0.055, 0.104, -0.082]"
NQ,RTH,B0,78,RQ_RV,2022,238,0.03348545846719467,0.015463497556601369,0.07628413022018436,0.11075005428367643,0.0,0.02564102564102564,1.305932880220592,0.0682418474376431,0.0023177873388406985,0.08841746660552804,"[0.068, -0.037, 0.066, 0.011, 0.002, 0.02, 0.036, 0.082, 0.158, 0.088]"
NQ,RTH,B0,78,RQ_RV,2023,236,0.035088580818544594,0.015995102634710476,0.06976137736449468,0.09612525217878208,0.0,0.02564102564102564,1.3684546519232392,0.011100068188175508,0.02262052038415985,0.010073497775657953,"[0.011, 0.05, 0.012, 0.043, 0.023, -0.095, 0.066, -0.024, 0.073, 0.01]"
NQ,RTH,B0,78,RQ_RV,0,1901,0.03593225608334136,0.018275107440213923,0.08069957726478207,0.12885257025723598,0.0,0.02564102564102564,1.401357987250313,0.12187145195677483,0.11206387275290251,0.05866014872204542,"[0.122, 0.093, 0.115, 0.097, 0.112, 0.072, 0.097, 0.118, 0.119, 0.059]"
NQ,RTH,B0,78,TQ_BV,2016,239,0.03029207366490483,0.014048959614708811,0.05568275545958905,0.08273917727966218,0.0,0.02564102564102564,1.1813908729312883,0.0943639926713507,0.0810670176299908,0.06540414285767124,"[0.094, 0.039, 0.038, 0.075, 0.081, 0.045, 0.148, 0.158, 0.035, 0.065]"
NQ,RTH,B0,78,TQ_BV,2017,237,0.03318279002080122,0.014026115440702976,0.058597682970216246,0.07906152555970106,0.0,0.02564102564102564,1.2941288108112476,-0.015407859711595164,0.0925512851262701,-0.056082797704313764,"[-0.015, 0.102, 0.056, 0.161, 0.093, -0.077, 0.063, -0.015, 0.053, -0.056]"
NQ,RTH,B0,78,TQ_BV,2018,236,0.02810809747776751,0.011933814996166619,0.0575175226760031,0.08015059077892896,0.0,0.02564102564102564,1.096215801632933,0.08981007859149609,0.144963251196102,-0.043285183256070246,"[0.09, 0.082, 0.098, 0.023, 0.145, 0.043, 0.068, -0.035, 0.002, -0.043]"
NQ,RTH,B0,78,TQ_BV,2019,237,0.03192558167836459,0.014779082278522874,0.0604764356920406,0.08781296924631252,0.0,0.02564102564102564,1.245097685456219,0.00179811605318562,0.0055328003396307055,-0.1928817341828849,"[0.002, 0.049, -0.007, 0.005, 0.006, -0.002, -0.021, 0.034, 0.13, -0.193]"
NQ,RTH,B0,78,TQ_BV,2020,239,0.028526274274262367,0.010349206037970807,0.05013243028119503,0.07165822865622991,0.0,0.02564102564102564,1.1125246966962323,0.0401619842281317,0.02459799828267191,0.007193776244738078,"[0.04, 0.004, 0.038, 0.123, 0.025, 0.138, 0.069, 0.001, 0.083, 0.007]"
NQ,RTH,B0,78,TQ_BV,2021,239,0.031294443354903376,0.015272447113973804,0.06104762145996582,0.08072792652747053,0.0,0.02564102564102564,1.2204832908412317,0.16637582142926607,0.012446741844249532,-0.026241103924929596,"[0.166, 0.004, -0.009, 0.073, 0.012, 0.045, 0.007, 0.018, 0.143, -0.026]"
NQ,RTH,B0,78,TQ_BV,2022,238,0.029947643080555704,0.01370667093151949,0.062202521144426606,0.0834269120492669,0.0,0.02564102564102564,1.1679580801416725,-0.08219633274610738,0.004912745295231553,-0.008172559502872682,"[-0.082, 0.003, 0.083, 0.012, 0.005, 0.035, -0.056, 0.073, 0.045, -0.008]"
NQ,RTH,B0,78,TQ_BV,2023,236,0.029514961200645333,0.01098538466833859,0.05718246121548746,0.07555118633165486,0.0,0.02564102564102564,1.151083486825168,0.029568493664020014,0.0846339886017978,0.08109512545540035,"[0.03, -0.012, 0.13, 0.147, 0.085, 0.102, 0.013, -0.06, 0.107, 0.081]"
NQ,RTH,B0,78,TQ_BV,0,1901,0.03017194282910931,0.013249085109565916,0.058402317374064254,0.08351718670616942,0.0,0.02564102564102564,1.176705770335263,0.060693713618035015,0.08138599942622263,-0.01241944796215691,"[0.061, 0.051, 0.067, 0.089, 0.081, 0.046, 0.057, 0.042, 0.094, -0.012]"
NQ,RTH,B0,78,TRQ3_TRV3,2016,239,0.02886387701743812,0.006246704346228524,0.03713086874875336,0.04635609599304564,0.0,0.02564102564102564,1.1256912036800868,0.11546827392770655,0.2227437887727427,0.10810647069305455,"[0.115, 0.049, 0.136, 0.088, 0.223, 0.172, 0.095, 0.067, 0.158, 0.108]"
NQ,RTH,B0,78,TRQ3_TRV3,2017,237,0.030700715057341718,0.006395367975470724,0.0386218334466586,0.04278705064406362,0.0,0.02564102564102564,1.197327887236327,0.0366258556941307,-0.03761874873819663,-0.06330181062248785,"[0.037, -0.013, -0.014, 0.012, -0.038, -0.026, -0.076, 0.042, 0.065, -0.063]"
NQ,RTH,B0,78,TRQ3_TRV3,2018,236,0.02675236049909253,0.007712689370535271,0.03650209241761832,0.04507531193432644,0.0,0.02564102564102564,1.0433420594646088,0.20092095942672142,0.13547220735349094,0.06350256045900542,"[0.201, 0.103, 0.169, 0.113, 0.135, 0.045, 0.114, 0.065, 0.016, 0.064]"
NQ,RTH,B0,78,TRQ3_TRV3,2019,237,0.029077127018001272,0.006526248719816566,0.04173383730205514,0.05550878946474639,0.0,0.02564102564102564,1.1340079537020495,0.09580298963876067,-0.023688914282762652,0.006847938426010509,"[0.096, 0.022, 0.1, -0.022, -0.024, -0.106, 0.002, 0.079, 0.038, 0.007]"
NQ,RTH,B0,78,TRQ3_TRV3,2020,239,0.027466996656299012,0.005881992286222701,0.03625016271946312,0.04112264080877923,0.0,0.02564102564102564,1.0712128695956615,0.0959454253154313,0.06125625960537719,-0.0002666008956995605,"[0.096, 0.036, 0.038, 0.055, 0.061, 0.076, 0.072, 0.073, -0.056, -0.0]"
NQ,RTH,B0,78,TRQ3_TRV3,2021,239,0.028857969888111092,0.007156769486980401,0.038671159670291784,0.043073652628318124,0.0,0.02564102564102564,1.1254608256363325,0.09873899284031483,0.07944426582047087,-0.007402602053149636,"[0.099, 0.093, 0.013, 0.099, 0.079, 0.118, 0.108, 0.149, 0.005, -0.007]"
NQ,RTH,B0,78,TRQ3_TRV3,2022,238,0.02770177865760548,0.00571606260007294,0.039829596340384604,0.04946796800601078,0.0,0.02564102564102564,1.0803693676466137,-0.03143816294889752,-0.04061830531268221,0.058425438773238074,"[-0.031, 0.0, 0.073, 0.073, -0.041, 0.165, 0.187, 0.039, 0.114, 0.058]"
NQ,RTH,B0,78,TRQ3_TRV3,2023,236,0.02839719130742286,0.00669064507738442,0.03762945806004484,0.04470910392299209,0.0,0.02564102564102564,1.1074904609894916,0.011134225034222314,-0.003037430633025686,0.012003599871156399,"[0.011, 0.07, 0.066, 0.081, -0.003, -0.079, -0.003, -0.08, 0.005, 0.012]"
NQ,RTH,B0,78,TRQ3_TRV3,0,1901,0.02842231198192918,0.006823703003778353,0.038804112423647764,0.046552736209534804,0.0,0.02564102564102564,1.108470167295238,0.11678920036711388,0.08689893084539989,0.06207844891911095,"[0.117, 0.082, 0.114, 0.101, 0.087, 0.08, 0.1, 0.097, 0.078, 0.062]"
NQ,RTH,B0,78,TRQ5_TRV5,2016,239,0.03523692997148913,0.014475374724460848,0.060529145831047036,0.07182655221963631,0.0,0.02564102564102564,1.3742402688880762,0.24249230921233594,0.2216486994207169,0.07815516540227199,"[0.242, 0.137, 0.058, 0.148, 0.222, 0.174, 0.163, 0.083, 0.1, 0.078]"
NQ,RTH,B0,78,TRQ5_TRV5,2017,237,0.038413764781202245,0.015153656855849934,0.06257330292613081,0.07415474232393748,0.0,0.02564102564102564,1.4981368264668875,0.02545060841011223,-0.019810718804317333,0.058014597557161644,"[0.025, 0.015, 0.142, -0.088, -0.02, -0.042, -0.048, -0.125, 0.022, 0.058]"
NQ,RTH,B0,78,TRQ5_TRV5,2018,236,0.033352646765076446,0.015043253681807825,0.05599208074642387,0.07239830964297912,0.0,0.02564102564102564,1.3007532238379815,0.15176007531471322,0.12491509190514476,0.04937479999477234,"[0.152, 0.164, 0.142, 0.135, 0.125, 0.057, 0.125, 0.187, 0.098, 0.049]"
NQ,RTH,B0,78,TRQ5_TRV5,2019,237,0.038223688473249876,0.018110890435766185,0.06851011782374329,0.09386553391409053,0.0,0.02564102564102564,1.4907238504567453,0.11766743775917549,-0.041706160580535855,-0.08398736581244146,"[0.118, 0.094, 0.013, -0.014, -0.042, -0.012, 0.008, 0.009, 0.022, -0.084]"
NQ,RTH,B0,78,TRQ5_TRV5,2020,239,0.03239001612598304,0.012110002167478005,0.05374052662763481,0.07207246517427911,0.0,0.02564102564102564,1.2632106289133385,0.08770391390166246,-0.015369363654330797,-0.06812155714851592,"[0.088, 0.069, 0.007, 0.078, -0.015, 0.094, -0.013, 0.108, 0.017, -0.068]"
NQ,RTH,B0,78,TRQ5_TRV5,2021,239,0.0360243948742265,0.014442497057164185,0.05903282336391413,0.07588948752408275,0.0,0.02564102564102564,1.4049514000948335,0.054512879996675506,0.0726649962695711,-0.00019836444524385416,"[0.055, 0.103, 0.079, 0.136, 0.073, 0.129, 0.063, 0.042, 0.085, -0.0]"
NQ,RTH,B0,78,TRQ5_TRV5,2022,238,0.03310692684643117,0.013490152680066331,0.06092894254426506,0.07549298741814438,0.0,0.02564102564102564,1.2911701470108157,0.05282058802012681,0.05706376822225781,0.10347999685157995,"[0.053, -0.04, 0.039, 0.053, 0.057, 0.06, 0.095, 0.112, 0.134, 0.103]"
NQ,RTH,B0,78,TRQ5_TRV5,2023,236,0.03404503576933889,0.014237424688350375,0.06016435313761909,0.07005198792010868,0.0,0.02564102564102564,1.3277563950042168,0.000987022838332845,-0.0501391498533638,0.007528650118430443,"[0.001, 0.105, 0.035, 0.038, -0.05, -0.099, -0.07, -0.017, 0.046, 0.008]"
NQ,RTH,B0,78,TRQ5_TRV5,0,1901,0.03506062374403144,0.01505961890267012,0.06052390480212126,0.07558002056440231,0.0,0.02564102564102564,1.3673643260172261,0.13218767724846311,0.0917813157873001,0.053076811337462726,"[0.132, 0.12, 0.103, 0.102, 0.092, 0.09, 0.087, 0.094, 0.108, 0.053]"
NQ,RTH,B0,78,TRQ10_TRV10,2016,239,0.03621638434602662,0.017626126928641704,0.07557795559258207,0.14165961341127783,0.0,0.02564102564102564,1.4124389894950382,0.1286644011302053,0.19455090256640176,0.08028534369801744,"[0.129, 0.149, 0.094, 0.114, 0.195, 0.15, 0.11, 0.138, 0.076, 0.08]"
NQ,RTH,B0,78,TRQ10_TRV10,2017,237,0.03988760129161166,0.01709102587314372,0.0903253434192437,0.1281152766883234,0.0,0.02564102564102564,1.555616450372855,0.07502105935582715,0.0796280698322044,0.0031729584803371806,"[0.075, 0.034, 0.046, -0.05, 0.08, -0.023, 0.01, 0.009, 0.063, 0.003]"
NQ,RTH,B0,78,TRQ10_TRV10,2018,236,0.033467196180133774,0.015094994967153563,0.06041589700054438,0.1215251542523341,0.0,0.02564102564102564,1.3052206510252171,0.17846479891941916,0.09086513481295304,0.054409957596631656,"[0.178, 0.1, 0.134, 0.13, 0.091, 0.054, 0.085, 0.175, 0.079, 0.054]"
NQ,RTH,B0,78,TRQ10_TRV10,2019,237,0.040412184846317714,0.022278411865860354,0.09474623643000639,0.14673054121645016,0.0,0.02564102564102564,1.576075209006391,-0.00963523470889909,0.042864949983720355,0.012971046521350223,"[-0.01, -0.03, 0.061, -0.017, 0.043, -0.045, 0.076, 0.07, 0.038, 0.013]"
NQ,RTH,B0,78,TRQ10_TRV10,2020,239,0.0326943319320284,0.013354971357380709,0.07816302035956929,0.10839847906073498,0.0,0.02564102564102564,1.2750789453491076,0.16133753549518934,-0.031592971744236614,-0.03807734546064934,"[0.161, 0.067, 0.077, 0.046, -0.032, 0.06, -0.001, 0.102, -0.005, -0.038]"
NQ,RTH,B0,78,TRQ10_TRV10,2021,239,0.03718594890934379,0.017597141436317507,0.09355975641415469,0.14625834868876014,0.0,0.02564102564102564,1.4502520074644079,0.03931283234240315,0.07348480021582908,-0.08175104491655287,"[0.039, 0.077, 0.014, 0.113, 0.073, 0.015, 0.059, 0.055, 0.104, -0.082]"
NQ,RTH,B0,78,TRQ10_TRV10,2022,238,0.03348545846719467,0.015463497556601369,0.07628413022018436,0.11075005428367643,0.0,0.02564102564102564,1.305932880220592,0.0682418474376431,0.0023177873388406985,0.08841746660552804,"[0.068, -0.037, 0.066, 0.011, 0.002, 0.02, 0.036, 0.082, 0.158, 0.088]"
NQ,RTH,B0,78,TRQ10_TRV10,2023,236,0.035088580818544594,0.015995102634710476,0.06976137736449468,0.09612525217878208,0.0,0.02564102564102564,1.3684546519232392,0.011100068188175508,0.02262052038415985,0.010073497775657953,"[0.011, 0.05, 0.012, 0.043, 0.023, -0.095, 0.066, -0.024, 0.073, 0.01]"
NQ,RTH,B0,78,TRQ10_TRV10,0,1901,0.03593225608334136,0.018275107440213923,0.08069957726478207,0.12885257025723598,0.0,0.02564102564102564,1.401357987250313,0.12187145195677483,0.11206387275290251,0.05866014872204542,"[0.122, 0.093, 0.115, 0.097, 0.112, 0.072, 0.097, 0.118, 0.119, 0.059]"
NQ,RTH,B0,78,MEDRQ_MEDRV,2016,239,0.03313925537329236,0.015244466986522758,0.06260788249111988,0.09231244115764811,0.0,0.02564102564102564,1.2924309595584023,0.13374539001083213,0.19015048864411008,0.10323408626740262,"[0.134, 0.039, 0.06, 0.229, 0.19, 0.196, 0.075, 0.164, 0.243, 0.103]"
NQ,RTH,B0,78,MEDRQ_MEDRV,2017,237,0.03590272008269128,0.015203212699142477,0.06512355825676057,0.08864356974093714,0.0,0.02564102564102564,1.40020608322496,-0.06599869568646186,0.046145969497463364,-0.005786513550815863,"[-0.066, 0.095, 0.048, 0.014, 0.046, -0.142, 0.076, -0.038, 0.023, -0.006]"
NQ,RTH,B0,78,MEDRQ_MEDRV,2018,236,0.029362904206331697,0.013239344846562175,0.057623782928194145,0.07867482030848165,0.0,0.02564102564102564,1.1451532640469362,0.20428247569696997,0.14507666801482105,0.08740238832785513,"[0.204, 0.136, 0.154, 0.058, 0.145, 0.112, 0.188, 0.113, 0.132, 0.087]"
NQ,RTH,B0,78,MEDRQ_MEDRV,2019,237,0.03433863463341636,0.01846082441265154,0.07601621472795872,0.14275198913557943,0.0,0.02564102564102564,1.3392067507032381,0.05608242436973763,-0.0818985077534425,-0.08590145078938748,"[0.056, 0.082, 0.034, -0.043, -0.082, 0.059, -0.031, 0.08, 0.076, -0.086]"
NQ,RTH,B0,78,MEDRQ_MEDRV,2020,239,0.030328268220960273,0.012294688842192328,0.05522860503951839,0.07957798704107712,0.0,0.02564102564102564,1.1828024606174508,-0.004372478506492244,0.1117967109459922,-0.036112166759125985,"[-0.004, -0.016, -0.025, 0.066, 0.112, 0.05, 0.02, 0.032, -0.085, -0.036]"
NQ,RTH,B0,78,MEDRQ_MEDRV,2021,239,0.03422206697833389,0.01242338484792976,0.059373501191300984,0.08857105042446169,0.0,0.02564102564102564,1.3346606121550217,0.07907042973570615,-0.013967423073314623,-0.018140462035589177,"[0.079, -0.029, -0.007, 0.085, -0.014, -0.04, 0.072, 0.024, 0.01, -0.018]"
NQ,RTH,B0,78,MEDRQ_MEDRV,2022,238,0.031658483772776046,0.011321070709113108,0.06495443956879399,0.08211773248961388,0.0,0.02564102564102564,1.2346808671382659,0.018906441667863014,0.02007967837089261,0.0698249096317896,"[0.019, -0.077, 0.023, 0.022, 0.02, 0.055, -0.003, 0.016, 0.204, 0.07]"
NQ,RTH,B0,78,MEDRQ_MEDRV,2023,236,0.03097654676114691,0.013853691877093004,0.06073581303637372,0.07968957126450305,0.0,0.02564102564102564,1.2080853236847295,0.08882546325655466,0.0693228287502076,0.011201214130177006,"[0.089, -0.039, 0.014, 0.035, 0.069, -0.048, 0.055, -0.088, -0.035, 0.011]"
NQ,RTH,B0,78,MEDRQ_MEDRV,0,1901,0.03260553701403083,0.01439092332709484,0.06312223057368083,0.0903148740141836,0.0,0.02564102564102564,1.2716159435472023,0.09391977886148785,0.08383883392404151,0.04249781725090684,"[0.094, 0.057, 0.069, 0.084, 0.084, 0.069, 0.085, 0.075, 0.104, 0.042]"
NQ,RTH,B0,195,RQ_RV,2016,239,0.015975367366703408,0.007338699958379873,0.034006201883973214,0.04401600879209606,0.0,0.010256410256410256,1.5575983182535822,0.2735442255999796,0.22110064451495334,0.1699161733886649,"[0.274, 0.28, 0.313, 0.196, 0.221, 0.187, 0.22, 0.229, 0.162, 0.17]"
NQ,RTH,B0,195,RQ_RV,2017,237,0.018978126409978993,0.009902664654285524,0.04012220044388707,0.058006536000013334,0.0,0.010256410256410256,1.8503673249729518,-0.048717627980843586,0.019176362142532436,-0.007657456218436079,"[-0.049, -0.007, 0.005, 0.014, 0.019, -0.048, -0.012, 0.0, 0.018, -0.008]"
NQ,RTH,B0,195,RQ_RV,2018,236,0.015158133150942266,0.008032073556779583,0.035425523616324825,0.043765930814554814,0.0,0.010256410256410256,1.4779179822168709,0.2968060712791121,0.2561604760452364,0.19619667474240313,"[0.297, 0.258, 0.258, 0.186, 0.256, 0.16, 0.189, 0.152, 0.117, 0.196]"
NQ,RTH,B0,195,RQ_RV,2019,237,0.018626110802317526,0.011232086826753581,0.05286900640424085,0.0891251718675409,0.004219409282700422,0.010256410256410256,1.8160458032259588,0.08830353442066018,0.11949963623706827,0.020828337149255034,"[0.088, 0.071, 0.094, 0.057, 0.119, 0.026, 0.047, 0.147, 0.103, 0.021]"
NQ,RTH,B0,195,RQ_RV,2020,239,0.01573537808582606,0.007416410168647174,0.03436190854810663,0.05626050527052961,0.0,0.010256410256410256,1.5341993633680409,0.10735546748332242,0.03140774947839245,0.015615014395088982,"[0.107, 0.062, 0.072, 0.085, 0.031, 0.054, 0.033, 0.065, -0.068, 0.016]"
NQ,RTH,B0,195,RQ_RV,2021,239,0.01762507078766646,0.008109263527404317,0.04578722929473171,0.058081553041317485,0.0,0.010256410256410256,1.7184444017974798,0.09415196293918622,-0.016412179968507926,-0.069512245401653,"[0.094, 0.023, 0.141, 0.108, -0.016, -0.057, 0.066, -0.073, 0.04, -0.07]"
NQ,RTH,B0,195,RQ_RV,2022,238,0.016313802616004035,0.007540282137585589,0.032724165913743636,0.06015068622054448,0.0,0.010256410256410256,1.5905957550603933,0.060249910388047945,0.004260831602856606,0.06630137944674103,"[0.06, 0.048, 0.07, 0.061, 0.004, 0.071, -0.029, 0.086, -0.027, 0.066]"
NQ,RTH,B0,195,RQ_RV,2023,236,0.015339705695859372,0.006224647355682657,0.030254621669923723,0.03572125509404603,0.0,0.010256410256410256,1.4956213053462888,0.10999408846763489,0.02616644652553893,0.013375133038304465,"[0.11, -0.058, 0.003, 0.117, 0.026, -0.011, -0.04, -0.001, 0.052, 0.013]"
NQ,RTH,B0,195,RQ_RV,0,1901,0.01656271486843762,0.0084972369512732,0.037087573325282536,0.059662159929118386,0.0005260389268805891,0.010256410256410256,1.6148646996726679,0.1679157088040477,0.1436707733865688,0.09987180114681159,"[0.168, 0.134, 0.177, 0.151, 0.144, 0.103, 0.113, 0.133, 0.118, 0.1]"
NQ,RTH,B0,195,TQ_BV,2016,239,0.013069329831665122,0.004516703559150927,0.026204332851081,0.03228729442721049,0.0,0.010256410256410256,1.2742596585873494,0.22629362176358198,0.07817875799848213,0.12694729203686908,"[0.226, 0.192, 0.105, 0.174, 0.078, 0.159, 0.067, 0.074, 0.038, 0.127]"
NQ,RTH,B0,195,TQ_BV,2017,237,0.014885215432793558,0.006107909843156126,0.026138932437298215,0.03532572191943612,0.0,0.010256410256410256,1.451308504697372,0.1334368774952737,0.1321804006139844,0.05748956538946099,"[0.133, 0.143, 0.032, 0.056, 0.132, 0.118, 0.072, 0.076, -0.011, 0.057]"
NQ,RTH,B0,195,TQ_BV,2018,236,0.012171731299252923,0.005684379768978119,0.021803318545981037,0.03153035719417174,0.0,0.010256410256410256,1.1867438016771599,0.08600211511893213,0.17134454122423,0.04267455603324237,"[0.086, 0.078, 0.155, 0.187, 0.171, 0.129, 0.116, 0.087, 0.118, 0.043]"
NQ,RTH,B0,195,TQ_BV,2019,237,0.014567142802892874,0.006519731172892439,0.03130328451044666,0.05809591134753066,0.0,0.010256410256410256,1.4202964232820552,0.10178277631169985,0.0010834661669218845,0.06885340327586152,"[0.102, 0.026, 0.054, -0.014, 0.001, 0.042, -0.026, 0.084, 0.056, 0.069]"
NQ,RTH,B0,195,TQ_BV,2020,239,0.013953661838476428,0.005525495863256253,0.025399742106340325,0.03735301011926906,0.0,0.010256410256410256,1.3604820292514517,0.042749788774113666,-0.038054606287045406,0.09907643377672747,"[0.043, 0.003, 0.146, 0.106, -0.038, 0.019, 0.102, -0.014, -0.024, 0.099]"
NQ,RTH,B0,195,TQ_BV,2021,239,0.014713188471133752,0.0062491141421608075,0.02769975671923942,0.0426020424006766,0.0,0.010256410256410256,1.4345358759355409,0.05534616353437425,0.1263290257323452,0.04618698408250267,"[0.055, -0.026, 0.104, 0.161, 0.126, -0.04, 0.16, -0.005, 0.249, 0.046]"
NQ,RTH,B0,195,TQ_BV,2022,238,0.013564072014511163,0.005314008466559397,0.028428417887219382,0.04133674381041888,0.0,0.010256410256410256,1.3224970214148384,0.006142194454697261,0.047278555472067836,0.06601800595235738,"[0.006, 0.002, 0.031, 0.061, 0.047, 0.053, 0.033, 0.024, 0.057, 0.066]"
NQ,RTH,B0,195,TQ_BV,2023,236,0.013492262308593822,0.005268007094390943,0.025276970248268207,0.035484691987069696,0.0,0.010256410256410256,1.3154955750878976,0.08184901548209582,0.08841954135147996,0.09882447916233635,"[0.082, 0.114, 0.07, 0.089, 0.088, 0.077, 0.095, -0.09, 0.035, 0.099]"
NQ,RTH,B0,195,TQ_BV,0,1901,0.01388811157906031,0.00574356536324639,0.026806277025667822,0.04242890182630474,0.0,0.010256410256410256,1.3540908789583803,0.12388651466377765,0.10851873271686033,0.10355620584832927,"[0.124, 0.098, 0.114, 0.126, 0.109, 0.095, 0.098, 0.064, 0.11, 0.104]"
NQ,RTH,B0,195,TRQ3_TRV3,2016,239,0.011616624441579241,0.001870399486311073,0.014980649105556238,0.01676437023453994,0.0,0.010256410256410256,1.132620883053976,0.25421883293523667,0.22447844142268328,0.17815640550723866,"[0.254, 0.263, 0.26, 0.284, 0.224, 0.193, 0.168, 0.263, 0.154, 0.178]"
NQ,RTH,B0,195,TRQ3_TRV3,2017,237,0.01240821409616022,0.0019643574657034722,0.015508373309098449,0.017261302199231474,0.0,0.010256410256410256,1.2098008743756214,0.10767008976340339,0.15227483707283332,0.08422569943140222,"[0.108, 0.163, 0.147, 0.032, 0.152, 0.042, 0.054, 0.051, 0.001, 0.084]"
NQ,RTH,B0,195,TRQ3_TRV3,2018,236,0.011369912979932863,0.002107176045112699,0.015020109347256602,0.0170095234260718,0.0,0.010256410256410256,1.108566515543454,0.23459393185722546,0.18371209395068375,0.0969415186436145,"[0.235, 0.246, 0.203, 0.173, 0.184, 0.099, 0.135, 0.079, 0.167, 0.097]"
NQ,RTH,B0,195,TRQ3_TRV3,2019,237,0.012084632255354475,0.0021022817526418994,0.01597268762721367,0.019485929871226552,0.0,0.010256410256410256,1.1782516448970612,0.105853000171337,0.011254460177954947,-0.07451277108576633,"[0.106, 0.161, 0.143, 0.061, 0.011, 0.132, 0.01, 0.112, 0.047, -0.075]"
NQ,RTH,B0,195,TRQ3_TRV3,2020,239,0.011527924101706749,0.002185665674145923,0.014483784268589709,0.016021920889665014,0.0,0.010256410256410256,1.123972599916408,0.2794806745994722,0.11660293978864757,0.07688812253652598,"[0.279, 0.242, 0.219, 0.229, 0.117, 0.171, 0.168, 0.142, 0.003, 0.077]"
NQ,RTH,B0,195,TRQ3_TRV3,2021,239,0.012280498821144974,0.0020977279104835867,0.015129449019785383,0.017960895836342573,0.0,0.010256410256410256,1.197348635061635,0.1426878422909732,0.0920093283617989,0.028253812347722448,"[0.143, 0.059, 0.156, 0.098, 0.092, 0.001, 0.095, 0.027, 0.072, 0.028]"
NQ,RTH,B0,195,TRQ3_TRV3,2022,238,0.01149663829713183,0.002112880570316668,0.015322178040137885,0.017719329030702245,0.0,0.010256410256410256,1.1209222339703533,-0.014501136680375813,-0.04443117649384787,-0.009604096394261609,"[-0.015, -0.01, -0.011, -0.018, -0.044, 0.063, 0.052, 0.047, 0.006, -0.01]"
NQ,RTH,B0,195,TRQ3_TRV3,2023,236,0.011633423087732665,0.0015628345780652024,0.014806221504790475,0.016753611909861865,0.0,0.010256410256410256,1.1342587510539348,0.05331970311635815,0.0329212371366119,-0.03336495489110315,"[0.053, -0.012, -0.042, -0.081, 0.033, 0.095, 0.03, 0.091, -0.046, -0.033]"
NQ,RTH,B0,195,TRQ3_TRV3,0,1901,0.01180297364552312,0.0021024705281351645,0.015282829889302213,0.017633385423948024,0.0,0.010256410256410256,1.1507899304385043,0.18391195721758025,0.13954528517209708,0.08612948209296721,"[0.184, 0.183, 0.177, 0.135, 0.14, 0.152, 0.135, 0.144, 0.1, 0.086]"
NQ,RTH,B0,195,TRQ5_TRV5,2016,239,0.015190852478321673,0.0048344073276283765,0.02181618635036798,0.02677157840084382,0.0,0.010256410256410256,1.481108116636363,0.24624647944810985,0.2439803683984974,0.2031405866123478,"[0.246, 0.316, 0.292, 0.236, 0.244, 0.231, 0.294, 0.188, 0.241, 0.203]"
NQ,RTH,B0,195,TRQ5_TRV5,2017,237,0.016950260623154596,0.005616589733190711,0.02428287756478616,0.027433738402715548,0.0,0.010256410256410256,1.652650410757573,0.1039050126591958,0.012624196526638667,0.03515370843767309,"[0.104, 0.068, 0.064, -0.018, 0.013, -0.066, 0.056, 0.03, 0.107, 0.035]"
NQ,RTH,B0,195,TRQ5_TRV5,2018,236,0.014675510603490373,0.005355802417129862,0.02334976328372829,0.026322510271228908,0.0,0.010256410256410256,1.4308622838403113,0.28649922365539554,0.2721542383023385,0.12278839695539617,"[0.286, 0.301, 0.309, 0.268, 0.272, 0.178, 0.194, 0.218, 0.204, 0.123]"
NQ,RTH,B0,195,TRQ5_TRV5,2019,237,0.016249764025891438,0.006240276372332921,0.025170154176003254,0.030857197070189493,0.0,0.010256410256410256,1.5843519925244152,0.07059218444474115,0.024074084193348364,-5.034722261516934e-05,"[0.071, 0.027, 0.081, 0.098, 0.024, 0.061, 0.066, 0.075, 0.014, -0.0]"
NQ,RTH,B0,195,TRQ5_TRV5,2020,239,0.014709704283550807,0.005484780470950881,0.02213544539836715,0.025546712633402753,0.0,0.010256410256410256,1.4341961676462036,0.20676757019009265,0.11171199153535537,0.04681038799463952,"[0.207, 0.131, 0.136, 0.164, 0.112, 0.076, 0.105, 0.029, -0.002, 0.047]"
NQ,RTH,B0,195,TRQ5_TRV5,2021,239,0.016378643901809868,0.005358503321906167,0.023702062241419245,0.028104919465864863,0.0,0.010256410256410256,1.596917780426462,0.03352643655432323,0.029218943390785228,-0.01420041294814568,"[0.034, 0.01, -0.012, 0.006, 0.029, 0.043, 0.114, -0.049, 0.003, -0.014]"
NQ,RTH,B0,195,TRQ5_TRV5,2022,238,0.01536402195464449,0.005507019497785532,0.02414885751196113,0.032458920999946295,0.0,0.010256410256410256,1.4979921405778378,-0.0350572704105135,0.08563287037286646,0.061012318561910195,"[-0.035, 0.032, 0.024, 0.009, 0.086, 0.063, 0.017, 0.098, -0.026, 0.061]"
NQ,RTH,B0,195,TRQ5_TRV5,2023,236,0.014641737126753634,0.004927625512901353,0.023088587204527083,0.026819248055152217,0.0,0.010256410256410256,1.4275693698584793,0.08036168536599207,0.07578853008546607,0.04183125736209136,"[0.08, -0.043, -0.005, 0.152, 0.076, 0.021, 0.027, 0.083, 0.064, 0.042]"
NQ,RTH,B0,195,TRQ5_TRV5,0,1901,0.015585596617996182,0.0055813180449985345,0.023566116352667886,0.02769931620388586,0.0,0.010256410256410256,1.5195956702546278,0.170187720068004,0.1621828823631894,0.11577111738892834,"[0.17, 0.154, 0.162, 0.168, 0.162, 0.134, 0.163, 0.142, 0.125, 0.116]"
NQ,RTH,B0,195,TRQ10_TRV10,2016,239,0.015975367366703408,0.007338699958379873,0.034006201883973214,0.04401600879209606,0.0,0.010256410256410256,1.5575983182535822,0.2735442255999796,0.22110064451495334,0.1699161733886649,"[0.274, 0.28, 0.313, 0.196, 0.221, 0.187, 0.22, 0.229, 0.162, 0.17]"
NQ,RTH,B0,195,TRQ10_TRV10,2017,237,0.018978126409978993,0.009902664654285524,0.04012220044388707,0.058006536000013334,0.0,0.010256410256410256,1.8503673249729518,-0.048717627980843586,0.019176362142532436,-0.007657456218436079,"[-0.049, -0.007, 0.005, 0.014, 0.019, -0.048, -0.012, 0.0, 0.018, -0.008]"
NQ,RTH,B0,195,TRQ10_TRV10,2018,236,0.015158133150942266,0.008032073556779583,0.035425523616324825,0.043765930814554814,0.0,0.010256410256410256,1.4779179822168709,0.2968060712791121,0.2561604760452364,0.19619667474240313,"[0.297, 0.258, 0.258, 0.186, 0.256, 0.16, 0.189, 0.152, 0.117, 0.196]"
NQ,RTH,B0,195,TRQ10_TRV10,2019,237,0.018609588489558956,0.010913666374063706,0.04937275652635563,0.07076569801662046,0.0,0.010256410256410256,1.814434877731998,0.09345282504716752,0.07546532614569318,-0.00840085951678487,"[0.093, 0.05, 0.075, 0.02, 0.075, 0.007, 0.076, 0.211, 0.084, -0.008]"
NQ,RTH,B0,195,TRQ10_TRV10,2020,239,0.01573537808582606,0.007416410168647174,0.03436190854810663,0.05626050527052961,0.0,0.010256410256410256,1.5341993633680409,0.10735546748332242,0.03140774947839245,0.015615014395088982,"[0.107, 0.062, 0.072, 0.085, 0.031, 0.054, 0.033, 0.065, -0.068, 0.016]"
NQ,RTH,B0,195,TRQ10_TRV10,2021,239,0.01762507078766646,0.008109263527404317,0.04578722929473171,0.058081553041317485,0.0,0.010256410256410256,1.7184444017974798,0.09415196293918622,-0.016412179968507926,-0.069512245401653,"[0.094, 0.023, 0.141, 0.108, -0.016, -0.057, 0.066, -0.073, 0.04, -0.07]"
NQ,RTH,B0,195,TRQ10_TRV10,2022,238,0.016313802616004035,0.007540282137585589,0.032724165913743636,0.06015068622054448,0.0,0.010256410256410256,1.5905957550603933,0.060249910388047945,0.004260831602856606,0.06630137944674103,"[0.06, 0.048, 0.07, 0.061, 0.004, 0.071, -0.029, 0.086, -0.027, 0.066]"
NQ,RTH,B0,195,TRQ10_TRV10,2023,236,0.015339705695859372,0.006224647355682657,0.030254621669923723,0.03572125509404603,0.0,0.010256410256410256,1.4956213053462888,0.10999408846763489,0.02616644652553893,0.013375133038304465,"[0.11, -0.058, 0.003, 0.117, 0.026, -0.011, -0.04, -0.001, 0.052, 0.013]"
NQ,RTH,B0,195,TRQ10_TRV10,0,1901,0.01656271486843762,0.008445618364444588,0.0368576758839001,0.05818036673853417,0.0,0.010256410256410256,1.6148646996726679,0.16803796152334002,0.1339644224971436,0.0940136264933644,"[0.168, 0.13, 0.173, 0.144, 0.134, 0.098, 0.116, 0.14, 0.112, 0.094]"
NQ,RTH,B0,195,MEDRQ_MEDRV,2016,239,0.014222861133460897,0.005674248374194672,0.026401097909393812,0.0396795097014266,0.0041841004184100415,0.010256410256410256,1.3867289605124373,0.17071059857386234,0.08464001997163638,0.09695815437216451,"[0.171, 0.12, 0.157, 0.09, 0.085, 0.131, 0.101, 0.056, 0.079, 0.097]"
NQ,RTH,B0,195,MEDRQ_MEDRV,2017,237,0.01597501092519793,0.006875933372073536,0.033426189609304734,0.04335532870517213,0.0,0.010256410256410256,1.5575635652067983,0.05405838670722053,0.11562714443366287,0.09843491608972434,"[0.054, 0.122, 0.113, -0.051, 0.116, 0.075, 0.15, 0.126, 0.002, 0.098]"
NQ,RTH,B0,195,MEDRQ_MEDRV,2018,236,0.01353007018775183,0.005277955651344658,0.03076710357495912,0.055019640761568595,0.0,0.010256410256410256,1.3191818433058033,0.18197593537874102,0.19107066533463293,0.11521769961723087,"[0.182, 0.13, 0.184, 0.172, 0.191, 0.09, 0.173, 0.07, 0.165, 0.115]"
NQ,RTH,B0,195,MEDRQ_MEDRV,2019,237,0.01576383882483982,0.008395573564928475,0.039317271742457575,0.06248530596359511,0.0,0.010256410256410256,1.5369742854218824,0.13018706732856034,0.03225857566279733,0.08387872827640473,"[0.13, 0.078, 0.098, -0.039, 0.032, 0.033, 0.053, 0.16, 0.036, 0.084]"
NQ,RTH,B0,195,MEDRQ_MEDRV,2020,239,0.014270882807247864,0.005936684063404252,0.025765466488017717,0.04214979436353554,0.0,0.010256410256410256,1.3914110737066667,0.1586839423391441,0.004671937959436569,0.03538685503157324,"[0.159, 0.039, 0.155, 0.117, 0.005, 0.008, 0.073, 0.045, -0.01, 0.035]"
NQ,RTH,B0,195,MEDRQ_MEDRV,2021,239,0.016169009298964632,0.006375618844692968,0.031786493895047715,0.047606392217640875,0.0,0.010256410256410256,1.5764784066490516,0.03347635150864067,0.026290638398019945,-0.0426280228261361,"[0.033, -0.074, 0.025, 0.187, 0.026, -0.048, 0.176, -0.012, 0.139, -0.043]"
NQ,RTH,B0,195,MEDRQ_MEDRV,2022,238,0.013690019665428838,0.006800464697216053,0.029132780784698532,0.043199857327991587,0.0,0.010256410256410256,1.3347769173793118,-0.025804398512323377,0.02515999980979899,0.00800151883247464,"[-0.026, 0.027, 0.078, -0.0, 0.025, -0.017, 0.017, 0.082, 0.037, 0.008]"
NQ,RTH,B0,195,MEDRQ_MEDRV,2023,236,0.01442304910252357,0.005960338995558052,0.026199605657204507,0.038483303923252984,0.0,0.010256410256410256,1.406247287496048,0.03761863515614817,0.09625590533016863,0.013575570451713731,"[0.038, 0.018, 0.099, 0.077, 0.096, -0.02, 0.088, 0.033, -0.032, 0.014]"
NQ,RTH,B0,195,MEDRQ_MEDRV,0,1901,0.01465050852369143,0.006612742451246576,0.03066299078145452,0.04598354854003767,0.0010520778537611783,0.010256410256410256,1.4284245810599145,0.13497301121777772,0.11361120798479027,0.09374887252599876,"[0.135, 0.097, 0.146, 0.104, 0.114, 0.079, 0.14, 0.114, 0.101, 0.094]"
NQ,RTH,B0,390,RQ_RV,2016,239,0.00876798682072789,0.004311463365966859,0.018302911897170735,0.02450475133921997,0.0,0.005128205128205128,1.7097574300419387,0.21937589841310595,0.18620757636410604,0.17836094208299302,"[0.219, 0.283, 0.288, 0.216, 0.186, 0.178, 0.147, 0.221, 0.108, 0.178]"
NQ,RTH,B0,390,RQ_RV,2017,237,0.010213275917807284,0.004216454513759573,0.019524910077584362,0.028878711460647265,0.0,0.005128205128205128,1.9915888039724203,0.019199854881402523,0.10877754481170189,0.01012461344886044,"[0.019, 0.084, 0.07, 0.014, 0.109, -0.023, 0.021, 0.05, -0.08, 0.01]"
NQ,RTH,B0,390,RQ_RV,2018,236,0.008176488160266324,0.0037127042495962064,0.01705442877449552,0.029242238758756957,0.0,0.005128205128205128,1.594415191251933,0.2505463451439091,0.21177291742319682,0.15681059404044626,"[0.251, 0.249, 0.234, 0.201, 0.212, 0.259, 0.197, 0.129, 0.198, 0.157]"
NQ,RTH,B0,390,RQ_RV,2019,237,0.009671732696243676,0.006068018553326254,0.03360248896170237,0.06737110471601718,0.004219409282700422,0.005128205128205128,1.8859878757675168,0.19829846522504022,0.09819774098475478,0.1336642694403785,"[0.198, 0.158, 0.186, 0.072, 0.098, 0.113, 0.082, 0.123, 0.125, 0.134]"
NQ,RTH,B0,390,RQ_RV,2020,239,0.00865464902412699,0.003703732624548907,0.022144735682543996,0.030298492889237187,0.0,0.005128205128205128,1.6876565597047632,0.11364385634094976,-0.09676360361567662,0.03371046438057793,"[0.114, -0.037, 0.012, -0.008, -0.097, 0.02, 0.025, 0.086, -0.056, 0.034]"
NQ,RTH,B0,390,RQ_RV,2021,239,0.009813463010121109,0.004486700977515797,0.0181370277393278,0.028917937846969895,0.0,0.005128205128205128,1.9136252869736161,0.01837363058343107,0.09882481406395235,-0.0157628268262919,"[0.018, 0.164, 0.206, 0.035, 0.099, -0.08, 0.103, -0.058, 0.099, -0.016]"
NQ,RTH,B0,390,RQ_RV,2022,238,0.008469106338506307,0.003722392671412531,0.021430964707813298,0.04507277525202312,0.0,0.005128205128205128,1.6514757360087298,0.03748249767655339,-0.016172909792887925,-0.00045869038438403495,"[0.037, 0.0, -0.027, 0.019, -0.016, 0.022, 0.023, 0.047, -0.034, -0.0]"
NQ,RTH,B0,390,RQ_RV,2023,236,0.008127013346429304,0.0031003154711871997,0.015614531558471456,0.022358547894077034,0.0,0.005128205128205128,1.5847676025537143,0.05224420523965015,0.060565703028928976,0.06438543195841052,"[0.052, -0.008, -0.003, 0.082, 0.061, -0.011, -0.051, 0.07, 0.231, 0.064]"
NQ,RTH,B0,390,RQ_RV,0,1901,0.009019201044790651,0.004322297084854907,0.019812586353029935,0.0386569229286398,0.0005260389268805891,0.005128205128205128,1.758744203734177,0.1796834702655979,0.14047535967160604,0.13169682485224998,"[0.18, 0.167, 0.184, 0.134, 0.14, 0.126, 0.128, 0.146, 0.139, 0.132]"
NQ,RTH,B0,390,TQ_BV,2016,239,0.007106547157347672,0.0027096124402060783,0.014429276275794446,0.02576817517751812,0.0,0.005128205128205128,1.385776695682796,0.1898514228405659,0.10946092339114535,0.1056171108425552,"[0.19, 0.082, 0.271, 0.134, 0.109, 0.124, 0.168, 0.152, 0.099, 0.106]"
NQ,RTH,B0,390,TQ_BV,2017,237,0.008261344117903895,0.0029311521854051142,0.01494136500598323,0.019273100509204208,0.0,0.005128205128205128,1.6109621029912595,0.07670342358675862,0.13213860167022184,0.12253328339183188,"[0.077, 0.08, 0.014, -0.038, 0.132, 0.059, 0.051, 0.064, -0.009, 0.123]"
NQ,RTH,B0,390,TQ_BV,2018,236,0.007149300750121058,0.002919229539137645,0.01420356687241823,0.018917569240912216,0.0,0.005128205128205128,1.3941136462736063,0.2178716218563643,0.23665219977160898,0.11553469811263943,"[0.218, 0.182, 0.191, 0.246, 0.237, 0.197, 0.155, 0.109, 0.203, 0.116]"
NQ,RTH,B0,390,TQ_BV,2019,237,0.00837378885850097,0.004257002549771529,0.017905469611069126,0.025789972193625985,0.0,0.005128205128205128,1.6328888274076891,0.01658546767986869,0.03645289522232892,0.05566493376448764,"[0.017, 0.116, 0.085, 0.031, 0.036, 0.099, 0.093, 0.137, 0.144, 0.056]"
NQ,RTH,B0,390,TQ_BV,2020,239,0.007066791511608222,0.002801596044469986,0.01253927126964736,0.02054245995524384,0.0,0.005128205128205128,1.3780243447636034,0.2488928771816147,0.02282601113704573,0.1058047094553102,"[0.249, 0.09, 0.135, 0.017, 0.023, -0.015, 0.048, 0.095, -0.008, 0.106]"
NQ,RTH,B0,390,TQ_BV,2021,239,0.008103399044559673,0.003255846572988946,0.01655485961120636,0.022512376599829034,0.0,0.005128205128205128,1.5801628136891361,0.02976329687824446,0.06943929290464479,0.015413213320104023,"[0.03, 0.075, 0.191, 0.109, 0.069, 0.006, 0.174, -0.066, 0.123, 0.015]"
NQ,RTH,B0,390,TQ_BV,2022,238,0.007002705352308749,0.0026278025502917794,0.013989040126609589,0.023892925401569003,0.0,0.005128205128205128,1.365527543700206,0.043279951332461424,-0.02995531253263648,0.0659114129168798,"[0.043, 0.066, 0.072, -0.047, -0.03, -0.012, -0.004, 0.002, 0.014, 0.066]"
NQ,RTH,B0,390,TQ_BV,2023,236,0.007137935529238588,0.002438907819014931,0.012130764313076005,0.016844737647905145,0.0,0.005128205128205128,1.3918974282015246,0.08190159885765703,0.017547189707312214,-0.01237979827100313,"[0.082, -0.016, 0.09, 0.096, 0.018, 0.016, -0.008, 0.06, -0.06, -0.012]"
NQ,RTH,B0,390,TQ_BV,0,1901,0.007547178816827643,0.0032031081337863835,0.015160425664934205,0.022661351939269894,0.0,0.005128205128205128,1.4716998692813903,0.1552830518397936,0.12209308904263916,0.11918223170471551,"[0.155, 0.136, 0.18, 0.118, 0.122, 0.115, 0.134, 0.12, 0.131, 0.119]"
NQ,RTH,B0,390,TRQ3_TRV3,2016,239,0.005870088428862327,0.0008034800977316306,0.006961204196396487,0.008185938342964218,0.0,0.005128205128205128,1.1446672436281538,0.25460428735287516,0.2479002495700308,0.22415844859023937,"[0.255, 0.292, 0.324, 0.349, 0.248, 0.211, 0.245, 0.275, 0.159, 0.224]"
NQ,RTH,B0,390,TRQ3_TRV3,2017,237,0.006321295794241767,0.0008159735079354743,0.007452042781584929,0.007968190840578555,0.0,0.005128205128205128,1.2326526798771447,0.3043903155525925,0.14434967728182332,0.15820383981258157,"[0.304, 0.173, 0.125, 0.008, 0.144, 0.091, 0.098, 0.064, 0.099, 0.158]"
NQ,RTH,B0,390,TRQ3_TRV3,2018,236,0.005828849596983809,0.0009309219614905264,0.007446016235790147,0.008419065036410973,0.0,0.005128205128205128,1.1366256714118428,0.32092868619491777,0.17047774308844163,0.08800475143244157,"[0.321, 0.19, 0.197, 0.206, 0.17, 0.141, 0.104, 0.11, 0.178, 0.088]"
NQ,RTH,B0,390,TRQ3_TRV3,2019,237,0.00626408440077793,0.001017922765535249,0.007571615472904871,0.009133993250782488,0.0,0.005128205128205128,1.2214964581516965,0.163888998080642,0.11753593333099784,0.02359371654786477,"[0.164, 0.156, 0.097, 0.067, 0.118, 0.056, 0.132, 0.123, 0.115, 0.024]"
NQ,RTH,B0,390,TRQ3_TRV3,2020,239,0.005887561175263921,0.000934532003660728,0.007058504564018139,0.007696838666866502,0.0,0.005128205128205128,1.1480744291764646,0.34727751284675473,0.17798824607862748,0.1938877090412302,"[0.347, 0.226, 0.272, 0.285, 0.178, 0.21, 0.203, 0.139, 0.119, 0.194]"
NQ,RTH,B0,390,TRQ3_TRV3,2021,239,0.006250906848438632,0.0008328621568999715,0.00757041750371924,0.00881851341772254,0.0,0.005128205128205128,1.2189268354455334,0.1976983675163699,0.14334421285380786,0.11641832512530152,"[0.198, 0.169, 0.166, 0.159, 0.143, 0.042, 0.1, 0.054, 0.063, 0.116]"
NQ,RTH,B0,390,TRQ3_TRV3,2022,238,0.005825039464569181,0.0008792450765381966,0.007320664164222379,0.009456186025417089,0.0,0.005128205128205128,1.1358826955909902,-0.0038068385546451305,-0.06047067125770373,-0.03303257506881642,"[-0.004, 0.004, -0.008, -0.062, -0.06, 0.095, 0.123, 0.119, -0.059, -0.033]"
NQ,RTH,B0,390,TRQ3_TRV3,2023,236,0.005736810740668762,0.0007028005917522348,0.007057828271357894,0.008667979375297634,0.0,0.005128205128205128,1.1186780944304084,0.12501458925741374,0.10407408878942828,0.09760085191819123,"[0.125, 0.077, -0.007, 0.077, 0.104, -0.054, -0.021, 0.048, -0.025, 0.098]"
NQ,RTH,B0,390,TRQ3_TRV3,0,1901,0.005973263572887909,0.0009466783719626571,0.007422800140107412,0.008748791787059331,0.0,0.005128205128205128,1.1647863967131422,0.26606763711091025,0.19926906350703816,0.17246011828206143,"[0.266, 0.223, 0.209, 0.197, 0.199, 0.173, 0.193, 0.187, 0.154, 0.172]"
NQ,RTH,B0,390,TRQ5_TRV5,2016,239,0.007816505452794446,0.0022565612724678996,0.011093344936898696,0.012317605311744131,0.0,0.005128205128205128,1.524218563294917,0.43812894270076247,0.30750698211139615,0.2981891086204965,"[0.438, 0.336, 0.373, 0.328, 0.308, 0.216, 0.306, 0.266, 0.272, 0.298]"
NQ,RTH,B0,390,TRQ5_TRV5,2017,237,0.008818831599146948,0.002030360830322951,0.01136574524596263,0.012495089301733282,0.0,0.005128205128205128,1.719672161833655,0.12082279889653717,0.01287332343875551,4.562215717455269e-05,"[0.121, 0.134, 0.128, -0.006, 0.013, 0.054, 0.014, 0.002, 0.0, 0.0]"
NQ,RTH,B0,390,TRQ5_TRV5,2018,236,0.0075771092892845246,0.0024870724997477613,0.01107990996536515,0.013053369759089418,0.0,0.005128205128205128,1.4775363114104823,0.3879286414086836,0.23707598359222629,0.19293832896341978,"[0.388, 0.327, 0.305, 0.25, 0.237, 0.211, 0.199, 0.195, 0.234, 0.193]"
NQ,RTH,B0,390,TRQ5_TRV5,2019,237,0.008536476741386157,0.002333334722795376,0.01193126547823196,0.015206614464061947,0.0,0.005128205128205128,1.6646129645703005,0.1474342369441606,0.02975446615839841,0.08819524556321144,"[0.147, 0.124, 0.085, 0.1, 0.03, 0.032, 0.035, 0.104, 0.161, 0.088]"
NQ,RTH,B0,390,TRQ5_TRV5,2020,239,0.007973425604620523,0.002233589398568085,0.010328910058333753,0.012361858904559314,0.0,0.005128205128205128,1.554817992901002,0.26978920325804956,0.11206617520139256,0.04451928587303608,"[0.27, 0.198, 0.154, 0.136, 0.112, 0.068, 0.073, 0.04, -0.002, 0.045]"
NQ,RTH,B0,390,TRQ5_TRV5,2021,239,0.00834606962584989,0.0023149732647207363,0.011547960320718587,0.012904351000639816,0.0,0.005128205128205128,1.6274835770407285,0.1505399833725717,0.08499037177777394,0.0774076788717409,"[0.151, 0.092, 0.122, 0.143, 0.085, 0.022, 0.141, 0.058, 0.172, 0.077]"
NQ,RTH,B0,390,TRQ5_TRV5,2022,238,0.0076211920430461245,0.002358685123574654,0.010858940596632921,0.014710243297630564,0.0,0.005128205128205128,1.4861324483939944,-0.06810269434263844,-0.0676214185524133,0.025847517022238257,"[-0.068, -0.012, 0.006, 0.009, -0.068, 0.086, 0.076, -0.056, 0.005, 0.026]"
NQ,RTH,B0,390,TRQ5_TRV5,2023,236,0.007543117151331552,0.0019538406869761046,0.010532110552641508,0.01372402637090615,0.0,0.005128205128205128,1.4709078445096526,0.17193711283246163,0.13008377289774775,0.10371837979276566,"[0.172, 0.09, -0.011, 0.191, 0.13, 0.065, 0.011, 0.112, 0.03, 0.104]"
NQ,RTH,B0,390,TRQ5_TRV5,0,1901,0.008069910568711609,0.002379429479996624,0.011361192880023902,0.013069876498473972,0.0,0.005128205128205128,1.5736325608987636,0.2696395337222677,0.1831553359061432,0.17561501576819458,"[0.27, 0.229, 0.217, 0.217, 0.183, 0.168, 0.182, 0.163, 0.179, 0.176]"
NQ,RTH,B0,390,TRQ10_TRV10,2016,239,0.00876798682072789,0.004311463365966859,0.018302911897170735,0.02450475133921997,0.0,0.005128205128205128,1.7097574300419387,0.21937589841310595,0.18620757636410604,0.17836094208299302,"[0.219, 0.283, 0.288, 0.216, 0.186, 0.178, 0.147, 0.221, 0.108, 0.178]"
NQ,RTH,B0,390,TRQ10_TRV10,2017,237,0.010213275917807284,0.004198803450739249,0.019203475494587754,0.024662990378628097,0.0,0.005128205128205128,1.9915888039724203,0.042999538890408855,0.07636319820221231,0.030222077456841568,"[0.043, 0.076, 0.081, 0.021, 0.076, -0.006, 0.027, 0.056, -0.093, 0.03]"
NQ,RTH,B0,390,TRQ10_TRV10,2018,236,0.008176488160266324,0.0037127042495962064,0.016630915289407404,0.02583825668899402,0.0,0.005128205128205128,1.594415191251933,0.2592788671094204,0.19128043871940378,0.18403476060087773,"[0.259, 0.251, 0.212, 0.2, 0.191, 0.268, 0.207, 0.134, 0.197, 0.184]"
NQ,RTH,B0,390,TRQ10_TRV10,2019,237,0.009671732696243676,0.005515984382467247,0.03001843830458851,0.04415667123620949,0.0,0.005128205128205128,1.8859878757675168,0.2273531213883576,0.07967077796129163,0.11016643769966117,"[0.227, 0.169, 0.123, 0.107, 0.08, 0.15, 0.07, 0.157, 0.129, 0.11]"
NQ,RTH,B0,390,TRQ10_TRV10,2020,239,0.008636489761388248,0.003718728522026301,0.021232862863035468,0.029003010501820352,0.0,0.005128205128205128,1.6841155034707085,0.16953067375513212,-0.03738733315996226,0.02976750352832446,"[0.17, -0.004, 0.065, 0.015, -0.037, -0.022, 0.031, 0.065, -0.084, 0.03]"
NQ,RTH,B0,390,TRQ10_TRV10,2021,239,0.009813463010121109,0.004486700977515797,0.018083094224720334,0.023275493153200207,0.0,0.005128205128205128,1.9136252869736161,0.021662304529546803,0.048412658450795246,-0.06687122605118775,"[0.022, 0.111, 0.17, 0.038, 0.048, -0.054, 0.115, -0.076, 0.086, -0.067]"
NQ,RTH,B0,390,TRQ10_TRV10,2022,238,0.008469106338506307,0.003722392671412531,0.020726608000447882,0.030342656636526456,0.0,0.005128205128205128,1.6514757360087298,0.07085405476327243,-0.014048230157359913,-0.006066248924411725,"[0.071, 0.012, 0.002, 0.068, -0.014, 0.036, 0.024, 0.071, 0.007, -0.006]"
NQ,RTH,B0,390,TRQ10_TRV10,2023,236,0.008127013346429304,0.0031003154711871997,0.015614531558471456,0.022358547894077034,0.0,0.005128205128205128,1.5847676025537143,0.05224420523965015,0.060565703028928976,0.06438543195841052,"[0.052, -0.008, -0.003, 0.082, 0.061, -0.011, -0.051, 0.07, 0.231, 0.064]"
NQ,RTH,B0,390,TRQ10_TRV10,0,1901,0.009016333333792554,0.0043154851766710675,0.01904728316218648,0.03071010318738094,0.0,0.005128205128205128,1.758185000089548,0.19631542065662522,0.13299030022824507,0.13022419013829217,"[0.196, 0.167, 0.175, 0.153, 0.133, 0.136, 0.128, 0.154, 0.139, 0.13]"
NQ,RTH,B0,390,MEDRQ_MEDRV,2016,239,0.007421282606722101,0.002948551968067986,0.015851117972011244,0.03455610864343658,0.0041841004184100415,0.005128205128205128,1.4471501083108096,0.17599976809793422,0.11500125393084498,0.0822009035327253,"[0.176, 0.146, 0.26, 0.177, 0.115, 0.078, 0.118, 0.192, 0.113, 0.082]"
NQ,RTH,B0,390,MEDRQ_MEDRV,2017,237,0.008893391638730814,0.003269522954943348,0.014893322622244947,0.017580164122590388,0.0,0.005128205128205128,1.7342113695525085,0.09863200332077984,0.07958032061230344,0.1503809771111707,"[0.099, 0.185, -0.012, 0.048, 0.08, 0.183, -0.038, 0.045, 0.04, 0.15]"
NQ,RTH,B0,390,MEDRQ_MEDRV,2018,236,0.007254352900182484,0.0032836199548240868,0.014221059869307332,0.01637916351997234,0.0,0.005128205128205128,1.4145988155355842,0.2848934963654447,0.219406638131271,0.1445813630777959,"[0.285, 0.239, 0.252, 0.255, 0.219, 0.212, 0.176, 0.14, 0.239, 0.145]"
NQ,RTH,B0,390,MEDRQ_MEDRV,2019,237,0.008687768562212907,0.004707460718172318,0.02146839868359483,0.03355010516540183,0.004219409282700422,0.005128205128205128,1.6941148696315167,0.14545539610451003,0.13845796891885256,0.10816944278109687,"[0.145, 0.128, 0.15, 0.146, 0.138, 0.131, 0.084, 0.173, 0.195, 0.108]"
NQ,RTH,B0,390,MEDRQ_MEDRV,2020,239,0.007491827012475023,0.0031923845457408565,0.014045831084515613,0.02281936442260295,0.0,0.005128205128205128,1.4609062674326294,0.1998349194746672,0.041644475184450115,0.10038839294985567,"[0.2, 0.034, 0.162, 0.086, 0.042, 0.047, 0.104, -0.002, -0.054, 0.1]"
NQ,RTH,B0,390,MEDRQ_MEDRV,2021,239,0.008667157098686673,0.0040972157928836645,0.017330857648533395,0.021270872584636707,0.0,0.005128205128205128,1.6900956342439013,0.0710825572556796,0.12121908702615095,0.05830007080502832,"[0.071, 0.114, 0.196, 0.152, 0.121, -0.003, 0.149, 0.04, 0.133, 0.058]"
NQ,RTH,B0,390,MEDRQ_MEDRV,2022,238,0.007270598710389991,0.0028116782118265005,0.014421469182315337,0.023172622430293856,0.0,0.005128205128205128,1.4177667485260483,0.06393663925945764,-0.0010705928549042986,-0.012940035004831199,"[0.064, 0.064, 0.058, -0.007, -0.001, 0.021, 0.003, 0.066, 0.132, -0.013]"
NQ,RTH,B0,390,MEDRQ_MEDRV,2023,236,0.007219003813615819,0.0023649506419927925,0.013022803776426105,0.019320330249290554,0.0,0.005128205128205128,1.4077057436550846,0.029590304362603757,0.00583556982885126,0.10293821230458626,"[0.03, 0.034, -0.013, 0.121, 0.006, 0.013, 0.037, 0.053, -0.007, 0.103]"
NQ,RTH,B0,390,MEDRQ_MEDRV,0,1901,0.007834227530819167,0.0034653841338310506,0.01582168847667854,0.02328602388952267,0.0010520778537611783,0.005128205128205128,1.5276743685097376,0.19424208573509494,0.16336598550838213,0.14928887199397656,"[0.194, 0.176, 0.203, 0.184, 0.163, 0.146, 0.145, 0.16, 0.173, 0.149]"
NQ,RTH,B1,13,RQ_RV,2016,239,0.14792235327757097,0.07095554130605924,0.29107871420544623,0.4066782886933306,0.0,0.15384615384615385,0.9614952963042113,-0.03218467058940319,-0.1385579754281969,0.04926811811397853,"[-0.032, 0.087, 0.123, 0.026, -0.139, 0.069, 0.108, -0.055, 0.087, 0.049]"
NQ,RTH,B1,13,RQ_RV,2017,237,0.15063586927967829,0.07791713636717251,0.33519813881765204,0.42497463824486975,0.0,0.15384615384615385,0.9791331503179088,0.060541954791843364,0.060453988175492954,-0.03859503406862939,"[0.061, 0.054, 0.023, 0.001, 0.06, 0.123, -0.031, -0.021, -0.054, -0.039]"
NQ,RTH,B1,13,RQ_RV,2018,236,0.14350488406065037,0.0771705840001815,0.2915389265131523,0.37300601430042135,0.0,0.15384615384615385,0.9327817463942274,0.12033622631215468,0.09477213817881716,-0.058673009025928105,"[0.12, -0.0, -0.008, 0.025, 0.095, 0.041, 0.02, 0.031, -0.039, -0.059]"
NQ,RTH,B1,13,RQ_RV,2019,237,0.1492412843568127,0.07666297315773418,0.3032736727768028,0.45171842491721215,0.0,0.15384615384615385,0.9700683483192825,0.07760140060762383,-0.004613835846528317,-0.11749447323905007,"[0.078, 0.003, -0.027, -0.066, -0.005, -0.052, -0.017, -0.017, 0.043, -0.117]"
NQ,RTH,B1,13,RQ_RV,2020,239,0.13949806506671256,0.0715181226900459,0.28998470771798407,0.3764123333349968,0.0,0.15384615384615385,0.9067374229336316,-0.011808368192398389,0.04675626322566538,-0.08361810873936605,"[-0.012, 0.087, 0.01, -0.07, 0.047, -0.033, 0.049, -0.04, -0.038, -0.084]"
NQ,RTH,B1,13,RQ_RV,2021,239,0.14906802051846946,0.07464442789793724,0.3079079287050747,0.44431964490279846,0.0,0.15384615384615385,0.9689421333700514,-0.09849511806391291,0.14011899085980178,0.12188495763496186,"[-0.098, 0.137, -0.08, 0.038, 0.14, -0.06, 0.033, 0.022, -0.081, 0.122]"
NQ,RTH,B1,13,RQ_RV,2022,238,0.14840969502289011,0.06741512435201864,0.31066473258197197,0.42340295395204536,0.0,0.15384615384615385,0.9646630176487857,0.029333066728256346,-0.03271039408388854,0.06286935072647144,"[0.029, -0.067, 0.004, -0.012, -0.033, 0.001, -0.013, 0.002, 0.051, 0.063]"
NQ,RTH,B1,13,RQ_RV,2023,236,0.14087920467354387,0.06937624528449354,0.27227344246540996,0.37708095901300925,0.0,0.15384615384615385,0.9157148303780351,-0.0032869563845079495,-0.06508907653029909,-0.040729088673678665,"[-0.003, 0.067, -0.019, 0.074, -0.065, 0.016, -0.015, 0.068, -0.017, -0.041]"
NQ,RTH,B1,13,RQ_RV,0,1901,0.14637681740312153,0.07370282451627744,0.30046783970960295,0.4257099615312236,0.0,0.15384615384615385,0.9514493131202899,0.02591934577082956,0.020444918586018112,-0.019409102104249218,"[0.026, 0.046, 0.011, 0.004, 0.02, 0.022, 0.019, -0.002, -0.006, -0.019]"
NQ,RTH,B1,13,TQ_BV,2016,239,0.12269169044486701,0.06080433514162435,0.20597460183724073,0.276051403255989,0.0,0.15384615384615385,0.7974959878916356,-0.04925763770731524,0.002548604878245892,0.008868224618970685,"[-0.049, 0.051, 0.031, 0.01, 0.003, 0.0, 0.051, -0.005, 0.11, 0.009]"
NQ,RTH,B1,13,TQ_BV,2017,237,0.12254272303739942,0.06970383277080294,0.21849113247033983,0.24283955889560743,0.0,0.15384615384615385,0.7965276997430962,-0.024818568576297554,0.02148479936157017,-0.04673133558391934,"[-0.025, 0.058, -0.058, -0.039, 0.021, -0.053, 0.023, 0.023, 0.017, -0.047]"
NQ,RTH,B1,13,TQ_BV,2018,236,0.1258085506937754,0.056638737798026445,0.23436526870437785,0.2522250457961243,0.0,0.15384615384615385,0.81775557950954,0.038979204676917394,0.0588777262087379,0.03592570842959031,"[0.039, -0.048, 0.032, -0.031, 0.059, 0.076, -0.003, -0.017, 0.052, 0.036]"
NQ,RTH,B1,13,TQ_BV,2019,237,0.12635410636172664,0.07106031744737931,0.24544513640135204,0.27803609919872346,0.0,0.15384615384615385,0.8213016913512231,0.12270626698815572,-0.11490819360493992,-0.1074394603883301,"[0.123, 0.08, -0.012, -0.055, -0.115, -0.029, -0.052, -0.028, 0.078, -0.107]"
NQ,RTH,B1,13,TQ_BV,2020,239,0.11818297300594181,0.048673738940299194,0.19359578121278648,0.24108932172077782,0.0,0.15384615384615385,0.7681893245386218,-0.01963951815503927,0.0738157426221102,0.0033164938821964056,"[-0.02, -0.062, -0.014, 0.033, 0.074, -0.035, 0.05, 0.032, -0.126, 0.003]"
NQ,RTH,B1,13,TQ_BV,2021,239,0.12877659771103822,0.07463043945058728,0.21464740864535475,0.26601926721309405,0.0,0.15384615384615385,0.8370478851217484,0.015803701663442683,0.04987221522682571,0.047556207056486305,"[0.016, 0.02, -0.045, -0.056, 0.05, -0.046, 0.023, 0.027, 0.007, 0.048]"
NQ,RTH,B1,13,TQ_BV,2022,238,0.12249724006937157,0.06254959847746523,0.2130660609324981,0.25942947207722944,0.0,0.15384615384615385,0.7962320604509152,0.02855450580766543,0.10736046640881462,0.02353567253035807,"[0.029, 0.007, -0.006, -0.028, 0.107, 0.005, 0.043, -0.107, -0.018, 0.024]"
NQ,RTH,B1,13,TQ_BV,2023,236,0.12521981245441471,0.05860747772492497,0.2177214672081241,0.30681297994013795,0.0,0.15384615384615385,0.8139287809536956,-0.058047360509919925,0.004873453909299494,-0.008053718890540565,"[-0.058, 0.07, -0.061, -0.025, 0.005, 0.131, -0.086, 0.035, -0.09, -0.008]"
NQ,RTH,B1,13,TQ_BV,0,1901,0.12444048998542476,0.06427325716579825,0.21743985010585076,0.2771619281090713,0.0,0.15384615384615385,0.8088631849052609,0.006693713765428212,0.03039532231733905,-0.005360459745328149,"[0.007, 0.032, -0.012, -0.022, 0.03, 0.012, 0.008, 0.002, 0.009, -0.005]"
NQ,RTH,B1,13,TRQ3_TRV3,2016,239,0.1391725756244874,0.052011595504531855,0.21661763663979933,0.258053199103326,0.0,0.15384615384615385,0.9046217415591681,0.03870172134162317,-0.02378889283879407,-0.09700360135054323,"[0.039, 0.048, 0.075, 0.01, -0.024, 0.064, 0.078, -0.053, 0.047, -0.097]"
NQ,RTH,B1,13,TRQ3_TRV3,2017,237,0.143361184624318,0.05094348407266941,0.23153045895882401,0.27895924574870984,0.0,0.15384615384615385,0.9318477000580668,0.055623800399031455,-0.012331806060642945,0.0862004322609146,"[0.056, 0.08, 0.021, 0.009, -0.012, -0.025, -0.136, -0.051, -0.068, 0.086]"
NQ,RTH,B1,13,TRQ3_TRV3,2018,236,0.13338077998394582,0.0528349504000547,0.22281030787150846,0.25003076819614384,0.0,0.15384615384615385,0.8669750698956478,-0.009513857704930807,0.0812276092210637,-0.02782225165682729,"[-0.01, -0.106, -0.055, -0.015, 0.081, 0.023, 0.069, -0.05, -0.018, -0.028]"
NQ,RTH,B1,13,TRQ3_TRV3,2019,237,0.13822833385585892,0.05901721864708111,0.24444780614686812,0.28334835395274743,0.0,0.15384615384615385,0.8984841700630829,0.05305563765895762,0.05709237640992757,-0.13531532637631044,"[0.053, -0.088, 0.058, -0.123, 0.057, -0.035, -0.114, -0.1, 0.018, -0.135]"
NQ,RTH,B1,13,TRQ3_TRV3,2020,239,0.13129684599830363,0.04602498761087909,0.20423696109230438,0.2486674663322208,0.0,0.15384615384615385,0.8534294989889736,-0.015140919357139418,0.02133752582293613,-0.001329258432072241,"[-0.015, 0.066, 0.003, 0.047, 0.021, -0.101, -0.006, -0.137, 0.033, -0.001]"
NQ,RTH,B1,13,TRQ3_TRV3,2021,239,0.139833146960025,0.055657994862525595,0.22724122548026898,0.26077158517913407,0.0,0.15384615384615385,0.9089154552401624,0.040639151641168304,0.07896738438909348,0.08933290345724432,"[0.041, 0.18, 0.05, 0.016, 0.079, 0.01, 0.128, 0.047, 0.107, 0.089]"
NQ,RTH,B1,13,TRQ3_TRV3,2022,238,0.13677936023800122,0.04993410675394251,0.21595455238057365,0.26769658554762,0.0,0.15384615384615385,0.8890658415470079,-0.006488439999301891,-0.08330271080651658,0.016656533076825526,"[-0.006, -0.003, -0.07, -0.034, -0.083, 0.11, 0.02, 0.036, 0.045, 0.017]"
NQ,RTH,B1,13,TRQ3_TRV3,2023,236,0.12984337104338206,0.05908312055363013,0.22780123778167424,0.2502688341820615,0.0,0.15384615384615385,0.8439819117819833,-0.017952159239970525,0.0027217174467402865,0.05813738331257052,"[-0.018, 0.074, 0.051, 0.096, 0.003, 0.051, 0.05, -0.01, -0.109, 0.058]"
NQ,RTH,B1,13,TRQ3_TRV3,0,1901,0.13686305303412138,0.05328625874305136,0.22461731576011737,0.2714663755396634,0.0,0.15384615384615385,0.889609844721789,0.02654854555137284,0.02771889620383504,0.001546713010037874,"[0.027, 0.034, 0.029, 0.001, 0.028, 0.018, 0.014, -0.033, 0.022, 0.002]"
NQ,RTH,B1,13,TRQ5_TRV5,2016,239,0.147256910313471,0.06523480596495335,0.2531889635119217,0.3232405961703737,0.0,0.15384615384615385,0.9571699170375614,-0.08238015277192087,-0.131024996492089,-0.01824393327099391,"[-0.082, 0.087, 0.063, 0.09, -0.131, 0.027, 0.13, -0.109, 0.025, -0.018]"
NQ,RTH,B1,13,TRQ5_TRV5,2017,237,0.1497152621213197,0.07200037119663849,0.2950485294476621,0.3762478625455957,0.0,0.15384615384615385,0.9731492037885779,0.10821286988838827,0.04668710156576883,-0.02511513064109664,"[0.108, 0.053, 0.055, 0.012, 0.047, 0.091, -0.078, -0.025, -0.059, -0.025]"
NQ,RTH,B1,13,TRQ5_TRV5,2018,236,0.14350488406065037,0.07241719033472928,0.2915389265131523,0.37300601430042135,0.0,0.15384615384615385,0.9327817463942274,0.07580588636566211,0.08134048825424084,-0.08155143673212831,"[0.076, -0.027, -0.003, 0.032, 0.081, 0.03, 0.023, 0.042, -0.045, -0.082]"
NQ,RTH,B1,13,TRQ5_TRV5,2019,237,0.1479161965165285,0.07516627393696843,0.2853781908813953,0.3818291662488105,0.0,0.15384615384615385,0.9614552773574351,0.05591479036335344,0.0057448504855797874,-0.06470905649969884,"[0.056, -0.018, -0.003, -0.101, 0.006, -0.04, -0.032, -0.058, 0.032, -0.065]"
NQ,RTH,B1,13,TRQ5_TRV5,2020,239,0.13837920889389968,0.06803638355721482,0.2537955268654913,0.3614587531198574,0.0,0.15384615384615385,0.8994648578103479,0.0013578250931685952,0.05992977759837552,-0.1263220160656015,"[0.001, 0.154, 0.018, -0.026, 0.06, -0.029, -0.018, -0.107, -0.04, -0.126]"
NQ,RTH,B1,13,TRQ5_TRV5,2021,239,0.14574433714208823,0.07155091362819532,0.29178810862042726,0.35214902164993217,0.0,0.15384615384615385,0.9473381914235735,-0.09779041649665993,0.03340598192487899,0.17124487493290577,"[-0.098, 0.141, -0.046, -0.015, 0.033, -0.04, 0.019, 0.044, -0.04, 0.171]"
NQ,RTH,B1,13,TRQ5_TRV5,2022,238,0.14729628187471144,0.060392222007572896,0.2895200070282735,0.3512632890391604,0.0,0.15384615384615385,0.9574258321856244,0.0676342551543726,-0.002299064413119538,0.07970897164826211,"[0.068, -0.036, 0.016, 0.026, -0.002, 0.037, -0.008, 0.029, 0.087, 0.08]"
NQ,RTH,B1,13,TRQ5_TRV5,2023,236,0.14087920467354387,0.06926326958452358,0.2712198327236422,0.34770439966277467,0.0,0.15384615384615385,0.9157148303780351,0.009534646259722458,-0.05554837071535866,-0.046944790161419336,"[0.01, 0.061, 0.001, 0.076, -0.056, 0.017, -0.011, 0.068, -0.007, -0.047]"
NQ,RTH,B1,13,TRQ5_TRV5,0,1901,0.14469039836562395,0.06993507298812096,0.28439267074166713,0.370997518851785,0.0,0.15384615384615385,0.9404875893765556,0.02625288140745733,0.015170316833721704,-0.015554476737602458,"[0.026, 0.053, 0.022, 0.011, 0.015, 0.017, -0.003, -0.013, -0.004, -0.016]"
NQ,RTH,B1,13,TRQ10_TRV10,2016,239,0.14792235327757097,0.07095554130605924,0.29107871420544623,0.4066782886933306,0.0,0.15384615384615385,0.9614952963042113,-0.03218467058940319,-0.1385579754281969,0.04926811811397853,"[-0.032, 0.087, 0.123, 0.026, -0.139, 0.069, 0.108, -0.055, 0.087, 0.049]"
NQ,RTH,B1,13,TRQ10_TRV10,2017,237,0.15063586927967829,0.07791713636717251,0.33519813881765204,0.42497463824486975,0.0,0.15384615384615385,0.9791331503179088,0.060541954791843364,0.060453988175492954,-0.03859503406862939,"[0.061, 0.054, 0.023, 0.001, 0.06, 0.123, -0.031, -0.021, -0.054, -0.039]"
NQ,RTH,B1,13,TRQ10_TRV10,2018,236,0.14350488406065037,0.0771705840001815,0.2915389265131523,0.37300601430042135,0.0,0.15384615384615385,0.9327817463942274,0.12033622631215468,0.09477213817881716,-0.058673009025928105,"[0.12, -0.0, -0.008, 0.025, 0.095, 0.041, 0.02, 0.031, -0.039, -0.059]"
NQ,RTH,B1,13,TRQ10_TRV10,2019,237,0.1492412843568127,0.07666297315773418,0.3032736727768028,0.45171842491721215,0.0,0.15384615384615385,0.9700683483192825,0.07760140060762383,-0.004613835846528317,-0.11749447323905007,"[0.078, 0.003, -0.027, -0.066, -0.005, -0.052, -0.017, -0.017, 0.043, -0.117]"
NQ,RTH,B1,13,TRQ10_TRV10,2020,239,0.13949806506671256,0.0715181226900459,0.28998470771798407,0.3764123333349968,0.0,0.15384615384615385,0.9067374229336316,-0.011808368192398389,0.04675626322566538,-0.08361810873936605,"[-0.012, 0.087, 0.01, -0.07, 0.047, -0.033, 0.049, -0.04, -0.038, -0.084]"
NQ,RTH,B1,13,TRQ10_TRV10,2021,239,0.14906802051846946,0.07464442789793724,0.3079079287050747,0.44431964490279846,0.0,0.15384615384615385,0.9689421333700514,-0.09849511806391291,0.14011899085980178,0.12188495763496186,"[-0.098, 0.137, -0.08, 0.038, 0.14, -0.06, 0.033, 0.022, -0.081, 0.122]"
NQ,RTH,B1,13,TRQ10_TRV10,2022,238,0.14840969502289011,0.06741512435201864,0.31066473258197197,0.42340295395204536,0.0,0.15384615384615385,0.9646630176487857,0.029333066728256346,-0.03271039408388854,0.06286935072647144,"[0.029, -0.067, 0.004, -0.012, -0.033, 0.001, -0.013, 0.002, 0.051, 0.063]"
NQ,RTH,B1,13,TRQ10_TRV10,2023,236,0.14087920467354387,0.06937624528449354,0.27227344246540996,0.37708095901300925,0.0,0.15384615384615385,0.9157148303780351,-0.0032869563845079495,-0.06508907653029909,-0.040729088673678665,"[-0.003, 0.067, -0.019, 0.074, -0.065, 0.016, -0.015, 0.068, -0.017, -0.041]"
NQ,RTH,B1,13,TRQ10_TRV10,0,1901,0.14637681740312153,0.07370282451627744,0.30046783970960295,0.4257099615312236,0.0,0.15384615384615385,0.9514493131202899,0.02591934577082956,0.020444918586018112,-0.019409102104249218,"[0.026, 0.046, 0.011, 0.004, 0.02, 0.022, 0.019, -0.002, -0.006, -0.019]"
NQ,RTH,B1,13,MEDRQ_MEDRV,2016,239,0.13257197905239085,0.057315486135137206,0.2864852794158493,0.35339741274413894,0.0,0.15384615384615385,0.8617178638405405,0.019545894833686815,-0.06990118174277453,-0.20862447468191972,"[0.02, 0.05, 0.022, -0.015, -0.07, 0.025, 0.029, -0.0, -0.036, -0.209]"
NQ,RTH,B1,13,MEDRQ_MEDRV,2017,237,0.13512442441162922,0.06709864949003817,0.26861001272519763,0.36449362312467926,0.0,0.15384615384615385,0.8783087586755899,-0.07171648672543282,-0.0930876059574585,0.05523417549826605,"[-0.072, 0.028, 0.04, -0.088, -0.093, -0.067, -0.08, 0.018, 0.002, 0.055]"
NQ,RTH,B1,13,MEDRQ_MEDRV,2018,236,0.12683670699015653,0.061418419728393625,0.24995359212741475,0.30021942251308525,0.0,0.15384615384615385,0.8244385954360174,0.03340330506952369,-0.010404759852653179,-0.04602025365876112,"[0.033, -0.133, -0.008, 0.071, -0.01, -0.05, -0.014, 0.048, 0.033, -0.046]"
NQ,RTH,B1,13,MEDRQ_MEDRV,2019,237,0.1375882446607718,0.0627198353291202,0.25658641616534184,0.38957254370366157,0.0,0.15384615384615385,0.8943235902950166,-0.03438094349428569,-0.010441722770285718,-0.07337051604747212,"[-0.034, -0.03, -0.061, -0.001, -0.01, 0.019, -0.024, -0.035, -0.035, -0.073]"
NQ,RTH,B1,13,MEDRQ_MEDRV,2020,239,0.1206085563578683,0.05714631698576314,0.2555537653027799,0.3358496696470721,0.0,0.15384615384615385,0.7839556163261439,-0.048463406793527536,0.04171798549844666,0.10287644560458242,"[-0.048, -0.024, 0.017, 0.042, 0.042, 0.025, -0.086, -0.025, -0.067, 0.103]"
NQ,RTH,B1,13,MEDRQ_MEDRV,2021,239,0.13291976646073964,0.06710698736109814,0.260656097612336,0.32743503346637814,0.0,0.15384615384615385,0.8639784819948075,0.0024014083779592753,0.2260859590111987,0.02436198066469626,"[0.002, 0.037, 0.015, 0.024, 0.226, 0.046, 0.13, 0.011, 0.033, 0.024]"
NQ,RTH,B1,13,MEDRQ_MEDRV,2022,238,0.12912764725782147,0.053031049353223655,0.2728020172026969,0.3396440674309278,0.0,0.15384615384615385,0.8393297071758395,0.0289285805678271,0.01713251367025715,0.028122113302033028,"[0.029, 0.03, -0.011, 0.026, 0.017, 0.029, -0.072, 0.016, -0.03, 0.028]"
NQ,RTH,B1,13,MEDRQ_MEDRV,2023,236,0.12943748628215673,0.05878762587502073,0.2768887915567256,0.3615757571188427,0.0,0.15384615384615385,0.8413436608340187,0.05117892502027075,0.0334582036850823,-0.060503939985893665,"[0.051, -0.089, -0.026, 0.044, 0.033, 0.059, 0.073, -0.014, -0.111, -0.061]"
NQ,RTH,B1,13,MEDRQ_MEDRV,0,1901,0.13012903898730968,0.061040571985974276,0.2627657430458723,0.3529552266703976,0.0,0.15384615384615385,0.8458387534175129,0.006047189955712031,0.02225610277688917,-0.025637070319361358,"[0.006, -0.014, 0.007, 0.017, 0.022, 0.015, 0.001, 0.006, -0.014, -0.026]"
NQ,RTH,B1,26,RQ_RV,2016,239,0.08638381547486543,0.048617672732848005,0.17141628932484146,0.2550967608108551,0.0,0.07692307692307693,1.1229896011732505,0.07492788338008663,0.004638240557152708,0.045109172806660075,"[0.075, 0.014, 0.095, 0.146, 0.005, -0.025, 0.01, 0.102, 0.014, 0.045]"
NQ,RTH,B1,26,RQ_RV,2017,237,0.09346813137031014,0.042188586985942494,0.18372935390695852,0.3110328376391133,0.0,0.07692307692307693,1.2150857078140318,0.06607959517059149,-0.03563644519873537,0.08161818091213868,"[0.066, 0.034, 0.013, -0.034, -0.036, 0.068, -0.044, 0.003, -0.015, 0.082]"
NQ,RTH,B1,26,RQ_RV,2018,236,0.08053441451589749,0.04077690406329311,0.16633100418218383,0.2624999910656481,0.0,0.07692307692307693,1.0469473887066674,0.16116398324233125,0.07021157071768758,0.07277324415493525,"[0.161, 0.031, 0.181, 0.088, 0.07, 0.186, 0.197, 0.062, -0.007, 0.073]"
NQ,RTH,B1,26,RQ_RV,2019,237,0.09029733880218081,0.04216462739876066,0.21442005084882076,0.3020252560184605,0.0,0.07692307692307693,1.1738654044283505,0.1679456038477474,0.07303622086149532,-0.052110216995419976,"[0.168, 0.032, 0.028, 0.085, 0.073, -0.015, 0.082, 0.012, 0.026, -0.052]"
NQ,RTH,B1,26,RQ_RV,2020,239,0.0781399871391342,0.041686662612720804,0.1668799382156927,0.21790499607507985,0.0,0.07692307692307693,1.0158198328087444,-0.022484871517049275,0.036382912419191,-0.04739510676238014,"[-0.022, 0.036, 0.065, -0.076, 0.036, 0.049, -0.088, 0.008, 0.045, -0.047]"
NQ,RTH,B1,26,RQ_RV,2021,239,0.08757489370838016,0.045807097214994735,0.20178787842529144,0.2711989996285088,0.0,0.07692307692307693,1.138473618208942,-0.0011372283919755006,0.09685937535639869,0.05140746852280731,"[-0.001, 0.037, 0.054, 0.045, 0.097, -0.06, 0.032, 0.033, 0.075, 0.051]"
NQ,RTH,B1,26,RQ_RV,2022,238,0.08591058984175463,0.04220413593466474,0.19812554976969307,0.24105470279399113,0.0,0.07692307692307693,1.1168376679428103,0.06041711935158524,-0.08729112401864529,0.10160837629107544,"[0.06, 0.022, 0.058, -0.012, -0.087, 0.074, 0.029, 0.083, 0.111, 0.102]"
NQ,RTH,B1,26,RQ_RV,2023,236,0.08218994055087567,0.039423510528470304,0.1789205405138394,0.251224318676291,0.0,0.07692307692307693,1.0684692271613836,0.03134868883375096,0.06804286078548231,-0.05537247393969376,"[0.031, -0.039, 0.078, 0.167, 0.068, 0.063, 0.045, 0.041, -0.05, -0.055]"
NQ,RTH,B1,26,RQ_RV,0,1901,0.08561686928784647,0.043063968937397584,0.18788306094973947,0.27522294257423197,0.0,0.07692307692307693,1.113019300742004,0.08465861140615404,0.05050955142465911,0.036191423428766745,"[0.085, 0.04, 0.087, 0.068, 0.051, 0.053, 0.053, 0.059, 0.048, 0.036]"
NQ,RTH,B1,26,TQ_BV,2016,239,0.0734217894162859,0.03309934759492231,0.1324883017648545,0.1546327539511474,0.0,0.07692307692307693,0.9544832624117165,0.0025497190301658024,0.0031258405319309294,-0.029058144544380077,"[0.003, 0.022, -0.083, 0.032, 0.003, -0.012, 0.056, 0.039, -0.134, -0.029]"
NQ,RTH,B1,26,TQ_BV,2017,237,0.08008090867847095,0.04003155779902879,0.1491969547131933,0.1809104307042065,0.0,0.07692307692307693,1.0410518128201223,0.05152095355046084,0.01576238776280165,0.013985798164010828,"[0.052, 0.001, 0.047, 0.001, 0.016, -0.005, 0.05, -0.143, 0.026, 0.014]"
NQ,RTH,B1,26,TQ_BV,2018,236,0.07442382129081615,0.04070460548680423,0.13236532983543287,0.15964033815986203,0.0,0.07692307692307693,0.96750967678061,0.05442118208926971,0.04016916061225799,-0.04035170917878903,"[0.054, 0.048, 0.018, -0.009, 0.04, 0.104, 0.01, 0.008, -0.101, -0.04]"
NQ,RTH,B1,26,TQ_BV,2019,237,0.07622793457349693,0.03783495995739255,0.1485272367835406,0.19345739022376637,0.0,0.07692307692307693,0.99096314945546,0.027805469355993425,-0.005031009324786272,-0.012083071176644321,"[0.028, -0.024, -0.038, 0.041, -0.005, 0.015, -0.054, -0.003, -0.003, -0.012]"
NQ,RTH,B1,26,TQ_BV,2020,239,0.07261592195695996,0.033801080971610956,0.13288307318825424,0.17054571332351195,0.0,0.07692307692307693,0.9440069854404793,-0.060605406308669355,0.03459494215847143,0.019189315971701135,"[-0.061, 0.07, 0.122, -0.017, 0.035, 0.033, -0.023, 0.021, -0.044, 0.019]"
NQ,RTH,B1,26,TQ_BV,2021,239,0.07377679763408745,0.04140683190985123,0.14564588701783635,0.1973377067915367,0.0,0.07692307692307693,0.9590983692431369,-0.022733671847450676,0.029083091822911158,0.10738546089446094,"[-0.023, 0.032, -0.005, -0.019, 0.029, 0.003, -0.065, 0.109, -0.016, 0.107]"
NQ,RTH,B1,26,TQ_BV,2022,238,0.07360939857969206,0.03166214102485264,0.13939888062793734,0.1646616338031946,0.0,0.07692307692307693,0.9569221815359968,0.04297129210740734,0.000704904758150289,-0.07088433848105054,"[0.043, -0.024, -0.031, -0.062, 0.001, 0.036, -0.045, -0.026, 0.082, -0.071]"
NQ,RTH,B1,26,TQ_BV,2023,236,0.07481745462789272,0.03274635023856634,0.14973247931380324,0.17991413036238058,0.0,0.07692307692307693,0.9726269101626053,0.005959445694277039,-0.018315191716809755,-0.10436525993122446,"[0.006, 0.003, 0.009, 0.138, -0.018, 0.03, -0.145, -0.069, 0.008, -0.104]"
NQ,RTH,B1,26,TQ_BV,0,1901,0.07454757908300745,0.03738669766863875,0.14107520579693458,0.18000281751836258,0.0,0.07692307692307693,0.9691185280790968,0.020005438791495956,0.01345327726685246,-0.010423395644977051,"[0.02, 0.024, 0.014, 0.021, 0.013, 0.024, -0.014, -0.012, -0.008, -0.01]"
NQ,RTH,B1,26,TRQ3_TRV3,2016,239,0.07675901139292808,0.02531264701047889,0.11069890570227925,0.16303666259956529,0.0,0.07692307692307693,0.997867148108065,0.06300982613019139,-0.03490175249805127,0.03726350582010023,"[0.063, 0.05, -0.034, 0.071, -0.035, 0.019, 0.093, 0.156, 0.039, 0.037]"
NQ,RTH,B1,26,TRQ3_TRV3,2017,237,0.08160559736644077,0.02702104652618159,0.1191023815129484,0.14365357915274912,0.0,0.07692307692307693,1.06087276576373,0.04562079003983391,0.06690453570265731,0.06260489919376436,"[0.046, -0.021, 0.085, 0.037, 0.067, 0.015, 0.064, -0.082, 0.051, 0.063]"
NQ,RTH,B1,26,TRQ3_TRV3,2018,236,0.07462361084775476,0.022860851035286817,0.11320601979087912,0.14204001776933417,0.0,0.07692307692307693,0.9701069410208119,0.06601238691977247,0.06335107163915915,0.006914397234485602,"[0.066, 0.032, 0.059, 0.125, 0.063, 0.094, 0.062, 0.001, 0.028, 0.007]"
NQ,RTH,B1,26,TRQ3_TRV3,2019,237,0.0813008307366702,0.023573525673940263,0.1142164940238982,0.14519443984897268,0.0,0.07692307692307693,1.0569107995767126,0.037412693836952976,0.003632552656611878,-0.13394132364361666,"[0.037, -0.072, 0.013, -0.002, 0.004, -0.026, -0.02, 0.098, -0.044, -0.134]"
NQ,RTH,B1,26,TRQ3_TRV3,2020,239,0.07357166508280286,0.024399508327131156,0.11513928684281001,0.12439931312667359,0.0,0.07692307692307693,0.956431646076437,-0.026974003670547617,-0.03850444446231369,0.0031772457261411346,"[-0.027, 0.035, 0.002, 0.029, -0.039, 0.029, -0.042, 0.055, 0.065, 0.003]"
NQ,RTH,B1,26,TRQ3_TRV3,2021,239,0.07779587471394517,0.02738122990686459,0.11757947904690831,0.14195327201086166,0.0,0.07692307692307693,1.0113463712812871,0.06420769095297524,0.08625115283574064,0.04894045736252851,"[0.064, 0.001, 0.051, 0.038, 0.086, 0.026, 0.014, 0.01, 0.038, 0.049]"
NQ,RTH,B1,26,TRQ3_TRV3,2022,238,0.07692719344979662,0.026473068351221637,0.12174523225267753,0.15499974941171252,0.0,0.07692307692307693,1.000053514847356,-0.04783932923031037,-0.006990336691869543,-0.03496577652574915,"[-0.048, -0.02, -0.003, -0.009, -0.007, 0.044, 0.022, -0.025, 0.011, -0.035]"
NQ,RTH,B1,26,TRQ3_TRV3,2023,236,0.07688821531135315,0.027228365031160134,0.11914626385490742,0.13243913623566198,0.0,0.07692307692307693,0.9995467990475909,-0.039557900667070385,0.058615925865244334,-0.028266922904119363,"[-0.04, 0.097, 0.038, -0.004, 0.059, 0.03, -0.044, 0.066, -0.043, -0.028]"
NQ,RTH,B1,26,TRQ3_TRV3,0,1901,0.07730077909163605,0.026302095187305946,0.11752404472837666,0.14235011698179395,0.0,0.07692307692307693,1.0049101281912685,0.03648453798738673,0.045786645830372105,0.013046030875720968,"[0.036, 0.024, 0.043, 0.049, 0.046, 0.037, 0.028, 0.052, 0.036, 0.013]"
NQ,RTH,B1,26,TRQ5_TRV5,2016,239,0.08478401093840936,0.047367704049490256,0.16259630423566018,0.22468094304169167,0.0,0.07692307692307693,1.1021921421993215,0.06291531901914649,0.04307924305740195,0.041973070629749816,"[0.063, -0.006, 0.073, 0.11, 0.043, -0.063, 0.022, 0.1, -0.03, 0.042]"
NQ,RTH,B1,26,TRQ5_TRV5,2017,237,0.09211064291228313,0.03850676924192452,0.1786870505044748,0.21094920381308863,0.0,0.07692307692307693,1.1974383578596806,0.016631442820257077,0.02851476706120671,0.013355582091779351,"[0.017, 0.082, -0.0, -0.051, 0.029, 0.006, -0.023, -0.035, -0.006, 0.013]"
NQ,RTH,B1,26,TRQ5_TRV5,2018,236,0.0802355550409172,0.03719505483266247,0.1544201242934791,0.19151864997862889,0.0,0.07692307692307693,1.0430622155319236,0.17960942509483319,0.06972274014803709,0.08117279539754325,"[0.18, 0.078, 0.174, 0.111, 0.07, 0.158, 0.141, 0.099, -0.042, 0.081]"
NQ,RTH,B1,26,TRQ5_TRV5,2019,237,0.0896905890798698,0.0403751148201594,0.17816179595684445,0.22265790529984927,0.0,0.07692307692307693,1.1659776580383074,0.10745702350651977,0.05560266176867317,-0.0839783194756388,"[0.107, 0.043, 0.069, 0.053, 0.056, -0.013, 0.016, 0.017, 0.03, -0.084]"
NQ,RTH,B1,26,TRQ5_TRV5,2020,239,0.07766067865039912,0.0400346677034884,0.15788676024737086,0.192667811429565,0.0,0.07692307692307693,1.0095888224551886,0.03252945577191794,0.058040181966153306,-0.03200616355619756,"[0.033, 0.093, 0.09, -0.034, 0.058, 0.08, -0.036, 0.057, 0.04, -0.032]"
NQ,RTH,B1,26,TRQ5_TRV5,2021,239,0.08706782391034165,0.0453443916426952,0.19373858895583085,0.2563981758157869,0.0,0.07692307692307693,1.1318817108344414,-0.018426694173014447,0.10982657991969719,0.0847426384008628,"[-0.018, 0.041, 0.116, 0.009, 0.11, -0.019, 0.006, 0.043, 0.061, 0.085]"
NQ,RTH,B1,26,TRQ5_TRV5,2022,238,0.08591058984175463,0.04179741614547644,0.171949283700479,0.23125456836150324,0.0,0.07692307692307693,1.1168376679428103,0.052041064214145005,-0.08587425324267238,0.10258303386800068,"[0.052, 0.022, 0.064, -0.002, -0.086, 0.107, 0.019, 0.04, 0.087, 0.103]"
NQ,RTH,B1,26,TRQ5_TRV5,2023,236,0.08216748996165238,0.039108647985841544,0.16407594354638005,0.23205275822827462,0.0,0.07692307692307693,1.068177369501481,0.056447716264582,0.07752714756255899,-0.0119769496250903,"[0.056, -0.057, 0.065, 0.081, 0.078, 0.026, 0.041, -0.004, -0.049, -0.012]"
NQ,RTH,B1,26,TRQ5_TRV5,0,1901,0.08477519112473168,0.041364410191489454,0.1705264216866258,0.22927815586401304,0.0,0.07692307692307693,1.1020774846215118,0.07415420057070424,0.06690627399895975,0.04530397362920137,"[0.074, 0.053, 0.097, 0.05, 0.067, 0.048, 0.038, 0.061, 0.035, 0.045]"
NQ,RTH,B1,26,TRQ10_TRV10,2016,239,0.08638381547486543,0.048617672732848005,0.17141628932484146,0.2550967608108551,0.0,0.07692307692307693,1.1229896011732505,0.07492788338008663,0.004638240557152708,0.045109172806660075,"[0.075, 0.014, 0.095, 0.146, 0.005, -0.025, 0.01, 0.102, 0.014, 0.045]"
NQ,RTH,B1,26,TRQ10_TRV10,2017,237,0.09346813137031014,0.042188586985942494,0.18372935390695852,0.3110328376391133,0.0,0.07692307692307693,1.2150857078140318,0.06607959517059149,-0.03563644519873537,0.08161818091213868,"[0.066, 0.034, 0.013, -0.034, -0.036, 0.068, -0.044, 0.003, -0.015, 0.082]"
NQ,RTH,B1,26,TRQ10_TRV10,2018,236,0.08053441451589749,0.04077690406329311,0.16633100418218383,0.2624999910656481,0.0,0.07692307692307693,1.0469473887066674,0.16116398324233125,0.07021157071768758,0.07277324415493525,"[0.161, 0.031, 0.181, 0.088, 0.07, 0.186, 0.197, 0.062, -0.007, 0.073]"
NQ,RTH,B1,26,TRQ10_TRV10,2019,237,0.0900140071475156,0.04177150021313712,0.2046602406311795,0.29259434198535317,0.0,0.07692307692307693,1.1701820929177027,0.16731100336088722,0.07582895245695448,-0.024341047746724142,"[0.167, 0.065, 0.061, 0.063, 0.076, 0.007, 0.064, 0.028, 0.055, -0.024]"
NQ,RTH,B1,26,TRQ10_TRV10,2020,239,0.0781399871391342,0.041686662612720804,0.1668799382156927,0.21790499607507985,0.0,0.07692307692307693,1.0158198328087444,-0.022484871517049275,0.036382912419191,-0.04739510676238014,"[-0.022, 0.036, 0.065, -0.076, 0.036, 0.049, -0.088, 0.008, 0.045, -0.047]"
NQ,RTH,B1,26,TRQ10_TRV10,2021,239,0.08757489370838016,0.045807097214994735,0.20178787842529144,0.2711989996285088,0.0,0.07692307692307693,1.138473618208942,-0.0011372283919755006,0.09685937535639869,0.05140746852280731,"[-0.001, 0.037, 0.054, 0.045, 0.097, -0.06, 0.032, 0.033, 0.075, 0.051]"
NQ,RTH,B1,26,TRQ10_TRV10,2022,238,0.08591058984175463,0.04220413593466474,0.19812554976969307,0.24105470279399113,0.0,0.07692307692307693,1.1168376679428103,0.06041711935158524,-0.08729112401864529,0.10160837629107544,"[0.06, 0.022, 0.058, -0.012, -0.087, 0.074, 0.029, 0.083, 0.111, 0.102]"
NQ,RTH,B1,26,TRQ10_TRV10,2023,236,0.08218994055087567,0.039423510528470304,0.1789205405138394,0.251224318676291,0.0,0.07692307692307693,1.0684692271613836,0.03134868883375096,0.06804286078548231,-0.05537247393969376,"[0.031, -0.039, 0.078, 0.167, 0.068, 0.063, 0.045, 0.041, -0.05, -0.055]"
NQ,RTH,B1,26,TRQ10_TRV10,0,1901,0.08557149606613022,0.04298397194623711,0.18649868997043262,0.2693059061665841,0.0,0.07692307692307693,1.1124294488596929,0.08301213261755729,0.04995813415974277,0.03996765009449861,"[0.083, 0.043, 0.091, 0.065, 0.05, 0.056, 0.05, 0.061, 0.051, 0.04]"
NQ,RTH,B1,26,MEDRQ_MEDRV,2016,239,0.07712766969946715,0.035303640751309345,0.14869967258446132,0.21335615760627819,0.0,0.07692307692307693,1.0026597060930729,0.026724655191263977,-0.08471599968398343,-0.036136649224849396,"[0.027, 0.003, 0.04, 0.033, -0.085, 0.036, 0.099, 0.136, -0.029, -0.036]"
NQ,RTH,B1,26,MEDRQ_MEDRV,2017,237,0.08319950915448528,0.041271158371376696,0.16389187258440294,0.21198036267172787,0.0,0.07692307692307693,1.0815936190083086,-0.004248908896258334,-0.07151759635238696,0.07303423537747128,"[-0.004, -0.011, 0.126, 0.013, -0.072, 0.062, 0.002, -0.099, 0.15, 0.073]"
NQ,RTH,B1,26,MEDRQ_MEDRV,2018,236,0.07622465602328353,0.0329275424862832,0.14442001244481686,0.20590790346476268,0.0,0.07692307692307693,0.9909205283026858,0.11190897334730568,0.06825653522247739,-0.01014209884550915,"[0.112, 0.155, 0.077, 0.091, 0.068, 0.094, 0.161, 0.013, -0.019, -0.01]"
NQ,RTH,B1,26,MEDRQ_MEDRV,2019,237,0.08141040104358356,0.04177236130015098,0.15119053042840447,0.21369421703511343,0.0,0.07692307692307693,1.0583352135665862,0.0854636725365814,-0.05400835851062635,-0.14992726713872015,"[0.085, -0.059, 0.026, -0.003, -0.054, -0.05, -0.01, 0.152, -0.006, -0.15]"
NQ,RTH,B1,26,MEDRQ_MEDRV,2020,239,0.07465474423191927,0.03408254164381104,0.13950775481486058,0.20935772798429161,0.0,0.07692307692307693,0.9705116750149505,0.0327811244859916,0.04446237775715124,-0.05230870489746584,"[0.033, 0.17, 0.163, 0.088, 0.044, -0.018, -0.012, 0.055, -0.012, -0.052]"
NQ,RTH,B1,26,MEDRQ_MEDRV,2021,239,0.07772808864856676,0.03486635828366738,0.15297483197209982,0.19582077140705192,0.0,0.07692307692307693,1.0104651524313677,0.08115948987882754,0.04739831522471006,0.022457930279725334,"[0.081, -0.009, -0.018, 0.03, 0.047, -0.072, -0.008, -0.043, -0.024, 0.022]"
NQ,RTH,B1,26,MEDRQ_MEDRV,2022,238,0.0773925139601652,0.03674379344546452,0.1777966571502064,0.2149227967937268,0.0,0.07692307692307693,1.0061026814821474,0.04812158946018376,-0.08183241259305819,-0.1146475477219147,"[0.048, 0.03, -0.024, -0.055, -0.082, 0.043, 0.037, -0.06, 0.063, -0.115]"
NQ,RTH,B1,26,MEDRQ_MEDRV,2023,236,0.07946406663177888,0.036715565065767355,0.16272743122824201,0.20749731186483966,0.0,0.07692307692307693,1.0330328662131254,-0.08312342000932108,0.03055722158196718,0.027100124663518924,"[-0.083, 0.043, 0.013, 0.013, 0.031, 0.04, -0.098, 0.063, -0.097, 0.027]"
NQ,RTH,B1,26,MEDRQ_MEDRV,0,1901,0.07803956040850733,0.0364163428450547,0.15674270753974942,0.2141493780003036,0.0,0.07692307692307693,1.0145142853105953,0.04241620424448934,-0.0036343195132673353,-0.021065069803816495,"[0.042, 0.046, 0.056, 0.026, -0.004, 0.022, 0.028, 0.039, 0.013, -0.021]"
NQ,RTH,B1,78,RQ_RV,2016,239,0.035323046799047075,0.015922650572289983,0.0758155620354269,0.1274652761325243,0.0,0.02564102564102564,1.377598825162836,0.13216859800876607,0.16273647125548288,0.0704050713067114,"[0.132, 0.147, 0.124, 0.114, 0.163, 0.145, 0.113, 0.156, 0.038, 0.07]"
NQ,RTH,B1,78,RQ_RV,2017,237,0.0394589576042226,0.01733988995144392,0.07832135332766264,0.11772389737061652,0.0,0.02564102564102564,1.5388993465646814,0.03603434484566895,0.06491158994908126,0.012947148064938465,"[0.036, 0.072, 0.037, -0.044, 0.065, -0.022, -0.031, -0.068, 0.048, 0.013]"
NQ,RTH,B1,78,RQ_RV,2018,236,0.033355197247009576,0.014539865755218068,0.06033298227105692,0.08592187575324484,0.0,0.02564102564102564,1.3008526926333734,0.16881533959191705,0.12646528177862162,0.09242673084103224,"[0.169, 0.097, 0.137, 0.087, 0.126, 0.042, 0.13, 0.187, 0.108, 0.092]"
NQ,RTH,B1,78,RQ_RV,2019,237,0.03998145608129268,0.021423472989916773,0.09252883327144762,0.15722457539222925,0.0,0.02564102564102564,1.5592767871704145,0.016661002392715795,0.00850057927539445,0.0012535861293911025,"[0.017, -0.046, 0.036, 0.023, 0.009, -0.093, 0.094, 0.065, 0.078, 0.001]"
NQ,RTH,B1,78,RQ_RV,2020,239,0.031751357891425754,0.013269743826715117,0.0681852322159961,0.10964196255836586,0.0,0.02564102564102564,1.2383029577656044,0.14461924573445484,-0.022799770736915758,-0.056164495463719204,"[0.145, -0.012, 0.045, 0.066, -0.023, 0.077, 0.029, 0.105, -0.07, -0.056]"
NQ,RTH,B1,78,RQ_RV,2021,239,0.0360850022553587,0.018223354872675034,0.08912816467443806,0.13806695131601165,0.0,0.02564102564102564,1.4073150879589893,0.07725542952876997,0.09003566817591907,-0.06959368498806008,"[0.077, 0.073, -0.016, 0.115, 0.09, 0.021, 0.062, 0.014, 0.082, -0.07]"
NQ,RTH,B1,78,RQ_RV,2022,238,0.03309877954159374,0.015686525164738684,0.07702610152886956,0.11413912230188715,0.0,0.02564102564102564,1.2908524021221557,0.06730069475326748,-0.027383579094584283,0.07912448610101969,"[0.067, -0.034, 0.077, 0.012, -0.027, 0.037, 0.015, 0.072, 0.128, 0.079]"
NQ,RTH,B1,78,RQ_RV,2023,236,0.03431904440517074,0.015045530356016551,0.06752910083183543,0.09745402698014519,0.0,0.02564102564102564,1.3384427318016587,0.010597947047754333,0.04291722685452747,0.056572056009734646,"[0.011, 0.006, 0.046, 0.047, 0.043, -0.121, 0.02, -0.007, 0.048, 0.057]"
NQ,RTH,B1,78,RQ_RV,0,1901,0.03534575708589017,0.01686118254183063,0.07697022991035593,0.11974333808540266,0.0,0.02564102564102564,1.3784845263497165,0.1276729236100033,0.10792796635085598,0.06128129541244087,"[0.128, 0.082, 0.11, 0.102, 0.108, 0.067, 0.1, 0.106, 0.115, 0.061]"
NQ,RTH,B1,78,TQ_BV,2016,239,0.030276101975863903,0.013702611103026653,0.056596256757759894,0.08109131826723966,0.0,0.02564102564102564,1.1807679770586923,0.10667848093583565,0.06357655235984425,0.04980573822795139,"[0.107, 0.041, 0.047, 0.063, 0.064, 0.05, 0.162, 0.147, 0.064, 0.05]"
NQ,RTH,B1,78,TQ_BV,2017,237,0.033099230360429,0.013116897994271574,0.058782512901170966,0.08062778375724397,0.0,0.02564102564102564,1.290869984056731,0.005439493670329395,0.0768699986833171,-0.08534610000971464,"[0.005, 0.08, 0.053, 0.139, 0.077, -0.057, 0.065, -0.003, 0.087, -0.085]"
NQ,RTH,B1,78,TQ_BV,2018,236,0.02835398728142553,0.011526403346616074,0.05782885312549034,0.08546832865070855,0.0,0.02564102564102564,1.1058055039755956,0.08893528642326615,0.14070295020201898,-0.08825741876146206,"[0.089, 0.061, 0.103, 0.041, 0.141, 0.039, 0.062, -0.021, 0.008, -0.088]"
NQ,RTH,B1,78,TQ_BV,2019,237,0.0315696362183772,0.014535697523340801,0.06605307202178257,0.08784118691051593,0.0,0.02564102564102564,1.231215812516711,0.0037864014965656744,-0.0044580439684789456,-0.17941474788387923,"[0.004, 0.039, 0.009, 0.042, -0.004, 0.013, -0.009, 0.02, 0.108, -0.179]"
NQ,RTH,B1,78,TQ_BV,2020,239,0.028385534827031,0.010806567363214961,0.050956458970975206,0.06732119543122186,0.0,0.02564102564102564,1.107035858254209,0.04079337582113575,0.03765901285929808,0.028514328464113826,"[0.041, 0.026, 0.04, 0.111, 0.038, 0.145, 0.087, -0.008, 0.126, 0.029]"
NQ,RTH,B1,78,TQ_BV,2021,239,0.030873827813079537,0.015332313450689125,0.06121784046445486,0.08811134365786288,0.0,0.02564102564102564,1.204079284710102,0.1773552967693953,0.019207241856742927,-0.05224118526304711,"[0.177, -0.006, -0.017, 0.07, 0.019, 0.089, 0.016, 0.044, 0.107, -0.052]"
NQ,RTH,B1,78,TQ_BV,2022,238,0.030501450727500483,0.013036730679819683,0.06214688051368824,0.08550455194710072,0.0,0.02564102564102564,1.1895565783725188,-0.08945402066850443,0.015623741018835523,-0.010370186870094706,"[-0.089, 0.008, 0.085, 0.03, 0.016, 0.048, -0.063, 0.088, 0.034, -0.01]"
NQ,RTH,B1,78,TQ_BV,2023,236,0.029517893098843125,0.010423278872226042,0.05862546311395127,0.07910226080429407,0.0,0.02564102564102564,1.1511978308548818,0.049652161574266614,0.10950665060542607,0.0891235091240196,"[0.05, 0.014, 0.139, 0.145, 0.11, 0.099, 0.018, -0.067, 0.104, 0.089]"
NQ,RTH,B1,78,TQ_BV,0,1901,0.030130514104931925,0.013147732795127598,0.05876628811553222,0.08435408510574156,0.0,0.02564102564102564,1.1750900500923451,0.06887086117950708,0.0819167998339197,-0.01971740734465388,"[0.069, 0.051, 0.074, 0.094, 0.082, 0.062, 0.063, 0.046, 0.099, -0.02]"
NQ,RTH,B1,78,TRQ3_TRV3,2016,239,0.028967227578680567,0.006112593373538835,0.03759844343131205,0.04586560450179125,0.0,0.02564102564102564,1.129721875568542,0.1176937437180967,0.21552378305759612,0.09363991754782863,"[0.118, 0.074, 0.161, 0.117, 0.216, 0.163, 0.124, 0.057, 0.108, 0.094]"
NQ,RTH,B1,78,TRQ3_TRV3,2017,237,0.030747998858702198,0.006540510162339905,0.03918678914444112,0.04381376114761838,0.0,0.02564102564102564,1.1991719554893858,0.04294182662195135,-0.0068532662995073115,-0.0654859627053293,"[0.043, -0.018, -0.021, -0.0, -0.007, -0.012, -0.045, 0.04, 0.059, -0.065]"
NQ,RTH,B1,78,TRQ3_TRV3,2018,236,0.026889970398349804,0.007377340868381009,0.03772703607338956,0.046767834360651225,0.0,0.02564102564102564,1.0487088455356424,0.20037448512485706,0.11396099035513067,0.0954512850276803,"[0.2, 0.07, 0.192, 0.087, 0.114, 0.032, 0.115, 0.097, 0.037, 0.095]"
NQ,RTH,B1,78,TRQ3_TRV3,2019,237,0.02878111266296571,0.006787453664802094,0.041858873474994986,0.05087690376083861,0.0,0.02564102564102564,1.1224633938556627,0.07861900456878237,-0.021893011739978898,-0.009631783538209667,"[0.079, 0.011, 0.129, -0.063, -0.022, -0.05, 0.001, 0.086, 0.072, -0.01]"
NQ,RTH,B1,78,TRQ3_TRV3,2020,239,0.02721306305470019,0.006074123132206979,0.035511071692126736,0.039823178408373204,0.0,0.02564102564102564,1.0613094591333074,0.09694256106257239,0.01385154532259712,0.007279350598035722,"[0.097, 0.042, 0.059, 0.074, 0.014, 0.067, 0.081, 0.107, -0.055, 0.007]"
NQ,RTH,B1,78,TRQ3_TRV3,2021,239,0.028422993165109083,0.007193253244508875,0.039125436170292946,0.042067270534170115,0.0,0.02564102564102564,1.1084967334392544,0.10750130619025568,0.08393105685594014,-0.032458196439223534,"[0.108, 0.084, -0.012, 0.083, 0.084, 0.083, 0.102, 0.126, -0.013, -0.032]"
NQ,RTH,B1,78,TRQ3_TRV3,2022,238,0.027247923526036444,0.0052214215465158885,0.04087168619089267,0.04979079685132168,0.0,0.02564102564102564,1.0626690175154214,-0.014305326105537563,-0.02693665223297005,0.07122572766157861,"[-0.014, 0.039, 0.071, 0.082, -0.027, 0.196, 0.176, 0.046, 0.098, 0.071]"
NQ,RTH,B1,78,TRQ3_TRV3,2023,236,0.028336319343320437,0.006094314691889077,0.03808363732882757,0.0451375865359469,0.0,0.02564102564102564,1.1051164543894971,0.01481717209895222,-0.029851622756295954,0.04406309650187896,"[0.015, 0.06, 0.07, 0.114, -0.03, -0.093, 0.032, -0.048, 0.009, 0.044]"
NQ,RTH,B1,78,TRQ3_TRV3,0,1901,0.028314022661494676,0.006808177047026284,0.03898274596596799,0.04708308221362158,0.0,0.02564102564102564,1.1042468837982924,0.11869573138675389,0.08286993333829339,0.07243180617348238,"[0.119, 0.087, 0.13, 0.102, 0.083, 0.087, 0.112, 0.109, 0.081, 0.072]"
NQ,RTH,B1,78,TRQ5_TRV5,2016,239,0.034740221830217376,0.013853248335878109,0.05854120795166405,0.07340139520692972,0.0,0.02564102564102564,1.3548686513784778,0.2527250302910256,0.22565148073840643,0.035609781614437924,"[0.253, 0.17, 0.112, 0.099, 0.226, 0.181, 0.13, 0.094, 0.027, 0.036]"
NQ,RTH,B1,78,TRQ5_TRV5,2017,237,0.03874034934955486,0.01551772081806118,0.06270677742777409,0.07349252004745191,0.0,0.02564102564102564,1.5108736246326395,0.02414469129702161,-0.0622814449552746,0.10249127221114784,"[0.024, 0.031, 0.074, -0.099, -0.062, -0.026, -0.024, -0.088, 0.017, 0.102]"
NQ,RTH,B1,78,TRQ5_TRV5,2018,236,0.03311920855065785,0.01452185602990342,0.055196704947532205,0.07215929200182275,0.0,0.02564102564102564,1.2916491334756561,0.17938484071214697,0.1381327790601047,0.10994416147687408,"[0.179, 0.13, 0.138, 0.095, 0.138, 0.03, 0.12, 0.196, 0.103, 0.11]"
NQ,RTH,B1,78,TRQ5_TRV5,2019,237,0.03811607944697293,0.018048830818121503,0.06348645473286268,0.09113661050266317,0.0,0.02564102564102564,1.4865270984319443,0.08772879699418344,-0.06996237299048937,-0.05709366630492633,"[0.088, 0.059, -0.038, 0.013, -0.07, -0.027, 0.025, 0.045, 0.049, -0.057]"
NQ,RTH,B1,78,TRQ5_TRV5,2020,239,0.0314802152174142,0.01233807283731924,0.05484227238614519,0.06911041205098728,0.0,0.02564102564102564,1.2277283934791536,0.10277226477413355,-0.012857199545425243,-0.03971444064577729,"[0.103, 0.048, 0.057, 0.15, -0.013, 0.107, -0.014, 0.112, -0.034, -0.04]"
NQ,RTH,B1,78,TRQ5_TRV5,2021,239,0.03535683918036934,0.014690750364217832,0.060802820213499,0.07570984480165828,0.0,0.02564102564102564,1.3789167280344043,0.07551776045597103,0.0711792091858712,-0.03118738876097137,"[0.076, 0.128, -0.004, 0.111, 0.071, 0.142, 0.08, 0.047, -0.011, -0.031]"
NQ,RTH,B1,78,TRQ5_TRV5,2022,238,0.032100177992582524,0.014227612906007981,0.0638298424599277,0.07779333451640477,0.0,0.02564102564102564,1.2519069417107185,0.03264100427979478,-0.00799108759755517,0.07141223731827955,"[0.033, -0.048, -0.007, 0.04, -0.008, 0.046, 0.091, 0.11, 0.13, 0.071]"
NQ,RTH,B1,78,TRQ5_TRV5,2023,236,0.03415207858170102,0.013964593635913968,0.06088205071191195,0.0677174299994026,0.0,0.02564102564102564,1.33193106468634,-0.03461114388034653,-0.027609615746010542,0.07683188715009175,"[-0.035, 0.052, 0.018, 0.017, -0.028, -0.147, -0.058, -0.008, 0.001, 0.077]"
NQ,RTH,B1,78,TRQ5_TRV5,0,1901,0.034715530006946,0.014835473952598686,0.06040059831397699,0.07580857523212021,0.0,0.02564102564102564,1.353905670270894,0.1317685929194506,0.08524700732217357,0.06945087192632575,"[0.132, 0.114, 0.086, 0.098, 0.085, 0.086, 0.091, 0.11, 0.086, 0.069]"
NQ,RTH,B1,78,TRQ10_TRV10,2016,239,0.035323046799047075,0.015922650572289983,0.0758155620354269,0.1274652761325243,0.0,0.02564102564102564,1.377598825162836,0.13216859800876607,0.16273647125548288,0.0704050713067114,"[0.132, 0.147, 0.124, 0.114, 0.163, 0.145, 0.113, 0.156, 0.038, 0.07]"
NQ,RTH,B1,78,TRQ10_TRV10,2017,237,0.0394589576042226,0.01733988995144392,0.07832135332766264,0.11772389737061652,0.0,0.02564102564102564,1.5388993465646814,0.03603434484566895,0.06491158994908126,0.012947148064938465,"[0.036, 0.072, 0.037, -0.044, 0.065, -0.022, -0.031, -0.068, 0.048, 0.013]"
NQ,RTH,B1,78,TRQ10_TRV10,2018,236,0.033355197247009576,0.014539865755218068,0.06033298227105692,0.08592187575324484,0.0,0.02564102564102564,1.3008526926333734,0.16881533959191705,0.12646528177862162,0.09242673084103224,"[0.169, 0.097, 0.137, 0.087, 0.126, 0.042, 0.13, 0.187, 0.108, 0.092]"
NQ,RTH,B1,78,TRQ10_TRV10,2019,237,0.03998145608129268,0.021423472989916773,0.09252883327144762,0.15722457539222925,0.0,0.02564102564102564,1.5592767871704145,0.016661002392715795,0.00850057927539445,0.0012535861293911025,"[0.017, -0.046, 0.036, 0.023, 0.009, -0.093, 0.094, 0.065, 0.078, 0.001]"
NQ,RTH,B1,78,TRQ10_TRV10,2020,239,0.031751357891425754,0.013269743826715117,0.0681852322159961,0.10964196255836586,0.0,0.02564102564102564,1.2383029577656044,0.14461924573445484,-0.022799770736915758,-0.056164495463719204,"[0.145, -0.012, 0.045, 0.066, -0.023, 0.077, 0.029, 0.105, -0.07, -0.056]"
NQ,RTH,B1,78,TRQ10_TRV10,2021,239,0.0360850022553587,0.018223354872675034,0.08912816467443806,0.13806695131601165,0.0,0.02564102564102564,1.4073150879589893,0.07725542952876997,0.09003566817591907,-0.06959368498806008,"[0.077, 0.073, -0.016, 0.115, 0.09, 0.021, 0.062, 0.014, 0.082, -0.07]"
NQ,RTH,B1,78,TRQ10_TRV10,2022,238,0.03309877954159374,0.015686525164738684,0.07702610152886956,0.11413912230188715,0.0,0.02564102564102564,1.2908524021221557,0.06730069475326748,-0.027383579094584283,0.07912448610101969,"[0.067, -0.034, 0.077, 0.012, -0.027, 0.037, 0.015, 0.072, 0.128, 0.079]"
NQ,RTH,B1,78,TRQ10_TRV10,2023,236,0.03431904440517074,0.015045530356016551,0.06752910083183543,0.09745402698014519,0.0,0.02564102564102564,1.3384427318016587,0.010597947047754333,0.04291722685452747,0.056572056009734646,"[0.011, 0.006, 0.046, 0.047, 0.043, -0.121, 0.02, -0.007, 0.048, 0.057]"
NQ,RTH,B1,78,TRQ10_TRV10,0,1901,0.03534575708589017,0.01686118254183063,0.07697022991035593,0.11974333808540266,0.0,0.02564102564102564,1.3784845263497165,0.1276729236100033,0.10792796635085598,0.06128129541244087,"[0.128, 0.082, 0.11, 0.102, 0.108, 0.067, 0.1, 0.106, 0.115, 0.061]"
NQ,RTH,B1,78,MEDRQ_MEDRV,2016,239,0.03293164672252213,0.015161046600709754,0.06385450777443392,0.09323083873464924,0.0,0.02564102564102564,1.284334222178363,0.09287924649175937,0.15316524538743814,0.06540375717330726,"[0.093, 0.068, 0.116, 0.216, 0.153, 0.194, 0.069, 0.173, 0.191, 0.065]"
NQ,RTH,B1,78,MEDRQ_MEDRV,2017,237,0.035320643386677064,0.014172997536566263,0.06046122965338371,0.08924038775213096,0.0,0.02564102564102564,1.3775050920804055,-0.047717539607587366,0.05776106181077173,-0.03502193066901917,"[-0.048, 0.021, -0.002, 0.048, 0.058, -0.164, 0.106, -0.005, 0.054, -0.035]"
NQ,RTH,B1,78,MEDRQ_MEDRV,2018,236,0.02929180730712351,0.01268945265805425,0.060161741363633364,0.09333572322269999,0.0,0.02564102564102564,1.142380484977817,0.15472309911675697,0.10697962829515006,0.09685655161829623,"[0.155, 0.129, 0.175, 0.063, 0.107, 0.126, 0.23, 0.098, 0.133, 0.097]"
NQ,RTH,B1,78,MEDRQ_MEDRV,2019,237,0.03366026179121219,0.018966401072611844,0.0744898428464413,0.14334601113229822,0.0,0.02564102564102564,1.3127502098572754,0.06719257824332707,-0.09297426824296916,-0.07000482858613942,"[0.067, 0.035, 0.108, 0.003, -0.093, 0.056, -0.007, 0.075, 0.096, -0.07]"
NQ,RTH,B1,78,MEDRQ_MEDRV,2020,239,0.02996999092649951,0.01167220973627036,0.05350838755191716,0.07957798704107712,0.0,0.02564102564102564,1.168829646133481,-0.03874718551350977,0.08800229341229408,-0.0472452901084711,"[-0.039, -0.039, -0.015, 0.064, 0.088, 0.022, 0.034, 0.045, -0.095, -0.047]"
NQ,RTH,B1,78,MEDRQ_MEDRV,2021,239,0.03391561040918473,0.012447353439167235,0.05839161723707489,0.08349116306936417,0.0,0.02564102564102564,1.3227088059582044,0.07737799916903221,0.013908390169073864,-0.04309813637296069,"[0.077, -0.023, 0.012, 0.06, 0.014, -0.038, 0.063, 0.035, 0.018, -0.043]"
NQ,RTH,B1,78,MEDRQ_MEDRV,2022,238,0.03144821230723445,0.01161753260499112,0.06576601336583172,0.09232332166371937,0.0,0.02564102564102564,1.2264802799821435,-0.00204506032643421,0.04190288325511981,0.030301288204087215,"[-0.002, -0.035, -0.004, 0.044, 0.042, 0.019, 0.017, -0.004, 0.211, 0.03]"
NQ,RTH,B1,78,MEDRQ_MEDRV,2023,236,0.03093421991709642,0.013751588414887224,0.060463560140726284,0.07938871161307841,0.0,0.02564102564102564,1.2064345767667604,0.07467332809863127,0.07774335673227548,0.027502419305188625,"[0.075, -0.057, -0.002, 0.031, 0.078, -0.027, 0.05, -0.083, -0.026, 0.028]"
NQ,RTH,B1,78,MEDRQ_MEDRV,0,1901,0.032290157302450606,0.014193987397228415,0.06242591966605781,0.0951103055947393,0.0,0.02564102564102564,1.2593161347955737,0.07765367614153176,0.07601574148662174,0.03174817798975651,"[0.078, 0.044, 0.085, 0.091, 0.076, 0.06, 0.097, 0.074, 0.106, 0.032]"
NQ,RTH,B1,195,RQ_RV,2016,239,0.01599554010096141,0.007028097784141846,0.03150533437303334,0.04481366652285395,0.0,0.010256410256410256,1.5595651598437372,0.2662406837066017,0.18810342549361442,0.14687978566143006,"[0.266, 0.255, 0.306, 0.193, 0.188, 0.168, 0.223, 0.199, 0.12, 0.147]"
NQ,RTH,B1,195,RQ_RV,2017,237,0.018330579308904492,0.009653484667582495,0.04072950325253305,0.0593285416274601,0.0,0.010256410256410256,1.7872314826181879,-0.05467886274335085,0.01844849782559526,-0.04066797680373703,"[-0.055, 0.037, 0.015, -0.002, 0.018, -0.01, -0.008, 0.003, -0.0, -0.041]"
NQ,RTH,B1,195,RQ_RV,2018,236,0.014914042849422878,0.007348375340562176,0.03418816948893104,0.04399266083313406,0.0,0.010256410256410256,1.4541191778187306,0.2519046647891648,0.22057187218692026,0.18272325474143655,"[0.252, 0.248, 0.265, 0.165, 0.221, 0.145, 0.18, 0.148, 0.161, 0.183]"
NQ,RTH,B1,195,RQ_RV,2019,237,0.018211225664235185,0.01094176050489183,0.05496449112080606,0.08067415720904879,0.004219409282700422,0.010256410256410256,1.7755945022629305,0.08247418772926654,0.11986416755433714,0.023788708551814676,"[0.082, 0.053, 0.076, 0.028, 0.12, 0.028, 0.025, 0.125, 0.131, 0.024]"
NQ,RTH,B1,195,RQ_RV,2020,239,0.014878179414760665,0.006605977135784046,0.029775349940295254,0.05731252107854802,0.0,0.010256410256410256,1.450622492939165,0.06718296875572877,0.10089208474428754,-0.009198943317967456,"[0.067, 0.032, 0.052, 0.016, 0.101, 0.006, 0.013, 0.068, -0.074, -0.009]"
NQ,RTH,B1,195,RQ_RV,2021,239,0.017264195224665074,0.007456034681113109,0.045532516317079066,0.05780576160947888,0.0,0.010256410256410256,1.6832590344048448,0.16209987497397038,-0.009508192712705116,-0.05620960217093943,"[0.162, 0.073, 0.106, 0.092, -0.01, -0.062, 0.039, -0.049, 0.022, -0.056]"
NQ,RTH,B1,195,RQ_RV,2022,238,0.016217661300943466,0.007948480626374347,0.0335385714283427,0.06171766399536165,0.0,0.010256410256410256,1.581221976841988,0.026840624293462175,-0.021124699890203415,0.05036420556077692,"[0.027, 0.032, 0.05, 0.07, -0.021, 0.059, -0.047, 0.076, -0.059, 0.05]"
NQ,RTH,B1,195,RQ_RV,2023,236,0.014910517480746531,0.0061792224155395765,0.029595615874567827,0.035040124610388475,0.0,0.010256410256410256,1.4537754543727868,0.10078198133099103,0.03801044602029659,0.005220300185125286,"[0.101, -0.058, -0.035, 0.118, 0.038, -0.031, -0.072, -0.008, 0.05, 0.005]"
NQ,RTH,B1,195,RQ_RV,0,1901,0.016229744375118295,0.00814175744631993,0.0369569372449185,0.06244456796241814,0.0005260389268805891,0.010256410256410256,1.5824000765740338,0.16413546087968944,0.14282224759903198,0.0879736988832905,"[0.164, 0.135, 0.16, 0.136, 0.143, 0.094, 0.099, 0.129, 0.119, 0.088]"
NQ,RTH,B1,195,TQ_BV,2016,239,0.013208935082641458,0.00470216327333153,0.025595204074152812,0.030523645011893866,0.0,0.010256410256410256,1.287871170557542,0.24109636969550274,0.07762399892353568,0.09985709225795578,"[0.241, 0.202, 0.075, 0.178, 0.078, 0.164, 0.069, 0.111, 0.016, 0.1]"
NQ,RTH,B1,195,TQ_BV,2017,237,0.01490817498579455,0.0055531477052918835,0.025773223417484524,0.03665694104590829,0.0,0.010256410256410256,1.4535470611149686,0.14083495887699327,0.13286650493000687,0.0823583407779696,"[0.141, 0.168, 0.052, 0.081, 0.133, 0.069, 0.049, 0.056, 0.006, 0.082]"
NQ,RTH,B1,195,TQ_BV,2018,236,0.012266382715589602,0.005245794370710804,0.02185504375423239,0.03229275551269709,0.0,0.010256410256410256,1.1959723147699863,0.07358771742463452,0.1673552389295655,0.04397707621355138,"[0.074, 0.08, 0.169, 0.169, 0.167, 0.126, 0.134, 0.059, 0.112, 0.044]"
NQ,RTH,B1,195,TQ_BV,2019,237,0.014370229567517961,0.0063110873085650745,0.031967742442944175,0.058519666936822035,0.0,0.010256410256410256,1.4010973828330013,0.10398805447914233,0.01218001518538997,0.03894373680897461,"[0.104, 0.032, 0.074, -0.011, 0.012, 0.03, 0.007, 0.094, 0.068, 0.039]"
NQ,RTH,B1,195,TQ_BV,2020,239,0.014094106430165832,0.0054270767386398015,0.02521675116498829,0.03636210844578399,0.0,0.010256410256410256,1.3741753769411686,0.03416503272137634,-0.05538994521785798,0.12254078456154645,"[0.034, -0.019, 0.148, 0.119, -0.055, 0.031, 0.127, -0.012, -0.019, 0.123]"
NQ,RTH,B1,195,TQ_BV,2021,239,0.014875801085621847,0.005705535568982109,0.02805579396970401,0.043027882004240015,0.0,0.010256410256410256,1.4503906058481302,0.07703566051052624,0.13360969397959252,0.04486795277025726,"[0.077, -0.02, 0.143, 0.139, 0.134, -0.003, 0.13, 0.033, 0.2, 0.045]"
NQ,RTH,B1,195,TQ_BV,2022,238,0.013529396304198922,0.005122116290859881,0.028640047435564343,0.04192728198012298,0.0,0.010256410256410256,1.319116139659395,0.00463262334205279,0.02964112789180755,0.04389947078824489,"[0.005, 0.005, 0.013, 0.034, 0.03, 0.069, 0.012, 0.004, 0.023, 0.044]"
NQ,RTH,B1,195,TQ_BV,2023,236,0.013509504409965654,0.005019594229213102,0.025065253332883244,0.036208141012594786,0.0,0.010256410256410256,1.3171766799716513,0.06432034505229944,0.06556710508572451,0.10424632890608951,"[0.064, 0.1, 0.023, 0.093, 0.066, 0.062, 0.107, -0.09, 0.029, 0.104]"
NQ,RTH,B1,195,TQ_BV,0,1901,0.013792550147381158,0.005568851579455457,0.026447728851248298,0.04194828752622756,0.0,0.010256410256410256,1.344773639369663,0.12246756243017529,0.10190715397022347,0.09497548597372625,"[0.122, 0.098, 0.115, 0.122, 0.102, 0.094, 0.099, 0.064, 0.1, 0.095]"
NQ,RTH,B1,195,TRQ3_TRV3,2016,239,0.011636550643168106,0.0019880329638999536,0.014902650096768312,0.016961912063992307,0.0,0.010256410256410256,1.1345636877088903,0.23059284169558397,0.19670914264633946,0.17704704627884288,"[0.231, 0.204, 0.221, 0.275, 0.197, 0.178, 0.139, 0.263, 0.18, 0.177]"
NQ,RTH,B1,195,TRQ3_TRV3,2017,237,0.01250175477601319,0.002198499054442688,0.015622531705460924,0.017304385658268594,0.0,0.010256410256410256,1.218921090661286,0.10590512204983722,0.15090470602178577,0.05790111217779547,"[0.106, 0.174, 0.152, 0.004, 0.151, 0.049, 0.047, 0.04, 0.011, 0.058]"
NQ,RTH,B1,195,TRQ3_TRV3,2018,236,0.011364854206438856,0.002108358993090675,0.014908987543777336,0.01713322575909885,0.0,0.010256410256410256,1.1080732851277886,0.24089434521459327,0.16939694737662564,0.10639174249783234,"[0.241, 0.252, 0.192, 0.183, 0.169, 0.089, 0.154, 0.096, 0.186, 0.106]"
NQ,RTH,B1,195,TRQ3_TRV3,2019,237,0.01205732611315934,0.002156409049847558,0.015674403093692738,0.02003247085227515,0.0,0.010256410256410256,1.1755892960330356,0.10832097547458176,0.018638547745853613,-0.09001784530625635,"[0.108, 0.132, 0.142, 0.052, 0.019, 0.102, -0.002, 0.119, 0.057, -0.09]"
NQ,RTH,B1,195,TRQ3_TRV3,2020,239,0.011538713386728058,0.0022128531907401744,0.01430678564648855,0.015866768924599903,0.0,0.010256410256410256,1.1250245552059857,0.2827102100842218,0.13045238734945405,0.08659750369554788,"[0.283, 0.272, 0.226, 0.247, 0.13, 0.173, 0.172, 0.148, 0.002, 0.087]"
NQ,RTH,B1,195,TRQ3_TRV3,2021,239,0.012287543088412997,0.002027193328142631,0.014962005910229574,0.01768733788674274,0.0,0.010256410256410256,1.1980354511202673,0.13095278219221204,0.09200109343226491,0.04960629015438596,"[0.131, 0.066, 0.151, 0.108, 0.092, -0.019, 0.11, 0.029, 0.065, 0.05]"
NQ,RTH,B1,195,TRQ3_TRV3,2022,238,0.011480951584510304,0.0020680801509809447,0.015177505129561498,0.017487689345753295,0.0,0.010256410256410256,1.1193927794897547,-0.0299524218939047,-0.03718037046615683,-0.027197293644558303,"[-0.03, 0.001, -0.019, -0.037, -0.037, 0.065, 0.058, 0.057, -0.013, -0.027]"
NQ,RTH,B1,195,TRQ3_TRV3,2023,236,0.011718764992318019,0.0016857699985585433,0.014808184442773006,0.016613586208159264,0.0,0.010256410256410256,1.142579586751007,0.06465810708594484,-0.006023375238732149,-0.022775490026319338,"[0.065, -0.03, -0.066, -0.069, -0.006, 0.073, 0.064, 0.084, -0.032, -0.023]"
NQ,RTH,B1,195,TRQ3_TRV3,0,1901,0.011779977295840478,0.0021147431182555205,0.015140888525887233,0.017595038027039905,0.0,0.010256410256410256,1.1485477863444467,0.1781596665600445,0.1314543687640193,0.0821056252324692,"[0.178, 0.177, 0.165, 0.13, 0.131, 0.14, 0.136, 0.144, 0.104, 0.082]"
NQ,RTH,B1,195,TRQ5_TRV5,2016,239,0.01511479139358728,0.004991243380591421,0.02184102471338637,0.026890869664866587,0.0,0.010256410256410256,1.4736921608747597,0.23689907982246827,0.21724782136543452,0.18541127008176864,"[0.237, 0.288, 0.267, 0.224, 0.217, 0.208, 0.262, 0.151, 0.185, 0.185]"
NQ,RTH,B1,195,TRQ5_TRV5,2017,237,0.01693058100868162,0.005535227820940153,0.02474948660579554,0.027851869559051074,0.0,0.010256410256410256,1.650731648346458,0.12148000301323145,-0.007952789582419142,-0.012533740387438902,"[0.121, 0.072, 0.072, -0.027, -0.008, -0.033, 0.061, 0.083, 0.092, -0.013]"
NQ,RTH,B1,195,TRQ5_TRV5,2018,236,0.014368570329073623,0.0052154382477450235,0.022067868774582534,0.027389256169236608,0.0,0.010256410256410256,1.4009356070846783,0.24749727680347486,0.21102996453970377,0.1208610461531249,"[0.247, 0.267, 0.277, 0.217, 0.211, 0.143, 0.157, 0.202, 0.152, 0.121]"
NQ,RTH,B1,195,TRQ5_TRV5,2019,237,0.016096858005410195,0.006321435449937801,0.02491940855794661,0.030775286151875178,0.0,0.010256410256410256,1.569443655527494,0.04930449963156386,0.04598748438736041,-0.014038169895993434,"[0.049, 0.022, 0.093, 0.1, 0.046, 0.058, 0.055, 0.077, 0.046, -0.014]"
NQ,RTH,B1,195,TRQ5_TRV5,2020,239,0.014464423815253365,0.005038518486769963,0.021565701938859278,0.025675409020201052,0.0,0.010256410256410256,1.410281321987203,0.22707508883863328,0.16066956136665653,0.0841032729162625,"[0.227, 0.159, 0.142, 0.144, 0.161, 0.102, 0.104, 0.019, 0.019, 0.084]"
NQ,RTH,B1,195,TRQ5_TRV5,2021,239,0.016084768253026727,0.005351307099391276,0.023887650568280763,0.02856286296437158,0.0,0.010256410256410256,1.5682649046701058,0.04403625460263826,-0.012883849773086032,0.07443916220045298,"[0.044, 0.018, 0.04, 0.033, -0.013, 0.041, 0.035, -0.013, 0.0, 0.074]"
NQ,RTH,B1,195,TRQ5_TRV5,2022,238,0.01511077966370982,0.00531677978353844,0.02349508247358493,0.032626173941779885,0.0,0.010256410256410256,1.4733010172117074,-0.06427702621557556,0.05844920352204428,0.0688827291914449,"[-0.064, 0.043, -0.016, 0.053, 0.058, 0.052, 0.005, 0.109, -0.012, 0.069]"
NQ,RTH,B1,195,TRQ5_TRV5,2023,236,0.014503958175794529,0.004913371359143525,0.023094250880615928,0.026786632637439717,0.0,0.010256410256410256,1.4141359221399665,0.08130595235118558,0.08004414881339493,0.0573948765052166,"[0.081, -0.063, -0.044, 0.139, 0.08, 0.028, 0.013, 0.106, 0.066, 0.057]"
NQ,RTH,B1,195,TRQ5_TRV5,0,1901,0.015402695524226042,0.005501719284104997,0.02358023180191428,0.028259028257465447,0.0,0.010256410256410256,1.5017628136120391,0.16381441415787792,0.1502597239434218,0.12293366979346938,"[0.164, 0.149, 0.155, 0.165, 0.15, 0.134, 0.137, 0.149, 0.119, 0.123]"
NQ,RTH,B1,195,TRQ10_TRV10,2016,239,0.01599554010096141,0.007028097784141846,0.03150533437303334,0.04481366652285395,0.0,0.010256410256410256,1.5595651598437372,0.2662406837066017,0.18810342549361442,0.14687978566143006,"[0.266, 0.255, 0.306, 0.193, 0.188, 0.168, 0.223, 0.199, 0.12, 0.147]"
NQ,RTH,B1,195,TRQ10_TRV10,2017,237,0.018330579308904492,0.009653484667582495,0.04072950325253305,0.0593285416274601,0.0,0.010256410256410256,1.7872314826181879,-0.05467886274335085,0.01844849782559526,-0.04066797680373703,"[-0.055, 0.037, 0.015, -0.002, 0.018, -0.01, -0.008, 0.003, -0.0, -0.041]"
NQ,RTH,B1,195,TRQ10_TRV10,2018,236,0.014914042849422878,0.007348375340562176,0.03418816948893104,0.04399266083313406,0.0,0.010256410256410256,1.4541191778187306,0.2519046647891648,0.22057187218692026,0.18272325474143655,"[0.252, 0.248, 0.265, 0.165, 0.221, 0.145, 0.18, 0.148, 0.161, 0.183]"
NQ,RTH,B1,195,TRQ10_TRV10,2019,237,0.018077656036151295,0.01083804193927841,0.0494911772268883,0.07327105687114199,0.0,0.010256410256410256,1.7625714635247511,0.09677579239750282,0.07121380446154588,-0.007507447721901276,"[0.097, 0.031, 0.051, -0.02, 0.071, 0.005, 0.049, 0.203, 0.114, -0.008]"
NQ,RTH,B1,195,TRQ10_TRV10,2020,239,0.014878179414760665,0.006605977135784046,0.029775349940295254,0.05731252107854802,0.0,0.010256410256410256,1.450622492939165,0.06718296875572877,0.10089208474428754,-0.009198943317967456,"[0.067, 0.032, 0.052, 0.016, 0.101, 0.006, 0.013, 0.068, -0.074, -0.009]"
NQ,RTH,B1,195,TRQ10_TRV10,2021,239,0.017264195224665074,0.007456034681113109,0.045532516317079066,0.05780576160947888,0.0,0.010256410256410256,1.6832590344048448,0.16209987497397038,-0.009508192712705116,-0.05620960217093943,"[0.162, 0.073, 0.106, 0.092, -0.01, -0.062, 0.039, -0.049, 0.022, -0.056]"
NQ,RTH,B1,195,TRQ10_TRV10,2022,238,0.016217661300943466,0.007948480626374347,0.0335385714283427,0.06171766399536165,0.0,0.010256410256410256,1.581221976841988,0.026840624293462175,-0.021124699890203415,0.05036420556077692,"[0.027, 0.032, 0.05, 0.07, -0.021, 0.059, -0.047, 0.076, -0.059, 0.05]"
NQ,RTH,B1,195,TRQ10_TRV10,2023,236,0.014910517480746531,0.0061792224155395765,0.029595615874567827,0.035040124610388475,0.0,0.010256410256410256,1.4537754543727868,0.10078198133099103,0.03801044602029659,0.005220300185125286,"[0.101, -0.058, -0.035, 0.118, 0.038, -0.031, -0.072, -0.008, 0.05, 0.005]"
NQ,RTH,B1,195,TRQ10_TRV10,0,1901,0.0162291386746689,0.008111117624584168,0.036610675638561616,0.06103400476789401,0.0,0.010256410256410256,1.5823410207802178,0.16583503818125503,0.13179310712378525,0.08097983454943643,"[0.166, 0.13, 0.155, 0.127, 0.132, 0.088, 0.102, 0.14, 0.112, 0.081]"
NQ,RTH,B1,195,MEDRQ_MEDRV,2016,239,0.014145085281609305,0.005571190801889565,0.026415010199922345,0.038054677370599914,0.0041841004184100415,0.010256410256410256,1.3791458149569074,0.1719486206518953,0.09783179333103151,0.08759867173510846,"[0.172, 0.073, 0.152, 0.099, 0.098, 0.119, 0.098, 0.08, 0.086, 0.088]"
NQ,RTH,B1,195,MEDRQ_MEDRV,2017,237,0.01572664200699117,0.006454513050072023,0.032259000268958955,0.04494183182230993,0.0,0.010256410256410256,1.5333475956816391,0.029796704755685452,0.10719501260914863,0.07865273844164403,"[0.03, 0.124, 0.125, -0.038, 0.107, 0.083, 0.107, 0.076, -0.015, 0.079]"
NQ,RTH,B1,195,MEDRQ_MEDRV,2018,236,0.013469715243427882,0.00532354636221591,0.02696151498347278,0.05500246060661482,0.0,0.010256410256410256,1.3132972362342186,0.1887800434321469,0.15782170198156117,0.08519370110603885,"[0.189, 0.1, 0.14, 0.158, 0.158, 0.097, 0.144, 0.086, 0.175, 0.085]"
NQ,RTH,B1,195,MEDRQ_MEDRV,2019,237,0.01526826442486562,0.008203366307059486,0.03988348582978072,0.06307161705353352,0.0,0.010256410256410256,1.488655781424398,0.13012035691911117,0.0273353215413411,0.08763063702016012,"[0.13, 0.078, 0.09, -0.02, 0.027, 0.003, 0.059, 0.17, 0.059, 0.088]"
NQ,RTH,B1,195,MEDRQ_MEDRV,2020,239,0.01416571226034839,0.005841845466801304,0.025977650756543874,0.04215938813959682,0.0,0.010256410256410256,1.381156945383968,0.1318488586041298,-0.013832594060208042,0.0557036082785469,"[0.132, 0.02, 0.145, 0.112, -0.014, 0.012, 0.069, 0.036, -0.005, 0.056]"
NQ,RTH,B1,195,MEDRQ_MEDRV,2021,239,0.01585095805378824,0.00541831258452926,0.029776361426355254,0.04849049374573099,0.0,0.010256410256410256,1.5454684102443534,0.07695671895291042,0.02528576910225274,-0.055919682482129154,"[0.077, -0.038, 0.069, 0.138, 0.025, -0.007, 0.127, 0.004, 0.108, -0.056]"
NQ,RTH,B1,195,MEDRQ_MEDRV,2022,238,0.013754689848779068,0.005913439759129094,0.027944735002048214,0.04440328111348561,0.0,0.010256410256410256,1.3410822602559591,-0.01494104184981615,0.0349622620186909,0.009326885309741868,"[-0.015, 0.047, 0.082, -0.001, 0.035, -0.005, 0.012, 0.091, 0.026, 0.009]"
NQ,RTH,B1,195,MEDRQ_MEDRV,2023,236,0.014442684465233988,0.005628805200477642,0.02645727562182221,0.03841695680437748,0.0,0.010256410256410256,1.4081617353603137,0.05006092329852561,0.09864045199722217,0.021658526978653052,"[0.05, 0.011, 0.079, 0.062, 0.099, -0.027, 0.1, 0.045, -0.019, 0.022]"
NQ,RTH,B1,195,MEDRQ_MEDRV,0,1901,0.014491919991559278,0.006204582626104302,0.029706503205706742,0.04673770074589006,0.0005260389268805891,0.010256410256410256,1.4129621991770296,0.13492652325822022,0.10582097100632464,0.07973599316413704,"[0.135, 0.087, 0.139, 0.097, 0.106, 0.078, 0.12, 0.114, 0.097, 0.08]"
NQ,RTH,B1,390,RQ_RV,2016,239,0.008648580469979102,0.004323485155870534,0.018675158832200167,0.02489323473864813,0.0,0.005128205128205128,1.6864731916459248,0.2284359960643987,0.15774889208821544,0.15310899878825865,"[0.228, 0.284, 0.305, 0.2, 0.158, 0.151, 0.138, 0.191, 0.1, 0.153]"
NQ,RTH,B1,390,RQ_RV,2017,237,0.010166648543276884,0.004368080587950445,0.019777768383295116,0.028888864994083302,0.0,0.005128205128205128,1.9824964659389923,0.026337021055234174,0.10834499914908789,-0.0030040617491162635,"[0.026, 0.1, 0.079, 0.036, 0.108, -0.01, 0.009, 0.048, -0.079, -0.003]"
NQ,RTH,B1,390,RQ_RV,2018,236,0.008029658368307852,0.003560856919230964,0.015984946203816488,0.027390742471581297,0.0,0.005128205128205128,1.565783381820031,0.2542157108617358,0.22616693882467045,0.17440649288885796,"[0.254, 0.245, 0.278, 0.193, 0.226, 0.182, 0.207, 0.142, 0.231, 0.174]"
NQ,RTH,B1,390,RQ_RV,2019,237,0.009585350713273294,0.0061498336214116656,0.03399957058032014,0.06890257399612909,0.004219409282700422,0.005128205128205128,1.8691433890882923,0.19461621471191373,0.07651144362965687,0.11331577128725695,"[0.195, 0.151, 0.167, 0.052, 0.077, 0.124, 0.073, 0.109, 0.137, 0.113]"
NQ,RTH,B1,390,RQ_RV,2020,239,0.008500433739837594,0.0031974767943050934,0.017769613343128692,0.030762149581038473,0.0,0.005128205128205128,1.6575845792683308,0.11902129920985396,-0.11584981775021627,-0.020300968831706755,"[0.119, -0.029, -0.041, -0.049, -0.116, -0.096, 0.025, 0.106, -0.014, -0.02]"
NQ,RTH,B1,390,RQ_RV,2021,239,0.009484717527579156,0.004364418335698113,0.017524193757117466,0.029574026591341264,0.0,0.005128205128205128,1.8495199178779353,0.02956271256622967,0.10242029635272942,0.008738316345873395,"[0.03, 0.168, 0.148, 0.047, 0.102, -0.093, 0.089, -0.046, 0.074, 0.009]"
NQ,RTH,B1,390,RQ_RV,2022,238,0.008424878680711517,0.0038133410827208792,0.02196741930251871,0.04543698303236052,0.0,0.005128205128205128,1.642851342738746,0.03494250407994684,-0.02807201545123898,0.0032226146486029235,"[0.035, 0.007, -0.032, 0.023, -0.028, 0.025, 0.02, 0.06, -0.047, 0.003]"
NQ,RTH,B1,390,RQ_RV,2023,236,0.0080486590360942,0.003283762621882765,0.015411344765967585,0.022592166108604157,0.0,0.005128205128205128,1.569488512038369,0.05420700239506035,0.06377704919831352,0.08380248153510904,"[0.054, -0.014, -0.034, 0.084, 0.064, -0.014, -0.064, 0.05, 0.237, 0.084]"
NQ,RTH,B1,390,RQ_RV,0,1901,0.00885488342585684,0.004241933845263222,0.01941769468742401,0.04034051212896274,0.0005260389268805891,0.005128205128205128,1.7267022680420838,0.18446808192349398,0.13197026762612812,0.11919236958163697,"[0.184, 0.168, 0.17, 0.127, 0.132, 0.103, 0.12, 0.145, 0.146, 0.119]"
NQ,RTH,B1,390,TQ_BV,2016,239,0.0070999623778528805,0.002743173463319636,0.01413169978542946,0.026045502646473564,0.0,0.005128205128205128,1.3844926636813117,0.21563093048958037,0.09265309355262079,0.07216358650998164,"[0.216, 0.093, 0.243, 0.102, 0.093, 0.123, 0.168, 0.146, 0.088, 0.072]"
NQ,RTH,B1,390,TQ_BV,2017,237,0.008302237575367709,0.0029923871808641795,0.015245947832349836,0.01962603975405683,0.0,0.005128205128205128,1.6189363271967032,0.11018247765751936,0.12140078579133885,0.11997661131792106,"[0.11, 0.07, 0.011, -0.034, 0.121, 0.068, 0.039, 0.059, 0.016, 0.12]"
NQ,RTH,B1,390,TQ_BV,2018,236,0.007153143665243354,0.002969898008652782,0.014121504460243734,0.019022070383129634,0.0,0.005128205128205128,1.394863014722454,0.22164658506913493,0.2509053594075702,0.12343581558671862,"[0.222, 0.177, 0.187, 0.24, 0.251, 0.198, 0.141, 0.108, 0.221, 0.123]"
NQ,RTH,B1,390,TQ_BV,2019,237,0.008330427359195251,0.004548577695054716,0.017902848886801208,0.02589340247387945,0.0,0.005128205128205128,1.624433335043074,0.012120609053642154,0.07966157105781872,0.06042328461755574,"[0.012, 0.117, 0.072, 0.032, 0.08, 0.114, 0.114, 0.146, 0.157, 0.06]"
NQ,RTH,B1,390,TQ_BV,2020,239,0.007084989581805133,0.002792970588094334,0.012620703594582179,0.020825357131958724,0.0,0.005128205128205128,1.3815729684520008,0.24038905295783275,0.023062046807752413,0.11733625084088731,"[0.24, 0.085, 0.137, 0.052, 0.023, -0.024, 0.024, 0.092, -0.01, 0.117]"
NQ,RTH,B1,390,TQ_BV,2021,239,0.008039812619797325,0.0033275818859755443,0.016534446308625533,0.022922404376805393,0.0,0.005128205128205128,1.5677634608604785,0.037454623545173274,0.0426334479282776,0.027460393735135667,"[0.037, 0.047, 0.187, 0.111, 0.043, 0.002, 0.171, -0.058, 0.12, 0.027]"
NQ,RTH,B1,390,TQ_BV,2022,238,0.006989742470471249,0.0024993490260301785,0.013654328484960674,0.024330193032926082,0.0,0.005128205128205128,1.3629997817418935,0.03702692274617485,-0.023966738257298562,0.05772245386672927,"[0.037, 0.069, 0.05, -0.055, -0.024, -0.003, -0.002, 0.016, 0.012, 0.058]"
NQ,RTH,B1,390,TQ_BV,2023,236,0.0071290104424370105,0.002340851360194393,0.012223255835491442,0.017046622246496376,0.0,0.005128205128205128,1.3901570362752171,0.07112583437947723,0.01592697153846023,0.000572624988898042,"[0.071, -0.023, 0.066, 0.097, 0.016, 0.037, -0.014, 0.059, -0.063, 0.001]"
NQ,RTH,B1,390,TQ_BV,0,1901,0.007532782234037303,0.0031665003215347936,0.015081609953318899,0.023026166604204194,0.0,0.005128205128205128,1.468892535637274,0.15830906997638297,0.1257018471761528,0.11888933458484219,"[0.158, 0.131, 0.167, 0.116, 0.126, 0.12, 0.133, 0.123, 0.135, 0.119]"
NQ,RTH,B1,390,TRQ3_TRV3,2016,239,0.005864938781200946,0.0008040017865686934,0.007019986646679066,0.0082320259026955,0.0,0.005128205128205128,1.1436630623341846,0.26019008978287494,0.2517311111449045,0.2279616140184102,"[0.26, 0.286, 0.298, 0.328, 0.252, 0.194, 0.231, 0.238, 0.169, 0.228]"
NQ,RTH,B1,390,TRQ3_TRV3,2017,237,0.006342604071977453,0.000813321839219114,0.007406634094491607,0.007822896961181488,0.0,0.005128205128205128,1.2368077940356033,0.2713639953509799,0.17968253859481637,0.15876570617252522,"[0.271, 0.185, 0.165, 0.003, 0.18, 0.07, 0.112, 0.076, 0.082, 0.159]"
NQ,RTH,B1,390,TRQ3_TRV3,2018,236,0.005829518825162229,0.0009136288412154399,0.00754196084668522,0.008399430142393175,0.0,0.005128205128205128,1.1367561709066347,0.3379795464313434,0.17345016320246315,0.09947509068509303,"[0.338, 0.195, 0.21, 0.204, 0.173, 0.136, 0.113, 0.115, 0.195, 0.099]"
NQ,RTH,B1,390,TRQ3_TRV3,2019,237,0.006252776958714144,0.0010594074703985214,0.007592977668667773,0.009275139675286861,0.0,0.005128205128205128,1.2192915069492583,0.1641738026015832,0.0879588049730913,-0.004457002843356195,"[0.164, 0.144, 0.094, 0.034, 0.088, 0.075, 0.115, 0.135, 0.118, -0.004]"
NQ,RTH,B1,390,TRQ3_TRV3,2020,239,0.005879915100989777,0.0009209738675451419,0.007027864924315674,0.007660804952539594,0.0,0.005128205128205128,1.1465834446930065,0.3379827361973548,0.18066310961605572,0.17550116191865786,"[0.338, 0.213, 0.266, 0.278, 0.181, 0.179, 0.185, 0.138, 0.127, 0.176]"
NQ,RTH,B1,390,TRQ3_TRV3,2021,239,0.006233648918551,0.0008356195907951273,0.0074814548460856185,0.008841795083369219,0.0,0.005128205128205128,1.215561539117445,0.18409111659389404,0.14777982620446808,0.1106754735728613,"[0.184, 0.15, 0.179, 0.161, 0.148, 0.056, 0.093, 0.038, 0.086, 0.111]"
NQ,RTH,B1,390,TRQ3_TRV3,2022,238,0.005804756293176593,0.0008258694588122381,0.007303143469389781,0.009561095435643596,0.0,0.005128205128205128,1.1319274771694356,0.005029825837216294,-0.08470269990263608,-0.0391153245384966,"[0.005, 0.006, -0.029, -0.068, -0.085, 0.085, 0.108, 0.129, -0.052, -0.039]"
NQ,RTH,B1,390,TRQ3_TRV3,2023,236,0.005737674723921629,0.0007082245613780963,0.007042760401340261,0.008657874762284353,0.0,0.005128205128205128,1.1188465711647178,0.12466276044333344,0.08869541377356208,0.08744481048603855,"[0.125, 0.094, -0.012, 0.084, 0.089, -0.063, -0.041, 0.036, -0.023, 0.087]"
NQ,RTH,B1,390,TRQ3_TRV3,0,1901,0.005969965286002651,0.0009496480476071725,0.0073673209287569265,0.00878256670293457,0.0,0.005128205128205128,1.164143230770517,0.26045928804511903,0.19022618298363791,0.15857403713705553,"[0.26, 0.217, 0.204, 0.184, 0.19, 0.165, 0.18, 0.181, 0.157, 0.159]"
NQ,RTH,B1,390,TRQ5_TRV5,2016,239,0.007807009525934538,0.0023133895944260456,0.011176065680519905,0.012433674558676939,0.0,0.005128205128205128,1.5223668575572349,0.4240950843252461,0.293589835678409,0.2794621883961527,"[0.424, 0.344, 0.349, 0.305, 0.294, 0.22, 0.274, 0.243, 0.275, 0.279]"
NQ,RTH,B1,390,TRQ5_TRV5,2017,237,0.008653866503665859,0.002125129756665586,0.011343656553642988,0.012716923525035539,0.0,0.005128205128205128,1.6875039682148425,0.11892397092248165,0.008849365437910222,0.037544741245858534,"[0.119, 0.139, 0.188, -0.003, 0.009, 0.037, -0.006, 0.005, -0.039, 0.038]"
NQ,RTH,B1,390,TRQ5_TRV5,2018,236,0.007491162900879414,0.002368577310985231,0.010964020103849326,0.013101035811490424,0.0,0.005128205128205128,1.4607767656714856,0.3982509182052224,0.22365200619654912,0.20141424955069243,"[0.398, 0.309, 0.291, 0.229, 0.224, 0.193, 0.203, 0.202, 0.232, 0.201]"
NQ,RTH,B1,390,TRQ5_TRV5,2019,237,0.008547443026691895,0.00233683214697537,0.012018637643132683,0.01556168720884833,0.0,0.005128205128205128,1.6667513902049196,0.14044164256955624,0.05609828395909411,0.10685091014335256,"[0.14, 0.118, 0.07, 0.12, 0.056, 0.059, 0.035, 0.114, 0.166, 0.107]"
NQ,RTH,B1,390,TRQ5_TRV5,2020,239,0.00790093923460729,0.002111256917195518,0.010285502160981378,0.012614745323403523,0.0,0.005128205128205128,1.5406831507484213,0.26459217237852467,0.10515010777836126,0.044599748061739074,"[0.265, 0.216, 0.164, 0.119, 0.105, 0.083, 0.068, 0.025, -0.019, 0.045]"
NQ,RTH,B1,390,TRQ5_TRV5,2021,239,0.008402855040128181,0.0023026203848828114,0.01171134828438942,0.01306193000025892,0.0,0.005128205128205128,1.6385567328249953,0.13489398038839212,0.1118721591287573,0.07227223810050364,"[0.135, 0.113, 0.131, 0.123, 0.112, 0.024, 0.122, 0.074, 0.163, 0.072]"
NQ,RTH,B1,390,TRQ5_TRV5,2022,238,0.007636079771165323,0.0023814422426347587,0.011000844736664525,0.014739296669376485,0.0,0.005128205128205128,1.489035555377238,-0.062485366615755995,-0.06296820545229015,0.023277866653244203,"[-0.062, 0.005, -0.002, 0.039, -0.063, 0.08, 0.08, -0.027, 0.01, 0.023]"
NQ,RTH,B1,390,TRQ5_TRV5,2023,236,0.007568671988819059,0.0018301983324847653,0.010619981633906215,0.013803586773727353,0.0,0.005128205128205128,1.4758910378197165,0.17823040531698742,0.13648452480685738,0.1338779062692536,"[0.178, 0.09, -0.005, 0.201, 0.136, 0.091, 0.031, 0.105, 0.052, 0.134]"
NQ,RTH,B1,390,TRQ5_TRV5,0,1901,0.00802207069605003,0.0023693043140205197,0.011272795432007142,0.013129402441731412,0.0,0.005128205128205128,1.5643037857297557,0.26479259793753196,0.1842941463190797,0.1818867083577048,"[0.265, 0.232, 0.214, 0.213, 0.184, 0.169, 0.175, 0.165, 0.176, 0.182]"
NQ,RTH,B1,390,TRQ10_TRV10,2016,239,0.008648580469979102,0.004323485155870534,0.018675158832200167,0.02489323473864813,0.0,0.005128205128205128,1.6864731916459248,0.2284359960643987,0.15774889208821544,0.15310899878825865,"[0.228, 0.284, 0.305, 0.2, 0.158, 0.151, 0.138, 0.191, 0.1, 0.153]"
NQ,RTH,B1,390,TRQ10_TRV10,2017,237,0.010116611270116331,0.004350791293291818,0.019474318040138144,0.024158170424003204,0.0,0.005128205128205128,1.9727391976726847,0.050408547369218765,0.06707483343468648,0.015387495260031695,"[0.05, 0.091, 0.088, 0.045, 0.067, 0.011, 0.009, 0.056, -0.093, 0.015]"
NQ,RTH,B1,390,TRQ10_TRV10,2018,236,0.008029658368307852,0.003560856919230964,0.015984946203816488,0.020993986214907927,0.0,0.005128205128205128,1.565783381820031,0.26277303213769815,0.2110061728590113,0.20611332579560612,"[0.263, 0.25, 0.258, 0.191, 0.211, 0.184, 0.217, 0.148, 0.233, 0.206]"
NQ,RTH,B1,390,TRQ10_TRV10,2019,237,0.009584204120532258,0.005693647044364404,0.029859600123560297,0.044371395482710616,0.0,0.005128205128205128,1.8689198035037904,0.23520638549616146,0.05170196763650629,0.09108331741591409,"[0.235, 0.171, 0.097, 0.079, 0.052, 0.162, 0.081, 0.133, 0.146, 0.091]"
NQ,RTH,B1,390,TRQ10_TRV10,2020,239,0.008493529898423606,0.003352144535138067,0.01749487093316206,0.029289386649720937,0.0,0.005128205128205128,1.6562383301926031,0.17893444081059773,-0.056541808770760024,-0.022022380968293925,"[0.179, 0.005, 0.007, -0.033, -0.057, -0.084, 0.028, 0.123, -0.049, -0.022]"
NQ,RTH,B1,390,TRQ10_TRV10,2021,239,0.009484717527579156,0.004364418335698113,0.017279927071098964,0.021189713169788613,0.0,0.005128205128205128,1.8495199178779353,0.028096607774734182,0.06952522960353641,-0.04229959928461691,"[0.028, 0.122, 0.163, 0.048, 0.07, -0.076, 0.09, -0.049, 0.066, -0.042]"
NQ,RTH,B1,390,TRQ10_TRV10,2022,238,0.008424878680711517,0.0038133410827208792,0.019805325500106843,0.027795536389073706,0.0,0.005128205128205128,1.642851342738746,0.05817690539449497,-0.018828012004387024,0.015394819963753194,"[0.058, 0.02, -0.0, 0.045, -0.019, 0.014, 0.031, 0.068, -0.013, 0.015]"
NQ,RTH,B1,390,TRQ10_TRV10,2023,236,0.0080486590360942,0.003283762621882765,0.015411344765967585,0.022592166108604157,0.0,0.005128205128205128,1.569488512038369,0.05420700239506035,0.06377704919831352,0.08380248153510904,"[0.054, -0.014, -0.034, 0.084, 0.064, -0.014, -0.064, 0.05, 0.237, 0.084]"
NQ,RTH,B1,390,TRQ10_TRV10,0,1901,0.008840554450925252,0.0042322782271893055,0.018750581702513657,0.03058542260940556,0.0,0.005128205128205128,1.7239081179304243,0.20422427316812614,0.1267465832017274,0.12118514675676209,"[0.204, 0.176, 0.167, 0.14, 0.127, 0.115, 0.126, 0.155, 0.148, 0.121]"
NQ,RTH,B1,390,MEDRQ_MEDRV,2016,239,0.007387765347161089,0.002753904875069133,0.015872127068924772,0.035334537607232576,0.0041841004184100415,0.005128205128205128,1.4406142426964124,0.17834311776658976,0.1019631136848473,0.06760207317597619,"[0.178, 0.141, 0.234, 0.164, 0.102, 0.072, 0.107, 0.194, 0.092, 0.068]"
NQ,RTH,B1,390,MEDRQ_MEDRV,2017,237,0.008831999811982265,0.003357855989990508,0.01478446488909034,0.017940448981226112,0.0,0.005128205128205128,1.7222399633365415,0.12188543585503725,0.13911909353257418,0.1588403673262713,"[0.122, 0.148, 0.041, 0.035, 0.139, 0.177, -0.007, 0.007, 0.043, 0.159]"
NQ,RTH,B1,390,MEDRQ_MEDRV,2018,236,0.007171198403143975,0.003010267428260622,0.01424532244490034,0.016608844966477177,0.0,0.005128205128205128,1.3983836886130752,0.2905249580339763,0.2307326464692769,0.15003479558606142,"[0.291, 0.242, 0.259, 0.274, 0.231, 0.218, 0.19, 0.154, 0.258, 0.15]"
NQ,RTH,B1,390,MEDRQ_MEDRV,2019,237,0.008532338627858405,0.004436456523015486,0.021125607206613717,0.033775322738676755,0.004219409282700422,0.005128205128205128,1.663806032432389,0.1346583409126484,0.11860554633424703,0.09493218946308964,"[0.135, 0.134, 0.125, 0.125, 0.119, 0.143, 0.078, 0.178, 0.206, 0.095]"
NQ,RTH,B1,390,MEDRQ_MEDRV,2020,239,0.007363936785386418,0.00312999970028951,0.01388971822360744,0.022953324861187,0.0,0.005128205128205128,1.4359676731503515,0.2204479333559805,0.037001083118093414,0.10429330536492006,"[0.22, 0.028, 0.146, 0.083, 0.037, 0.022, 0.077, -0.02, -0.047, 0.104]"
NQ,RTH,B1,390,MEDRQ_MEDRV,2021,239,0.008665092716267229,0.003988234919166517,0.017021474024820748,0.02117805362967763,0.0,0.005128205128205128,1.6896930796721097,0.07639459492300268,0.11898699076387069,0.0710915053949738,"[0.076, 0.118, 0.186, 0.12, 0.119, -0.024, 0.144, 0.053, 0.133, 0.071]"
NQ,RTH,B1,390,MEDRQ_MEDRV,2022,238,0.0073317262869159764,0.0028236617878802687,0.014581708222821265,0.023501293040976257,0.0,0.005128205128205128,1.4296866259486154,0.07282769138162767,-0.012920500689770376,-0.012515539514476608,"[0.073, 0.068, 0.04, -0.005, -0.013, 0.027, 0.006, 0.069, 0.136, -0.013]"
NQ,RTH,B1,390,MEDRQ_MEDRV,2023,236,0.007217820712227865,0.0023624352038181667,0.013036951461875286,0.019466555116817483,0.0,0.005128205128205128,1.4074750388844337,0.031441094460650285,0.0076053792977207055,0.11074286931681347,"[0.031, 0.042, -0.02, 0.12, 0.008, 0.016, 0.027, 0.056, -0.002, 0.111]"
NQ,RTH,B1,390,MEDRQ_MEDRV,0,1901,0.007759274815467634,0.0033326278118796767,0.015795468235749215,0.023552718144401966,0.0010520778537611783,0.005128205128205128,1.5130585890161887,0.19646402310667596,0.15954067261802066,0.1446967852396475,"[0.196, 0.173, 0.19, 0.172, 0.16, 0.141, 0.139, 0.156, 0.172, 0.145]"
