root,geom,btag,horizon,scheme,model,n,lam_hat,ic_pearson_log,ic_corrected,ic_spearman,r2_oos,r2_corrected,ic_ir,hit_rate,qlike_mean,m5_nonconv
ES,GLOBEX,B0,1day,S-A,M1_EWMA,1453,0.9980542805021174,0.706805514561046,0.7074941422668554,0.7054630055813567,0.45449482263504126,0.4553808660651068,1.239918536675955,0.5172176308539945,0.29205902427325614,0
ES,GLOBEX,B0,1day,S-A,M2_HAR,1453,0.9980542805021174,0.8382523624190857,0.8390690563884026,0.8342060145482041,0.6813217952074162,0.6826500407018401,4.114699182418259,0.39944903581267216,0.16273511767904392,0
ES,GLOBEX,B0,1day,S-A,M3_HARJ,1453,0.9980542805021174,0.8317445496353013,0.8325549031614625,0.8279869521238767,0.6707131112432023,0.6720206749734784,4.073018493878822,0.41391184573002754,0.16422509364733845,0
ES,GLOBEX,B0,1day,S-A,M4_HARQ,1453,0.9980542805021174,-0.06579120405194341,-0.0658553032206332,0.8221532509463084,-632.6939604799728,-633.9274053928879,1.9504260939998344,0.40289256198347106,1.7044657266356403e+294,0
ES,GLOBEX,B0,1day,S-A,M5_RGARCH,1453,0.9980542805021174,0.8323390414197648,0.8331499741484155,0.8264052845757219,0.6548360075176256,0.6561126186325057,3.767925753686671,0.40426997245179064,0.16539181443101078,0
ES,GLOBEX,B0,1day,S-A,M6_PARK,1453,0.9980542805021174,0.755029850252749,0.7557654620481946,0.743898708649033,0.23617720442612455,0.23663763488625555,3.238886291063376,0.5144628099173554,0.6647704086355933,0
ES,GLOBEX,B0,1day,S-A,M6_GK,1453,0.9980542805021174,0.7661320101369848,0.7668784385640682,0.7603757176006009,0.3028414316545549,0.3034318248724874,3.518848520826347,0.49449035812672176,0.5920260194196574,0
ES,GLOBEX,B0,1day,S-B_q0.80,M1_EWMA,291,0.9980542805021174,0.47469482200858004,0.4751573085052259,0.2859356510136402,-0.7526767221643824,-0.7541440749953134,1.8910403698426215,0.5310344827586206,0.5594526055852151,0
ES,GLOBEX,B0,1day,S-B_q0.80,M2_HAR,291,0.9980542805021174,0.6975809132978136,0.6982605536430633,0.4867045858514042,-0.01178363945547356,-0.011806611810276747,2.1301678207996715,0.4379310344827586,0.3149798642097884,0
ES,GLOBEX,B0,1day,S-B_q0.80,M3_HARJ,291,0.9980542805021174,0.7098862169771955,0.7105778461551119,0.49627512186570183,0.014986373971048517,0.015015590097473384,2.2180069847935933,0.44482758620689655,0.303040090292793,0
ES,GLOBEX,B0,1day,S-B_q0.80,M4_HARQ,291,0.9980542805021174,-0.13277338536546032,-0.13290274405023733,0.44199855392509596,-7756.299072807064,-7771.4200763759045,0.2121642671031081,0.4482758620689655,8.510614092101667e+294,0
ES,GLOBEX,B0,1day,S-B_q0.80,M5_RGARCH,291,0.9980542805021174,0.6780283857678442,0.6786889764425715,0.5031254108858577,0.19970578728258714,0.20009511625170917,2.267942931095262,0.46551724137931033,0.23732778554986353,0
ES,GLOBEX,B0,1day,S-B_q0.80,M6_PARK,291,0.9980542805021174,0.6154622887121762,0.6160619223810664,0.4927971404779181,-0.7665056902101641,-0.7680000027899664,2.6558442448057424,0.5379310344827586,0.6689413263089993,0
ES,GLOBEX,B0,1day,S-B_q0.80,M6_GK,291,0.9980542805021174,0.5989767164615488,0.5995602885384393,0.4882166458078686,-0.7396336346147641,-0.7410755597808338,2.7015061587800404,0.5103448275862069,0.6688321960333149,0
ES,GLOBEX,B0,1day,S-C_q0.80,M1_EWMA,291,0.9980542805021174,0.5163440342693888,0.5168470988329811,0.3745725569639979,0.10177793492662479,0.1019763523036249,1.949174453682173,0.5655172413793104,0.40980820804028023,0
ES,GLOBEX,B0,1day,S-C_q0.80,M2_HAR,291,0.9980542805021174,0.7212179508650285,0.7219206203443422,0.5761781162800891,0.50365273976931,0.5046346171832701,2.9501251885964552,0.43103448275862066,0.18448492636394573,0
ES,GLOBEX,B0,1day,S-C_q0.80,M3_HARJ,291,0.9980542805021174,0.7109132223382117,0.7116058521086972,0.5771009354805722,0.4854899736040895,0.48643644247469314,3.1371261115617037,0.43448275862068964,0.18090989986694542,0
ES,GLOBEX,B0,1day,S-C_q0.80,M4_HARQ,291,0.9980542805021174,-0.12791728287952725,-0.12804191035232987,0.5000531412440737,-4700.802345743943,-4709.966619630133,1.0843741247659404,0.46206896551724136,8.510614092101667e+294,0
ES,GLOBEX,B0,1day,S-C_q0.80,M5_RGARCH,291,0.9980542805021174,0.7303440319837919,0.7310555928372876,0.5879449132939534,0.45182410979954357,0.45270494664101085,2.988389238750048,0.46206896551724136,0.1761355812096989,0
ES,GLOBEX,B0,1day,S-C_q0.80,M6_PARK,291,0.9980542805021174,0.642708763408487,0.6433349428201239,0.5435011302101743,0.2520853959786631,0.2525768396603037,2.796969376452893,0.5758620689655173,0.34976882751128396,0
ES,GLOBEX,B0,1day,S-C_q0.80,M6_GK,291,0.9980542805021174,0.6161804875575053,0.6167808209544153,0.515498492809802,0.2623227084529731,0.2628341099053245,2.588882392411431,0.5482758620689655,0.3202820232816814,0
ES,GLOBEX,B0,1day,S-B_q0.90,M1_EWMA,146,0.9980542805021174,0.5018194628581024,0.5023083763970029,0.3246584982599559,-1.425481821667275,-1.4282608165861685,,0.5655172413793104,0.8519669004646874,0
ES,GLOBEX,B0,1day,S-B_q0.90,M2_HAR,146,0.9980542805021174,0.7236249829816306,0.7243299975883805,0.4805047574060328,-0.35888690253891387,-0.35958655711426757,,0.4413793103448276,0.4701006407179665,0
ES,GLOBEX,B0,1day,S-B_q0.90,M3_HARJ,146,0.9980542805021174,0.734160871108317,0.7348761506384721,0.49330685509914884,-0.32869794784391027,-0.329338748668603,,0.4413793103448276,0.45048667045506663,0
ES,GLOBEX,B0,1day,S-B_q0.90,M4_HARQ,146,0.9980542805021174,-0.11173609209420957,-0.11184495452831596,0.4123898975158304,-15030.98666065305,-15060.289760083006,,0.4482758620689655,1.6962936306860172e+295,0
ES,GLOBEX,B0,1day,S-B_q0.90,M5_RGARCH,146,0.9980542805021174,0.6978482667754713,0.698528167598332,0.49565133564053876,0.0023113746366636434,0.0023158806908786557,,0.4482758620689655,0.339216510148646,0
ES,GLOBEX,B0,1day,S-B_q0.90,M6_PARK,146,0.9980542805021174,0.6464407792860105,0.6470705947325662,0.5328892445027138,-0.8230464619086444,-0.8246510014410967,,0.5310344827586206,0.7715055469273675,0
ES,GLOBEX,B0,1day,S-B_q0.90,M6_GK,146,0.9980542805021174,0.6127026458601069,0.6132995908593603,0.4992760259512403,-0.9071275526714095,-0.9088960093583658,,0.5379310344827586,0.8236187748034377,0
ES,GLOBEX,B0,1day,S-C_q0.90,M1_EWMA,146,0.9980542805021174,0.5590337978950669,0.5595784543157988,0.40504564603356696,0.1060616387327371,0.10626840724472209,,0.5517241379310345,0.4776731678841445,0
ES,GLOBEX,B0,1day,S-C_q0.90,M2_HAR,146,0.9980542805021174,0.7529214537217022,0.7536550113449091,0.5560602701165492,0.5446771626780729,0.5457390177256168,,0.45517241379310347,0.1666753998928708,0
ES,GLOBEX,B0,1day,S-C_q0.90,M3_HARJ,146,0.9980542805021174,0.7341065716454708,0.7348217982726508,0.576231286090251,0.5111193522508732,0.5121157859207126,,0.43448275862068964,0.17015770412647896,0
ES,GLOBEX,B0,1day,S-C_q0.90,M4_HARQ,146,0.9980542805021174,-0.031096187795310235,-0.031126484243229433,0.4507206000019281,-4274.625945612242,-4282.959383192759,,0.4827586206896552,4.111370668546791e+294,0
ES,GLOBEX,B0,1day,S-C_q0.90,M5_RGARCH,146,0.9980542805021174,0.7790883739702326,0.7798474255460016,0.5913315916824927,0.5217496577638692,0.5227668153493403,,0.4482758620689655,0.15755067470127354,0
ES,GLOBEX,B0,1day,S-C_q0.90,M6_PARK,146,0.9980542805021174,0.683392428972529,0.6840582457365976,0.5845449374837324,0.35334348582425523,0.35403233343830703,,0.5793103448275863,0.35193222881148983,0
ES,GLOBEX,B0,1day,S-C_q0.90,M6_GK,146,0.9980542805021174,0.6551593435395956,0.6557976533240932,0.5696142982464597,0.35134562949391046,0.35203058226166795,,0.5724137931034483,0.3278388720108191,0
ES,GLOBEX,B0,1h,S-A,M1_EWMA,40996,0.999987620119632,,,0.6327210478126486,,,0.579484064719251,0.45556775216489814,inf,0
ES,GLOBEX,B0,1h,S-A,M2_HAR,40996,0.999987620119632,,,0.7767042136847367,,,5.99500865546115,0.4669105988535187,inf,0
ES,GLOBEX,B0,1h,S-A,M3_HARJ,40996,0.999987620119632,,,0.7760339906052981,,,5.920260057268133,0.47022807659470667,inf,0
ES,GLOBEX,B0,1h,S-A,M4_HARQ,40996,0.999987620119632,,,0.8032133567837733,,,5.417608319272303,0.4677643615075009,inf,0
ES,GLOBEX,B0,1h,S-A,M5_RGARCH,40996,0.999987620119632,,,0.18937532792266434,,,6.6943462809663075,0.46820343944383463,,0
ES,GLOBEX,B0,1h,S-A,M6_PARK,40996,0.999987620119632,,,0.7780390258716778,,,5.594359127737229,0.47893645566532506,,0
ES,GLOBEX,B0,1h,S-A,M6_GK,40996,0.999987620119632,,,0.779397417681209,,,5.583427834817167,0.48344920112208806,inf,0
ES,GLOBEX,B0,1h,S-B_q0.80,M1_EWMA,8199,0.999987620119632,0.5358200306649882,0.5358233473897229,0.4545106199301404,-0.8883123359539475,-0.8883233332905417,0.7844860110995184,0.47450597706757747,1.1650770478516332,0
ES,GLOBEX,B0,1h,S-B_q0.80,M2_HAR,8199,0.999987620119632,0.6661842915917195,0.666188415270924,0.5815715258015633,0.0021981981541135953,0.0021982253678806715,2.4221317452874547,0.4943888753354477,0.5546400914500719,0
ES,GLOBEX,B0,1h,S-B_q0.80,M3_HARJ,8199,0.999987620119632,0.6650208632806318,0.6650249797582177,0.5810408425542167,0.0016804447322892324,0.0016804655362515338,2.3442799302131982,0.49597462795803854,0.5627246240157066,0
ES,GLOBEX,B0,1h,S-B_q0.80,M4_HARQ,8199,0.999987620119632,-0.004398438965199567,-0.004398466191526459,0.5873100674317822,-286.6424355041242,-286.6459841471159,1.9591356512984532,0.49560868504513295,5.296694595028119e+292,0
ES,GLOBEX,B0,1h,S-B_q0.80,M5_RGARCH,8199,0.999987620119632,0.02259756291191414,0.022597702790775633,0.015191568322004703,-428630.777366975,-428636.08383041417,1.3731066894625161,0.4974383996096609,1.3155201054573072e+16,0
ES,GLOBEX,B0,1h,S-B_q0.80,M6_PARK,8199,0.999987620119632,,,0.5180004302809081,-inf,-inf,1.9489572948553384,0.5115881922420102,,0
ES,GLOBEX,B0,1h,S-B_q0.80,M6_GK,8199,0.999987620119632,-0.02937285046770714,-0.02937303228558273,0.5267802042436551,-764.7385023695429,-764.7479698579214,1.5722456861638683,0.5118321541839473,2.1271201524188012e+293,0
ES,GLOBEX,B0,1h,S-C_q0.80,M1_EWMA,8199,0.999987620119632,,,0.3250130233726618,,,0.6687500957466864,0.4719443766772384,inf,0
ES,GLOBEX,B0,1h,S-C_q0.80,M2_HAR,8199,0.999987620119632,,,0.5731956623656965,,,3.04058805667297,0.4875579409612101,inf,0
ES,GLOBEX,B0,1h,S-C_q0.80,M3_HARJ,8199,0.999987620119632,,,0.5820268924984214,,,2.942317837877408,0.48743595999024153,inf,0
ES,GLOBEX,B0,1h,S-C_q0.80,M4_HARQ,8199,0.999987620119632,,,0.623877391004422,,,2.410117299129978,0.49048548426445476,inf,0
ES,GLOBEX,B0,1h,S-C_q0.80,M5_RGARCH,8199,0.999987620119632,,,0.019908528522247566,,,1.9387706033858838,0.49085142717736036,,0
ES,GLOBEX,B0,1h,S-C_q0.80,M6_PARK,8199,0.999987620119632,,,0.5734925150980599,,,2.417301155914901,0.5151256404000976,,0
ES,GLOBEX,B0,1h,S-C_q0.80,M6_GK,8199,0.999987620119632,,,0.580298926098636,,,2.3781796138759566,0.5084166869968285,inf,0
ES,GLOBEX,B0,1h,S-B_q0.90,M1_EWMA,4100,0.999987620119632,0.5377595310489035,0.5377628597791411,0.4552308166516207,-1.6151749756348055,-1.6151949715553242,0.8605519211444308,0.48206879726762625,1.5441944082103614,0
ES,GLOBEX,B0,1h,S-B_q0.90,M2_HAR,4100,0.999987620119632,0.6322375693301201,0.6322414828791932,0.5469409924762855,-0.5538835954999344,-0.5538904525974745,1.9189836441730728,0.4898755794096121,0.8352501578170971,0
ES,GLOBEX,B0,1h,S-B_q0.90,M3_HARJ,4100,0.999987620119632,0.6290439077393878,0.6290478015197032,0.5433778764070355,-0.5543162549573659,-0.5543231174112446,1.7936984454397675,0.49133935106123444,0.8481983460577788,0
ES,GLOBEX,B0,1h,S-B_q0.90,M4_HARQ,4100,0.999987620119632,-0.02570905006368025,-0.025709209202639922,0.5432829521623236,-678.0659518275097,-678.0743463067976,1.366785515536104,0.49060746523542326,1.0592097313325742e+293,0
ES,GLOBEX,B0,1h,S-B_q0.90,M5_RGARCH,4100,0.999987620119632,-0.05939230318572525,-0.059392670823942846,-0.09466258712085554,-510920.7769569001,-510927.10217330174,0.7963787693583488,0.49524274213222735,2.0553473679416868e+16,0
ES,GLOBEX,B0,1h,S-B_q0.90,M6_PARK,4100,0.999987620119632,,,0.46772072428859984,-inf,-inf,1.4408007680695796,0.502073676506465,,0
ES,GLOBEX,B0,1h,S-B_q0.90,M6_GK,4100,0.999987620119632,-0.054224941357664515,-0.0542252770099245,0.47971449809813377,-1582.4238435669422,-1582.4434340273444,1.1312990446599633,0.4996340570870944,4.2396736173431256e+293,0
ES,GLOBEX,B0,1h,S-C_q0.90,M1_EWMA,4100,0.999987620119632,,,0.31278155249721207,,,0.6018449595275779,0.4652354232739693,inf,0
ES,GLOBEX,B0,1h,S-C_q0.90,M2_HAR,4100,0.999987620119632,,,0.5549225704842135,,,2.4232311722865583,0.4964625518419127,inf,0
ES,GLOBEX,B0,1h,S-C_q0.90,M3_HARJ,4100,0.999987620119632,,,0.5594971250039377,,,2.250452798725337,0.4940229324225421,inf,0
ES,GLOBEX,B0,1h,S-C_q0.90,M4_HARQ,4100,0.999987620119632,,,0.5952432694826328,,,1.6955711175300772,0.49841424737740914,inf,0
ES,GLOBEX,B0,1h,S-C_q0.90,M5_RGARCH,4100,0.999987620119632,,,-0.03927185402584669,,,1.1928477356359024,0.4996340570870944,inf,0
ES,GLOBEX,B0,1h,S-C_q0.90,M6_PARK,4100,0.999987620119632,,,0.5304439607298134,,,1.9993457069964986,0.5193949743839961,,0
ES,GLOBEX,B0,1h,S-C_q0.90,M6_GK,4100,0.999987620119632,,,0.5357852049135838,,,1.8202691530154942,0.5135398877775067,inf,0
ES,GLOBEX,B0,30min,S-A,M1_EWMA,21604,0.999988104947512,,,0.565801439135977,,,0.8263516058833766,0.46637041151691894,inf,0
ES,GLOBEX,B0,30min,S-A,M2_HAR,21604,0.999988104947512,,,0.7790240588354919,,,8.307085837264253,0.3940193491644679,inf,0
ES,GLOBEX,B0,30min,S-A,M3_HARJ,21604,0.999988104947512,,,0.7754162052157528,,,8.028936721066653,0.3960098134518354,inf,0
ES,GLOBEX,B0,30min,S-A,M4_HARQ,21604,0.999988104947512,,,0.8148364604992323,,,8.554168752687794,0.3941582187659121,inf,0
ES,GLOBEX,B0,30min,S-A,M5_RGARCH,21604,0.999988104947512,,,0.5110707343644669,,,6.810220886631177,0.3938341896958756,inf,0
ES,GLOBEX,B0,30min,S-A,M6_PARK,21604,0.999988104947512,,,0.8055498554894122,,,7.171604884523245,0.43119011248437716,,0
ES,GLOBEX,B0,30min,S-A,M6_GK,21604,0.999988104947512,,,0.8070800757301364,,,7.293229356567328,0.4380873026894413,inf,0
ES,GLOBEX,B0,30min,S-B_q0.80,M1_EWMA,4321,0.999988104947512,0.26749956638579847,0.26750115736068336,0.2879942807653325,-2.0168347077199993,-2.0168586983600774,0.4750655906866597,0.46273148148148147,1.6822443363827992,0
ES,GLOBEX,B0,30min,S-B_q0.80,M2_HAR,4321,0.999988104947512,0.4721042133037822,0.47210702118103065,0.4728484503034295,-0.5365865561112793,-0.5365929389124523,2.1512876195444934,0.4511574074074074,0.7180096136585677,0
ES,GLOBEX,B0,30min,S-B_q0.80,M3_HARJ,4321,0.999988104947512,0.4725966878421438,0.47259949864842365,0.47316616867245254,-0.5493329033931791,-0.5493394378146256,2.188583487776382,0.45578703703703705,0.7213098853455716,0
ES,GLOBEX,B0,30min,S-B_q0.80,M4_HARQ,4321,0.999988104947512,0.4676357932599844,0.46763857456095026,0.4776619484002505,-0.5268882238182837,-0.5268944912559128,2.0496167095370477,0.4527777777777778,0.7543886994032666,0
ES,GLOBEX,B0,30min,S-B_q0.80,M5_RGARCH,4321,0.999988104947512,0.024796166460914208,0.024796313938080673,0.16209377494262225,-231494.12846915252,-231496.88213671633,1.545158258558468,0.45393518518518516,1.2159457132024163e+113,0
ES,GLOBEX,B0,30min,S-B_q0.80,M6_PARK,4321,0.999988104947512,,,0.39512130102020226,-inf,-inf,1.483324384341597,0.47199074074074077,,0
ES,GLOBEX,B0,30min,S-B_q0.80,M6_GK,4321,0.999988104947512,0.02715824306900216,0.027158404594806576,0.39193299889714905,-265.5683452579384,-265.57150424492073,1.3473606255940338,0.4724537037037037,3.325976028725258e+291,0
ES,GLOBEX,B0,30min,S-C_q0.80,M1_EWMA,4321,0.999988104947512,0.17183599686915496,0.17183701887737365,0.1831472408525319,-0.21557274888240063,-0.21557531316206582,0.6339410573105168,0.46064814814814814,0.8109154420253559,0
ES,GLOBEX,B0,30min,S-C_q0.80,M2_HAR,4321,0.999988104947512,0.5471487359043045,0.5471519901148024,0.5457497176702057,0.23298912455546006,0.23299189600629233,3.4302033996812953,0.46574074074074073,0.3512010571768341,0
ES,GLOBEX,B0,30min,S-C_q0.80,M3_HARJ,4321,0.999988104947512,0.5323238060609677,0.5323269720990198,0.526485887901099,0.22095855235773,0.22096118070257226,3.4184298906355273,0.46805555555555556,0.35549373438994936,0
ES,GLOBEX,B0,30min,S-C_q0.80,M4_HARQ,4321,0.999988104947512,0.5996357870240349,0.5996393534054318,0.6172315687017651,0.2640852628180418,0.2640884041634708,3.416396783697237,0.4650462962962963,0.32712910815087776,0
ES,GLOBEX,B0,30min,S-C_q0.80,M5_RGARCH,4321,0.999988104947512,0.18368885086287579,0.18368994336688357,0.2155473290007563,-98951.27869704859,-98952.45574170345,2.571391922997212,0.46620370370370373,306.93127476808115,0
ES,GLOBEX,B0,30min,S-C_q0.80,M6_PARK,4321,0.999988104947512,0.5758663373011463,0.575869762311856,0.5523461521324228,-0.043169855364571186,-0.04317036887837492,2.7630496934074427,0.4863425925925926,0.8885244154498819,0
ES,GLOBEX,B0,30min,S-C_q0.80,M6_GK,4321,0.999988104947512,0.5726413964034777,0.5726448022335956,0.5472254266685729,-0.06818830474758886,-0.06818911586070113,2.603329069155155,0.4858796296296296,1.0036236366766043,0
ES,GLOBEX,B0,30min,S-B_q0.90,M1_EWMA,2161,0.999988104947512,0.1608586629441884,0.16085961966384302,0.18533842799277353,-4.322404260766455,-4.322455676603606,0.22932239064352442,0.43796296296296294,2.696102073299811,0
ES,GLOBEX,B0,30min,S-B_q0.90,M2_HAR,2161,0.999988104947512,0.3462479786399044,0.34625003797721626,0.3592557617305899,-1.9258462858479612,-1.9258691941631108,1.6950964981039702,0.45694444444444443,1.222350508614194,0
ES,GLOBEX,B0,30min,S-B_q0.90,M3_HARJ,2161,0.999988104947512,0.3491126939556863,0.34911477033111965,0.36419322263607534,-1.9496993980502664,-1.9497225901028128,1.7653208642779,0.4634259259259259,1.2269648636641124,0
ES,GLOBEX,B0,30min,S-B_q0.90,M4_HARQ,2161,0.999988104947512,0.331012089048753,0.3310140577694033,0.3546873820565078,-1.8329310906554732,-1.8329528937263522,1.5885203751410286,0.4597222222222222,1.2800881564069615,0
ES,GLOBEX,B0,30min,S-B_q0.90,M5_RGARCH,2161,0.999988104947512,0.00896687753407803,0.008966930865293274,0.07271655453726102,-294604.06187330344,-294607.5662457673,1.0969294719119256,0.4597222222222222,2.431328749073411e+113,0
ES,GLOBEX,B0,30min,S-B_q0.90,M6_PARK,2161,0.999988104947512,,,0.2545802667489945,-inf,-inf,0.9952411384368389,0.46435185185185185,,0
ES,GLOBEX,B0,30min,S-B_q0.90,M6_GK,2161,0.999988104947512,0.017101199651499324,0.01710130136224045,0.2567246738772517,-673.8660333185142,-673.8740490856983,0.9562638087921452,0.47453703703703703,6.650412966275724e+291,0
ES,GLOBEX,B0,30min,S-C_q0.90,M1_EWMA,2161,0.999988104947512,0.11663450543584218,0.11663519912881286,0.14641948112687708,-0.36489089698438515,-0.36489523743238705,0.6569854923954345,0.44722222222222224,0.9908827754965192,0
ES,GLOBEX,B0,30min,S-C_q0.90,M2_HAR,2161,0.999988104947512,0.48663336271729246,0.48663625700780927,0.49869687765658977,0.20919101682431673,0.20919350519204113,3.1205452366608695,0.4791666666666667,0.35009301798361414,0
ES,GLOBEX,B0,30min,S-C_q0.90,M3_HARJ,2161,0.999988104947512,0.4712483913568897,0.47125119414406924,0.48280075611306095,0.19710233514801268,0.19710467971852355,3.147282575695335,0.487962962962963,0.35606884172320064,0
ES,GLOBEX,B0,30min,S-C_q0.90,M4_HARQ,2161,0.999988104947512,0.5223680395874591,0.5223711464128006,0.5408374027777004,0.20062910649509225,0.20063149301723243,3.1129687685426117,0.4810185185185185,0.3270129940431659,0
ES,GLOBEX,B0,30min,S-C_q0.90,M5_RGARCH,2161,0.999988104947512,0.06843942555088153,0.06843983259979253,0.10179386002024601,-114944.42667471788,-114945.79396097032,1.607691308870488,0.4810185185185185,307.0852884163459,0
ES,GLOBEX,B0,30min,S-C_q0.90,M6_PARK,2161,0.999988104947512,0.45794698713409643,0.45794971081011954,0.4439196029717579,-0.17257057091632255,-0.17257262367673917,2.344087400456586,0.4981481481481482,0.744607292857383,0
ES,GLOBEX,B0,30min,S-C_q0.90,M6_GK,2161,0.999988104947512,0.45439117536917917,0.4543938778967298,0.44034157933586493,-0.16479797562394083,-0.1647999359278287,2.139607386884488,0.4976851851851852,0.8518110494045582,0
ES,GLOBEX,B1,1day,S-A,M1_EWMA,1453,0.998068635425598,0.706634093737584,0.707317467808265,0.7063463218715778,0.4509953885483833,0.4518681106095165,1.2232064371030495,0.5241046831955923,0.291824641313708,0
ES,GLOBEX,B1,1day,S-A,M2_HAR,1453,0.998068635425598,0.8387609886513355,0.8395721404429386,0.834696797978839,0.6818708595279057,0.683190349165858,4.136221885683153,0.4015151515151515,0.16300011449789378,0
ES,GLOBEX,B1,1day,S-A,M3_HARJ,1453,0.998068635425598,0.016016750551096658,0.016032240083968318,0.8173732577608738,-312.9597540150473,-313.56536304899964,2.9814554218046223,0.41460055096418735,1.1954598724352534e+293,0
ES,GLOBEX,B1,1day,S-A,M4_HARQ,1453,0.998068635425598,0.0021116234488705874,0.002113665564761667,0.8166999626131651,-1878.080475146458,-1881.7147523582923,1.4906861938489828,0.40426997245179064,1.7497188373322817e+294,0
ES,GLOBEX,B1,1day,S-A,M5_RGARCH,1453,0.998068635425598,0.8355751818252952,0.836383252676142,0.8307960946156909,0.673827939887731,0.6751318656561092,3.7941621919414734,0.4097796143250689,0.16095388934502758,0
ES,GLOBEX,B1,1day,S-A,M6_PARK,1453,0.998068635425598,0.7563942279442796,0.7571257242125332,0.7456197740869135,0.23042286788005872,0.23086875962373213,3.1477598367873916,0.5144628099173554,0.668994443298953,0
ES,GLOBEX,B1,1day,S-A,M6_GK,1453,0.998068635425598,0.767919604565006,0.7686622468331586,0.7612781394724828,0.2940299851290096,0.2945989631300545,3.44104296117551,0.48829201101928377,0.6001245129990296,0
ES,GLOBEX,B1,1day,S-B_q0.80,M1_EWMA,291,0.998068635425598,0.4646823145454076,0.4651317010775302,0.30081276266258905,-0.7134784011873356,-0.7148590546411601,2.508887734008109,0.5310344827586206,0.5491155028338288,0
ES,GLOBEX,B1,1day,S-B_q0.80,M2_HAR,291,0.998068635425598,0.7009026622771058,0.7015804935758165,0.49955879989676116,-0.019930788780563535,-0.019969356889032605,2.4318375291798238,0.44482758620689655,0.3134484707807159,0
ES,GLOBEX,B1,1day,S-B_q0.80,M3_HARJ,291,0.998068635425598,0.7171071110229686,0.7178006133743511,0.5152998066705949,-0.0156861751309898,-0.015716529479258584,2.3801878681017468,0.4586206896551724,0.3112405670177216,0
ES,GLOBEX,B1,1day,S-B_q0.80,M4_HARQ,291,0.998068635425598,-0.13328381979318987,-0.13341271635690677,0.442739244254814,-7839.389012147493,-7854.559029204048,0.27290522714020987,0.44482758620689655,8.291067981246539e+294,0
ES,GLOBEX,B1,1day,S-B_q0.80,M5_RGARCH,291,0.998068635425598,0.6839823199658094,0.6846437878830968,0.5168186842886988,0.1848799065728981,0.1852376680428008,2.635707197082909,0.4689655172413793,0.23717008327406974,0
ES,GLOBEX,B1,1day,S-B_q0.80,M6_PARK,291,0.998068635425598,0.6136955506859466,0.6142890454385318,0.5011643592128524,-0.8107797947812254,-0.8123487363526772,2.86819227412557,0.5517241379310345,0.6995619923570978,0
ES,GLOBEX,B1,1day,S-B_q0.80,M6_GK,291,0.998068635425598,0.6051975768293322,0.6057828533328428,0.49794544896736775,-0.7877269048333688,-0.7892512367122578,2.746196812411136,0.5241379310344828,0.6851411806092751,0
ES,GLOBEX,B1,1day,S-C_q0.80,M1_EWMA,291,0.998068635425598,0.49617910856022135,0.4966589551175961,0.34884172798504015,0.11539127440658514,0.11561456828806149,1.8449657574195428,0.5620689655172414,0.40759266096960706,0
ES,GLOBEX,B1,1day,S-C_q0.80,M2_HAR,291,0.998068635425598,0.7199671015676321,0.720663369768268,0.577328353193831,0.5010475053026908,0.5020170833131464,2.855480275466514,0.42758620689655175,0.18350322301404215,0
ES,GLOBEX,B1,1day,S-C_q0.80,M3_HARJ,291,0.998068635425598,0.04348416173906897,0.04352621454812691,0.5720675532873304,-2351.92362164828,-2356.4748336624857,2.497838158450493,0.44482758620689655,5.969083143121729e+293,0
ES,GLOBEX,B1,1day,S-C_q0.80,M4_HARQ,291,0.998068635425598,-0.1283733568591189,-0.1284975045958631,0.4859172050895348,-4729.076234654645,-4738.227479353727,1.0736114644986963,0.4482758620689655,8.291067981246539e+294,0
ES,GLOBEX,B1,1day,S-C_q0.80,M5_RGARCH,291,0.998068635425598,0.7302540416160173,0.7309602581451559,0.5890396349629169,0.4681267977263325,0.46903267081097394,2.934163170548546,0.4586206896551724,0.1710092984307182,0
ES,GLOBEX,B1,1day,S-C_q0.80,M6_PARK,291,0.998068635425598,0.6346562428782668,0.6352700083673968,0.5432308585908492,0.24485153607684396,0.2453253487646508,2.5443972205205063,0.603448275862069,0.37992924347566115,0
ES,GLOBEX,B1,1day,S-C_q0.80,M6_GK,291,0.998068635425598,0.6152765951234725,0.6158716188778179,0.515242343522491,0.25990658342579787,0.2604095291652644,2.2917944378771624,0.5724137931034483,0.33869628549517145,0
ES,GLOBEX,B1,1day,S-B_q0.90,M1_EWMA,146,0.998068635425598,0.477743959082303,0.4782059773134564,0.2937483732274204,-1.4108085302393003,-1.4135385885938607,,0.5448275862068965,0.8384368347996995,0
ES,GLOBEX,B1,1day,S-B_q0.90,M2_HAR,146,0.998068635425598,0.7175272929205954,0.7182212016228974,0.468747650217385,-0.3722015274603361,-0.37292177536630167,,0.4206896551724138,0.46373118952771236,0
ES,GLOBEX,B1,1day,S-B_q0.90,M3_HARJ,146,0.998068635425598,0.7311714408645915,0.731878544595274,0.484908370528183,-0.360060542161486,-0.36075729602298184,,0.4482758620689655,0.4502162037323164,0
ES,GLOBEX,B1,1day,S-B_q0.90,M4_HARQ,146,0.998068635425598,-0.11284522498378016,-0.11295435572264133,0.39757492560238034,-15363.148271449076,-15392.877529808256,,0.42758620689655175,1.6525347825635223e+295,0
ES,GLOBEX,B1,1day,S-B_q0.90,M5_RGARCH,146,0.998068635425598,0.6958969015096107,0.6965698918204001,0.48743022953158593,-0.03398762498539676,-0.0340533945051822,,0.43448275862068964,0.33637692004035125,0
ES,GLOBEX,B1,1day,S-B_q0.90,M6_PARK,146,0.998068635425598,0.6351636258627805,0.6357778820335499,0.5308378240289976,-0.8619576847170591,-0.8636256607237255,,0.5724137931034483,0.8181314904262776,0
ES,GLOBEX,B1,1day,S-B_q0.90,M6_GK,146,0.998068635425598,0.6166768013044598,0.6172731791748975,0.5072233522601295,-0.9609248674369286,-0.962784355033028,,0.5448275862068965,0.8369006579943875,0
ES,GLOBEX,B1,1day,S-C_q0.90,M1_EWMA,146,0.998068635425598,0.5197440575929831,0.5202466934203474,0.3832627996876597,0.06746437568490182,0.06759492613063986,,0.5586206896551724,0.4959859293741697,0
ES,GLOBEX,B1,1day,S-C_q0.90,M2_HAR,146,0.998068635425598,0.7508338317717601,0.7515599506734237,0.5566656705195069,0.5397581763291607,0.5408026634350614,,0.45517241379310347,0.16507997155331633,0
ES,GLOBEX,B1,1day,S-C_q0.90,M3_HARJ,146,0.998068635425598,0.08807541256785893,0.08816058883340684,0.5713148178496718,-4295.354970946816,-4303.666920777632,,0.4413793103448276,1.1897282155126186e+294,0
ES,GLOBEX,B1,1day,S-C_q0.90,M4_HARQ,146,0.998068635425598,-0.03239446891355539,-0.032425797065261046,0.4517463102387862,-4310.929533137259,-4319.271621333923,,0.47586206896551725,4.068486828457449e+294,0
ES,GLOBEX,B1,1day,S-C_q0.90,M5_RGARCH,146,0.998068635425598,0.7724010672677095,0.7731480434838515,0.5955462581820635,0.5218078770070103,0.5228176284534782,,0.45517241379310347,0.15800939079775594,0
ES,GLOBEX,B1,1day,S-C_q0.90,M6_PARK,146,0.998068635425598,0.6789779743985188,0.6796346026965014,0.5937069206520588,0.36306663316798404,0.36376920412208386,,0.6068965517241379,0.3985705845636076,0
ES,GLOBEX,B1,1day,S-C_q0.90,M6_GK,146,0.998068635425598,0.6540807346948424,0.6547132852867027,0.5730037692923179,0.35626769901851685,0.356957113341806,,0.593103448275862,0.34961395431114356,0
ES,GLOBEX,B1,1h,S-A,M1_EWMA,1403,0.999987714118072,,,0.38583188316172445,,,0.08009591886166625,0.43152639087018546,inf,0
ES,GLOBEX,B1,1h,S-A,M2_HAR,1403,0.999987714118072,,,0.6956138235543056,,,8.720682103677301,0.4843081312410842,inf,0
ES,GLOBEX,B1,1h,S-A,M3_HARJ,1403,0.999987714118072,,,0.6969330035235881,,,8.405083508334894,0.48359486447931527,inf,0
ES,GLOBEX,B1,1h,S-A,M4_HARQ,1403,0.999987714118072,,,0.7133264887258371,,,9.657736925335133,0.48573466476462196,inf,0
ES,GLOBEX,B1,1h,S-A,M5_RGARCH,1403,0.999987714118072,,,0.7189371047760212,,,9.66039177020105,0.4793152639087018,,0
ES,GLOBEX,B1,1h,S-A,M6_PARK,1403,0.999987714118072,,,0.6450859932912066,,,6.829536007985495,0.47218259629101283,,0
ES,GLOBEX,B1,1h,S-A,M6_GK,1403,0.999987714118072,,,0.6537197826543342,,,6.962571201763268,0.4843081312410842,inf,0
ES,GLOBEX,B1,1h,S-B_q0.80,M1_EWMA,281,0.999987714118072,0.41714554426113587,0.41714810678519987,0.3048875596274702,-3.6153504870290103,-3.6153949053439405,0.34717453641035423,0.44285714285714284,1.0856479543873425,0
ES,GLOBEX,B1,1h,S-B_q0.80,M2_HAR,281,0.999987714118072,0.48940957456908013,0.48941258101090657,0.4233236703479756,-0.9605912937055585,-0.9606030955617703,1.221848011923868,0.5035714285714286,0.3999319599536901,0
ES,GLOBEX,B1,1h,S-B_q0.80,M3_HARJ,281,0.999987714118072,0.4967391182504394,0.49674216971763485,0.43768942876613043,-0.9672911874706143,-0.9673030716419411,1.3289737044495369,0.5035714285714286,0.4047697751812922,0
ES,GLOBEX,B1,1h,S-B_q0.80,M4_HARQ,281,0.999987714118072,0.48411627602296314,0.4841192499480695,0.4299419139201072,-0.9898441967052329,-0.9898563579635726,1.1810533476244858,0.5107142857142857,0.4333275986463576,0
ES,GLOBEX,B1,1h,S-B_q0.80,M5_RGARCH,281,0.999987714118072,0.48843203954411474,0.4884350399809459,0.43156659347315807,-1446148.8341660511,-1446166.6015981666,1.1838183450054758,0.5035714285714286,610.864814330447,0
ES,GLOBEX,B1,1h,S-B_q0.80,M6_PARK,281,0.999987714118072,0.3786222929052472,0.3786246187810718,0.331179532055307,-5.305844935460144,-5.305910123245439,0.9395898136019312,0.4785714285714286,2.174767941298408,0
ES,GLOBEX,B1,1h,S-B_q0.80,M6_GK,281,0.999987714118072,0.3683232537894337,0.36832551639828603,0.3151348310960637,-5.649407536438155,-5.64947694524486,0.8396966883316632,0.4785714285714286,2.2027199080282047,0
ES,GLOBEX,B1,1h,S-C_q0.80,M1_EWMA,281,0.999987714118072,,,0.23672253714080252,,,0.432430554479298,0.3964285714285714,inf,0
ES,GLOBEX,B1,1h,S-C_q0.80,M2_HAR,281,0.999987714118072,,,0.43722400308500964,,,3.471356074782115,0.5,inf,0
ES,GLOBEX,B1,1h,S-C_q0.80,M3_HARJ,281,0.999987714118072,,,0.4461343260254013,,,4.7005571248538995,0.49642857142857144,inf,0
ES,GLOBEX,B1,1h,S-C_q0.80,M4_HARQ,281,0.999987714118072,,,0.5288172553610089,,,2.914869173248293,0.5107142857142857,inf,0
ES,GLOBEX,B1,1h,S-C_q0.80,M5_RGARCH,281,0.999987714118072,,,0.5361221171912266,,,3.016254760274044,0.49642857142857144,,0
ES,GLOBEX,B1,1h,S-C_q0.80,M6_PARK,281,0.999987714118072,,,0.3819323825912511,,,1.470060402945228,0.4785714285714286,,0
ES,GLOBEX,B1,1h,S-C_q0.80,M6_GK,281,0.999987714118072,,,0.39874087181417217,,,1.4248812134241977,0.5071428571428571,inf,0
ES,GLOBEX,B1,1h,S-B_q0.90,M1_EWMA,141,0.999987714118072,0.5033778158352622,0.5033809080839607,0.4369108266621002,-6.308289679127688,-6.308367182982057,,0.44285714285714284,1.5225031947594452,0
ES,GLOBEX,B1,1h,S-B_q0.90,M2_HAR,141,0.999987714118072,0.47787985666464905,0.47788279227944647,0.42905518215677035,-1.9473832642731876,-1.9474071898879883,,0.4785714285714286,0.5619015399924272,0
ES,GLOBEX,B1,1h,S-B_q0.90,M3_HARJ,141,0.999987714118072,0.47614939482301516,0.47615231980758965,0.43799820197782435,-1.9356152481611542,-1.9356390291937222,,0.4642857142857143,0.5652953524095916,0
ES,GLOBEX,B1,1h,S-B_q0.90,M4_HARQ,141,0.999987714118072,0.46029307740583275,0.46029590498508793,0.42190590350614315,-1.9339986937321738,-1.9340224549037008,,0.5,0.6046288249648148,0
ES,GLOBEX,B1,1h,S-B_q0.90,M5_RGARCH,141,0.999987714118072,0.4659949136590372,0.46599777626465866,0.4243546384691125,-1849811.3661201394,-1849834.092963392,,0.4857142857142857,623.0846534497009,0
ES,GLOBEX,B1,1h,S-B_q0.90,M6_PARK,141,0.999987714118072,0.3604960414489884,0.3604982559752944,0.31853247142429036,-8.380900562162793,-8.381003530182603,,0.45,2.9989151515613153,0
ES,GLOBEX,B1,1h,S-B_q0.90,M6_GK,141,0.999987714118072,0.3553349087121305,0.35533709153361065,0.2988013185495954,-8.773595668372998,-8.773703461057792,,0.4785714285714286,2.9462988083457344,0
ES,GLOBEX,B1,1h,S-C_q0.90,M1_EWMA,141,0.999987714118072,0.29188703166910607,0.2918888247304318,0.27709662228691295,-0.282032664100869,-0.2820361291634514,,0.4142857142857143,0.627000245489563,0
ES,GLOBEX,B1,1h,S-C_q0.90,M2_HAR,141,0.999987714118072,0.4736341952719142,0.473637104805624,0.4457596643691939,-0.03727708875142488,-0.037277546738962684,,0.4785714285714286,0.2549285452539349,0
ES,GLOBEX,B1,1h,S-C_q0.90,M3_HARJ,141,0.999987714118072,0.4825051192625704,0.48250808329034467,0.47814546855601686,-0.04425045478928258,-0.04425099845182476,,0.4857142857142857,0.2509630926707772,0
ES,GLOBEX,B1,1h,S-C_q0.90,M4_HARQ,141,0.999987714118072,0.48083822332987375,0.48084117711791036,0.4563722762104542,-0.037948501849770055,-0.037948968086311256,,0.4857142857142857,0.25500800497576914,0
ES,GLOBEX,B1,1h,S-C_q0.90,M5_RGARCH,141,0.999987714118072,0.41883395173722904,0.41883652463317605,0.42721863093454343,-644008.3894870883,-644016.3017953319,,0.45714285714285713,638.2351013759976,0
ES,GLOBEX,B1,1h,S-C_q0.90,M6_PARK,141,0.999987714118072,0.25795379497377663,0.2579553795833119,0.2518301297144569,-0.7529218899244854,-0.7529311403475757,,0.4642857142857143,0.815047113511277,0
ES,GLOBEX,B1,1h,S-C_q0.90,M6_GK,141,0.999987714118072,0.26549090758207405,0.2654925384920737,0.2736033220600197,-0.8627262323391176,-0.8627368318219684,,0.4714285714285714,1.0602956789428515,0
ES,GLOBEX,B1,30min,S-A,M1_EWMA,79538,0.999988151495518,,,0.6578764296020414,,,0.8963179589542186,0.45966028389303093,inf,0
ES,GLOBEX,B1,30min,S-A,M2_HAR,79538,0.999988151495518,,,0.7862595810501539,,,5.5740046940871935,0.3897431384135685,inf,0
ES,GLOBEX,B1,30min,S-A,M3_HARJ,79538,0.999988151495518,,,0.7866285786898336,,,5.483990625958392,0.3949356903076556,inf,0
ES,GLOBEX,B1,30min,S-A,M4_HARQ,79538,0.999988151495518,,,0.819276723635206,,,5.221492794121153,0.39005745753548665,inf,0
ES,GLOBEX,B1,30min,S-A,M5_RGARCH,79538,0.999988151495518,,,0.008533571851539412,,,-0.009049086241115365,0.06707570061732275,,0
ES,GLOBEX,B1,30min,S-A,M6_PARK,79538,0.999988151495518,,,0.7976961349518978,,,4.899688462670888,0.4213762148434062,,0
ES,GLOBEX,B1,30min,S-A,M6_GK,79538,0.999988151495518,,,0.7975465081757285,,,4.828402583694755,0.4331066044733897,inf,0
ES,GLOBEX,B1,30min,S-B_q0.80,M1_EWMA,15908,0.999988151495518,0.5225887166687603,0.5225918126436482,0.4479933817214156,-0.8487667009989759,-0.8487767577341941,0.8361552396820874,0.45810020745583707,1.3259180003526063,0
ES,GLOBEX,B1,30min,S-B_q0.80,M2_HAR,15908,0.999988151495518,0.656944140809888,0.6569480327472718,0.5792179752514124,0.03263937820154117,0.03263976493394228,2.1369419035933688,0.4367259696988747,0.5937966914080626,0
ES,GLOBEX,B1,30min,S-B_q0.80,M3_HARJ,15908,0.999988151495518,0.6555872805784901,0.6555911644774202,0.57814670795268,0.0317110364533435,0.03171141218615292,2.0798489449347914,0.4382347394228956,0.5970995508369459,0
ES,GLOBEX,B1,30min,S-B_q0.80,M4_HARQ,15908,0.999988151495518,0.008756140351595224,0.008756192225640298,0.5848506149427268,-186.63372478934517,-186.6359361460711,1.8660383037151167,0.43678883510404226,2.3517534463572787e+292,0
ES,GLOBEX,B1,30min,S-B_q0.80,M5_RGARCH,15908,0.999988151495518,,,0.008068938924386152,-inf,-inf,-0.4882238500819073,0.0683975608222795,,0
ES,GLOBEX,B1,30min,S-B_q0.80,M6_PARK,15908,0.999988151495518,,,0.5100696121812323,-inf,-inf,1.7643292888373892,0.46558119067077386,,0
ES,GLOBEX,B1,30min,S-B_q0.80,M6_GK,15908,0.999988151495518,-0.02831157436554244,-0.028311742091940803,0.521235517243015,-468.1484000667496,-468.1539469908888,1.4683232578977337,0.46834726849814545,1.098171122264147e+293,0
ES,GLOBEX,B1,30min,S-C_q0.80,M1_EWMA,15908,0.999988151495518,,,0.3851709413741771,,,1.0204080608340966,0.47400515496322376,inf,0
ES,GLOBEX,B1,30min,S-C_q0.80,M2_HAR,15908,0.999988151495518,,,0.6146925678284859,,,3.9983186855914994,0.44647010749984284,inf,0
ES,GLOBEX,B1,30min,S-C_q0.80,M3_HARJ,15908,0.999988151495518,,,0.6169116233686492,,,3.93750742948565,0.44772741560319357,inf,0
ES,GLOBEX,B1,30min,S-C_q0.80,M4_HARQ,15908,0.999988151495518,,,0.6819471404326,,,3.2444165565635066,0.44628151128434024,inf,0
ES,GLOBEX,B1,30min,S-C_q0.80,M5_RGARCH,15908,0.999988151495518,,,0.03326702776011371,,,-0.07949711772108131,0.06343119381404413,,0
ES,GLOBEX,B1,30min,S-C_q0.80,M6_PARK,15908,0.999988151495518,,,0.633414438627086,,,3.0541940579924867,0.4818004652039982,,0
ES,GLOBEX,B1,30min,S-C_q0.80,M6_GK,15908,0.999988151495518,,,0.6422134952349741,,,3.139331611655342,0.481423272772993,inf,0
ES,GLOBEX,B1,30min,S-B_q0.90,M1_EWMA,7954,0.999988151495518,0.5051473504992043,0.5051503431461214,0.41704366985688945,-1.681659569704332,-1.6816794950913667,0.6184782921616151,0.4671193260404879,1.8360809590703597,0
ES,GLOBEX,B1,30min,S-B_q0.90,M2_HAR,7954,0.999988151495518,0.6140358882838803,0.6140395260196939,0.5324540881981128,-0.5768984876019683,-0.5769053230672743,1.7270796699492976,0.44561800578398086,0.9168459197975636,0
ES,GLOBEX,B1,30min,S-B_q0.90,M3_HARJ,7954,0.999988151495518,0.6128414497020426,0.6128450803616378,0.530528977491768,-0.579269576619891,-0.5792764401793887,1.6876553279380269,0.44624669935873257,0.9223672204951253,0
ES,GLOBEX,B1,30min,S-B_q0.90,M4_HARQ,7954,0.999988151495518,-0.01808999305881182,-0.0180901002294461,0.5285366359738976,-448.1282703595627,-448.1335800722947,1.355886341172074,0.4461209606437822,4.703506892714557e+292,0
ES,GLOBEX,B1,30min,S-B_q0.90,M5_RGARCH,7954,0.999988151495518,,,0.024823295185969655,-inf,-inf,0.10740058160336846,0.0704136803721866,,0
ES,GLOBEX,B1,30min,S-B_q0.90,M6_PARK,7954,0.999988151495518,,,0.45055999543687264,-inf,-inf,1.2710223202522883,0.4702627939142462,,0
ES,GLOBEX,B1,30min,S-B_q0.90,M6_GK,7954,0.999988151495518,-0.0604110789844871,-0.06041143687813754,0.4580403336167596,-1010.1019898385885,-1010.1139581783492,0.9921901736411072,0.46938262290959387,2.1901296330385865e+293,0
ES,GLOBEX,B1,30min,S-C_q0.90,M1_EWMA,7954,0.999988151495518,,,0.3552032797767041,,,0.7705437682966914,0.4740349553627562,inf,0
ES,GLOBEX,B1,30min,S-C_q0.90,M2_HAR,7954,0.999988151495518,,,0.5781789364531744,,,3.249688868569754,0.46221551615742484,inf,0
ES,GLOBEX,B1,30min,S-C_q0.90,M3_HARJ,7954,0.999988151495518,,,0.5813706915451868,,,3.198467504948692,0.4623412548723752,inf,0
ES,GLOBEX,B1,30min,S-C_q0.90,M4_HARQ,7954,0.999988151495518,,,0.638884732484013,,,2.422207759214605,0.4630956871620772,inf,0
ES,GLOBEX,B1,30min,S-C_q0.90,M5_RGARCH,7954,0.999988151495518,,,0.08089730604226121,,,0.18527252090577173,0.0636237897648686,,0
ES,GLOBEX,B1,30min,S-C_q0.90,M6_PARK,7954,0.999988151495518,,,0.58756452211712,,,2.604543978135126,0.49742235634351817,,0
ES,GLOBEX,B1,30min,S-C_q0.90,M6_GK,7954,0.999988151495518,,,0.592780077940171,,,2.47918951353947,0.4975480950584685,inf,0
NQ,GLOBEX,B0,1day,S-A,M1_EWMA,1448,0.9980262887109778,0.6859097554600274,0.6865876530195895,0.6971592400858614,0.3997357300466431,0.4005262532342012,1.144343384338985,0.5348997926744989,0.26423906657287116,0
NQ,GLOBEX,B0,1day,S-A,M2_HAR,1448,0.9980262887109778,0.8225777359958424,0.8233907051005137,0.8341588954484902,0.6624643240946827,0.6637744231670517,2.860030553859809,0.40566689702833447,0.15484610542830912,0
NQ,GLOBEX,B0,1day,S-A,M3_HARJ,1448,0.9980262887109778,0.8189545471689308,0.8197639354076879,0.8305698668298336,0.6566440799874176,0.6579426688604769,2.821882740217478,0.4077401520387008,0.1569740981089826,0
NQ,GLOBEX,B0,1day,S-A,M4_HARQ,1448,0.9980262887109778,-0.00775023505084452,-0.0077578947544501,0.827742879130021,-339.8910883051141,-340.5632618596728,2.384090945059184,0.4035936420179682,4.673087352071406e+293,0
NQ,GLOBEX,B0,1day,S-A,M5_RGARCH,1448,0.9980262887109778,0.8040588118351253,0.8048534783374581,0.8216086311547012,0.4297378788658409,0.4305877347388094,2.7009267075140158,0.39599170697995856,0.4054076475632964,0
NQ,GLOBEX,B0,1day,S-A,M6_PARK,1448,0.9980262887109778,0.7267561372318393,0.7274744040415828,0.7361984044780019,0.253591985096457,0.25409349229065814,2.318314761499629,0.539737387698687,0.601081729238386,0
NQ,GLOBEX,B0,1day,S-A,M6_GK,1448,0.9980262887109778,0.737306663262235,0.7380353573560215,0.7484896433414667,0.3081394913881258,0.3087488725232979,2.5613789307023,0.5038009675190048,0.5477580340464341,0
NQ,GLOBEX,B0,1day,S-B_q0.80,M1_EWMA,290,0.9980262887109778,0.363871524999933,0.3642311460970643,0.23422321229782142,-0.8968634161810987,-0.8986370663035959,1.5461946959971125,0.5294117647058824,0.4447898746719899,0
NQ,GLOBEX,B0,1day,S-B_q0.80,M2_HAR,290,0.9980262887109778,0.5999319211625785,0.6005248452054605,0.4356956148972209,-0.3569523282244167,-0.357658242334925,2.1666672581754955,0.4290657439446367,0.28820538433025916,0
NQ,GLOBEX,B0,1day,S-B_q0.80,M3_HARJ,290,0.9980262887109778,0.609257209759458,0.609859350161098,0.44822370678891993,-0.33205869151009715,-0.332715375602956,2.1497589625185793,0.4463667820069204,0.28669410268416584,0
NQ,GLOBEX,B0,1day,S-B_q0.80,M4_HARQ,290,0.9980262887109778,-0.01667048324731521,-0.01668695900060508,0.4136486923662629,-5372.7943095233895,-5383.419625612004,1.3227187827746536,0.43252595155709345,2.3333208571722058e+294,0
NQ,GLOBEX,B0,1day,S-B_q0.80,M5_RGARCH,290,0.9980262887109778,0.5474849767289355,0.5480260664665679,0.431435118954631,-2.0749551010894933,-2.079058562444729,2.2099872725135965,0.44982698961937717,0.788175132679777,0
NQ,GLOBEX,B0,1day,S-B_q0.80,M6_PARK,290,0.9980262887109778,0.4707769366315867,0.47124221436513725,0.38412147064623275,-1.4148903419396617,-1.4176884496370268,2.8932817074146224,0.5778546712802768,0.6816974944899301,0
NQ,GLOBEX,B0,1day,S-B_q0.80,M6_GK,290,0.9980262887109778,0.4729321913755291,0.4733995991880289,0.38556356609267156,-1.3779594472831018,-1.3806845199066198,3.555899306793531,0.5155709342560554,0.6611946871356618,0
NQ,GLOBEX,B0,1day,S-C_q0.80,M1_EWMA,290,0.9980262887109778,0.3733685502336183,0.37373755742006787,0.2576985006587064,-0.017805274652734626,-0.01784048662258327,2.260423098787813,0.5570934256055363,0.34290741322255125,0
NQ,GLOBEX,B0,1day,S-C_q0.80,M2_HAR,290,0.9980262887109778,0.6469276532479024,0.6475670240599647,0.5231063881607514,0.3926548339207535,0.39343135382525374,3.922032513268059,0.42214532871972316,0.15761090657217386,0
NQ,GLOBEX,B0,1day,S-C_q0.80,M3_HARJ,290,0.9980262887109778,0.6443093754817534,0.644946158600473,0.5245268814955772,0.3910587649864391,0.3918321284818253,4.02818924374983,0.4429065743944637,0.15696558737710056,0
NQ,GLOBEX,B0,1day,S-C_q0.80,M4_HARQ,290,0.9980262887109778,-0.031329989401089574,-0.03136095342104561,0.4824916939026295,-3168.340060075516,-3174.6058154115894,1.381910643748677,0.42214532871972316,2.3333208571722058e+294,0
NQ,GLOBEX,B0,1day,S-C_q0.80,M5_RGARCH,290,0.9980262887109778,0.5951122689964897,0.595700429686153,0.4748352003857522,0.060695671007465646,0.06081570364830614,3.7170332336471796,0.4429065743944637,0.34967801884991184,0
NQ,GLOBEX,B0,1day,S-C_q0.80,M6_PARK,290,0.9980262887109778,0.5759328064773214,0.5765020117421172,0.5195278471063045,0.07682275619586199,0.07697468199468378,3.469906299113328,0.6228373702422145,0.34938183760775565,0
NQ,GLOBEX,B0,1day,S-C_q0.80,M6_GK,290,0.9980262887109778,0.5544786155346435,0.5550266172175299,0.48585816962028744,0.12097630486944322,0.12121554936763515,3.4824043511022076,0.5813148788927336,0.30862820417298736,0
NQ,GLOBEX,B0,1day,S-B_q0.90,M1_EWMA,145,0.9980262887109778,0.3450110341252226,0.345352015043184,0.14939773264052902,-1.9158107262125172,-1.9195994613397644,,0.5347222222222222,0.672738501057126,0
NQ,GLOBEX,B0,1day,S-B_q0.90,M2_HAR,145,0.9980262887109778,0.6221412400356946,0.6227561139676745,0.41616674539442605,-0.9041341589256526,-0.9059221877746392,,0.4722222222222222,0.40640322451758,0
NQ,GLOBEX,B0,1day,S-B_q0.90,M3_HARJ,145,0.9980262887109778,0.6204962630052642,0.6211095111753919,0.4088962368131003,-0.9017499134312621,-0.9035332271617179,,0.4513888888888889,0.4102464509973553,0
NQ,GLOBEX,B0,1day,S-B_q0.90,M4_HARQ,145,0.9980262887109778,0.03063527606021973,0.030665553481866555,0.38472287828688395,-11599.429047208117,-11622.368246621649,,0.4652777777777778,4.6666417143444116e+294,0
NQ,GLOBEX,B0,1day,S-B_q0.90,M5_RGARCH,145,0.9980262887109778,0.5860369639332349,0.5866161553275854,0.43767123287671234,-3.342338623127408,-3.348948480549823,,0.4861111111111111,1.0941650684540463,0
NQ,GLOBEX,B0,1day,S-B_q0.90,M6_PARK,145,0.9980262887109778,0.5111386472197011,0.5116438151937529,0.4786962683042041,-1.8635339200632122,-1.8672192718190814,,0.6458333333333334,0.8432679829021822,0
NQ,GLOBEX,B0,1day,S-B_q0.90,M6_GK,145,0.9980262887109778,0.5049772481644415,0.5054763267114952,0.4499685088962368,-2.0011829329403814,-2.0051405013840387,,0.6319444444444444,0.8544657994623318,0
NQ,GLOBEX,B0,1day,S-C_q0.90,M1_EWMA,145,0.9980262887109778,0.4251058097728573,0.42552594986957804,0.31325381829633125,-0.01108960295106276,-0.011111533910981217,,0.5625,0.3998447549371113,0
NQ,GLOBEX,B0,1day,S-C_q0.90,M2_HAR,145,0.9980262887109778,0.6554836783156873,0.6561315052088402,0.48888757675956535,0.38195612534811985,0.3827114873311037,,0.4513888888888889,0.16744718870712974,0
NQ,GLOBEX,B0,1day,S-C_q0.90,M3_HARJ,145,0.9980262887109778,0.672339617439091,0.6730041033750771,0.5048378208156196,0.4175268161387845,0.4183525232366877,,0.4444444444444444,0.16278587723690607,0
NQ,GLOBEX,B0,1day,S-C_q0.90,M4_HARQ,145,0.9980262887109778,-0.01396666743049686,-0.013980470951573768,0.43597464966147065,-5869.977667495442,-5881.58622061643,,0.4305555555555556,4.6666417143444116e+294,0
NQ,GLOBEX,B0,1day,S-C_q0.90,M5_RGARCH,145,0.9980262887109778,0.5793047872329713,0.5798773250900024,0.4279995276334435,0.054554561117055256,0.0546624490097514,,0.4513888888888889,0.38658620746974753,0
NQ,GLOBEX,B0,1day,S-C_q0.90,M6_PARK,145,0.9980262887109778,0.6044242526216201,0.6050216165204868,0.5777594079672492,0.1777457423304749,0.1780972548930011,,0.6875,0.3799561347984076,0
NQ,GLOBEX,B0,1day,S-C_q0.90,M6_GK,145,0.9980262887109778,0.551572565284783,0.5521176948633486,0.5029326090379467,0.1260858670603936,0.12633521630301192,,0.6527777777777778,0.3607791768119459,0
NQ,GLOBEX,B0,1h,S-A,M1_EWMA,22259,0.99998130270507,,,0.588043349352949,,,0.6318381511398933,0.4554766825411088,inf,0
NQ,GLOBEX,B0,1h,S-A,M2_HAR,22259,0.99998130270507,,,0.7806899188555622,,,7.123993937321281,0.47511007278281964,inf,0
NQ,GLOBEX,B0,1h,S-A,M3_HARJ,22259,0.99998130270507,,,0.7779357005416621,,,7.095384784102498,0.4729535447928835,inf,0
NQ,GLOBEX,B0,1h,S-A,M4_HARQ,22259,0.99998130270507,,,0.7948794883599473,,,5.7416765700229275,0.4751999281157337,inf,0
NQ,GLOBEX,B0,1h,S-A,M5_RGARCH,22259,0.99998130270507,,,0.2556091224077456,,,7.568871615046468,0.4747057237847066,,0
NQ,GLOBEX,B0,1h,S-A,M6_PARK,22259,0.99998130270507,,,0.7613204042902456,,,6.282735345732902,0.48234342708239736,,0
NQ,GLOBEX,B0,1h,S-A,M6_GK,22259,0.99998130270507,,,0.7644647957585491,,,6.457477675238783,0.4810405247551442,inf,0
NQ,GLOBEX,B0,1h,S-B_q0.80,M1_EWMA,4452,0.99998130270507,0.6088986210830981,0.6089043135414738,0.5283991391618323,-0.749645775441736,-0.7496597920519652,1.035848668098714,0.4706807458997978,1.294942431554012,0
NQ,GLOBEX,B0,1h,S-B_q0.80,M2_HAR,4452,0.99998130270507,0.6993708348572327,0.6993773731203011,0.61741698266946,0.0031441726288909955,0.003144231417513137,1.8066665928307606,0.4753987867894855,0.6941736412359343,0
NQ,GLOBEX,B0,1h,S-B_q0.80,M3_HARJ,4452,0.99998130270507,0.6973309302206332,0.6973374494130848,0.6173730181127335,-0.007346171832908421,-0.007346309189017975,1.8214310834790506,0.4762974612446641,0.7091502306654354,0
NQ,GLOBEX,B0,1h,S-B_q0.80,M4_HARQ,4452,0.99998130270507,-0.006582375741355267,-0.00658243727852849,0.6168267018821915,-277.7445944363386,-277.7497876060342,1.4627119849893662,0.4760727926308695,8.910010340556091e+292,0
NQ,GLOBEX,B0,1h,S-B_q0.80,M5_RGARCH,4452,0.99998130270507,,,0.25906383735639466,-inf,-inf,1.2876362555881622,0.4758481240170748,,0
NQ,GLOBEX,B0,1h,S-B_q0.80,M6_PARK,4452,0.99998130270507,,,0.5523705182649483,-inf,-inf,1.5994256478830655,0.4906762525275219,,0
NQ,GLOBEX,B0,1h,S-B_q0.80,M6_GK,4452,0.99998130270507,-0.014067484740702864,-0.014067616254502641,0.5597153114176878,-2072.3497201652413,-2072.388468223641,1.2895019193134525,0.4814648393619411,4.069903759216487e+293,0
NQ,GLOBEX,B0,1h,S-C_q0.80,M1_EWMA,4452,0.99998130270507,,,0.41260193051120486,,,0.36511650344994334,0.46371601887216357,inf,0
NQ,GLOBEX,B0,1h,S-C_q0.80,M2_HAR,4452,0.99998130270507,,,0.6578011488619501,,,3.1829415041947633,0.5093237474724781,inf,0
NQ,GLOBEX,B0,1h,S-C_q0.80,M3_HARJ,4452,0.99998130270507,,,0.6586470499039117,,,3.285449866542658,0.5104470905414513,inf,0
NQ,GLOBEX,B0,1h,S-C_q0.80,M4_HARQ,4452,0.99998130270507,,,0.6981293350831618,,,2.4127212159601648,0.5097730847000674,inf,0
NQ,GLOBEX,B0,1h,S-C_q0.80,M5_RGARCH,4452,0.99998130270507,,,0.2849055302658721,,,1.7330736493429881,0.5082004044035048,,0
NQ,GLOBEX,B0,1h,S-C_q0.80,M6_PARK,4452,0.99998130270507,,,0.6267413500303852,,,2.4073791582943866,0.5196585037070321,,0
NQ,GLOBEX,B0,1h,S-C_q0.80,M6_GK,4452,0.99998130270507,,,0.6430106050206938,,,2.5676002200627974,0.5030330262862278,inf,0
NQ,GLOBEX,B0,1h,S-B_q0.90,M1_EWMA,2226,0.99998130270507,0.6095884019547126,0.609594100861697,0.576570512469634,-1.3412370514672824,-1.341262129440895,1.2628456038909754,0.48359550561797754,1.5319606889025668,0
NQ,GLOBEX,B0,1h,S-B_q0.90,M2_HAR,2226,0.99998130270507,0.673415263385609,0.6734215589957872,0.6440865456449649,-0.44868616871690015,-0.44869455809138625,2.128747298064398,0.47460674157303373,0.9256614387697732,0
NQ,GLOBEX,B0,1h,S-B_q0.90,M3_HARJ,2226,0.99998130270507,0.6720096876085582,0.6720159700783197,0.6431121344961024,-0.4520078748738827,-0.4520163263564498,2.1591235939849076,0.47775280898876404,0.9313558741972127,0
NQ,GLOBEX,B0,1h,S-B_q0.90,M4_HARQ,2226,0.99998130270507,-0.032968200495586665,-0.032968508707992714,0.6389858720601873,-679.9559142935279,-679.9686278675063,1.393933463954886,0.4737078651685393,1.7820020681112183e+293,0
NQ,GLOBEX,B0,1h,S-B_q0.90,M5_RGARCH,2226,0.99998130270507,,,0.34188408542003507,-inf,-inf,1.3933259597782526,0.4750561797752809,,0
NQ,GLOBEX,B0,1h,S-B_q0.90,M6_PARK,2226,0.99998130270507,,,0.5582317195919999,-inf,-inf,1.903441965531456,0.4844943820224719,,0
NQ,GLOBEX,B0,1h,S-B_q0.90,M6_GK,2226,0.99998130270507,-0.07434439773720787,-0.0743450927665197,0.5674043223850508,-2376.905870542248,-2376.950313083286,1.096940457749811,0.48674157303370785,7.864266374373677e+293,0
NQ,GLOBEX,B0,1h,S-C_q0.90,M1_EWMA,2226,0.99998130270507,,,0.42085688321991677,,,0.5417340811981803,0.4786516853932584,inf,0
NQ,GLOBEX,B0,1h,S-C_q0.90,M2_HAR,2226,0.99998130270507,,,0.6455985928937645,,,3.3710382034538564,0.5101123595505618,inf,0
NQ,GLOBEX,B0,1h,S-C_q0.90,M3_HARJ,2226,0.99998130270507,,,0.6472120583186541,,,3.3597245155025837,0.5078651685393258,inf,0
NQ,GLOBEX,B0,1h,S-C_q0.90,M4_HARQ,2226,0.99998130270507,,,0.6767373242999142,,,1.9312833210310896,0.5114606741573033,inf,0
NQ,GLOBEX,B0,1h,S-C_q0.90,M5_RGARCH,2226,0.99998130270507,,,0.3619599388258466,,,1.6840480989300202,0.5114606741573033,,0
NQ,GLOBEX,B0,1h,S-C_q0.90,M6_PARK,2226,0.99998130270507,,,0.6071864184742373,,,2.847686724862269,0.5217977528089888,,0
NQ,GLOBEX,B0,1h,S-C_q0.90,M6_GK,2226,0.99998130270507,,,0.6138518623132461,,,2.6985603969349965,0.5047191011235955,inf,0
NQ,GLOBEX,B0,30min,S-A,M1_EWMA,80900,0.9999716927251812,,,0.6472038610136325,,,0.9416743763642201,0.46187221102856646,inf,0
NQ,GLOBEX,B0,30min,S-A,M2_HAR,80900,0.9999716927251812,,,0.7961697596346322,,,6.625113283579115,0.40387396630366257,inf,0
NQ,GLOBEX,B0,30min,S-A,M3_HARJ,80900,0.9999716927251812,,,0.8000485260634744,,,6.569780375559474,0.4044054932693853,inf,0
NQ,GLOBEX,B0,30min,S-A,M4_HARQ,80900,0.9999716927251812,,,0.825608409052049,,,6.091412978382208,0.4040099383181498,inf,0
NQ,GLOBEX,B0,30min,S-A,M5_RGARCH,80900,0.9999716927251812,,,0.3616627601530093,,,6.91038012472395,0.4040841048715064,inf,0
NQ,GLOBEX,B0,30min,S-A,M6_PARK,80900,0.9999716927251812,,,0.8101325162948072,,,5.735734942149856,0.43611169482935513,,0
NQ,GLOBEX,B0,30min,S-A,M6_GK,80900,0.9999716927251812,,,0.8112687319039347,,,5.735851273646244,0.4348755856067442,inf,0
NQ,GLOBEX,B0,30min,S-B_q0.80,M1_EWMA,16180,0.9999716927251812,0.41461184069285,0.4146177090830977,0.3663673372396531,-1.3698173452099702,-1.369856122103681,0.48369330655601234,0.45447802707213053,1.6477689981668076,0
NQ,GLOBEX,B0,30min,S-B_q0.80,M2_HAR,16180,0.9999716927251812,0.5808925973897753,0.580900819307528,0.5363957643568031,-0.2545572001407239,-0.2545644061653283,1.7359577449411017,0.44409419618023366,0.7360641348338526,0
NQ,GLOBEX,B0,30min,S-B_q0.80,M3_HARJ,16180,0.9999716927251812,0.5789417065490333,0.5789499008539982,0.5350165171466009,-0.25594366706496796,-0.25595091233778366,1.7167447725735636,0.44477408986958406,0.7389473092518919,0
NQ,GLOBEX,B0,30min,S-B_q0.80,M4_HARQ,16180,0.9999716927251812,0.0014514114294148766,0.0014514319726021225,0.5413442030776271,-204.31370016588357,-204.319483893665,1.5539704929814182,0.44514494097286605,2.9477535028155804e+292,0
NQ,GLOBEX,B0,30min,S-B_q0.80,M5_RGARCH,16180,0.9999716927251812,-0.0344712054397424,-0.034471693343043695,-0.0008251628211787528,-114435.08205648954,-114438.32149350586,1.3162833264091611,0.44514494097286605,1.2362687441434779e+166,0
NQ,GLOBEX,B0,30min,S-B_q0.80,M6_PARK,16180,0.9999716927251812,,,0.46381738929429794,-inf,-inf,1.4868744677940369,0.46480004944681375,,0
NQ,GLOBEX,B0,30min,S-B_q0.80,M6_GK,16180,0.9999716927251812,-0.014924253323316898,-0.01492446456027171,0.4612412393669755,-663.4940291545358,-663.5128113940337,1.2528251423522458,0.4597317510352927,8.211347687440062e+292,0
NQ,GLOBEX,B0,30min,S-C_q0.80,M1_EWMA,16180,0.9999716927251812,,,0.29767584697850336,,,0.7531041401160355,0.4740095185116509,inf,0
NQ,GLOBEX,B0,30min,S-C_q0.80,M2_HAR,16180,0.9999716927251812,,,0.5960212464727904,,,3.247697416214946,0.4628839854131899,inf,0
NQ,GLOBEX,B0,30min,S-C_q0.80,M3_HARJ,16180,0.9999716927251812,,,0.5975253136475049,,,3.150645812029847,0.4642437727918907,inf,0
NQ,GLOBEX,B0,30min,S-C_q0.80,M4_HARQ,16180,0.9999716927251812,,,0.6608583958775331,,,2.763285696497738,0.4647382409296001,inf,0
NQ,GLOBEX,B0,30min,S-C_q0.80,M5_RGARCH,16180,0.9999716927251812,,,0.03472638815376446,,,2.5364737950738427,0.4654181346189505,inf,0
NQ,GLOBEX,B0,30min,S-C_q0.80,M6_PARK,16180,0.9999716927251812,,,0.6076881536309332,,,2.638261237816182,0.49564249953643613,,0
NQ,GLOBEX,B0,30min,S-C_q0.80,M6_GK,16180,0.9999716927251812,,,0.6096260672564485,,,2.684947474143924,0.4884109030224365,inf,0
NQ,GLOBEX,B0,30min,S-B_q0.90,M1_EWMA,8090,0.9999716927251812,0.39345139148013725,0.39345696036670075,0.3423478235889867,-3.0038277421967123,-3.00391277478116,0.3665508147784687,0.45444430708369393,2.3675678963626057,0
NQ,GLOBEX,B0,30min,S-B_q0.90,M2_HAR,8090,0.9999716927251812,0.5079835862746866,0.5079907762428234,0.46965030743925446,-1.2845664298863504,-1.2846027934906588,1.2850434971279237,0.4452960810977871,1.1482316498898275,0
NQ,GLOBEX,B0,30min,S-B_q0.90,M3_HARJ,8090,0.9999716927251812,0.5057336743604119,0.5057408324834352,0.4673048177666147,-1.2850430858129225,-1.2850794629104432,1.255187406928865,0.4475213252565212,1.1525298602745948,0
NQ,GLOBEX,B0,30min,S-B_q0.90,M4_HARQ,8090,0.9999716927251812,-0.0271858240712571,-0.027186208857722893,0.46461490010697115,-534.0559074098948,-534.0710255051865,1.0621591135908324,0.44591420447521324,5.895507005631161e+292,0
NQ,GLOBEX,B0,30min,S-B_q0.90,M5_RGARCH,8090,0.9999716927251812,-0.08282923039095134,-0.08283040275073499,-0.0545351799767785,-148383.20277606568,-148387.40321906825,0.8689759288164703,0.44690320187909505,2.3962991032358856e+166,0
NQ,GLOBEX,B0,30min,S-B_q0.90,M6_PARK,8090,0.9999716927251812,,,0.37248209839955126,-inf,-inf,0.9547047755546836,0.45889479540116207,,0
NQ,GLOBEX,B0,30min,S-B_q0.90,M6_GK,8090,0.9999716927251812,-0.049636858225584814,-0.04963756078259392,0.36776543380559945,-1202.0760638021525,-1202.1100922628966,0.7440231596905916,0.45679317591791324,1.6089238001335713e+293,0
NQ,GLOBEX,B0,30min,S-C_q0.90,M1_EWMA,8090,0.9999716927251812,,,0.28791697210072464,,,0.7644282576468904,0.474100630485845,inf,0
NQ,GLOBEX,B0,30min,S-C_q0.90,M2_HAR,8090,0.9999716927251812,,,0.5777755102669195,,,2.8177332935387596,0.48559772530597106,inf,0
NQ,GLOBEX,B0,30min,S-C_q0.90,M3_HARJ,8090,0.9999716927251812,,,0.5771190154485993,,,2.665345913384551,0.48955371492149835,inf,0
NQ,GLOBEX,B0,30min,S-C_q0.90,M4_HARQ,8090,0.9999716927251812,,,0.6276189691392101,,,2.199221253264801,0.48695759673630856,inf,0
NQ,GLOBEX,B0,30min,S-C_q0.90,M5_RGARCH,8090,0.9999716927251812,,,-0.034732370909003746,,,1.8165636219038503,0.48683397206082335,inf,0
NQ,GLOBEX,B0,30min,S-C_q0.90,M6_PARK,8090,0.9999716927251812,,,0.5441242943654887,,,2.287948996786223,0.5090864136481642,,0
NQ,GLOBEX,B0,30min,S-C_q0.90,M6_GK,8090,0.9999716927251812,,,0.5400162103741941,,,2.241587769448956,0.5090864136481642,inf,0
NQ,GLOBEX,B1,1day,S-A,M1_EWMA,1448,0.9980452031702024,0.6873633038526654,0.688036118228711,0.698260851225453,0.38870371996341024,0.38946504499869067,1.133820919718592,0.5514858327574291,0.2672428039416218,0
NQ,GLOBEX,B1,1day,S-A,M2_HAR,1448,0.9980452031702024,0.8237572882247053,0.824563609631134,0.8352941545218889,0.6638759404498686,0.665176224825414,2.8469590282349824,0.4091223220456116,0.15452819088572128,0
NQ,GLOBEX,B1,1day,S-A,M3_HARJ,1448,0.9980452031702024,-0.017392186051286073,-0.01740921010936508,0.8077645629279823,-1012.6204343038341,-1014.6037785536515,1.568856276949722,0.42087076710435384,7.796054696932741e+293,0
NQ,GLOBEX,B1,1day,S-A,M4_HARQ,1448,0.9980452031702024,-0.0361534265744922,-0.036188814767324565,0.8220646814295451,-676.553630577384,-677.8787458006623,1.9087484042475125,0.41119557705597787,9.278489976535014e+293,0
NQ,GLOBEX,B1,1day,S-A,M5_RGARCH,1448,0.9980452031702024,0.8028953458254079,0.8036812468592623,0.8199168550978627,0.42517659736881874,0.42600935911347787,2.7040996840055436,0.40221147201105734,0.41320151318460485,0
NQ,GLOBEX,B1,1day,S-A,M6_PARK,1448,0.9980452031702024,0.7301732323309219,0.7308879505082851,0.738512136692511,0.24840879986126774,0.24889533968222996,2.283476501919971,0.5404284727021423,0.6145455558415108,0
NQ,GLOBEX,B1,1day,S-A,M6_GK,1448,0.9980452031702024,0.7413226443682902,0.7420482759660545,0.7515995772399762,0.30761920127681175,0.3082217121025045,2.5426562877397973,0.5044920525224602,0.5564440478956947,0
NQ,GLOBEX,B1,1day,S-B_q0.80,M1_EWMA,290,0.9980452031702024,0.3400088802925962,0.34034169244791757,0.22995631995296184,-0.891468835303797,-0.8932148889370191,1.7050238727528455,0.5155709342560554,0.4383262672521705,0
NQ,GLOBEX,B1,1day,S-B_q0.80,M2_HAR,290,0.9980452031702024,0.6031180226927902,0.6037083749473338,0.44956990345122805,-0.36726460976322195,-0.3679839436096064,2.6380744034937678,0.42560553633217996,0.2846260634858217,0
NQ,GLOBEX,B1,1day,S-B_q0.80,M3_HARJ,290,0.9980452031702024,0.016775657386601753,0.0167920779656377,0.45093165455635204,-10864.287266644695,-10885.566337211227,1.5444998031720938,0.4463667820069204,3.5598833321649903e+294,0
NQ,GLOBEX,B1,1day,S-B_q0.80,M4_HARQ,290,0.9980452031702024,-0.03250618026083673,-0.03253799840601154,0.4187730001430612,-10874.342456247039,-10895.641221164784,1.501970550764327,0.4429065743944637,4.6328460296630003e+294,0
NQ,GLOBEX,B1,1day,S-B_q0.80,M5_RGARCH,290,0.9980452031702024,0.5471562837134049,0.5476918587311032,0.4346303679038374,-2.135086194275835,-2.1392680286363004,2.8500779908594804,0.44982698961937717,0.7957558024670576,0
NQ,GLOBEX,B1,1day,S-B_q0.80,M6_PARK,290,0.9980452031702024,0.4698843470711089,0.470344285712023,0.38505579015864305,-1.4968081121164656,-1.4997397987205257,3.267000265208955,0.5501730103806228,0.7214009447958164,0
NQ,GLOBEX,B1,1day,S-B_q0.80,M6_GK,290,0.9980452031702024,0.48439554155240755,0.48486968423972027,0.4095426941400344,-1.4712243378613383,-1.4741059154316098,3.9376283391637794,0.5259515570934256,0.6928376211919643,0
NQ,GLOBEX,B1,1day,S-C_q0.80,M1_EWMA,290,0.9980452031702024,0.34166545645164603,0.34199989011956283,0.25296417891721207,-0.04438973248693179,-0.04447667535090768,2.0225167301315583,0.5501730103806228,0.3510805671845462,0
NQ,GLOBEX,B1,1day,S-C_q0.80,M2_HAR,290,0.9980452031702024,0.6435456328136446,0.6441755569759785,0.5252826410252941,0.3877886563131525,0.38854818908139244,3.9507605600852087,0.4117647058823529,0.15867032383801197,0
NQ,GLOBEX,B1,1day,S-C_q0.80,M3_HARJ,290,0.9980452031702024,-0.013770697590476215,-0.013784176813552452,0.5075102997465217,-6283.347458821136,-6295.654183660858,1.5827448807890667,0.44982698961937717,3.5598833321649903e+294,0
NQ,GLOBEX,B1,1day,S-C_q0.80,M4_HARQ,290,0.9980452031702024,-0.05177997954561528,-0.05183066353534003,0.4677807642693024,-6289.225456073035,-6301.543693708328,1.4080797869047388,0.4290657439446367,4.6328460296630003e+294,0
NQ,GLOBEX,B1,1day,S-C_q0.80,M5_RGARCH,290,0.9980452031702024,0.5927557388742861,0.593335948176067,0.4823273555673916,0.07144136686569824,0.07158129375179706,4.113575685726006,0.43252595155709345,0.3493902848098269,0
NQ,GLOBEX,B1,1day,S-C_q0.80,M6_PARK,290,0.9980452031702024,0.5676171384721879,0.5681727412643552,0.5116642085620765,0.0639310418242589,0.0640562587958818,3.1954070429927395,0.6055363321799307,0.39388328086655666,0
NQ,GLOBEX,B1,1day,S-C_q0.80,M6_GK,290,0.9980452031702024,0.551902568973979,0.5524427898157099,0.49127297015709315,0.11906136907253018,0.11929456571139489,3.0482270179573163,0.5916955017301038,0.33863173903516314,0
NQ,GLOBEX,B1,1day,S-B_q0.90,M1_EWMA,145,0.9980452031702024,0.31944362475831073,0.31975630694816415,0.15921114785073218,-1.8950251907060514,-1.898736835452614,,0.5138888888888888,0.6592635764345152,0
NQ,GLOBEX,B1,1day,S-B_q0.90,M2_HAR,145,0.9980452031702024,0.6219687365910662,0.6225775405599192,0.422421665879389,-0.9338313845598678,-0.9356604105642058,,0.4791666666666667,0.3997386266960517,0
NQ,GLOBEX,B1,1day,S-B_q0.90,M3_HARJ,145,0.9980452031702024,0.02686905354384506,0.026895353879335348,0.39379625255865214,-11873.612444813994,-11896.868405457502,,0.4444444444444444,4.6989031473238924e+294,0
NQ,GLOBEX,B1,1day,S-B_q0.90,M4_HARQ,145,0.9980452031702024,0.035243973248051154,0.03527847123730567,0.39738072486706855,-23745.227034714146,-23791.73504295149,,0.4861111111111111,9.265692059326001e+294,0
NQ,GLOBEX,B1,1day,S-B_q0.90,M5_RGARCH,145,0.9980452031702024,0.5648451329882198,0.5653980224479622,0.41819398519918116,-3.471942323256565,-3.478742558180979,,0.4930555555555556,1.099251395215942,0
NQ,GLOBEX,B1,1day,S-B_q0.90,M6_PARK,145,0.9980452031702024,0.5154706158196047,0.5159751758372965,0.49178475830577856,-1.932434411771947,-1.9362193271745005,,0.6388888888888888,0.9064128376104743,0
NQ,GLOBEX,B1,1day,S-B_q0.90,M6_GK,145,0.9980452031702024,0.5169816540041049,0.5174876930769158,0.4764289088332546,-2.067674692567385,-2.071724493038591,,0.6319444444444444,0.884228141026018,0
NQ,GLOBEX,B1,1day,S-C_q0.90,M1_EWMA,145,0.9980452031702024,0.4071860500324608,0.4075846174663804,0.32213430955754996,-0.006259182333499869,-0.006271441727907843,,0.5833333333333334,0.3912667575989123,0
NQ,GLOBEX,B1,1day,S-C_q0.90,M2_HAR,145,0.9980452031702024,0.6582740740868936,0.6589184149441104,0.5027594079672492,0.3820938299086939,0.38284220864446483,,0.4305555555555556,0.16490682790416958,0
NQ,GLOBEX,B1,1day,S-C_q0.90,M3_HARJ,145,0.9980452031702024,0.02449043730080249,0.0245144093665198,0.4872269005148207,-11811.683587308225,-11834.818252509462,,0.4305555555555556,7.119766664329981e+294,0
NQ,GLOBEX,B1,1day,S-C_q0.90,M4_HARQ,145,0.9980452031702024,-0.02754719897161949,-0.027574163098717942,0.46144943852313175,-11822.65111460095,-11845.807261081305,,0.4444444444444444,9.265692059326001e+294,0
NQ,GLOBEX,B1,1day,S-C_q0.90,M5_RGARCH,145,0.9980452031702024,0.5866726493558287,0.5872469043244996,0.43567548417572033,0.0887781003089082,0.08895198336399235,,0.4375,0.36815674425128364,0
NQ,GLOBEX,B1,1day,S-C_q0.90,M6_PARK,145,0.9980452031702024,0.6073433331013537,0.6079378212321801,0.5850062982207526,0.1884916360972565,0.18886082063069837,,0.6736111111111112,0.428889092732997,0
NQ,GLOBEX,B1,1day,S-C_q0.90,M6_GK,145,0.9980452031702024,0.5531118866967936,0.5536532912594833,0.515009447331129,0.12491063251354051,0.12515528566919906,,0.6388888888888888,0.39772305210145537,0
NQ,GLOBEX,B1,1h,S-A,M1_EWMA,39503,0.9999812831741196,,,0.6294273083353811,,,0.6483980464600185,0.4601032859095742,inf,0
NQ,GLOBEX,B1,1h,S-A,M2_HAR,39503,0.9999812831741196,,,0.7981018447191847,,,7.59675897023654,0.4785580476937877,inf,0
NQ,GLOBEX,B1,1h,S-A,M3_HARJ,39503,0.9999812831741196,,,0.8005394737657476,,,7.493600148429023,0.4778492228241608,inf,0
NQ,GLOBEX,B1,1h,S-A,M4_HARQ,39503,0.9999812831741196,,,0.8151845802759201,,,6.205196988930828,0.4790137208242621,inf,0
NQ,GLOBEX,B1,1h,S-A,M5_RGARCH,39503,0.9999812831741196,,,0.23863607612261753,,,5.017935218611036,0.2588223381094628,,0
NQ,GLOBEX,B1,1h,S-A,M6_PARK,39503,0.9999812831741196,,,0.7904296258692013,,,6.549330293129509,0.48939294212951245,,0
NQ,GLOBEX,B1,1h,S-A,M6_GK,39503,0.9999812831741196,,,0.7938002637409581,,,6.808953946410383,0.4836717128246671,inf,0
NQ,GLOBEX,B1,1h,S-B_q0.80,M1_EWMA,7901,0.9999812831741196,0.4573732173063546,0.4573774976538759,0.39873370547872855,-1.343234094364425,-1.3432592359136557,0.6663124515333045,0.47544303797468357,1.2737541035528654,0
NQ,GLOBEX,B1,1h,S-B_q0.80,M2_HAR,7901,0.9999812831741196,0.606682179520952,0.6066878571830124,0.5579926240528419,-0.2693084143283573,-0.26931345502140214,2.169698216742552,0.4918987341772152,0.6477968877566657,0
NQ,GLOBEX,B1,1h,S-B_q0.80,M3_HARJ,7901,0.9999812831741196,0.6021224677113107,0.6021281027011061,0.5545713682571912,-0.2784056043246277,-0.27841081529138073,2.1097598831724804,0.4920253164556962,0.6599364987405809,0
NQ,GLOBEX,B1,1h,S-B_q0.80,M4_HARQ,7901,0.9999812831741196,-0.014681101415099302,-0.014681238808837446,0.5577486837022779,-346.7859526969536,-346.79244355073615,1.8162462395948777,0.49088607594936706,6.620158062097761e+292,0
NQ,GLOBEX,B1,1h,S-B_q0.80,M5_RGARCH,7901,0.9999812831741196,,,-0.05893476518677655,-inf,-inf,1.539986075664079,0.340126582278481,,0
NQ,GLOBEX,B1,1h,S-B_q0.80,M6_PARK,7901,0.9999812831741196,,,0.4772796892160527,-inf,-inf,1.8963904543616739,0.499873417721519,,0
NQ,GLOBEX,B1,1h,S-B_q0.80,M6_GK,7901,0.9999812831741196,-0.018918525688607777,-0.018918702738468754,0.48640634673815253,-923.4393324168547,-923.4566165935555,1.611424645327808,0.5011392405063291,1.2420579754981166e+293,0
NQ,GLOBEX,B1,1h,S-C_q0.80,M1_EWMA,7901,0.9999812831741196,,,0.2374478265008781,,,0.4367173198841224,0.46987341772151897,inf,0
NQ,GLOBEX,B1,1h,S-C_q0.80,M2_HAR,7901,0.9999812831741196,,,0.589668535590069,,,3.2865724663737996,0.5092405063291139,inf,0
NQ,GLOBEX,B1,1h,S-C_q0.80,M3_HARJ,7901,0.9999812831741196,,,0.5906921010780853,,,3.152115387755247,0.5073417721518987,inf,0
NQ,GLOBEX,B1,1h,S-C_q0.80,M4_HARQ,7901,0.9999812831741196,,,0.6224071273386564,,,2.5601002604037117,0.509746835443038,inf,0
NQ,GLOBEX,B1,1h,S-C_q0.80,M5_RGARCH,7901,0.9999812831741196,,,-0.05067370867267436,,,2.0051964206028,0.3670886075949367,,0
NQ,GLOBEX,B1,1h,S-C_q0.80,M6_PARK,7901,0.9999812831741196,,,0.5529800755387297,,,2.547291299154433,0.5232911392405063,,0
NQ,GLOBEX,B1,1h,S-C_q0.80,M6_GK,7901,0.9999812831741196,,,0.560072188647209,,,2.5479608671369918,0.519746835443038,inf,0
NQ,GLOBEX,B1,1h,S-B_q0.90,M1_EWMA,3951,0.9999812831741196,0.45360987616479487,0.45361412129292134,0.40512106058142183,-2.643093242403629,-2.6431427136455774,0.7453080849392103,0.4759493670886076,1.6787133373160363,0
NQ,GLOBEX,B1,1h,S-B_q0.90,M2_HAR,3951,0.9999812831741196,0.5425876010083618,0.5425926788384691,0.5048115188748844,-1.1344770316866084,-1.1344982658931126,1.729037026004099,0.4936708860759494,0.9411809696136202,0
NQ,GLOBEX,B1,1h,S-B_q0.90,M3_HARJ,3951,0.9999812831741196,0.5375262306829591,0.5375312611460079,0.5007635855246864,-1.1481148152330234,-1.1481363047003255,1.649764697920985,0.49493670886075947,0.9579854762281664,0
NQ,GLOBEX,B1,1h,S-B_q0.90,M4_HARQ,3951,0.9999812831741196,-0.03981983729916418,-0.03982020995487605,0.49623123717343265,-900.900739252406,-900.9176015702872,1.3295061602190672,0.4936708860759494,1.3238640559006432e+293,0
NQ,GLOBEX,B1,1h,S-B_q0.90,M5_RGARCH,3951,0.9999812831741196,,,-0.1545724118889556,-inf,-inf,0.878204356075984,0.3288607594936709,,0
NQ,GLOBEX,B1,1h,S-B_q0.90,M6_PARK,3951,0.9999812831741196,,,0.41209612011079744,-inf,-inf,1.374204242474905,0.5103797468354431,,0
NQ,GLOBEX,B1,1h,S-B_q0.90,M6_GK,3951,0.9999812831741196,-0.059492651560817816,-0.05949320832543369,0.4159819744958124,-1502.964237558113,-1502.9923688045794,0.998133100450204,0.5050632911392405,2.378110872833584e+293,0
NQ,GLOBEX,B1,1h,S-C_q0.90,M1_EWMA,3951,0.9999812831741196,,,0.24253938862118135,,,0.46959665768911096,0.4620253164556962,inf,0
NQ,GLOBEX,B1,1h,S-C_q0.90,M2_HAR,3951,0.9999812831741196,,,0.5614885190745628,,,2.711391685327904,0.5129113924050633,inf,0
NQ,GLOBEX,B1,1h,S-C_q0.90,M3_HARJ,3951,0.9999812831741196,,,0.5606809488761341,,,2.6980529247494665,0.5124050632911392,inf,0
NQ,GLOBEX,B1,1h,S-C_q0.90,M4_HARQ,3951,0.9999812831741196,,,0.5816928648417906,,,1.887005814640717,0.5116455696202532,inf,0
NQ,GLOBEX,B1,1h,S-C_q0.90,M5_RGARCH,3951,0.9999812831741196,,,-0.12009519649052516,,,1.3469556001704905,0.3450632911392405,,0
NQ,GLOBEX,B1,1h,S-C_q0.90,M6_PARK,3951,0.9999812831741196,,,0.48559756742661314,,,2.3495400735278444,0.5260759493670886,,0
NQ,GLOBEX,B1,1h,S-C_q0.90,M6_GK,3951,0.9999812831741196,,,0.4919811283802205,,,2.195286782697204,0.5174683544303798,inf,0
NQ,GLOBEX,B1,30min,S-A,M1_EWMA,83735,0.9999714810444768,,,0.6476143777917167,,,0.9403708416158882,0.4609835908949769,inf,0
NQ,GLOBEX,B1,30min,S-A,M2_HAR,83735,0.9999714810444768,,,0.7962744209962838,,,6.430479797529519,0.40067356151622996,inf,0
NQ,GLOBEX,B1,30min,S-A,M3_HARJ,83735,0.9999714810444768,,,0.8026500661826649,,,6.44440234496192,0.400876585377505,inf,0
NQ,GLOBEX,B1,30min,S-A,M4_HARQ,83735,0.9999714810444768,,,0.8232331674898352,,,5.837589712629653,0.4010079537583299,inf,0
NQ,GLOBEX,B1,30min,S-A,M5_RGARCH,83735,0.9999714810444768,,,0.2624533312258123,,,6.6797670735621235,0.40090047053765493,inf,0
NQ,GLOBEX,B1,30min,S-A,M6_PARK,83735,0.9999714810444768,,,0.8056992705977757,,,5.601082303061598,0.4341963837867533,,0
NQ,GLOBEX,B1,30min,S-A,M6_GK,83735,0.9999714810444768,,,0.8083947010451062,,,5.633218874327257,0.43337234576157835,inf,0
NQ,GLOBEX,B1,30min,S-B_q0.80,M1_EWMA,16747,0.9999714810444768,0.4141192756140274,0.41412518086493766,0.3679545355071744,-1.3624345854302469,-1.3624734417497337,0.4869979878033169,0.4534814284008121,1.6389899807569899,0
NQ,GLOBEX,B1,30min,S-B_q0.80,M2_HAR,16747,0.9999714810444768,0.5686183738408175,0.5686264822153063,0.5295159659513601,-0.29781533479561095,-0.29782382842012745,1.6464639139826907,0.42959512719455395,0.7820231184841555,0
NQ,GLOBEX,B1,30min,S-B_q0.80,M3_HARJ,16747,0.9999714810444768,0.5644892054194067,0.5644972549128509,0.5268297131086969,-0.3024550597569067,-0.3024636857053067,1.587413838162545,0.4300728532186791,0.7900051406776324,0
NQ,GLOBEX,B1,30min,S-B_q0.80,M4_HARQ,16747,0.9999714810444768,-0.0026630965876273892,-0.002663134562806219,0.5312185412937024,-246.09335524460909,-246.1003737702229,1.446108636240528,0.4308491580078825,2.887955108353105e+292,0
NQ,GLOBEX,B1,30min,S-B_q0.80,M5_RGARCH,16747,0.9999714810444768,-0.04887642270397264,-0.048877119671142874,-0.012522504088813648,-122325.378641373,-122328.86733289968,1.2935564001239683,0.4297145587005852,4.459732396243389e+175,0
NQ,GLOBEX,B1,30min,S-B_q0.80,M6_PARK,16747,0.9999714810444768,,,0.4542009995608321,-inf,-inf,1.3597456697598096,0.4529439866236713,,0
NQ,GLOBEX,B1,30min,S-B_q0.80,M6_GK,16747,0.9999714810444768,-0.016401587939373036,-0.016401821822454102,0.4575868281049823,-640.0320179521073,-640.0502715173333,1.231144814202733,0.45300370237668697,8.358593143292661e+292,0
NQ,GLOBEX,B1,30min,S-C_q0.80,M1_EWMA,16747,0.9999714810444768,,,0.3082233468412766,,,0.8365981462216452,0.47641227755882004,inf,0
NQ,GLOBEX,B1,30min,S-C_q0.80,M2_HAR,16747,0.9999714810444768,,,0.6057287107766555,,,3.4094750746518656,0.4631553803893467,inf,0
NQ,GLOBEX,B1,30min,S-C_q0.80,M3_HARJ,16747,0.9999714810444768,,,0.6147463674424066,,,3.3860978542962417,0.46219992834109636,inf,0
NQ,GLOBEX,B1,30min,S-C_q0.80,M4_HARQ,16747,0.9999714810444768,,,0.6642715751565409,,,2.8435466916542445,0.4648871372268004,inf,0
NQ,GLOBEX,B1,30min,S-C_q0.80,M5_RGARCH,16747,0.9999714810444768,,,0.03740660203817275,,,2.685758224580169,0.46440941120267526,inf,0
NQ,GLOBEX,B1,30min,S-C_q0.80,M6_PARK,16747,0.9999714810444768,,,0.6101714167384654,,,2.851785681571638,0.4954018870177953,,0
NQ,GLOBEX,B1,30min,S-C_q0.80,M6_GK,16747,0.9999714810444768,,,0.6167770329119263,,,2.921733238831858,0.4927743938851069,inf,0
NQ,GLOBEX,B1,30min,S-B_q0.90,M1_EWMA,8374,0.9999714810444768,0.3886839150869967,0.38868945763519125,0.33758513051924804,-2.925346243617425,-2.925429673816179,0.38486567858265514,0.45109279828018634,2.312823639567509,0
NQ,GLOBEX,B1,30min,S-B_q0.90,M2_HAR,8374,0.9999714810444768,0.4950029745560875,0.49501003319097414,0.4627502842564936,-1.3423663217786954,-1.3424046057559411,1.2689686198545451,0.43580556550818106,1.2068664543072072,0
NQ,GLOBEX,B1,30min,S-B_q0.90,M3_HARJ,8374,0.9999714810444768,0.48966865924870334,0.4896756418174125,0.45767098590227107,-1.3513712014826726,-1.3514097422770064,1.2066022963882128,0.43604442852024367,1.2205925491949092,0
NQ,GLOBEX,B1,30min,S-B_q0.90,M4_HARQ,8374,0.9999714810444768,-0.027154920746646636,-0.027155307969917563,0.45582788206191993,-643.5068758479216,-643.5252285152917,1.0245011052964608,0.43688044906246265,5.775565345066807e+292,0
NQ,GLOBEX,B1,30min,S-B_q0.90,M5_RGARCH,8374,0.9999714810444768,-0.07879707784428303,-0.07879820147349584,-0.07583688885560573,-155318.91291017656,-155323.34256967503,0.7915526064959197,0.4379553326167443,8.45618909993055e+175,0
NQ,GLOBEX,B1,30min,S-B_q0.90,M6_PARK,8374,0.9999714810444768,,,0.3674843795515659,-inf,-inf,0.9259605332902466,0.4549146064731876,,0
NQ,GLOBEX,B1,30min,S-B_q0.90,M6_GK,8374,0.9999714810444768,-0.05311276464736902,-0.053113522023855095,0.37036834833686977,-1160.4342287866255,-1160.4673241026278,0.7805745407071847,0.4526454078585931,1.6404755766222437e+293,0
NQ,GLOBEX,B1,30min,S-C_q0.90,M1_EWMA,8374,0.9999714810444768,,,0.29484764123583435,,,0.6984487127989817,0.47712886659500775,inf,0
NQ,GLOBEX,B1,30min,S-C_q0.90,M2_HAR,8374,0.9999714810444768,,,0.5850522165915854,,,2.7334737061531493,0.4885942911740117,inf,0
NQ,GLOBEX,B1,30min,S-C_q0.90,M3_HARJ,8374,0.9999714810444768,,,0.5900276455000241,,,2.681549188004877,0.48751940761973006,inf,0
NQ,GLOBEX,B1,30min,S-C_q0.90,M4_HARQ,8374,0.9999714810444768,,,0.6313705998512158,,,2.147193450385603,0.4908634897886062,inf,0
NQ,GLOBEX,B1,30min,S-C_q0.90,M5_RGARCH,8374,0.9999714810444768,,,-0.02867629547753652,,,1.7154470290652502,0.4902663322584498,inf,0
NQ,GLOBEX,B1,30min,S-C_q0.90,M6_PARK,8374,0.9999714810444768,,,0.5488515232683472,,,2.458723055759996,0.5152275170189896,,0
NQ,GLOBEX,B1,30min,S-C_q0.90,M6_GK,8374,0.9999714810444768,,,0.5516826185892759,,,2.457038654007813,0.513316612922489,inf,0
ES,RTH,B0,1day,S-A,M1_EWMA,1401,0.9948485868630536,0.720160508346065,0.7220226280049512,0.7208128579152538,0.43895212147691387,0.4412250540165245,2.29221010449072,0.5021428571428571,0.2996941667049211,0
ES,RTH,B0,1day,S-A,M2_HAR,1401,0.9948485868630536,0.8340663650922522,0.8362230112249608,0.8214945131479786,0.6771852625807652,0.6806917871955358,3.495839314649875,0.3578571428571429,0.17149008654162154,0
ES,RTH,B0,1day,S-A,M3_HARJ,1401,0.9948485868630536,0.8116047474012007,0.8137033145093194,0.802522245675343,0.641535339938865,0.644857266131068,3.1168344195025917,0.38357142857142856,0.22008679219445904,0
ES,RTH,B0,1day,S-A,M4_HARQ,1401,0.9948485868630536,-0.056650180992065056,-0.05679666141480728,0.802733994484493,-634.6871610347619,-637.9736267566615,1.8066100409122776,0.35642857142857143,7.413290825646668e+293,0
ES,RTH,B0,1day,S-A,M5_RGARCH,1401,0.9948485868630536,0.8314326479366524,0.8335824840645988,0.820013876955047,0.6664997267827818,0.6699509207570792,3.6708393514047817,0.345,0.2379140148403659,0
ES,RTH,B0,1day,S-A,M6_PARK,1401,0.9948485868630536,0.7684679371580804,0.7704549653780701,0.7492784894055876,0.29426389005664944,0.29578761425848665,3.252608886411813,0.4742857142857143,0.6090178398335953,0
ES,RTH,B0,1day,S-A,M6_GK,1401,0.9948485868630536,0.7634928649262365,0.7654670290975871,0.7485752774627341,0.2930856342101239,0.29460325729996617,3.075649637618747,0.44,0.6500534326463662,0
ES,RTH,B0,1day,S-B_q0.80,M1_EWMA,280,0.9948485868630536,0.41849884655434755,0.4195809593894151,0.3985344200818888,-0.6420671135525,-0.6453917933150607,7.32909069901638,0.5053763440860215,0.5462919044330043,0
ES,RTH,B0,1day,S-B_q0.80,M2_HAR,280,0.9948485868630536,0.7068699981118172,0.7086977524867187,0.5664955639011431,-0.157649742915972,-0.15846606709576938,3.7418504869398728,0.45878136200716846,0.31460373248184986,0
ES,RTH,B0,1day,S-B_q0.80,M3_HARJ,280,0.9948485868630536,0.6975796773416232,0.6993834097259504,0.5699733779403163,-0.23342524675107756,-0.2346339431280811,3.9119144917268422,0.45161290322580644,0.3453058156549943,0
ES,RTH,B0,1day,S-B_q0.80,M4_HARQ,280,0.9948485868630536,-0.10200850135752822,-0.10227226482907377,0.5174025339339108,-8704.66841707852,-8749.741952718645,0.39849075821768015,0.4731182795698925,3.7092930166896364e+294,0
ES,RTH,B0,1day,S-B_q0.80,M5_RGARCH,280,0.9948485868630536,0.6629807354378798,0.6646950053077412,0.5504468898109123,-0.751040338853753,-0.7549292915235732,4.151773004578214,0.45161290322580644,0.5433403248991776,0
ES,RTH,B0,1day,S-B_q0.80,M6_PARK,280,0.9948485868630536,0.596728905681627,0.5982718681371042,0.5461682273644161,-1.1982831923752553,-1.2044880077215263,2.7636984951181898,0.5519713261648745,0.7791119678574363,0
ES,RTH,B0,1day,S-B_q0.80,M6_GK,280,0.9948485868630536,0.5952910547643744,0.5968302993674721,0.5491278132191919,-1.4768997728536228,-1.4845472892619451,3.1261906535224346,0.4982078853046595,0.9651822582708677,0
ES,RTH,B0,1day,S-C_q0.80,M1_EWMA,280,0.9948485868630536,0.4560430381205934,0.4572222290047656,0.39125790598641014,0.18225585814902656,0.1831995949491308,2.683341044706981,0.5304659498207885,0.3716459173333201,0
ES,RTH,B0,1day,S-C_q0.80,M2_HAR,280,0.9948485868630536,0.6925463079845019,0.694337025581262,0.5363410247579689,0.4511570691050575,0.4534931999327067,2.070030497052139,0.40860215053763443,0.18050638954427808,0
ES,RTH,B0,1day,S-C_q0.80,M3_HARJ,280,0.9948485868630536,0.6871069071353003,0.6888835600685076,0.5369663971661446,0.43450516817546947,0.4367550740013078,2.3808689904967406,0.4157706093189964,0.19158338338640613,0
ES,RTH,B0,1day,S-C_q0.80,M4_HARQ,280,0.9948485868630536,-0.10395893057339861,-0.10422773727148053,0.4666629038630598,-4987.206112527518,-5013.030302684678,0.7923725789630369,0.44086021505376344,3.7092930166896364e+294,0
ES,RTH,B0,1day,S-C_q0.80,M5_RGARCH,280,0.9948485868630536,0.6811950772399724,0.6829564439494276,0.539696934909884,0.43795738429739006,0.4402251660007407,2.0289685500933876,0.3978494623655914,0.24592890683435695,0
ES,RTH,B0,1day,S-C_q0.80,M6_PARK,280,0.9948485868630536,0.6184686337251494,0.6200678086145209,0.5471129205975146,0.23107536102112414,0.23227188948395516,2.5293437668665586,0.5663082437275986,0.3265109592896681,0
ES,RTH,B0,1day,S-C_q0.80,M6_GK,280,0.9948485868630536,0.5980013148933062,0.5995475674183995,0.5293258113715007,0.20057808517654696,0.20161669607332683,2.246332544951647,0.5089605734767025,0.35439999401701744,0
ES,RTH,B0,1day,S-B_q0.90,M1_EWMA,140,0.9948485868630536,0.3788813598088232,0.3798610336736202,0.35509829218691924,-1.2032167635019335,-1.2094471253117063,,0.49640287769784175,0.7654141389782134,0
ES,RTH,B0,1day,S-B_q0.90,M2_HAR,140,0.9948485868630536,0.7088252808370751,0.7106580909882365,0.561807089282981,-0.4262661431873662,-0.4284733866200326,,0.4172661870503597,0.3926494545330658,0
ES,RTH,B0,1day,S-B_q0.90,M3_HARJ,140,0.9948485868630536,0.6899794787112244,0.6917635592552783,0.5271916205637315,-0.4780084310818433,-0.4804836006141343,,0.39568345323741005,0.4160170748251248,0
ES,RTH,B0,1day,S-B_q0.90,M4_HARQ,140,0.9948485868630536,-0.06782499446129803,-0.06800036960904153,0.503276227587963,-17568.03510034383,-17659.003925149234,,0.4244604316546763,7.418586033379273e+294,0
ES,RTH,B0,1day,S-B_q0.90,M5_RGARCH,140,0.9948485868630536,0.6684338080601651,0.6701621779446948,0.542629726006429,-1.1258848845757874,-1.1317148151417857,,0.4172661870503597,0.6649398386897261,0
ES,RTH,B0,1day,S-B_q0.90,M6_PARK,140,0.9948485868630536,0.5903996109173947,0.5919262077098416,0.5590081126588091,-1.0383015322076021,-1.043677948502258,,0.539568345323741,0.725545625859001,0
ES,RTH,B0,1day,S-B_q0.90,M6_GK,140,0.9948485868630536,0.5896125960155344,0.5911371578228584,0.5186591152609829,-1.1349377500837265,-1.1408145571804054,,0.5035971223021583,0.7254254705344182,0
ES,RTH,B0,1day,S-C_q0.90,M1_EWMA,140,0.9948485868630536,0.428877835770031,0.42998678556662856,0.38326299446764783,0.12599672224622172,0.12664914431201366,,0.5251798561151079,0.5220639355818112,0
ES,RTH,B0,1day,S-C_q0.90,M2_HAR,140,0.9948485868630536,0.7400045858123916,0.7419180163198098,0.6651942883383265,0.4991660517841777,0.5017507773299885,,0.4748201438848921,0.17353866507211185,0
ES,RTH,B0,1day,S-C_q0.90,M3_HARJ,140,0.9948485868630536,0.7448386875815625,0.7467646176301707,0.6516629857208459,0.4968991555792872,0.4994721429379566,,0.4748201438848921,0.18196532392850037,0
ES,RTH,B0,1day,S-C_q0.90,M4_HARQ,140,0.9948485868630536,-0.09640147241123727,-0.09665073778311223,0.543826445766267,-8946.872402960247,-8993.200092057661,,0.5035971223021583,7.418586033379273e+294,0
ES,RTH,B0,1day,S-C_q0.90,M5_RGARCH,140,0.9948485868630536,0.7190542452712749,0.7209135044647571,0.6160022741685072,0.4823554498354139,0.48485312861163343,,0.460431654676259,0.2537994114751221,0
ES,RTH,B0,1day,S-C_q0.90,M6_PARK,140,0.9948485868630536,0.6767852575465984,0.6785352217813996,0.6486147252410838,0.3797030107622833,0.3816691462160679,,0.60431654676259,0.263522163234513,0
ES,RTH,B0,1day,S-C_q0.90,M6_GK,140,0.9948485868630536,0.6435466057436061,0.6452106247672497,0.6197415320023617,0.3257393865187721,0.3274260935987156,,0.5611510791366906,0.3029460236779957,0
ES,RTH,B0,1h,S-A,M1_EWMA,10906,0.9763658320587016,0.7702623008130772,0.7795291430748548,0.7549182730463742,0.5663918607331381,0.5801020909743235,1.2888247178989458,0.48088033012379644,0.3459176203415619,0
ES,RTH,B0,1h,S-A,M2_HAR,10906,0.9763658320587016,0.8323371986347681,0.8423508492057701,0.8175198849131654,0.6454103823359225,0.6610333556788361,3.3696795427028916,0.46868408986703347,0.25170554249508403,0
ES,RTH,B0,1h,S-A,M3_HARJ,10906,0.9763658320587016,0.8304860599712856,0.8404774399339753,0.8155017977899076,0.6444257782645317,0.6600249180225176,3.3841067939920935,0.46758367721228794,0.25370436960475695,0
ES,RTH,B0,1h,S-A,M4_HARQ,10906,0.9763658320587016,0.051702189501550144,0.052324206227792165,0.8235155137667493,-60.57331045418698,-62.039563927043645,3.007757865558238,0.46987620357634113,2.9271147397483096e+292,0
ES,RTH,B0,1h,S-A,M5_RGARCH,10906,0.9763658320587016,0.8048785931135334,0.81456189574225,0.7959482054770519,0.42345127240212044,0.43370144519422454,3.3442161273306144,0.4598807886290692,0.7902922672281465,0
ES,RTH,B0,1h,S-A,M6_PARK,10906,0.9763658320587016,0.7687345757975689,0.7779830383635945,0.7540587861876107,0.2192312184868267,0.22453798698032065,3.084871340018329,0.48592388812471343,1.1808712479658021,0
ES,RTH,B0,1h,S-A,M6_GK,10906,0.9763658320587016,0.7739185491962518,0.7832293789113955,0.7609533766440237,0.22515144515085483,0.23060152020694447,3.1514743884189036,0.48803301237964236,1.2199982570672916,0
ES,RTH,B0,1h,S-B_q0.80,M1_EWMA,2181,0.9763658320587016,0.543367681986931,0.5499048091367413,0.46451598664831595,-0.5169814551714755,-0.5294956441494906,1.0743264800966246,0.47155963302752296,0.6372234477302269,0
ES,RTH,B0,1h,S-B_q0.80,M2_HAR,2181,0.9763658320587016,0.6197693836316621,0.6272256814547948,0.5118827383030349,-0.21048321479111642,-0.2155782268079836,1.5055633242126583,0.44357798165137613,0.46995937999736803,0
ES,RTH,B0,1h,S-B_q0.80,M3_HARJ,2181,0.9763658320587016,0.6184377866832738,0.6258780643807117,0.5102537122785586,-0.2221128499754612,-0.2274893719981254,1.4896210341840905,0.43394495412844036,0.47565664004760094,0
ES,RTH,B0,1h,S-B_q0.80,M4_HARQ,2181,0.9763658320587016,-0.04240258063034152,-0.04291271597745496,0.5018943582539255,-951.9168059527299,-974.9591543423635,1.1836765516730199,0.44357798165137613,1.4636915796283844e+293,0
ES,RTH,B0,1h,S-B_q0.80,M5_RGARCH,2181,0.9763658320587016,0.5266604897131514,0.5329966166124304,0.4664010988118055,-2.4366956618255458,-2.4956789574330838,1.2675193974093875,0.44220183486238535,1.794193365293578,0
ES,RTH,B0,1h,S-B_q0.80,M6_PARK,2181,0.9763658320587016,0.4883192303608525,0.4941940827018926,0.43192954420284985,-2.245261295749408,-2.2996106807785313,1.3291029119850881,0.4720183486238532,1.9478350139806409,0
ES,RTH,B0,1h,S-B_q0.80,M6_GK,2181,0.9763658320587016,0.4963899139122052,0.5023618627245853,0.4394285324516602,-2.290984631001391,-2.3464408071007252,1.39969735805939,0.4665137614678899,2.0014302821577528,0
ES,RTH,B0,1h,S-C_q0.80,M1_EWMA,2181,0.9763658320587016,0.5262557206684304,0.5325869778877499,0.4207872018766765,0.22563353086524784,0.23109527541484284,0.7747138878817996,0.501834862385321,0.3334903362305244,0
ES,RTH,B0,1h,S-C_q0.80,M2_HAR,2181,0.9763658320587016,0.6941393559320396,0.702490381176718,0.6052300623337609,0.45007519723944966,0.46096983575352113,3.431640805241725,0.5266055045871559,0.21077621746782266,0
ES,RTH,B0,1h,S-C_q0.80,M3_HARJ,2181,0.9763658320587016,0.6927000287704183,0.7010337378128682,0.603135538502373,0.44819837733174417,0.45904758504986,3.3820244819477217,0.5252293577981652,0.21170131504265607,0
ES,RTH,B0,1h,S-C_q0.80,M4_HARQ,2181,0.9763658320587016,-0.03967158803620591,-0.04014886746195176,0.6248668888155925,-569.9902836192506,-583.7876182305623,2.5837553016605277,0.523394495412844,1.4636915796283844e+293,0
ES,RTH,B0,1h,S-C_q0.80,M5_RGARCH,2181,0.9763658320587016,0.6765625368917754,0.6847020996134431,0.6016890833175282,0.04936681406571897,0.05056180014168184,3.9885669575580462,0.5146788990825688,0.632229739961945,0
ES,RTH,B0,1h,S-C_q0.80,M6_PARK,2181,0.9763658320587016,0.6212235884060263,0.6286973814204024,0.5647853993026906,0.054342659612032995,0.05565809231305195,3.360077882728703,0.5444954128440367,0.5635483556057704,0
ES,RTH,B0,1h,S-C_q0.80,M6_GK,2181,0.9763658320587016,0.6275059775536538,0.6350553524953769,0.5729899143144295,0.06593304639313657,0.06752903904278833,3.5652035827708506,0.5440366972477064,0.5972266148385982,0
ES,RTH,B0,1h,S-B_q0.90,M1_EWMA,1091,0.9763658320587016,0.5236841918460924,0.529984511614698,0.4414889107730453,-1.203804751730205,-1.2329443659370387,0.8693436351676732,0.47522935779816516,0.882588341032201,0
ES,RTH,B0,1h,S-B_q0.90,M2_HAR,1091,0.9763658320587016,0.6067136201564081,0.6140128471991007,0.4676867133404777,-0.8499861663260979,-0.870561154863308,1.4029500720256474,0.45321100917431195,0.6704482463859961,0
ES,RTH,B0,1h,S-B_q0.90,M3_HARJ,1091,0.9763658320587016,0.6064662657404929,0.6137625169211284,0.46665913237276935,-0.8626991945903002,-0.8835819180309379,1.3909395999219551,0.44311926605504587,0.6770619159720752,0
ES,RTH,B0,1h,S-B_q0.90,M4_HARQ,1091,0.9763658320587016,-0.050820805385161975,-0.051432218389048656,0.4579447291575619,-2221.4764770865486,-2275.2501205439435,0.9257124440914591,0.45688073394495415,2.9260415537758996e+293,0
ES,RTH,B0,1h,S-B_q0.90,M5_RGARCH,1091,0.9763658320587016,0.5004808185184698,0.5065019840296993,0.4299278509732684,-4.018125045338404,-4.115388836237792,1.1474016487684415,0.44954128440366975,2.3989298117779603,0
ES,RTH,B0,1h,S-B_q0.90,M6_PARK,1091,0.9763658320587016,0.46993185089335476,0.47558548905196263,0.4060420056560071,-3.094035295636097,-3.1689303271830136,1.34028500039069,0.4706422018348624,2.2202927612107772,0
ES,RTH,B0,1h,S-B_q0.90,M6_GK,1091,0.9763658320587016,0.47106526454239017,0.4767325385306263,0.39777186041029494,-3.306501807848745,-3.3865398596311693,1.2440134191145245,0.46972477064220186,2.355272726126556,0
ES,RTH,B0,1h,S-C_q0.90,M1_EWMA,1091,0.9763658320587016,0.5471698040609226,0.5537526736357258,0.4524462537017301,0.2567515507586635,0.26296654627630084,1.080538176181404,0.518348623853211,0.3486170767695138,0
ES,RTH,B0,1h,S-C_q0.90,M2_HAR,1091,0.9763658320587016,0.7086459003705974,0.717171450395904,0.6155216280284603,0.47062957034844943,0.48202175342014014,3.3166637699438826,0.5266055045871559,0.19942967009288484,0
ES,RTH,B0,1h,S-C_q0.90,M3_HARJ,1091,0.9763658320587016,0.7082921614115983,0.7168134556877511,0.615988868219378,0.4702664384497949,0.48164983145530765,3.3689173376624724,0.5247706422018349,0.19986915544982306,0
ES,RTH,B0,1h,S-C_q0.90,M4_HARQ,1091,0.9763658320587016,-0.051852177943867005,-0.05247599914533074,0.6217101386069281,-1174.1220142901163,-1202.5431203531969,1.8833026101325854,0.5275229357798165,2.9260415537758996e+293,0
ES,RTH,B0,1h,S-C_q0.90,M5_RGARCH,1091,0.9763658320587016,0.6819284276199287,0.6901325460947719,0.5913909634122552,0.011707819819077314,0.011991222382691296,3.4359369976330583,0.5119266055045871,0.6401214489775326,0
ES,RTH,B0,1h,S-C_q0.90,M6_PARK,1091,0.9763658320587016,0.6247324185174145,0.6322484254310445,0.5576806233815954,0.12162687018001073,0.1245710021658134,2.7859486655739487,0.544954128440367,0.44944536400999424,0
ES,RTH,B0,1h,S-C_q0.90,M6_GK,1091,0.9763658320587016,0.6224585696722011,0.6299472204520136,0.5630236907955355,0.11061781092562673,0.11329545472969409,2.664209280136189,0.5495412844036697,0.5135229085825628,0
ES,RTH,B0,30min,S-A,M1_EWMA,22312,0.9989809173446118,0.7844464995352398,0.7848465132073418,0.7704395707494259,0.591317740573566,0.5919209569541588,1.2540241012135422,0.47048541078391826,0.3538766955412168,0
ES,RTH,B0,30min,S-A,M2_HAR,22312,0.9989809173446118,0.8533149021029303,0.8537500339158094,0.838381325826304,0.6793195345434021,0.6800125235115595,4.207915589497312,0.4152660122809377,0.23278706714883426,0
ES,RTH,B0,30min,S-A,M3_HARJ,22312,0.9989809173446118,0.8533349557013821,0.8537700977402148,0.8383387278413107,0.6798546748966017,0.6805482097733372,4.190904450261752,0.4161176101474609,0.2327378556494802,0
ES,RTH,B0,30min,S-A,M4_HARQ,22312,0.9989809173446118,0.10529682943006727,0.10535052355889053,0.8468520258854171,-28.141151322768675,-28.169858737212504,3.8210444545280793,0.41607278920711754,9.658071492949698e+291,0
ES,RTH,B0,30min,S-A,M5_RGARCH,22312,0.9989809173446118,0.8302182300883169,0.8306415841896614,0.8301741156455555,0.4043903601860356,0.4048028877878312,4.529948166740557,0.412307830218278,0.8735748844805451,0
ES,RTH,B0,30min,S-A,M6_PARK,22312,0.9989809173446118,0.7937793505705487,0.794184123353713,0.7792523797824806,0.24509266431523025,0.24534268879400653,3.4848600456304415,0.4464613867598942,1.1792656791845963,0
ES,RTH,B0,30min,S-A,M6_GK,22312,0.9989809173446118,0.7948412621378231,0.7952465764227288,0.7824929597451048,0.20147860534491846,0.20168413815197606,3.4900794742141836,0.45143651113800365,1.3574939592004012,0
ES,RTH,B0,30min,S-B_q0.80,M1_EWMA,4463,0.9989809173446118,0.5489813767998588,0.5492613194812008,0.4837242162627786,-0.511514919702492,-0.5120367274503583,0.739716629586849,0.4791573285522187,0.679655976436297,0
ES,RTH,B0,30min,S-B_q0.80,M2_HAR,4463,0.9989809173446118,0.6663745425641411,0.6667143476724872,0.588549767414974,-0.005172625044700396,-0.005177901754569782,1.9068436777800006,0.4511429852084267,0.41473113573539877,0
ES,RTH,B0,30min,S-B_q0.80,M3_HARJ,4463,0.9989809173446118,0.6668789947114998,0.667219057055688,0.5884257614289868,-0.00452340272028251,-0.004528017144017279,1.8970254958710342,0.4509188704616764,0.41530410623742725,0
ES,RTH,B0,30min,S-B_q0.80,M4_HARQ,4463,0.9989809173446118,-0.018541082665088582,-0.01855053733990197,0.5860129892339088,-446.93461874423724,-447.39054669055423,1.6840527423567622,0.4520394441954281,4.828386537098222e+292,0
ES,RTH,B0,30min,S-B_q0.80,M5_RGARCH,4463,0.9989809173446118,0.5965162359013796,0.5968204180860571,0.5610264465120424,-2.0442506836295413,-2.0463360692247834,1.5678421668110467,0.44397131331241596,1.692173648411703,0
ES,RTH,B0,30min,S-B_q0.80,M6_PARK,4463,0.9989809173446118,0.5359482642158331,0.536221560907644,0.4918227435355874,-1.8794986968557916,-1.8814160152845376,1.5119487179648197,0.4744509188704617,1.8727702999503084,0
ES,RTH,B0,30min,S-B_q0.80,M6_GK,4463,0.9989809173446118,0.538499969657603,0.5387745675433953,0.49458563596554045,-2.115495874243201,-2.117653938642186,1.5015482040802537,0.4791573285522187,2.2228472441525584,0
ES,RTH,B0,30min,S-C_q0.80,M1_EWMA,4463,0.9989809173446118,0.5472668250372124,0.5475458934152756,0.46150274754401943,0.23325837085462608,0.23349632290739794,0.9887249350970575,0.5029134917077543,0.37512484770705296,0
ES,RTH,B0,30min,S-C_q0.80,M2_HAR,4463,0.9989809173446118,0.7240847757568296,0.7244540091082885,0.6492765519290027,0.5023530155435878,0.5028654770292218,4.07961745832365,0.4757956073509637,0.19887268943370773,0
ES,RTH,B0,30min,S-C_q0.80,M3_HARJ,4463,0.9989809173446118,0.7253162854412236,0.7256861467777794,0.650497718496554,0.5044291887044974,0.5049437681405557,4.097358662583728,0.4764679515912147,0.1986982255701213,0
ES,RTH,B0,30min,S-C_q0.80,M4_HARQ,4463,0.9989809173446118,-0.01763295691651096,-0.017641948509755836,0.674424379325765,-280.00799489991033,-280.2936372840822,3.20724299737157,0.47848498431196773,4.828386537098222e+292,0
ES,RTH,B0,30min,S-C_q0.80,M5_RGARCH,4463,0.9989809173446118,0.7385820674571718,0.7389586934286398,0.6792676056275363,0.02532444145400692,0.025350275480057957,4.041561201171099,0.45629762438368443,0.6558243590288166,0
ES,RTH,B0,30min,S-C_q0.80,M6_PARK,4463,0.9989809173446118,0.6391754467790911,0.6395013822224068,0.5792193968017179,0.04374274368034814,0.04378736662620203,3.0003174358957603,0.5011205737337516,0.6084271690346009,0
ES,RTH,B0,30min,S-C_q0.80,M6_GK,4463,0.9989809173446118,0.6437733230520953,0.6441016030955501,0.5816044323027987,0.0048782978011919775,0.004883274261293165,3.209626317282726,0.5091887046167638,0.6894757997230256,0
ES,RTH,B0,30min,S-B_q0.90,M1_EWMA,2232,0.9989809173446118,0.5124396047885554,0.5127009136836341,0.4321918094589458,-1.1981341656171725,-1.1993564089311428,0.6042208825118208,0.4809502465262214,0.9275295164145883,0
ES,RTH,B0,30min,S-B_q0.90,M2_HAR,2232,0.9989809173446118,0.6230482873160114,0.623365999019045,0.5093568956282595,-0.5403359234970864,-0.5408871321920259,1.4442638556135534,0.4616763783056925,0.590205786069523,0
ES,RTH,B0,30min,S-B_q0.90,M3_HARJ,2232,0.9989809173446118,0.6236356193292726,0.62395363053117,0.5090732278231811,-0.5393430504567487,-0.5398932462998141,1.4421098813534987,0.4621246077991932,0.591211169159387,0
ES,RTH,B0,30min,S-B_q0.90,M4_HARQ,2232,0.9989809173446118,-0.0378472457331694,-0.03786654522109323,0.5044583299914689,-1060.8152082520864,-1061.8973694430883,1.1797017605038402,0.4612281488121918,9.654609818579464e+292,0
ES,RTH,B0,30min,S-B_q0.90,M5_RGARCH,2232,0.9989809173446118,0.541939240100328,0.5422155917771053,0.490907777316452,-3.422684998876938,-3.4261765559794344,1.1630298195433957,0.4495741819811744,2.2026493621493297,0
ES,RTH,B0,30min,S-B_q0.90,M6_PARK,2232,0.9989809173446118,0.48144518835239936,0.4816906922303856,0.4273771140522496,-2.736978628035417,-2.739770680815978,1.2169026292181884,0.49305244285073957,2.181630267666918,0
ES,RTH,B0,30min,S-B_q0.90,M6_GK,2232,0.9989809173446118,0.4822379608847023,0.48248386902206375,0.4259726648969341,-3.089229453426997,-3.092380845110103,1.2128607145693662,0.49036306588973555,2.5719279881893593,0
ES,RTH,B0,30min,S-C_q0.90,M1_EWMA,2232,0.9989809173446118,0.531869401217943,0.532140617970629,0.44208208715512765,0.17435900025138562,0.1745368677460314,0.8397762094202507,0.5199462124607799,0.3912303615559412,0
ES,RTH,B0,30min,S-C_q0.90,M2_HAR,2232,0.9989809173446118,0.7237095165416774,0.7240785585367892,0.6252713178003444,0.5075308361010122,0.5080485795965737,3.1368601356486914,0.49663827879874495,0.1840251402323548,0
ES,RTH,B0,30min,S-C_q0.90,M3_HARJ,2232,0.9989809173446118,0.7254821048729373,0.7258520507659796,0.6266459840793394,0.5103788011093027,0.51089944987732,3.164192234677112,0.4997758852532497,0.18383186753143135,0
ES,RTH,B0,30min,S-C_q0.90,M4_HARQ,2232,0.9989809173446118,-0.03566416446651086,-0.03568235073338712,0.6404125619137135,-615.1143607279711,-615.7418525701219,2.3781156462280135,0.49798296727924696,9.654609818579464e+292,0
ES,RTH,B0,30min,S-C_q0.90,M5_RGARCH,2232,0.9989809173446118,0.7264934251797581,0.7268638867764843,0.6456613134831226,-0.10649532848591381,-0.10660396673941352,3.381252458767603,0.46615867324069926,0.6688810621661847,0
ES,RTH,B0,30min,S-C_q0.90,M6_PARK,2232,0.9989809173446118,0.6187158876293685,0.6190313901070327,0.552310472488522,0.04672429393384747,0.046771958425437375,3.2497476676611705,0.528014343343792,0.5183173363560695,0
ES,RTH,B0,30min,S-C_q0.90,M6_GK,2232,0.9989809173446118,0.6166084910884331,0.6169229189390457,0.5474386595782997,-0.004132458019415086,-0.004136673631764219,2.99294468326936,0.5271178843567906,0.6071036250304808,0
ES,RTH,B1,1day,S-A,M1_EWMA,1401,0.9948635580230946,0.719127316902929,0.7209813401487376,0.7216514012888113,0.4523170839701379,0.4546523795372932,2.2874719848096943,0.5035714285714286,0.3067104737164473,0
ES,RTH,B1,1day,S-A,M2_HAR,1401,0.9948635580230946,0.83354313315345,0.8356921383559033,0.8211435047340928,0.6761388332728129,0.6796297118535295,3.4939308946966405,0.3492857142857143,0.1739991966405916,0
ES,RTH,B1,1day,S-A,M3_HARJ,1401,0.9948635580230946,0.8159358364105478,0.818039447234718,0.8037805494837817,0.6477117237712537,0.6510558342877988,3.2614736741950705,0.3842857142857143,0.19534288719166829,0
ES,RTH,B1,1day,S-A,M4_HARQ,1401,0.9948635580230946,-0.05600927469814405,-0.05615367541110606,0.8026088182404816,-628.7752140224964,-632.0215560734209,1.8116847566091714,0.34785714285714286,7.158881298742772e+293,0
ES,RTH,B1,1day,S-A,M5_RGARCH,1401,0.9948635580230946,0.8268057876316258,0.8289374228984379,0.8168309136665751,0.6473837538942311,0.6507261711150172,3.669893632053108,0.345,0.2600836384039899,0
ES,RTH,B1,1day,S-A,M6_PARK,1401,0.9948635580230946,0.7698523222401645,0.7718371225220119,0.7511927259669611,0.2975767353025397,0.29911311244916644,3.2095137894233776,0.4714285714285714,0.6184598167613912,0
ES,RTH,B1,1day,S-A,M6_GK,1401,0.9948635580230946,0.7660178612125854,0.7679927756512542,0.7499901974913151,0.3022616116195225,0.30382217660093025,3.1168817566092106,0.4357142857142857,0.6379838479808196,0
ES,RTH,B1,1day,S-B_q0.80,M1_EWMA,280,0.9948635580230946,0.3927833248407795,0.3937959819846592,0.38401200452629686,-0.77351692934515,-0.7775105672603134,12.77190694030737,0.5125448028673835,0.6127468310155453,0
ES,RTH,B1,1day,S-B_q0.80,M2_HAR,280,0.9948635580230946,0.7062229210973774,0.7080436747826586,0.568629701909463,-0.17621816247935307,-0.17712797001984706,3.7740278068389044,0.4444444444444444,0.32283938823150365,0
ES,RTH,B1,1day,S-B_q0.80,M3_HARJ,280,0.9948635580230946,0.7037729879870608,0.7055874253597358,0.5740306454346175,-0.22418192877326537,-0.22533937137946836,4.032535333577738,0.43010752688172044,0.34063147956679724,0
ES,RTH,B1,1day,S-B_q0.80,M4_HARQ,280,0.9948635580230946,-0.10040828948962706,-0.10066715784076603,0.5179497348658471,-8683.868530426576,-8728.703006955444,0.4110581261676467,0.46953405017921146,3.581997392692366e+294,0
ES,RTH,B1,1day,S-B_q0.80,M5_RGARCH,280,0.9948635580230946,0.6533337925324108,0.6550181897318442,0.5479443068698033,-0.8740628868133271,-0.8785756396084987,3.9687848748533088,0.43727598566308246,0.5926781774201034,0
ES,RTH,B1,1day,S-B_q0.80,M6_PARK,280,0.9948635580230946,0.5987332895322653,0.6002769180535862,0.5597040085748242,-1.3081616351834646,-1.314915622985456,2.9045486684182142,0.5412186379928315,0.8466169035903723,0
ES,RTH,B1,1day,S-B_q0.80,M6_GK,280,0.9948635580230946,0.5990193725709819,0.6005637386593393,0.5537814804489124,-1.4532951038869806,-1.4607984101607268,3.0760808698083033,0.4838709677419355,0.9475336173525578,0
ES,RTH,B1,1day,S-C_q0.80,M1_EWMA,280,0.9948635580230946,0.41674074688025137,0.4178151700234567,0.36238691091176456,0.1445269553512738,0.14527314241810713,1.9717393822814262,0.5197132616487455,0.4220785224723046,0
ES,RTH,B1,1day,S-C_q0.80,M2_HAR,280,0.9948635580230946,0.6848738934585744,0.6866396059952476,0.521304754251603,0.4417345990228879,0.44401525763056804,1.809215734360412,0.4014336917562724,0.18761103350196556,0
ES,RTH,B1,1day,S-C_q0.80,M3_HARJ,280,0.9948635580230946,0.6847723442809514,0.6865377950078845,0.5320978948346644,0.43659593216764125,0.43885006003758575,2.0987875721619145,0.4014336917562724,0.19360059574914845,0
ES,RTH,B1,1day,S-C_q0.80,M4_HARQ,280,0.9948635580230946,-0.10235541436931064,-0.10261930271441254,0.45504677378995434,-4963.636948425236,-4989.264013538238,0.7336015359650098,0.44086021505376344,3.581997392692366e+294,0
ES,RTH,B1,1day,S-C_q0.80,M5_RGARCH,280,0.9948635580230946,0.6447477120815231,0.6464099730161087,0.4962871246535579,0.38389251162695237,0.3858745337800792,1.7100779227046647,0.37992831541218636,0.27192485125216337,0
ES,RTH,B1,1day,S-C_q0.80,M6_PARK,280,0.9948635580230946,0.6115429839234483,0.6131196378501664,0.5427170743933911,0.21581693998915918,0.21693119448259984,2.253246639590176,0.5627240143369175,0.34604921165261077,0
ES,RTH,B1,1day,S-C_q0.80,M6_GK,280,0.9948635580230946,0.6035098738682416,0.6050658171747004,0.529545566361087,0.21628301900460112,0.21739967984592753,2.116820288617143,0.4946236559139785,0.3473039186110244,0
ES,RTH,B1,1day,S-B_q0.90,M1_EWMA,140,0.9948635580230946,0.34097847256122843,0.3418575686539363,0.3349194200870308,-1.4361553052316687,-1.4435701193895074,,0.5107913669064749,0.8753600036971686,0
ES,RTH,B1,1day,S-B_q0.90,M2_HAR,140,0.9948635580230946,0.7146514441224533,0.716493927864776,0.5712623821915114,-0.4438055751055967,-0.4460969260824953,,0.4028776978417266,0.3991741658685699,0
ES,RTH,B1,1day,S-B_q0.90,M3_HARJ,140,0.9948635580230946,0.7043105054549741,0.7061263286321613,0.5523430495725001,-0.4823051920430541,-0.48479531504948137,,0.381294964028777,0.4122749505241462,0
ES,RTH,B1,1day,S-B_q0.90,M4_HARQ,140,0.9948635580230946,-0.06546869168780234,-0.06563748026446858,0.5074746971146209,-17640.562367035916,-17731.639906571403,,0.41007194244604317,7.163994785384732e+294,0
ES,RTH,B1,1day,S-B_q0.90,M5_RGARCH,140,0.9948635580230946,0.6701076691469522,0.671835312036592,0.552308062364698,-1.2344954007643683,-1.2408690526542645,,0.4172661870503597,0.7046247041455325,0
ES,RTH,B1,1day,S-B_q0.90,M6_PARK,140,0.9948635580230946,0.592731264981279,0.5942594193399894,0.5664997485294441,-1.073235571170005,-1.0787766448121232,,0.5251798561151079,0.7395630748461679,0
ES,RTH,B1,1day,S-B_q0.90,M6_GK,140,0.9948635580230946,0.589988187750449,0.591509270024938,0.5240733856683651,-1.156435534836013,-1.1624061666646832,,0.48201438848920863,0.7365930884691654,0
ES,RTH,B1,1day,S-C_q0.90,M1_EWMA,140,0.9948635580230946,0.37905249060545226,0.38002974750064406,0.3348363254685006,0.05181367091935141,0.05208118289337181,,0.5323741007194245,0.6132354887075037,0
ES,RTH,B1,1day,S-C_q0.90,M2_HAR,140,0.9948635580230946,0.7306261795266751,0.7325098486475655,0.636119918654742,0.4899204245262525,0.4924498646827303,,0.43884892086330934,0.17885790299747079,0
ES,RTH,B1,1day,S-C_q0.90,M3_HARJ,140,0.9948635580230946,0.7376333677229763,0.739535102476333,0.6349041131836174,0.49624754490088596,0.49880965173454084,,0.45323741007194246,0.1816571290888426,0
ES,RTH,B1,1day,S-C_q0.90,M4_HARQ,140,0.9948635580230946,-0.09394468246467802,-0.0941868866210432,0.5196699390678349,-8929.660994563417,-8975.764488054678,,0.4892086330935252,7.163994785384732e+294,0
ES,RTH,B1,1day,S-C_q0.90,M5_RGARCH,140,0.9948635580230946,0.6822223316041485,0.6839812079976239,0.5749185454068357,0.43843270517392197,0.440696316231682,,0.4316546762589928,0.2699266347018944,0
ES,RTH,B1,1day,S-C_q0.90,M6_PARK,140,0.9948635580230946,0.6859865635587872,0.6877551447338534,0.6716669217817237,0.4019656474950375,0.4040409805479138,,0.6187050359712231,0.2579814729246464,0
ES,RTH,B1,1day,S-C_q0.90,M6_GK,140,0.9948635580230946,0.648706985745696,0.6503794543100536,0.6235638844547463,0.3354736551339078,0.33720569260827243,,0.5467625899280576,0.28617195045649374,0
ES,RTH,B1,1h,S-A,M1_EWMA,10906,0.9762090210199692,0.7727048339779364,0.7820638667024898,0.7579327241328155,0.5712601656251917,0.5851822236065016,1.3242968303827098,0.48216414488766624,0.34330053378346753,0
ES,RTH,B1,1h,S-A,M2_HAR,10906,0.9762090210199692,0.8354276218730282,0.8455463555838733,0.8211357770623346,0.651826292595995,0.6677118102380877,3.4252801341898254,0.4695093993580926,0.24637096829929267,0
ES,RTH,B1,1h,S-A,M3_HARJ,10906,0.9762090210199692,0.8341105373867918,0.844213318516178,0.8196797522690409,0.6511644057992073,0.6670337927412855,3.4403618906089193,0.4680421824850986,0.2479327304824727,0
ES,RTH,B1,1h,S-A,M4_HARQ,10906,0.9762090210199692,0.0529825083540318,0.0536242346739793,0.8275742075140182,-60.81820598828674,-62.30039333660557,3.0480632233042337,0.47033470884915174,2.6883628027347774e+292,0
ES,RTH,B1,1h,S-A,M5_RGARCH,10906,0.9762090210199692,0.8167893865790214,0.8266823732175381,0.8069574791087918,0.5301235578107297,0.543043084417354,3.4119949126054165,0.4590554791380101,0.6134001803198751,0
ES,RTH,B1,1h,S-A,M6_PARK,10906,0.9762090210199692,0.772425895913753,0.7817815501290024,0.7580845889791101,0.22611630395206006,0.23162693550588964,3.128028950157902,0.4883998165978909,1.1573630731496498,0
ES,RTH,B1,1h,S-A,M6_GK,10906,0.9762090210199692,0.7772436831196211,0.7866576905716266,0.7644023972882791,0.23195501750742087,0.2376079430868894,3.16626893876924,0.4917927556166896,1.1944162510362721,0
ES,RTH,B1,1h,S-B_q0.80,M1_EWMA,2181,0.9762090210199692,0.5399536007660801,0.5464935409827016,0.4613267271621883,-0.5183038296595053,-0.5309353002269612,1.112752463833624,0.47660550458715595,0.6390233359789886,0
ES,RTH,B1,1h,S-B_q0.80,M2_HAR,2181,0.9762090210199692,0.6240042308927564,0.6315621957978288,0.5175788952921186,-0.18779029449293838,-0.19236689115690622,1.5603379072352779,0.44908256880733943,0.46083726962599864,0
ES,RTH,B1,1h,S-B_q0.80,M3_HARJ,2181,0.9762090210199692,0.622876306224485,0.6304206096595925,0.5161494687939254,-0.1974975403158039,-0.2023107101688665,1.5465054230855906,0.4444954128440367,0.4659950669084353,0
ES,RTH,B1,1h,S-B_q0.80,M4_HARQ,2181,0.9762090210199692,-0.04033793008395649,-0.04082650475192249,0.5084158224225884,-952.1642255785983,-975.3692140477782,1.2289262951523743,0.44908256880733943,1.3443046642194168e+293,0
ES,RTH,B1,1h,S-B_q0.80,M5_RGARCH,2181,0.9762090210199692,0.5335534843362013,0.5400159060794366,0.47265427383425934,-2.0142278471732267,-2.0633161585299713,1.2968169330283372,0.44678899082568807,1.5263679785538506,0
ES,RTH,B1,1h,S-B_q0.80,M6_PARK,2181,0.9762090210199692,0.4942719220183418,0.5002585638634343,0.43821983241512075,-2.1729307768031605,-2.2258868029439274,1.364979186564367,0.47844036697247705,1.8969698938410346,0
ES,RTH,B1,1h,S-B_q0.80,M6_GK,2181,0.9762090210199692,0.5020153304176779,0.50809576074373,0.44390481225572226,-2.2153854728578546,-2.269376153216819,1.4310884753556867,0.46605504587155966,1.9473854692349017,0
ES,RTH,B1,1h,S-C_q0.80,M1_EWMA,2181,0.9762090210199692,0.5258415664634128,0.532210581140241,0.42074529293938856,0.22708825330046278,0.23262257202171205,0.7631563439084403,0.49678899082568806,0.33512225661998657,0
ES,RTH,B1,1h,S-C_q0.80,M2_HAR,2181,0.9762090210199692,0.696028820366413,0.7044591500610083,0.6079990549437481,0.4537026401182426,0.4647597290631488,3.403770093931738,0.5279816513761468,0.2095416044469665,0
ES,RTH,B1,1h,S-C_q0.80,M3_HARJ,2181,0.9762090210199692,0.695478409556382,0.7039020726526121,0.6070745864919116,0.4531376431738815,0.4641809627004176,3.3619039180357237,0.5293577981651376,0.21001703478292183,0
ES,RTH,B1,1h,S-C_q0.80,M4_HARQ,2181,0.9762090210199692,-0.03789788871829282,-0.03835690950489775,0.6326463833573327,-570.7472788328386,-584.656837361026,2.6326352281724805,0.5256880733944954,1.3443046642194168e+293,0
ES,RTH,B1,1h,S-C_q0.80,M5_RGARCH,2181,0.9762090210199692,0.6872680171100872,0.6955922355953774,0.6141180952258455,0.1707054016493239,0.17486562608381384,4.133714100910139,0.5178899082568807,0.5351233775115077,0
ES,RTH,B1,1h,S-C_q0.80,M6_PARK,2181,0.9762090210199692,0.6225877362735737,0.6301285445375691,0.565590209024339,0.060536500599735366,0.06201182256693881,3.262389796274769,0.5467889908256881,0.5590013133234694,0
ES,RTH,B1,1h,S-C_q0.80,M6_GK,2181,0.9762090210199692,0.6281420466906097,0.6357501289907823,0.5718397319049471,0.06935695653958285,0.0710472399313795,3.3268032899159867,0.5394495412844037,0.5937568438881731,0
ES,RTH,B1,1h,S-B_q0.90,M1_EWMA,1091,0.9762090210199692,0.5231616461693858,0.529498201541408,0.4432538668623735,-1.2026580934387483,-1.2319678138009615,0.9338186074732563,0.48073394495412847,0.8849682731639966,0
ES,RTH,B1,1h,S-B_q0.90,M2_HAR,1091,0.9762090210199692,0.6112617544354314,0.6186653819416525,0.47554761857018013,-0.8157706450529789,-0.8356516150615367,1.4194882210536326,0.4522935779816514,0.6589587795075651,0
ES,RTH,B1,1h,S-B_q0.90,M3_HARJ,1091,0.9762090210199692,0.6113366125551428,0.6187411467459883,0.4758370481930216,-0.8262383667932771,-0.8463744433850869,1.408427464670503,0.44954128440366975,0.6652897254931585,0
ES,RTH,B1,1h,S-B_q0.90,M4_HARQ,1091,0.9762090210199692,-0.04768201487150536,-0.04825954139642394,0.46464082825386277,-2216.912398710772,-2270.940291449553,0.9545768505091434,0.4577981651376147,2.6873771518446823e+293,0
ES,RTH,B1,1h,S-B_q0.90,M5_RGARCH,1091,0.9762090210199692,0.5078612616730984,0.5140124981589145,0.43908828328895777,-3.4724611550682063,-3.5570877550794258,1.1713196782343458,0.4522935779816514,2.0877745262687357,0
ES,RTH,B1,1h,S-B_q0.90,M6_PARK,1091,0.9762090210199692,0.4806121444934241,0.48643333855141313,0.42234927950077067,-3.030465847990956,-3.104320675939508,1.4205365134126537,0.47889908256880737,2.1721454194993424,0
ES,RTH,B1,1h,S-B_q0.90,M6_GK,1091,0.9762090210199692,0.4795876625899153,0.48539644808095994,0.40800541212418207,-3.2466456696739074,-3.325768969315327,1.3097567649430957,0.47155963302752296,2.3069339278660976,0
ES,RTH,B1,1h,S-C_q0.90,M1_EWMA,1091,0.9762090210199692,0.545017426250504,0.5516186997296291,0.448951567273282,0.253753196693674,0.25993736098499265,1.1046714889410783,0.5137614678899083,0.3504636302221798,0
ES,RTH,B1,1h,S-C_q0.90,M2_HAR,1091,0.9762090210199692,0.7073463356309322,0.7159137435358138,0.6093500156030113,0.47098498145220824,0.48246325460105927,3.455389184202527,0.5229357798165137,0.1984695813328545,0
ES,RTH,B1,1h,S-C_q0.90,M3_HARJ,1091,0.9762090210199692,0.7081929993068908,0.7167706620370324,0.6123171289645949,0.4724080600385989,0.48392101472798765,3.5000754471492384,0.5275229357798165,0.19835440761852774,0
ES,RTH,B1,1h,S-C_q0.90,M4_HARQ,1091,0.9762090210199692,-0.0494781644180219,-0.050077445980109714,0.6215637003947457,-1183.5301594528937,-1212.3737170716881,1.9101975092656276,0.5247706422018349,2.6873771518446823e+293,0
ES,RTH,B1,1h,S-C_q0.90,M5_RGARCH,1091,0.9762090210199692,0.6906229324381263,0.6989877857958317,0.6007283007022325,0.13118136389630886,0.13437835655241853,3.5595811146640517,0.5110091743119266,0.5423328252264812,0
ES,RTH,B1,1h,S-C_q0.90,M6_PARK,1091,0.9762090210199692,0.6258308664914315,0.6334109556819906,0.5575338576472191,0.11726367472893373,0.12012148239156151,2.9698900693283665,0.544954128440367,0.4482761232307494,0
ES,RTH,B1,1h,S-C_q0.90,M6_GK,1091,0.9762090210199692,0.623423214527989,0.6309741421389586,0.5617657840607916,0.10559062500582839,0.10816395129754536,2.6634674336928947,0.5495412844036697,0.5119433090016211,0
ES,RTH,B1,30min,S-A,M1_EWMA,22312,0.9989785910290314,0.7873568783079054,0.7877592932962963,0.7734530827667371,0.5971677840325851,0.5977783602123569,1.2838341226307959,0.47003720138048494,0.3479689138656808,0
ES,RTH,B1,30min,S-A,M2_HAR,22312,0.9989785910290314,0.8556705512280549,0.8561078810646583,0.8410211732809374,0.6844809195643424,0.6851807693488905,4.219956259242005,0.41495226569853433,0.22728774047510042,0
ES,RTH,B1,30min,S-A,M3_HARJ,22312,0.9989785910290314,0.8557927726832623,0.8562301649867683,0.8411390174469967,0.6851771905791404,0.685877752268295,4.212593895682379,0.4156694007440276,0.22727576385365567,0
ES,RTH,B1,30min,S-A,M4_HARQ,22312,0.9989785910290314,0.10069680505318966,0.10074827079223747,0.8496140372370713,-28.32565006953893,-28.354611724322485,3.9164176942990494,0.4161624310878042,1.5688179035366568e+292,0
ES,RTH,B1,30min,S-A,M5_RGARCH,22312,0.9989785910290314,0.8449705646547699,0.8454024257705286,0.8384365611267787,0.5194261928163764,0.5199572818485769,4.55726861882907,0.4115458742324414,0.6621713776481979,0
ES,RTH,B1,30min,S-A,M6_PARK,22312,0.9989785910290314,0.7962755190047758,0.7966824922751751,0.7816987819307721,0.2491100639029752,0.24936476731335253,3.472413266376167,0.448478329075344,1.1577643396357502,0
ES,RTH,B1,30min,S-A,M6_GK,22312,0.9989785910290314,0.7973656930486802,0.7977732235027243,0.7849721966910586,0.20592549656341708,0.20613604576980635,3.485272560729511,0.4520640043028103,1.3326634370794936,0
ES,RTH,B1,30min,S-B_q0.80,M1_EWMA,4463,0.9989785910290314,0.5503934132796774,0.5506747171777159,0.4840913222321545,-0.494651150328818,-0.4951569080367238,0.6908415859409928,0.48296727924697447,0.6694267749673342,0
ES,RTH,B1,30min,S-B_q0.80,M2_HAR,4463,0.9989785910290314,0.6711351576226284,0.6714781721489559,0.5920399575839075,0.020600722790527937,0.020621786067814996,2.0824792872349254,0.4524876736889287,0.40139723122836274,0
ES,RTH,B1,30min,S-B_q0.80,M3_HARJ,4463,0.9989785910290314,0.6713883636014776,0.67173150754038,0.5915804052224977,0.02027777064455072,0.020298503718345875,2.0644263078036653,0.4549529359031824,0.40270001465790595,0
ES,RTH,B1,30min,S-B_q0.80,M4_HARQ,4463,0.9989785910290314,-0.04130199039430554,-0.04132309967834554,0.589700497278329,-448.4299448160262,-448.88844349918037,1.6777530074680613,0.45271178843567905,7.843034968341897e+292,0
ES,RTH,B1,30min,S-B_q0.80,M5_RGARCH,4463,0.9989785910290314,0.6079901712005609,0.6083009125739154,0.5732191731530731,-1.5502897301226666,-1.5518748289948223,1.6694134353687273,0.44397131331241596,1.381334288008494,0
ES,RTH,B1,30min,S-B_q0.80,M6_PARK,4463,0.9989785910290314,0.5423717832688157,0.542648987343462,0.4970306230806545,-1.8218873787828334,-1.8237501735709243,1.630145055492092,0.47982967279246974,1.8098173532829842,0
ES,RTH,B1,30min,S-B_q0.80,M6_GK,4463,0.9989785910290314,0.5443615074754833,0.544639728490307,0.49867959918539967,-2.05245392555412,-2.0545524638720445,1.6414634757709659,0.48229493500672344,2.158723817293018,0
ES,RTH,B1,30min,S-C_q0.80,M1_EWMA,4463,0.9989785910290314,0.548466907797333,0.5487472270660342,0.4629328513078924,0.2367403594880929,0.23698241545319862,1.0313547615611935,0.5,0.37355001893246953,0
ES,RTH,B1,30min,S-C_q0.80,M2_HAR,4463,0.9989785910290314,0.7261306908635077,0.7265018133894989,0.6514357374570501,0.5060291220691634,0.5065465132219812,4.090655549440633,0.4744509188704617,0.19597091964028404,0
ES,RTH,B1,30min,S-C_q0.80,M3_HARJ,4463,0.9989785910290314,0.7276421496250893,0.7280140446516794,0.6530974509172962,0.5086152963861742,0.5091353317814928,4.111294156080169,0.4782608695652174,0.1958185377971513,0
ES,RTH,B1,30min,S-C_q0.80,M4_HARQ,4463,0.9989785910290314,-0.03549551414903392,-0.03551365576601568,0.6787382029631785,-281.42749068374826,-281.71523715423615,2.7712543796516016,0.4780367548184671,7.843034968341897e+292,0
ES,RTH,B1,30min,S-C_q0.80,M5_RGARCH,4463,0.9989785910290314,0.7490741717751488,0.7494570206235474,0.6891163430429019,0.221368114288224,0.22159445285028215,3.8773402687947365,0.4558493948901838,0.5048572976482428,0
ES,RTH,B1,30min,S-C_q0.80,M6_PARK,4463,0.9989785910290314,0.6438201305651449,0.6441491844891089,0.5836512504198438,0.050008071542422816,0.05005920246089591,3.077052589746098,0.502017032720753,0.5998124781610414,0
ES,RTH,B1,30min,S-C_q0.80,M6_GK,4463,0.9989785910290314,0.6483534379185151,0.648684808797949,0.5854133094247888,0.009450024537325019,0.009459686746230172,3.2345517548477085,0.5080681308830121,0.6804260271116255,0
ES,RTH,B1,30min,S-B_q0.90,M1_EWMA,2232,0.9989785910290314,0.5142301428058577,0.5144929637992961,0.43561951042508634,-1.1746753547744015,-1.175876405483713,0.6652077196518823,0.4845360824742268,0.9163315374846828,0
ES,RTH,B1,30min,S-B_q0.90,M2_HAR,2232,0.9989785910290314,0.6294277125311671,0.6297494105471615,0.5172867686513591,-0.4971546081417122,-0.4976629255183551,1.5591411371990676,0.4625728372926939,0.5722253529139399,0
ES,RTH,B1,30min,S-B_q0.90,M3_HARJ,2232,0.9989785910290314,0.62978300322148,0.6301048828251419,0.5171606553402845,-0.4983105168868107,-0.4988200161261807,1.5638275376492456,0.4634692962796952,0.5746789560189659,0
ES,RTH,B1,30min,S-B_q0.90,M4_HARQ,2232,0.9989785910290314,-0.07276125015585722,-0.07279843814321525,0.51042200671721,-1061.7135255488236,-1062.7990780614928,1.1050547427852468,0.4634692962796952,1.5682556032128086e+293,0
ES,RTH,B1,30min,S-B_q0.90,M5_RGARCH,2232,0.9989785910290314,0.5526852221928131,0.5529676974253285,0.5046898372042502,-2.704220859455435,-2.706985799034854,1.2691887382681726,0.45271178843567905,1.8172668424925296,0
ES,RTH,B1,30min,S-B_q0.90,M6_PARK,2232,0.9989785910290314,0.4877473508379874,0.4879966365811272,0.43210875762571693,-2.629154122334289,-2.6318423096795707,1.335672863528439,0.49708650829224565,2.099747699638428,0
ES,RTH,B1,30min,S-B_q0.90,M6_GK,2232,0.9989785910290314,0.4893887268240567,0.48963885146797526,0.4325927257848844,-2.9714332177200253,-2.9744713694606815,1.3145793693526135,0.49170775437023756,2.4829193988345652,0
ES,RTH,B1,30min,S-C_q0.90,M1_EWMA,2232,0.9989785910290314,0.5347953588701398,0.5350686906642226,0.44775113080501455,0.1797744375696282,0.1799582485390858,0.8507009441406317,0.5163603765127746,0.39164509641375994,0
ES,RTH,B1,30min,S-C_q0.90,M2_HAR,2232,0.9989785910290314,0.7256759429948404,0.7260468331009934,0.629432188315035,0.510851790233166,0.5113741123390302,3.2036119791756064,0.4975347377857463,0.18257897918479501,0
ES,RTH,B1,30min,S-C_q0.90,M3_HARJ,2232,0.9989785910290314,0.7278153667537908,0.7281873503109706,0.631044354560548,0.5142853954260548,0.5148112282329272,3.250836866905315,0.4997758852532497,0.18227893984898874,0
ES,RTH,B1,30min,S-C_q0.90,M4_HARQ,2232,0.9989785910290314,-0.06218950011649397,-0.06222128492419286,0.645008037122728,-616.3900504969538,-617.0202805467738,2.012987231834807,0.5015688032272524,1.5682556032128086e+293,0
ES,RTH,B1,30min,S-C_q0.90,M5_RGARCH,2232,0.9989785910290314,0.7363752181407696,0.7367515766041596,0.6579586115536465,0.12930314943310406,0.12943535586674687,3.4485969157067506,0.4639175257731959,0.5085135947449573,0
ES,RTH,B1,30min,S-C_q0.90,M6_PARK,2232,0.9989785910290314,0.6234671428352012,0.6237857944275838,0.5571963726297059,0.05459367618474542,0.054649495669881545,3.33457573574366,0.5302554908112954,0.5143186320840814,0
ES,RTH,B1,30min,S-C_q0.90,M6_GK,2232,0.9989785910290314,0.621270550080055,0.6215880790025627,0.5526659165115959,0.0022470876862797917,0.002249385228531378,3.1247991929214334,0.5311519497982967,0.6026564650655403,0
NQ,RTH,B0,1day,S-A,M1_EWMA,1401,0.9946271430600871,0.7015963314321415,0.7034887489814394,0.7027956129621233,0.38241676339777353,0.3844825330437127,1.6862985357969789,0.5278571428571428,0.2714734388083432,0
NQ,RTH,B0,1day,S-A,M2_HAR,1401,0.9946271430600871,0.829133867415977,0.8313702922818431,0.8243908954956191,0.6757235943242298,0.679373772412129,2.9595711285366657,0.37357142857142855,0.15207892493232975,0
NQ,RTH,B0,1day,S-A,M3_HARJ,1401,0.9946271430600871,0.8211696061003141,0.8233845489441031,0.8160203685771626,0.6636358530284849,0.6672207345827416,3.055710561466521,0.3964285714285714,0.15837906063719023,0
NQ,RTH,B0,1day,S-A,M4_HARQ,1401,0.9946271430600871,-0.00278923696542751,-0.002796760381309333,0.8160144861446459,-364.527895894183,-366.4970320161082,2.340061146042468,0.375,2.4322001066669285e+293,0
NQ,RTH,B0,1day,S-A,M5_RGARCH,1401,0.9946271430600871,0.8143158064397402,0.8165122625124673,0.811885921829105,0.1415128800023372,0.14227731566520113,3.0980997397052055,0.3628571428571429,0.6618566309550106,0
NQ,RTH,B0,1day,S-A,M6_PARK,1401,0.9946271430600871,0.7531136810837631,0.7551450565098432,0.7387839989298167,0.32013686713240797,0.32186620822298223,3.066159080924078,0.49714285714285716,0.46722431383158375,0
NQ,RTH,B0,1day,S-A,M6_GK,1401,0.9946271430600871,0.7501250694417946,0.7521483836781765,0.7355143659213405,0.32325219075637024,0.3249983604527893,2.9590065385594744,0.4607142857142857,0.476530460107287,0
NQ,RTH,B0,1day,S-B_q0.80,M1_EWMA,280,0.9946271430600871,0.2424510978254332,0.24310506178136612,0.263182839431261,-0.8712295334365787,-0.875935811238912,2.9010735690494833,0.5842293906810035,0.4258601308107644,0
NQ,RTH,B0,1day,S-B_q0.80,M2_HAR,280,0.9946271430600871,0.5998729827487119,0.6014910216537701,0.5039949489151647,-0.5211775733255661,-0.523992912280779,3.4059859144538978,0.46953405017921146,0.28135591099926294,0
NQ,RTH,B0,1day,S-B_q0.80,M3_HARJ,280,0.9946271430600871,0.5930542127904005,0.5946538594101008,0.5032460326571221,-0.5478842186835182,-0.5508438237447333,3.293082465263026,0.4551971326164875,0.28691678354394345,0
NQ,RTH,B0,1day,S-B_q0.80,M4_HARQ,280,0.9946271430600871,0.006386274518321128,0.006403500232640978,0.4774762068758166,-6104.513354339159,-6137.489205812248,1.5429778439881958,0.46953405017921146,1.2169686962287024e+294,0
NQ,RTH,B0,1day,S-B_q0.80,M5_RGARCH,280,0.9946271430600871,0.523128442196406,0.5245394778592187,0.44414998004712164,-4.466524184698729,-4.490651814464808,3.7801400863662264,0.46953405017921146,1.382266380973759,0
NQ,RTH,B0,1day,S-B_q0.80,M6_PARK,280,0.9946271430600871,0.5218127173641692,0.5232202041190829,0.4854710909401802,-1.7068178524210804,-1.7160378784454393,2.909738883354924,0.5698924731182796,0.6557830535635552,0
NQ,RTH,B0,1day,S-B_q0.80,M6_GK,280,0.9946271430600871,0.5215963178336237,0.5230032208935393,0.4666639333956519,-1.9105703116157118,-1.92089098407029,2.9950810183568786,0.5268817204301075,0.7040671931479897,0
NQ,RTH,B0,1day,S-C_q0.80,M1_EWMA,280,0.9946271430600871,0.3006728786112164,0.3014838843228915,0.3057026966451831,0.015584475526045027,0.015668661000038223,1.38801752284366,0.5985663082437276,0.3401635812659674,0
NQ,RTH,B0,1day,S-C_q0.80,M2_HAR,280,0.9946271430600871,0.5947653832323336,0.5963696453963706,0.49203360830039744,0.31862990656491696,0.32035110723463134,2.337320337192006,0.4121863799283154,0.17651426595521924,0
NQ,RTH,B0,1day,S-C_q0.80,M3_HARJ,280,0.9946271430600871,0.5888612369909833,0.5904495738865144,0.4745488736190148,0.3024298611585249,0.3040635511193309,2.7068606712222696,0.41935483870967744,0.18227295923166306,0
NQ,RTH,B0,1day,S-C_q0.80,M4_HARQ,280,0.9946271430600871,-0.01506958225460442,-0.015110229476720005,0.4372490173890702,-3325.1762717499005,-3343.1384765145312,1.260955667090008,0.4121863799283154,1.2169686962287024e+294,0
NQ,RTH,B0,1day,S-C_q0.80,M5_RGARCH,280,0.9946271430600871,0.5105898655993355,0.5119670809279583,0.42436656444233073,-0.591130458793754,-0.5943236748748599,2.056612583224421,0.36200716845878134,0.7018070219065471,0
NQ,RTH,B0,1day,S-C_q0.80,M6_PARK,280,0.9946271430600871,0.5254743388127767,0.5268917020684327,0.49905989117753674,-0.023115397344453337,-0.02324026395794519,2.1385175895003337,0.6236559139784946,0.32981685922656634,0
NQ,RTH,B0,1day,S-C_q0.80,M6_GK,280,0.9946271430600871,0.5012079625962559,0.5025598720943127,0.4416791030497838,-0.037881646041701966,-0.038086278165659786,2.550821334486471,0.5627240143369175,0.35430576080519355,0
NQ,RTH,B0,1day,S-B_q0.90,M1_EWMA,140,0.9946271430600871,0.2035045751520659,0.20405348855444083,0.2000612276136538,-2.1007652099671312,-2.1121132925287767,,0.6115107913669064,0.6996059162846862,0
NQ,RTH,B0,1day,S-B_q0.90,M2_HAR,140,0.9946271430600871,0.575918486335185,0.5774719127168211,0.45454943036452305,-1.0330237787017205,-1.0386040496778537,,0.43884892086330934,0.3628035403687937,0
NQ,RTH,B0,1day,S-B_q0.90,M3_HARJ,140,0.9946271430600871,0.5511704260941123,0.5526570994706184,0.43481227176313675,-1.076288015004895,-1.0821019942142023,,0.4316546762589928,0.3705289710504536,0
NQ,RTH,B0,1day,S-B_q0.90,M4_HARQ,140,0.9946271430600871,0.06533152521610754,0.06550774410338277,0.42999278388839085,-13244.494665657761,-13316.039842738977,,0.43884892086330934,2.4339373924574048e+294,0
NQ,RTH,B0,1day,S-B_q0.90,M5_RGARCH,140,0.9946271430600871,0.5072001257492902,0.5085681979240901,0.4226892042596926,-6.191049027163715,-6.22449233399787,,0.4316546762589928,1.736731814741891,0
NQ,RTH,B0,1day,S-B_q0.90,M6_PARK,140,0.9946271430600871,0.5010915249675725,0.5024431203981207,0.5005794756292231,-1.8443429650402159,-1.854305885284689,,0.539568345323741,0.6416821203351398,0
NQ,RTH,B0,1day,S-B_q0.90,M6_GK,140,0.9946271430600871,0.49479290435505885,0.4961275105003878,0.4477312982440796,-2.2172050973642783,-2.229182174279687,,0.5179856115107914,0.7096617669916733,0
NQ,RTH,B0,1day,S-C_q0.90,M1_EWMA,140,0.9946271430600871,0.180833821840639,0.1813215853630897,0.1858126872362293,-0.1333072422508177,-0.1340273520393605,,0.5971223021582733,0.48733304446045217,0
NQ,RTH,B0,1day,S-C_q0.90,M2_HAR,140,0.9946271430600871,0.6255737134698987,0.6272610750205688,0.5578841486081653,0.315950061632429,0.31765678610013753,,0.43884892086330934,0.17066643993222347,0
NQ,RTH,B0,1day,S-C_q0.90,M3_HARJ,140,0.9946271430600871,0.6188094810126724,0.6204785973821236,0.5592092891036715,0.30178118773517726,0.30341137363968573,,0.4676258992805755,0.1758691956394555,0
NQ,RTH,B0,1day,S-C_q0.90,M4_HARQ,140,0.9946271430600871,0.00452795177530086,0.00454016503101225,0.48182633224727217,-6135.755721877575,-6168.900340885733,,0.4316546762589928,2.4339373924574048e+294,0
NQ,RTH,B0,1day,S-C_q0.90,M5_RGARCH,140,0.9946271430600871,0.5486654472103617,0.5501453639010245,0.4619317312107762,-0.41171342648959675,-0.4139374532077539,,0.4316546762589928,0.6573866420492327,0
NQ,RTH,B0,1day,S-C_q0.90,M6_PARK,140,0.9946271430600871,0.5828445652062089,0.5844166733178029,0.5512190855218562,0.2143293105294538,0.21548709184634207,,0.6258992805755396,0.23197479768579146,0
NQ,RTH,B0,1day,S-C_q0.90,M6_GK,140,0.9946271430600871,0.5665269658593239,0.5680550604691607,0.5222802912685051,0.18252702369449336,0.18351301285919822,,0.5611510791366906,0.25255507124975907,0
NQ,RTH,B0,1h,S-A,M1_EWMA,10906,0.9781836519299508,0.740875014830743,0.7490912924226881,0.7318974341408652,0.49310304384265,0.504100679734077,1.0775050504710777,0.4773956900504356,0.3793223109889101,0
NQ,RTH,B0,1h,S-A,M2_HAR,10906,0.9781836519299508,0.805195305077447,0.8141248924029942,0.7948648597978077,0.5966084281968692,0.609914536007389,3.2381857817700013,0.47299403943145346,0.32012543084424366,0
NQ,RTH,B0,1h,S-A,M3_HARJ,10906,0.9781836519299508,0.8037592356845253,0.8126728970515271,0.79347168611638,0.5955277628166561,0.6088097686377023,3.178402569968732,0.47299403943145346,0.32255161894790985,0
NQ,RTH,B0,1h,S-A,M4_HARQ,10906,0.9781836519299508,0.0456711934819285,0.04617768539499253,0.7953440989963018,-55.53386489336555,-56.77243203134458,3.025894066210697,0.4739110499770747,5.112913428426634e+292,0
NQ,RTH,B0,1h,S-A,M5_RGARCH,10906,0.9781836519299508,0.6690164437433046,0.6764358123349512,0.6906828331815941,-0.5298551661345827,-0.5416724815316444,2.767911038617715,0.4574965612104539,3.9227096142789617,0
NQ,RTH,B0,1h,S-A,M6_PARK,10906,0.9781836519299508,0.7137748032292905,0.7216905404374182,0.7011975755471893,0.22385063467366373,0.2288431566322006,2.739374342814981,0.47629527739569005,1.4026554268853197,0
NQ,RTH,B0,1h,S-A,M6_GK,10906,0.9781836519299508,0.7211467683962528,0.7291442604361638,0.7099582065947804,0.23966536647977366,0.24501060307736205,2.8441334696745346,0.4763869784502522,1.4169509820328767,0
NQ,RTH,B0,1h,S-B_q0.80,M1_EWMA,2181,0.9781836519299508,0.4595235047147434,0.4646196040556321,0.4282025969082582,-0.9390571604727738,-0.9600008736805398,0.8862196734405817,0.47293577981651375,0.6070030566061964,0
NQ,RTH,B0,1h,S-B_q0.80,M2_HAR,2181,0.9781836519299508,0.509466070885561,0.5151160315108759,0.4373684997496881,-0.8687261414613678,-0.8881012678420622,1.0863045849310062,0.4114678899082569,0.5751212320803096,0
NQ,RTH,B0,1h,S-B_q0.80,M3_HARJ,2181,0.9781836519299508,0.5087069025422245,0.5143484440175844,0.43653556656118836,-0.8872031583230551,-0.9069903760634399,1.085097237594404,0.4160550458715596,0.5833856722044817,0
NQ,RTH,B0,1h,S-B_q0.80,M4_HARQ,2181,0.9781836519299508,-0.06689776111112569,-0.06763965490503938,0.41993356187112046,-1212.2659646997192,-1239.3030309880207,0.7942402353469588,0.4114678899082569,2.5566911439899528e+293,0
NQ,RTH,B0,1h,S-B_q0.80,M5_RGARCH,2181,0.9781836519299508,0.4034481079397955,0.4079223331227512,0.3610714090606655,-9.426551130021886,-9.63679071043904,0.843876439488779,0.40458715596330275,6.270149204368924,0
NQ,RTH,B0,1h,S-B_q0.80,M6_PARK,2181,0.9781836519299508,0.374674610752634,0.37882973887407684,0.3249182941526869,-4.153093704445113,-4.2457198055304675,0.8732908792635854,0.44220183486238535,2.6020627812576937,0
NQ,RTH,B0,1h,S-B_q0.80,M6_GK,2181,0.9781836519299508,0.38645068506002755,0.3907364094271476,0.3372039148493733,-4.249554491434767,-4.3443319493741495,0.9434744384123913,0.431651376146789,2.7322196479810876,0
NQ,RTH,B0,1h,S-C_q0.80,M1_EWMA,2181,0.9781836519299508,0.45698689375940654,0.4620548621749237,0.4135283453778538,0.12263199937091496,0.125367050582948,1.1876303409634266,0.5123853211009174,0.31550986439250006,0
NQ,RTH,B0,1h,S-C_q0.80,M2_HAR,2181,0.9781836519299508,0.6432744198714057,0.6504083103329006,0.581070788384585,0.3615881927109823,0.3696526638914593,3.4722678800087836,0.5252293577981652,0.21440391254310306,0
NQ,RTH,B0,1h,S-C_q0.80,M3_HARJ,2181,0.9781836519299508,0.6403170479902317,0.6474181413026368,0.5782937776482653,0.3581715915153548,0.3661598625254923,3.215643910062104,0.5311926605504587,0.21738525312228882,0
NQ,RTH,B0,1h,S-C_q0.80,M4_HARQ,2181,0.9781836519299508,-0.059302766273443636,-0.05996043184444979,0.5729567153655711,-669.6696120281163,-684.6051973030442,2.338727399919145,0.5261467889908257,2.5566911439899528e+293,0
NQ,RTH,B0,1h,S-C_q0.80,M5_RGARCH,2181,0.9781836519299508,0.5411134023796199,0.5471143307868068,0.4885143243560893,-1.710567724311268,-1.7487183730134188,3.2771739079405884,0.5160550458715596,1.9150551375689313,0
NQ,RTH,B0,1h,S-C_q0.80,M6_PARK,2181,0.9781836519299508,0.5051345059724556,0.5107364296967802,0.4642341346600037,-0.1700145471302139,-0.17380636733682492,2.8063261352750004,0.5509174311926606,0.6013927165464904,0
NQ,RTH,B0,1h,S-C_q0.80,M6_GK,2181,0.9781836519299508,0.5145718428673085,0.5202784263224982,0.47576923855426323,-0.1317420905365443,-0.1346803233489109,2.8744238412428804,0.5454128440366972,0.6282886618776736,0
NQ,RTH,B0,1h,S-B_q0.90,M1_EWMA,1091,0.9781836519299508,0.40348989941716784,0.4079645880661228,0.36422977538779044,-2.0868064318300856,-2.133348300917551,0.7669726470203595,0.48990825688073397,0.8519019620674189,0
NQ,RTH,B0,1h,S-B_q0.90,M2_HAR,1091,0.9781836519299508,0.4657648574256689,0.4709301731463729,0.3918859628250054,-1.9487418660780733,-1.9922044927179232,1.2515294006828066,0.42844036697247706,0.7770587422598941,0
NQ,RTH,B0,1h,S-B_q0.90,M3_HARJ,1091,0.9781836519299508,0.46547185122244916,0.47063391751476963,0.3911413337123274,-1.96897489785393,-2.012888780107042,1.2276883661965046,0.43027522935779816,0.7867487974194779,0
NQ,RTH,B0,1h,S-B_q0.90,M4_HARQ,1091,0.9781836519299508,-0.08762118373022137,-0.08859289954469893,0.3744930092652709,-3004.946485464374,-3071.96555527751,0.7474626291262619,0.43119266055045874,5.11103884971777e+293,0
NQ,RTH,B0,1h,S-B_q0.90,M5_RGARCH,1091,0.9781836519299508,0.39453623754771366,0.3989116304046508,0.3554034794576676,-13.665470102621015,-13.970249937891642,1.0282087076558328,0.43119266055045874,6.730875641182115,0
NQ,RTH,B0,1h,S-B_q0.90,M6_PARK,1091,0.9781836519299508,0.3620230291977791,0.36603785172927633,0.3209013861807492,-5.950795705318207,-6.083515803578726,1.0621774925142964,0.46788990825688076,2.8915636061044943,0
NQ,RTH,B0,1h,S-B_q0.90,M6_GK,1091,0.9781836519299508,0.3651258136383118,0.3691750459390158,0.31520681016510266,-6.056947024864969,-6.192034607115593,1.0856427006818337,0.46055045871559636,2.9464273244349264,0
NQ,RTH,B0,1h,S-C_q0.90,M1_EWMA,1091,0.9781836519299508,0.40889816957008285,0.41343283574288336,0.34832938737781527,0.06676685057944931,0.06825594605646772,0.8742565373149017,0.5211009174311927,0.33738074998295886,0
NQ,RTH,B0,1h,S-C_q0.90,M2_HAR,1091,0.9781836519299508,0.6342852635269874,0.6413194645639982,0.5601747666640577,0.34266636074502443,0.3503088198917919,3.913585341576125,0.518348623853211,0.19668904916374302,0
NQ,RTH,B0,1h,S-C_q0.90,M3_HARJ,1091,0.9781836519299508,0.6338244761358239,0.640853567057038,0.5614711241717859,0.3425378018998958,0.3501773938095067,3.615022527536985,0.5385321100917431,0.19702739264446417,0
NQ,RTH,B0,1h,S-C_q0.90,M4_HARQ,1091,0.9781836519299508,-0.08125068949317123,-0.082151756752897,0.5481677262918727,-1494.4330571697863,-1527.7632724910893,1.7814627267217409,0.5238532110091743,5.11103884971777e+293,0
NQ,RTH,B0,1h,S-C_q0.90,M5_RGARCH,1091,0.9781836519299508,0.5153149483909066,0.5210297728599513,0.46003693159320097,-2.111073532721586,-2.1581566289279626,3.2829308806691353,0.5036697247706422,1.9362872961780133,0
NQ,RTH,B0,1h,S-C_q0.90,M6_PARK,1091,0.9781836519299508,0.5123981867108635,0.518080664396506,0.4726761974846883,-0.14160952739348787,-0.14476783282371677,2.682393196970242,0.5798165137614679,0.4550164442348427,0
NQ,RTH,B0,1h,S-C_q0.90,M6_GK,1091,0.9781836519299508,0.520593132952537,0.5263664923008416,0.48911876042211094,-0.13392006136176038,-0.1369068692750455,2.763265726515209,0.555045871559633,0.49624077419249313,0
NQ,RTH,B0,30min,S-A,M1_EWMA,22312,0.9606130236763046,0.7575288555497034,0.7729029151322112,0.7487391957036085,0.5243237755792725,0.5458220559749069,1.1360142940366653,0.472502353099368,0.38911531786411413,0
NQ,RTH,B0,30min,S-A,M2_HAR,22312,0.9606130236763046,0.8390117228844116,0.8560394784920674,0.8307368519442987,0.652951784604388,0.6797240600648066,4.831533412103094,0.430056922594236,0.2903445452000025,0
NQ,RTH,B0,30min,S-A,M3_HARJ,22312,0.9606130236763046,0.8389316978793561,0.8559578293783237,0.8306640292114224,0.6527252826740717,0.6794882711209409,4.817797704789454,0.42983281789251937,0.2903760415831687,0
NQ,RTH,B0,30min,S-A,M4_HARQ,22312,0.9606130236763046,0.10284371233449537,0.10493092703203911,0.8352727076509328,-25.755763559296387,-26.811799262025456,4.488049383545148,0.4312222670431626,1.810435127322984e+292,0
NQ,RTH,B0,30min,S-A,M5_RGARCH,22312,0.9606130236763046,0.7773883295529623,0.7931654374607803,0.7713252015465859,-0.34485592306171453,-0.358995677303996,4.845009148821395,0.42310967684102013,2.830453083920604,0
NQ,RTH,B0,30min,S-A,M6_PARK,22312,0.9606130236763046,0.7656048356160751,0.7811427973361952,0.7551062142312298,0.31173849469904025,0.32452037086276897,3.638981835670723,0.4526018555869302,1.2656201442961004,0
NQ,RTH,B0,30min,S-A,M6_GK,22312,0.9606130236763046,0.7704541454759726,0.7860905240130547,0.7615231435768319,0.28827734400030913,0.30009726798941383,3.8083114145747627,0.4523777508852136,1.4045212676804548,0
NQ,RTH,B0,30min,S-B_q0.80,M1_EWMA,4463,0.9606130236763046,0.44887626883260673,0.4579862194987085,0.4189727692983782,-0.9424744973167414,-0.9811177592719424,0.5820151241318345,0.4612281488121918,0.6716788889296322,0
NQ,RTH,B0,30min,S-B_q0.80,M2_HAR,4463,0.9606130236763046,0.5478005689604993,0.5589181897941229,0.4995782241158805,-0.5622591839007021,-0.585312888793568,1.4369022476266222,0.4329896907216495,0.5341682847058283,0
NQ,RTH,B0,30min,S-B_q0.80,M3_HARJ,4463,0.9606130236763046,0.5482488719172212,0.5593755910661329,0.499511714896977,-0.5622542879663819,-0.5853077921165509,1.4352992935728635,0.4318691169878978,0.533908857832731,0
NQ,RTH,B0,30min,S-B_q0.80,M4_HARQ,4463,0.9606130236763046,-0.042846213068971344,-0.04371577761134008,0.4930993331735107,-557.7101280209891,-580.5773128981846,1.2255154019162562,0.4341102644554012,9.050958673724046e+292,0
NQ,RTH,B0,30min,S-B_q0.80,M5_RGARCH,4463,0.9606130236763046,0.443946823950361,0.45295673145800996,0.4194521854605022,-8.95245451632846,-9.319522321347526,1.150305629933155,0.42088749439713136,5.922728782131192,0
NQ,RTH,B0,30min,S-B_q0.80,M6_PARK,4463,0.9606130236763046,0.4157671836150279,0.4242051848957983,0.387628990604375,-3.2944913292956644,-3.429571792278553,1.1163949660089265,0.4589870013446885,2.407481612274913,0
NQ,RTH,B0,30min,S-B_q0.80,M6_GK,4463,0.9606130236763046,0.41994377417556167,0.4284665394249373,0.38887254319703257,-3.576122562419962,-3.72275044609951,1.0787102055911753,0.4533841326759301,2.71224396332608,0
NQ,RTH,B0,30min,S-C_q0.80,M1_EWMA,4463,0.9606130236763046,0.45288045666858556,0.4620716723873898,0.41489809516358395,0.09346765931062162,0.09730001260332401,0.8917929669095755,0.5008964589870013,0.37232363270797936,0
NQ,RTH,B0,30min,S-C_q0.80,M2_HAR,4463,0.9606130236763046,0.6843724945095669,0.6982618446381301,0.6351830025128525,0.4319230432195771,0.44963271637374874,3.9700681565594405,0.5114298520842672,0.19765782993977815,0
NQ,RTH,B0,30min,S-C_q0.80,M3_HARJ,4463,0.9606130236763046,0.6843818712511331,0.6982714116808083,0.6348595376474097,0.4319503868262119,0.4496611811206977,3.977461584834631,0.5100851636037651,0.19778596795701295,0
NQ,RTH,B0,30min,S-C_q0.80,M4_HARQ,4463,0.9606130236763046,-0.03657779230665552,-0.03732013915483076,0.6435428233968341,-329.8675241866998,-343.3927253289608,2.971204007939899,0.5121021963245181,9.050958673724046e+292,0
NQ,RTH,B0,30min,S-C_q0.80,M5_RGARCH,4463,0.9606130236763046,0.5973642175815513,0.6094877334136877,0.5487142087911424,-2.2996941891200224,-2.3939860614412662,3.886129585444188,0.4807261317794711,2.3533158384712047,0
NQ,RTH,B0,30min,S-C_q0.80,M6_PARK,4463,0.9606130236763046,0.5501775628630332,0.5613434248238655,0.5130038386825628,-0.1285613459879109,-0.1338326077403172,2.987625189623581,0.5295831465710443,0.6173316209308565,0
NQ,RTH,B0,30min,S-C_q0.80,M6_GK,4463,0.9606130236763046,0.5598594636399656,0.5712218199235237,0.5211968806058821,-0.15908627715924362,-0.1656091196332255,3.332804119406979,0.5340654415060511,0.7043111707466587,0
NQ,RTH,B0,30min,S-B_q0.90,M1_EWMA,2232,0.9606130236763046,0.38493477764540845,0.3927470347806241,0.34351456877731157,-2.0377124874906207,-2.121262607592195,0.47290631087435075,0.4805020170327208,0.9091094219512403,0
NQ,RTH,B0,30min,S-B_q0.90,M2_HAR,2232,0.9606130236763046,0.4884479123790206,0.4983609701494964,0.42969488806488837,-1.50321819918836,-1.5648530283667024,1.3157633792988566,0.44778126400717166,0.722715670143191,0
NQ,RTH,B0,30min,S-B_q0.90,M3_HARJ,2232,0.9606130236763046,0.4891311324335485,0.499058056165366,0.4299471071326248,-1.5042018286111745,-1.565876988482348,1.315234773327918,0.447333034513671,0.7225143115654216,0
NQ,RTH,B0,30min,S-B_q0.90,M4_HARQ,2232,0.9606130236763046,-0.07214005726503392,-0.07360414081848925,0.42034261634864123,-1412.8259739825542,-1470.754548564845,0.998045440428964,0.44822949350067237,1.8097862258436567e+293,0
NQ,RTH,B0,30min,S-B_q0.90,M5_RGARCH,2232,0.9606130236763046,0.40366745175849195,0.4118598887982015,0.37080783372344944,-13.751372309111533,-14.315204947445412,1.0629327641831119,0.4338861497086508,7.287019697124137,0
NQ,RTH,B0,30min,S-B_q0.90,M6_PARK,2232,0.9606130236763046,0.37417918865010935,0.3817731609439658,0.352902879368358,-5.112592736458712,-5.322218844059197,1.1746282223219275,0.4791573285522187,2.842150889751579,0
NQ,RTH,B0,30min,S-B_q0.90,M6_GK,2232,0.9606130236763046,0.37782323702537024,0.3854911653361261,0.3508041953866409,-5.583204388069056,-5.812126475968345,1.1506770292715536,0.4782608695652174,3.2126139225925257,0
NQ,RTH,B0,30min,S-C_q0.90,M1_EWMA,2232,0.9606130236763046,0.42107143480776665,0.429617085946731,0.36579062534691303,0.018901368848777134,0.019676361222379472,0.788705276768895,0.5154639175257731,0.3684168282112664,0
NQ,RTH,B0,30min,S-C_q0.90,M2_HAR,2232,0.9606130236763046,0.6755370237109511,0.6892470578260025,0.6127993956541439,0.415180843246316,0.4322040540918363,4.502382334573571,0.52666965486329,0.16730968042961483,0
NQ,RTH,B0,30min,S-C_q0.90,M3_HARJ,2232,0.9606130236763046,0.6759907656764653,0.6897100084915705,0.6129236225373724,0.41578747816792005,0.43283556220868696,4.489515763626774,0.528014343343792,0.1673232251768604,0
NQ,RTH,B0,30min,S-C_q0.90,M4_HARQ,2232,0.9606130236763046,-0.06269330709505769,-0.06396566871091251,0.6171782874238367,-758.7042129448955,-789.812540789114,2.6068892159307726,0.5275661138502914,1.8097862258436567e+293,0
NQ,RTH,B0,30min,S-C_q0.90,M5_RGARCH,2232,0.9606130236763046,0.5792816644076726,0.5910381945496106,0.5158626466354711,-2.9592778394112615,-3.0806139064052935,4.781943914221965,0.4863290004482295,2.3751781669442047,0
NQ,RTH,B0,30min,S-C_q0.90,M6_PARK,2232,0.9606130236763046,0.5218296344478408,0.5324201747726681,0.47941713314101003,-0.19296881471130023,-0.2008809062079971,3.4079288056830483,0.5437023756163155,0.5188365156461107,0
NQ,RTH,B0,30min,S-C_q0.90,M6_GK,2232,0.9606130236763046,0.5289326738178463,0.5396673704341354,0.4861896651377761,-0.24129042854064875,-0.25118379888003245,3.511291533382842,0.5324966382787988,0.6032480201694157,0
NQ,RTH,B1,1day,S-A,M1_EWMA,1401,0.9946462459749914,0.7032398123164126,0.7051298914634262,0.705867119864163,0.3921801699300824,0.39429110753406804,1.6517578036586233,0.5271428571428571,0.27532507505275533,0
NQ,RTH,B1,1day,S-A,M2_HAR,1401,0.9946462459749914,0.8283113074819931,0.8305375379969442,0.8233333798807718,0.6741483787104945,0.6777770302140614,2.9368405087821827,0.37214285714285716,0.154262460812672,0
NQ,RTH,B1,1day,S-A,M3_HARJ,1401,0.9946462459749914,0.045508728345032216,0.04563104095723875,0.8117115216692145,-359.32824083498775,-361.262350598589,2.5349011746111443,0.3964285714285714,4.024379740959913e+292,0
NQ,RTH,B1,1day,S-A,M4_HARQ,1401,0.9946462459749914,-0.04856509746973093,-0.04869562460484557,0.8109304725396994,-724.1009597521014,-727.9984845690632,1.712003005289749,0.3742857142857143,8.600608356252809e+293,0
NQ,RTH,B1,1day,S-A,M5_RGARCH,1401,0.9946462459749914,0.8127466383882263,0.8149310361514345,0.8091308662318264,0.20298706610308803,0.2040796583956461,3.066433595073287,0.3692857142857143,0.6142432974806492,0
NQ,RTH,B1,1day,S-A,M6_PARK,1401,0.9946462459749914,0.7536161882899449,0.7556416626976677,0.7393736891418184,0.32374207591703996,0.3254846406218477,3.0455956662027917,0.4957142857142857,0.46953360801913735,0
NQ,RTH,B1,1day,S-A,M6_GK,1401,0.9946462459749914,0.7464776621400651,0.7484839505188117,0.7330095362609637,0.31115103741235517,0.3128258299586228,2.9518436061334397,0.4585714285714286,0.5007024104717707,0
NQ,RTH,B1,1day,S-B_q0.80,M1_EWMA,280,0.9946462459749914,0.2151355630799939,0.2157137772744081,0.24525312822867637,-1.0040006043291663,-1.0094047088520455,4.05737859124431,0.5806451612903226,0.4686003699741015,0
NQ,RTH,B1,1day,S-B_q0.80,M2_HAR,280,0.9946462459749914,0.6016220647662308,0.6032390285658945,0.5073300862073677,-0.5284438469327162,-0.5312882334509942,3.5134054894744344,0.4444444444444444,0.2838041245967164,0
NQ,RTH,B1,1day,S-B_q0.80,M3_HARJ,280,0.9946462459749914,0.5937648620231207,0.5953607082256311,0.5004094439980102,-0.6033779809532807,-0.6066257057672055,3.20882473148217,0.4336917562724014,0.3038823055622507,0
NQ,RTH,B1,1day,S-B_q0.80,M4_HARQ,280,0.9946462459749914,-0.07573562137329068,-0.07593917401086428,0.47597898606291694,-12249.67140630455,-12315.606132205263,1.1060784244009843,0.45161290322580644,4.3033758239679237e+294,0
NQ,RTH,B1,1day,S-B_q0.80,M5_RGARCH,280,0.9946462459749914,0.5332206029446125,0.5346537259344272,0.4536524700570161,-4.209210602220481,-4.231866977082337,3.9142824468034125,0.4551971326164875,1.2990313276582814,0
NQ,RTH,B1,1day,S-B_q0.80,M6_PARK,280,0.9946462459749914,0.5241920843434364,0.525600941621274,0.49112288239828134,-1.7265360788061854,-1.7358292818104057,3.0266774669994434,0.5483870967741935,0.6651388918224551,0
NQ,RTH,B1,1day,S-B_q0.80,M6_GK,280,0.9946462459749914,0.528187514734662,0.5296071104256747,0.47835741345097327,-1.929591807518512,-1.9399779723966586,3.089994084441523,0.5197132616487455,0.7048570017762535,0
NQ,RTH,B1,1day,S-C_q0.80,M1_EWMA,280,0.9946462459749914,0.25666972890372586,0.25735957338319665,0.27314834555105477,-0.024193263305820167,-0.02432348526294892,1.1121413259573008,0.5734767025089605,0.37335461644404283,0
NQ,RTH,B1,1day,S-C_q0.80,M2_HAR,280,0.9946462459749914,0.5983161510155001,0.5999242295977277,0.503590971459184,0.3236860554035452,0.32542831857396237,2.259712135597636,0.40860215053763443,0.17833105451662976,0
NQ,RTH,B1,1day,S-C_q0.80,M3_HARJ,280,0.9946462459749914,0.5827963122898548,0.584362678609741,0.48352165570624994,0.2919256652940688,0.29349697591017576,2.4866566464582727,0.41935483870967744,0.1976208614925757,0
NQ,RTH,B1,1day,S-C_q0.80,M4_HARQ,280,0.9946462459749914,-0.0836845507534218,-0.08390946751941837,0.4417983340437603,-6536.033833830422,-6571.214499908502,0.9829934356280949,0.41935483870967744,4.3033758239679237e+294,0
NQ,RTH,B1,1day,S-C_q0.80,M5_RGARCH,280,0.9946462459749914,0.5177330636953573,0.5191245612332837,0.4275519184829253,-0.4539854002050794,-0.4564290088483318,2.032608617584222,0.36917562724014336,0.6446743640231989,0
NQ,RTH,B1,1day,S-C_q0.80,M6_PARK,280,0.9946462459749914,0.5261907521201163,0.5276049811647685,0.5014621637290105,-0.00039883144233443524,-0.0004009781808842851,2.2171785012029077,0.6164874551971327,0.32719944119014893,0
NQ,RTH,B1,1day,S-C_q0.80,M6_GK,280,0.9946462459749914,0.5121521519273766,0.5135286497955328,0.45124172502200277,0.0007105451684614739,0.0007143697282695412,2.6492860363891038,0.5770609318996416,0.338720115891259,0
NQ,RTH,B1,1day,S-B_q0.90,M1_EWMA,140,0.9946462459749914,0.13649550599358934,0.136862361374956,0.13861057051015724,-2.3444262978302715,-2.3570453388,,0.6258992805755396,0.7663114026105277,0
NQ,RTH,B1,1day,S-B_q0.90,M2_HAR,140,0.9946462459749914,0.5755001898043979,0.5770469465277818,0.45967505630753763,-1.0666950639499686,-1.0724366258521913,,0.4316546762589928,0.365724167869934,0
NQ,RTH,B1,1day,S-B_q0.90,M3_HARJ,140,0.9946462459749914,0.5525029698650236,0.5539879175652472,0.423559511053771,-1.1328736538054676,-1.138971426665347,,0.41007194244604317,0.38162159338391366,0
NQ,RTH,B1,1day,S-B_q0.90,M4_HARQ,140,0.9946462459749914,-0.027093805013226398,-0.027166624320341663,0.42995826677582144,-26854.256668722344,-26998.80161152043,,0.43884892086330934,8.606751647935847e+294,0
NQ,RTH,B1,1day,S-B_q0.90,M5_RGARCH,140,0.9946462459749914,0.5261996280057819,0.5276138809059185,0.4589884323544205,-6.0028798914625465,-6.035190818599317,,0.4460431654676259,1.6480640441563739,0
NQ,RTH,B1,1day,S-B_q0.90,M6_PARK,140,0.9946462459749914,0.4865733836466763,0.48788113413209483,0.4803043887078788,-1.9389577292151778,-1.949394306831707,,0.5467625899280576,0.6505357868101169,0
NQ,RTH,B1,1day,S-B_q0.90,M6_GK,140,0.9946462459749914,0.4845519600246915,0.4858542775830085,0.42993592967571237,-2.310437235763831,-2.322873328194236,,0.49640287769784175,0.7103397436160602,0
NQ,RTH,B1,1day,S-C_q0.90,M1_EWMA,140,0.9946462459749914,0.11631712060107788,0.11662974306675512,0.13408410050075445,-0.20788771367439995,-0.2090066840503884,,0.5611510791366906,0.5477005674725871,0
NQ,RTH,B1,1day,S-C_q0.90,M2_HAR,140,0.9946462459749914,0.6292985484770821,0.6309898976340711,0.5733703614615907,0.31856508261848937,0.3202797817893731,,0.4244604316546763,0.1716911126512514,0
NQ,RTH,B1,1day,S-C_q0.90,M3_HARJ,140,0.9946462459749914,0.6186516999625197,0.6203144338647885,0.5527497758632002,0.3130816775802193,0.3147668619342391,,0.4172661870503597,0.18083130916398465,0
NQ,RTH,B1,1day,S-C_q0.90,M4_HARQ,140,0.9946462459749914,-0.07620829800346544,-0.07641312104158568,0.49065895197920467,-12187.715027378454,-12253.316268671557,,0.4316546762589928,8.606751647935847e+294,0
NQ,RTH,B1,1day,S-C_q0.90,M5_RGARCH,140,0.9946462459749914,0.560695085555259,0.562202050989355,0.4738492488683826,-0.28476690870490495,-0.2862996868054986,,0.43884892086330934,0.5910992455419743,0
NQ,RTH,B1,1day,S-C_q0.90,M6_PARK,140,0.9946462459749914,0.5839679149124202,0.5855374301178596,0.5524042771861538,0.22436348196209877,0.22557113433044615,,0.5899280575539568,0.2326266637252979,0
NQ,RTH,B1,1day,S-C_q0.90,M6_GK,140,0.9946462459749914,0.5650246163713253,0.5665432181715208,0.5211650740198116,0.17581052952481813,0.17675684218008758,,0.5611510791366906,0.25578745277615733,0
NQ,RTH,B1,1h,S-A,M1_EWMA,10906,0.9779987766345288,0.7455073315858571,0.7538462226952024,0.737526304932043,0.504368313261695,0.5157146668396844,1.1232245443336795,0.4812471343420449,0.37114755884724276,0
NQ,RTH,B1,1h,S-A,M2_HAR,10906,0.9779987766345288,0.8106379785583486,0.819705390166385,0.8006585305681362,0.6087759373425535,0.6224710622210203,3.3060095070652937,0.47290233837689133,0.30957618237296014,0
NQ,RTH,B1,1h,S-A,M3_HARJ,10906,0.9779987766345288,0.8091936746543403,0.8182449309645358,0.7992778009330481,0.607451071833786,0.6211163923171104,3.236721898864666,0.47427785419532326,0.3119129329265833,0
NQ,RTH,B1,1h,S-A,M4_HARQ,10906,0.9779987766345288,0.08919542487787473,0.09019312255836054,0.8015573832140606,-27.704554215948953,-28.32780048180157,3.1276124086036448,0.4739110499770747,3.1330374560172694e+292,0
NQ,RTH,B1,1h,S-A,M5_RGARCH,10906,0.9779987766345288,0.7034639346450163,0.7113325482747145,0.7080910765432291,-0.19903869498995497,-0.20351630262246667,2.872281849108867,0.4600641907381935,2.5007514725042177,0
NQ,RTH,B1,1h,S-A,M6_PARK,10906,0.9779987766345288,0.7200455651755319,0.7280996530528343,0.7077259970925369,0.23649229854334775,0.2418124686793174,2.7885289558963526,0.4764786795048143,1.3493001455493168,0
NQ,RTH,B1,1h,S-A,M6_GK,10906,0.9779987766345288,0.7271081902427463,0.7352412772913329,0.7162608734492957,0.25181598027171304,0.2574808745040127,2.900176241406804,0.474828060522696,1.3642851161544427,0
NQ,RTH,B1,1h,S-B_q0.80,M1_EWMA,2181,0.9779987766345288,0.45337737738899253,0.4584486415084815,0.4198533538826545,-0.9091953232959062,-0.929648732715814,0.9257657859383177,0.4775229357798165,0.593929679911573,0
NQ,RTH,B1,1h,S-B_q0.80,M2_HAR,2181,0.9779987766345288,0.5100825996671995,0.5157881414844051,0.434630786160515,-0.8095314572941334,-0.8277428117853869,1.1877243319721609,0.4114678899082569,0.5516452214847251,0
NQ,RTH,B1,1h,S-B_q0.80,M3_HARJ,2181,0.9779987766345288,0.5099623736797404,0.5156665707061231,0.4348385807856244,-0.8259770968993072,-0.8445584152381501,1.18384317146373,0.4178899082568807,0.5592943932557568,0
NQ,RTH,B1,1h,S-B_q0.80,M4_HARQ,2181,0.9779987766345288,-0.045711530364501755,-0.04622283784331655,0.42091815920892045,-610.4442041307582,-624.1768586167433,0.886838582547787,0.41009174311926605,1.5666623794279843e+293,0
NQ,RTH,B1,1h,S-B_q0.80,M5_RGARCH,2181,0.9779987766345288,0.4110181055896639,0.4156155590032885,0.36281842831468303,-7.999208212406069,-8.179159732625429,0.9130474972673097,0.4091743119266055,4.69937958325441,0
NQ,RTH,B1,1h,S-B_q0.80,M6_PARK,2181,0.9779987766345288,0.3783058588488661,0.382537408599366,0.3274072196764678,-3.910153322482394,-3.998116782863411,0.9388306955785286,0.44954128440366975,2.420693673803487,0
NQ,RTH,B1,1h,S-B_q0.80,M6_GK,2181,0.9779987766345288,0.39029031841119394,0.3946559206371833,0.33953203360029843,-4.015856500263645,-4.1061978769369585,1.0006965363082085,0.4371559633027523,2.555507396848756,0
NQ,RTH,B1,1h,S-C_q0.80,M1_EWMA,2181,0.9779987766345288,0.45500873050578877,0.4600982421668182,0.4109626802833544,0.12105177668050715,0.12377497760996008,1.2079943452879685,0.5165137614678899,0.31201539522807137,0
NQ,RTH,B1,1h,S-C_q0.80,M2_HAR,2181,0.9779987766345288,0.6517434658929467,0.6590335589115459,0.5903073206013922,0.3755774922882754,0.38402654610745596,3.549822979731621,0.5275229357798165,0.20491424052146662,0
NQ,RTH,B1,1h,S-C_q0.80,M3_HARJ,2181,0.9779987766345288,0.6483666983085681,0.6556190204079627,0.5865463670883998,0.3718516589338503,0.38021689578534984,3.3412858388884437,0.5376146788990825,0.20797217251212885,0
NQ,RTH,B1,1h,S-C_q0.80,M4_HARQ,2181,0.9779987766345288,-0.03910608341911569,-0.039543505504088736,0.5853398542183875,-343.5093551286702,-351.2369987933402,2.5048274569695184,0.5266055045871559,1.5666623794279843e+293,0
NQ,RTH,B1,1h,S-C_q0.80,M5_RGARCH,2181,0.9779987766345288,0.5550526749741773,0.5612612307059024,0.4949116533067663,-1.373191012690397,-1.4040825464176923,3.3216123021360624,0.5197247706422018,1.54571691307029,0
NQ,RTH,B1,1h,S-C_q0.80,M6_PARK,2181,0.9779987766345288,0.5102719469321092,0.5159796066979346,0.46937354395854053,-0.15975664898271424,-0.16335056116579802,2.5537755003127565,0.5532110091743119,0.5741918609962835,0
NQ,RTH,B1,1h,S-C_q0.80,M6_GK,2181,0.9779987766345288,0.5184681455495543,0.5242674841022752,0.47828778256044335,-0.12505347254627264,-0.12786669629240674,2.681522370842171,0.5486238532110091,0.6041461913336484,0
NQ,RTH,B1,1h,S-B_q0.90,M1_EWMA,1091,0.9779987766345288,0.3931515068606932,0.3975491129824363,0.3479292627755027,-2.024196563669752,-2.069733226697256,0.7396921575791257,0.4944954128440367,0.8333383208895511,0
NQ,RTH,B1,1h,S-B_q0.90,M2_HAR,1091,0.9779987766345288,0.46721720681657813,0.4724432766981017,0.38999226456571373,-1.8264907069099112,-1.8675797460557129,1.2472125709718547,0.42385321100917434,0.7415844809540045,0
NQ,RTH,B1,1h,S-B_q0.90,M3_HARJ,1091,0.9779987766345288,0.4667086054871978,0.4719289863956904,0.3885587003583286,-1.8439490371738718,-1.8854308218249873,1.216163327245815,0.42935779816513764,0.7505240461873017,0
NQ,RTH,B1,1h,S-B_q0.90,M4_HARQ,1091,0.9779987766345288,-0.07175350381907493,-0.07255610445049789,0.377539786292803,-1507.1251579901668,-1541.0296965569403,0.7845900788091567,0.42385321100917434,3.1318887713404525e+293,0
NQ,RTH,B1,1h,S-B_q0.90,M5_RGARCH,1091,0.9779987766345288,0.39729850818056645,0.4017425006904396,0.35501277118260105,-11.864122083061456,-12.131019349418874,1.0283602059059644,0.42752293577981654,5.4165926005776575,0
NQ,RTH,B1,1h,S-B_q0.90,M6_PARK,1091,0.9779987766345288,0.3639542549211553,0.3680252744430081,0.32207645875054586,-5.627005159175511,-5.753591204417511,1.0703818075959917,0.4669724770642202,2.72790296753431,0
NQ,RTH,B1,1h,S-B_q0.90,M6_GK,1091,0.9779987766345288,0.3677705062796464,0.3718842125775724,0.3159506669467231,-5.782599653052239,-5.912685977942849,1.062336734873508,0.45321100917431195,2.800309114660899,0
NQ,RTH,B1,1h,S-C_q0.90,M1_EWMA,1091,0.9779987766345288,0.4084084113173828,0.4129766739297326,0.34752906424716645,0.06640059552757693,0.06789435438362554,0.812142739986431,0.5256880733944954,0.33477971182822697,0
NQ,RTH,B1,1h,S-C_q0.90,M2_HAR,1091,0.9779987766345288,0.6385937377430534,0.6457367441449103,0.5624208333144668,0.35211941685598336,0.3600407539032821,3.91063047519692,0.5174311926605505,0.18987868783800135,0
NQ,RTH,B1,1h,S-C_q0.90,M3_HARJ,1091,0.9779987766345288,0.638786731190024,0.6459318963249624,0.566498047567515,0.3532059491152758,0.3611517289732422,3.68340154144725,0.5385321100917431,0.19001348776911814,0
NQ,RTH,B1,1h,S-C_q0.90,M4_HARQ,1091,0.9779987766345288,-0.06317897104359269,-0.06388566102182842,0.55323605161478,-764.4366768897185,-781.6335716904306,1.8852470651384856,0.5211009174311927,3.1318887713404525e+293,0
NQ,RTH,B1,1h,S-C_q0.90,M5_RGARCH,1091,0.9779987766345288,0.5267418093087475,0.5326336931366656,0.4637108331841721,-1.7543942509923944,-1.7938613962581664,3.431395032963524,0.5073394495412844,1.599451815701742,0
NQ,RTH,B1,1h,S-C_q0.90,M6_PARK,1091,0.9779987766345288,0.5159591918727613,0.5217304664606855,0.4761184667346368,-0.13686607279386376,-0.13994503476256354,2.80141869430162,0.5761467889908257,0.4407152027389586,0
NQ,RTH,B1,1h,S-C_q0.90,M6_GK,1091,0.9779987766345288,0.5243315679713425,0.5301964919838326,0.48994145890604823,-0.13365803084072492,-0.13666482416334552,2.9877261761285405,0.5458715596330275,0.4810571368223149,0
NQ,RTH,B1,30min,S-A,M1_EWMA,22312,0.9602158030725474,0.7614531420571781,0.7770675232954498,0.7528385022830262,0.5341180993383692,0.5562479784536672,1.1645610412781635,0.47353323472726455,0.3777820290231652,0
NQ,RTH,B1,30min,S-A,M2_HAR,22312,0.9602158030725474,0.8441493314387916,0.8614594832460419,0.8358084602786924,0.6653819051927778,0.6929503795539034,4.913466250150182,0.430191385415266,0.27719009400235245,0
NQ,RTH,B1,30min,S-A,M3_HARJ,22312,0.9602158030725474,0.8439911433211028,0.8612980513180114,0.8356675424702017,0.665252860583134,0.6928159882959893,4.8901960115905165,0.42978799695217607,0.27733488054410793,0
NQ,RTH,B1,30min,S-A,M4_HARQ,22312,0.9602158030725474,0.1645291309908107,0.16790297034375037,0.8403681196448287,-12.638592189916565,-13.162241393523159,4.6277045763551685,0.4312670879835059,9.558020981748853e+291,0
NQ,RTH,B1,30min,S-A,M5_RGARCH,22312,0.9602158030725474,0.7862459602099584,0.8023687437296401,0.780247096752247,-0.1632460186860134,-0.17000971881909305,4.925602198644679,0.4227511093182735,2.2941532567640244,0
NQ,RTH,B1,30min,S-A,M6_PARK,22312,0.9602158030725474,0.7699201340708405,0.7857081397042859,0.7590611816070965,0.31968757069049736,0.33293304449639843,3.6521102288146583,0.4538120209762001,1.2165110372299477,0
NQ,RTH,B1,30min,S-A,M6_GK,22312,0.9602158030725474,0.7746883966286012,0.7905741803987549,0.7653494367731982,0.295361121407694,0.3075986881934066,3.814180029081762,0.4535879162744834,1.3518883715151997,0
NQ,RTH,B1,30min,S-B_q0.80,M1_EWMA,4463,0.9602158030725474,0.45777343103193346,0.46716054690038117,0.43078743661927515,-0.8853888403987555,-0.9220727648572782,0.6120585947313915,0.4677274764679516,0.6394501833444569,0
NQ,RTH,B1,30min,S-B_q0.80,M2_HAR,4463,0.9602158030725474,0.5636249963687362,0.5751827076481785,0.5166526420205791,-0.4803983631293556,-0.5003024961598762,1.5736147481734164,0.43635141192290455,0.4956540806964182,0
NQ,RTH,B1,30min,S-B_q0.80,M3_HARJ,4463,0.9602158030725474,0.5640414091575812,0.575607659410308,0.5166149807063715,-0.4806275778834157,-0.5005412078675222,1.572721160205057,0.4356790676826535,0.4956468324096148,0
NQ,RTH,B1,30min,S-B_q0.80,M4_HARQ,4463,0.9602158030725474,-0.01160814791540634,-0.011846184948823418,0.5120922072222792,-281.48726787789775,-293.1500054229273,1.3794294906939435,0.4381443298969072,4.778368006829047e+292,0
NQ,RTH,B1,30min,S-B_q0.80,M5_RGARCH,4463,0.9602158030725474,0.463736511213391,0.4732459061849968,0.43839107296577423,-7.699199615258877,-8.018197149664259,1.2413432997047071,0.42223218287763337,4.771610108965954,0
NQ,RTH,B1,30min,S-B_q0.80,M6_PARK,4463,0.9602158030725474,0.4313793178723889,0.44022519525542464,0.4023530333445776,-3.109418580657006,-3.23824974626259,1.2210128647459848,0.46302106678619454,2.218408574663537,0
NQ,RTH,B1,30min,S-B_q0.80,M6_GK,4463,0.9602158030725474,0.4360234015206987,0.4449645106239572,0.4047571148069482,-3.4037604161089208,-3.5447869168757635,1.1873982957237295,0.4547288211564321,2.5231394972153964,0
NQ,RTH,B1,30min,S-C_q0.80,M1_EWMA,4463,0.9602158030725474,0.45696522340466345,0.4663357661429803,0.42056863794479316,0.09925958408037128,0.10337216255216318,0.9133127618957537,0.498655311519498,0.3657473551093084,0
NQ,RTH,B1,30min,S-C_q0.80,M2_HAR,4463,0.9602158030725474,0.6908335515266922,0.7049998052985061,0.640040734424747,0.4437548294979322,0.46214072719693106,3.981179701257356,0.5078440161362617,0.18901244957845836,0
NQ,RTH,B1,30min,S-C_q0.80,M3_HARJ,4463,0.9602158030725474,0.6908972143446432,0.7050647735881339,0.6398512954251802,0.4439273374017094,0.46232038254443236,3.992111707795254,0.5080681308830121,0.18918053692876974,0
NQ,RTH,B1,30min,S-C_q0.80,M4_HARQ,4463,0.9602158030725474,-0.00947209806158516,-0.009666333191878679,0.6510806313907217,-167.87321564252667,-174.82863238175983,3.1857448356835514,0.5082922456297624,4.778368006829047e+292,0
NQ,RTH,B1,30min,S-C_q0.80,M5_RGARCH,4463,0.9602158030725474,0.6076675805595145,0.6201284304069001,0.5561422308374299,-1.8937822987353,-1.9722465436160068,3.7898728228253904,0.4775885253249664,1.9312094539245621,0
NQ,RTH,B1,30min,S-C_q0.80,M6_PARK,4463,0.9602158030725474,0.554178245226043,0.5655422411398797,0.5132555205141783,-0.13182681031545718,-0.13728873227625607,2.8902063782725675,0.5262214253697893,0.6028286763271328,0
NQ,RTH,B1,30min,S-C_q0.80,M6_GK,4463,0.9602158030725474,0.5633489728370238,0.5749010239695485,0.5208376554009597,-0.16689570083320238,-0.17381061663342867,3.1190006488026856,0.5302554908112954,0.6899657316492032,0
NQ,RTH,B1,30min,S-B_q0.90,M1_EWMA,2232,0.9602158030725474,0.39288987284154875,0.4009464844967718,0.3573664463230489,-1.9717262312024282,-2.0534198925837277,0.5630134234964145,0.4863290004482295,0.87836853090702,0
NQ,RTH,B1,30min,S-B_q0.90,M2_HAR,2232,0.9602158030725474,0.5022796482991271,0.5125794100094526,0.4467051551468273,-1.407592834334975,-1.4659130060460241,1.4503111571962553,0.45629762438368443,0.6852891708089196,0
NQ,RTH,B1,30min,S-B_q0.90,M3_HARJ,2232,0.9602158030725474,0.5029272019515134,0.5132402424166856,0.4469402841282748,-1.408339010762611,-1.4666900984717561,1.4497147734240272,0.4554011653966831,0.6851902672783422,0
NQ,RTH,B1,30min,S-B_q0.90,M4_HARQ,2232,0.9602158030725474,-0.042394314669305794,-0.04326365377242304,0.4413870852764809,-711.688807720875,-741.1758955055489,1.142553302532304,0.45629762438368443,9.5545951677769e+292,0
NQ,RTH,B1,30min,S-B_q0.90,M5_RGARCH,2232,0.9602158030725474,0.4215495517556956,0.43019385965644585,0.3911473210569921,-11.99937339248763,-12.496538126212279,1.1647893710080492,0.44150605109816227,6.00809594850494,0
NQ,RTH,B1,30min,S-B_q0.90,M6_PARK,2232,0.9602158030725474,0.3908354260413869,0.398849909148181,0.37228764809787995,-4.852134911613758,-5.053171272632309,1.3141569052033424,0.4872254594352308,2.6615920753528473,0
NQ,RTH,B1,30min,S-B_q0.90,M6_GK,2232,0.9602158030725474,0.39468694521522174,0.4027804076910737,0.371054264004696,-5.35207693364084,-5.573827171470196,1.2856397008979652,0.4845360824742268,3.0846592543601887,0
NQ,RTH,B1,30min,S-C_q0.90,M1_EWMA,2232,0.9602158030725474,0.4186077497963541,0.4271917330168535,0.36305584893213266,0.008214909525885106,0.008555274241059792,0.8147399123522909,0.5141192290452712,0.3675542363080857,0
NQ,RTH,B1,30min,S-C_q0.90,M2_HAR,2232,0.9602158030725474,0.6816893204026875,0.6956680622935794,0.6185242605160349,0.42727053784136215,0.44497344917065534,4.3236760661818545,0.5244285073957866,0.16038846541885504,0
NQ,RTH,B1,30min,S-C_q0.90,M3_HARJ,2232,0.9602158030725474,0.6822571483551442,0.6962475341432606,0.6189269340729028,0.4281451380791551,0.4458842863335039,4.311305003200834,0.5248767368892873,0.16035531245312054,0
NQ,RTH,B1,30min,S-C_q0.90,M4_HARQ,2232,0.9602158030725474,-0.03628422851021172,-0.037028274001132386,0.6283542038187995,-387.18276619922426,-403.22473860594374,2.7820027763976114,0.528014343343792,9.5545951677769e+292,0
NQ,RTH,B1,30min,S-C_q0.90,M5_RGARCH,2232,0.9602158030725474,0.5874932678768771,0.5995404226561778,0.5204430088369064,-2.4786340177602058,-2.5813301653950567,4.595109747468917,0.4796055580457194,1.9467044285063921,0
NQ,RTH,B1,30min,S-C_q0.90,M6_PARK,2232,0.9602158030725474,0.526146906788857,0.5369360912260548,0.48236322289111877,-0.19744581549779316,-0.2056265006949438,3.454671878462182,0.5423576871358136,0.5083968541236485,0
NQ,RTH,B1,30min,S-C_q0.90,M6_GK,2232,0.9602158030725474,0.5342452306424288,0.5452004795543216,0.4892262028302423,-0.2445639606606762,-0.2546968711388711,3.5695111926749017,0.5257731958762887,0.588490785561653,0
