nu,nsr,n,M,master,estimator,mean_recovery,sd_recovery
3.0,1e-05,390,13,2092611599,E1_a_L1-5,0.995968282602094,0.0386049812178528
3.0,1e-05,390,13,2092611599,E1_a_L1-10,0.9978632616118023,0.03763268412794885
3.0,1e-05,390,13,2092611599,E1_d_L1-5,1.057418674117021,0.04816419658936467
3.0,1e-05,390,13,2092611599,E1_d_L1-10,1.1279205402414239,0.059675111358662304
3.0,1e-05,390,13,2092611599,E2,0.9969153246006315,0.043562998088488944
3.0,1e-05,390,13,2092611599,E4,1.2331842435569251,0.06726496583999746
3.0,1e-05,390,26,2092611599,E1_a_L1-5,0.9938987167889692,0.028903532657800848
3.0,1e-05,390,26,2092611599,E1_a_L1-10,0.9941818408642027,0.02971270217938643
3.0,1e-05,390,26,2092611599,E1_d_L1-5,1.0546311010236846,0.03695628691523201
3.0,1e-05,390,26,2092611599,E1_d_L1-10,1.126391652450162,0.050055731044486074
3.0,1e-05,390,26,2092611599,E2,0.9952573298759692,0.028082863174106392
3.0,1e-05,390,26,2092611599,E4,1.157652525774626,0.050095514473821726
3.0,1e-05,390,78,2092611599,E1_a_L1-5,0.9926282600127849,0.02341723673640684
3.0,1e-05,390,78,2092611599,E1_a_L1-10,0.9933605851237172,0.02397216272837463
3.0,1e-05,390,78,2092611599,E1_d_L1-5,1.0513012047352965,0.03009480383959187
3.0,1e-05,390,78,2092611599,E1_d_L1-10,1.1263150168384468,0.046761679245916274
3.0,1e-05,390,78,2092611599,E2,0.9930732298766085,0.021889088362147015
3.0,1e-05,390,78,2092611599,E4,1.1243470851620023,0.041427792722835165
3.0,1e-05,390,195,2092611599,E1_a_L1-5,0.9862371423150433,0.02156221136610433
3.0,1e-05,390,195,2092611599,E1_a_L1-10,0.9865212978368908,0.02280217573965282
3.0,1e-05,390,195,2092611599,E1_d_L1-5,1.0454183394173586,0.029016173168519944
3.0,1e-05,390,195,2092611599,E1_d_L1-10,1.1177367969577423,0.04410521984079784
3.0,1e-05,390,195,2092611599,E2,0.9860420047176245,0.01952073095075412
3.0,1e-05,390,195,2092611599,E4,1.1106398312910892,0.03863332937314924
3.0,1e-05,390,390,2092611599,E1_a_L1-5,0.9729887085755761,0.021303947393944415
3.0,1e-05,390,390,2092611599,E1_a_L1-10,0.9733726031610046,0.022201326996643563
3.0,1e-05,390,390,2092611599,E1_d_L1-5,1.031140853773012,0.029042361353710862
3.0,1e-05,390,390,2092611599,E1_d_L1-10,1.1029256825663187,0.04355437372934072
3.0,1e-05,390,390,2092611599,E2,0.9723139349022648,0.01893816150197503
3.0,1e-05,390,390,2092611599,E4,1.094497907822255,0.03791924422680633
3.0,1e-05,390,13,2383867976,E1_a_L1-5,0.9993967340871066,0.0327260439224712
3.0,1e-05,390,13,2383867976,E1_a_L1-10,0.9998551075163843,0.032815779052506766
3.0,1e-05,390,13,2383867976,E1_d_L1-5,1.0616523075482005,0.04074235368920921
3.0,1e-05,390,13,2383867976,E1_d_L1-10,1.1333547148494938,0.054829697548681174
3.0,1e-05,390,13,2383867976,E2,0.9959172984216331,0.040949663932111975
3.0,1e-05,390,13,2383867976,E4,1.2330782336592403,0.06024419444585629
3.0,1e-05,390,26,2383867976,E1_a_L1-5,0.9980582193121164,0.027628551438197986
3.0,1e-05,390,26,2383867976,E1_a_L1-10,0.9988490354689397,0.028418160527035476
3.0,1e-05,390,26,2383867976,E1_d_L1-5,1.0590239351430808,0.03395701402373195
3.0,1e-05,390,26,2383867976,E1_d_L1-10,1.1345877897017165,0.048335940666765415
3.0,1e-05,390,26,2383867976,E2,0.9957689253564632,0.02863957852405793
3.0,1e-05,390,26,2383867976,E4,1.1602502984748468,0.04473910961115221
3.0,1e-05,390,78,2383867976,E1_a_L1-5,0.9915678812359345,0.022672127237225878
3.0,1e-05,390,78,2383867976,E1_a_L1-10,0.9928709455940006,0.02271121660510123
3.0,1e-05,390,78,2383867976,E1_d_L1-5,1.0510165781965175,0.026950605393252405
3.0,1e-05,390,78,2383867976,E1_d_L1-10,1.126051062438912,0.04340173721977319
3.0,1e-05,390,78,2383867976,E2,0.9913398613104814,0.021201238297281932
3.0,1e-05,390,78,2383867976,E4,1.1229602136291483,0.03732941852469285
3.0,1e-05,390,195,2383867976,E1_a_L1-5,0.9834695999644061,0.02069028674982334
3.0,1e-05,390,195,2383867976,E1_a_L1-10,0.9838113832027215,0.02044675046131924
3.0,1e-05,390,195,2383867976,E1_d_L1-5,1.0419594897150517,0.026413673810896546
3.0,1e-05,390,195,2383867976,E1_d_L1-10,1.117310284361877,0.03981416661102745
3.0,1e-05,390,195,2383867976,E2,0.9827684781512486,0.018724553249014196
3.0,1e-05,390,195,2383867976,E4,1.1074364674734802,0.03538419113431801
3.0,1e-05,390,390,2383867976,E1_a_L1-5,0.9701630372616958,0.02034360942434353
3.0,1e-05,390,390,2383867976,E1_a_L1-10,0.9711600966074846,0.020025566451668114
3.0,1e-05,390,390,2383867976,E1_d_L1-5,1.0287087124318846,0.025473620107290575
3.0,1e-05,390,390,2383867976,E1_d_L1-10,1.1022944944702069,0.039672433575318376
3.0,1e-05,390,390,2383867976,E2,0.9689293862494033,0.01821788493148599
3.0,1e-05,390,390,2383867976,E4,1.0915840953086666,0.035644785405711775
3.0,1e-05,390,13,3610172792,E1_a_L1-5,0.9984637566493667,0.03807753641877364
3.0,1e-05,390,13,3610172792,E1_a_L1-10,0.9984573090049849,0.038402494894051654
3.0,1e-05,390,13,3610172792,E1_d_L1-5,1.0612246406354604,0.04810911586640573
3.0,1e-05,390,13,3610172792,E1_d_L1-10,1.1316988830473143,0.06007452652602679
3.0,1e-05,390,13,3610172792,E2,1.0017182568546343,0.041817911381285884
3.0,1e-05,390,13,3610172792,E4,1.233550094054662,0.07324824201620245
3.0,1e-05,390,26,3610172792,E1_a_L1-5,0.9996884048559395,0.029786177566899216
3.0,1e-05,390,26,3610172792,E1_a_L1-10,1.0002500507653247,0.02961179377968912
3.0,1e-05,390,26,3610172792,E1_d_L1-5,1.060554464383716,0.03829440310266719
3.0,1e-05,390,26,3610172792,E1_d_L1-10,1.1304910206399623,0.05136133886212304
3.0,1e-05,390,26,3610172792,E2,1.0029641270770697,0.02889825426729469
3.0,1e-05,390,26,3610172792,E4,1.1634018546711375,0.054697657013498706
3.0,1e-05,390,78,3610172792,E1_a_L1-5,0.9944519469141585,0.025133235550318152
3.0,1e-05,390,78,3610172792,E1_a_L1-10,0.9945495054173776,0.02518768814049873
3.0,1e-05,390,78,3610172792,E1_d_L1-5,1.054926139507838,0.032921459699585896
3.0,1e-05,390,78,3610172792,E1_d_L1-10,1.1270628696639275,0.0473223590844014
3.0,1e-05,390,78,3610172792,E2,0.9963272703244985,0.022374812739649527
3.0,1e-05,390,78,3610172792,E4,1.1261552411152018,0.045818073039121616
3.0,1e-05,390,195,3610172792,E1_a_L1-5,0.9864333168067009,0.023115077463578916
3.0,1e-05,390,195,3610172792,E1_a_L1-10,0.9868616346929063,0.02335608130838396
3.0,1e-05,390,195,3610172792,E1_d_L1-5,1.045286285515247,0.03114115923335052
3.0,1e-05,390,195,3610172792,E1_d_L1-10,1.1176022423799845,0.04600235372391147
3.0,1e-05,390,195,3610172792,E2,0.9868663705284404,0.01944532618810753
3.0,1e-05,390,195,3610172792,E4,1.1108540468911925,0.04195287329095912
3.0,1e-05,390,390,3610172792,E1_a_L1-5,0.973950585756869,0.022639986004139866
3.0,1e-05,390,390,3610172792,E1_a_L1-10,0.9739870801046464,0.022808014548508698
3.0,1e-05,390,390,3610172792,E1_d_L1-5,1.0322505656474457,0.03053630964413024
3.0,1e-05,390,390,3610172792,E1_d_L1-10,1.101239443288558,0.04603763269795178
3.0,1e-05,390,390,3610172792,E2,0.9727569901005043,0.01954594887529849
3.0,1e-05,390,390,3610172792,E4,1.094744278420893,0.04162859958626771
3.0,1e-05,390,13,338961480,E1_a_L1-5,1.0031722543716595,0.038791087967078315
3.0,1e-05,390,13,338961480,E1_a_L1-10,1.0037330928332218,0.037755820817279136
3.0,1e-05,390,13,338961480,E1_d_L1-5,1.0673943648804407,0.047650741359589945
3.0,1e-05,390,13,338961480,E1_d_L1-10,1.139391988309531,0.06313283268079171
3.0,1e-05,390,13,338961480,E2,1.004682991685991,0.04244859190677499
3.0,1e-05,390,13,338961480,E4,1.2399674812489885,0.07435794222354318
3.0,1e-05,390,26,338961480,E1_a_L1-5,1.0010590428325856,0.03041782069806179
3.0,1e-05,390,26,338961480,E1_a_L1-10,1.001846552296608,0.02880035935084301
3.0,1e-05,390,26,338961480,E1_d_L1-5,1.0626923201992025,0.03995363071555394
3.0,1e-05,390,26,338961480,E1_d_L1-10,1.1381725629830708,0.05490001639962459
3.0,1e-05,390,26,338961480,E2,1.0018636063975543,0.027271836746192695
3.0,1e-05,390,26,338961480,E4,1.1656830252024033,0.05318465386274861
3.0,1e-05,390,78,338961480,E1_a_L1-5,0.9975140471939281,0.023001045465616078
3.0,1e-05,390,78,338961480,E1_a_L1-10,0.9971276677624733,0.02333609008051551
3.0,1e-05,390,78,338961480,E1_d_L1-5,1.0585238120995188,0.030078418380754843
3.0,1e-05,390,78,338961480,E1_d_L1-10,1.1324770446748935,0.047457967513891385
3.0,1e-05,390,78,338961480,E2,0.9963054085856322,0.020137315361833722
3.0,1e-05,390,78,338961480,E4,1.1300018847325317,0.04374940130427969
3.0,1e-05,390,195,338961480,E1_a_L1-5,0.9877628566383606,0.019358114949222568
3.0,1e-05,390,195,338961480,E1_a_L1-10,0.987595034511924,0.020225176616439935
3.0,1e-05,390,195,338961480,E1_d_L1-5,1.048079163574184,0.026618536249903284
3.0,1e-05,390,195,338961480,E1_d_L1-10,1.12289924942677,0.044623156599672975
3.0,1e-05,390,195,338961480,E2,0.986747779884303,0.01789575979769208
3.0,1e-05,390,195,338961480,E4,1.1137072715790053,0.04140635294800412
3.0,1e-05,390,390,338961480,E1_a_L1-5,0.9740951812506944,0.0190830449996978
3.0,1e-05,390,390,338961480,E1_a_L1-10,0.9739967730052949,0.019892431818080078
3.0,1e-05,390,390,338961480,E1_d_L1-5,1.033462391230577,0.026630348216858876
3.0,1e-05,390,390,338961480,E1_d_L1-10,1.1064115521759248,0.043233444700320874
3.0,1e-05,390,390,338961480,E2,0.9724940047758395,0.017088578221395024
3.0,1e-05,390,390,338961480,E4,1.0970016126041038,0.040697275062929736
3.0,1e-05,390,13,1861959406,E1_a_L1-5,1.0003719889826947,0.03494682698084098
3.0,1e-05,390,13,1861959406,E1_a_L1-10,1.000734769752926,0.03486254933910654
3.0,1e-05,390,13,1861959406,E1_d_L1-5,1.0624253718692427,0.044790761208193065
3.0,1e-05,390,13,1861959406,E1_d_L1-10,1.1318299543130756,0.056847614482883266
3.0,1e-05,390,13,1861959406,E2,0.9975715642087718,0.03797684864103789
3.0,1e-05,390,13,1861959406,E4,1.2275991981963572,0.06430496507624991
3.0,1e-05,390,26,1861959406,E1_a_L1-5,0.9968614581136142,0.028842254067476387
3.0,1e-05,390,26,1861959406,E1_a_L1-10,0.9978364655983001,0.02858281838069699
3.0,1e-05,390,26,1861959406,E1_d_L1-5,1.0575059781359146,0.03625662446766644
3.0,1e-05,390,26,1861959406,E1_d_L1-10,1.1287274403773089,0.04807783154377537
3.0,1e-05,390,26,1861959406,E2,0.9968067156686833,0.026670511743898825
3.0,1e-05,390,26,1861959406,E4,1.1576778045992782,0.04613932621720282
3.0,1e-05,390,78,1861959406,E1_a_L1-5,0.9939186900100606,0.023724050274456124
3.0,1e-05,390,78,1861959406,E1_a_L1-10,0.9942862188099668,0.02412740730130631
3.0,1e-05,390,78,1861959406,E1_d_L1-5,1.053201452767918,0.028935947808312247
3.0,1e-05,390,78,1861959406,E1_d_L1-10,1.1254347449316469,0.0421120683384926
3.0,1e-05,390,78,1861959406,E2,0.9935282122795306,0.02154701287963175
3.0,1e-05,390,78,1861959406,E4,1.1231204795224412,0.03948024562508881
3.0,1e-05,390,195,1861959406,E1_a_L1-5,0.9854002723808705,0.021746704620983232
3.0,1e-05,390,195,1861959406,E1_a_L1-10,0.9852027884079128,0.02272358035944583
3.0,1e-05,390,195,1861959406,E1_d_L1-5,1.0441009582927165,0.026985497571784593
3.0,1e-05,390,195,1861959406,E1_d_L1-10,1.1144679462197253,0.04231856843421204
3.0,1e-05,390,195,1861959406,E2,0.9842674825463176,0.01956388770380743
3.0,1e-05,390,195,1861959406,E4,1.1075001748650677,0.037523797977406556
3.0,1e-05,390,390,1861959406,E1_a_L1-5,0.9724502444942326,0.020829470922795707
3.0,1e-05,390,390,1861959406,E1_a_L1-10,0.9724542174094453,0.022141280298581898
3.0,1e-05,390,390,1861959406,E1_d_L1-5,1.030620840050863,0.02602880655924008
3.0,1e-05,390,390,1861959406,E1_d_L1-10,1.099880074628976,0.04172297787282674
3.0,1e-05,390,390,1861959406,E2,0.970680994183056,0.01864466260329125
3.0,1e-05,390,390,1861959406,E4,1.0914248808907903,0.037516035563722676
3.0,1e-05,1380,23,2092611599,E1_a_L1-5,0.995468296591755,0.03150287915153726
3.0,1e-05,1380,23,2092611599,E1_a_L1-10,0.9956252502057198,0.03267026974253112
3.0,1e-05,1380,23,2092611599,E1_d_L1-5,1.054922210812287,0.04126342206660269
3.0,1e-05,1380,23,2092611599,E1_d_L1-10,1.128994545478091,0.05774737095274068
3.0,1e-05,1380,23,2092611599,E2,0.9967314582404702,0.029238193599638095
3.0,1e-05,1380,23,2092611599,E4,1.1387891332514355,0.05331842201662244
3.0,1e-05,1380,46,2092611599,E1_a_L1-5,0.994402761503673,0.026016159005336218
3.0,1e-05,1380,46,2092611599,E1_a_L1-10,0.9955156802625731,0.02645187529397862
3.0,1e-05,1380,46,2092611599,E1_d_L1-5,1.052732221928592,0.03214943597992702
3.0,1e-05,1380,46,2092611599,E1_d_L1-10,1.127621707118711,0.05150371331304248
3.0,1e-05,1380,46,2092611599,E2,0.9954778413149057,0.021951812439168553
3.0,1e-05,1380,46,2092611599,E4,1.098670231449831,0.04228363755096167
3.0,1e-05,1380,138,2092611599,E1_a_L1-5,0.9897619495958468,0.02119140288525877
3.0,1e-05,1380,138,2092611599,E1_a_L1-10,0.9914801776438438,0.021737988133429205
3.0,1e-05,1380,138,2092611599,E1_d_L1-5,1.0483743815517321,0.026308625223094732
3.0,1e-05,1380,138,2092611599,E1_d_L1-10,1.123461138748421,0.04466412962050265
3.0,1e-05,1380,138,2092611599,E2,0.9887361583642034,0.017007245697104923
3.0,1e-05,1380,138,2092611599,E4,1.0728058405477099,0.035107877716350364
3.0,1e-05,1380,345,2092611599,E1_a_L1-5,0.9757170359695376,0.020615433733512885
3.0,1e-05,1380,345,2092611599,E1_a_L1-10,0.9765656927163903,0.021653357254630634
3.0,1e-05,1380,345,2092611599,E1_d_L1-5,1.0332614103307753,0.026055888719162854
3.0,1e-05,1380,345,2092611599,E1_d_L1-10,1.1073793452198697,0.04556088100510632
3.0,1e-05,1380,345,2092611599,E2,0.9705571722235214,0.016917519660911987
3.0,1e-05,1380,345,2092611599,E4,1.0538111095779505,0.034603939844874886
3.0,1e-05,1380,1380,2092611599,E1_a_L1-5,0.9114414563481771,0.02412018260681443
3.0,1e-05,1380,1380,2092611599,E1_a_L1-10,0.9122185968181487,0.02454548564009241
3.0,1e-05,1380,1380,2092611599,E1_d_L1-5,0.9658696920524794,0.029617005247795015
3.0,1e-05,1380,1380,2092611599,E1_d_L1-10,1.0347938680169064,0.04691448567494771
3.0,1e-05,1380,1380,2092611599,E2,0.891040498997709,0.022931851550611417
3.0,1e-05,1380,1380,2092611599,E4,0.9846601759622726,0.03742237943218062
3.0,1e-05,1380,23,2383867976,E1_a_L1-5,0.995027237012271,0.031218216295355143
3.0,1e-05,1380,23,2383867976,E1_a_L1-10,0.9954585841179767,0.031176503488467577
3.0,1e-05,1380,23,2383867976,E1_d_L1-5,1.0553282301797853,0.03807466544819267
3.0,1e-05,1380,23,2383867976,E1_d_L1-10,1.1294645015189446,0.0490485415762612
3.0,1e-05,1380,23,2383867976,E2,0.9955097997336446,0.026838392573624144
3.0,1e-05,1380,23,2383867976,E4,1.1371627805389943,0.043391419017884604
3.0,1e-05,1380,46,2383867976,E1_a_L1-5,0.9954151814152116,0.02459065542039805
3.0,1e-05,1380,46,2383867976,E1_a_L1-10,0.9956254271155458,0.024415452293546153
3.0,1e-05,1380,46,2383867976,E1_d_L1-5,1.0548563139494527,0.030614412717750568
3.0,1e-05,1380,46,2383867976,E1_d_L1-10,1.1296058648976646,0.042828378757354416
3.0,1e-05,1380,46,2383867976,E2,0.9939488041345145,0.020583418685037016
3.0,1e-05,1380,46,2383867976,E4,1.0982585359373662,0.033955192170911336
3.0,1e-05,1380,138,2383867976,E1_a_L1-5,0.9894726467911927,0.018640980528936608
3.0,1e-05,1380,138,2383867976,E1_a_L1-10,0.9906109049744891,0.018594276803425472
3.0,1e-05,1380,138,2383867976,E1_d_L1-5,1.0490623303635749,0.02575048253741863
3.0,1e-05,1380,138,2383867976,E1_d_L1-10,1.12242579290581,0.03972846411357603
3.0,1e-05,1380,138,2383867976,E2,0.9870809207320903,0.015586185119480369
3.0,1e-05,1380,138,2383867976,E4,1.0721223005911555,0.027318187253310075
3.0,1e-05,1380,345,2383867976,E1_a_L1-5,0.9761083542783507,0.018521326055316086
3.0,1e-05,1380,345,2383867976,E1_a_L1-10,0.9767303110926783,0.019216395584949416
3.0,1e-05,1380,345,2383867976,E1_d_L1-5,1.033579555657157,0.025002178926371747
3.0,1e-05,1380,345,2383867976,E1_d_L1-10,1.1063128555221555,0.037910550460246044
3.0,1e-05,1380,345,2383867976,E2,0.9693851110096924,0.015290384666519123
3.0,1e-05,1380,345,2383867976,E4,1.053177459979746,0.02629430991275975
3.0,1e-05,1380,1380,2383867976,E1_a_L1-5,0.9129593664018343,0.02188851282194793
3.0,1e-05,1380,1380,2383867976,E1_a_L1-10,0.9129239649595958,0.02206935774098285
3.0,1e-05,1380,1380,2383867976,E1_d_L1-5,0.9658005914116501,0.027400706806061537
3.0,1e-05,1380,1380,2383867976,E1_d_L1-10,1.0339652391371552,0.040128067000623116
3.0,1e-05,1380,1380,2383867976,E2,0.8910471439053587,0.021595491964910712
3.0,1e-05,1380,1380,2383867976,E4,0.9844417588292216,0.029737034474254548
3.0,1e-05,1380,23,3610172792,E1_a_L1-5,0.9975359405395597,0.03152159269655917
3.0,1e-05,1380,23,3610172792,E1_a_L1-10,0.9982221201070385,0.0287158381497948
3.0,1e-05,1380,23,3610172792,E1_d_L1-5,1.0588801518270774,0.04133518947780858
3.0,1e-05,1380,23,3610172792,E1_d_L1-10,1.133497463371899,0.050293539377893506
3.0,1e-05,1380,23,3610172792,E2,0.998309920621827,0.02900437682203888
3.0,1e-05,1380,23,3610172792,E4,1.1401911330350891,0.04411470203030844
3.0,1e-05,1380,46,3610172792,E1_a_L1-5,0.9981338911100903,0.025559378629723857
3.0,1e-05,1380,46,3610172792,E1_a_L1-10,0.9984410262430257,0.02420336165832704
3.0,1e-05,1380,46,3610172792,E1_d_L1-5,1.0587359930890328,0.032711834341593075
3.0,1e-05,1380,46,3610172792,E1_d_L1-10,1.134203595834326,0.04594837158089884
3.0,1e-05,1380,46,3610172792,E2,0.997138138108851,0.021370766316340124
3.0,1e-05,1380,46,3610172792,E4,1.0997260612570765,0.03417172131437814
3.0,1e-05,1380,138,3610172792,E1_a_L1-5,0.9911841817044267,0.0215974032942283
3.0,1e-05,1380,138,3610172792,E1_a_L1-10,0.9913142384321924,0.021704207998361345
3.0,1e-05,1380,138,3610172792,E1_d_L1-5,1.050833913631329,0.02799808377190431
3.0,1e-05,1380,138,3610172792,E1_d_L1-10,1.1245702292616266,0.04375543928736993
3.0,1e-05,1380,138,3610172792,E2,0.987856216290329,0.017110669429477764
3.0,1e-05,1380,138,3610172792,E4,1.0732319789221294,0.030299678478014697
3.0,1e-05,1380,345,3610172792,E1_a_L1-5,0.9767712233688259,0.018908359559069287
3.0,1e-05,1380,345,3610172792,E1_a_L1-10,0.9773529280711517,0.01937453781450255
3.0,1e-05,1380,345,3610172792,E1_d_L1-5,1.0349195916525258,0.02589848702712933
3.0,1e-05,1380,345,3610172792,E1_d_L1-10,1.1087592173738074,0.04096118903137114
3.0,1e-05,1380,345,3610172792,E2,0.9696996506709382,0.016135197151063718
3.0,1e-05,1380,345,3610172792,E4,1.0536992087158525,0.02804687430475449
3.0,1e-05,1380,1380,3610172792,E1_a_L1-5,0.9143824776328262,0.02326367407042245
3.0,1e-05,1380,1380,3610172792,E1_a_L1-10,0.9146691737052711,0.023200606172631293
3.0,1e-05,1380,1380,3610172792,E1_d_L1-5,0.968874367146735,0.029168844432305066
3.0,1e-05,1380,1380,3610172792,E1_d_L1-10,1.039057150016332,0.043606447880726644
3.0,1e-05,1380,1380,3610172792,E2,0.8923269748968476,0.023215059854077628
3.0,1e-05,1380,1380,3610172792,E4,0.9860831115511494,0.03236699844320069
3.0,1e-05,1380,23,338961480,E1_a_L1-5,1.0009891000745432,0.028461362256730002
3.0,1e-05,1380,23,338961480,E1_a_L1-10,1.0006602845030867,0.02802202482084035
3.0,1e-05,1380,23,338961480,E1_d_L1-5,1.0629619067778466,0.036230430275794194
3.0,1e-05,1380,23,338961480,E1_d_L1-10,1.1371165456604313,0.04937099122290636
3.0,1e-05,1380,23,338961480,E2,0.9981790261675271,0.02620094907168705
3.0,1e-05,1380,23,338961480,E4,1.143257929641692,0.04212606548922588
3.0,1e-05,1380,46,338961480,E1_a_L1-5,0.9986461386753054,0.024584018674430524
3.0,1e-05,1380,46,338961480,E1_a_L1-10,0.9980568169723264,0.024885884209419302
3.0,1e-05,1380,46,338961480,E1_d_L1-5,1.060190174092222,0.03188030528864455
3.0,1e-05,1380,46,338961480,E1_d_L1-10,1.132674011983979,0.04619164438802786
3.0,1e-05,1380,46,338961480,E2,0.9968208942581941,0.02097092415957288
3.0,1e-05,1380,46,338961480,E4,1.1025583697690482,0.036160838923592044
3.0,1e-05,1380,138,338961480,E1_a_L1-5,0.9918360413941015,0.01945575635181403
3.0,1e-05,1380,138,338961480,E1_a_L1-10,0.9918366676527893,0.019735933133830662
3.0,1e-05,1380,138,338961480,E1_d_L1-5,1.0515742888139405,0.025987611657928945
3.0,1e-05,1380,138,338961480,E1_d_L1-10,1.1266225720739238,0.04331879644644785
3.0,1e-05,1380,138,338961480,E2,0.9879003535112385,0.015159529131625209
3.0,1e-05,1380,138,338961480,E4,1.0746965093606107,0.030259204163723526
3.0,1e-05,1380,345,338961480,E1_a_L1-5,0.9777661466767938,0.017284845721670924
3.0,1e-05,1380,345,338961480,E1_a_L1-10,0.9780029431081908,0.018087919151969396
3.0,1e-05,1380,345,338961480,E1_d_L1-5,1.0363294263768053,0.02421391515832777
3.0,1e-05,1380,345,338961480,E1_d_L1-10,1.109742655169514,0.04214390301748313
3.0,1e-05,1380,345,338961480,E2,0.9706435706772111,0.013631141002519465
3.0,1e-05,1380,345,338961480,E4,1.0561892396963186,0.028151086348638405
3.0,1e-05,1380,1380,338961480,E1_a_L1-5,0.9151777165794869,0.01984712150249837
3.0,1e-05,1380,1380,338961480,E1_a_L1-10,0.9157479377134564,0.02080839017624405
3.0,1e-05,1380,1380,338961480,E1_d_L1-5,0.9701432856764253,0.02601978950665147
3.0,1e-05,1380,1380,338961480,E1_d_L1-10,1.0392441106983625,0.0430116719988518
3.0,1e-05,1380,1380,338961480,E2,0.8939760753556526,0.019290300154896124
3.0,1e-05,1380,1380,338961480,E4,0.988765174920409,0.030204012519056214
3.0,1e-05,1380,23,1861959406,E1_a_L1-5,1.0000980157717456,0.030406932552783535
3.0,1e-05,1380,23,1861959406,E1_a_L1-10,1.000223404540448,0.02898321516408544
3.0,1e-05,1380,23,1861959406,E1_d_L1-5,1.0614720699757998,0.04024556745591264
3.0,1e-05,1380,23,1861959406,E1_d_L1-10,1.136962402920154,0.05391497036871032
3.0,1e-05,1380,23,1861959406,E2,0.9979497071014289,0.02983809193187804
3.0,1e-05,1380,23,1861959406,E4,1.1442113237831655,0.04718090932706575
3.0,1e-05,1380,46,1861959406,E1_a_L1-5,0.997480235763163,0.024307817322530317
3.0,1e-05,1380,46,1861959406,E1_a_L1-10,0.9973932553167387,0.024531145037734264
3.0,1e-05,1380,46,1861959406,E1_d_L1-5,1.058684907143004,0.03095868244652983
3.0,1e-05,1380,46,1861959406,E1_d_L1-10,1.1350196672868278,0.0467988803815786
3.0,1e-05,1380,46,1861959406,E2,0.9962189902660649,0.021829227086211166
3.0,1e-05,1380,46,1861959406,E4,1.102156604308666,0.035503903685043595
3.0,1e-05,1380,138,1861959406,E1_a_L1-5,0.9915639693222025,0.01977056536016652
3.0,1e-05,1380,138,1861959406,E1_a_L1-10,0.9918417759630508,0.01996836095467053
3.0,1e-05,1380,138,1861959406,E1_d_L1-5,1.0519681346367866,0.02586336303811007
3.0,1e-05,1380,138,1861959406,E1_d_L1-10,1.1277000537553932,0.042390032009259
3.0,1e-05,1380,138,1861959406,E2,0.9881727737091833,0.015764203278587612
3.0,1e-05,1380,138,1861959406,E4,1.0757206632923566,0.029839073110604943
3.0,1e-05,1380,345,1861959406,E1_a_L1-5,0.9767492196204495,0.017814355671922556
3.0,1e-05,1380,345,1861959406,E1_a_L1-10,0.9770772728369513,0.01902780351392426
3.0,1e-05,1380,345,1861959406,E1_d_L1-5,1.0362006056015824,0.02441683080324979
3.0,1e-05,1380,345,1861959406,E1_d_L1-10,1.1105058623923147,0.04145329545745889
3.0,1e-05,1380,345,1861959406,E2,0.9702583189392692,0.014655771496669707
3.0,1e-05,1380,345,1861959406,E4,1.0558579980864202,0.028166317084243095
3.0,1e-05,1380,1380,1861959406,E1_a_L1-5,0.9142659174569908,0.022067015027038832
3.0,1e-05,1380,1380,1861959406,E1_a_L1-10,0.9147810935650743,0.02206224563941035
3.0,1e-05,1380,1380,1861959406,E1_d_L1-5,0.9692426885448634,0.02800852391750527
3.0,1e-05,1380,1380,1861959406,E1_d_L1-10,1.038268414203078,0.044739259990230894
3.0,1e-05,1380,1380,1861959406,E2,0.8928163739575763,0.02092698684930547
3.0,1e-05,1380,1380,1861959406,E4,0.9876024964764306,0.03133738178610277
3.0,3e-05,390,13,2092611599,E1_a_L1-5,0.995991036167664,0.0414310559463746
3.0,3e-05,390,13,2092611599,E1_a_L1-10,0.9963804335368988,0.04054827572001099
3.0,3e-05,390,13,2092611599,E1_d_L1-5,1.057906598575659,0.0478484699868757
3.0,3e-05,390,13,2092611599,E1_d_L1-10,1.125818031998042,0.05971087974502902
3.0,3e-05,390,13,2092611599,E2,0.9962062825955686,0.04319050473912326
3.0,3e-05,390,13,2092611599,E4,1.229346008043732,0.06669370036128511
3.0,3e-05,390,26,2092611599,E1_a_L1-5,0.9934423075643508,0.03303048354842445
3.0,3e-05,390,26,2092611599,E1_a_L1-10,0.9944284045661334,0.033079859556379064
3.0,3e-05,390,26,2092611599,E1_d_L1-5,1.0536532896904205,0.03870555546307989
3.0,3e-05,390,26,2092611599,E1_d_L1-10,1.1248265039166385,0.05107277424754504
3.0,3e-05,390,26,2092611599,E2,0.9938224220831046,0.03185837750592885
3.0,3e-05,390,26,2092611599,E4,1.1550795188182916,0.047722725075724615
3.0,3e-05,390,78,2092611599,E1_a_L1-5,0.9824617154767772,0.025806885170849492
3.0,3e-05,390,78,2092611599,E1_a_L1-10,0.9825463147813241,0.025541957897222578
3.0,3e-05,390,78,2092611599,E1_d_L1-5,1.040972736066546,0.03176461782088887
3.0,3e-05,390,78,2092611599,E1_d_L1-10,1.1118313102768962,0.044799168972044376
3.0,3e-05,390,78,2092611599,E2,0.9823916965004524,0.022753243788643625
3.0,3e-05,390,78,2092611599,E4,1.113103105615175,0.04018457201739826
3.0,3e-05,390,195,2092611599,E1_a_L1-5,0.9587754721568615,0.02378418436940832
3.0,3e-05,390,195,2092611599,E1_a_L1-10,0.9588139071717433,0.024248764490796337
3.0,3e-05,390,195,2092611599,E1_d_L1-5,1.0147123455861207,0.028142573273514212
3.0,3e-05,390,195,2092611599,E1_d_L1-10,1.0859448495684179,0.04295413675039451
3.0,3e-05,390,195,2092611599,E2,0.9578011843322223,0.02045240891712203
3.0,3e-05,390,195,2092611599,E4,1.081178338401907,0.03819913822262059
3.0,3e-05,390,390,2092611599,E1_a_L1-5,0.9225433467405043,0.024867177962557843
3.0,3e-05,390,390,2092611599,E1_a_L1-10,0.9226318981597658,0.025842714379379687
3.0,3e-05,390,390,2092611599,E1_d_L1-5,0.9767602567102035,0.030215793201931133
3.0,3e-05,390,390,2092611599,E1_d_L1-10,1.044048580902791,0.0439279408670871
3.0,3e-05,390,390,2092611599,E2,0.9201667386540691,0.022223548285808862
3.0,3e-05,390,390,2092611599,E4,1.0399790461065528,0.03971810661754161
3.0,3e-05,390,13,2383867976,E1_a_L1-5,0.9993015417543714,0.039080307504535894
3.0,3e-05,390,13,2383867976,E1_a_L1-10,0.9992563697784874,0.038993272399432746
3.0,3e-05,390,13,2383867976,E1_d_L1-5,1.0619229573764628,0.0507464979214952
3.0,3e-05,390,13,2383867976,E1_d_L1-10,1.132945486293664,0.06501107323084898
3.0,3e-05,390,13,2383867976,E2,0.9985955234126588,0.042017814642708005
3.0,3e-05,390,13,2383867976,E4,1.2295832168823468,0.07428839134628136
3.0,3e-05,390,26,2383867976,E1_a_L1-5,0.9970332616468808,0.03047558651615576
3.0,3e-05,390,26,2383867976,E1_a_L1-10,0.9968517415350222,0.02970347068434536
3.0,3e-05,390,26,2383867976,E1_d_L1-5,1.05839585627233,0.04192301927170476
3.0,3e-05,390,26,2383867976,E1_d_L1-10,1.131282301280182,0.05460807401419188
3.0,3e-05,390,26,2383867976,E2,0.9962428234921314,0.03037643637421278
3.0,3e-05,390,26,2383867976,E4,1.1555510080961513,0.05499323836099651
3.0,3e-05,390,78,2383867976,E1_a_L1-5,0.9845267278717915,0.02295097252810002
3.0,3e-05,390,78,2383867976,E1_a_L1-10,0.9851019205017579,0.022483679349920783
3.0,3e-05,390,78,2383867976,E1_d_L1-5,1.0451010961349836,0.03348690458194743
3.0,3e-05,390,78,2383867976,E1_d_L1-10,1.117721772779627,0.04633360229011893
3.0,3e-05,390,78,2383867976,E2,0.9840944876971439,0.020587765219526596
3.0,3e-05,390,78,2383867976,E4,1.1120214206678674,0.04303982908033669
3.0,3e-05,390,195,2383867976,E1_a_L1-5,0.9614665273777274,0.022783176745866173
3.0,3e-05,390,195,2383867976,E1_a_L1-10,0.9617735761060823,0.022299397862503987
3.0,3e-05,390,195,2383867976,E1_d_L1-5,1.0196643949402013,0.032169803218219266
3.0,3e-05,390,195,2383867976,E1_d_L1-10,1.0912832603270715,0.0462906206475967
3.0,3e-05,390,195,2383867976,E2,0.9591908984267292,0.0197326770282996
3.0,3e-05,390,195,2383867976,E4,1.0801407556805358,0.04254609782307252
3.0,3e-05,390,390,2383867976,E1_a_L1-5,0.9247818987748705,0.024292309025502473
3.0,3e-05,390,390,2383867976,E1_a_L1-10,0.9251968413232368,0.02415643737131022
3.0,3e-05,390,390,2383867976,E1_d_L1-5,0.9808688641416379,0.033883093299846054
3.0,3e-05,390,390,2383867976,E1_d_L1-10,1.0502592784049638,0.04832577657762255
3.0,3e-05,390,390,2383867976,E2,0.921469151624307,0.021892048691258985
3.0,3e-05,390,390,2383867976,E4,1.038680341324937,0.04321303564784702
3.0,3e-05,390,13,3610172792,E1_a_L1-5,0.9971078432666246,0.03972179739059534
3.0,3e-05,390,13,3610172792,E1_a_L1-10,0.9956827189519813,0.03891690731278184
3.0,3e-05,390,13,3610172792,E1_d_L1-5,1.0609388715610857,0.04810993846496346
3.0,3e-05,390,13,3610172792,E1_d_L1-10,1.1315690652110524,0.060802034636767976
3.0,3e-05,390,13,3610172792,E2,0.994401841846811,0.039423605736218385
3.0,3e-05,390,13,3610172792,E4,1.2302632699294955,0.0637632480363328
3.0,3e-05,390,26,3610172792,E1_a_L1-5,0.9950037815456781,0.03132957988570516
3.0,3e-05,390,26,3610172792,E1_a_L1-10,0.9953877262082923,0.029728937429018346
3.0,3e-05,390,26,3610172792,E1_d_L1-5,1.0573783942484105,0.038997882820230444
3.0,3e-05,390,26,3610172792,E1_d_L1-10,1.1289225475984626,0.05209952260011604
3.0,3e-05,390,26,3610172792,E2,0.9948078445934462,0.029476169777016375
3.0,3e-05,390,26,3610172792,E4,1.1576681312692427,0.0471829740074987
3.0,3e-05,390,78,3610172792,E1_a_L1-5,0.9839558551492287,0.02217682593732019
3.0,3e-05,390,78,3610172792,E1_a_L1-10,0.9838779349580815,0.02154358783691816
3.0,3e-05,390,78,3610172792,E1_d_L1-5,1.0438202929905867,0.029186601941331304
3.0,3e-05,390,78,3610172792,E1_d_L1-10,1.1154055394490292,0.04512072837835014
3.0,3e-05,390,78,3610172792,E2,0.9818934575719576,0.019183265040910485
3.0,3e-05,390,78,3610172792,E4,1.113792113191492,0.03802042788389737
3.0,3e-05,390,195,3610172792,E1_a_L1-5,0.9599336373163229,0.02133781687191313
3.0,3e-05,390,195,3610172792,E1_a_L1-10,0.9597863629905166,0.02129742649012737
3.0,3e-05,390,195,3610172792,E1_d_L1-5,1.0184225846530603,0.027540496175315534
3.0,3e-05,390,195,3610172792,E1_d_L1-10,1.0886400729420231,0.04347612157408364
3.0,3e-05,390,195,3610172792,E2,0.9571630644999121,0.019114969170030586
3.0,3e-05,390,195,3610172792,E4,1.0809912710411285,0.03798588927714661
3.0,3e-05,390,390,3610172792,E1_a_L1-5,0.9237670160137926,0.022966488531929233
3.0,3e-05,390,390,3610172792,E1_a_L1-10,0.9235812154609928,0.0233331462460704
3.0,3e-05,390,390,3610172792,E1_d_L1-5,0.9797736359646163,0.029127809201360953
3.0,3e-05,390,390,3610172792,E1_d_L1-10,1.04671027613279,0.04551128443325387
3.0,3e-05,390,390,3610172792,E2,0.919231124866618,0.020721202929850923
3.0,3e-05,390,390,3610172792,E4,1.0393748083985082,0.038873842545728156
3.0,3e-05,390,13,338961480,E1_a_L1-5,0.9962541103350939,0.03842543636563813
3.0,3e-05,390,13,338961480,E1_a_L1-10,0.9968568140783645,0.036458072786993506
3.0,3e-05,390,13,338961480,E1_d_L1-5,1.0576503798604673,0.04709288673309737
3.0,3e-05,390,13,338961480,E1_d_L1-10,1.1243987640293165,0.06147252678831026
3.0,3e-05,390,13,338961480,E2,0.9961150840666817,0.041037023981697264
3.0,3e-05,390,13,338961480,E4,1.229142992882245,0.07336112431701365
3.0,3e-05,390,26,338961480,E1_a_L1-5,0.9941974922606149,0.02902558445793259
3.0,3e-05,390,26,338961480,E1_a_L1-10,0.9946079460715676,0.028259025842541415
3.0,3e-05,390,26,338961480,E1_d_L1-5,1.0541589903000412,0.0375360254582132
3.0,3e-05,390,26,338961480,E1_d_L1-10,1.1215848671418078,0.05289986327784005
3.0,3e-05,390,26,338961480,E2,0.9957260461112728,0.02809926359634849
3.0,3e-05,390,26,338961480,E4,1.1572415368560434,0.05298632166633986
3.0,3e-05,390,78,338961480,E1_a_L1-5,0.9828660633679156,0.02380851913223675
3.0,3e-05,390,78,338961480,E1_a_L1-10,0.9830417803503119,0.02344379226891817
3.0,3e-05,390,78,338961480,E1_d_L1-5,1.0419003827832365,0.03224320109428689
3.0,3e-05,390,78,338961480,E1_d_L1-10,1.1093181978126307,0.04791512211317908
3.0,3e-05,390,78,338961480,E2,0.9832548635536691,0.021791424068154503
3.0,3e-05,390,78,338961480,E4,1.1136802677154494,0.044624750022939814
3.0,3e-05,390,195,338961480,E1_a_L1-5,0.9591935802166983,0.02241991519432589
3.0,3e-05,390,195,338961480,E1_a_L1-10,0.9589161094209427,0.022126275792529373
3.0,3e-05,390,195,338961480,E1_d_L1-5,1.0158988932496968,0.02910602942197659
3.0,3e-05,390,195,338961480,E1_d_L1-10,1.081732661030153,0.04551666309214831
3.0,3e-05,390,195,338961480,E2,0.9574103359751562,0.020501692381419034
3.0,3e-05,390,195,338961480,E4,1.0813100664336512,0.043423331716434116
3.0,3e-05,390,390,338961480,E1_a_L1-5,0.9215038388856597,0.024743954027414382
3.0,3e-05,390,390,338961480,E1_a_L1-10,0.9212799731241685,0.02443141662915537
3.0,3e-05,390,390,338961480,E1_d_L1-5,0.9760509199425786,0.031459439551959456
3.0,3e-05,390,390,338961480,E1_d_L1-10,1.0393187050349073,0.0466080047725785
3.0,3e-05,390,390,338961480,E2,0.9180921505214461,0.02351527273324146
3.0,3e-05,390,390,338961480,E4,1.0385270488553635,0.04548468185691112
3.0,3e-05,390,13,1861959406,E1_a_L1-5,0.9960001300534125,0.03843006296290143
3.0,3e-05,390,13,1861959406,E1_a_L1-10,0.9959659620315946,0.0399737738499339
3.0,3e-05,390,13,1861959406,E1_d_L1-5,1.05977781734317,0.04645262691113943
3.0,3e-05,390,13,1861959406,E1_d_L1-10,1.1276734438298066,0.06350579372628126
3.0,3e-05,390,13,1861959406,E2,0.9980782315419969,0.040207268210849405
3.0,3e-05,390,13,1861959406,E4,1.230897467833634,0.07177469091057907
3.0,3e-05,390,26,1861959406,E1_a_L1-5,0.9912917665503315,0.030642684869526815
3.0,3e-05,390,26,1861959406,E1_a_L1-10,0.9918172051126958,0.031443045446132876
3.0,3e-05,390,26,1861959406,E1_d_L1-5,1.052075484878187,0.037963361743700054
3.0,3e-05,390,26,1861959406,E1_d_L1-10,1.1225379924891887,0.05447054278026911
3.0,3e-05,390,26,1861959406,E2,0.9920052759331679,0.029695821842663332
3.0,3e-05,390,26,1861959406,E4,1.1530471068315662,0.05267927128863353
3.0,3e-05,390,78,1861959406,E1_a_L1-5,0.9825531438407298,0.024711531619552148
3.0,3e-05,390,78,1861959406,E1_a_L1-10,0.9820041811045871,0.026213328697286827
3.0,3e-05,390,78,1861959406,E1_d_L1-5,1.042975033590497,0.031034074610157922
3.0,3e-05,390,78,1861959406,E1_d_L1-10,1.112618734153948,0.048478323798939356
3.0,3e-05,390,78,1861959406,E2,0.9823320159370614,0.02160767282381062
3.0,3e-05,390,78,1861959406,E4,1.1129697973457926,0.043836180862652584
3.0,3e-05,390,195,1861959406,E1_a_L1-5,0.9586810090771125,0.023836092103291653
3.0,3e-05,390,195,1861959406,E1_a_L1-10,0.958455416829255,0.025015397364680503
3.0,3e-05,390,195,1861959406,E1_d_L1-5,1.017482263733091,0.030227142298406402
3.0,3e-05,390,195,1861959406,E1_d_L1-10,1.0850610040123534,0.04722714161311921
3.0,3e-05,390,195,1861959406,E2,0.9576414525543617,0.02100534890461737
3.0,3e-05,390,195,1861959406,E4,1.081093742352954,0.04260863573538366
3.0,3e-05,390,390,1861959406,E1_a_L1-5,0.9230236307447086,0.0260029038630132
3.0,3e-05,390,390,1861959406,E1_a_L1-10,0.9225357431395471,0.026968809283927822
3.0,3e-05,390,390,1861959406,E1_d_L1-5,0.9791109540779604,0.03190136119012562
3.0,3e-05,390,390,1861959406,E1_d_L1-10,1.044889626826387,0.04771985639134674
3.0,3e-05,390,390,1861959406,E2,0.9199772575864742,0.023107792760980787
3.0,3e-05,390,390,1861959406,E4,1.039930343359662,0.042565059738942305
3.0,3e-05,1380,23,2092611599,E1_a_L1-5,0.995744653910711,0.03273013603383912
3.0,3e-05,1380,23,2092611599,E1_a_L1-10,0.9972986905717476,0.03351393742710428
3.0,3e-05,1380,23,2092611599,E1_d_L1-5,1.0578810973456068,0.039765167723626
3.0,3e-05,1380,23,2092611599,E1_d_L1-10,1.1293069774319893,0.054431983880978974
3.0,3e-05,1380,23,2092611599,E2,0.9937071870448279,0.028125378827397407
3.0,3e-05,1380,23,2092611599,E4,1.1368916579607775,0.04478115185263174
3.0,3e-05,1380,46,2092611599,E1_a_L1-5,0.9917723665508827,0.023688632880924734
3.0,3e-05,1380,46,2092611599,E1_a_L1-10,0.9926446173990332,0.023997509061649918
3.0,3e-05,1380,46,2092611599,E1_d_L1-5,1.0513385626539615,0.03060832049724918
3.0,3e-05,1380,46,2092611599,E1_d_L1-10,1.1247714146307004,0.04679244053506096
3.0,3e-05,1380,46,2092611599,E2,0.9885741528344041,0.021192065535835903
3.0,3e-05,1380,46,2092611599,E4,1.0936962310026133,0.03509976891311429
3.0,3e-05,1380,138,2092611599,E1_a_L1-5,0.9720059219154205,0.019256804930036134
3.0,3e-05,1380,138,2092611599,E1_a_L1-10,0.9723825588728792,0.020547249474567132
3.0,3e-05,1380,138,2092611599,E1_d_L1-5,1.0301307426925002,0.02674782941003431
3.0,3e-05,1380,138,2092611599,E1_d_L1-10,1.102258275418944,0.044751038485639744
3.0,3e-05,1380,138,2092611599,E2,0.9638579208056648,0.01654440950753226
3.0,3e-05,1380,138,2092611599,E4,1.0522569633591703,0.030391484405430894
3.0,3e-05,1380,345,2092611599,E1_a_L1-5,0.9330314143918108,0.02012712268935628
3.0,3e-05,1380,345,2092611599,E1_a_L1-10,0.9339030551407194,0.02142682487786234
3.0,3e-05,1380,345,2092611599,E1_d_L1-5,0.9900867747797119,0.027899464545844067
3.0,3e-05,1380,345,2092611599,E1_d_L1-10,1.0584776966582077,0.04612534521911022
3.0,3e-05,1380,345,2092611599,E2,0.9154420473161848,0.01908431550352909
3.0,3e-05,1380,345,2092611599,E4,1.007257902655153,0.030787950469922377
3.0,3e-05,1380,1380,2092611599,E1_a_L1-5,0.7797717285659206,0.034143435031701905
3.0,3e-05,1380,1380,2092611599,E1_a_L1-10,0.7801336946531992,0.03465738450358125
3.0,3e-05,1380,1380,2092611599,E1_d_L1-5,0.8270310589071205,0.03952434849292404
3.0,3e-05,1380,1380,2092611599,E1_d_L1-10,0.8841781002546887,0.0519499732469725
3.0,3e-05,1380,1380,2092611599,E2,0.7368843747163771,0.03542242691298763
3.0,3e-05,1380,1380,2092611599,E4,0.8429154250007894,0.04185314037340285
3.0,3e-05,1380,23,2383867976,E1_a_L1-5,0.9952227646487506,0.03257208924388144
3.0,3e-05,1380,23,2383867976,E1_a_L1-10,0.9962358980153909,0.03155466040822512
3.0,3e-05,1380,23,2383867976,E1_d_L1-5,1.0568252132075218,0.039419080922100204
3.0,3e-05,1380,23,2383867976,E1_d_L1-10,1.1327386058458344,0.054154197608643456
3.0,3e-05,1380,23,2383867976,E2,0.9955758653190554,0.028563987761924186
3.0,3e-05,1380,23,2383867976,E4,1.1389014217670124,0.04442484032197036
3.0,3e-05,1380,46,2383867976,E1_a_L1-5,0.9906697027929099,0.023962394238713217
3.0,3e-05,1380,46,2383867976,E1_a_L1-10,0.9908239518257157,0.024467788798651656
3.0,3e-05,1380,46,2383867976,E1_d_L1-5,1.0505534947868531,0.02972373405930502
3.0,3e-05,1380,46,2383867976,E1_d_L1-10,1.1267144677256917,0.04542611203238554
3.0,3e-05,1380,46,2383867976,E2,0.9887716315108375,0.02166866028212802
3.0,3e-05,1380,46,2383867976,E4,1.0946356943450257,0.03379410393135575
3.0,3e-05,1380,138,2383867976,E1_a_L1-5,0.9726186437979831,0.01872812188292808
3.0,3e-05,1380,138,2383867976,E1_a_L1-10,0.9734523484514724,0.018698330656345616
3.0,3e-05,1380,138,2383867976,E1_d_L1-5,1.031445435241377,0.02564850594421399
3.0,3e-05,1380,138,2383867976,E1_d_L1-10,1.1060647235203112,0.042177884204433025
3.0,3e-05,1380,138,2383867976,E2,0.965345491472634,0.01521181818900453
3.0,3e-05,1380,138,2383867976,E4,1.0541520214735023,0.02804232837289178
3.0,3e-05,1380,345,2383867976,E1_a_L1-5,0.934050591084076,0.02057558877515697
3.0,3e-05,1380,345,2383867976,E1_a_L1-10,0.9349672593289572,0.02045290126658079
3.0,3e-05,1380,345,2383867976,E1_d_L1-5,0.9901068865090931,0.026543154074300728
3.0,3e-05,1380,345,2383867976,E1_d_L1-10,1.0635592109629455,0.042489870090599687
3.0,3e-05,1380,345,2383867976,E2,0.9179036484312223,0.0193925725843194
3.0,3e-05,1380,345,2383867976,E4,1.0092577046463125,0.029419012634803263
3.0,3e-05,1380,1380,2383867976,E1_a_L1-5,0.7832673365872955,0.03487005516870968
3.0,3e-05,1380,1380,2383867976,E1_a_L1-10,0.7838234757799014,0.03520750032439523
3.0,3e-05,1380,1380,2383867976,E1_d_L1-5,0.8308949040973787,0.03980782478688825
3.0,3e-05,1380,1380,2383867976,E1_d_L1-10,0.8918971324585763,0.050094703558468644
3.0,3e-05,1380,1380,2383867976,E2,0.7413489625348424,0.03714863347494493
3.0,3e-05,1380,1380,2383867976,E4,0.8475071904969816,0.04068263954092572
3.0,3e-05,1380,23,3610172792,E1_a_L1-5,0.9913490598152928,0.03010932801442351
3.0,3e-05,1380,23,3610172792,E1_a_L1-10,0.9917074491559369,0.02963126583608072
3.0,3e-05,1380,23,3610172792,E1_d_L1-5,1.0529790497581062,0.04029789517406868
3.0,3e-05,1380,23,3610172792,E1_d_L1-10,1.125375259803992,0.05418269956956749
3.0,3e-05,1380,23,3610172792,E2,0.9916762815275795,0.028354077126999975
3.0,3e-05,1380,23,3610172792,E4,1.1357165772456392,0.04488770679403915
3.0,3e-05,1380,46,3610172792,E1_a_L1-5,0.9900749970670024,0.02430203200010332
3.0,3e-05,1380,46,3610172792,E1_a_L1-10,0.9905119523187079,0.024103741106006427
3.0,3e-05,1380,46,3610172792,E1_d_L1-5,1.05039214239145,0.03291508870946102
3.0,3e-05,1380,46,3610172792,E1_d_L1-10,1.12336906325456,0.04998373187433041
3.0,3e-05,1380,46,3610172792,E2,0.9876054227642954,0.020920477759743962
3.0,3e-05,1380,46,3610172792,E4,1.0931804938064986,0.03537304329363876
3.0,3e-05,1380,138,3610172792,E1_a_L1-5,0.9725575028325926,0.01866602637210932
3.0,3e-05,1380,138,3610172792,E1_a_L1-10,0.9728221222617358,0.020207923228697144
3.0,3e-05,1380,138,3610172792,E1_d_L1-5,1.0315896278190269,0.027262809517995115
3.0,3e-05,1380,138,3610172792,E1_d_L1-10,1.1038474822101205,0.04456660552888959
3.0,3e-05,1380,138,3610172792,E2,0.9653177345453097,0.016398762992839596
3.0,3e-05,1380,138,3610172792,E4,1.0544471976283756,0.028835218260881482
3.0,3e-05,1380,345,3610172792,E1_a_L1-5,0.934751322339485,0.01972724259352193
3.0,3e-05,1380,345,3610172792,E1_a_L1-10,0.9352886277224007,0.020629014256926724
3.0,3e-05,1380,345,3610172792,E1_d_L1-5,0.9919293729202274,0.028615183899121776
3.0,3e-05,1380,345,3610172792,E1_d_L1-10,1.0610220430213795,0.04395955110270831
3.0,3e-05,1380,345,3610172792,E2,0.9175733309470708,0.018191307477627386
3.0,3e-05,1380,345,3610172792,E4,1.0101343594121481,0.029706120734697476
3.0,3e-05,1380,1380,3610172792,E1_a_L1-5,0.7830866844087967,0.03253698696274613
3.0,3e-05,1380,1380,3610172792,E1_a_L1-10,0.7834844298025581,0.033045918311035954
3.0,3e-05,1380,1380,3610172792,E1_d_L1-5,0.8304645552569832,0.03881621160744778
3.0,3e-05,1380,1380,3610172792,E1_d_L1-10,0.8884211458884198,0.050061826497099525
3.0,3e-05,1380,1380,3610172792,E2,0.7405977299859668,0.034199946566077104
3.0,3e-05,1380,1380,3610172792,E4,0.8477364167380388,0.040843729592230156
3.0,3e-05,1380,23,338961480,E1_a_L1-5,0.9961332363716892,0.03328166246703501
3.0,3e-05,1380,23,338961480,E1_a_L1-10,0.9964216425486818,0.03358722949133487
3.0,3e-05,1380,23,338961480,E1_d_L1-5,1.0552012462459117,0.038822422222793036
3.0,3e-05,1380,23,338961480,E1_d_L1-10,1.1272926591705792,0.05561647958990086
3.0,3e-05,1380,23,338961480,E2,0.9958487228278226,0.030062051279818213
3.0,3e-05,1380,23,338961480,E4,1.1379469312054953,0.050012508327967234
3.0,3e-05,1380,46,338961480,E1_a_L1-5,0.9924194312348011,0.026283911542681858
3.0,3e-05,1380,46,338961480,E1_a_L1-10,0.9923523186925894,0.027258212670279076
3.0,3e-05,1380,46,338961480,E1_d_L1-5,1.0527720498179398,0.033125613180117586
3.0,3e-05,1380,46,338961480,E1_d_L1-10,1.1227748102400148,0.049457617665445715
3.0,3e-05,1380,46,338961480,E2,0.9891498873727802,0.02277234833064318
3.0,3e-05,1380,46,338961480,E4,1.0938649422257685,0.04019615594360744
3.0,3e-05,1380,138,338961480,E1_a_L1-5,0.9732853898272444,0.022267885661367212
3.0,3e-05,1380,138,338961480,E1_a_L1-10,0.9734487516031031,0.02318364523128814
3.0,3e-05,1380,138,338961480,E1_d_L1-5,1.0311423964291018,0.030086594225575195
3.0,3e-05,1380,138,338961480,E1_d_L1-10,1.10457377486942,0.04739631819502864
3.0,3e-05,1380,138,338961480,E2,0.9661967599905473,0.01877213777675338
3.0,3e-05,1380,138,338961480,E4,1.0539235262977988,0.03378924310039807
3.0,3e-05,1380,345,338961480,E1_a_L1-5,0.9345838424480155,0.02077341064928725
3.0,3e-05,1380,345,338961480,E1_a_L1-10,0.9345409733638513,0.021451886329702487
3.0,3e-05,1380,345,338961480,E1_d_L1-5,0.9884506848228451,0.027837533243433625
3.0,3e-05,1380,345,338961480,E1_d_L1-10,1.0604008622077137,0.04641076474035985
3.0,3e-05,1380,345,338961480,E2,0.9170466540998615,0.019589796779762948
3.0,3e-05,1380,345,338961480,E4,1.008598776850834,0.03272392798341469
3.0,3e-05,1380,1380,338961480,E1_a_L1-5,0.7811355565584549,0.03263167595113058
3.0,3e-05,1380,1380,338961480,E1_a_L1-10,0.7814793038561959,0.033374231117404646
3.0,3e-05,1380,1380,338961480,E1_d_L1-5,0.8279327768038133,0.03834869196634931
3.0,3e-05,1380,1380,338961480,E1_d_L1-10,0.8866112877391532,0.05063049327470239
3.0,3e-05,1380,1380,338961480,E2,0.7387037551467535,0.03459535566580819
3.0,3e-05,1380,1380,338961480,E4,0.8449786807047316,0.04247452410779194
3.0,3e-05,1380,23,1861959406,E1_a_L1-5,0.9983320598818941,0.03076818055242245
3.0,3e-05,1380,23,1861959406,E1_a_L1-10,0.9979604478678786,0.0312271946283162
3.0,3e-05,1380,23,1861959406,E1_d_L1-5,1.059628583268075,0.03905222674477903
3.0,3e-05,1380,23,1861959406,E1_d_L1-10,1.1324685003863963,0.05624452087956239
3.0,3e-05,1380,23,1861959406,E2,0.9936617513304068,0.028235307141066385
3.0,3e-05,1380,23,1861959406,E4,1.137450402121924,0.04492974299872659
3.0,3e-05,1380,46,1861959406,E1_a_L1-5,0.9900429042202955,0.02321459734075305
3.0,3e-05,1380,46,1861959406,E1_a_L1-10,0.9907932077289465,0.023682409833366412
3.0,3e-05,1380,46,1861959406,E1_d_L1-5,1.0491901318214942,0.029806715768133027
3.0,3e-05,1380,46,1861959406,E1_d_L1-10,1.1219626309664623,0.0489695348362459
3.0,3e-05,1380,46,1861959406,E2,0.9876073961977596,0.021031038693903156
3.0,3e-05,1380,46,1861959406,E4,1.0919420570123357,0.03598841129013178
3.0,3e-05,1380,138,1861959406,E1_a_L1-5,0.9714036070836937,0.017170681622021327
3.0,3e-05,1380,138,1861959406,E1_a_L1-10,0.9719954548983983,0.018396754555054354
3.0,3e-05,1380,138,1861959406,E1_d_L1-5,1.0289873108958885,0.02396972543856218
3.0,3e-05,1380,138,1861959406,E1_d_L1-10,1.09877200754921,0.04280030806786186
3.0,3e-05,1380,138,1861959406,E2,0.9641659196245169,0.015138418946182664
3.0,3e-05,1380,138,1861959406,E4,1.0527390276729225,0.029189323931434766
3.0,3e-05,1380,345,1861959406,E1_a_L1-5,0.931133091576919,0.019242318333204802
3.0,3e-05,1380,345,1861959406,E1_a_L1-10,0.9314561720607738,0.019764610141657153
3.0,3e-05,1380,345,1861959406,E1_d_L1-5,0.986117548258318,0.02574863833314596
3.0,3e-05,1380,345,1861959406,E1_d_L1-10,1.0537213834321195,0.044030379562216865
3.0,3e-05,1380,345,1861959406,E2,0.9146285690898185,0.01812808907434129
3.0,3e-05,1380,345,1861959406,E4,1.0057313529804335,0.029862359221692298
3.0,3e-05,1380,1380,1861959406,E1_a_L1-5,0.7753564027875867,0.03387228897999217
3.0,3e-05,1380,1380,1861959406,E1_a_L1-10,0.7755877033883778,0.03354108228945963
3.0,3e-05,1380,1380,1861959406,E1_d_L1-5,0.8214889202416563,0.03852129747906504
3.0,3e-05,1380,1380,1861959406,E1_d_L1-10,0.8777911692780553,0.05081775404447228
3.0,3e-05,1380,1380,1861959406,E2,0.7332764195248203,0.03519902524799467
3.0,3e-05,1380,1380,1861959406,E4,0.8393907562841482,0.04158501601964004
3.0,0.0001,390,13,2092611599,E1_a_L1-5,0.9900241363643016,0.03647174980234436
3.0,0.0001,390,13,2092611599,E1_a_L1-10,0.9901797507458489,0.03538810695807638
3.0,0.0001,390,13,2092611599,E1_d_L1-5,1.0513257991569425,0.04634972141932059
3.0,0.0001,390,13,2092611599,E1_d_L1-10,1.1204223893585152,0.05686739187583485
3.0,0.0001,390,13,2092611599,E2,0.9923368571269329,0.04124685986575958
3.0,0.0001,390,13,2092611599,E4,1.2216248102726257,0.06656032735598476
3.0,0.0001,390,26,2092611599,E1_a_L1-5,0.9797765228239764,0.029456326710711175
3.0,0.0001,390,26,2092611599,E1_a_L1-10,0.9789135668406153,0.0296005049874176
3.0,0.0001,390,26,2092611599,E1_d_L1-5,1.0391648258509831,0.03796609603106532
3.0,0.0001,390,26,2092611599,E1_d_L1-10,1.107531542693404,0.05393772105646717
3.0,0.0001,390,26,2092611599,E2,0.9801051342394111,0.03112556040357712
3.0,0.0001,390,26,2092611599,E4,1.1387398992041176,0.04919894085805561
3.0,0.0001,390,78,2092611599,E1_a_L1-5,0.947191369420935,0.024661024154623585
3.0,0.0001,390,78,2092611599,E1_a_L1-10,0.9472785547037933,0.024595393020404952
3.0,0.0001,390,78,2092611599,E1_d_L1-5,1.004794893915228,0.031217155013446855
3.0,0.0001,390,78,2092611599,E1_d_L1-10,1.0729677189925897,0.04702662151403563
3.0,0.0001,390,78,2092611599,E2,0.9460846864182273,0.023745262404578926
3.0,0.0001,390,78,2092611599,E4,1.0711762314567133,0.042334367610104624
3.0,0.0001,390,195,2092611599,E1_a_L1-5,0.8803323998419836,0.02828578759607585
3.0,0.0001,390,195,2092611599,E1_a_L1-10,0.8805577573266894,0.0288517364074918
3.0,0.0001,390,195,2092611599,E1_d_L1-5,0.9333772723016294,0.03329202203097162
3.0,0.0001,390,195,2092611599,E1_d_L1-10,0.9971434373378216,0.049024696537030864
3.0,0.0001,390,195,2092611599,E2,0.8759857580360952,0.027513036404628648
3.0,0.0001,390,195,2092611599,E4,0.991819062460542,0.04443488160027021
3.0,0.0001,390,390,2092611599,E1_a_L1-5,0.7867402437276435,0.035948109791669
3.0,0.0001,390,390,2092611599,E1_a_L1-10,0.7873124366184754,0.03622187088588175
3.0,0.0001,390,390,2092611599,E1_d_L1-5,0.8340411728386673,0.04071846737471864
3.0,0.0001,390,390,2092611599,E1_d_L1-10,0.8913229666014317,0.05307602041106646
3.0,0.0001,390,390,2092611599,E2,0.780117089906854,0.035558075169169825
3.0,0.0001,390,390,2092611599,E4,0.8882853794821571,0.04980700506678801
3.0,0.0001,390,13,2383867976,E1_a_L1-5,0.9921202237491283,0.038619068404179925
3.0,0.0001,390,13,2383867976,E1_a_L1-10,0.9926184032966324,0.03727872374094215
3.0,0.0001,390,13,2383867976,E1_d_L1-5,1.0559152088888013,0.04933525746809466
3.0,0.0001,390,13,2383867976,E1_d_L1-10,1.1255720853903792,0.05986943069189974
3.0,0.0001,390,13,2383867976,E2,0.9916474218780332,0.03898478474732749
3.0,0.0001,390,13,2383867976,E4,1.2269384686124984,0.06634256371724681
3.0,0.0001,390,26,2383867976,E1_a_L1-5,0.9837691237601738,0.03065889572432898
3.0,0.0001,390,26,2383867976,E1_a_L1-10,0.9842394833754409,0.030133908214890922
3.0,0.0001,390,26,2383867976,E1_d_L1-5,1.0458840408070749,0.04041266017611535
3.0,0.0001,390,26,2383867976,E1_d_L1-10,1.1160845617976856,0.05155823850296452
3.0,0.0001,390,26,2383867976,E2,0.984178320594367,0.02873792308609403
3.0,0.0001,390,26,2383867976,E4,1.1455425621383595,0.04906372565670201
3.0,0.0001,390,78,2383867976,E1_a_L1-5,0.9492306104938077,0.02497619814158494
3.0,0.0001,390,78,2383867976,E1_a_L1-10,0.9496855525492396,0.02559912658696214
3.0,0.0001,390,78,2383867976,E1_d_L1-5,1.0060387013331313,0.03210110168056274
3.0,0.0001,390,78,2383867976,E1_d_L1-10,1.07586442265865,0.04596336974156771
3.0,0.0001,390,78,2383867976,E2,0.9476058781197356,0.022930046735755605
3.0,0.0001,390,78,2383867976,E4,1.075522075014216,0.040142711982290115
3.0,0.0001,390,195,2383867976,E1_a_L1-5,0.880698082100072,0.026944521735692856
3.0,0.0001,390,195,2383867976,E1_a_L1-10,0.881071064664905,0.02703261361295623
3.0,0.0001,390,195,2383867976,E1_d_L1-5,0.9343350300565416,0.03338405530086306
3.0,0.0001,390,195,2383867976,E1_d_L1-10,0.9982233985968242,0.04704268512128718
3.0,0.0001,390,195,2383867976,E2,0.8753445022454521,0.025705476642236682
3.0,0.0001,390,195,2383867976,E4,0.9938882886183822,0.04083236348254215
3.0,0.0001,390,390,2383867976,E1_a_L1-5,0.7855133908874674,0.03371828763752837
3.0,0.0001,390,390,2383867976,E1_a_L1-10,0.7856419060425143,0.03398650602456433
3.0,0.0001,390,390,2383867976,E1_d_L1-5,0.8330216810512056,0.03890406935353851
3.0,0.0001,390,390,2383867976,E1_d_L1-10,0.8913241133016183,0.05017148715043173
3.0,0.0001,390,390,2383867976,E2,0.7774945542570282,0.03303341309715624
3.0,0.0001,390,390,2383867976,E4,0.8879926242778429,0.0449138729635375
3.0,0.0001,390,13,3610172792,E1_a_L1-5,0.9870901266304893,0.037268236550386406
3.0,0.0001,390,13,3610172792,E1_a_L1-10,0.9888330773958305,0.037762137021683906
3.0,0.0001,390,13,3610172792,E1_d_L1-5,1.050139407379419,0.0460769929328546
3.0,0.0001,390,13,3610172792,E1_d_L1-10,1.1205368199441355,0.06293028274413028
3.0,0.0001,390,13,3610172792,E2,0.9902987028294842,0.043371923775358645
3.0,0.0001,390,13,3610172792,E4,1.2264823075581177,0.06938667645989695
3.0,0.0001,390,26,3610172792,E1_a_L1-5,0.982071911490248,0.03095489913004835
3.0,0.0001,390,26,3610172792,E1_a_L1-10,0.9824995286345265,0.031314209200201226
3.0,0.0001,390,26,3610172792,E1_d_L1-5,1.0425119041995037,0.040137770786484256
3.0,0.0001,390,26,3610172792,E1_d_L1-10,1.114933923297763,0.057911828365050225
3.0,0.0001,390,26,3610172792,E2,0.9825723565153527,0.031304641484281144
3.0,0.0001,390,26,3610172792,E4,1.1461410756374706,0.05357762513588425
3.0,0.0001,390,78,3610172792,E1_a_L1-5,0.9496153724218732,0.025106897297153062
3.0,0.0001,390,78,3610172792,E1_a_L1-10,0.9499404560052702,0.0254920788444764
3.0,0.0001,390,78,3610172792,E1_d_L1-5,1.007147827098653,0.032612475748222694
3.0,0.0001,390,78,3610172792,E1_d_L1-10,1.0765367670512487,0.050155612248382435
3.0,0.0001,390,78,3610172792,E2,0.9463866608197236,0.024347884800117344
3.0,0.0001,390,78,3610172792,E4,1.0773260751234417,0.04435532104155935
3.0,0.0001,390,195,3610172792,E1_a_L1-5,0.8815442837414179,0.028923613429980365
3.0,0.0001,390,195,3610172792,E1_a_L1-10,0.8818245239828778,0.028583875854702234
3.0,0.0001,390,195,3610172792,E1_d_L1-5,0.9352201036927039,0.03591163821629873
3.0,0.0001,390,195,3610172792,E1_d_L1-10,0.9985115944227442,0.05111428447068921
3.0,0.0001,390,195,3610172792,E2,0.8762979861963948,0.02769599384618118
3.0,0.0001,390,195,3610172792,E4,0.9969127968089552,0.04587117027723649
3.0,0.0001,390,390,3610172792,E1_a_L1-5,0.7884892856905071,0.03577262177166989
3.0,0.0001,390,390,3610172792,E1_a_L1-10,0.7885094652202779,0.03560376402606748
3.0,0.0001,390,390,3610172792,E1_d_L1-5,0.835472916752579,0.040961083812889744
3.0,0.0001,390,390,3610172792,E1_d_L1-10,0.8934371979535598,0.05351154874389387
3.0,0.0001,390,390,3610172792,E2,0.7809364047789004,0.03543979072180582
3.0,0.0001,390,390,3610172792,E4,0.8929551102688086,0.049955161615116137
3.0,0.0001,390,13,338961480,E1_a_L1-5,0.9882540902529985,0.03540605761629545
3.0,0.0001,390,13,338961480,E1_a_L1-10,0.9899355596537895,0.034758930546549646
3.0,0.0001,390,13,338961480,E1_d_L1-5,1.047815469497009,0.04298631555053858
3.0,0.0001,390,13,338961480,E1_d_L1-10,1.1161226586943453,0.05486438194106854
3.0,0.0001,390,13,338961480,E2,0.9886291317484901,0.0406245371845056
3.0,0.0001,390,13,338961480,E4,1.2232321897072924,0.0707217112817891
3.0,0.0001,390,26,338961480,E1_a_L1-5,0.9793547595975659,0.030041577847542612
3.0,0.0001,390,26,338961480,E1_a_L1-10,0.98020603625074,0.030210030001288822
3.0,0.0001,390,26,338961480,E1_d_L1-5,1.0373588481324103,0.037228499493976434
3.0,0.0001,390,26,338961480,E1_d_L1-10,1.1076985440014733,0.051079268532874686
3.0,0.0001,390,26,338961480,E2,0.9796867771959701,0.02978708984125042
3.0,0.0001,390,26,338961480,E4,1.1428347465759223,0.05581818113358616
3.0,0.0001,390,78,338961480,E1_a_L1-5,0.9469366988313169,0.024900526679293655
3.0,0.0001,390,78,338961480,E1_a_L1-10,0.9468191432565192,0.024795222777798415
3.0,0.0001,390,78,338961480,E1_d_L1-5,1.0028031127181005,0.03282363978555546
3.0,0.0001,390,78,338961480,E1_d_L1-10,1.0700359168313864,0.04783116486081488
3.0,0.0001,390,78,338961480,E2,0.9436731530602159,0.022393740190764514
3.0,0.0001,390,78,338961480,E4,1.073653642040894,0.04717291200235668
3.0,0.0001,390,195,338961480,E1_a_L1-5,0.8767833035365821,0.02815212473419783
3.0,0.0001,390,195,338961480,E1_a_L1-10,0.8770381456290633,0.027704197272130693
3.0,0.0001,390,195,338961480,E1_d_L1-5,0.9274515265173549,0.035350737134502645
3.0,0.0001,390,195,338961480,E1_d_L1-10,0.9913640165142173,0.04879781997000125
3.0,0.0001,390,195,338961480,E2,0.8711963808902219,0.0261512640393314
3.0,0.0001,390,195,338961480,E4,0.9911917992492296,0.04815394277200653
3.0,0.0001,390,390,338961480,E1_a_L1-5,0.7814299601220518,0.03436367517068366
3.0,0.0001,390,390,338961480,E1_a_L1-10,0.7816720376766003,0.03460459668243286
3.0,0.0001,390,390,338961480,E1_d_L1-5,0.827161699010768,0.04022610734331456
3.0,0.0001,390,390,338961480,E1_d_L1-10,0.8844409045504145,0.05282966346830463
3.0,0.0001,390,390,338961480,E2,0.7731501572585157,0.03380983544529622
3.0,0.0001,390,390,338961480,E4,0.8850974182838561,0.052340143934039726
3.0,0.0001,390,13,1861959406,E1_a_L1-5,0.9928429044363637,0.036609343403872015
3.0,0.0001,390,13,1861959406,E1_a_L1-10,0.9921446440087989,0.03579371372175248
3.0,0.0001,390,13,1861959406,E1_d_L1-5,1.0561807611656437,0.04617666174618801
3.0,0.0001,390,13,1861959406,E1_d_L1-10,1.1260915204641035,0.05642382675069757
3.0,0.0001,390,13,1861959406,E2,0.9926972293290932,0.042892409469797124
3.0,0.0001,390,13,1861959406,E4,1.2173125099040591,0.060467645500959455
3.0,0.0001,390,26,1861959406,E1_a_L1-5,0.9805937261513777,0.02922322230619251
3.0,0.0001,390,26,1861959406,E1_a_L1-10,0.9815253360669979,0.028614275480121104
3.0,0.0001,390,26,1861959406,E1_d_L1-5,1.040174783643665,0.03664109078923898
3.0,0.0001,390,26,1861959406,E1_d_L1-10,1.1120182155654328,0.04843053516459769
3.0,0.0001,390,26,1861959406,E2,0.9803325450462792,0.0301375479398694
3.0,0.0001,390,26,1861959406,E4,1.1360002551402235,0.04592640492326678
3.0,0.0001,390,78,1861959406,E1_a_L1-5,0.9467708384402671,0.025841656142265343
3.0,0.0001,390,78,1861959406,E1_a_L1-10,0.9470827806822407,0.025364309123977895
3.0,0.0001,390,78,1861959406,E1_d_L1-5,1.0042018417541558,0.032476963067584144
3.0,0.0001,390,78,1861959406,E1_d_L1-10,1.0728276569228443,0.04687531653349081
3.0,0.0001,390,78,1861959406,E2,0.9431532358125119,0.023354145695333305
3.0,0.0001,390,78,1861959406,E4,1.0679064282212731,0.04004799372301833
3.0,0.0001,390,195,1861959406,E1_a_L1-5,0.8762663827012881,0.027838886075971042
3.0,0.0001,390,195,1861959406,E1_a_L1-10,0.8770918953936429,0.02789937964161882
3.0,0.0001,390,195,1861959406,E1_d_L1-5,0.9290994508108743,0.0335300476297103
3.0,0.0001,390,195,1861959406,E1_d_L1-10,0.994242270711913,0.04734458645083836
3.0,0.0001,390,195,1861959406,E2,0.8710706031887208,0.025655867869779667
3.0,0.0001,390,195,1861959406,E4,0.9857866161219699,0.0414372847146484
3.0,0.0001,390,390,1861959406,E1_a_L1-5,0.7811158935336673,0.03499975894543837
3.0,0.0001,390,390,1861959406,E1_a_L1-10,0.7816340692082611,0.035140858509420454
3.0,0.0001,390,390,1861959406,E1_d_L1-5,0.8281744254027792,0.04011474418111909
3.0,0.0001,390,390,1861959406,E1_d_L1-10,0.8871966782017977,0.0513425541717393
3.0,0.0001,390,390,1861959406,E2,0.77324198091357,0.03374604529478334
3.0,0.0001,390,390,1861959406,E4,0.8798567504372116,0.04677482841423744
3.0,0.0001,1380,23,2092611599,E1_a_L1-5,0.9808138935279334,0.03017949638985778
3.0,0.0001,1380,23,2092611599,E1_a_L1-10,0.9810246998973733,0.030513510069842976
3.0,0.0001,1380,23,2092611599,E1_d_L1-5,1.0401029066617893,0.03600896395678158
3.0,0.0001,1380,23,2092611599,E1_d_L1-10,1.109973006822753,0.04870863266679629
3.0,0.0001,1380,23,2092611599,E2,0.9755000856063037,0.029068111439908992
3.0,0.0001,1380,23,2092611599,E4,1.121339201413752,0.048438374903211345
3.0,0.0001,1380,46,2092611599,E1_a_L1-5,0.9678621619465008,0.025312980735422298
3.0,0.0001,1380,46,2092611599,E1_a_L1-10,0.9685620628418329,0.02539347265601898
3.0,0.0001,1380,46,2092611599,E1_d_L1-5,1.0256703293974012,0.030314151602745226
3.0,0.0001,1380,46,2092611599,E1_d_L1-10,1.0952218535143754,0.04279409409572008
3.0,0.0001,1380,46,2092611599,E2,0.958745282676743,0.022120098600604335
3.0,0.0001,1380,46,2092611599,E4,1.0670832966869002,0.038290649580556724
3.0,0.0001,1380,138,2092611599,E1_a_L1-5,0.9116951759403713,0.022759589461929155
3.0,0.0001,1380,138,2092611599,E1_a_L1-10,0.911605743821396,0.02287302974239522
3.0,0.0001,1380,138,2092611599,E1_d_L1-5,0.9663379647277452,0.02882412626695899
3.0,0.0001,1380,138,2092611599,E1_d_L1-10,1.0329767890459098,0.0426286494408887
3.0,0.0001,1380,138,2092611599,E2,0.8898537158501124,0.022146401045107185
3.0,0.0001,1380,138,2092611599,E4,0.988172429662937,0.034440530116350614
3.0,0.0001,1380,345,2092611599,E1_a_L1-5,0.8089498576809769,0.03041779870792479
3.0,0.0001,1380,345,2092611599,E1_a_L1-10,0.8091454582182667,0.030786854789052815
3.0,0.0001,1380,345,2092611599,E1_d_L1-5,0.8566914553135948,0.03441780961663958
3.0,0.0001,1380,345,2092611599,E1_d_L1-10,0.9169489016308643,0.04767733777387469
3.0,0.0001,1380,345,2092611599,E2,0.7693233794574772,0.03177634882153788
3.0,0.0001,1380,345,2092611599,E4,0.8752731459896832,0.03953639793910158
3.0,0.0001,1380,1380,2092611599,E1_a_L1-5,0.5120355092779089,0.04343871705832086
3.0,0.0001,1380,1380,2092611599,E1_a_L1-10,0.5119852061804651,0.0434068937233032
3.0,0.0001,1380,1380,2092611599,E1_d_L1-5,0.5431568568955641,0.04607074587688641
3.0,0.0001,1380,1380,2092611599,E1_d_L1-10,0.5807026153936742,0.05160077760935831
3.0,0.0001,1380,1380,2092611599,E2,0.4561638521622395,0.04210253776743478
3.0,0.0001,1380,1380,2092611599,E4,0.5582675656257358,0.04869780745680776
3.0,0.0001,1380,23,2383867976,E1_a_L1-5,0.9817780286408344,0.030271771254042214
3.0,0.0001,1380,23,2383867976,E1_a_L1-10,0.9832122852561753,0.02981186968166779
3.0,0.0001,1380,23,2383867976,E1_d_L1-5,1.0407674141525112,0.03791720510387637
3.0,0.0001,1380,23,2383867976,E1_d_L1-10,1.1121751857007736,0.04995676171984693
3.0,0.0001,1380,23,2383867976,E2,0.9759046792007109,0.02823979124138437
3.0,0.0001,1380,23,2383867976,E4,1.120998786711204,0.04844093522248265
3.0,0.0001,1380,46,2383867976,E1_a_L1-5,0.9680974533559129,0.02576564865055465
3.0,0.0001,1380,46,2383867976,E1_a_L1-10,0.9691929415706122,0.026248040263851607
3.0,0.0001,1380,46,2383867976,E1_d_L1-5,1.0249504740317261,0.03126637531379408
3.0,0.0001,1380,46,2383867976,E1_d_L1-10,1.0975079706943904,0.0466006692147846
3.0,0.0001,1380,46,2383867976,E2,0.959296053738691,0.022098063623856513
3.0,0.0001,1380,46,2383867976,E4,1.0672510407434537,0.038878963479766354
3.0,0.0001,1380,138,2383867976,E1_a_L1-5,0.9144950984580481,0.023880971674644706
3.0,0.0001,1380,138,2383867976,E1_a_L1-10,0.9151974082794899,0.023931172482745393
3.0,0.0001,1380,138,2383867976,E1_d_L1-5,0.9695949081743902,0.030948863174096918
3.0,0.0001,1380,138,2383867976,E1_d_L1-10,1.03658471341942,0.04493964516728564
3.0,0.0001,1380,138,2383867976,E2,0.8925281393629158,0.023184962151875137
3.0,0.0001,1380,138,2383867976,E4,0.9897369869083178,0.034556218501905996
3.0,0.0001,1380,345,2383867976,E1_a_L1-5,0.811807827717272,0.03281611488095492
3.0,0.0001,1380,345,2383867976,E1_a_L1-10,0.8120305713180115,0.03300703787180233
3.0,0.0001,1380,345,2383867976,E1_d_L1-5,0.8600699912734953,0.03841105008441862
3.0,0.0001,1380,345,2383867976,E1_d_L1-10,0.9212833480181654,0.05175348286839864
3.0,0.0001,1380,345,2383867976,E2,0.7728399715936288,0.03531601854551033
3.0,0.0001,1380,345,2383867976,E4,0.8772335075504222,0.04197653097847002
3.0,0.0001,1380,1380,2383867976,E1_a_L1-5,0.5154068447330903,0.05052955012801019
3.0,0.0001,1380,1380,2383867976,E1_a_L1-10,0.51577534476299,0.05050673513436921
3.0,0.0001,1380,1380,2383867976,E1_d_L1-5,0.5469026465164253,0.0545330731404627
3.0,0.0001,1380,1380,2383867976,E1_d_L1-10,0.584793952687185,0.06048058897002656
3.0,0.0001,1380,1380,2383867976,E2,0.45980153518713157,0.04937130850308819
3.0,0.0001,1380,1380,2383867976,E4,0.5616920088739829,0.05581892171822225
3.0,0.0001,1380,23,3610172792,E1_a_L1-5,0.9818842139846464,0.03166265227114401
3.0,0.0001,1380,23,3610172792,E1_a_L1-10,0.9818417699123824,0.031696963459533954
3.0,0.0001,1380,23,3610172792,E1_d_L1-5,1.0429309951775727,0.03984135319325315
3.0,0.0001,1380,23,3610172792,E1_d_L1-10,1.113814079139039,0.05230270055446351
3.0,0.0001,1380,23,3610172792,E2,0.9792554223070682,0.031028738831419923
3.0,0.0001,1380,23,3610172792,E4,1.122919939928398,0.05058233014701015
3.0,0.0001,1380,46,3610172792,E1_a_L1-5,0.9675342336579871,0.02417165941229089
3.0,0.0001,1380,46,3610172792,E1_a_L1-10,0.9676371068298877,0.024190428663885002
3.0,0.0001,1380,46,3610172792,E1_d_L1-5,1.026163513599611,0.03031050057836738
3.0,0.0001,1380,46,3610172792,E1_d_L1-10,1.0969599658444344,0.04649576203846426
3.0,0.0001,1380,46,3610172792,E2,0.9608928318517818,0.021874933753836576
3.0,0.0001,1380,46,3610172792,E4,1.068150112651464,0.03866876463509617
3.0,0.0001,1380,138,3610172792,E1_a_L1-5,0.9140955706396451,0.023980450275333583
3.0,0.0001,1380,138,3610172792,E1_a_L1-10,0.9140296213014352,0.02433229545674515
3.0,0.0001,1380,138,3610172792,E1_d_L1-5,0.9703857828604896,0.031245448013198177
3.0,0.0001,1380,138,3610172792,E1_d_L1-10,1.0361691957064056,0.04806360442600507
3.0,0.0001,1380,138,3610172792,E2,0.8932259699063779,0.023512161979531557
3.0,0.0001,1380,138,3610172792,E4,0.9910837704683877,0.03712112745074683
3.0,0.0001,1380,345,3610172792,E1_a_L1-5,0.813131068458336,0.03309275540706261
3.0,0.0001,1380,345,3610172792,E1_a_L1-10,0.8129644511474662,0.033190192686274655
3.0,0.0001,1380,345,3610172792,E1_d_L1-5,0.8623872565550572,0.04030304056917567
3.0,0.0001,1380,345,3610172792,E1_d_L1-10,0.9215135161505529,0.05386907998972043
3.0,0.0001,1380,345,3610172792,E2,0.7747660250308693,0.03495636278870218
3.0,0.0001,1380,345,3610172792,E4,0.8799294927439071,0.044835951354470535
3.0,0.0001,1380,1380,3610172792,E1_a_L1-5,0.5184828188525207,0.04937373654732789
3.0,0.0001,1380,1380,3610172792,E1_a_L1-10,0.5187090712211068,0.049298741948490196
3.0,0.0001,1380,1380,3610172792,E1_d_L1-5,0.5499236524208855,0.0549312641529941
3.0,0.0001,1380,1380,3610172792,E1_d_L1-10,0.5889694201668604,0.06211359770462229
3.0,0.0001,1380,1380,3610172792,E2,0.4630909959188008,0.04795067406459572
3.0,0.0001,1380,1380,3610172792,E4,0.5656083495183869,0.05690361203742619
3.0,0.0001,1380,23,338961480,E1_a_L1-5,0.9866310739704577,0.029449972710644683
3.0,0.0001,1380,23,338961480,E1_a_L1-10,0.98735907273855,0.029677860402020067
3.0,0.0001,1380,23,338961480,E1_d_L1-5,1.0472729603142803,0.035654910736536205
3.0,0.0001,1380,23,338961480,E1_d_L1-10,1.1185347029724082,0.049120135491001804
3.0,0.0001,1380,23,338961480,E2,0.9824769935079436,0.02823483854180037
3.0,0.0001,1380,23,338961480,E4,1.127199838410133,0.04324869176467526
3.0,0.0001,1380,46,338961480,E1_a_L1-5,0.9700051774393841,0.024245231093038368
3.0,0.0001,1380,46,338961480,E1_a_L1-10,0.9705114723857758,0.025296005603471103
3.0,0.0001,1380,46,338961480,E1_d_L1-5,1.02788068127668,0.030064742656820312
3.0,0.0001,1380,46,338961480,E1_d_L1-10,1.1003327807893788,0.04370873547761585
3.0,0.0001,1380,46,338961480,E2,0.9626014504431534,0.021763438428697306
3.0,0.0001,1380,46,338961480,E4,1.0707109298086812,0.034728503041190684
3.0,0.0001,1380,138,338961480,E1_a_L1-5,0.91530648551989,0.02291179090466022
3.0,0.0001,1380,138,338961480,E1_a_L1-10,0.9153600589461326,0.022918120150945458
3.0,0.0001,1380,138,338961480,E1_d_L1-5,0.9698168331828108,0.026771965038722048
3.0,0.0001,1380,138,338961480,E1_d_L1-10,1.0386547755285263,0.040080497634073016
3.0,0.0001,1380,138,338961480,E2,0.8938992058631,0.02092764463284763
3.0,0.0001,1380,138,338961480,E4,0.9929342643034385,0.03073633369203251
3.0,0.0001,1380,345,338961480,E1_a_L1-5,0.812114202908163,0.030311948491437854
3.0,0.0001,1380,345,338961480,E1_a_L1-10,0.812282782076482,0.030452650521088018
3.0,0.0001,1380,345,338961480,E1_d_L1-5,0.8604035999926218,0.034773843383587966
3.0,0.0001,1380,345,338961480,E1_d_L1-10,0.9213644633653931,0.04418948017499434
3.0,0.0001,1380,345,338961480,E2,0.7736452595244804,0.03176615313442152
3.0,0.0001,1380,345,338961480,E4,0.8800704817228473,0.03708729053146911
3.0,0.0001,1380,1380,338961480,E1_a_L1-5,0.5155158262677365,0.046006224929194754
3.0,0.0001,1380,1380,338961480,E1_a_L1-10,0.5158211275474571,0.04575671561814196
3.0,0.0001,1380,1380,338961480,E1_d_L1-5,0.5468138527247249,0.049144300344934305
3.0,0.0001,1380,1380,338961480,E1_d_L1-10,0.5854958037843957,0.0539971900465892
3.0,0.0001,1380,1380,338961480,E2,0.4600430505235822,0.04499514279763413
3.0,0.0001,1380,1380,338961480,E4,0.5629341722864718,0.05051947784192627
3.0,0.0001,1380,23,1861959406,E1_a_L1-5,0.9801488568952027,0.03109617721388719
3.0,0.0001,1380,23,1861959406,E1_a_L1-10,0.9803956084830884,0.030884320453400504
3.0,0.0001,1380,23,1861959406,E1_d_L1-5,1.0420704614621275,0.038109386632754726
3.0,0.0001,1380,23,1861959406,E1_d_L1-10,1.1126950062222032,0.053775494630090175
3.0,0.0001,1380,23,1861959406,E2,0.9753071193217169,0.028368853831533505
3.0,0.0001,1380,23,1861959406,E4,1.1197850600859607,0.04634114828390745
3.0,0.0001,1380,46,1861959406,E1_a_L1-5,0.9684412613407715,0.02514199179534542
3.0,0.0001,1380,46,1861959406,E1_a_L1-10,0.9684383491165477,0.02516543384520204
3.0,0.0001,1380,46,1861959406,E1_d_L1-5,1.0271375935324796,0.032983553275621934
3.0,0.0001,1380,46,1861959406,E1_d_L1-10,1.0991820824596328,0.051139730050686526
3.0,0.0001,1380,46,1861959406,E2,0.9595126870391439,0.022716990212275797
3.0,0.0001,1380,46,1861959406,E4,1.06778796531457,0.038347361515230854
3.0,0.0001,1380,138,1861959406,E1_a_L1-5,0.9135292048982564,0.023667184229433137
3.0,0.0001,1380,138,1861959406,E1_a_L1-10,0.9135070943449264,0.024751675596904013
3.0,0.0001,1380,138,1861959406,E1_d_L1-5,0.9680686394220939,0.029445165196166967
3.0,0.0001,1380,138,1861959406,E1_d_L1-10,1.0379830501779481,0.048112004269752054
3.0,0.0001,1380,138,1861959406,E2,0.8922382374338457,0.02260569967993015
3.0,0.0001,1380,138,1861959406,E4,0.9901280792024607,0.03538273049054745
3.0,0.0001,1380,345,1861959406,E1_a_L1-5,0.8094082924405821,0.032826616883950305
3.0,0.0001,1380,345,1861959406,E1_a_L1-10,0.8095003701820843,0.033882339254774844
3.0,0.0001,1380,345,1861959406,E1_d_L1-5,0.8582818501581199,0.03777411599617315
3.0,0.0001,1380,345,1861959406,E1_d_L1-10,0.9181470174043883,0.05179252472920494
3.0,0.0001,1380,345,1861959406,E2,0.7709591199951421,0.034243872743834454
3.0,0.0001,1380,345,1861959406,E4,0.8760978029026303,0.04162646193977337
3.0,0.0001,1380,1380,1861959406,E1_a_L1-5,0.5128421522706679,0.04824046445689362
3.0,0.0001,1380,1380,1861959406,E1_a_L1-10,0.5131642598621999,0.04890855548581844
3.0,0.0001,1380,1380,1861959406,E1_d_L1-5,0.5441057880549104,0.05150710839556129
3.0,0.0001,1380,1380,1861959406,E1_d_L1-10,0.5825880143926864,0.058385872574747054
3.0,0.0001,1380,1380,1861959406,E2,0.4573864245301651,0.04702837538412474
3.0,0.0001,1380,1380,1861959406,E4,0.5592083913764209,0.054053286568406564
3.4,1e-05,390,13,2092611599,E1_a_L1-5,1.0007577933286171,0.03767212735510855
3.4,1e-05,390,13,2092611599,E1_a_L1-10,1.0020530099356728,0.036015265439420324
3.4,1e-05,390,13,2092611599,E1_d_L1-5,1.0612518645908218,0.044498485640900476
3.4,1e-05,390,13,2092611599,E1_d_L1-10,1.131463845555996,0.054459374140068614
3.4,1e-05,390,13,2092611599,E2,1.0003218737111916,0.03962412135692949
3.4,1e-05,390,13,2092611599,E4,1.1677028358258856,0.05750994254334688
3.4,1e-05,390,26,2092611599,E1_a_L1-5,0.9990911282988878,0.026017986447736386
3.4,1e-05,390,26,2092611599,E1_a_L1-10,0.9994517433846913,0.024907750335977433
3.4,1e-05,390,26,2092611599,E1_d_L1-5,1.0579673865203392,0.030451823853668833
3.4,1e-05,390,26,2092611599,E1_d_L1-10,1.1279383999467707,0.04499510432200399
3.4,1e-05,390,26,2092611599,E2,0.9966823102954979,0.025830703464779076
3.4,1e-05,390,26,2092611599,E4,1.0968274308422366,0.03619608310725161
3.4,1e-05,390,78,2092611599,E1_a_L1-5,0.9967676226817762,0.019782714194884445
3.4,1e-05,390,78,2092611599,E1_a_L1-10,0.9973061759746338,0.01947682898043416
3.4,1e-05,390,78,2092611599,E1_d_L1-5,1.0543848480940903,0.026022577646434293
3.4,1e-05,390,78,2092611599,E1_d_L1-10,1.127378428038375,0.04392001604270662
3.4,1e-05,390,78,2092611599,E2,0.9958894646896022,0.01735930319174763
3.4,1e-05,390,78,2092611599,E4,1.0672208840803936,0.027427117636096808
3.4,1e-05,390,195,2092611599,E1_a_L1-5,0.9898792173257215,0.016146310671674127
3.4,1e-05,390,195,2092611599,E1_a_L1-10,0.9903892068673288,0.017444747032525895
3.4,1e-05,390,195,2092611599,E1_d_L1-5,1.0473934984598245,0.020588640530643514
3.4,1e-05,390,195,2092611599,E1_d_L1-10,1.1188097054841355,0.03790996695197104
3.4,1e-05,390,195,2092611599,E2,0.9886639012829321,0.014138496050202766
3.4,1e-05,390,195,2092611599,E4,1.0548993251920715,0.024020769281182616
3.4,1e-05,390,390,2092611599,E1_a_L1-5,0.9759456718872093,0.016509169115298605
3.4,1e-05,390,390,2092611599,E1_a_L1-10,0.9766234319584044,0.017464537628632527
3.4,1e-05,390,390,2092611599,E1_d_L1-5,1.0330969269718788,0.021084294950157255
3.4,1e-05,390,390,2092611599,E1_d_L1-10,1.1030092529171414,0.03752040315827281
3.4,1e-05,390,390,2092611599,E2,0.9745358399248445,0.014129028955230601
3.4,1e-05,390,390,2092611599,E4,1.0391766358542625,0.02361122693966891
3.4,1e-05,390,13,2383867976,E1_a_L1-5,1.0019769986493936,0.03630248247791114
3.4,1e-05,390,13,2383867976,E1_a_L1-10,1.003309572135048,0.03659283993051558
3.4,1e-05,390,13,2383867976,E1_d_L1-5,1.0635127926057906,0.04185600011122412
3.4,1e-05,390,13,2383867976,E1_d_L1-10,1.140681920127466,0.05918590081535767
3.4,1e-05,390,13,2383867976,E2,1.002583737188067,0.03780305065471835
3.4,1e-05,390,13,2383867976,E4,1.1762081854153978,0.05373437734499385
3.4,1e-05,390,26,2383867976,E1_a_L1-5,0.9973371014680913,0.02698140105742304
3.4,1e-05,390,26,2383867976,E1_a_L1-10,0.9981765083743713,0.027563664225639654
3.4,1e-05,390,26,2383867976,E1_d_L1-5,1.0585783983137709,0.033819268669206655
3.4,1e-05,390,26,2383867976,E1_d_L1-10,1.1346793533088004,0.05026094454337908
3.4,1e-05,390,26,2383867976,E2,0.9968365320030108,0.02633421846893349
3.4,1e-05,390,26,2383867976,E4,1.1008987100116072,0.03597189418150019
3.4,1e-05,390,78,2383867976,E1_a_L1-5,0.9941231669238985,0.020926539142678963
3.4,1e-05,390,78,2383867976,E1_a_L1-10,0.9943761289074834,0.021650166473469276
3.4,1e-05,390,78,2383867976,E1_d_L1-5,1.0538588362553343,0.028864656898995377
3.4,1e-05,390,78,2383867976,E1_d_L1-10,1.1293001163973613,0.04505135939257358
3.4,1e-05,390,78,2383867976,E2,0.9940622759474581,0.018060926805285663
3.4,1e-05,390,78,2383867976,E4,1.0691704154817636,0.027716748481561963
3.4,1e-05,390,195,2383867976,E1_a_L1-5,0.9869096058031553,0.01787843364261606
3.4,1e-05,390,195,2383867976,E1_a_L1-10,0.9869340177980362,0.01896268169180181
3.4,1e-05,390,195,2383867976,E1_d_L1-5,1.0455703570205508,0.025388167461149136
3.4,1e-05,390,195,2383867976,E1_d_L1-10,1.1202609623582496,0.04323178356640934
3.4,1e-05,390,195,2383867976,E2,0.9865677655319677,0.015442958629839092
3.4,1e-05,390,195,2383867976,E4,1.0558991535566538,0.02614302949228582
3.4,1e-05,390,390,2383867976,E1_a_L1-5,0.9733435368975003,0.016563194813067814
3.4,1e-05,390,390,2383867976,E1_a_L1-10,0.9741703072098743,0.018432542407175043
3.4,1e-05,390,390,2383867976,E1_d_L1-5,1.030897129915691,0.02438675021475473
3.4,1e-05,390,390,2383867976,E1_d_L1-10,1.104838154698178,0.044259957511419444
3.4,1e-05,390,390,2383867976,E2,0.9732630872758287,0.015037275022069294
3.4,1e-05,390,390,2383867976,E4,1.0407879022976148,0.025627199297618117
3.4,1e-05,390,13,3610172792,E1_a_L1-5,1.0027702286806162,0.03679771323873419
3.4,1e-05,390,13,3610172792,E1_a_L1-10,1.0047288745689242,0.03625436262790102
3.4,1e-05,390,13,3610172792,E1_d_L1-5,1.065534071796729,0.04517954439586933
3.4,1e-05,390,13,3610172792,E1_d_L1-10,1.1414091607370447,0.05754005863294065
3.4,1e-05,390,13,3610172792,E2,1.004722771733788,0.04253517219536481
3.4,1e-05,390,13,3610172792,E4,1.1802651225419887,0.05396594835692602
3.4,1e-05,390,26,3610172792,E1_a_L1-5,1.000260740130114,0.02724595124531214
3.4,1e-05,390,26,3610172792,E1_a_L1-10,1.0007717234184905,0.02745140199282352
3.4,1e-05,390,26,3610172792,E1_d_L1-5,1.0616537225909368,0.03465322865375052
3.4,1e-05,390,26,3610172792,E1_d_L1-10,1.1363226429329756,0.04845805455282957
3.4,1e-05,390,26,3610172792,E2,0.9984349650084202,0.028636831052449536
3.4,1e-05,390,26,3610172792,E4,1.1054052720295073,0.03575249876004835
3.4,1e-05,390,78,3610172792,E1_a_L1-5,0.995492631023916,0.019746834249736337
3.4,1e-05,390,78,3610172792,E1_a_L1-10,0.995510629934276,0.02059667609647319
3.4,1e-05,390,78,3610172792,E1_d_L1-5,1.056270119070648,0.027488036854611455
3.4,1e-05,390,78,3610172792,E1_d_L1-10,1.1319368630946822,0.04513200442569788
3.4,1e-05,390,78,3610172792,E2,0.9942150303189965,0.01887042522642291
3.4,1e-05,390,78,3610172792,E4,1.071199101287473,0.027548579583540855
3.4,1e-05,390,195,3610172792,E1_a_L1-5,0.9872833621834903,0.01760231381146433
3.4,1e-05,390,195,3610172792,E1_a_L1-10,0.987067464526997,0.017994701504715764
3.4,1e-05,390,195,3610172792,E1_d_L1-5,1.046805577212241,0.0253062203375394
3.4,1e-05,390,195,3610172792,E1_d_L1-10,1.1224862446884394,0.04257109700518979
3.4,1e-05,390,195,3610172792,E2,0.9865059012680917,0.015535940638392998
3.4,1e-05,390,195,3610172792,E4,1.057431744286304,0.026023050384649176
3.4,1e-05,390,390,3610172792,E1_a_L1-5,0.9735312009887501,0.016960128322627728
3.4,1e-05,390,390,3610172792,E1_a_L1-10,0.9738951585218397,0.017493445750479127
3.4,1e-05,390,390,3610172792,E1_d_L1-5,1.0320665728470446,0.024542090301691938
3.4,1e-05,390,390,3610172792,E1_d_L1-10,1.1071235886852988,0.04275324163748008
3.4,1e-05,390,390,3610172792,E2,0.9725570937255905,0.015079381502186512
3.4,1e-05,390,390,3610172792,E4,1.0417109354944902,0.025292472779183218
3.4,1e-05,390,13,338961480,E1_a_L1-5,1.0016877562251651,0.03430916736139798
3.4,1e-05,390,13,338961480,E1_a_L1-10,1.0011068728193009,0.03425150309989122
3.4,1e-05,390,13,338961480,E1_d_L1-5,1.0649954629032454,0.04491925646197997
3.4,1e-05,390,13,338961480,E1_d_L1-10,1.1402057966537995,0.05990719711498673
3.4,1e-05,390,13,338961480,E2,1.0022652729569523,0.04049754939523942
3.4,1e-05,390,13,338961480,E4,1.1769463845870205,0.05349681421462953
3.4,1e-05,390,26,338961480,E1_a_L1-5,1.0000826734116446,0.025606364389375566
3.4,1e-05,390,26,338961480,E1_a_L1-10,0.9997703186691922,0.025466099485433078
3.4,1e-05,390,26,338961480,E1_d_L1-5,1.060294201731906,0.03325276821533018
3.4,1e-05,390,26,338961480,E1_d_L1-10,1.1369495927855198,0.04797319138000819
3.4,1e-05,390,26,338961480,E2,0.998973584854578,0.02508877717463115
3.4,1e-05,390,26,338961480,E4,1.1042523339303125,0.03650568214804766
3.4,1e-05,390,78,338961480,E1_a_L1-5,0.9965207018395552,0.019037476570602934
3.4,1e-05,390,78,338961480,E1_a_L1-10,0.9970510379726767,0.01933584673989841
3.4,1e-05,390,78,338961480,E1_d_L1-5,1.0565773786307846,0.026543151680042284
3.4,1e-05,390,78,338961480,E1_d_L1-10,1.1342126540886988,0.045078971311197695
3.4,1e-05,390,78,338961480,E2,0.995930090911155,0.01810612190470672
3.4,1e-05,390,78,338961480,E4,1.072248527282195,0.02768612925760409
3.4,1e-05,390,195,338961480,E1_a_L1-5,0.9882667551726548,0.016569962675849318
3.4,1e-05,390,195,338961480,E1_a_L1-10,0.9885843651670251,0.017794981851090807
3.4,1e-05,390,195,338961480,E1_d_L1-5,1.046633301403309,0.024326980965909156
3.4,1e-05,390,195,338961480,E1_d_L1-10,1.124234948771193,0.043797762839932884
3.4,1e-05,390,195,338961480,E2,0.9872415239132211,0.015418238378726716
3.4,1e-05,390,195,338961480,E4,1.0579256219072375,0.02568524720468728
3.4,1e-05,390,390,338961480,E1_a_L1-5,0.9756759865177252,0.01594536224024827
3.4,1e-05,390,390,338961480,E1_a_L1-10,0.9756754065259007,0.017254290273159636
3.4,1e-05,390,390,338961480,E1_d_L1-5,1.0344096027788992,0.02435818601971225
3.4,1e-05,390,390,338961480,E1_d_L1-10,1.1095737877772183,0.043193924508193544
3.4,1e-05,390,390,338961480,E2,0.974402944789631,0.01463134515770892
3.4,1e-05,390,390,338961480,E4,1.043260686080596,0.025487849259877925
3.4,1e-05,390,13,1861959406,E1_a_L1-5,0.9941776035343044,0.03506635574375779
3.4,1e-05,390,13,1861959406,E1_a_L1-10,0.9947843317040207,0.034251557692965305
3.4,1e-05,390,13,1861959406,E1_d_L1-5,1.0554902668227166,0.04145235415850814
3.4,1e-05,390,13,1861959406,E1_d_L1-10,1.1263743117427933,0.05338625104044516
3.4,1e-05,390,13,1861959406,E2,0.9947688739212146,0.039118348605684056
3.4,1e-05,390,13,1861959406,E4,1.1673868398188996,0.05466956113641641
3.4,1e-05,390,26,1861959406,E1_a_L1-5,0.9951714857841145,0.02513984506669896
3.4,1e-05,390,26,1861959406,E1_a_L1-10,0.9960974316723334,0.026203923108544528
3.4,1e-05,390,26,1861959406,E1_d_L1-5,1.0549936940764026,0.02987355157436659
3.4,1e-05,390,26,1861959406,E1_d_L1-10,1.127049187630728,0.045730960454123545
3.4,1e-05,390,26,1861959406,E2,0.9953004137453891,0.027714610444624435
3.4,1e-05,390,26,1861959406,E4,1.098499779214822,0.036724527244314194
3.4,1e-05,390,78,1861959406,E1_a_L1-5,0.992474186591457,0.01890220059056481
3.4,1e-05,390,78,1861959406,E1_a_L1-10,0.9924952676400042,0.02004901083230724
3.4,1e-05,390,78,1861959406,E1_d_L1-5,1.0506069393250086,0.024615164582763787
3.4,1e-05,390,78,1861959406,E1_d_L1-10,1.1240430158215784,0.040849120968925165
3.4,1e-05,390,78,1861959406,E2,0.9932437452407532,0.018506835022640434
3.4,1e-05,390,78,1861959406,E4,1.0673504431882666,0.02712194383374023
3.4,1e-05,390,195,1861959406,E1_a_L1-5,0.985156074002455,0.01627002004956839
3.4,1e-05,390,195,1861959406,E1_a_L1-10,0.9861855982031165,0.01712297712392776
3.4,1e-05,390,195,1861959406,E1_d_L1-5,1.0431104987096078,0.02145877543355802
3.4,1e-05,390,195,1861959406,E1_d_L1-10,1.115924696284001,0.0406582529445779
3.4,1e-05,390,195,1861959406,E2,0.9854717503284953,0.015028213907774637
3.4,1e-05,390,195,1861959406,E4,1.0541290909735042,0.025032416477189692
3.4,1e-05,390,390,1861959406,E1_a_L1-5,0.9724420315825187,0.016168587745413597
3.4,1e-05,390,390,1861959406,E1_a_L1-10,0.9732493330792573,0.017400627522932824
3.4,1e-05,390,390,1861959406,E1_d_L1-5,1.0295925726877884,0.021518861646855816
3.4,1e-05,390,390,1861959406,E1_d_L1-10,1.102536398903683,0.04033627058502727
3.4,1e-05,390,390,1861959406,E2,0.9719496195135684,0.014830620775857456
3.4,1e-05,390,390,1861959406,E4,1.0388656074099127,0.024965621583039495
3.4,1e-05,1380,23,2092611599,E1_a_L1-5,0.999797371195371,0.027921788498386908
3.4,1e-05,1380,23,2092611599,E1_a_L1-10,0.9998167457699267,0.02782098259153026
3.4,1e-05,1380,23,2092611599,E1_d_L1-5,1.0602282484938899,0.034533367098752585
3.4,1e-05,1380,23,2092611599,E1_d_L1-10,1.13030506053875,0.04620292498206017
3.4,1e-05,1380,23,2092611599,E2,0.9985824484662652,0.025661806249944377
3.4,1e-05,1380,23,2092611599,E4,1.0976985953669205,0.03597474474170586
3.4,1e-05,1380,46,2092611599,E1_a_L1-5,0.9992131443613493,0.020735998684353364
3.4,1e-05,1380,46,2092611599,E1_a_L1-10,0.9985562665487319,0.02171111564204308
3.4,1e-05,1380,46,2092611599,E1_d_L1-5,1.0586795570607008,0.027049765102622168
3.4,1e-05,1380,46,2092611599,E1_d_L1-10,1.1298268117607382,0.042214545127905075
3.4,1e-05,1380,46,2092611599,E2,0.9979456578571745,0.018387024326842923
3.4,1e-05,1380,46,2092611599,E4,1.0594718306716902,0.02642690401553555
3.4,1e-05,1380,138,2092611599,E1_a_L1-5,0.9917862764318803,0.014729076011138825
3.4,1e-05,1380,138,2092611599,E1_a_L1-10,0.9917242052286255,0.015936738300682225
3.4,1e-05,1380,138,2092611599,E1_d_L1-5,1.0504735262240439,0.021125802847688807
3.4,1e-05,1380,138,2092611599,E1_d_L1-10,1.1215652778078045,0.037628167123189164
3.4,1e-05,1380,138,2092611599,E2,0.9896416802349907,0.01314173705867414
3.4,1e-05,1380,138,2092611599,E4,1.0334222843587328,0.019383688639754818
3.4,1e-05,1380,345,2092611599,E1_a_L1-5,0.9796041216778937,0.01300850764030541
3.4,1e-05,1380,345,2092611599,E1_a_L1-10,0.979533879764073,0.014040379703469155
3.4,1e-05,1380,345,2092611599,E1_d_L1-5,1.0367890367265458,0.02060328578339262
3.4,1e-05,1380,345,2092611599,E1_d_L1-10,1.1064449454266962,0.038833036993238666
3.4,1e-05,1380,345,2092611599,E2,0.9736414241906867,0.011629212662214852
3.4,1e-05,1380,345,2092611599,E4,1.0170688619021855,0.018218208743947317
3.4,1e-05,1380,1380,2092611599,E1_a_L1-5,0.9202087404109346,0.016724509004895312
3.4,1e-05,1380,1380,2092611599,E1_a_L1-10,0.9197128786603506,0.017123961597113994
3.4,1e-05,1380,1380,2092611599,E1_d_L1-5,0.9743582699360863,0.023392049880513827
3.4,1e-05,1380,1380,2092611599,E1_d_L1-10,1.0400553271993012,0.03873391927924945
3.4,1e-05,1380,1380,2092611599,E2,0.9002062109311899,0.01762654209973243
3.4,1e-05,1380,1380,2092611599,E4,0.9542858042431283,0.021324542935499926
3.4,1e-05,1380,23,2383867976,E1_a_L1-5,0.9984423685890872,0.028671100747339983
3.4,1e-05,1380,23,2383867976,E1_a_L1-10,0.9989819715089212,0.028362568868290902
3.4,1e-05,1380,23,2383867976,E1_d_L1-5,1.0565415556312887,0.036406237098794966
3.4,1e-05,1380,23,2383867976,E1_d_L1-10,1.1248699008807512,0.0482179544739011
3.4,1e-05,1380,23,2383867976,E2,0.9986776746970725,0.02805150568190547
3.4,1e-05,1380,23,2383867976,E4,1.092242211781177,0.03631722491376574
3.4,1e-05,1380,46,2383867976,E1_a_L1-5,0.9966392102823963,0.0219800451491487
3.4,1e-05,1380,46,2383867976,E1_a_L1-10,0.9973830907882096,0.02222081760378596
3.4,1e-05,1380,46,2383867976,E1_d_L1-5,1.0531037405606025,0.027907109274666015
3.4,1e-05,1380,46,2383867976,E1_d_L1-10,1.1223623674959355,0.043812802131973014
3.4,1e-05,1380,46,2383867976,E2,0.9952735718069633,0.019478150739181275
3.4,1e-05,1380,46,2383867976,E4,1.0537352773847066,0.026661591080105584
3.4,1e-05,1380,138,2383867976,E1_a_L1-5,0.9912066595201494,0.01621990510390822
3.4,1e-05,1380,138,2383867976,E1_a_L1-10,0.9917770108872278,0.017133317170377034
3.4,1e-05,1380,138,2383867976,E1_d_L1-5,1.0479410464326682,0.021968092935332768
3.4,1e-05,1380,138,2383867976,E1_d_L1-10,1.116151883747701,0.03828984082875704
3.4,1e-05,1380,138,2383867976,E2,0.9882382882328327,0.014115126195349732
3.4,1e-05,1380,138,2383867976,E4,1.0304239956266383,0.019694756775448175
3.4,1e-05,1380,345,2383867976,E1_a_L1-5,0.977553101091699,0.014357509524233904
3.4,1e-05,1380,345,2383867976,E1_a_L1-10,0.9778521576746791,0.015627899101911806
3.4,1e-05,1380,345,2383867976,E1_d_L1-5,1.0326207612874945,0.020714586477423073
3.4,1e-05,1380,345,2383867976,E1_d_L1-10,1.100436217024929,0.03796627366843378
3.4,1e-05,1380,345,2383867976,E2,0.970569513358021,0.012516423650417696
3.4,1e-05,1380,345,2383867976,E4,1.013306802057145,0.01791011662109812
3.4,1e-05,1380,1380,2383867976,E1_a_L1-5,0.913726373943902,0.019171931329170448
3.4,1e-05,1380,1380,2383867976,E1_a_L1-10,0.9134213858294618,0.019940320446337173
3.4,1e-05,1380,1380,2383867976,E1_d_L1-5,0.9645861067228586,0.02363668727627085
3.4,1e-05,1380,1380,2383867976,E1_d_L1-10,1.0289843072398563,0.039869642228346706
3.4,1e-05,1380,1380,2383867976,E2,0.8922988275597704,0.020801955584626573
3.4,1e-05,1380,1380,2383867976,E4,0.9464689439886524,0.022988112643348026
3.4,1e-05,1380,23,3610172792,E1_a_L1-5,0.9956352144906049,0.02589439255277739
3.4,1e-05,1380,23,3610172792,E1_a_L1-10,0.9962938218789787,0.026003900764745506
3.4,1e-05,1380,23,3610172792,E1_d_L1-5,1.0544955323950407,0.033194138919746374
3.4,1e-05,1380,23,3610172792,E1_d_L1-10,1.125619543672093,0.04821089283482752
3.4,1e-05,1380,23,3610172792,E2,0.9956074291924597,0.027282962834282283
3.4,1e-05,1380,23,3610172792,E4,1.0920730255227442,0.0330405181374359
3.4,1e-05,1380,46,3610172792,E1_a_L1-5,0.9957114965063041,0.021934025660467673
3.4,1e-05,1380,46,3610172792,E1_a_L1-10,0.9959844288319576,0.02254019073083948
3.4,1e-05,1380,46,3610172792,E1_d_L1-5,1.0546386374167713,0.0273727079751485
3.4,1e-05,1380,46,3610172792,E1_d_L1-10,1.1269198461010013,0.04097760458157711
3.4,1e-05,1380,46,3610172792,E2,0.995069087479157,0.02015316053971011
3.4,1e-05,1380,46,3610172792,E4,1.055123628419722,0.02562366550106174
3.4,1e-05,1380,138,3610172792,E1_a_L1-5,0.9898209042379656,0.01531911947651285
3.4,1e-05,1380,138,3610172792,E1_a_L1-10,0.9898528546690897,0.015790737678890575
3.4,1e-05,1380,138,3610172792,E1_d_L1-5,1.0467257823734375,0.020355898678791385
3.4,1e-05,1380,138,3610172792,E1_d_L1-10,1.1203708089603055,0.037890851865735466
3.4,1e-05,1380,138,3610172792,E2,0.9873091661446992,0.013015769011935139
3.4,1e-05,1380,138,3610172792,E4,1.031344039815429,0.017821365954317825
3.4,1e-05,1380,345,3610172792,E1_a_L1-5,0.9771139099832123,0.01284125903563565
3.4,1e-05,1380,345,3610172792,E1_a_L1-10,0.977332326675063,0.014513474846104643
3.4,1e-05,1380,345,3610172792,E1_d_L1-5,1.0334423170639366,0.01875266042842007
3.4,1e-05,1380,345,3610172792,E1_d_L1-10,1.1056202046282093,0.035101307710544524
3.4,1e-05,1380,345,3610172792,E2,0.9705013057621196,0.011671838196839356
3.4,1e-05,1380,345,3610172792,E4,1.0143472096115536,0.01598865234081445
3.4,1e-05,1380,1380,3610172792,E1_a_L1-5,0.9171475926174366,0.017224564713003786
3.4,1e-05,1380,1380,3610172792,E1_a_L1-10,0.9173809534998756,0.018148567195868354
3.4,1e-05,1380,1380,3610172792,E1_d_L1-5,0.9699528014607799,0.023725776696309087
3.4,1e-05,1380,1380,3610172792,E1_d_L1-10,1.0380028353058617,0.037101068653786914
3.4,1e-05,1380,1380,3610172792,E2,0.896612541429738,0.018797375580169303
3.4,1e-05,1380,1380,3610172792,E4,0.9514962040937317,0.020730153598685283
3.4,1e-05,1380,23,338961480,E1_a_L1-5,0.997942234006421,0.02704107173158286
3.4,1e-05,1380,23,338961480,E1_a_L1-10,0.9991281605723643,0.026614836849390543
3.4,1e-05,1380,23,338961480,E1_d_L1-5,1.0584315648987264,0.03616924674345864
3.4,1e-05,1380,23,338961480,E1_d_L1-10,1.1324319921285342,0.04887553919661196
3.4,1e-05,1380,23,338961480,E2,0.9994753741607342,0.024647454111620917
3.4,1e-05,1380,23,338961480,E4,1.0986122116854506,0.03839021830826028
3.4,1e-05,1380,46,338961480,E1_a_L1-5,0.9963278659050487,0.019465215579767478
3.4,1e-05,1380,46,338961480,E1_a_L1-10,0.9972677137786831,0.01970367018698636
3.4,1e-05,1380,46,338961480,E1_d_L1-5,1.0559826244058237,0.028280887119574254
3.4,1e-05,1380,46,338961480,E1_d_L1-10,1.130954282843,0.04328147168490258
3.4,1e-05,1380,46,338961480,E2,0.9949630568370261,0.01730674166737028
3.4,1e-05,1380,46,338961480,E4,1.0576738237388128,0.026140624030666283
3.4,1e-05,1380,138,338961480,E1_a_L1-5,0.990738436026653,0.016192258324476478
3.4,1e-05,1380,138,338961480,E1_a_L1-10,0.9912927835297155,0.017136388641351058
3.4,1e-05,1380,138,338961480,E1_d_L1-5,1.050745656810085,0.02273458718223513
3.4,1e-05,1380,138,338961480,E1_d_L1-10,1.125231598861176,0.04044010123680559
3.4,1e-05,1380,138,338961480,E2,0.9873714623623875,0.01395329643104407
3.4,1e-05,1380,138,338961480,E4,1.0331552682032348,0.02003261695935829
3.4,1e-05,1380,345,338961480,E1_a_L1-5,0.9776658002624009,0.015249821419550712
3.4,1e-05,1380,345,338961480,E1_a_L1-10,0.9787085709310503,0.016409913032036292
3.4,1e-05,1380,345,338961480,E1_d_L1-5,1.0355476085218225,0.02241338848253286
3.4,1e-05,1380,345,338961480,E1_d_L1-10,1.110337845555029,0.04160023417760842
3.4,1e-05,1380,345,338961480,E2,0.9709463781248994,0.012958249144501914
3.4,1e-05,1380,345,338961480,E4,1.0165431600615336,0.019461540377303806
3.4,1e-05,1380,1380,338961480,E1_a_L1-5,0.9157122034146988,0.019475894447823123
3.4,1e-05,1380,1380,338961480,E1_a_L1-10,0.9159608025426758,0.020134299967030016
3.4,1e-05,1380,1380,338961480,E1_d_L1-5,0.9709314713724642,0.025453489699122436
3.4,1e-05,1380,1380,338961480,E1_d_L1-10,1.0391285534075458,0.0425160768872554
3.4,1e-05,1380,1380,338961480,E2,0.8944595917070989,0.019819337125920523
3.4,1e-05,1380,1380,338961480,E4,0.951128235085573,0.023729466019816427
3.4,1e-05,1380,23,1861959406,E1_a_L1-5,0.997284487533564,0.029032448730956464
3.4,1e-05,1380,23,1861959406,E1_a_L1-10,0.9975408554247233,0.030415684297226235
3.4,1e-05,1380,23,1861959406,E1_d_L1-5,1.0558825769000506,0.03350121364913682
3.4,1e-05,1380,23,1861959406,E1_d_L1-10,1.1283344422767387,0.0467097153054117
3.4,1e-05,1380,23,1861959406,E2,0.9967507461647271,0.027280477005435642
3.4,1e-05,1380,23,1861959406,E4,1.0950963498815307,0.037479222553665884
3.4,1e-05,1380,46,1861959406,E1_a_L1-5,0.9959507984933612,0.022366546221648066
3.4,1e-05,1380,46,1861959406,E1_a_L1-10,0.9969186666988379,0.023243640618312553
3.4,1e-05,1380,46,1861959406,E1_d_L1-5,1.0539630111238898,0.027414087542408715
3.4,1e-05,1380,46,1861959406,E1_d_L1-10,1.1257000462659534,0.039755405520791445
3.4,1e-05,1380,46,1861959406,E2,0.9953244943255415,0.018607352503360458
3.4,1e-05,1380,46,1861959406,E4,1.056515371903033,0.027539306599592816
3.4,1e-05,1380,138,1861959406,E1_a_L1-5,0.9907062982120152,0.017202720409791983
3.4,1e-05,1380,138,1861959406,E1_a_L1-10,0.991550396978199,0.017920321779375838
3.4,1e-05,1380,138,1861959406,E1_d_L1-5,1.0485317662050597,0.02381362943010192
3.4,1e-05,1380,138,1861959406,E1_d_L1-10,1.1229549619776795,0.03755162062534477
3.4,1e-05,1380,138,1861959406,E2,0.9879087978478087,0.013564878323989876
3.4,1e-05,1380,138,1861959406,E4,1.0315734577576743,0.020110126287493757
3.4,1e-05,1380,345,1861959406,E1_a_L1-5,0.9773584210059721,0.015143011106970318
3.4,1e-05,1380,345,1861959406,E1_a_L1-10,0.9778171513440458,0.015942003390563557
3.4,1e-05,1380,345,1861959406,E1_d_L1-5,1.033069585949105,0.021775921201085784
3.4,1e-05,1380,345,1861959406,E1_d_L1-10,1.1080225116464768,0.03693226187956192
3.4,1e-05,1380,345,1861959406,E2,0.9713153429925374,0.013088014026313748
3.4,1e-05,1380,345,1861959406,E4,1.0142854121311933,0.018349251609103053
3.4,1e-05,1380,1380,1861959406,E1_a_L1-5,0.9144285192787452,0.019170973554593983
3.4,1e-05,1380,1380,1861959406,E1_a_L1-10,0.9144026467755201,0.020010116686711293
3.4,1e-05,1380,1380,1861959406,E1_d_L1-5,0.9672407667053516,0.02524422980423975
3.4,1e-05,1380,1380,1861959406,E1_d_L1-10,1.0357781184561963,0.03756721219950069
3.4,1e-05,1380,1380,1861959406,E2,0.8937841187801356,0.019921736373049368
3.4,1e-05,1380,1380,1861959406,E4,0.9481336349990815,0.02244044828687606
3.4,3e-05,390,13,2092611599,E1_a_L1-5,0.9971729247805834,0.03354201503195834
3.4,3e-05,390,13,2092611599,E1_a_L1-10,0.9976501380438285,0.032641778490906576
3.4,3e-05,390,13,2092611599,E1_d_L1-5,1.0586277323337974,0.04105905611787203
3.4,3e-05,390,13,2092611599,E1_d_L1-10,1.1275403819657237,0.056923984649397186
3.4,3e-05,390,13,2092611599,E2,1.0015917446985538,0.037062952938124956
3.4,3e-05,390,13,2092611599,E4,1.1716732355021215,0.055872164151434506
3.4,3e-05,390,26,2092611599,E1_a_L1-5,0.9970817333069459,0.02440623310985417
3.4,3e-05,390,26,2092611599,E1_a_L1-10,0.9973299883840372,0.02508871956042022
3.4,3e-05,390,26,2092611599,E1_d_L1-5,1.0569436556226623,0.030212536801171908
3.4,3e-05,390,26,2092611599,E1_d_L1-10,1.1280348821514088,0.05012789621861079
3.4,3e-05,390,26,2092611599,E2,0.9969458250414133,0.024189580685945424
3.4,3e-05,390,26,2092611599,E4,1.1005284166282396,0.03832642592017082
3.4,3e-05,390,78,2092611599,E1_a_L1-5,0.9829488443762233,0.01987581324168558
3.4,3e-05,390,78,2092611599,E1_a_L1-10,0.9830940678557911,0.02106096154942519
3.4,3e-05,390,78,2092611599,E1_d_L1-5,1.0425431001576668,0.026901926222874423
3.4,3e-05,390,78,2092611599,E1_d_L1-10,1.113510498241257,0.04695337182373899
3.4,3e-05,390,78,2092611599,E2,0.9833176607753746,0.017904155251524806
3.4,3e-05,390,78,2092611599,E4,1.0571137280175578,0.030089063462471016
3.4,3e-05,390,195,2092611599,E1_a_L1-5,0.9605718496480791,0.016901048241756672
3.4,3e-05,390,195,2092611599,E1_a_L1-10,0.9605775977743124,0.018084025903349864
3.4,3e-05,390,195,2092611599,E1_d_L1-5,1.0181327805553047,0.024875583244177955
3.4,3e-05,390,195,2092611599,E1_d_L1-10,1.087920832157053,0.04456125705301898
3.4,3e-05,390,195,2092611599,E2,0.9592637502181762,0.01461277640812565
3.4,3e-05,390,195,2092611599,E4,1.0277437158296623,0.027040287236541425
3.4,3e-05,390,390,2092611599,E1_a_L1-5,0.9247993182115772,0.018707037902291116
3.4,3e-05,390,390,2092611599,E1_a_L1-10,0.9244063829025336,0.020310828650086262
3.4,3e-05,390,390,2092611599,E1_d_L1-5,0.9798607596809771,0.026373845836310427
3.4,3e-05,390,390,2092611599,E1_d_L1-10,1.046578977859613,0.04461527981502041
3.4,3e-05,390,390,2092611599,E2,0.9222857313152817,0.017373125086748428
3.4,3e-05,390,390,2092611599,E4,0.9885521322001787,0.029080199134988098
3.4,3e-05,390,13,2383867976,E1_a_L1-5,1.0021727283377837,0.035324702134706246
3.4,3e-05,390,13,2383867976,E1_a_L1-10,1.0018866952615315,0.035026000627476316
3.4,3e-05,390,13,2383867976,E1_d_L1-5,1.0647224002523716,0.044015618155214375
3.4,3e-05,390,13,2383867976,E1_d_L1-10,1.1355483319495576,0.06133849250855558
3.4,3e-05,390,13,2383867976,E2,1.0066612806090098,0.039258398804834956
3.4,3e-05,390,13,2383867976,E4,1.1741199840754881,0.058840284179082485
3.4,3e-05,390,26,2383867976,E1_a_L1-5,0.9981445451113169,0.027393979440214475
3.4,3e-05,390,26,2383867976,E1_a_L1-10,0.9981031895928859,0.02768588203318606
3.4,3e-05,390,26,2383867976,E1_d_L1-5,1.0589504255529671,0.036222535296241386
3.4,3e-05,390,26,2383867976,E1_d_L1-10,1.1314173805979075,0.05474992680535599
3.4,3e-05,390,26,2383867976,E2,0.9976961650329295,0.029031383908083266
3.4,3e-05,390,26,2383867976,E4,1.0986940224678323,0.0388916167195245
3.4,3e-05,390,78,2383867976,E1_a_L1-5,0.9871983431698625,0.020831493981890537
3.4,3e-05,390,78,2383867976,E1_a_L1-10,0.9879783894149254,0.021695822224160857
3.4,3e-05,390,78,2383867976,E1_d_L1-5,1.0458926616995377,0.028834784141331022
3.4,3e-05,390,78,2383867976,E1_d_L1-10,1.1216949535883052,0.04956470313314599
3.4,3e-05,390,78,2383867976,E2,0.9869775031687632,0.020375979781504502
3.4,3e-05,390,78,2383867976,E4,1.0598863861318544,0.02952464600140248
3.4,3e-05,390,195,2383867976,E1_a_L1-5,0.9637169972401318,0.01918935608849211
3.4,3e-05,390,195,2383867976,E1_a_L1-10,0.9646363756521482,0.0203940430500657
3.4,3e-05,390,195,2383867976,E1_d_L1-5,1.020975432336033,0.027633879829014274
3.4,3e-05,390,195,2383867976,E1_d_L1-10,1.0938577707095463,0.04768131117903958
3.4,3e-05,390,195,2383867976,E2,0.9623690286439331,0.01878571922885445
3.4,3e-05,390,195,2383867976,E4,1.0296668172340966,0.028639909498802307
3.4,3e-05,390,390,2383867976,E1_a_L1-5,0.9280649959078893,0.020847318841857254
3.4,3e-05,390,390,2383867976,E1_a_L1-10,0.9294180420714442,0.021545226744947594
3.4,3e-05,390,390,2383867976,E1_d_L1-5,0.983799615447459,0.029676335858785336
3.4,3e-05,390,390,2383867976,E1_d_L1-10,1.0520308756545815,0.0491870503789547
3.4,3e-05,390,390,2383867976,E2,0.9255692088378231,0.020424613973013674
3.4,3e-05,390,390,2383867976,E4,0.9906454357574702,0.02952333622723791
3.4,3e-05,390,13,3610172792,E1_a_L1-5,0.9995278674021845,0.03635902407795262
3.4,3e-05,390,13,3610172792,E1_a_L1-10,1.0002280542362059,0.03468292199959776
3.4,3e-05,390,13,3610172792,E1_d_L1-5,1.0629103226234236,0.045367504885308246
3.4,3e-05,390,13,3610172792,E1_d_L1-10,1.1361277291417706,0.05851383942351628
3.4,3e-05,390,13,3610172792,E2,0.9992890742307501,0.036614336966841084
3.4,3e-05,390,13,3610172792,E4,1.1733970423481404,0.053511960028970046
3.4,3e-05,390,26,3610172792,E1_a_L1-5,0.9956053450610409,0.02706376854364349
3.4,3e-05,390,26,3610172792,E1_a_L1-10,0.9969707100825272,0.027008527668159723
3.4,3e-05,390,26,3610172792,E1_d_L1-5,1.0556146538081337,0.03382485999609551
3.4,3e-05,390,26,3610172792,E1_d_L1-10,1.1317905665817731,0.04910979779841713
3.4,3e-05,390,26,3610172792,E2,0.9969283464355617,0.026080260082204803
3.4,3e-05,390,26,3610172792,E4,1.0999478630427844,0.03591661524775859
3.4,3e-05,390,78,3610172792,E1_a_L1-5,0.9872415894219472,0.019827932115842665
3.4,3e-05,390,78,3610172792,E1_a_L1-10,0.9877689020652037,0.02079190091627885
3.4,3e-05,390,78,3610172792,E1_d_L1-5,1.045388931705506,0.02660608005876873
3.4,3e-05,390,78,3610172792,E1_d_L1-10,1.1209147965679056,0.042206996507563876
3.4,3e-05,390,78,3610172792,E2,0.9860092248558295,0.018733891172320258
3.4,3e-05,390,78,3610172792,E4,1.0606011408909866,0.027858485236765037
3.4,3e-05,390,195,3610172792,E1_a_L1-5,0.9648704239682644,0.019086936299799948
3.4,3e-05,390,195,3610172792,E1_a_L1-10,0.9654718247977434,0.019253357893946294
3.4,3e-05,390,195,3610172792,E1_d_L1-5,1.0213842405507385,0.02582822157689739
3.4,3e-05,390,195,3610172792,E1_d_L1-10,1.094522870426156,0.04005948691524662
3.4,3e-05,390,195,3610172792,E2,0.9628629005182197,0.01730298323274164
3.4,3e-05,390,195,3610172792,E4,1.0318235423698587,0.026353017792113766
3.4,3e-05,390,390,3610172792,E1_a_L1-5,0.9285811927832027,0.019645051401448198
3.4,3e-05,390,390,3610172792,E1_a_L1-10,0.9291961670667905,0.020193575577429682
3.4,3e-05,390,390,3610172792,E1_d_L1-5,0.9834072579430093,0.02554769842315007
3.4,3e-05,390,390,3610172792,E1_d_L1-10,1.0538583961304784,0.03919232146629922
3.4,3e-05,390,390,3610172792,E2,0.9255892709728037,0.018235243778912055
3.4,3e-05,390,390,3610172792,E4,0.9924229107342626,0.026627857504410917
3.4,3e-05,390,13,338961480,E1_a_L1-5,0.998316617166619,0.03208765814179182
3.4,3e-05,390,13,338961480,E1_a_L1-10,0.9987244522842486,0.03300009587145848
3.4,3e-05,390,13,338961480,E1_d_L1-5,1.0606152124095423,0.04047592107171659
3.4,3e-05,390,13,338961480,E1_d_L1-10,1.1307575247065984,0.05575483676935661
3.4,3e-05,390,13,338961480,E2,0.9972528790579597,0.03720886680727868
3.4,3e-05,390,13,338961480,E4,1.1669395557567934,0.05441469300475678
3.4,3e-05,390,26,338961480,E1_a_L1-5,0.9946387758297789,0.0241701979449486
3.4,3e-05,390,26,338961480,E1_a_L1-10,0.9947092949594757,0.024538724069807352
3.4,3e-05,390,26,338961480,E1_d_L1-5,1.0550456779711215,0.03246120478414217
3.4,3e-05,390,26,338961480,E1_d_L1-10,1.126614364885761,0.04900928486719128
3.4,3e-05,390,26,338961480,E2,0.9940373927723687,0.02523150878786305
3.4,3e-05,390,26,338961480,E4,1.0948252810085881,0.03661940334858709
3.4,3e-05,390,78,338961480,E1_a_L1-5,0.985488742172996,0.01944567194893102
3.4,3e-05,390,78,338961480,E1_a_L1-10,0.985442943250865,0.020223697742946314
3.4,3e-05,390,78,338961480,E1_d_L1-5,1.0444318554134564,0.026982728988105338
3.4,3e-05,390,78,338961480,E1_d_L1-10,1.116079214094686,0.044960039041447075
3.4,3e-05,390,78,338961480,E2,0.9842186438607196,0.01770618064721233
3.4,3e-05,390,78,338961480,E4,1.0572266370095358,0.027774051573761314
3.4,3e-05,390,195,338961480,E1_a_L1-5,0.96372563869581,0.017572474871464905
3.4,3e-05,390,195,338961480,E1_a_L1-10,0.9637331682726712,0.01774179451232453
3.4,3e-05,390,195,338961480,E1_d_L1-5,1.0217111901681084,0.02544689765113985
3.4,3e-05,390,195,338961480,E1_d_L1-10,1.092262931404996,0.041943771059957814
3.4,3e-05,390,195,338961480,E2,0.9618074357181803,0.016587303214659347
3.4,3e-05,390,195,338961480,E4,1.0290869946619434,0.026507128366921935
3.4,3e-05,390,390,338961480,E1_a_L1-5,0.9297885194128994,0.01966783106210532
3.4,3e-05,390,390,338961480,E1_a_L1-10,0.9296124027705227,0.020588710767812997
3.4,3e-05,390,390,338961480,E1_d_L1-5,0.9854294848268075,0.027319773525677837
3.4,3e-05,390,390,338961480,E1_d_L1-10,1.0530763434986352,0.04329294179728952
3.4,3e-05,390,390,338961480,E2,0.9265170414478837,0.018858588158442057
3.4,3e-05,390,390,338961480,E4,0.9917306475200854,0.02872857467405065
3.4,3e-05,390,13,1861959406,E1_a_L1-5,0.9966050304513223,0.036826290859770384
3.4,3e-05,390,13,1861959406,E1_a_L1-10,0.9977204929756502,0.03575048159305281
3.4,3e-05,390,13,1861959406,E1_d_L1-5,1.0580957661293864,0.04571359883799714
3.4,3e-05,390,13,1861959406,E1_d_L1-10,1.1331587001828156,0.057864396734726854
3.4,3e-05,390,13,1861959406,E2,0.9999768676068449,0.03881032615320654
3.4,3e-05,390,13,1861959406,E4,1.1716862464864712,0.05437294237769658
3.4,3e-05,390,26,1861959406,E1_a_L1-5,0.9948931950365412,0.027905303949427078
3.4,3e-05,390,26,1861959406,E1_a_L1-10,0.9965413626334397,0.027607205644769265
3.4,3e-05,390,26,1861959406,E1_d_L1-5,1.054409527312897,0.0353068235330942
3.4,3e-05,390,26,1861959406,E1_d_L1-10,1.1301421035617993,0.048763821600828025
3.4,3e-05,390,26,1861959406,E2,0.9963238714316863,0.02942941764357625
3.4,3e-05,390,26,1861959406,E4,1.0995235225395716,0.038539228726043935
3.4,3e-05,390,78,1861959406,E1_a_L1-5,0.9852120576117607,0.02025735492590595
3.4,3e-05,390,78,1861959406,E1_a_L1-10,0.9852394231414892,0.02066990831148436
3.4,3e-05,390,78,1861959406,E1_d_L1-5,1.0449419748529722,0.027786911239449607
3.4,3e-05,390,78,1861959406,E1_d_L1-10,1.1202782498474333,0.04341596495873806
3.4,3e-05,390,78,1861959406,E2,0.9843689923292112,0.01878740247374113
3.4,3e-05,390,78,1861959406,E4,1.058905677415883,0.028666680859807402
3.4,3e-05,390,195,1861959406,E1_a_L1-5,0.9627943769939921,0.019621309148840943
3.4,3e-05,390,195,1861959406,E1_a_L1-10,0.9628824384723701,0.02003848438289386
3.4,3e-05,390,195,1861959406,E1_d_L1-5,1.0204604418591534,0.027790426466466477
3.4,3e-05,390,195,1861959406,E1_d_L1-10,1.0938033654239783,0.043036329409527944
3.4,3e-05,390,195,1861959406,E2,0.9615212847981295,0.016757685811026775
3.4,3e-05,390,195,1861959406,E4,1.0300151873939207,0.026960634012752803
3.4,3e-05,390,390,1861959406,E1_a_L1-5,0.9283348263187053,0.020660991068180794
3.4,3e-05,390,390,1861959406,E1_a_L1-10,0.9284978801794136,0.021500118375905822
3.4,3e-05,390,390,1861959406,E1_d_L1-5,0.9838206606419219,0.028346756455302758
3.4,3e-05,390,390,1861959406,E1_d_L1-10,1.0563640294128005,0.043711221024187535
3.4,3e-05,390,390,1861959406,E2,0.926254523120889,0.01904914574444033
3.4,3e-05,390,390,1861959406,E4,0.9923643959957928,0.028668331345372798
3.4,3e-05,1380,23,2092611599,E1_a_L1-5,0.9982630738608926,0.026894945978659695
3.4,3e-05,1380,23,2092611599,E1_a_L1-10,0.9976872842586261,0.02646224953029575
3.4,3e-05,1380,23,2092611599,E1_d_L1-5,1.0571795790932725,0.03257602137613198
3.4,3e-05,1380,23,2092611599,E1_d_L1-10,1.1309713711868319,0.04687102604708984
3.4,3e-05,1380,23,2092611599,E2,0.9948705545728622,0.026338347393027886
3.4,3e-05,1380,23,2092611599,E4,1.0950893634271885,0.03482847193055436
3.4,3e-05,1380,46,2092611599,E1_a_L1-5,0.9918891135506885,0.021129233081093626
3.4,3e-05,1380,46,2092611599,E1_a_L1-10,0.9924038948853958,0.02217951771807792
3.4,3e-05,1380,46,2092611599,E1_d_L1-5,1.0501963506726002,0.026342448792853114
3.4,3e-05,1380,46,2092611599,E1_d_L1-10,1.1236388987636448,0.0415525338620312
3.4,3e-05,1380,46,2092611599,E2,0.9878573979576695,0.01915284177963394
3.4,3e-05,1380,46,2092611599,E4,1.0521227283244643,0.025954027176535974
3.4,3e-05,1380,138,2092611599,E1_a_L1-5,0.9724726868073134,0.016195536639557712
3.4,3e-05,1380,138,2092611599,E1_a_L1-10,0.9731125271101155,0.01718834495193002
3.4,3e-05,1380,138,2092611599,E1_d_L1-5,1.0290091860206294,0.021217488117218176
3.4,3e-05,1380,138,2092611599,E1_d_L1-10,1.1008994318475864,0.038624865044612273
3.4,3e-05,1380,138,2092611599,E2,0.9649545094210288,0.014390040842448508
3.4,3e-05,1380,138,2092611599,E4,1.0136390190277487,0.019932564129318465
3.4,3e-05,1380,345,2092611599,E1_a_L1-5,0.9352430017974879,0.016312177891142025
3.4,3e-05,1380,345,2092611599,E1_a_L1-10,0.9352994176796655,0.01744551891083836
3.4,3e-05,1380,345,2092611599,E1_d_L1-5,0.9886583593311252,0.021515844634082
3.4,3e-05,1380,345,2092611599,E1_d_L1-10,1.0580750627318123,0.03855095978202793
3.4,3e-05,1380,345,2092611599,E2,0.9183384451415129,0.01628357388693833
3.4,3e-05,1380,345,2092611599,E4,0.9711866186890845,0.020967054850686076
3.4,3e-05,1380,1380,2092611599,E1_a_L1-5,0.7846137052745399,0.03034889579787754
3.4,3e-05,1380,1380,2092611599,E1_a_L1-10,0.7851558671302515,0.030650447743740497
3.4,3e-05,1380,1380,2092611599,E1_d_L1-5,0.8295867771597463,0.033374140330777874
3.4,3e-05,1380,1380,2092611599,E1_d_L1-10,0.8885664044341098,0.046363947895654074
3.4,3e-05,1380,1380,2092611599,E2,0.7434052734676171,0.03295782683024052
3.4,3e-05,1380,1380,2092611599,E4,0.815332515940307,0.03411484021847049
3.4,3e-05,1380,23,2383867976,E1_a_L1-5,0.9935969524013712,0.026149748183567436
3.4,3e-05,1380,23,2383867976,E1_a_L1-10,0.9948129815201285,0.025970449367477617
3.4,3e-05,1380,23,2383867976,E1_d_L1-5,1.0542226051603745,0.0320546882618665
3.4,3e-05,1380,23,2383867976,E1_d_L1-10,1.1290071024903563,0.04705238759303783
3.4,3e-05,1380,23,2383867976,E2,0.9918988106229094,0.025818526769246734
3.4,3e-05,1380,23,2383867976,E4,1.0962889285752384,0.034023739214780836
3.4,3e-05,1380,46,2383867976,E1_a_L1-5,0.9909690484318538,0.02106382215226135
3.4,3e-05,1380,46,2383867976,E1_a_L1-10,0.9909892893068186,0.02113946228873218
3.4,3e-05,1380,46,2383867976,E1_d_L1-5,1.049914289688399,0.024898203493821998
3.4,3e-05,1380,46,2383867976,E1_d_L1-10,1.1246673189028815,0.04141747622504372
3.4,3e-05,1380,46,2383867976,E2,0.98823893499684,0.019171735537980364
3.4,3e-05,1380,46,2383867976,E4,1.054256509736172,0.02521924995618556
3.4,3e-05,1380,138,2383867976,E1_a_L1-5,0.9727918917724395,0.014584418584000404
3.4,3e-05,1380,138,2383867976,E1_a_L1-10,0.9730711945153431,0.015050544666405789
3.4,3e-05,1380,138,2383867976,E1_d_L1-5,1.0316189845645884,0.021115152502235737
3.4,3e-05,1380,138,2383867976,E1_d_L1-10,1.1045069731424713,0.0380672400014469
3.4,3e-05,1380,138,2383867976,E2,0.9656415319559164,0.013116847239598542
3.4,3e-05,1380,138,2383867976,E4,1.0163796545544705,0.018276945369691506
3.4,3e-05,1380,345,2383867976,E1_a_L1-5,0.9363491666338658,0.015542845460102773
3.4,3e-05,1380,345,2383867976,E1_a_L1-10,0.9370423205271231,0.016004694378968683
3.4,3e-05,1380,345,2383867976,E1_d_L1-5,0.9925880306017136,0.02148808293227215
3.4,3e-05,1380,345,2383867976,E1_d_L1-10,1.062521860152886,0.03829847629257804
3.4,3e-05,1380,345,2383867976,E2,0.9206847744998025,0.015613035987380152
3.4,3e-05,1380,345,2383867976,E4,0.975583124232657,0.01915285301963221
3.4,3e-05,1380,1380,2383867976,E1_a_L1-5,0.7891380472170016,0.030338047685798872
3.4,3e-05,1380,1380,2383867976,E1_a_L1-10,0.7894623895569035,0.031007211532672947
3.4,3e-05,1380,1380,2383867976,E1_d_L1-5,0.8369968730043262,0.03341737207197213
3.4,3e-05,1380,1380,2383867976,E1_d_L1-10,0.8951171807489238,0.04401453410515924
3.4,3e-05,1380,1380,2383867976,E2,0.7489515306227392,0.033338689142728715
3.4,3e-05,1380,1380,2383867976,E4,0.8223005653314815,0.032068256771662425
3.4,3e-05,1380,23,3610172792,E1_a_L1-5,0.9959186589886819,0.029907596729678514
3.4,3e-05,1380,23,3610172792,E1_a_L1-10,0.9972759557188686,0.028911473102396154
3.4,3e-05,1380,23,3610172792,E1_d_L1-5,1.0588641937957997,0.039902441990026696
3.4,3e-05,1380,23,3610172792,E1_d_L1-10,1.1365570335565858,0.05496006710343319
3.4,3e-05,1380,23,3610172792,E2,0.9934410940085502,0.030111874497374812
3.4,3e-05,1380,23,3610172792,E4,1.0979563082650023,0.03963049600982533
3.4,3e-05,1380,46,3610172792,E1_a_L1-5,0.992755550181416,0.020972526363530888
3.4,3e-05,1380,46,3610172792,E1_a_L1-10,0.9936316392315823,0.020941261102505795
3.4,3e-05,1380,46,3610172792,E1_d_L1-5,1.0538610621544424,0.028869209473322107
3.4,3e-05,1380,46,3610172792,E1_d_L1-10,1.1311780038434736,0.04710408168627387
3.4,3e-05,1380,46,3610172792,E2,0.9889826779927631,0.0205497089230993
3.4,3e-05,1380,46,3610172792,E4,1.0562191809717816,0.028702176747973387
3.4,3e-05,1380,138,3610172792,E1_a_L1-5,0.9741940459521706,0.01620985224784817
3.4,3e-05,1380,138,3610172792,E1_a_L1-10,0.9745105620638311,0.01670250355693112
3.4,3e-05,1380,138,3610172792,E1_d_L1-5,1.0336916481545602,0.02524690411224312
3.4,3e-05,1380,138,3610172792,E1_d_L1-10,1.1085396207867027,0.04247768727877986
3.4,3e-05,1380,138,3610172792,E2,0.9665838756590339,0.014734100582561338
3.4,3e-05,1380,138,3610172792,E4,1.0183074144150488,0.022487818396379502
3.4,3e-05,1380,345,3610172792,E1_a_L1-5,0.9369668538389788,0.017091516130569268
3.4,3e-05,1380,345,3610172792,E1_a_L1-10,0.937204876750926,0.016961891538104405
3.4,3e-05,1380,345,3610172792,E1_d_L1-5,0.9944664178668267,0.026502839624379788
3.4,3e-05,1380,345,3610172792,E1_d_L1-10,1.0668079695926045,0.04288959607471391
3.4,3e-05,1380,345,3610172792,E2,0.9208826850200765,0.016271343496159493
3.4,3e-05,1380,345,3610172792,E4,0.976055825235623,0.022192533915028186
3.4,3e-05,1380,1380,3610172792,E1_a_L1-5,0.786980450146546,0.030890781780913607
3.4,3e-05,1380,1380,3610172792,E1_a_L1-10,0.7872354396597442,0.03061130981756909
3.4,3e-05,1380,1380,3610172792,E1_d_L1-5,0.8347586747734823,0.03709209092293697
3.4,3e-05,1380,1380,3610172792,E1_d_L1-10,0.8971066691175256,0.04877620527278449
3.4,3e-05,1380,1380,3610172792,E2,0.7458671401615831,0.03264055753080111
3.4,3e-05,1380,1380,3610172792,E4,0.8197589446436107,0.034678272920345636
3.4,3e-05,1380,23,338961480,E1_a_L1-5,0.9928827422795741,0.027642884489716354
3.4,3e-05,1380,23,338961480,E1_a_L1-10,0.9932856700643488,0.027797213631883054
3.4,3e-05,1380,23,338961480,E1_d_L1-5,1.0531399732067306,0.036280170530857664
3.4,3e-05,1380,23,338961480,E1_d_L1-10,1.121753667808293,0.05099091609632857
3.4,3e-05,1380,23,338961480,E2,0.9902154890051019,0.026966375488937572
3.4,3e-05,1380,23,338961480,E4,1.0902660882304562,0.03790062910954668
3.4,3e-05,1380,46,338961480,E1_a_L1-5,0.9902625803458801,0.01996787013966287
3.4,3e-05,1380,46,338961480,E1_a_L1-10,0.9909123985968634,0.020800718820554245
3.4,3e-05,1380,46,338961480,E1_d_L1-5,1.0498307977492347,0.026810781120667395
3.4,3e-05,1380,46,338961480,E1_d_L1-10,1.119101749961865,0.04500214971197691
3.4,3e-05,1380,46,338961480,E2,0.9883104001334163,0.018284370044264503
3.4,3e-05,1380,46,338961480,E4,1.0507169212011878,0.02754440545651577
3.4,3e-05,1380,138,338961480,E1_a_L1-5,0.9723567400107652,0.016371337578049892
3.4,3e-05,1380,138,338961480,E1_a_L1-10,0.9734366669940223,0.01752285206468392
3.4,3e-05,1380,138,338961480,E1_d_L1-5,1.028648157763094,0.022769944232902933
3.4,3e-05,1380,138,338961480,E1_d_L1-10,1.0994670072656316,0.04322542453634528
3.4,3e-05,1380,138,338961480,E2,0.9657935407427288,0.014548959820116709
3.4,3e-05,1380,138,338961480,E4,1.0139584114109157,0.020840140517815978
3.4,3e-05,1380,345,338961480,E1_a_L1-5,0.935723820318193,0.017912737441632066
3.4,3e-05,1380,345,338961480,E1_a_L1-10,0.9368408344572263,0.01880038171490913
3.4,3e-05,1380,345,338961480,E1_d_L1-5,0.9892023980062836,0.022998746890223087
3.4,3e-05,1380,345,338961480,E1_d_L1-10,1.0580008321738787,0.041978165669822494
3.4,3e-05,1380,345,338961480,E2,0.9194573587443605,0.017840137479901555
3.4,3e-05,1380,345,338961480,E4,0.9721745015637231,0.021353231966109325
3.4,3e-05,1380,1380,338961480,E1_a_L1-5,0.7846314651080961,0.033574063090104043
3.4,3e-05,1380,1380,338961480,E1_a_L1-10,0.7854073159914264,0.03431366652623941
3.4,3e-05,1380,1380,338961480,E1_d_L1-5,0.8300441706751996,0.03764949671610576
3.4,3e-05,1380,1380,338961480,E1_d_L1-10,0.8867796958323475,0.050147030324712516
3.4,3e-05,1380,1380,338961480,E2,0.7434981323596398,0.03557478436285177
3.4,3e-05,1380,1380,338961480,E4,0.8153815252656647,0.03565002797254988
3.4,3e-05,1380,23,1861959406,E1_a_L1-5,0.9970599606292668,0.02852644752735717
3.4,3e-05,1380,23,1861959406,E1_a_L1-10,0.9984650881085693,0.02862383277066501
3.4,3e-05,1380,23,1861959406,E1_d_L1-5,1.0559903977425495,0.03461185105964668
3.4,3e-05,1380,23,1861959406,E1_d_L1-10,1.129572173093152,0.04689249872127704
3.4,3e-05,1380,23,1861959406,E2,0.9962256171190685,0.027692631984751352
3.4,3e-05,1380,23,1861959406,E4,1.0940217774591092,0.03697489402085833
3.4,3e-05,1380,46,1861959406,E1_a_L1-5,0.99206883447812,0.02288524386242602
3.4,3e-05,1380,46,1861959406,E1_a_L1-10,0.9923068340824881,0.02310343429137162
3.4,3e-05,1380,46,1861959406,E1_d_L1-5,1.0492160962670811,0.027719915585252115
3.4,3e-05,1380,46,1861959406,E1_d_L1-10,1.1231330984355836,0.04098500421309984
3.4,3e-05,1380,46,1861959406,E2,0.9900711185031301,0.01957310043405136
3.4,3e-05,1380,46,1861959406,E4,1.0520587219132522,0.028063362682082635
3.4,3e-05,1380,138,1861959406,E1_a_L1-5,0.9753348207372933,0.016693007103175495
3.4,3e-05,1380,138,1861959406,E1_a_L1-10,0.9755136066910615,0.017015015919635248
3.4,3e-05,1380,138,1861959406,E1_d_L1-5,1.0317265160282256,0.0225902265839405
3.4,3e-05,1380,138,1861959406,E1_d_L1-10,1.104354317582194,0.038323039776050366
3.4,3e-05,1380,138,1861959406,E2,0.9677979194288802,0.014445995202483087
3.4,3e-05,1380,138,1861959406,E4,1.0163398879020316,0.021008098979310375
3.4,3e-05,1380,345,1861959406,E1_a_L1-5,0.9375527776550079,0.016974873067822336
3.4,3e-05,1380,345,1861959406,E1_a_L1-10,0.9389576258729988,0.01794792202482163
3.4,3e-05,1380,345,1861959406,E1_d_L1-5,0.9917904679190772,0.023161331675316418
3.4,3e-05,1380,345,1861959406,E1_d_L1-10,1.0619990725922315,0.0376164193432594
3.4,3e-05,1380,345,1861959406,E2,0.9218083011101246,0.016317693135476326
3.4,3e-05,1380,345,1861959406,E4,0.9749145843830831,0.021770714182058032
3.4,3e-05,1380,1380,1861959406,E1_a_L1-5,0.7904469227226104,0.030382788089734238
3.4,3e-05,1380,1380,1861959406,E1_a_L1-10,0.7913397967542111,0.030691377425565665
3.4,3e-05,1380,1380,1861959406,E1_d_L1-5,0.836994523523846,0.034587746120052325
3.4,3e-05,1380,1380,1861959406,E1_d_L1-10,0.8950609917643192,0.04536720518762711
3.4,3e-05,1380,1380,1861959406,E2,0.7502192376985173,0.03261777884451305
3.4,3e-05,1380,1380,1861959406,E4,0.8220814918315704,0.03404885793850532
3.4,0.0001,390,13,2092611599,E1_a_L1-5,0.9917884762345035,0.03512270150469758
3.4,0.0001,390,13,2092611599,E1_a_L1-10,0.9919000635722166,0.03494702907152805
3.4,0.0001,390,13,2092611599,E1_d_L1-5,1.0524873479395023,0.040805570037787876
3.4,0.0001,390,13,2092611599,E1_d_L1-10,1.1212850344851502,0.055273337428062744
3.4,0.0001,390,13,2092611599,E2,0.9917429383089025,0.0394679589750869
3.4,0.0001,390,13,2092611599,E4,1.1582773161376156,0.051621319160848805
3.4,0.0001,390,26,2092611599,E1_a_L1-5,0.9854281075241207,0.025039522801006336
3.4,0.0001,390,26,2092611599,E1_a_L1-10,0.9845515042047757,0.025116791956046474
3.4,0.0001,390,26,2092611599,E1_d_L1-5,1.0441783124324195,0.03041957083576199
3.4,0.0001,390,26,2092611599,E1_d_L1-10,1.115852616243594,0.04498420394536003
3.4,0.0001,390,26,2092611599,E2,0.9830818093423699,0.026424773599097975
3.4,0.0001,390,26,2092611599,E4,1.08374986755164,0.03441117865797512
3.4,0.0001,390,78,2092611599,E1_a_L1-5,0.9521377210534596,0.019817109980547684
3.4,0.0001,390,78,2092611599,E1_a_L1-10,0.9520514598200165,0.02064693253750539
3.4,0.0001,390,78,2092611599,E1_d_L1-5,1.0077721766352807,0.025350344849191166
3.4,0.0001,390,78,2092611599,E1_d_L1-10,1.0765276106347963,0.04018057717609632
3.4,0.0001,390,78,2092611599,E2,0.9497662178950605,0.020288640024861738
3.4,0.0001,390,78,2092611599,E4,1.021071456434822,0.029852564826780892
3.4,0.0001,390,195,2092611599,E1_a_L1-5,0.8850419628482351,0.02465785818336709
3.4,0.0001,390,195,2092611599,E1_a_L1-10,0.8858070811166258,0.02545368183187722
3.4,0.0001,390,195,2092611599,E1_d_L1-5,0.9371948044922179,0.028807734200770856
3.4,0.0001,390,195,2092611599,E1_d_L1-10,1.003743977644598,0.040432705370464166
3.4,0.0001,390,195,2092611599,E2,0.881568565071838,0.025441581814533487
3.4,0.0001,390,195,2092611599,E4,0.9461555438165153,0.03311785316470952
3.4,0.0001,390,390,2092611599,E1_a_L1-5,0.7932270064052256,0.0340130767328932
3.4,0.0001,390,390,2092611599,E1_a_L1-10,0.7937924242232907,0.034137291651594806
3.4,0.0001,390,390,2092611599,E1_d_L1-5,0.8402705600760662,0.038225239572874374
3.4,0.0001,390,390,2092611599,E1_d_L1-10,0.898589628939616,0.04616866739252957
3.4,0.0001,390,390,2092611599,E2,0.7879696128466555,0.03438460248631925
3.4,0.0001,390,390,2092611599,E4,0.847986289878833,0.04047094767147822
3.4,0.0001,390,13,2383867976,E1_a_L1-5,0.990868127175489,0.030581900404825228
3.4,0.0001,390,13,2383867976,E1_a_L1-10,0.9919075033492751,0.028958295982111925
3.4,0.0001,390,13,2383867976,E1_d_L1-5,1.0523473852464764,0.0406042688164048
3.4,0.0001,390,13,2383867976,E1_d_L1-10,1.1250978135558385,0.0524347375432753
3.4,0.0001,390,13,2383867976,E2,0.9905418137662215,0.037191786377431306
3.4,0.0001,390,13,2383867976,E4,1.1628032815265739,0.05412551270954292
3.4,0.0001,390,26,2383867976,E1_a_L1-5,0.9833276457490859,0.022229751433091565
3.4,0.0001,390,26,2383867976,E1_a_L1-10,0.9832991863302583,0.02212514691073513
3.4,0.0001,390,26,2383867976,E1_d_L1-5,1.0438643115791735,0.029494111629693648
3.4,0.0001,390,26,2383867976,E1_d_L1-10,1.113149459988155,0.042207147213265
3.4,0.0001,390,26,2383867976,E2,0.9818795037019065,0.023093394911813427
3.4,0.0001,390,26,2383867976,E4,1.084597702131985,0.035399756097389906
3.4,0.0001,390,78,2383867976,E1_a_L1-5,0.9505434057979955,0.018554801446261093
3.4,0.0001,390,78,2383867976,E1_a_L1-10,0.9505116303633432,0.01760012110585689
3.4,0.0001,390,78,2383867976,E1_d_L1-5,1.0069481632382677,0.024598212892146726
3.4,0.0001,390,78,2383867976,E1_d_L1-10,1.0771807759527512,0.03928341587080255
3.4,0.0001,390,78,2383867976,E2,0.9489996694329349,0.017759553392128685
3.4,0.0001,390,78,2383867976,E4,1.022197278050192,0.028606057205676477
3.4,0.0001,390,195,2383867976,E1_a_L1-5,0.884981862310671,0.02383541836991287
3.4,0.0001,390,195,2383867976,E1_a_L1-10,0.8849082697289465,0.02364358161130397
3.4,0.0001,390,195,2383867976,E1_d_L1-5,0.9383591596495378,0.029715394617103423
3.4,0.0001,390,195,2383867976,E1_d_L1-10,1.0029222400308457,0.04168277117808275
3.4,0.0001,390,195,2383867976,E2,0.8820126256037891,0.0229064803522414
3.4,0.0001,390,195,2383867976,E4,0.9481090974399493,0.03229829258940643
3.4,0.0001,390,390,2383867976,E1_a_L1-5,0.7937463277890785,0.03328289828074252
3.4,0.0001,390,390,2383867976,E1_a_L1-10,0.794073078561621,0.03269583789281887
3.4,0.0001,390,390,2383867976,E1_d_L1-5,0.8414578937977493,0.03748779669991152
3.4,0.0001,390,390,2383867976,E1_d_L1-10,0.9003022347197089,0.04672984044011229
3.4,0.0001,390,390,2383867976,E2,0.7888024384123168,0.03234070771595141
3.4,0.0001,390,390,2383867976,E4,0.8501684113062996,0.039098263245293904
3.4,0.0001,390,13,3610172792,E1_a_L1-5,0.9931456169496096,0.035054019136290325
3.4,0.0001,390,13,3610172792,E1_a_L1-10,0.993552873231918,0.03450209964491932
3.4,0.0001,390,13,3610172792,E1_d_L1-5,1.055804704898308,0.043103443730505196
3.4,0.0001,390,13,3610172792,E1_d_L1-10,1.1256353066156264,0.057895078374873336
3.4,0.0001,390,13,3610172792,E2,0.9935389443887688,0.03892568151675299
3.4,0.0001,390,13,3610172792,E4,1.1636967914506047,0.05489933631468349
3.4,0.0001,390,26,3610172792,E1_a_L1-5,0.9839657265381923,0.027752802078822778
3.4,0.0001,390,26,3610172792,E1_a_L1-10,0.9840294803437188,0.02796857181589356
3.4,0.0001,390,26,3610172792,E1_d_L1-5,1.0437994454605033,0.036102572712534614
3.4,0.0001,390,26,3610172792,E1_d_L1-10,1.116416711554111,0.05051528806750861
3.4,0.0001,390,26,3610172792,E2,0.9833983373354674,0.030509413823432592
3.4,0.0001,390,26,3610172792,E4,1.0846625550725661,0.03921321440315328
3.4,0.0001,390,78,3610172792,E1_a_L1-5,0.9497962719685427,0.02331419990309692
3.4,0.0001,390,78,3610172792,E1_a_L1-10,0.9502778794152927,0.023639162877412793
3.4,0.0001,390,78,3610172792,E1_d_L1-5,1.0057047353127653,0.031936070207515
3.4,0.0001,390,78,3610172792,E1_d_L1-10,1.0765771116134146,0.046854698978674204
3.4,0.0001,390,78,3610172792,E2,0.9481008410583794,0.02153542885787214
3.4,0.0001,390,78,3610172792,E4,1.0205661148927103,0.030474126609651292
3.4,0.0001,390,195,3610172792,E1_a_L1-5,0.8841535369645311,0.025811194743157573
3.4,0.0001,390,195,3610172792,E1_a_L1-10,0.884564041411256,0.026004178987000515
3.4,0.0001,390,195,3610172792,E1_d_L1-5,0.9368971454887466,0.03318408829214583
3.4,0.0001,390,195,3610172792,E1_d_L1-10,1.0025008302831133,0.04645920182521018
3.4,0.0001,390,195,3610172792,E2,0.8804721201671554,0.024454551286368063
3.4,0.0001,390,195,3610172792,E4,0.9463180399471941,0.03221376757066357
3.4,0.0001,390,390,3610172792,E1_a_L1-5,0.793603166999146,0.03284868244601915
3.4,0.0001,390,390,3610172792,E1_a_L1-10,0.7942573491657893,0.03333479607783901
3.4,0.0001,390,390,3610172792,E1_d_L1-5,0.8407914458560125,0.03903067143426675
3.4,0.0001,390,390,3610172792,E1_d_L1-10,0.9001964483793529,0.04939733181418042
3.4,0.0001,390,390,3610172792,E2,0.7883610298683371,0.0320777468452367
3.4,0.0001,390,390,3610172792,E4,0.8495603990738841,0.038835540321544196
3.4,0.0001,390,13,338961480,E1_a_L1-5,0.9922069682553049,0.03272952181452726
3.4,0.0001,390,13,338961480,E1_a_L1-10,0.9939959469022996,0.032967333259724646
3.4,0.0001,390,13,338961480,E1_d_L1-5,1.0525012663564204,0.03831313846724977
3.4,0.0001,390,13,338961480,E1_d_L1-10,1.1265200252815366,0.050687528728212104
3.4,0.0001,390,13,338961480,E2,0.994456265769029,0.03944445448232791
3.4,0.0001,390,13,338961480,E4,1.1645370723703128,0.051454350672497845
3.4,0.0001,390,26,338961480,E1_a_L1-5,0.9842846759601862,0.025497313052130398
3.4,0.0001,390,26,338961480,E1_a_L1-10,0.9855218547437278,0.025680091274690318
3.4,0.0001,390,26,338961480,E1_d_L1-5,1.044326247029865,0.03319603411766183
3.4,0.0001,390,26,338961480,E1_d_L1-10,1.1166605994532102,0.048331066556122196
3.4,0.0001,390,26,338961480,E2,0.9841877834893006,0.027525210758258138
3.4,0.0001,390,26,338961480,E4,1.0864532422998336,0.036727235173097665
3.4,0.0001,390,78,338961480,E1_a_L1-5,0.9492706539584583,0.020368676157193503
3.4,0.0001,390,78,338961480,E1_a_L1-10,0.9506066339444327,0.021092035005483303
3.4,0.0001,390,78,338961480,E1_d_L1-5,1.0057991657280905,0.02566858437128001
3.4,0.0001,390,78,338961480,E1_d_L1-10,1.0774502296478354,0.04183319471633486
3.4,0.0001,390,78,338961480,E2,0.9480999263905051,0.02006046943208862
3.4,0.0001,390,78,338961480,E4,1.0206712794032788,0.027612316425363104
3.4,0.0001,390,195,338961480,E1_a_L1-5,0.8829054072026762,0.023977412989410838
3.4,0.0001,390,195,338961480,E1_a_L1-10,0.8841369408561193,0.024464906840908573
3.4,0.0001,390,195,338961480,E1_d_L1-5,0.934576274756995,0.027243866019634543
3.4,0.0001,390,195,338961480,E1_d_L1-10,1.0017433339319894,0.04247415318069445
3.4,0.0001,390,195,338961480,E2,0.880054246793802,0.02349242003136404
3.4,0.0001,390,195,338961480,E4,0.9456642129923308,0.030244976964200195
3.4,0.0001,390,390,338961480,E1_a_L1-5,0.7917345680090523,0.03126624323663877
3.4,0.0001,390,390,338961480,E1_a_L1-10,0.7925332463061063,0.031577994871970994
3.4,0.0001,390,390,338961480,E1_d_L1-5,0.8381504700043552,0.0349808368030844
3.4,0.0001,390,390,338961480,E1_d_L1-10,0.8978471584911244,0.04634415797531941
3.4,0.0001,390,390,338961480,E2,0.7869154541472647,0.03133395715095003
3.4,0.0001,390,390,338961480,E4,0.8477445520766526,0.03660240365832299
3.4,0.0001,390,13,1861959406,E1_a_L1-5,0.9873769627867023,0.031857345671198946
3.4,0.0001,390,13,1861959406,E1_a_L1-10,0.9884247919705572,0.032651957525419016
3.4,0.0001,390,13,1861959406,E1_d_L1-5,1.0495098667158502,0.038619053971525194
3.4,0.0001,390,13,1861959406,E1_d_L1-10,1.1192827314508351,0.051529932415366304
3.4,0.0001,390,13,1861959406,E2,0.9891202839789787,0.04026348147318283
3.4,0.0001,390,13,1861959406,E4,1.1597737696496768,0.05262095454353159
3.4,0.0001,390,26,1861959406,E1_a_L1-5,0.9806802725954222,0.025989353769890228
3.4,0.0001,390,26,1861959406,E1_a_L1-10,0.9811915405831474,0.026682534390685374
3.4,0.0001,390,26,1861959406,E1_d_L1-5,1.0404229928093027,0.030926082704757236
3.4,0.0001,390,26,1861959406,E1_d_L1-10,1.1113410336157186,0.04546168718658704
3.4,0.0001,390,26,1861959406,E2,0.9796534579141962,0.0282902523271527
3.4,0.0001,390,26,1861959406,E4,1.0818831430898255,0.037410184831516334
3.4,0.0001,390,78,1861959406,E1_a_L1-5,0.9475508745406652,0.022907604479289793
3.4,0.0001,390,78,1861959406,E1_a_L1-10,0.948369022907573,0.023408315475483582
3.4,0.0001,390,78,1861959406,E1_d_L1-5,1.0041794717557053,0.028587774295997345
3.4,0.0001,390,78,1861959406,E1_d_L1-10,1.0752487922910894,0.04508990583266207
3.4,0.0001,390,78,1861959406,E2,0.9458160730140104,0.02207712232744928
3.4,0.0001,390,78,1861959406,E4,1.0182524993607232,0.03094575621068052
3.4,0.0001,390,195,1861959406,E1_a_L1-5,0.882759596598036,0.027703385114079142
3.4,0.0001,390,195,1861959406,E1_a_L1-10,0.8828789217385316,0.02759660362447368
3.4,0.0001,390,195,1861959406,E1_d_L1-5,0.9352514274219257,0.03270772312872352
3.4,0.0001,390,195,1861959406,E1_d_L1-10,1.000304043767654,0.047312639907255906
3.4,0.0001,390,195,1861959406,E2,0.8788631712780844,0.02709197621403194
3.4,0.0001,390,195,1861959406,E4,0.9440076237965422,0.03527480561502305
3.4,0.0001,390,390,1861959406,E1_a_L1-5,0.792146272615686,0.03560603277634351
3.4,0.0001,390,390,1861959406,E1_a_L1-10,0.7921246050589107,0.03593621088861641
3.4,0.0001,390,390,1861959406,E1_d_L1-5,0.8396411418034533,0.0405725241098613
3.4,0.0001,390,390,1861959406,E1_d_L1-10,0.8988671194284124,0.05362118972543742
3.4,0.0001,390,390,1861959406,E2,0.786302705517283,0.03555582311440757
3.4,0.0001,390,390,1861959406,E4,0.8470946188731088,0.04284205908347191
3.4,0.0001,1380,23,2092611599,E1_a_L1-5,0.9855268648567531,0.032587389896413355
3.4,0.0001,1380,23,2092611599,E1_a_L1-10,0.9864716181211424,0.03314727350092165
3.4,0.0001,1380,23,2092611599,E1_d_L1-5,1.0462218827165684,0.038471331170259325
3.4,0.0001,1380,23,2092611599,E1_d_L1-10,1.1210519214546595,0.05772701418486668
3.4,0.0001,1380,23,2092611599,E2,0.9818541611570055,0.03198921562514645
3.4,0.0001,1380,23,2092611599,E4,1.084061127364639,0.04074345605902418
3.4,0.0001,1380,46,2092611599,E1_a_L1-5,0.9692176593403115,0.02398241237914025
3.4,0.0001,1380,46,2092611599,E1_a_L1-10,0.9708630690835947,0.02511913893429612
3.4,0.0001,1380,46,2092611599,E1_d_L1-5,1.0275087590814125,0.030515332858103452
3.4,0.0001,1380,46,2092611599,E1_d_L1-10,1.1022218158197656,0.04976597338160465
3.4,0.0001,1380,46,2092611599,E2,0.9615953266948702,0.02473101737302729
3.4,0.0001,1380,46,2092611599,E4,1.0296875132971879,0.030755371688277067
3.4,0.0001,1380,138,2092611599,E1_a_L1-5,0.9152037003978049,0.02264631360883205
3.4,0.0001,1380,138,2092611599,E1_a_L1-10,0.9158783138165377,0.023970627809593862
3.4,0.0001,1380,138,2092611599,E1_d_L1-5,0.9704529389614964,0.027984371172218924
3.4,0.0001,1380,138,2092611599,E1_d_L1-10,1.0404458016353195,0.047629703544146536
3.4,0.0001,1380,138,2092611599,E2,0.8948669460945888,0.022609911287726082
3.4,0.0001,1380,138,2092611599,E4,0.9544079681833442,0.026671831432191026
3.4,0.0001,1380,345,2092611599,E1_a_L1-5,0.8127549970808843,0.030700168299935295
3.4,0.0001,1380,345,2092611599,E1_a_L1-10,0.8134271678888839,0.03165554927037025
3.4,0.0001,1380,345,2092611599,E1_d_L1-5,0.8622779338123329,0.03545194206610811
3.4,0.0001,1380,345,2092611599,E1_d_L1-10,0.9242732706069297,0.049539984072823263
3.4,0.0001,1380,345,2092611599,E2,0.7752875123665207,0.03291970184776486
3.4,0.0001,1380,345,2092611599,E4,0.8452482921712771,0.03397602194126774
3.4,0.0001,1380,1380,2092611599,E1_a_L1-5,0.5179282952909218,0.04769864328481977
3.4,0.0001,1380,1380,2092611599,E1_a_L1-10,0.5183333542679078,0.04821798539236062
3.4,0.0001,1380,1380,2092611599,E1_d_L1-5,0.5499571837620343,0.05098654225666712
3.4,0.0001,1380,1380,2092611599,E1_d_L1-10,0.5898058742122588,0.05819404999802814
3.4,0.0001,1380,1380,2092611599,E2,0.4635360778267398,0.04691042874775321
3.4,0.0001,1380,1380,2092611599,E4,0.5397049893327419,0.04990046536332863
3.4,0.0001,1380,23,2383867976,E1_a_L1-5,0.989762382081513,0.026839456145470144
3.4,0.0001,1380,23,2383867976,E1_a_L1-10,0.9890495616225385,0.025963873565760652
3.4,0.0001,1380,23,2383867976,E1_d_L1-5,1.0498936314953926,0.03473233091775029
3.4,0.0001,1380,23,2383867976,E1_d_L1-10,1.1237752268436048,0.051396847335784326
3.4,0.0001,1380,23,2383867976,E2,0.9828949791678231,0.027648352437285657
3.4,0.0001,1380,23,2383867976,E4,1.0862190669736294,0.039216162113429036
3.4,0.0001,1380,46,2383867976,E1_a_L1-5,0.9726248578173312,0.023854306634336783
3.4,0.0001,1380,46,2383867976,E1_a_L1-10,0.9726331564727039,0.023404369698174266
3.4,0.0001,1380,46,2383867976,E1_d_L1-5,1.0314085950976681,0.031153204549840708
3.4,0.0001,1380,46,2383867976,E1_d_L1-10,1.1033072306297538,0.04793113683996756
3.4,0.0001,1380,46,2383867976,E2,0.9633123189502146,0.02122068046267649
3.4,0.0001,1380,46,2383867976,E4,1.0311208946982953,0.030029215503502103
3.4,0.0001,1380,138,2383867976,E1_a_L1-5,0.9171843384019712,0.020724150051835977
3.4,0.0001,1380,138,2383867976,E1_a_L1-10,0.9176031986911946,0.020570383166364805
3.4,0.0001,1380,138,2383867976,E1_d_L1-5,0.9715207414477774,0.02659462725453083
3.4,0.0001,1380,138,2383867976,E1_d_L1-10,1.040182552773314,0.04097205554362861
3.4,0.0001,1380,138,2383867976,E2,0.8967584136112947,0.02039801600040151
3.4,0.0001,1380,138,2383867976,E4,0.9560544539205301,0.024257215543862575
3.4,0.0001,1380,345,2383867976,E1_a_L1-5,0.8173723564221692,0.02867248814345814
3.4,0.0001,1380,345,2383867976,E1_a_L1-10,0.8175101780442011,0.02833722652650833
3.4,0.0001,1380,345,2383867976,E1_d_L1-5,0.8665498127687892,0.03505733028454033
3.4,0.0001,1380,345,2383867976,E1_d_L1-10,0.9268852308274844,0.045851697934928305
3.4,0.0001,1380,345,2383867976,E2,0.7801324952264543,0.03107995017760617
3.4,0.0001,1380,345,2383867976,E4,0.8500626958284141,0.03178934695114159
3.4,0.0001,1380,1380,2383867976,E1_a_L1-5,0.5259694665228788,0.045507126033272956
3.4,0.0001,1380,1380,2383867976,E1_a_L1-10,0.5257645298539729,0.04550903385206777
3.4,0.0001,1380,1380,2383867976,E1_d_L1-5,0.5577914680355541,0.04856684155163655
3.4,0.0001,1380,1380,2383867976,E1_d_L1-10,0.5969629430508913,0.054731129876489176
3.4,0.0001,1380,1380,2383867976,E2,0.4711058599624031,0.04545678681248199
3.4,0.0001,1380,1380,2383867976,E4,0.5480245514464904,0.04774049110794493
3.4,0.0001,1380,23,3610172792,E1_a_L1-5,0.9818089229951145,0.02596151291430012
3.4,0.0001,1380,23,3610172792,E1_a_L1-10,0.9821976088602027,0.025508037219462883
3.4,0.0001,1380,23,3610172792,E1_d_L1-5,1.0422345434971663,0.0330379160098021
3.4,0.0001,1380,23,3610172792,E1_d_L1-10,1.1141728118719876,0.04859076755242912
3.4,0.0001,1380,23,3610172792,E2,0.9778397851478948,0.02431522177831273
3.4,0.0001,1380,23,3610172792,E4,1.07923658923808,0.033993959773293315
3.4,0.0001,1380,46,3610172792,E1_a_L1-5,0.9673352874305807,0.019683632874696586
3.4,0.0001,1380,46,3610172792,E1_a_L1-10,0.9677399463091483,0.01969810983715515
3.4,0.0001,1380,46,3610172792,E1_d_L1-5,1.0253621851104966,0.027037566114195857
3.4,0.0001,1380,46,3610172792,E1_d_L1-10,1.0970714143152962,0.04096790043316183
3.4,0.0001,1380,46,3610172792,E2,0.961398471186353,0.018509590412554105
3.4,0.0001,1380,46,3610172792,E4,1.0262628784612104,0.02451618964452219
3.4,0.0001,1380,138,3610172792,E1_a_L1-5,0.9147182283911894,0.019488490555357205
3.4,0.0001,1380,138,3610172792,E1_a_L1-10,0.9155119994114633,0.019408642918827722
3.4,0.0001,1380,138,3610172792,E1_d_L1-5,0.9687066573483355,0.025755492560045036
3.4,0.0001,1380,138,3610172792,E1_d_L1-10,1.0358286401745966,0.039477647854518634
3.4,0.0001,1380,138,3610172792,E2,0.8958875735440017,0.01927884912718642
3.4,0.0001,1380,138,3610172792,E4,0.9534425379875578,0.02231710193116528
3.4,0.0001,1380,345,3610172792,E1_a_L1-5,0.8136142490875328,0.027165492197468877
3.4,0.0001,1380,345,3610172792,E1_a_L1-10,0.8139436308922025,0.027301401715504024
3.4,0.0001,1380,345,3610172792,E1_d_L1-5,0.86134204307136,0.0313482087746158
3.4,0.0001,1380,345,3610172792,E1_d_L1-10,0.9229489296148201,0.04298330162435503
3.4,0.0001,1380,345,3610172792,E2,0.7774966508376195,0.02958974423607358
3.4,0.0001,1380,345,3610172792,E4,0.846203977958059,0.030374717506920456
3.4,0.0001,1380,1380,3610172792,E1_a_L1-5,0.5197028461630405,0.043262523989234504
3.4,0.0001,1380,1380,3610172792,E1_a_L1-10,0.5201875271393951,0.04344624346369061
3.4,0.0001,1380,1380,3610172792,E1_d_L1-5,0.5508515643099243,0.04673037360689386
3.4,0.0001,1380,1380,3610172792,E1_d_L1-10,0.590604623241405,0.05236638066083451
3.4,0.0001,1380,1380,3610172792,E2,0.4658681235402974,0.04243418118491549
3.4,0.0001,1380,1380,3610172792,E4,0.5414848867731369,0.04531144126172857
3.4,0.0001,1380,23,338961480,E1_a_L1-5,0.979937013362657,0.028303333016145193
3.4,0.0001,1380,23,338961480,E1_a_L1-10,0.9802113401708968,0.02833966711681757
3.4,0.0001,1380,23,338961480,E1_d_L1-5,1.0396441680147688,0.03365460741133935
3.4,0.0001,1380,23,338961480,E1_d_L1-10,1.1111003626022542,0.04999763615686855
3.4,0.0001,1380,23,338961480,E2,0.9739691067772989,0.02868456266885413
3.4,0.0001,1380,23,338961480,E4,1.0751828658008824,0.03544254539075958
3.4,0.0001,1380,46,338961480,E1_a_L1-5,0.9658817867794718,0.021941190865306204
3.4,0.0001,1380,46,338961480,E1_a_L1-10,0.9666919647750402,0.022874077181920822
3.4,0.0001,1380,46,338961480,E1_d_L1-5,1.0240288958670667,0.027617437088341315
3.4,0.0001,1380,46,338961480,E1_d_L1-10,1.0952757656096688,0.043772348327864655
3.4,0.0001,1380,46,338961480,E2,0.9581618927850143,0.021232675576109448
3.4,0.0001,1380,46,338961480,E4,1.0248215022126044,0.025976219749398233
3.4,0.0001,1380,138,338961480,E1_a_L1-5,0.9132761814420813,0.021073235034641005
3.4,0.0001,1380,138,338961480,E1_a_L1-10,0.9139280956562146,0.021942549125927337
3.4,0.0001,1380,138,338961480,E1_d_L1-5,0.9675132848016662,0.026195326230979765
3.4,0.0001,1380,138,338961480,E1_d_L1-10,1.0356220743278755,0.04278021694925372
3.4,0.0001,1380,138,338961480,E2,0.8937330395628261,0.021512922674828128
3.4,0.0001,1380,138,338961480,E4,0.9526467984379586,0.02518862515091134
3.4,0.0001,1380,345,338961480,E1_a_L1-5,0.8115567085206788,0.029961377934486097
3.4,0.0001,1380,345,338961480,E1_a_L1-10,0.8118852195617419,0.030575308384556108
3.4,0.0001,1380,345,338961480,E1_d_L1-5,0.8600069462902465,0.03447519507735964
3.4,0.0001,1380,345,338961480,E1_d_L1-10,0.9206558589274567,0.04717839331123356
3.4,0.0001,1380,345,338961480,E2,0.7745437208511035,0.0318260078462354
3.4,0.0001,1380,345,338961480,E4,0.8442613482848969,0.03304879964348661
3.4,0.0001,1380,1380,338961480,E1_a_L1-5,0.517422815292272,0.04568923978909525
3.4,0.0001,1380,1380,338961480,E1_a_L1-10,0.5178806892017042,0.045903893507296026
3.4,0.0001,1380,1380,338961480,E1_d_L1-5,0.5483763874140082,0.0488803903653752
3.4,0.0001,1380,1380,338961480,E1_d_L1-10,0.5874573930148931,0.05487143808550294
3.4,0.0001,1380,1380,338961480,E2,0.4633882813280366,0.04452141326037359
3.4,0.0001,1380,1380,338961480,E4,0.5395233691683216,0.04798056471888444
3.4,0.0001,1380,23,1861959406,E1_a_L1-5,0.9840662023399624,0.02851050443022864
3.4,0.0001,1380,23,1861959406,E1_a_L1-10,0.984496077317283,0.026698425020583432
3.4,0.0001,1380,23,1861959406,E1_d_L1-5,1.0438762919785882,0.036225882883730666
3.4,0.0001,1380,23,1861959406,E1_d_L1-10,1.1167667467571056,0.05004283412468485
3.4,0.0001,1380,23,1861959406,E2,0.9791198323050071,0.02644301275003674
3.4,0.0001,1380,23,1861959406,E4,1.0816024581187207,0.03733063966761003
3.4,0.0001,1380,46,1861959406,E1_a_L1-5,0.9702114986836773,0.02146225344795671
3.4,0.0001,1380,46,1861959406,E1_a_L1-10,0.9708147878289549,0.020735848305486228
3.4,0.0001,1380,46,1861959406,E1_d_L1-5,1.0291293648914814,0.02865041582317083
3.4,0.0001,1380,46,1861959406,E1_d_L1-10,1.1036377854914625,0.04456604676908799
3.4,0.0001,1380,46,1861959406,E2,0.9612429694886968,0.019208769020923534
3.4,0.0001,1380,46,1861959406,E4,1.0298138473859713,0.026086694220797374
3.4,0.0001,1380,138,1861959406,E1_a_L1-5,0.9152723979194878,0.021403181740406275
3.4,0.0001,1380,138,1861959406,E1_a_L1-10,0.9163370127469929,0.021268427900501274
3.4,0.0001,1380,138,1861959406,E1_d_L1-5,0.9712978301042423,0.027641093453419596
3.4,0.0001,1380,138,1861959406,E1_d_L1-10,1.0416595155589747,0.042277089019922824
3.4,0.0001,1380,138,1861959406,E2,0.8948322186330805,0.02130139567042198
3.4,0.0001,1380,138,1861959406,E4,0.9555677658044976,0.025544062488005635
3.4,0.0001,1380,345,1861959406,E1_a_L1-5,0.8147914095269462,0.031276704039600686
3.4,0.0001,1380,345,1861959406,E1_a_L1-10,0.8153431241816662,0.031274316748521845
3.4,0.0001,1380,345,1861959406,E1_d_L1-5,0.8645327684651791,0.03612136256056973
3.4,0.0001,1380,345,1861959406,E1_d_L1-10,0.9261536414665588,0.04834581198329235
3.4,0.0001,1380,345,1861959406,E2,0.7771090751970695,0.033480213791224414
3.4,0.0001,1380,345,1861959406,E4,0.8479689966677236,0.03452670589909098
3.4,0.0001,1380,1380,1861959406,E1_a_L1-5,0.520240523732064,0.04803600486606075
3.4,0.0001,1380,1380,1861959406,E1_a_L1-10,0.5204924406326955,0.04790735877248413
3.4,0.0001,1380,1380,1861959406,E1_d_L1-5,0.5519882815363355,0.05176425719803337
3.4,0.0001,1380,1380,1861959406,E1_d_L1-10,0.5931446851665086,0.0567826351943859
3.4,0.0001,1380,1380,1861959406,E2,0.465465398563838,0.0471616165863771
3.4,0.0001,1380,1380,1861959406,E4,0.5425765740422347,0.04999014956142333
4.5,1e-05,390,13,2092611599,E1_a_L1-5,1.0001169435454849,0.030370832338588765
4.5,1e-05,390,13,2092611599,E1_a_L1-10,1.0003251482098796,0.028459495874584496
4.5,1e-05,390,13,2092611599,E1_d_L1-5,1.062672288000652,0.038781410609828995
4.5,1e-05,390,13,2092611599,E1_d_L1-10,1.132792855530007,0.051693135132334894
4.5,1e-05,390,13,2092611599,E2,1.0011484741898486,0.033674365387291676
4.5,1e-05,390,13,2092611599,E4,1.1162651118431546,0.037413686975529964
4.5,1e-05,390,26,2092611599,E1_a_L1-5,0.9993798066029637,0.021534871204135116
4.5,1e-05,390,26,2092611599,E1_a_L1-10,0.9987547323196455,0.021953456987241528
4.5,1e-05,390,26,2092611599,E1_d_L1-5,1.0601549148151521,0.030283542783393857
4.5,1e-05,390,26,2092611599,E1_d_L1-10,1.1313922064314088,0.044422937898704995
4.5,1e-05,390,26,2092611599,E2,0.997567759642318,0.023125698775244743
4.5,1e-05,390,26,2092611599,E4,1.0477339878868828,0.024302778931708822
4.5,1e-05,390,78,2092611599,E1_a_L1-5,0.9960050776817139,0.014055443491527871
4.5,1e-05,390,78,2092611599,E1_a_L1-10,0.9949297199971846,0.016075903104729835
4.5,1e-05,390,78,2092611599,E1_d_L1-5,1.0546077245894916,0.02230375520705202
4.5,1e-05,390,78,2092611599,E1_d_L1-10,1.1269096744708182,0.039072006196695895
4.5,1e-05,390,78,2092611599,E2,0.9951769515846549,0.014269846398783445
4.5,1e-05,390,78,2092611599,E4,1.019488090521659,0.015381261974999684
4.5,1e-05,390,195,2092611599,E1_a_L1-5,0.9885023554102232,0.013021057360939316
4.5,1e-05,390,195,2092611599,E1_a_L1-10,0.9880125611209408,0.013792171995213424
4.5,1e-05,390,195,2092611599,E1_d_L1-5,1.0464549063510937,0.021228701029015275
4.5,1e-05,390,195,2092611599,E1_d_L1-10,1.118774395722296,0.03945052145767773
4.5,1e-05,390,195,2092611599,E2,0.9871544062806282,0.01192229008531236
4.5,1e-05,390,195,2092611599,E4,1.0079166792640735,0.013699876682257141
4.5,1e-05,390,390,2092611599,E1_a_L1-5,0.9760947967626322,0.012002547008363458
4.5,1e-05,390,390,2092611599,E1_a_L1-10,0.9753514848126366,0.013454019283732245
4.5,1e-05,390,390,2092611599,E1_d_L1-5,1.0331946055544383,0.019989937675548654
4.5,1e-05,390,390,2092611599,E1_d_L1-10,1.1044508873711125,0.03869857522132459
4.5,1e-05,390,390,2092611599,E2,0.9746354633015802,0.010915112919554316
4.5,1e-05,390,390,2092611599,E4,0.9944491918909216,0.012766840665910514
4.5,1e-05,390,13,2383867976,E1_a_L1-5,0.9971771315395743,0.03267299611574711
4.5,1e-05,390,13,2383867976,E1_a_L1-10,0.9983258980883839,0.03296844845294138
4.5,1e-05,390,13,2383867976,E1_d_L1-5,1.0576918223713165,0.03956365773544674
4.5,1e-05,390,13,2383867976,E1_d_L1-10,1.1289678618686652,0.04977762615009704
4.5,1e-05,390,13,2383867976,E2,0.9986462927253738,0.03619631127824627
4.5,1e-05,390,13,2383867976,E4,1.1138657443442361,0.038556436983249995
4.5,1e-05,390,26,2383867976,E1_a_L1-5,0.9973675992983039,0.0255873004106347
4.5,1e-05,390,26,2383867976,E1_a_L1-10,0.9978847258032707,0.025754750946385442
4.5,1e-05,390,26,2383867976,E1_d_L1-5,1.0559915718424464,0.031030698664949088
4.5,1e-05,390,26,2383867976,E1_d_L1-10,1.1286178913782103,0.041335807432846185
4.5,1e-05,390,26,2383867976,E2,0.9983773576600804,0.02471064703451853
4.5,1e-05,390,26,2383867976,E4,1.047765229266953,0.02481444939464834
4.5,1e-05,390,78,2383867976,E1_a_L1-5,0.9941172797034858,0.01651152040323929
4.5,1e-05,390,78,2383867976,E1_a_L1-10,0.9945860700057721,0.016906171644653755
4.5,1e-05,390,78,2383867976,E1_d_L1-5,1.0537705292033335,0.021640124681392144
4.5,1e-05,390,78,2383867976,E1_d_L1-10,1.1266721378424847,0.037791255441670654
4.5,1e-05,390,78,2383867976,E2,0.9931892936124749,0.015185653056738873
4.5,1e-05,390,78,2383867976,E4,1.0182260401919878,0.01624666628193698
4.5,1e-05,390,195,2383867976,E1_a_L1-5,0.987307936481708,0.01216951110482848
4.5,1e-05,390,195,2383867976,E1_a_L1-10,0.9876594611199626,0.013825054492080619
4.5,1e-05,390,195,2383867976,E1_d_L1-5,1.0449348903368503,0.017894804807687525
4.5,1e-05,390,195,2383867976,E1_d_L1-10,1.119042304065422,0.03505729393514253
4.5,1e-05,390,195,2383867976,E2,0.9866448536310635,0.010894545922336872
4.5,1e-05,390,195,2383867976,E4,1.007213057534356,0.011969137231113636
4.5,1e-05,390,390,2383867976,E1_a_L1-5,0.9747439454678002,0.011585937125217041
4.5,1e-05,390,390,2383867976,E1_a_L1-10,0.9752531535867189,0.013086583089912684
4.5,1e-05,390,390,2383867976,E1_d_L1-5,1.0319498301518335,0.01824679504815117
4.5,1e-05,390,390,2383867976,E1_d_L1-10,1.1062161441203895,0.03406981822239166
4.5,1e-05,390,390,2383867976,E2,0.9738612864329949,0.010569835947755048
4.5,1e-05,390,390,2383867976,E4,0.9935674033704542,0.011734539041239648
4.5,1e-05,390,13,3610172792,E1_a_L1-5,0.9993299099245928,0.03179959572116152
4.5,1e-05,390,13,3610172792,E1_a_L1-10,1.0003127935397629,0.03063560766026293
4.5,1e-05,390,13,3610172792,E1_d_L1-5,1.0612303287794234,0.04105705683319388
4.5,1e-05,390,13,3610172792,E1_d_L1-10,1.1327516429567228,0.05107755460600334
4.5,1e-05,390,13,3610172792,E2,0.9966072987958786,0.03741054078698699
4.5,1e-05,390,13,3610172792,E4,1.1119504779531817,0.04036241821081747
4.5,1e-05,390,26,3610172792,E1_a_L1-5,0.9963726218798324,0.022662197185603142
4.5,1e-05,390,26,3610172792,E1_a_L1-10,0.9970360629725578,0.023053709695971536
4.5,1e-05,390,26,3610172792,E1_d_L1-5,1.0555695161147418,0.027594146929835365
4.5,1e-05,390,26,3610172792,E1_d_L1-10,1.128560448992678,0.03982480831539607
4.5,1e-05,390,26,3610172792,E2,0.9948376347164092,0.02404162980569667
4.5,1e-05,390,26,3610172792,E4,1.0446546871729425,0.024671775349488705
4.5,1e-05,390,78,3610172792,E1_a_L1-5,0.994024996290033,0.015847535905489728
4.5,1e-05,390,78,3610172792,E1_a_L1-10,0.9942511656142898,0.015805268860016822
4.5,1e-05,390,78,3610172792,E1_d_L1-5,1.052329311181674,0.02188503178081769
4.5,1e-05,390,78,3610172792,E1_d_L1-10,1.124892569022676,0.03696223510457794
4.5,1e-05,390,78,3610172792,E2,0.9935441045240958,0.015255213109160498
4.5,1e-05,390,78,3610172792,E4,1.018349128860228,0.015506315240003489
4.5,1e-05,390,195,3610172792,E1_a_L1-5,0.9868063235559713,0.012393719924174287
4.5,1e-05,390,195,3610172792,E1_a_L1-10,0.9872953514616185,0.012850460237294019
4.5,1e-05,390,195,3610172792,E1_d_L1-5,1.0445047776373433,0.01880455559076793
4.5,1e-05,390,195,3610172792,E1_d_L1-10,1.116093705929119,0.0354214440510396
4.5,1e-05,390,195,3610172792,E2,0.9863142023167965,0.011390741403674045
4.5,1e-05,390,195,3610172792,E4,1.0070396870426876,0.012646010643431911
4.5,1e-05,390,390,3610172792,E1_a_L1-5,0.9750351408662425,0.011894513169851512
4.5,1e-05,390,390,3610172792,E1_a_L1-10,0.9757016360772568,0.012592914543103045
4.5,1e-05,390,390,3610172792,E1_d_L1-5,1.0316941576103513,0.018428352229953024
4.5,1e-05,390,390,3610172792,E1_d_L1-10,1.1035419591636388,0.0368247833556283
4.5,1e-05,390,390,3610172792,E2,0.9741044968802101,0.010950074966997167
4.5,1e-05,390,390,3610172792,E4,0.9938122030313624,0.0124649625094959
4.5,1e-05,390,13,338961480,E1_a_L1-5,1.0008249909197817,0.03506099766664622
4.5,1e-05,390,13,338961480,E1_a_L1-10,1.0003857496023123,0.033947915582524496
4.5,1e-05,390,13,338961480,E1_d_L1-5,1.0632635067263712,0.04528348902308551
4.5,1e-05,390,13,338961480,E1_d_L1-10,1.1351887647609171,0.060519409372793834
4.5,1e-05,390,13,338961480,E2,1.0000831294185692,0.03593999802643099
4.5,1e-05,390,13,338961480,E4,1.1185084674898298,0.04554359106761474
4.5,1e-05,390,26,338961480,E1_a_L1-5,1.0004244096920891,0.027066238908176166
4.5,1e-05,390,26,338961480,E1_a_L1-10,1.0008978998754876,0.02780156047383906
4.5,1e-05,390,26,338961480,E1_d_L1-5,1.0613075586832073,0.0343589787484132
4.5,1e-05,390,26,338961480,E1_d_L1-10,1.1356652851331082,0.05115141270699877
4.5,1e-05,390,26,338961480,E2,1.0006227181379874,0.026224110128869816
4.5,1e-05,390,26,338961480,E4,1.0518786974308996,0.030663690635239913
4.5,1e-05,390,78,338961480,E1_a_L1-5,0.9957799785408191,0.017049441549910147
4.5,1e-05,390,78,338961480,E1_a_L1-10,0.9959660503684481,0.01791843854506262
4.5,1e-05,390,78,338961480,E1_d_L1-5,1.0557169545113736,0.025024394195636318
4.5,1e-05,390,78,338961480,E1_d_L1-10,1.1304251315605491,0.04093174388716309
4.5,1e-05,390,78,338961480,E2,0.9952884620545954,0.016592716565154254
4.5,1e-05,390,78,338961480,E4,1.0212670988966743,0.018621622231870888
4.5,1e-05,390,195,338961480,E1_a_L1-5,0.9879560238793083,0.013774749148854203
4.5,1e-05,390,195,338961480,E1_a_L1-10,0.9881009295792862,0.014202812699924511
4.5,1e-05,390,195,338961480,E1_d_L1-5,1.0485887949897283,0.0212407657546799
4.5,1e-05,390,195,338961480,E1_d_L1-10,1.1209142507538086,0.03891917178170216
4.5,1e-05,390,195,338961480,E2,0.9878784552099924,0.012893278094206437
4.5,1e-05,390,195,338961480,E4,1.0093400131309558,0.014933018189127208
4.5,1e-05,390,390,338961480,E1_a_L1-5,0.9759729925366878,0.012880276418291396
4.5,1e-05,390,390,338961480,E1_a_L1-10,0.9767602847005818,0.013365208182973442
4.5,1e-05,390,390,338961480,E1_d_L1-5,1.0353514812414144,0.02092430174870327
4.5,1e-05,390,390,338961480,E1_d_L1-10,1.108724830427573,0.038586763543248456
4.5,1e-05,390,390,338961480,E2,0.9758572591297141,0.01204336348533324
4.5,1e-05,390,390,338961480,E4,0.9964589579163219,0.014303112064662225
4.5,1e-05,390,13,1861959406,E1_a_L1-5,0.9994162478118104,0.033751931931127015
4.5,1e-05,390,13,1861959406,E1_a_L1-10,0.998545978916915,0.03329429420969105
4.5,1e-05,390,13,1861959406,E1_d_L1-5,1.0603933002234527,0.04309676974990302
4.5,1e-05,390,13,1861959406,E1_d_L1-10,1.1344308925908535,0.05914939257140314
4.5,1e-05,390,13,1861959406,E2,0.9991003815839278,0.03644402520289649
4.5,1e-05,390,13,1861959406,E4,1.1167351393125482,0.04544598524939486
4.5,1e-05,390,26,1861959406,E1_a_L1-5,0.9989418316929114,0.02332107475116592
4.5,1e-05,390,26,1861959406,E1_a_L1-10,1.000338966879057,0.023833235628191726
4.5,1e-05,390,26,1861959406,E1_d_L1-5,1.0572327929698928,0.030617525389584756
4.5,1e-05,390,26,1861959406,E1_d_L1-10,1.1327056958482025,0.047733741669394494
4.5,1e-05,390,26,1861959406,E2,0.9983915563845673,0.023632334380331653
4.5,1e-05,390,26,1861959406,E4,1.0497207408933529,0.026240339230499007
4.5,1e-05,390,78,1861959406,E1_a_L1-5,0.9970487810173203,0.015419162717123933
4.5,1e-05,390,78,1861959406,E1_a_L1-10,0.9981381956805453,0.016799785912741273
4.5,1e-05,390,78,1861959406,E1_d_L1-5,1.055925979712977,0.02181556768861212
4.5,1e-05,390,78,1861959406,E1_d_L1-10,1.130943006797878,0.04080287669661478
4.5,1e-05,390,78,1861959406,E2,0.9966071165935394,0.015244360691865647
4.5,1e-05,390,78,1861959406,E4,1.0216451509336344,0.016896273871567155
4.5,1e-05,390,195,1861959406,E1_a_L1-5,0.9894325270493087,0.012667400323223188
4.5,1e-05,390,195,1861959406,E1_a_L1-10,0.9908272321620726,0.01345230127216658
4.5,1e-05,390,195,1861959406,E1_d_L1-5,1.047077654983935,0.019503378417776683
4.5,1e-05,390,195,1861959406,E1_d_L1-10,1.1225690567031408,0.03893513409966874
4.5,1e-05,390,195,1861959406,E2,0.9888383788789544,0.0118271067326802
4.5,1e-05,390,195,1861959406,E4,1.0100315134272306,0.013847634019957884
4.5,1e-05,390,390,1861959406,E1_a_L1-5,0.9766119236701891,0.012490032598965344
4.5,1e-05,390,390,1861959406,E1_a_L1-10,0.9775013252760877,0.013970134243991105
4.5,1e-05,390,390,1861959406,E1_d_L1-5,1.0338556276733364,0.02019327654069366
4.5,1e-05,390,390,1861959406,E1_d_L1-10,1.1081698596821956,0.039306189415680926
4.5,1e-05,390,390,1861959406,E2,0.9756183272119953,0.012139335099522152
4.5,1e-05,390,390,1861959406,E4,0.995956378685095,0.014188282507377978
4.5,1e-05,1380,23,2092611599,E1_a_L1-5,0.9974365311078696,0.02633111994865336
4.5,1e-05,1380,23,2092611599,E1_a_L1-10,0.9972980574866612,0.02635251803776403
4.5,1e-05,1380,23,2092611599,E1_d_L1-5,1.057396855241627,0.03390143127669558
4.5,1e-05,1380,23,2092611599,E1_d_L1-10,1.126630742668015,0.048753704710341815
4.5,1e-05,1380,23,2092611599,E2,1.0001261610490049,0.026028191331200243
4.5,1e-05,1380,23,2092611599,E4,1.0665391418692838,0.033406290950560705
4.5,1e-05,1380,46,2092611599,E1_a_L1-5,0.9966226672438299,0.01789667794494368
4.5,1e-05,1380,46,2092611599,E1_a_L1-10,0.9965445380259985,0.01856399510236418
4.5,1e-05,1380,46,2092611599,E1_d_L1-5,1.0560796288227026,0.026069700072162343
4.5,1e-05,1380,46,2092611599,E1_d_L1-10,1.125484307307809,0.04044935790287559
4.5,1e-05,1380,46,2092611599,E2,0.9968962433145275,0.017485038253589432
4.5,1e-05,1380,46,2092611599,E4,1.0277702980610635,0.020600096617593825
4.5,1e-05,1380,138,2092611599,E1_a_L1-5,0.9911868474313599,0.012628721677362165
4.5,1e-05,1380,138,2092611599,E1_a_L1-10,0.9910478675476216,0.013511039418886837
4.5,1e-05,1380,138,2092611599,E1_d_L1-5,1.050685578139737,0.022157724026394435
4.5,1e-05,1380,138,2092611599,E1_d_L1-10,1.120299772282679,0.04045182953012867
4.5,1e-05,1380,138,2092611599,E2,0.9886936822323534,0.010630946373526028
4.5,1e-05,1380,138,2092611599,E4,1.0045682378120393,0.013007031265351281
4.5,1e-05,1380,345,2092611599,E1_a_L1-5,0.9787435587888237,0.010643830071157372
4.5,1e-05,1380,345,2092611599,E1_a_L1-10,0.9784312525679911,0.01248106455451167
4.5,1e-05,1380,345,2092611599,E1_d_L1-5,1.0368630435275938,0.019939738501952423
4.5,1e-05,1380,345,2092611599,E1_d_L1-10,1.1051604913844912,0.038065209269709424
4.5,1e-05,1380,345,2092611599,E2,0.9728352619276154,0.009990240142363193
4.5,1e-05,1380,345,2092611599,E4,0.9889467974862657,0.011238581960196623
4.5,1e-05,1380,1380,2092611599,E1_a_L1-5,0.9184919976993962,0.015428398495801356
4.5,1e-05,1380,1380,2092611599,E1_a_L1-10,0.9187782939884963,0.016018753491820976
4.5,1e-05,1380,1380,2092611599,E1_d_L1-5,0.9726890212552525,0.02168778239251749
4.5,1e-05,1380,1380,2092611599,E1_d_L1-10,1.0378370223751459,0.039357972602167
4.5,1e-05,1380,1380,2092611599,E2,0.8996366286654984,0.016949562639778367
4.5,1e-05,1380,1380,2092611599,E4,0.9277908968148958,0.015479736298711888
4.5,1e-05,1380,23,2383867976,E1_a_L1-5,0.9997829770670321,0.026244900744728947
4.5,1e-05,1380,23,2383867976,E1_a_L1-10,0.9998689877893887,0.026419431396523925
4.5,1e-05,1380,23,2383867976,E1_d_L1-5,1.0618543036090546,0.03417360345042032
4.5,1e-05,1380,23,2383867976,E1_d_L1-10,1.134518593719811,0.05047284243790255
4.5,1e-05,1380,23,2383867976,E2,0.9985364859772384,0.024453205757004028
4.5,1e-05,1380,23,2383867976,E4,1.0659725126181,0.030402232924883157
4.5,1e-05,1380,46,2383867976,E1_a_L1-5,0.9977189648823414,0.01937179846881493
4.5,1e-05,1380,46,2383867976,E1_a_L1-10,0.9983273666058747,0.02022695473006662
4.5,1e-05,1380,46,2383867976,E1_d_L1-5,1.0574130492558569,0.027481213885447348
4.5,1e-05,1380,46,2383867976,E1_d_L1-10,1.1317830265279583,0.045305581124590745
4.5,1e-05,1380,46,2383867976,E2,0.9967468564720683,0.017744695102234736
4.5,1e-05,1380,46,2383867976,E4,1.0282613718854885,0.020401448789465305
4.5,1e-05,1380,138,2383867976,E1_a_L1-5,0.991626533468133,0.012087153181369102
4.5,1e-05,1380,138,2383867976,E1_a_L1-10,0.9922022806528773,0.013325573131121645
4.5,1e-05,1380,138,2383867976,E1_d_L1-5,1.0496706305806318,0.019330835201371493
4.5,1e-05,1380,138,2383867976,E1_d_L1-10,1.125421546453397,0.04093452785123448
4.5,1e-05,1380,138,2383867976,E2,0.9893335620332008,0.010178592253457549
4.5,1e-05,1380,138,2383867976,E4,1.0050555302447828,0.011814454027206094
4.5,1e-05,1380,345,2383867976,E1_a_L1-5,0.9771395588545088,0.010644973502490428
4.5,1e-05,1380,345,2383867976,E1_a_L1-10,0.9777978620846559,0.01177883531878332
4.5,1e-05,1380,345,2383867976,E1_d_L1-5,1.0363529351604732,0.017882038327013714
4.5,1e-05,1380,345,2383867976,E1_d_L1-10,1.107490463486015,0.03707389140269836
4.5,1e-05,1380,345,2383867976,E2,0.9715714233744006,0.00912256801960578
4.5,1e-05,1380,345,2383867976,E4,0.9876703769849127,0.01030078500886908
4.5,1e-05,1380,1380,2383867976,E1_a_L1-5,0.9170828654308946,0.017593556818180735
4.5,1e-05,1380,1380,2383867976,E1_a_L1-10,0.9175977858049805,0.018098253469278774
4.5,1e-05,1380,1380,2383867976,E1_d_L1-5,0.9725372905810231,0.023679545197275994
4.5,1e-05,1380,1380,2383867976,E1_d_L1-10,1.0389534262860196,0.03970502774229767
4.5,1e-05,1380,1380,2383867976,E2,0.8973026302171029,0.019003035438389465
4.5,1e-05,1380,1380,2383867976,E4,0.9258381200165533,0.017406773905901073
4.5,1e-05,1380,23,3610172792,E1_a_L1-5,0.9995707847591876,0.027048169962029186
4.5,1e-05,1380,23,3610172792,E1_a_L1-10,0.9982796707604197,0.026848915267321895
4.5,1e-05,1380,23,3610172792,E1_d_L1-5,1.0606364695717394,0.03324809259478427
4.5,1e-05,1380,23,3610172792,E1_d_L1-10,1.1338075215077086,0.049467535970739884
4.5,1e-05,1380,23,3610172792,E2,0.9980342654759025,0.02327432399233256
4.5,1e-05,1380,23,3610172792,E4,1.0661186236116498,0.02961030010647995
4.5,1e-05,1380,46,3610172792,E1_a_L1-5,0.997557183796104,0.02025030708846886
4.5,1e-05,1380,46,3610172792,E1_a_L1-10,0.9969490558705587,0.020463865793256247
4.5,1e-05,1380,46,3610172792,E1_d_L1-5,1.0571789788126886,0.027240254465224295
4.5,1e-05,1380,46,3610172792,E1_d_L1-10,1.1298834455462134,0.044539387007113504
4.5,1e-05,1380,46,3610172792,E2,0.9964498157008254,0.016805713955973748
4.5,1e-05,1380,46,3610172792,E4,1.027813460217708,0.021273211004865948
4.5,1e-05,1380,138,3610172792,E1_a_L1-5,0.9913022997040044,0.013103730015307877
4.5,1e-05,1380,138,3610172792,E1_a_L1-10,0.991124391587529,0.014293242967722547
4.5,1e-05,1380,138,3610172792,E1_d_L1-5,1.050298218880252,0.020763567552853437
4.5,1e-05,1380,138,3610172792,E1_d_L1-10,1.1228230190345156,0.03566974803405566
4.5,1e-05,1380,138,3610172792,E2,0.9888722030381965,0.010736964468078135
4.5,1e-05,1380,138,3610172792,E4,1.0047358466623524,0.012876175538896514
4.5,1e-05,1380,345,3610172792,E1_a_L1-5,0.978464635535709,0.010711071671120388
4.5,1e-05,1380,345,3610172792,E1_a_L1-10,0.9783162728865592,0.01200223546399231
4.5,1e-05,1380,345,3610172792,E1_d_L1-5,1.036795221145748,0.019135786601767377
4.5,1e-05,1380,345,3610172792,E1_d_L1-10,1.1094440024022938,0.03567849650470749
4.5,1e-05,1380,345,3610172792,E2,0.9727767157307795,0.008894413961109265
4.5,1e-05,1380,345,3610172792,E4,0.9891230167698353,0.010376152874574936
4.5,1e-05,1380,1380,3610172792,E1_a_L1-5,0.9183003472029152,0.015532760891898877
4.5,1e-05,1380,1380,3610172792,E1_a_L1-10,0.9187302564998248,0.016171786418310834
4.5,1e-05,1380,1380,3610172792,E1_d_L1-5,0.9724143906221268,0.0231960135746057
4.5,1e-05,1380,1380,3610172792,E1_d_L1-10,1.0419680000412483,0.03695073089969997
4.5,1e-05,1380,1380,3610172792,E2,0.8993537370319094,0.0170342528593085
4.5,1e-05,1380,1380,3610172792,E4,0.9277362744310688,0.01588453946973812
4.5,1e-05,1380,23,338961480,E1_a_L1-5,1.001071331532391,0.02511673362971989
4.5,1e-05,1380,23,338961480,E1_a_L1-10,1.0019623533230744,0.025486195776237168
4.5,1e-05,1380,23,338961480,E1_d_L1-5,1.0623000320688418,0.03037125507973454
4.5,1e-05,1380,23,338961480,E1_d_L1-10,1.1356955783111475,0.04552588690750889
4.5,1e-05,1380,23,338961480,E2,1.0005563886118412,0.025533750367477792
4.5,1e-05,1380,23,338961480,E4,1.0702063356651323,0.029865543712880756
4.5,1e-05,1380,46,338961480,E1_a_L1-5,1.0000320075771976,0.019253697002472713
4.5,1e-05,1380,46,338961480,E1_a_L1-10,1.0000551467909489,0.02027204979517001
4.5,1e-05,1380,46,338961480,E1_d_L1-5,1.0594427443961052,0.025736426512476478
4.5,1e-05,1380,46,338961480,E1_d_L1-10,1.135736779028234,0.04189595307870963
4.5,1e-05,1380,46,338961480,E2,0.9984600770848137,0.01858057982206511
4.5,1e-05,1380,46,338961480,E4,1.030994965464357,0.020503812637485273
4.5,1e-05,1380,138,338961480,E1_a_L1-5,0.9917536671366751,0.012416811831142993
4.5,1e-05,1380,138,338961480,E1_a_L1-10,0.9917115291887566,0.013084774337134451
4.5,1e-05,1380,138,338961480,E1_d_L1-5,1.0509500377773735,0.020749028104066113
4.5,1e-05,1380,138,338961480,E1_d_L1-10,1.1270754279835762,0.03911014816202447
4.5,1e-05,1380,138,338961480,E2,0.9889873215182767,0.011392358539640667
4.5,1e-05,1380,138,338961480,E4,1.0049405879523317,0.013043278010791748
4.5,1e-05,1380,345,338961480,E1_a_L1-5,0.9783561852898053,0.009462915194038515
4.5,1e-05,1380,345,338961480,E1_a_L1-10,0.9783538486954788,0.010312918244448414
4.5,1e-05,1380,345,338961480,E1_d_L1-5,1.0364038783088763,0.01817076319408055
4.5,1e-05,1380,345,338961480,E1_d_L1-10,1.1097607837238601,0.03604883713430761
4.5,1e-05,1380,345,338961480,E2,0.9719714088901248,0.008900521077440311
4.5,1e-05,1380,345,338961480,E4,0.9884748259315501,0.009398692762237216
4.5,1e-05,1380,1380,338961480,E1_a_L1-5,0.9170811786866137,0.015042668885906187
4.5,1e-05,1380,1380,338961480,E1_a_L1-10,0.9173230224746627,0.015496886871000285
4.5,1e-05,1380,1380,338961480,E1_d_L1-5,0.9715440315438199,0.02173139186181491
4.5,1e-05,1380,1380,338961480,E1_d_L1-10,1.0410926137694285,0.03691449946533387
4.5,1e-05,1380,1380,338961480,E2,0.8975643805240567,0.01726207144494616
4.5,1e-05,1380,1380,338961480,E4,0.9259766779757235,0.015291397134671203
4.5,1e-05,1380,23,1861959406,E1_a_L1-5,0.9987745093195636,0.026856553500228114
4.5,1e-05,1380,23,1861959406,E1_a_L1-10,0.9986417483367052,0.027008076137887162
4.5,1e-05,1380,23,1861959406,E1_d_L1-5,1.0578441480654563,0.03393732600717597
4.5,1e-05,1380,23,1861959406,E1_d_L1-10,1.1276604572776303,0.049286194056316276
4.5,1e-05,1380,23,1861959406,E2,0.9993388865686028,0.026875070437617353
4.5,1e-05,1380,23,1861959406,E4,1.0655201748056884,0.0307710815436764
4.5,1e-05,1380,46,1861959406,E1_a_L1-5,0.9968150508829323,0.019207408244257707
4.5,1e-05,1380,46,1861959406,E1_a_L1-10,0.997151896758714,0.01965674214819787
4.5,1e-05,1380,46,1861959406,E1_d_L1-5,1.0564511964376286,0.02534062003080137
4.5,1e-05,1380,46,1861959406,E1_d_L1-10,1.1276501316578933,0.04225344322739479
4.5,1e-05,1380,46,1861959406,E2,0.9960048696205474,0.01797982931898843
4.5,1e-05,1380,46,1861959406,E4,1.0271108914967535,0.02070310886690622
4.5,1e-05,1380,138,1861959406,E1_a_L1-5,0.9913030189724821,0.013053218547712865
4.5,1e-05,1380,138,1861959406,E1_a_L1-10,0.9912573158815283,0.014413903721497336
4.5,1e-05,1380,138,1861959406,E1_d_L1-5,1.0494413657814725,0.01914020234404384
4.5,1e-05,1380,138,1861959406,E1_d_L1-10,1.1211942905069696,0.038435329426125237
4.5,1e-05,1380,138,1861959406,E2,0.9883354556673271,0.010819050384222794
4.5,1e-05,1380,138,1861959406,E4,1.004190665419558,0.013124435316563834
4.5,1e-05,1380,345,1861959406,E1_a_L1-5,0.9786866059340636,0.010622338578704793
4.5,1e-05,1380,345,1861959406,E1_a_L1-10,0.9786006463155313,0.012011791181347804
4.5,1e-05,1380,345,1861959406,E1_d_L1-5,1.0360525738928883,0.01764196984139728
4.5,1e-05,1380,345,1861959406,E1_d_L1-10,1.1061617468271336,0.03784968641031199
4.5,1e-05,1380,345,1861959406,E2,0.9722275372441662,0.0091811270755041
4.5,1e-05,1380,345,1861959406,E4,0.9886818716698343,0.011110853472596565
4.5,1e-05,1380,1380,1861959406,E1_a_L1-5,0.9179785789318738,0.015223719302386071
4.5,1e-05,1380,1380,1861959406,E1_a_L1-10,0.9179231923218832,0.016418716736736883
4.5,1e-05,1380,1380,1861959406,E1_d_L1-5,0.9720542113547652,0.02195364949490148
4.5,1e-05,1380,1380,1861959406,E1_d_L1-10,1.0378271628037465,0.04051325249976083
4.5,1e-05,1380,1380,1861959406,E2,0.8980850135482763,0.016811912811400764
4.5,1e-05,1380,1380,1861959406,E4,0.9266321665434153,0.01629213306869733
4.5,3e-05,390,13,2092611599,E1_a_L1-5,1.0016597227818875,0.029899536463618218
4.5,3e-05,390,13,2092611599,E1_a_L1-10,1.0008529532871697,0.028246515037294986
4.5,3e-05,390,13,2092611599,E1_d_L1-5,1.0648599057847294,0.0409062359303022
4.5,3e-05,390,13,2092611599,E1_d_L1-10,1.1354554777318584,0.05347530109420056
4.5,3e-05,390,13,2092611599,E2,1.000669006088859,0.034263519760913165
4.5,3e-05,390,13,2092611599,E4,1.116970977847181,0.042863136579747003
4.5,3e-05,390,26,2092611599,E1_a_L1-5,0.9962440209876959,0.02239093687730276
4.5,3e-05,390,26,2092611599,E1_a_L1-10,0.996317512309536,0.02305832595002812
4.5,3e-05,390,26,2092611599,E1_d_L1-5,1.0561662945555874,0.03034649482369511
4.5,3e-05,390,26,2092611599,E1_d_L1-10,1.1297958028197659,0.04485392710276086
4.5,3e-05,390,26,2092611599,E2,0.9978210129383709,0.023549622304113373
4.5,3e-05,390,26,2092611599,E4,1.047001025696756,0.025766572776510687
4.5,3e-05,390,78,2092611599,E1_a_L1-5,0.9850913387213223,0.01641857014408987
4.5,3e-05,390,78,2092611599,E1_a_L1-10,0.9858393034529953,0.01732488415264442
4.5,3e-05,390,78,2092611599,E1_d_L1-5,1.04342957694367,0.02382739408424495
4.5,3e-05,390,78,2092611599,E1_d_L1-10,1.116606323713118,0.04435075616188907
4.5,3e-05,390,78,2092611599,E2,0.9849489312972175,0.01543561292555124
4.5,3e-05,390,78,2092611599,E4,1.009862030854769,0.018006019043383503
4.5,3e-05,390,195,2092611599,E1_a_L1-5,0.9629213874691088,0.01400354083592315
4.5,3e-05,390,195,2092611599,E1_a_L1-10,0.9632013429996169,0.015048693602733155
4.5,3e-05,390,195,2092611599,E1_d_L1-5,1.0204295496810767,0.022234154886072433
4.5,3e-05,390,195,2092611599,E1_d_L1-10,1.0916664687030138,0.040956228155239915
4.5,3e-05,390,195,2092611599,E2,0.9621022238376363,0.013415698052248142
4.5,3e-05,390,195,2092611599,E4,0.9835047621114384,0.01570444243871854
4.5,3e-05,390,390,2092611599,E1_a_L1-5,0.9285637912823945,0.01591032150794825
4.5,3e-05,390,390,2092611599,E1_a_L1-10,0.9289392120327136,0.016438382664008818
4.5,3e-05,390,390,2092611599,E1_d_L1-5,0.9836588757127419,0.023205182459345063
4.5,3e-05,390,390,2092611599,E1_d_L1-10,1.0524470206265302,0.040834936603835685
4.5,3e-05,390,390,2092611599,E2,0.9273663316350662,0.015505816957493708
4.5,3e-05,390,390,2092611599,E4,0.9477540516830986,0.017427365755089314
4.5,3e-05,390,13,2383867976,E1_a_L1-5,0.9978985956286133,0.034238196011887254
4.5,3e-05,390,13,2383867976,E1_a_L1-10,0.9984156465139746,0.031470838472490104
4.5,3e-05,390,13,2383867976,E1_d_L1-5,1.0590912006967519,0.04097171975151312
4.5,3e-05,390,13,2383867976,E1_d_L1-10,1.1327502165934558,0.052965712458040666
4.5,3e-05,390,13,2383867976,E2,0.9979320888905877,0.03957376191159181
4.5,3e-05,390,13,2383867976,E4,1.1142172272255848,0.04296938438648921
4.5,3e-05,390,26,2383867976,E1_a_L1-5,0.9955241060371691,0.021929617550617914
4.5,3e-05,390,26,2383867976,E1_a_L1-10,0.9963275363263319,0.02188112615691946
4.5,3e-05,390,26,2383867976,E1_d_L1-5,1.0565441973753087,0.027518706817518078
4.5,3e-05,390,26,2383867976,E1_d_L1-10,1.1317352840612265,0.042058900338790874
4.5,3e-05,390,26,2383867976,E2,0.9956556718141524,0.023965250321233294
4.5,3e-05,390,26,2383867976,E4,1.0450185853611966,0.025521334887462877
4.5,3e-05,390,78,2383867976,E1_a_L1-5,0.9846507983608407,0.016193458444469573
4.5,3e-05,390,78,2383867976,E1_a_L1-10,0.9857387205173107,0.016338911124652498
4.5,3e-05,390,78,2383867976,E1_d_L1-5,1.0438765687300346,0.021491585337939663
4.5,3e-05,390,78,2383867976,E1_d_L1-10,1.119104538502912,0.038097243873464526
4.5,3e-05,390,78,2383867976,E2,0.9843282094321794,0.0150222390449767
4.5,3e-05,390,78,2383867976,E4,1.008682035747765,0.01637055456302536
4.5,3e-05,390,195,2383867976,E1_a_L1-5,0.9628533192039884,0.013521702771729888
4.5,3e-05,390,195,2383867976,E1_a_L1-10,0.96335453147038,0.014274958071787991
4.5,3e-05,390,195,2383867976,E1_d_L1-5,1.0202384683838657,0.020043570142288577
4.5,3e-05,390,195,2383867976,E1_d_L1-10,1.092325445536271,0.037106346525925746
4.5,3e-05,390,195,2383867976,E2,0.9616582334080809,0.013023595587593612
4.5,3e-05,390,195,2383867976,E4,0.9824211557246622,0.014520726406862751
4.5,3e-05,390,390,2383867976,E1_a_L1-5,0.9293074975905968,0.015425889876810164
4.5,3e-05,390,390,2383867976,E1_a_L1-10,0.9293779416357136,0.015887153012393868
4.5,3e-05,390,390,2383867976,E1_d_L1-5,0.9850774487019504,0.02223151936172999
4.5,3e-05,390,390,2383867976,E1_d_L1-10,1.0545414449883486,0.039603022653666185
4.5,3e-05,390,390,2383867976,E2,0.9275423678653325,0.015437385268779814
4.5,3e-05,390,390,2383867976,E4,0.9474359700898616,0.017128517282546624
4.5,3e-05,390,13,3610172792,E1_a_L1-5,0.9969515796445273,0.03490051502479843
4.5,3e-05,390,13,3610172792,E1_a_L1-10,0.996277252597049,0.034427517313565026
4.5,3e-05,390,13,3610172792,E1_d_L1-5,1.0564441270018832,0.041873158784745436
4.5,3e-05,390,13,3610172792,E1_d_L1-10,1.126778864342661,0.05179812794722354
4.5,3e-05,390,13,3610172792,E2,0.9946627032361698,0.03964410579903755
4.5,3e-05,390,13,3610172792,E4,1.1102849196490314,0.043671103391147305
4.5,3e-05,390,26,3610172792,E1_a_L1-5,0.9955042185565168,0.024514837349776764
4.5,3e-05,390,26,3610172792,E1_a_L1-10,0.9951472610001519,0.025109749243184973
4.5,3e-05,390,26,3610172792,E1_d_L1-5,1.053510203008236,0.030595673215413746
4.5,3e-05,390,26,3610172792,E1_d_L1-10,1.1241805006488057,0.045938223666012745
4.5,3e-05,390,26,3610172792,E2,0.9950004469653586,0.02570238587106617
4.5,3e-05,390,26,3610172792,E4,1.044461431011062,0.027689057131801174
4.5,3e-05,390,78,3610172792,E1_a_L1-5,0.98478510354549,0.016335750437667065
4.5,3e-05,390,78,3610172792,E1_a_L1-10,0.9846185531781871,0.018061968594174554
4.5,3e-05,390,78,3610172792,E1_d_L1-5,1.0423763275147424,0.022391949891346165
4.5,3e-05,390,78,3610172792,E1_d_L1-10,1.1143333190645537,0.039759979591845886
4.5,3e-05,390,78,3610172792,E2,0.9847430225836764,0.01635167055985889
4.5,3e-05,390,78,3610172792,E4,1.00931607550512,0.017307660897705007
4.5,3e-05,390,195,3610172792,E1_a_L1-5,0.963371245469106,0.01462915321941456
4.5,3e-05,390,195,3610172792,E1_a_L1-10,0.9634673542377845,0.016770501704021123
4.5,3e-05,390,195,3610172792,E1_d_L1-5,1.0187730246027096,0.01997791029984938
4.5,3e-05,390,195,3610172792,E1_d_L1-10,1.0896349503401512,0.03778753498740029
4.5,3e-05,390,195,3610172792,E2,0.9626947142259025,0.01391597760138591
4.5,3e-05,390,195,3610172792,E4,0.98352090345601,0.01539036469203897
4.5,3e-05,390,390,3610172792,E1_a_L1-5,0.9291305860411947,0.016868976920061875
4.5,3e-05,390,390,3610172792,E1_a_L1-10,0.9286814015303281,0.018645912478192462
4.5,3e-05,390,390,3610172792,E1_d_L1-5,0.9830968433941354,0.02261955033661481
4.5,3e-05,390,390,3610172792,E1_d_L1-10,1.0505682983073612,0.040790756874786865
4.5,3e-05,390,390,3610172792,E2,0.9277726840808199,0.016900458417973135
4.5,3e-05,390,390,3610172792,E4,0.9476984654540602,0.0183568253336163
4.5,3e-05,390,13,338961480,E1_a_L1-5,0.9986076338438579,0.028604905313915078
4.5,3e-05,390,13,338961480,E1_a_L1-10,0.9994303826473312,0.029104860682950776
4.5,3e-05,390,13,338961480,E1_d_L1-5,1.058910342495356,0.034690953735143665
4.5,3e-05,390,13,338961480,E1_d_L1-10,1.1313917469792776,0.05002480544224461
4.5,3e-05,390,13,338961480,E2,0.9978353374351515,0.03668777365533194
4.5,3e-05,390,13,338961480,E4,1.1162147022789972,0.042268291112530935
4.5,3e-05,390,26,338961480,E1_a_L1-5,0.9958308107329888,0.02415496167906307
4.5,3e-05,390,26,338961480,E1_a_L1-10,0.9962837145949084,0.024595312712500296
4.5,3e-05,390,26,338961480,E1_d_L1-5,1.0546206685078274,0.030752056659765065
4.5,3e-05,390,26,338961480,E1_d_L1-10,1.1265072963329679,0.04546338532168931
4.5,3e-05,390,26,338961480,E2,0.995168645366056,0.025949341478295744
4.5,3e-05,390,26,338961480,E4,1.0458030865205146,0.027314041784624193
4.5,3e-05,390,78,338961480,E1_a_L1-5,0.9844016133492062,0.01701581647871614
4.5,3e-05,390,78,338961480,E1_a_L1-10,0.9852883246056572,0.017797534211333003
4.5,3e-05,390,78,338961480,E1_d_L1-5,1.0431105719168485,0.024131525501047326
4.5,3e-05,390,78,338961480,E1_d_L1-10,1.1149264626444717,0.03906729192555188
4.5,3e-05,390,78,338961480,E2,0.9846586324527894,0.016333251558041124
4.5,3e-05,390,78,338961480,E4,1.0091997930668613,0.01823502668293754
4.5,3e-05,390,195,338961480,E1_a_L1-5,0.9628605794046123,0.013399501853819783
4.5,3e-05,390,195,338961480,E1_a_L1-10,0.9632013757962926,0.014487032751150151
4.5,3e-05,390,195,338961480,E1_d_L1-5,1.0198374944413968,0.01986374779104712
4.5,3e-05,390,195,338961480,E1_d_L1-10,1.089818953262734,0.037688290867854614
4.5,3e-05,390,195,338961480,E2,0.9621686169799595,0.012902264965930716
4.5,3e-05,390,195,338961480,E4,0.9830035726902108,0.014841890092149755
4.5,3e-05,390,390,338961480,E1_a_L1-5,0.9287656459376766,0.01610615606209009
4.5,3e-05,390,390,338961480,E1_a_L1-10,0.9291328269160485,0.017145383914406773
4.5,3e-05,390,390,338961480,E1_d_L1-5,0.9838568881517356,0.022725924849651972
4.5,3e-05,390,390,338961480,E1_d_L1-10,1.0514028188818807,0.03927638582168444
4.5,3e-05,390,390,338961480,E2,0.9276184913368068,0.015613867497458337
4.5,3e-05,390,390,338961480,E4,0.9476643139804437,0.01749725192197875
4.5,3e-05,390,13,1861959406,E1_a_L1-5,0.9937153669597987,0.03308430349768601
4.5,3e-05,390,13,1861959406,E1_a_L1-10,0.996358114407373,0.03314311514246069
4.5,3e-05,390,13,1861959406,E1_d_L1-5,1.0535103512409743,0.038347053240043776
4.5,3e-05,390,13,1861959406,E1_d_L1-10,1.1291716642371714,0.05410288387353746
4.5,3e-05,390,13,1861959406,E2,0.9944427645759424,0.039247300013498645
4.5,3e-05,390,13,1861959406,E4,1.1122633116609297,0.04327661635957213
4.5,3e-05,390,26,1861959406,E1_a_L1-5,0.9914393591280564,0.02282444232159063
4.5,3e-05,390,26,1861959406,E1_a_L1-10,0.992854442215449,0.024024233873607418
4.5,3e-05,390,26,1861959406,E1_d_L1-5,1.0507120614916936,0.029419043325176
4.5,3e-05,390,26,1861959406,E1_d_L1-10,1.1263290261168606,0.04853445118461412
4.5,3e-05,390,26,1861959406,E2,0.9896995914504612,0.02480735652429603
4.5,3e-05,390,26,1861959406,E4,1.041059170102287,0.02626227270050406
4.5,3e-05,390,78,1861959406,E1_a_L1-5,0.9830873439669386,0.015578405167791952
4.5,3e-05,390,78,1861959406,E1_a_L1-10,0.9837177134517421,0.017237238906770258
4.5,3e-05,390,78,1861959406,E1_d_L1-5,1.0418422380858017,0.021709135792942966
4.5,3e-05,390,78,1861959406,E1_d_L1-10,1.1148965396317203,0.03982060310582481
4.5,3e-05,390,78,1861959406,E2,0.9822947155876216,0.015304225483037514
4.5,3e-05,390,78,1861959406,E4,1.0075012889954151,0.016814875656002468
4.5,3e-05,390,195,1861959406,E1_a_L1-5,0.9619511588040673,0.013790848269190241
4.5,3e-05,390,195,1861959406,E1_a_L1-10,0.9624909803886925,0.015074981819017307
4.5,3e-05,390,195,1861959406,E1_d_L1-5,1.0196086174063215,0.020353659312433294
4.5,3e-05,390,195,1861959406,E1_d_L1-10,1.0910156176535377,0.03887320674787623
4.5,3e-05,390,195,1861959406,E2,0.9608134967367954,0.013306615523525207
4.5,3e-05,390,195,1861959406,E4,0.9819386964068232,0.015113425837402245
4.5,3e-05,390,390,1861959406,E1_a_L1-5,0.9274845626747725,0.01673177335382008
4.5,3e-05,390,390,1861959406,E1_a_L1-10,0.9280159885261241,0.017554596930203167
4.5,3e-05,390,390,1861959406,E1_d_L1-5,0.9833528621923222,0.02237890775683659
4.5,3e-05,390,390,1861959406,E1_d_L1-10,1.0520305452419714,0.03944954891765733
4.5,3e-05,390,390,1861959406,E2,0.9257805553993357,0.016081822392738688
4.5,3e-05,390,390,1861959406,E4,0.9459224025092615,0.017724727835948216
4.5,3e-05,1380,23,2092611599,E1_a_L1-5,0.9953084785832735,0.025452725264660764
4.5,3e-05,1380,23,2092611599,E1_a_L1-10,0.9948836867945877,0.024377318559242547
4.5,3e-05,1380,23,2092611599,E1_d_L1-5,1.05585641008446,0.032842225101493254
4.5,3e-05,1380,23,2092611599,E1_d_L1-10,1.1315090172211506,0.04786767689675441
4.5,3e-05,1380,23,2092611599,E2,0.9933639836508311,0.023794948352635074
4.5,3e-05,1380,23,2092611599,E4,1.0623967229406843,0.02843790298398985
4.5,3e-05,1380,46,2092611599,E1_a_L1-5,0.989763966867858,0.019041975099874663
4.5,3e-05,1380,46,2092611599,E1_a_L1-10,0.989866042723396,0.019500274528962514
4.5,3e-05,1380,46,2092611599,E1_d_L1-5,1.049877309749383,0.027169928738038914
4.5,3e-05,1380,46,2092611599,E1_d_L1-10,1.12526557232266,0.0443143518439086
4.5,3e-05,1380,46,2092611599,E2,0.9878756524544076,0.015362402940255692
4.5,3e-05,1380,46,2092611599,E4,1.020933891991888,0.019262274951410155
4.5,3e-05,1380,138,2092611599,E1_a_L1-5,0.9724219517982351,0.013424983957374877
4.5,3e-05,1380,138,2092611599,E1_a_L1-10,0.9728054668453815,0.014071340764367892
4.5,3e-05,1380,138,2092611599,E1_d_L1-5,1.0316173565522093,0.019921549814258203
4.5,3e-05,1380,138,2092611599,E1_d_L1-10,1.10594170623378,0.03837804483376268
4.5,3e-05,1380,138,2092611599,E2,0.9662242693416604,0.01229511706281844
4.5,3e-05,1380,138,2092611599,E4,0.9860113263280383,0.01346203516577509
4.5,3e-05,1380,345,2092611599,E1_a_L1-5,0.936910705497761,0.014599935029054231
4.5,3e-05,1380,345,2092611599,E1_a_L1-10,0.9372028815019553,0.015682567141652354
4.5,3e-05,1380,345,2092611599,E1_d_L1-5,0.9942085296237095,0.02072866291381609
4.5,3e-05,1380,345,2092611599,E1_d_L1-10,1.0646535425052988,0.03777994745647712
4.5,3e-05,1380,345,2092611599,E2,0.9216573232587817,0.015851905795349754
4.5,3e-05,1380,345,2092611599,E4,0.947122720505972,0.015105259539231997
4.5,3e-05,1380,1380,2092611599,E1_a_L1-5,0.7906160621857787,0.030995586502770435
4.5,3e-05,1380,1380,2092611599,E1_a_L1-10,0.7909047854637089,0.031556124467104305
4.5,3e-05,1380,1380,2092611599,E1_d_L1-5,0.8390307695410024,0.0354947724496395
4.5,3e-05,1380,1380,2092611599,E1_d_L1-10,0.8991963359265587,0.045499070229506784
4.5,3e-05,1380,1380,2092611599,E2,0.7510982596587021,0.03422162313288298
4.5,3e-05,1380,1380,2092611599,E4,0.7985344286233262,0.03150966915836901
4.5,3e-05,1380,23,2383867976,E1_a_L1-5,0.9958575276437424,0.025578894241372
4.5,3e-05,1380,23,2383867976,E1_a_L1-10,0.995743406789447,0.02615310239188408
4.5,3e-05,1380,23,2383867976,E1_d_L1-5,1.0571518574205676,0.03501302365371368
4.5,3e-05,1380,23,2383867976,E1_d_L1-10,1.1330419545289903,0.04918824729328073
4.5,3e-05,1380,23,2383867976,E2,0.996359166193748,0.027882940871605578
4.5,3e-05,1380,23,2383867976,E4,1.0654465379368452,0.03104753969483233
4.5,3e-05,1380,46,2383867976,E1_a_L1-5,0.9882941715666468,0.019770905679598334
4.5,3e-05,1380,46,2383867976,E1_a_L1-10,0.9888445114151785,0.020107160819618684
4.5,3e-05,1380,46,2383867976,E1_d_L1-5,1.0485570867192933,0.027300018073211717
4.5,3e-05,1380,46,2383867976,E1_d_L1-10,1.1235988172515006,0.04267567417647055
4.5,3e-05,1380,46,2383867976,E2,0.9885126634846162,0.017727773942403713
4.5,3e-05,1380,46,2383867976,E4,1.0208859934121355,0.021063111929365674
4.5,3e-05,1380,138,2383867976,E1_a_L1-5,0.973469744816008,0.013906861829235758
4.5,3e-05,1380,138,2383867976,E1_a_L1-10,0.9736609904301793,0.014751498807604678
4.5,3e-05,1380,138,2383867976,E1_d_L1-5,1.0326282500066968,0.021025990023881214
4.5,3e-05,1380,138,2383867976,E1_d_L1-10,1.1072960980216677,0.03836029591033889
4.5,3e-05,1380,138,2383867976,E2,0.9676118724914476,0.01274087813494923
4.5,3e-05,1380,138,2383867976,E4,0.9874104274390286,0.014443139467598053
4.5,3e-05,1380,345,2383867976,E1_a_L1-5,0.9369708566661017,0.015315691321055312
4.5,3e-05,1380,345,2383867976,E1_a_L1-10,0.9377517256356168,0.015815071363595848
4.5,3e-05,1380,345,2383867976,E1_d_L1-5,0.9943799313203311,0.022488924043636352
4.5,3e-05,1380,345,2383867976,E1_d_L1-10,1.0655726697769132,0.037698778102507
4.5,3e-05,1380,345,2383867976,E2,0.9223782771179957,0.016182761706742387
4.5,3e-05,1380,345,2383867976,E4,0.9473960547994668,0.015494554267305375
4.5,3e-05,1380,1380,2383867976,E1_a_L1-5,0.7898711263647968,0.032102226769225924
4.5,3e-05,1380,1380,2383867976,E1_a_L1-10,0.7903143563898303,0.03248947215141153
4.5,3e-05,1380,1380,2383867976,E1_d_L1-5,0.8379747961876631,0.03619600192530118
4.5,3e-05,1380,1380,2383867976,E1_d_L1-10,0.8992669910545985,0.0466697076562891
4.5,3e-05,1380,1380,2383867976,E2,0.7508696208244681,0.035043937574788596
4.5,3e-05,1380,1380,2383867976,E4,0.7980649368094663,0.032422883121134664
4.5,3e-05,1380,23,3610172792,E1_a_L1-5,0.9964772012335817,0.027592822889751945
4.5,3e-05,1380,23,3610172792,E1_a_L1-10,0.9983352900419247,0.0280694123704839
4.5,3e-05,1380,23,3610172792,E1_d_L1-5,1.0558603171322956,0.034806220704244724
4.5,3e-05,1380,23,3610172792,E1_d_L1-10,1.1305712665290215,0.05372375998550187
4.5,3e-05,1380,23,3610172792,E2,0.9966289799424004,0.02469324602560794
4.5,3e-05,1380,23,3610172792,E4,1.0654480283947618,0.0307024594439448
4.5,3e-05,1380,46,3610172792,E1_a_L1-5,0.9931969621836394,0.020352154854305103
4.5,3e-05,1380,46,3610172792,E1_a_L1-10,0.9931412780888523,0.021309223663006097
4.5,3e-05,1380,46,3610172792,E1_d_L1-5,1.0521014921494598,0.027603614772940953
4.5,3e-05,1380,46,3610172792,E1_d_L1-10,1.124649767040044,0.047803036157094775
4.5,3e-05,1380,46,3610172792,E2,0.9906929602539585,0.01762466392614341
4.5,3e-05,1380,46,3610172792,E4,1.0240725776285546,0.02117645033381022
4.5,3e-05,1380,138,3610172792,E1_a_L1-5,0.9755043712323094,0.013256199226601598
4.5,3e-05,1380,138,3610172792,E1_a_L1-10,0.9760650940244909,0.014094483137905116
4.5,3e-05,1380,138,3610172792,E1_d_L1-5,1.0337336895455855,0.021617387306878066
4.5,3e-05,1380,138,3610172792,E1_d_L1-10,1.1053633373858032,0.043125612104932036
4.5,3e-05,1380,138,3610172792,E2,0.9686616865549827,0.011653173621329348
4.5,3e-05,1380,138,3610172792,E4,0.9886211640841602,0.013643881495975825
4.5,3e-05,1380,345,3610172792,E1_a_L1-5,0.9392703212128747,0.014205018809818063
4.5,3e-05,1380,345,3610172792,E1_a_L1-10,0.9393049336096684,0.01505904625638847
4.5,3e-05,1380,345,3610172792,E1_d_L1-5,0.9949397046870372,0.02101184806592205
4.5,3e-05,1380,345,3610172792,E1_d_L1-10,1.0643543381406702,0.04169097794969678
4.5,3e-05,1380,345,3610172792,E2,0.9236069892587062,0.015012320891588085
4.5,3e-05,1380,345,3610172792,E4,0.9490151943151734,0.0145539344738988
4.5,3e-05,1380,1380,3610172792,E1_a_L1-5,0.7935079613290336,0.03051751379332217
4.5,3e-05,1380,1380,3610172792,E1_a_L1-10,0.7941185891010766,0.030862704221504444
4.5,3e-05,1380,1380,3610172792,E1_d_L1-5,0.8405980833242006,0.03425374416902571
4.5,3e-05,1380,1380,3610172792,E1_d_L1-10,0.8987461324014927,0.04475590385679312
4.5,3e-05,1380,1380,3610172792,E2,0.7541325510922188,0.03383088233495811
4.5,3e-05,1380,1380,3610172792,E4,0.8012050662087102,0.03110672341387573
4.5,3e-05,1380,23,338961480,E1_a_L1-5,0.9941132306025406,0.026289986575010634
4.5,3e-05,1380,23,338961480,E1_a_L1-10,0.9933266106453585,0.02583180600563197
4.5,3e-05,1380,23,338961480,E1_d_L1-5,1.0545978740957724,0.03239249047334146
4.5,3e-05,1380,23,338961480,E1_d_L1-10,1.1261902791464522,0.046294465553392804
4.5,3e-05,1380,23,338961480,E2,0.9928493761560556,0.02516568498533334
4.5,3e-05,1380,23,338961480,E4,1.061163446750111,0.028434091139177817
4.5,3e-05,1380,46,338961480,E1_a_L1-5,0.9902889670894405,0.019727467428314972
4.5,3e-05,1380,46,338961480,E1_a_L1-10,0.9901826891977956,0.020188064131622257
4.5,3e-05,1380,46,338961480,E1_d_L1-5,1.0483865616923869,0.025908550500784115
4.5,3e-05,1380,46,338961480,E1_d_L1-10,1.1224584155672426,0.04160145004787
4.5,3e-05,1380,46,338961480,E2,0.9865713514492437,0.018171626395721074
4.5,3e-05,1380,46,338961480,E4,1.019531152737231,0.01964453750404783
4.5,3e-05,1380,138,338961480,E1_a_L1-5,0.9730010708413769,0.013744265906242488
4.5,3e-05,1380,138,338961480,E1_a_L1-10,0.9730762552608269,0.014778057742685438
4.5,3e-05,1380,138,338961480,E1_d_L1-5,1.0301100627800546,0.02157274402629006
4.5,3e-05,1380,138,338961480,E1_d_L1-10,1.1033720121110422,0.040047086439027636
4.5,3e-05,1380,138,338961480,E2,0.9660444768078696,0.01286363420618147
4.5,3e-05,1380,138,338961480,E4,0.9858350189691488,0.014254307235289507
4.5,3e-05,1380,345,338961480,E1_a_L1-5,0.937050408745144,0.014631254933479818
4.5,3e-05,1380,345,338961480,E1_a_L1-10,0.937327886193026,0.015257280419410104
4.5,3e-05,1380,345,338961480,E1_d_L1-5,0.9922752125148362,0.02149579257152577
4.5,3e-05,1380,345,338961480,E1_d_L1-10,1.0616457647354167,0.03922525466925057
4.5,3e-05,1380,345,338961480,E2,0.9209961541512942,0.016221319775544935
4.5,3e-05,1380,345,338961480,E4,0.946554653086492,0.015333217072843193
4.5,3e-05,1380,1380,338961480,E1_a_L1-5,0.7900238234946008,0.03146610855261807
4.5,3e-05,1380,1380,338961480,E1_a_L1-10,0.7898816447603744,0.03212496679841031
4.5,3e-05,1380,1380,338961480,E1_d_L1-5,0.836690948189831,0.035897828235318986
4.5,3e-05,1380,1380,338961480,E1_d_L1-10,0.8960423520275187,0.04803406795612913
4.5,3e-05,1380,1380,338961480,E2,0.7499843974115005,0.034468566843178
4.5,3e-05,1380,1380,338961480,E4,0.7974085670392855,0.03219268274719873
4.5,3e-05,1380,23,1861959406,E1_a_L1-5,0.9974626769607822,0.02326591058513621
4.5,3e-05,1380,23,1861959406,E1_a_L1-10,0.9979319106539367,0.023921279673049203
4.5,3e-05,1380,23,1861959406,E1_d_L1-5,1.0582037318982072,0.029730832915653222
4.5,3e-05,1380,23,1861959406,E1_d_L1-10,1.133355787543346,0.04554866638441569
4.5,3e-05,1380,23,1861959406,E2,0.9957492312222417,0.02589144718245096
4.5,3e-05,1380,23,1861959406,E4,1.0654483836448834,0.029830434687894442
4.5,3e-05,1380,46,1861959406,E1_a_L1-5,0.9939682384515871,0.017697652939943617
4.5,3e-05,1380,46,1861959406,E1_a_L1-10,0.9940572687094763,0.017755708452346617
4.5,3e-05,1380,46,1861959406,E1_d_L1-5,1.0535350173761524,0.025780898167506575
4.5,3e-05,1380,46,1861959406,E1_d_L1-10,1.1286326195294707,0.03994876999703454
4.5,3e-05,1380,46,1861959406,E2,0.989880104424981,0.017638022625590905
4.5,3e-05,1380,46,1861959406,E4,1.0242796589105365,0.02064726126326407
4.5,3e-05,1380,138,1861959406,E1_a_L1-5,0.974536163196509,0.011870333677551597
4.5,3e-05,1380,138,1861959406,E1_a_L1-10,0.9750753924404404,0.012881397042918121
4.5,3e-05,1380,138,1861959406,E1_d_L1-5,1.0329013105516442,0.01898752881437094
4.5,3e-05,1380,138,1861959406,E1_d_L1-10,1.1077644810845804,0.0351027704815538
4.5,3e-05,1380,138,1861959406,E2,0.966893113866377,0.010701982486055266
4.5,3e-05,1380,138,1861959406,E4,0.9873574758039843,0.013064466864920347
4.5,3e-05,1380,345,1861959406,E1_a_L1-5,0.9388183798755592,0.012598849809096022
4.5,3e-05,1380,345,1861959406,E1_a_L1-10,0.9386017353004881,0.013916560724791983
4.5,3e-05,1380,345,1861959406,E1_d_L1-5,0.9957975743453225,0.019535978729970344
4.5,3e-05,1380,345,1861959406,E1_d_L1-10,1.0671714338982456,0.03564310419726164
4.5,3e-05,1380,345,1861959406,E2,0.9228802548526016,0.01384704478555227
4.5,3e-05,1380,345,1861959406,E4,0.9480994245057858,0.01353012775377171
4.5,3e-05,1380,1380,1861959406,E1_a_L1-5,0.7932324723870582,0.02780371406663304
4.5,3e-05,1380,1380,1861959406,E1_a_L1-10,0.7934918692547589,0.02797381807737483
4.5,3e-05,1380,1380,1861959406,E1_d_L1-5,0.8408698966810857,0.03111908230720612
4.5,3e-05,1380,1380,1861959406,E1_d_L1-10,0.9019979207115872,0.042093355150366545
4.5,3e-05,1380,1380,1861959406,E2,0.7535710252049561,0.030472426193135817
4.5,3e-05,1380,1380,1861959406,E4,0.8006428678501802,0.028134003697098103
4.5,0.0001,390,13,2092611599,E1_a_L1-5,0.9908307334716404,0.028722410530063545
4.5,0.0001,390,13,2092611599,E1_a_L1-10,0.9901727274392796,0.028812773742222082
4.5,0.0001,390,13,2092611599,E1_d_L1-5,1.05119701009202,0.034664815064564945
4.5,0.0001,390,13,2092611599,E1_d_L1-10,1.119782260489029,0.04696026509565449
4.5,0.0001,390,13,2092611599,E2,0.9893600953445523,0.03716943629204926
4.5,0.0001,390,13,2092611599,E4,1.1037035668590118,0.040357725901559324
4.5,0.0001,390,26,2092611599,E1_a_L1-5,0.9840414353023058,0.02123718685906387
4.5,0.0001,390,26,2092611599,E1_a_L1-10,0.9840358772976728,0.02226071890508329
4.5,0.0001,390,26,2092611599,E1_d_L1-5,1.0419477927196894,0.02610829678429058
4.5,0.0001,390,26,2092611599,E1_d_L1-10,1.1116832110576116,0.0409538144168085
4.5,0.0001,390,26,2092611599,E2,0.9829372131481838,0.02419948948285883
4.5,0.0001,390,26,2092611599,E4,1.031692803705155,0.025042728641340967
4.5,0.0001,390,78,2092611599,E1_a_L1-5,0.9516783513442694,0.01697641046511357
4.5,0.0001,390,78,2092611599,E1_a_L1-10,0.9513604363355767,0.017189204500929516
4.5,0.0001,390,78,2092611599,E1_d_L1-5,1.0065072301919502,0.02169447916478047
4.5,0.0001,390,78,2092611599,E1_d_L1-10,1.0778509668208713,0.036873215131539086
4.5,0.0001,390,78,2092611599,E2,0.9506551695651644,0.01665885795896563
4.5,0.0001,390,78,2092611599,E4,0.9749032055681431,0.018365674137523217
4.5,0.0001,390,195,2092611599,E1_a_L1-5,0.8860668147828319,0.020322243784323703
4.5,0.0001,390,195,2092611599,E1_a_L1-10,0.8858617734677461,0.02097308147941742
4.5,0.0001,390,195,2092611599,E1_d_L1-5,0.9380305204756192,0.026278441929654325
4.5,0.0001,390,195,2092611599,E1_d_L1-10,1.0030158677875007,0.039207666700394044
4.5,0.0001,390,195,2092611599,E2,0.8837312515081446,0.02045978430161535
4.5,0.0001,390,195,2092611599,E4,0.9041474754063197,0.021881221319483557
4.5,0.0001,390,390,2092611599,E1_a_L1-5,0.7957499363505264,0.03101166772851036
4.5,0.0001,390,390,2092611599,E1_a_L1-10,0.7958110696150703,0.03151896427947683
4.5,0.0001,390,390,2092611599,E1_d_L1-5,0.8416293990556193,0.035887378970504806
4.5,0.0001,390,390,2092611599,E1_d_L1-10,0.899734554873807,0.044743737002190614
4.5,0.0001,390,390,2092611599,E2,0.7919883875180629,0.031083402525758197
4.5,0.0001,390,390,2092611599,E4,0.8111336603369828,0.0321328099890203
4.5,0.0001,390,13,2383867976,E1_a_L1-5,0.991364833454102,0.03167440905866275
4.5,0.0001,390,13,2383867976,E1_a_L1-10,0.9918365051384599,0.03161453291895159
4.5,0.0001,390,13,2383867976,E1_d_L1-5,1.0527709722354117,0.039839203113735816
4.5,0.0001,390,13,2383867976,E1_d_L1-10,1.1267719063354218,0.052805280355652996
4.5,0.0001,390,13,2383867976,E2,0.991714276056868,0.038155971185923045
4.5,0.0001,390,13,2383867976,E4,1.1069959976077124,0.04399052514391141
4.5,0.0001,390,26,2383867976,E1_a_L1-5,0.9837783773070542,0.022752960033022154
4.5,0.0001,390,26,2383867976,E1_a_L1-10,0.9841801281901519,0.023297457011900786
4.5,0.0001,390,26,2383867976,E1_d_L1-5,1.041837551215501,0.02922659495124513
4.5,0.0001,390,26,2383867976,E1_d_L1-10,1.1165180938433432,0.04550007589976504
4.5,0.0001,390,26,2383867976,E2,0.9829937036276385,0.023948497964389998
4.5,0.0001,390,26,2383867976,E4,1.0323391147471788,0.02571442951465145
4.5,0.0001,390,78,2383867976,E1_a_L1-5,0.9512693366580103,0.016565741346997846
4.5,0.0001,390,78,2383867976,E1_a_L1-10,0.9515501443401783,0.017362396938670498
4.5,0.0001,390,78,2383867976,E1_d_L1-5,1.0077288638785902,0.022404647053525687
4.5,0.0001,390,78,2383867976,E1_d_L1-10,1.0799900203419575,0.03924015841094166
4.5,0.0001,390,78,2383867976,E2,0.9501756338279514,0.01615720657664102
4.5,0.0001,390,78,2383867976,E4,0.9744444379777307,0.017598653332015338
4.5,0.0001,390,195,2383867976,E1_a_L1-5,0.8862262095797198,0.021043789957833944
4.5,0.0001,390,195,2383867976,E1_a_L1-10,0.8865763621081242,0.0217769034441245
4.5,0.0001,390,195,2383867976,E1_d_L1-5,0.9380745023195365,0.02596841714008902
4.5,0.0001,390,195,2383867976,E1_d_L1-10,1.0057758940114234,0.039251529748773904
4.5,0.0001,390,195,2383867976,E2,0.8840245366300477,0.02102942365431387
4.5,0.0001,390,195,2383867976,E4,0.9042861398488516,0.021826649974923625
4.5,0.0001,390,390,2383867976,E1_a_L1-5,0.7969185262279299,0.02964986461635129
4.5,0.0001,390,390,2383867976,E1_a_L1-10,0.7971813183125227,0.02994416630280993
4.5,0.0001,390,390,2383867976,E1_d_L1-5,0.8433707728425185,0.03373868972531907
4.5,0.0001,390,390,2383867976,E1_d_L1-10,0.904673183985011,0.043250989269381014
4.5,0.0001,390,390,2383867976,E2,0.7934731886952613,0.029522964817396812
4.5,0.0001,390,390,2383867976,E4,0.8122798196816542,0.03008666662331424
4.5,0.0001,390,13,3610172792,E1_a_L1-5,0.9916097641057269,0.030869087593105478
4.5,0.0001,390,13,3610172792,E1_a_L1-10,0.9895433599253347,0.030495687390445565
4.5,0.0001,390,13,3610172792,E1_d_L1-5,1.0548978846953836,0.03879904812130375
4.5,0.0001,390,13,3610172792,E1_d_L1-10,1.1237934775208855,0.05027782673516395
4.5,0.0001,390,13,3610172792,E2,0.9891392105208561,0.035387868146091524
4.5,0.0001,390,13,3610172792,E4,1.108179020846312,0.039877256280531584
4.5,0.0001,390,26,3610172792,E1_a_L1-5,0.9831926889364603,0.022818761902750014
4.5,0.0001,390,26,3610172792,E1_a_L1-10,0.982579516786423,0.022737056261676162
4.5,0.0001,390,26,3610172792,E1_d_L1-5,1.0429671056209875,0.03129458031264496
4.5,0.0001,390,26,3610172792,E1_d_L1-10,1.1140632121915,0.04346456151505336
4.5,0.0001,390,26,3610172792,E2,0.9818940611863709,0.024914654336418637
4.5,0.0001,390,26,3610172792,E4,1.0322501231773944,0.02629212721558094
4.5,0.0001,390,78,3610172792,E1_a_L1-5,0.9519222755126823,0.017368060998307414
4.5,0.0001,390,78,3610172792,E1_a_L1-10,0.952050460582567,0.017504705864761046
4.5,0.0001,390,78,3610172792,E1_d_L1-5,1.0093416146237575,0.02371132796639473
4.5,0.0001,390,78,3610172792,E1_d_L1-10,1.079090965835608,0.03857873002595174
4.5,0.0001,390,78,3610172792,E2,0.9503319261622751,0.01678350721394647
4.5,0.0001,390,78,3610172792,E4,0.9754281526955952,0.018296801559652284
4.5,0.0001,390,195,3610172792,E1_a_L1-5,0.8902924224253437,0.02195977334993688
4.5,0.0001,390,195,3610172792,E1_a_L1-10,0.8898688871903937,0.0225858911716327
4.5,0.0001,390,195,3610172792,E1_d_L1-5,0.9433446465174228,0.026677951510718875
4.5,0.0001,390,195,3610172792,E1_d_L1-10,1.0094811299015982,0.039039299971724624
4.5,0.0001,390,195,3610172792,E2,0.8874087975727504,0.021944226520744254
4.5,0.0001,390,195,3610172792,E4,0.9084227420011319,0.022901153508247233
4.5,0.0001,390,390,3610172792,E1_a_L1-5,0.8025498048246087,0.03238044155476202
4.5,0.0001,390,390,3610172792,E1_a_L1-10,0.8028535419477444,0.0325813882673783
4.5,0.0001,390,390,3610172792,E1_d_L1-5,0.8504747346598301,0.035536937732358206
4.5,0.0001,390,390,3610172792,E1_d_L1-10,0.9095076963881459,0.04352568037445482
4.5,0.0001,390,390,3610172792,E2,0.7993118970255929,0.03252585443904636
4.5,0.0001,390,390,3610172792,E4,0.818802467907625,0.032990163310596066
4.5,0.0001,390,13,338961480,E1_a_L1-5,0.9918318334648297,0.03598296266145547
4.5,0.0001,390,13,338961480,E1_a_L1-10,0.9906466600699804,0.035693716611095834
4.5,0.0001,390,13,338961480,E1_d_L1-5,1.05412294104345,0.042596194179438975
4.5,0.0001,390,13,338961480,E1_d_L1-10,1.1233433603815763,0.05570301309245974
4.5,0.0001,390,13,338961480,E2,0.9922326949651208,0.03904164490446926
4.5,0.0001,390,13,338961480,E4,1.110210326189658,0.04415116414501965
4.5,0.0001,390,26,338961480,E1_a_L1-5,0.9845412644218822,0.021458141841472066
4.5,0.0001,390,26,338961480,E1_a_L1-10,0.9838305235663105,0.021880007530815645
4.5,0.0001,390,26,338961480,E1_d_L1-5,1.0451659461054161,0.02749990832957565
4.5,0.0001,390,26,338961480,E1_d_L1-10,1.1165389492225923,0.04394350486302294
4.5,0.0001,390,26,338961480,E2,0.9835530653131198,0.023359887284299344
4.5,0.0001,390,26,338961480,E4,1.0344811685183206,0.02487458259176662
4.5,0.0001,390,78,338961480,E1_a_L1-5,0.9538740170255585,0.016261257099065715
4.5,0.0001,390,78,338961480,E1_a_L1-10,0.9539766048775767,0.017510696576926266
4.5,0.0001,390,78,338961480,E1_d_L1-5,1.0116528587516997,0.023922242280659166
4.5,0.0001,390,78,338961480,E1_d_L1-10,1.0825677042320598,0.04078177693030429
4.5,0.0001,390,78,338961480,E2,0.9520746910749572,0.015534676640318693
4.5,0.0001,390,78,338961480,E4,0.977547434244532,0.017342636742579267
4.5,0.0001,390,195,338961480,E1_a_L1-5,0.8894834799679227,0.021061876438246634
4.5,0.0001,390,195,338961480,E1_a_L1-10,0.890540862518971,0.02198571768162374
4.5,0.0001,390,195,338961480,E1_d_L1-5,0.9427216262140604,0.028124601112450295
4.5,0.0001,390,195,338961480,E1_d_L1-10,1.0104574827454125,0.042743182582197926
4.5,0.0001,390,195,338961480,E2,0.8871699229374929,0.02058256211460581
4.5,0.0001,390,195,338961480,E4,0.9083605137453172,0.022207298110349966
4.5,0.0001,390,390,338961480,E1_a_L1-5,0.8010822214011841,0.029956016982241512
4.5,0.0001,390,390,338961480,E1_a_L1-10,0.8012070063719966,0.030155493273733916
4.5,0.0001,390,390,338961480,E1_d_L1-5,0.849039649301125,0.03593090680863494
4.5,0.0001,390,390,338961480,E1_d_L1-10,0.9098512878247031,0.04762855112402549
4.5,0.0001,390,390,338961480,E2,0.7975947627964263,0.029656075990086253
4.5,0.0001,390,390,338961480,E4,0.8172725124100126,0.030806257985384222
4.5,0.0001,390,13,1861959406,E1_a_L1-5,0.9957194452526505,0.03384573069232559
4.5,0.0001,390,13,1861959406,E1_a_L1-10,0.9953465665992819,0.03220034969709946
4.5,0.0001,390,13,1861959406,E1_d_L1-5,1.058413154390561,0.0434783302907476
4.5,0.0001,390,13,1861959406,E1_d_L1-10,1.1337897092761897,0.05754918972874607
4.5,0.0001,390,13,1861959406,E2,0.995858698565095,0.03846668944081737
4.5,0.0001,390,13,1861959406,E4,1.1157871505667964,0.0438485214681281
4.5,0.0001,390,26,1861959406,E1_a_L1-5,0.9849016008018789,0.02410903872420892
4.5,0.0001,390,26,1861959406,E1_a_L1-10,0.9847634451518931,0.02378098822364658
4.5,0.0001,390,26,1861959406,E1_d_L1-5,1.045258786075982,0.03163991917238718
4.5,0.0001,390,26,1861959406,E1_d_L1-10,1.1207121423755237,0.048063949640257404
4.5,0.0001,390,26,1861959406,E2,0.9855982032857802,0.02527727725030893
4.5,0.0001,390,26,1861959406,E4,1.0364494483401576,0.027008178304338434
4.5,0.0001,390,78,1861959406,E1_a_L1-5,0.9523775294485951,0.01671753057042931
4.5,0.0001,390,78,1861959406,E1_a_L1-10,0.9525446273720468,0.0171369262618787
4.5,0.0001,390,78,1861959406,E1_d_L1-5,1.0094679777674644,0.02374203245721087
4.5,0.0001,390,78,1861959406,E1_d_L1-10,1.08305165211386,0.042597806748210856
4.5,0.0001,390,78,1861959406,E2,0.9506860376828334,0.015346797059774134
4.5,0.0001,390,78,1861959406,E4,0.9762322649518554,0.017613578539744254
4.5,0.0001,390,195,1861959406,E1_a_L1-5,0.8890840469142733,0.02168533431425322
4.5,0.0001,390,195,1861959406,E1_a_L1-10,0.8889897589906112,0.022207413980227946
4.5,0.0001,390,195,1861959406,E1_d_L1-5,0.9431804641420652,0.028493305172435174
4.5,0.0001,390,195,1861959406,E1_d_L1-10,1.0115421304927705,0.04501769131079239
4.5,0.0001,390,195,1861959406,E2,0.8867186046886693,0.020847258373717314
4.5,0.0001,390,195,1861959406,E4,0.9077084411368762,0.02237963719757168
4.5,0.0001,390,390,1861959406,E1_a_L1-5,0.8004333139094971,0.031019635644894673
4.5,0.0001,390,390,1861959406,E1_a_L1-10,0.800839725338028,0.03143847794764545
4.5,0.0001,390,390,1861959406,E1_d_L1-5,0.8492049719640953,0.03598907619986535
4.5,0.0001,390,390,1861959406,E1_d_L1-10,0.9109583651480097,0.0504501948981002
4.5,0.0001,390,390,1861959406,E2,0.7971915517751733,0.03091518083194457
4.5,0.0001,390,390,1861959406,E4,0.8168071648433687,0.03189766341055523
4.5,0.0001,1380,23,2092611599,E1_a_L1-5,0.9835990013645124,0.02716088990915775
4.5,0.0001,1380,23,2092611599,E1_a_L1-10,0.9837891943133857,0.027025488671121714
4.5,0.0001,1380,23,2092611599,E1_d_L1-5,1.042328888993194,0.03555102651882635
4.5,0.0001,1380,23,2092611599,E1_d_L1-10,1.1108583760372708,0.04816296234215481
4.5,0.0001,1380,23,2092611599,E2,0.9792570331182182,0.024242550752386786
4.5,0.0001,1380,23,2092611599,E4,1.0473127978107117,0.031104627849243293
4.5,0.0001,1380,46,2092611599,E1_a_L1-5,0.9702203928698253,0.020973375853591072
4.5,0.0001,1380,46,2092611599,E1_a_L1-10,0.9704638623790998,0.02113664854875473
4.5,0.0001,1380,46,2092611599,E1_d_L1-5,1.0263509206943917,0.028134301628170513
4.5,0.0001,1380,46,2092611599,E1_d_L1-10,1.0961107737679494,0.043585430117326476
4.5,0.0001,1380,46,2092611599,E2,0.9633888684207327,0.01908241245659539
4.5,0.0001,1380,46,2092611599,E4,0.9994102226697731,0.021814193249035326
4.5,0.0001,1380,138,2092611599,E1_a_L1-5,0.9184839938660437,0.018846154302852854
4.5,0.0001,1380,138,2092611599,E1_a_L1-10,0.9194744899648903,0.019672580008041507
4.5,0.0001,1380,138,2092611599,E1_d_L1-5,0.9715713683035136,0.02537004968405636
4.5,0.0001,1380,138,2092611599,E1_d_L1-10,1.037145639521737,0.04205395004262568
4.5,0.0001,1380,138,2092611599,E2,0.898990136067062,0.019732360276074487
4.5,0.0001,1380,138,2092611599,E4,0.9303827060610271,0.019546025963160865
4.5,0.0001,1380,345,2092611599,E1_a_L1-5,0.8190505549431154,0.02860608569967203
4.5,0.0001,1380,345,2092611599,E1_a_L1-10,0.8194980788560204,0.029028136489819854
4.5,0.0001,1380,345,2092611599,E1_d_L1-5,0.8669073255329083,0.033770716670269485
4.5,0.0001,1380,345,2092611599,E1_d_L1-10,0.9258955625076097,0.046495148196904756
4.5,0.0001,1380,345,2092611599,E2,0.7833913986162009,0.03126929437889263
4.5,0.0001,1380,345,2092611599,E4,0.8275391664497532,0.029125801012462857
4.5,0.0001,1380,1380,2092611599,E1_a_L1-5,0.5285062255678157,0.046522370676078346
4.5,0.0001,1380,1380,2092611599,E1_a_L1-10,0.5287602442278644,0.04689766781280577
4.5,0.0001,1380,1380,2092611599,E1_d_L1-5,0.5592777160186256,0.049991558409999526
4.5,0.0001,1380,1380,2092611599,E1_d_L1-10,0.5972180517104158,0.05506815676256858
4.5,0.0001,1380,1380,2092611599,E2,0.47528222084325916,0.046128474130034465
4.5,0.0001,1380,1380,2092611599,E4,0.533771002209421,0.046831807315996336
4.5,0.0001,1380,23,2383867976,E1_a_L1-5,0.9869098942985961,0.02707478865730378
4.5,0.0001,1380,23,2383867976,E1_a_L1-10,0.9872701303019258,0.027676531742471273
4.5,0.0001,1380,23,2383867976,E1_d_L1-5,1.0461393460890704,0.03137780451188826
4.5,0.0001,1380,23,2383867976,E1_d_L1-10,1.1186162642454969,0.047181158737033595
4.5,0.0001,1380,23,2383867976,E2,0.979506411827375,0.027230554110274852
4.5,0.0001,1380,23,2383867976,E4,1.0509816950521866,0.032164834139306875
4.5,0.0001,1380,46,2383867976,E1_a_L1-5,0.9727797616790907,0.019352388616722466
4.5,0.0001,1380,46,2383867976,E1_a_L1-10,0.9743307703383982,0.01994725331944505
4.5,0.0001,1380,46,2383867976,E1_d_L1-5,1.0299953352039921,0.02562290578464222
4.5,0.0001,1380,46,2383867976,E1_d_L1-10,1.1023507096459306,0.04125856383226441
4.5,0.0001,1380,46,2383867976,E2,0.9639770284129261,0.019470014096846955
4.5,0.0001,1380,46,2383867976,E4,1.001934330727981,0.022139538559526082
4.5,0.0001,1380,138,2383867976,E1_a_L1-5,0.918279162779627,0.02014080373426963
4.5,0.0001,1380,138,2383867976,E1_a_L1-10,0.9195377203826647,0.021471429713211358
4.5,0.0001,1380,138,2383867976,E1_d_L1-5,0.9725620366343729,0.026047901104640146
4.5,0.0001,1380,138,2383867976,E1_d_L1-10,1.0408299649998056,0.04463569168928226
4.5,0.0001,1380,138,2383867976,E2,0.8989695963523618,0.02138678834235597
4.5,0.0001,1380,138,2383867976,E4,0.9305637616638649,0.021411649501405183
4.5,0.0001,1380,345,2383867976,E1_a_L1-5,0.8184743020751086,0.031227539657363305
4.5,0.0001,1380,345,2383867976,E1_a_L1-10,0.819232529411137,0.03218714702122475
4.5,0.0001,1380,345,2383867976,E1_d_L1-5,0.866693772112817,0.03636772966261767
4.5,0.0001,1380,345,2383867976,E1_d_L1-10,0.9286898762536774,0.0495453910392049
4.5,0.0001,1380,345,2383867976,E2,0.7824818119804181,0.033582405048779004
4.5,0.0001,1380,345,2383867976,E4,0.8272689084781842,0.03165433018724086
4.5,0.0001,1380,1380,2383867976,E1_a_L1-5,0.5272773448310984,0.048323844715613726
4.5,0.0001,1380,1380,2383867976,E1_a_L1-10,0.5277940504776412,0.048690667227230304
4.5,0.0001,1380,1380,2383867976,E1_d_L1-5,0.5591460056731272,0.05138975822970079
4.5,0.0001,1380,1380,2383867976,E1_d_L1-10,0.5993590966260472,0.05927341121707086
4.5,0.0001,1380,1380,2383867976,E2,0.47408333475475317,0.04756467352902946
4.5,0.0001,1380,1380,2383867976,E4,0.5328835073994855,0.04871493448582182
4.5,0.0001,1380,23,3610172792,E1_a_L1-5,0.9863474378706992,0.027450356601984423
4.5,0.0001,1380,23,3610172792,E1_a_L1-10,0.9855421793201206,0.027782116989141604
4.5,0.0001,1380,23,3610172792,E1_d_L1-5,1.0482127149561506,0.035963173847125225
4.5,0.0001,1380,23,3610172792,E1_d_L1-10,1.1188962722577838,0.05278463561904258
4.5,0.0001,1380,23,3610172792,E2,0.9818609156302407,0.025955113233507042
4.5,0.0001,1380,23,3610172792,E4,1.0541592238574546,0.03253002839107432
4.5,0.0001,1380,46,3610172792,E1_a_L1-5,0.9701024203097149,0.019696332724143395
4.5,0.0001,1380,46,3610172792,E1_a_L1-10,0.9697280083557939,0.02143493197023873
4.5,0.0001,1380,46,3610172792,E1_d_L1-5,1.0303430368124973,0.028403847462681653
4.5,0.0001,1380,46,3610172792,E1_d_L1-10,1.10090994750346,0.04582614870568045
4.5,0.0001,1380,46,3610172792,E2,0.9629459007036075,0.019223637783931127
4.5,0.0001,1380,46,3610172792,E4,1.0006483781826543,0.021787097092644765
4.5,0.0001,1380,138,3610172792,E1_a_L1-5,0.9164489974123762,0.018969381610959637
4.5,0.0001,1380,138,3610172792,E1_a_L1-10,0.9163991084533955,0.01973205823547831
4.5,0.0001,1380,138,3610172792,E1_d_L1-5,0.9732800802987635,0.02648819008300389
4.5,0.0001,1380,138,3610172792,E1_d_L1-10,1.042181845345369,0.04396096480063641
4.5,0.0001,1380,138,3610172792,E2,0.8971173758213459,0.02015808712715618
4.5,0.0001,1380,138,3610172792,E4,0.9287404156962675,0.01905093977375107
4.5,0.0001,1380,345,3610172792,E1_a_L1-5,0.8165370434580831,0.027725299177597675
4.5,0.0001,1380,345,3610172792,E1_a_L1-10,0.8164065448449813,0.02801131451661615
4.5,0.0001,1380,345,3610172792,E1_d_L1-5,0.8660029466683474,0.03383722066262978
4.5,0.0001,1380,345,3610172792,E1_d_L1-10,0.9281193458550392,0.047757508119494946
4.5,0.0001,1380,345,3610172792,E2,0.7806260347429906,0.030555513175400905
4.5,0.0001,1380,345,3610172792,E4,0.8252823491095859,0.028073782109427025
4.5,0.0001,1380,1380,3610172792,E1_a_L1-5,0.5225816320822886,0.04520928166084631
4.5,0.0001,1380,1380,3610172792,E1_a_L1-10,0.5228510848459481,0.045593716843302545
4.5,0.0001,1380,1380,3610172792,E1_d_L1-5,0.5546618279271766,0.04838522595288458
4.5,0.0001,1380,1380,3610172792,E1_d_L1-10,0.5952162281899938,0.057115246518175324
4.5,0.0001,1380,1380,3610172792,E2,0.46932806190665616,0.04460076564107781
4.5,0.0001,1380,1380,3610172792,E4,0.528038906846973,0.04540850794506296
4.5,0.0001,1380,23,338961480,E1_a_L1-5,0.9825989904972801,0.025575971525270615
4.5,0.0001,1380,23,338961480,E1_a_L1-10,0.9835706152000288,0.025153816767468175
4.5,0.0001,1380,23,338961480,E1_d_L1-5,1.0423064853963058,0.034274495594216456
4.5,0.0001,1380,23,338961480,E1_d_L1-10,1.1179957692963522,0.05019010272201835
4.5,0.0001,1380,23,338961480,E2,0.9770068609506373,0.023253835822119956
4.5,0.0001,1380,23,338961480,E4,1.0488139627738262,0.028795094441146567
4.5,0.0001,1380,46,338961480,E1_a_L1-5,0.9687487234991801,0.019686492409762273
4.5,0.0001,1380,46,338961480,E1_a_L1-10,0.9694959300413146,0.019485147694865135
4.5,0.0001,1380,46,338961480,E1_d_L1-5,1.02668140672786,0.028154377802864543
4.5,0.0001,1380,46,338961480,E1_d_L1-10,1.1024692371268614,0.04619134363938629
4.5,0.0001,1380,46,338961480,E2,0.959683017147992,0.018215898005644732
4.5,0.0001,1380,46,338961480,E4,0.998623728807128,0.01996064080926424
4.5,0.0001,1380,138,338961480,E1_a_L1-5,0.9161384124236152,0.019064052640542575
4.5,0.0001,1380,138,338961480,E1_a_L1-10,0.9160593804774817,0.019386743848572127
4.5,0.0001,1380,138,338961480,E1_d_L1-5,0.9701891856493252,0.026312036501326026
4.5,0.0001,1380,138,338961480,E1_d_L1-10,1.0412584650510674,0.04284716565547544
4.5,0.0001,1380,138,338961480,E2,0.895337390136786,0.02026246045440271
4.5,0.0001,1380,138,338961480,E4,0.9278511942259077,0.019368433308522358
4.5,0.0001,1380,345,338961480,E1_a_L1-5,0.8161862507133643,0.029976341316858297
4.5,0.0001,1380,345,338961480,E1_a_L1-10,0.8161876319559315,0.03005822929537757
4.5,0.0001,1380,345,338961480,E1_d_L1-5,0.8653706326994759,0.03645155314224594
4.5,0.0001,1380,345,338961480,E1_d_L1-10,0.9274611985933049,0.04890787020580062
4.5,0.0001,1380,345,338961480,E2,0.7790772615972802,0.03277595711873184
4.5,0.0001,1380,345,338961480,E4,0.8245036461742675,0.030221350606688485
4.5,0.0001,1380,1380,338961480,E1_a_L1-5,0.521349840991564,0.04688780320170921
4.5,0.0001,1380,1380,338961480,E1_a_L1-10,0.52167739635137,0.04694971830130417
4.5,0.0001,1380,1380,338961480,E1_d_L1-5,0.5532677254768603,0.051415938073441976
4.5,0.0001,1380,1380,338961480,E1_d_L1-10,0.5940864907180538,0.058305764327407764
4.5,0.0001,1380,1380,338961480,E2,0.46751685693922845,0.046100632016180317
4.5,0.0001,1380,1380,338961480,E4,0.5267156966596973,0.0470788176870064
4.5,0.0001,1380,23,1861959406,E1_a_L1-5,0.9839260000059897,0.02775420431403466
4.5,0.0001,1380,23,1861959406,E1_a_L1-10,0.9839216414267162,0.02725998665043482
4.5,0.0001,1380,23,1861959406,E1_d_L1-5,1.0449191665981263,0.03472166123547154
4.5,0.0001,1380,23,1861959406,E1_d_L1-10,1.1178404528366022,0.048410523503690725
4.5,0.0001,1380,23,1861959406,E2,0.9784115299121983,0.02444816710949224
4.5,0.0001,1380,23,1861959406,E4,1.051694161973944,0.029154372027624505
4.5,0.0001,1380,46,1861959406,E1_a_L1-5,0.9699048515391655,0.01935263837842194
4.5,0.0001,1380,46,1861959406,E1_a_L1-10,0.9693899095534397,0.019648101494008103
4.5,0.0001,1380,46,1861959406,E1_d_L1-5,1.0285301138089986,0.024703747890324878
4.5,0.0001,1380,46,1861959406,E1_d_L1-10,1.1029986329287378,0.04150185700745248
4.5,0.0001,1380,46,1861959406,E2,0.9604520678528924,0.01881487870867733
4.5,0.0001,1380,46,1861959406,E4,0.9994792194391227,0.019987111589778568
4.5,0.0001,1380,138,1861959406,E1_a_L1-5,0.9183467540374451,0.01940084956747019
4.5,0.0001,1380,138,1861959406,E1_a_L1-10,0.9186155900637039,0.020253691357906507
4.5,0.0001,1380,138,1861959406,E1_d_L1-5,0.9734555757551316,0.024773901255938986
4.5,0.0001,1380,138,1861959406,E1_d_L1-10,1.0446305207480056,0.04179358350995828
4.5,0.0001,1380,138,1861959406,E2,0.8982353932379344,0.02077255422576844
4.5,0.0001,1380,138,1861959406,E4,0.9305885462849807,0.02005375869275525
4.5,0.0001,1380,345,1861959406,E1_a_L1-5,0.8185094674613131,0.028190697650316156
4.5,0.0001,1380,345,1861959406,E1_a_L1-10,0.8186307252419865,0.029159699813330216
4.5,0.0001,1380,345,1861959406,E1_d_L1-5,0.8681044400539686,0.0331747233215895
4.5,0.0001,1380,345,1861959406,E1_d_L1-10,0.9311113164993148,0.04615125373125164
4.5,0.0001,1380,345,1861959406,E2,0.782441974001678,0.03171822458001201
4.5,0.0001,1380,345,1861959406,E4,0.8273218272350457,0.02902399830949995
4.5,0.0001,1380,1380,1861959406,E1_a_L1-5,0.5267179031685387,0.047449779308495386
4.5,0.0001,1380,1380,1861959406,E1_a_L1-10,0.5270189948506909,0.04808792677280009
4.5,0.0001,1380,1380,1861959406,E1_d_L1-5,0.558643534275889,0.05093284710846912
4.5,0.0001,1380,1380,1861959406,E1_d_L1-10,0.5993130530023746,0.0571761114632908
4.5,0.0001,1380,1380,1861959406,E2,0.47308880662644165,0.04720845921772903
4.5,0.0001,1380,1380,1861959406,E4,0.5321734485182893,0.047937577300191846
