root,geom,btag,horizon,M,year,tercile,n,E1_a_exp_L1-10,E1_a_exp_L1-5,E1_d_model_L1-10,E1_d_model_L1-5,E2,E4,disagreement
ES,GLOBEX,B0,1day,23,0,0,1953,0.7576333691691021,0.7769867321246533,0.9682530703428514,0.8829054960446913,0.7892128372306398,0.932318376297791,0.21061970117374929
ES,GLOBEX,B0,1day,23,0,1,651,0.2560434522430528,0.27328114003800896,0.405678000513751,0.3706792322447086,0.34625480773638295,0.75456029969435,0.4985168474512972
ES,GLOBEX,B0,1day,23,0,2,651,0.1978405871089623,0.15551848666823453,0.4263218901490288,0.20744391023731912,-1.0808490084537532,0.530271537577281,1.6111205460310343
ES,GLOBEX,B0,1day,23,0,3,651,0.5379906754960366,0.5440179993645126,0.8251256064315986,0.7005279575105449,0.5176305128683562,0.8421906505699542,0.3245601377015981
ES,GLOBEX,B0,1day,23,2016,0,245,0.6628824277999104,0.7015322774164907,0.9502004987207734,0.8869663704028425,0.849740818623799,0.9087649082794462,0.28731807092086303
ES,GLOBEX,B0,1day,23,2016,1,94,0.28523171331745206,0.3586505493281075,0.8657050710241605,0.9284350767358932,0.42753536980906515,0.689763079144011,0.6432033634184411
ES,GLOBEX,B0,1day,23,2016,2,101,-0.023795820981289986,-0.10711918790486685,-0.026463754382777732,1.0836649214250347,-0.8260875302523624,0.5662754397139829,1.909752451677397
ES,GLOBEX,B0,1day,23,2016,3,50,0.07215200473804588,0.4845384505895241,-0.3882840919884757,-0.3876781738827327,0.6152376233440575,0.8430653750932506,1.2313494670817264
ES,GLOBEX,B0,1day,23,2017,0,243,0.48144244172711953,0.4900595799341032,1.3457018517783776,0.930459593141886,0.3917386580458461,0.8161995963315748,0.9539631937325315
ES,GLOBEX,B0,1day,23,2017,1,204,0.3415240035353653,0.3456949053174344,0.8677769386934072,0.5899137692939543,0.29337840951171473,0.7339716301761946,0.5743985291816924
ES,GLOBEX,B0,1day,23,2017,2,37,-1.0236547364847715,-1.0231111067937533,0.7892459751196716,0.7892140628808914,-3.770950624714969,0.2178371994102105,4.560196599834641
ES,GLOBEX,B0,1day,23,2018,0,243,0.7644618564099399,0.7791215826545131,1.19685983252122,0.9762678609735883,0.7749189553305063,0.9223004955265464,0.43239797611128017
ES,GLOBEX,B0,1day,23,2018,1,80,0.1388404173925471,0.2415859800379643,0.21763427575698757,0.3603610191126088,-0.03759456513425409,0.6241083144754945,0.6617028796097486
ES,GLOBEX,B0,1day,23,2018,2,81,0.2741818809334758,0.20739292524818,0.47472991544873566,0.18689129719331593,-1.17262062408584,0.630358196308703,1.802978820394543
ES,GLOBEX,B0,1day,23,2018,3,82,0.5568865090333744,0.603816452885825,3.0900703338493067,5.351317664676045,0.5645728397484895,0.7694299924758585,4.794431155642671
ES,GLOBEX,B0,1day,23,2019,0,243,0.689802214979217,0.67436841847081,1.3406535222025286,0.9577454948627951,0.644633096120592,0.8936536000852104,0.6960204260819366
ES,GLOBEX,B0,1day,23,2019,1,90,0.2535911248273393,0.18575903492141185,2.414161973515476,0.3554747420260457,0.13784544648482305,0.733021604445375,2.276316527030653
ES,GLOBEX,B0,1day,23,2019,2,99,0.424793744668469,0.32924791947612136,-1.1260174136844487,2.8560289757150272,-0.47947814217161344,0.552747717784448,3.9820463893994757
ES,GLOBEX,B0,1day,23,2019,3,54,0.3260434811021051,0.17486994499553585,-1.3863793752680738,0.28204800654319284,-0.6461517809188615,0.7491620270090497,2.1355414022771235
ES,GLOBEX,B0,1day,23,2020,0,244,0.822671818540408,0.8205617797117218,1.122738442463737,0.9623762584159866,0.8182591298956464,0.9458639069678186,0.3044793125680906
ES,GLOBEX,B0,1day,23,2020,1,30,0.5193306294574136,0.5192308993224795,-0.43062249907197786,-0.4308194202726148,0.4360741462344473,0.7705453639310168,1.2013647842036317
ES,GLOBEX,B0,1day,23,2020,2,71,0.5444941951452265,0.5780801017983251,-1.1167322533218018,-0.7531617660287959,-1.3939707035959854,0.57588724365644,1.9720508053943107
ES,GLOBEX,B0,1day,23,2020,3,143,0.7784316469603829,0.8016679700898969,1.153148861683737,0.9878177063947073,0.7615530681550952,0.9077466285343141,0.39159579352864193
ES,GLOBEX,B0,1day,23,2021,0,246,0.7720211278577639,0.7741265849023923,2.17076471492796,1.4060521740255412,0.7420384291356271,0.9074192567152055,1.428726285792333
ES,GLOBEX,B0,1day,23,2021,1,90,-0.03829285332699377,-0.03390404943935311,-0.17815132187217114,-0.17835747261425333,0.40512628675644813,0.7467170283789311,0.9250745009931844
ES,GLOBEX,B0,1day,23,2021,2,96,0.2599233894993374,0.27150831414921944,-0.39884781490216376,-0.5794687748978032,-0.9123363366100726,0.38587483020159663,1.2982111668116691
ES,GLOBEX,B0,1day,23,2021,3,60,0.38285605110611504,0.3819433667939582,-0.28493809949423277,-0.2846886739012503,0.1966327060461192,0.7715074868197239,1.0564455863139566
ES,GLOBEX,B0,1day,23,2022,0,245,0.47337642921028733,0.4413846680318642,0.7699935001315653,0.5246633710867602,0.39740566731192684,0.8412693831041593,0.4438637157922325
ES,GLOBEX,B0,1day,23,2022,2,42,-0.1198926756101148,-0.1332297525741692,-0.2032347260769495,-0.19753332055831335,-1.7701815290757443,0.2593527940893614,2.0295343231651057
ES,GLOBEX,B0,1day,23,2022,3,201,0.41372417075860674,0.35896518678667144,1.0576228170113493,0.5607247225002313,0.1334656202389123,0.7752470524759337,0.924157196772437
ES,GLOBEX,B0,1day,23,2023,0,244,0.43981611076237076,0.45372779635335303,0.7219748495772519,0.6154972228269713,0.40571450046533786,0.8472504517973424,0.4415359513320045
ES,GLOBEX,B0,1day,23,2023,1,61,-0.32130782360835597,-0.3222895615877918,0.23102472281123806,0.23154316096912783,0.12247990433846512,0.7511782875708806,1.0734678491586724
ES,GLOBEX,B0,1day,23,2023,2,124,0.27752136967882646,0.20280419597936364,0.4609206521814294,0.22274868843998583,-0.3177381528789201,0.4501764770613885,0.7786588050603496
ES,GLOBEX,B0,1day,23,2023,3,59,0.26684801873082536,0.2603387743550168,-0.37601534866765446,-0.539587783178043,-0.8321760863354787,0.6710844211988929,1.5032605075343715
ES,GLOBEX,B0,1day,46,0,0,1953,0.7913680608120787,0.8119765781594332,1.0113243987002927,0.9226880824936327,0.8248711970550859,0.9602298171838403,0.219956337888214
ES,GLOBEX,B0,1day,46,0,1,651,0.27543077561239127,0.283744893302497,0.415634040118172,0.37837609729743177,0.4815485612200606,0.8577046120034502,0.5822738363910589
ES,GLOBEX,B0,1day,46,0,2,651,0.3097004630120963,0.2980606644489545,0.6208493691501246,0.42319970411009467,-0.030728494902600628,0.7577560440748581,0.7884845389774587
ES,GLOBEX,B0,1day,46,0,3,651,0.6299831637763151,0.6390960757065245,0.9696138936836965,0.8295340739163953,0.6546382508710525,0.906572000290486,0.3396307299073814
ES,GLOBEX,B0,1day,46,2016,0,245,0.6790575147776649,0.7227969051966426,1.0214165484263655,0.954364805132173,0.8410996193162568,0.9477926218316969,0.3423590336487007
ES,GLOBEX,B0,1day,46,2016,1,94,0.5942672116999871,0.6407762833791727,19.66959081259658,-4.57289785470252,0.549559842013059,0.8543615939758589,24.2424886672991
ES,GLOBEX,B0,1day,46,2016,2,101,0.03468581082493585,0.04292485118779983,0.05499126177268398,0.12397018513083494,-0.09762835661491183,0.7523268904220345,0.8499552470369464
ES,GLOBEX,B0,1day,46,2016,3,50,0.12215705186288194,0.09793626527332705,0.2943993386944983,1.1383410163604764,0.6159263272415492,0.8984201704125838,1.0404047510871492
ES,GLOBEX,B0,1day,46,2017,0,243,0.47837581036434096,0.5126884907294752,1.4224043394453314,1.0519862517402565,0.48418193275831295,0.8713456279633254,0.9440285290809904
ES,GLOBEX,B0,1day,46,2017,1,204,0.35329988486091485,0.32673081501697515,0.8849397914400212,0.530419178661364,0.42613121150722555,0.8231999489558836,0.558208976423046
ES,GLOBEX,B0,1day,46,2017,2,37,0.03212379626942034,-0.07352565332802753,0.03555353396979747,0.13829679822447882,-1.1700263636704717,0.6416868652940849,1.8117132289645568
ES,GLOBEX,B0,1day,46,2018,0,243,0.8153160352061921,0.8315055239314905,1.298086014249901,1.0327381525147794,0.8266883909026689,0.953572327753406,0.482769979043709
ES,GLOBEX,B0,1day,46,2018,1,80,0.5537246490825055,0.6460123337317545,1.8805134705650102,7.174110094674968,0.5109500957111149,0.7894304836816446,6.663159998963853
ES,GLOBEX,B0,1day,46,2018,2,81,0.48671963670090396,0.3672510853405918,1.5894974789866312,0.453677777560449,0.1143411100538966,0.7362891521876849,1.4751563689327345
ES,GLOBEX,B0,1day,46,2018,3,82,0.8699417887821677,0.8706587712332332,-12.972288736193233,-21.4596562763901,0.7632209817831788,0.8903043263352348,22.349960602725332
ES,GLOBEX,B0,1day,46,2019,0,243,0.7154261768446433,0.7090151422304544,1.39190763199206,1.0168876032009393,0.7051935250801836,0.9331936102986325,0.6867141069118764
ES,GLOBEX,B0,1day,46,2019,1,90,0.18587974832447154,0.13631625420235405,0.8212089982404636,0.22951628510551886,0.22768989504017711,0.8393950674735822,0.7030788132712281
ES,GLOBEX,B0,1day,46,2019,2,99,0.2793006671902399,0.2508276339814615,1.3942858232871576,0.5188924564185331,0.16098419610416534,0.7486274903917998,1.2333016271829922
ES,GLOBEX,B0,1day,46,2019,3,54,0.7441527513097184,0.45726459372190464,-1.0338877563913351,2.508032826567738,0.04005701754453961,0.7547718481669369,3.541920582959073
ES,GLOBEX,B0,1day,46,2020,0,244,0.8774579820164342,0.8617364873536709,1.2374144205800253,1.0106606039032722,0.85736937867908,0.9681959272792143,0.38004504190094524
ES,GLOBEX,B0,1day,46,2020,1,30,0.15573519859384935,0.08662745669384654,-0.4281062837561714,-0.427797201650791,0.6432344817954966,0.8650907097962419,1.2931969935524132
ES,GLOBEX,B0,1day,46,2020,2,71,0.2160017640745163,0.2971585346341961,0.9369901616655986,1.1904167440500295,-0.20763908045788845,0.7291939927676236,1.398055824507918
ES,GLOBEX,B0,1day,46,2020,3,143,0.8303613629513047,0.8571054305352207,1.2951930650209709,1.0834848574223637,0.793006683269427,0.9476422682691451,0.5021863817515438
ES,GLOBEX,B0,1day,46,2021,0,246,0.8097902337182478,0.8287511576092255,2.1459300160032426,1.4854968701305713,0.778884124964136,0.9432613561328866,1.3670458910391066
ES,GLOBEX,B0,1day,46,2021,1,90,0.06708671282644993,0.05909999660698173,0.1359932571714084,0.0646682205697158,0.3906642957529048,0.8432774645284653,0.7841774679214836
ES,GLOBEX,B0,1day,46,2021,2,96,0.6912269993378357,0.6918305005275597,-0.4453926890916114,-0.4743955283875599,0.05800627330911956,0.7538973030038498,1.2282928313914097
ES,GLOBEX,B0,1day,46,2021,3,60,0.6499865760649317,0.64801444624765,-0.502658849763687,-0.502246184363456,0.3909229033142061,0.8612987179991447,1.3639575677628317
ES,GLOBEX,B0,1day,46,2022,0,245,0.5454030165762621,0.5426673745646682,0.9489819156536355,0.7159361026704986,0.5067438705512309,0.8947588492365035,0.4422380451024046
ES,GLOBEX,B0,1day,46,2022,2,42,0.6060568070619401,0.6080922188467287,-0.38139980908727195,-0.5468446804538524,-1.0545821001703792,0.56170042799224,1.6626743190171078
ES,GLOBEX,B0,1day,46,2022,3,201,0.4955664233038858,0.45707990056164,1.131145515624452,0.681572126536614,0.333169721636203,0.8394775915344694,0.797975793988249
ES,GLOBEX,B0,1day,46,2023,0,244,0.4933323857508422,0.48637098889701913,0.8261536448643096,0.6658826089000536,0.48012510058265695,0.896166880916341,0.41604178033368405
ES,GLOBEX,B0,1day,46,2023,1,61,-0.3523072811588542,-0.3271182467174139,0.3204905419927569,0.41822002840077066,0.31447866765288773,0.8719349954928376,1.2242422766516918
ES,GLOBEX,B0,1day,46,2023,2,124,0.29707653601053624,0.22096014340103218,0.507065081678538,0.24073031511422227,0.36029395287230387,0.7145526151183293,0.49359247171729714
ES,GLOBEX,B0,1day,46,2023,3,59,0.4762227408779913,0.4145849859226523,2.3169471141517244,0.6775907524055961,-0.13953250155858732,0.773642459532039,2.456479615710312
ES,GLOBEX,B0,1day,138,0,0,1953,0.8306014920297724,0.8521691519205539,1.06145218387025,0.9683570519992847,0.8619859666687755,0.9851040276297174,0.23085069184047757
ES,GLOBEX,B0,1day,138,0,1,651,0.3438184438776707,0.3661334594996249,0.5431896991488944,0.4839005620570094,0.5503053008161031,0.9417746622518838,0.5979562183742131
ES,GLOBEX,B0,1day,138,0,2,651,0.41246579259701577,0.40448405577316593,0.7626813483742683,0.548547689134267,0.2837035765262573,0.9010535444020671,0.6173499678758099
ES,GLOBEX,B0,1day,138,0,3,651,0.6927694435163568,0.7119531538007408,1.0859396341701244,0.9485815288266005,0.7839304216780568,0.9680666112442478,0.39317019065376757
ES,GLOBEX,B0,1day,138,2016,0,245,0.7338960987103731,0.772065148825368,1.0852530478299685,0.9935699473913343,0.8933698828320356,0.9807565754601194,0.35135694911959536
ES,GLOBEX,B0,1day,138,2016,1,94,0.7031032053091624,0.759162931342699,8.256278601190587,6.369927943606811,0.606963716370448,0.9399907335403406,7.649314884820139
ES,GLOBEX,B0,1day,138,2016,2,101,0.10754725033397451,0.09497477641194547,0.1618982410515246,0.10336807377001075,0.1999941334625424,0.8883854368004469,0.7934106603885014
ES,GLOBEX,B0,1day,138,2016,3,50,0.2712168553096665,0.22483808813002348,0.6994854506467117,0.8191420483232614,0.7921392551632253,0.9655339012169275,0.740695813086904
ES,GLOBEX,B0,1day,138,2017,0,243,0.5302164583918556,0.589261629254261,1.4379159000834452,1.2120586057393277,0.5686830941887665,0.9442226354122597,0.9076994416915896
ES,GLOBEX,B0,1day,138,2017,1,204,0.41116708866125945,0.41703172818677553,0.9718365344704226,0.7075307435426426,0.46533423731185086,0.9215889986701667,0.5606694458091632
ES,GLOBEX,B0,1day,138,2017,2,37,0.10356051467101615,0.07270005413269803,0.08403600975852456,0.058946364900072136,-0.21809263775517945,0.8161284595728315,1.034221097328011
ES,GLOBEX,B0,1day,138,2018,0,243,0.87550145054123,0.8646911550124625,1.3996422300008295,1.0651161022043536,0.8592336373088827,0.982797234824407,0.5404085926919469
ES,GLOBEX,B0,1day,138,2018,1,80,0.49665265474370773,0.5780827774710694,1.513556672468768,1.5343260812495707,0.41225197550299464,0.9034562250092812,1.122074105746576
ES,GLOBEX,B0,1day,138,2018,2,81,0.5042904160381269,0.4376058824370636,1.1044779326323264,0.5554618190432062,0.48424638788204005,0.9121936467325672,0.6668720501952627
ES,GLOBEX,B0,1day,138,2018,3,82,0.897952347395002,0.9184814364077845,-72.74671255973692,14.148392105268682,0.8359077971910702,0.9510863570868758,86.8951046650056
ES,GLOBEX,B0,1day,138,2019,0,243,0.7727547938682363,0.785249366178893,1.509808030918012,1.1266515169144438,0.747275065457987,0.9714599913576208,0.7625329654600249
ES,GLOBEX,B0,1day,138,2019,1,90,0.4323591732492963,0.4091146618010078,1.4432027807695762,0.8016002969991181,0.42135137511285514,0.9227071982634095,1.0340881189685684
ES,GLOBEX,B0,1day,138,2019,2,99,0.43623412139781254,0.43977637368562317,1.4710011829712208,0.8723776013459819,0.46959640710410067,0.8969368076653105,1.0347670615734084
ES,GLOBEX,B0,1day,138,2019,3,54,1.1411238028535966,0.9453570259452031,-1.1366184157947339,-4.845979331089801,0.40559543023670064,0.9324916546940633,5.987103133943397
ES,GLOBEX,B0,1day,138,2020,0,244,0.9055305424688543,0.8970023385635733,1.235616189119014,1.0348408364979347,0.8963465039190914,0.9888214491501484,0.3392696851999226
ES,GLOBEX,B0,1day,138,2020,1,30,0.5200078631635814,0.5172818250944985,-0.37247809561276785,-0.3717617971107003,0.7100756545200382,0.9463597969302296,1.3188378925429975
ES,GLOBEX,B0,1day,138,2020,2,71,0.36666015680417896,0.4853088319502206,4.476973139342807,8.230906384713624,0.23587711603674996,0.9029902208957892,7.995029268676873
ES,GLOBEX,B0,1day,138,2020,3,143,0.8707742453800186,0.9093230973842548,1.3168956652656905,1.129493356911088,0.8776817418719388,0.9824022410637578,0.4461214198856719
ES,GLOBEX,B0,1day,138,2021,0,246,0.843673438156043,0.8582284247602091,2.174475807494163,1.4734023556097176,0.7944219858781164,0.9771807778889401,1.3800538216160465
ES,GLOBEX,B0,1day,138,2021,1,90,0.10512940270961689,0.10488596358774625,0.2034311215399917,0.11466675120599262,0.47912260510260835,0.9298302533770947,0.8249442897893484
ES,GLOBEX,B0,1day,138,2021,2,96,1.1174467156334538,1.117504137915851,-0.9205967378895386,-1.06721356121738,0.27420620489372627,0.8844573526816362,2.1847176991332313
ES,GLOBEX,B0,1day,138,2021,3,60,0.745242539192987,0.7436164938560369,-0.5557577932568782,-0.5553570084337367,0.35891664011969093,0.9270422064134825,1.4827999996703607
ES,GLOBEX,B0,1day,138,2022,0,245,0.6840423131515901,0.6639275294486247,1.3102152041731143,0.9170499569545729,0.6329399586761351,0.9595333452162853,0.6772752454969793
ES,GLOBEX,B0,1day,138,2022,2,42,0.1040890663820177,0.0811432972551015,-0.6245525935671546,0.09669506806996,-0.8895032218697241,0.7908378938014096,1.6803411156711336
ES,GLOBEX,B0,1day,138,2022,3,201,0.6526068653740077,0.5876758006182595,1.8139412868058462,0.9605578819618517,0.5292389509976035,0.9427038977995993,1.2847023358082428
ES,GLOBEX,B0,1day,138,2023,0,244,0.5379439081900598,0.5439434196113795,0.8240973922215922,0.682303315159978,0.5838672834099454,0.9585293025381999,0.42058539434814013
ES,GLOBEX,B0,1day,138,2023,1,61,-0.4823872165947218,-0.48255680060701656,0.40377680228445134,0.4040091589915787,0.45996375294180514,0.952634422621711,1.4351912232287276
ES,GLOBEX,B0,1day,138,2023,2,124,0.500608568953888,0.3952249535847726,1.0702162228595247,0.4784785932220695,0.4830434923780277,0.8682925682162643,0.6749912692747521
ES,GLOBEX,B0,1day,138,2023,3,59,0.45418288130092477,0.3884659237594127,1.3635068569747673,0.5653824033227992,0.2546783481375361,0.926894812572515,1.1088285088372312
ES,GLOBEX,B0,1day,345,0,0,1953,0.8505305070673712,0.8624030310469625,1.054605135102117,0.9885072861650958,0.8562320037619356,0.9934043430480933,0.20407462803474585
ES,GLOBEX,B0,1day,345,0,1,651,0.36036526568807686,0.37250241266038286,0.5423538644721061,0.47563751084690115,0.5466947946829449,0.9720833510432825,0.6117180853552056
ES,GLOBEX,B0,1day,345,0,2,651,0.4461163553733251,0.4657778417669183,0.8113507768902455,0.6679659101169911,0.41008725568270676,0.9582491321182383,0.5481618764355315
ES,GLOBEX,B0,1day,345,0,3,651,0.7051598104804874,0.7299847684717288,1.1206339916147916,0.972905592121774,0.795611489973545,0.9865387203869057,0.41547418113430423
ES,GLOBEX,B0,1day,345,2016,0,245,0.7783508164931636,0.8096951234168718,1.1159561683911297,1.0243099447498345,0.8996793773830947,0.9915008564185739,0.33760535189796603
ES,GLOBEX,B0,1day,345,2016,1,94,0.7918790227144578,0.7867470648545781,-30.900018093492143,6.546457447108145,0.6387797266867462,0.9702207761954481,37.44647554060029
ES,GLOBEX,B0,1day,345,2016,2,101,0.26425696750135585,0.2622710340270341,0.939125449623292,0.6108406304772159,0.3623296497032871,0.9496929189520502,0.6874218849250161
ES,GLOBEX,B0,1day,345,2016,3,50,0.29778647211142134,0.4603596899145364,0.809190081656776,1.9244273127459166,0.7885717360242064,0.9860540883863789,1.6266408406344952
ES,GLOBEX,B0,1day,345,2017,0,243,0.5985778118725157,0.6760204541968673,1.7162835576271753,1.4369534300968791,0.5120571291273759,0.9721892789180482,1.2042264284997994
ES,GLOBEX,B0,1day,345,2017,1,204,0.45943510467533194,0.492691425145637,1.0420766078574633,0.8452440242008581,0.39849977789661484,0.9583456367870843,0.6435768299608484
ES,GLOBEX,B0,1day,345,2017,2,37,0.06176220409261737,0.05420961743630363,0.14005132775532003,0.03755000660259794,-0.1218896207436812,0.920467283090808,1.0423569038344893
ES,GLOBEX,B0,1day,345,2018,0,243,0.890728283084948,0.8818047267806319,1.3983922167774765,1.0955250333258961,0.8285589828036939,0.992600278387896,0.5698332339737826
ES,GLOBEX,B0,1day,345,2018,1,80,0.4380594133057793,0.5315028933026048,1.1689371638683568,1.114142442120405,0.47535186684622355,0.9608140952950271,0.7308777505625774
ES,GLOBEX,B0,1day,345,2018,2,81,0.5067196782953124,0.43715623389554276,1.1861408844439376,0.5862542210058617,0.5934824709892279,0.9634478273146841,0.7489846505483948
ES,GLOBEX,B0,1day,345,2018,3,82,0.8215513997413758,0.8457228796124419,8.212070419946981,4.187935399740804,0.7613164008804428,0.9792401326793259,7.4507540190665384
ES,GLOBEX,B0,1day,345,2019,0,243,0.7860623341061285,0.796829926408582,1.4755762579520693,1.162594986647051,0.7458527767024832,0.98699506842344,0.7297234812495861
ES,GLOBEX,B0,1day,345,2019,1,90,0.4324567487345502,0.41171110346799983,0.9446533390718028,0.5792423288534778,0.46850630225014694,0.9635222883131221,0.5518111848451224
ES,GLOBEX,B0,1day,345,2019,2,99,0.5582876050744044,0.5281171097415505,2.9358109132173964,1.2978356696724949,0.5508951417352341,0.956955699954754,2.407693803475846
ES,GLOBEX,B0,1day,345,2019,3,54,1.0269290776528242,0.769753142369052,-1.3463875518968889,20.693764682793038,0.43056748740547823,0.9692416225739497,22.040152234689927
ES,GLOBEX,B0,1day,345,2020,0,244,0.9146216765925537,0.908356325309751,1.2657751382724993,1.0570453373044653,0.8940475714018827,0.9951128815170922,0.3717275668706166
ES,GLOBEX,B0,1day,345,2020,1,30,0.127928258237668,0.0679363760828114,0.37000813463215815,0.9505079299135689,0.6252016811725484,0.9752191569189731,0.9072827808361617
ES,GLOBEX,B0,1day,345,2020,2,71,0.5892465616030647,0.7376581998968323,25.767407517639217,-13.287990175372368,0.338124041067699,0.9564893316991072,39.055397693011585
ES,GLOBEX,B0,1day,345,2020,3,143,0.8831915997955896,0.9126042166859653,1.3129564389007808,1.1531898233477968,0.8744577586700859,0.9925503372642046,0.43849868023069494
ES,GLOBEX,B0,1day,345,2021,0,246,0.8412649414140146,0.8671194274487176,2.0651290447899333,1.4880855545891645,0.8018848585486096,0.9899888847595247,1.2632441862413237
ES,GLOBEX,B0,1day,345,2021,1,90,0.17506007203410076,0.14090553440256845,0.3811792814948594,0.1544913662216898,0.5012912396988087,0.972061583793316,0.8311560493907475
ES,GLOBEX,B0,1day,345,2021,2,96,1.1295693903385022,1.1289366634203561,-1.0491005132513571,-0.9966525927520027,0.3559340952949586,0.9496486435795365,2.178669903589859
ES,GLOBEX,B0,1day,345,2021,3,60,0.9529424660081568,0.9511785166153593,-0.6902142868458888,-0.6898837304824481,0.5550487503297848,0.972531918712266,1.6627462055581548
ES,GLOBEX,B0,1day,345,2022,0,245,0.674136291477741,0.6762157042009492,1.3482816430837,0.9801217868483856,0.6583640658776663,0.9811368372127376,0.6899175772060336
ES,GLOBEX,B0,1day,345,2022,2,42,0.16133497798691332,0.1560247188127178,-0.4165934211913696,-3.391806833351944,-0.3400463930838108,0.9167935583228681,4.308600391674812
ES,GLOBEX,B0,1day,345,2022,3,201,0.7007932100240203,0.6539127120237413,2.166527149374768,1.1615901949766894,0.5726993604987779,0.9734743597766216,1.59382778887599
ES,GLOBEX,B0,1day,345,2023,0,244,0.5290835015945903,0.5344584805599265,0.796022468124414,0.6947291051866982,0.6061400007838934,0.9806896019861493,0.451606100391559
ES,GLOBEX,B0,1day,345,2023,1,61,-0.4926256297059832,-0.479049126523875,0.42313730901770397,0.4918329302933145,0.4991733452839582,0.9768667238551957,1.4694923535611788
ES,GLOBEX,B0,1day,345,2023,2,124,0.48949445682380077,0.42617174978837136,0.9708938938650924,0.558087545622506,0.5530759781590415,0.9468669002950209,0.544722144076721
ES,GLOBEX,B0,1day,345,2023,3,59,0.3239898213680721,0.2714608898156518,0.8523285200781521,0.35749167917643515,0.3478934109257277,0.9630801075805769,0.6916192177649252
ES,GLOBEX,B0,1day,1380,0,0,1953,0.8667072100011511,0.877976628915801,1.0913917164632838,0.9976889164374293,0.845377629839418,0.9980542805021174,0.2460140866238658
ES,GLOBEX,B0,1day,1380,0,1,651,0.3497267086487356,0.34313596693099585,0.5463871289098948,0.43849254101870605,0.5217708627139541,0.9899898525236616,0.6468538855926658
ES,GLOBEX,B0,1day,1380,0,2,651,0.47437643092931725,0.4959258027402593,0.9097030363589644,0.731887112295777,0.458661811006057,0.9878519187539453,0.5291901077478882
ES,GLOBEX,B0,1day,1380,0,3,651,0.7255549174440452,0.7655084094790734,1.1685666131128651,1.011535758006426,0.821421356992991,0.9964959953404929,0.4430116956688199
ES,GLOBEX,B0,1day,1380,2016,0,245,0.7912869220253761,0.825769458548553,1.1129119861774537,1.018584221022625,0.8919068185940808,0.9974066797880697,0.3216250641520776
ES,GLOBEX,B0,1day,1380,2016,1,94,0.7072273840192324,0.7274993685953836,6.459689288594973,2.906043145363172,0.6821645856064563,0.9879773806876642,5.777524702988517
ES,GLOBEX,B0,1day,1380,2016,2,101,0.3031756405198617,0.30062571033949625,0.8096842737223253,0.5603496582424349,0.5062608388355163,0.9839089806418936,0.6832832703023973
ES,GLOBEX,B0,1day,1380,2016,3,50,0.34006336346932065,0.42835136301776056,0.7301274661539668,1.078321522600622,0.7717474208789042,0.9961557302920245,0.7382581591313013
ES,GLOBEX,B0,1day,1380,2017,0,243,0.597905650798693,0.6958149650438131,1.6017192616434581,1.4757440931201926,0.5070002874035,0.9891954094603761,1.0947189742399581
ES,GLOBEX,B0,1day,1380,2017,1,204,0.4926325327049868,0.5094965613133449,1.0338823078660475,0.825497794086219,0.44449018193169376,0.9831316804933722,0.5893921259343537
ES,GLOBEX,B0,1day,1380,2017,2,37,0.06735795039279396,0.059013500060720835,0.18743351464842736,0.04603168197968457,0.08879544298210335,0.9767891601359868,0.9307574781563023
ES,GLOBEX,B0,1day,1380,2018,0,243,0.9046278916219734,0.894684654514922,1.4461982089332492,1.130511926128852,0.8257383209892546,0.9978531217733736,0.6204598879439946
ES,GLOBEX,B0,1day,1380,2018,1,80,0.6070954648652799,0.6423652275880296,1.6688549296679245,1.180040133772887,0.4318213757505023,0.9870139682627331,1.2370335539174222
ES,GLOBEX,B0,1day,1380,2018,2,81,0.47533812867336883,0.43205775479321784,0.9605607533090192,0.5533017347832472,0.6006480768929658,0.9893138401151736,0.5572560853219558
ES,GLOBEX,B0,1day,1380,2018,3,82,0.9001880365928924,0.9326165010189363,9.759556189484652,5.42354585208198,0.7652744366847128,0.994457522554107,8.994281752799939
ES,GLOBEX,B0,1day,1380,2019,0,243,0.8496511153870543,0.8550331609705866,1.6389164085461891,1.2260454842869786,0.7652957808096197,0.996270239380323,0.8736206277365695
ES,GLOBEX,B0,1day,1380,2019,1,90,0.47700054663369273,0.44548052117797876,1.068123880555909,0.6335965458709705,0.45879176023892204,0.9877076947618677,0.6226433593779302
ES,GLOBEX,B0,1day,1380,2019,2,99,0.6264603548587387,0.6144533275464703,3.091055665889348,1.4414022238727033,0.6240841118091586,0.9884937910803032,2.476602338342878
ES,GLOBEX,B0,1day,1380,2019,3,54,1.1405349958572046,0.9216929109681663,-1.6373507924016677,70.02553849826623,0.5538802024164916,0.9922515681426478,71.66288929066789
ES,GLOBEX,B0,1day,1380,2020,0,244,0.9295853250455745,0.9224138485046921,1.227976837971316,1.0560309420466587,0.9071641423540593,0.9986985446241172,0.3208126956172568
ES,GLOBEX,B0,1day,1380,2020,1,30,0.1336154928700926,0.07958140031144018,0.42259713424448286,0.08745806052846301,0.6000815654000848,0.9915218960536177,0.9119404957421775
ES,GLOBEX,B0,1day,1380,2020,2,71,0.4800167793041445,0.5276503941762458,2.945534622028256,2.0012890618178956,0.4348703371532043,0.986702118924406,2.5106642848750518
ES,GLOBEX,B0,1day,1380,2020,3,143,0.9053852964792539,0.9367269879294253,1.3639733268216663,1.1637922328192953,0.8962116301137343,0.9981567772032013,0.467761696707932
ES,GLOBEX,B0,1day,1380,2021,0,246,0.8490446277167665,0.8576431726681693,2.0473609657027403,1.4064190941721093,0.8010405492817444,0.9970891289433743,1.2463204164209958
ES,GLOBEX,B0,1day,1380,2021,1,90,0.10797122619310827,0.07729461723933649,-0.3081527042834685,0.08471253069940013,0.466883640078237,0.990659874618401,1.2988125789018694
ES,GLOBEX,B0,1day,1380,2021,2,96,1.2312407490954853,1.2314810081841856,-0.9545464695653406,-1.0279848811000796,0.4242577097439024,0.9869967593878117,2.2594658892842654
ES,GLOBEX,B0,1day,1380,2021,3,60,0.9691493043878052,0.9679565769350214,-0.7030630198504746,-0.7028824775386222,0.5996839743978175,0.9920628552725751,1.6951258751230496
ES,GLOBEX,B0,1day,1380,2022,0,245,0.6837129795095102,0.6964354151809345,1.3743244415177152,1.0191633397931679,0.6734629425015483,0.9950324646597348,0.7008614990161669
ES,GLOBEX,B0,1day,1380,2022,2,42,0.09595937137423559,0.09575556512740349,-0.012226896298419174,-0.38855909264632266,-0.30569464836375304,0.9744434537865383,1.363002546432861
ES,GLOBEX,B0,1day,1380,2022,3,201,0.6932707033480131,0.667501270571511,1.9658556886469736,1.207488500135098,0.6035737160677098,0.9929589508679448,1.3622819725792636
ES,GLOBEX,B0,1day,1380,2023,0,244,0.5887477616476676,0.5939387338865352,0.8884858480270024,0.7783157043360991,0.610368967097646,0.9945116374229824,0.4057638757753148
ES,GLOBEX,B0,1day,1380,2023,1,61,-0.32029469296965496,-0.3103255528203235,0.4155059085535016,0.5190159357428662,0.49627964160329013,0.993331731649077,1.313626424618732
ES,GLOBEX,B0,1day,1380,2023,2,124,0.5710348122692964,0.47351042503916235,1.0917212635999176,0.5939383316133008,0.5922469011538182,0.984474184037051,0.6182108385607552
ES,GLOBEX,B0,1day,1380,2023,3,59,0.520519133838119,0.4621353217554724,2.167336055070825,0.8413639010255688,0.4524304799792005,0.9899561563740243,1.7149055750916244
ES,GLOBEX,B0,1h,60,0,0,42966,1.4613027636247156,1.4609434978616769,-9.563754943826497,-50.64813059408216,0.9973605121900833,0.9999876201196319,52.10943335770688
ES,GLOBEX,B0,1h,60,0,1,14322,1.64881489657285,1.6357680570986466,-5.193735089918526,-9.529318780958924,0.9974069519093614,0.999994455219991,11.178133677531774
ES,GLOBEX,B0,1h,60,0,2,14322,1.8881538572639005,1.8882792070067256,-3.5085606663884104,-4.256743467991765,0.9975085410264037,0.9999735217454512,6.14502267499849
ES,GLOBEX,B0,1h,60,0,3,14322,0.9294185365883368,0.9159645337316198,3.529196649691425,1.9506240192842483,0.9967494801419426,0.9999643082168359,2.6132321159598053
ES,GLOBEX,B0,1h,60,2016,0,5390,1.8741295034082939,1.8742386415501833,-3.6146788073958773,-4.419826260971967,0.9977414348211637,0.9999901515536079,6.29406490252215
ES,GLOBEX,B0,1h,60,2016,1,2068,1.886333648706468,1.886500677296115,-3.503251756146317,-4.251759599042313,0.997784292127362,0.9999944248353797,6.138260276338428
ES,GLOBEX,B0,1h,60,2016,2,2222,1.8894676637080934,1.8721356793253308,-3.511365423983599,-4.259983700593159,0.9975925003076147,0.9999840069986087,6.149451364301252
ES,GLOBEX,B0,1h,60,2016,3,1100,1.8745599900666958,1.8746945632599228,-3.5153921996830753,-4.420489182258106,0.9977403277390046,0.9999736098045591,6.295183745518029
ES,GLOBEX,B0,1h,60,2017,0,5346,1.8724078024496371,1.8725176559653882,-3.611368579191196,-4.415728742669571,0.9976570443672349,0.9999934202883451,6.288246398634959
ES,GLOBEX,B0,1h,60,2017,1,4488,1.88806502740893,1.8707489513508502,-3.5084939798730965,-4.2566533351665505,0.9976316606709832,0.9999943013612467,6.14471836257548
ES,GLOBEX,B0,1h,60,2017,2,814,1.3701734464086162,1.064787757505532,-5.8986435241688335,2.9446833421776955,0.8454960325784664,0.9999708845259202,8.84332686634653
ES,GLOBEX,B0,1h,60,2017,3,44,1.4421030346966601,1.1189553370025873,-11.475145294613839,2.504673910912169,0.859422981722139,0.9734811513466506,13.979819205526008
ES,GLOBEX,B0,1h,60,2018,0,5346,1.487550261803215,1.4658069475759854,-9.974024637311343,104.28231206109045,0.9972767847811101,0.9999859371721276,114.2563366984018
ES,GLOBEX,B0,1h,60,2018,1,1760,1.4313351797229137,1.3908471593394212,-13.937347597784312,14.893860042108344,0.9971327340587567,0.9999939492142159,28.831207639892654
ES,GLOBEX,B0,1h,60,2018,2,1782,1.9014717976246802,1.8839375137328005,-3.4075333259469835,-4.24576148708437,0.9968597725693981,0.9999811648799567,6.14723328470905
ES,GLOBEX,B0,1h,60,2018,3,1804,1.182385619879124,0.9594260255725312,5.086277066084441,1.6227056692484803,0.8848990533899478,0.9774124773338182,4.2013780126944935
ES,GLOBEX,B0,1h,60,2019,0,5346,1.9094612962569069,1.9095324330301506,-3.2245203597490373,-3.7341824125657905,0.9974838755351148,0.9999827896943653,5.643714845595941
ES,GLOBEX,B0,1h,60,2019,1,1980,1.9594391827368562,1.959606321064821,-2.891165041404573,-3.378138468827584,0.9972017125642505,0.9999927674952341,5.337744789892405
ES,GLOBEX,B0,1h,60,2019,2,2178,1.8872689317289142,1.8873614591606067,-3.508478282453069,-4.255473636341584,0.9974914837505577,0.9999461036237457,6.142835095502191
ES,GLOBEX,B0,1h,60,2019,3,1188,1.0479403871126942,0.8709036868955814,4.352910063206525,1.5263438296367147,0.8198902985526,0.9715649640912505,3.533019764653925
ES,GLOBEX,B0,1h,60,2020,0,5368,0.9740782706228098,0.978677934682204,4.796321138285613,2.6092536308047634,0.9963255012394301,0.9999886177841196,3.822242867662803
ES,GLOBEX,B0,1h,60,2020,1,660,1.9406664510383065,1.9409622150627586,-3.129344048747708,-3.8152796196425336,0.9977623902183832,0.9999945549283652,5.756241834705293
ES,GLOBEX,B0,1h,60,2020,2,1562,1.8872246106888444,1.8873743998188766,-3.5054884114745417,-4.254044986184999,0.9976802600734533,0.9999799300812549,6.141419386003875
ES,GLOBEX,B0,1h,60,2020,3,3146,0.9266002095754585,0.8292235110184125,2.392474977196034,1.2644063970727897,0.9955393370348676,0.9999885525176849,1.5632514661776213
ES,GLOBEX,B0,1h,60,2021,0,5412,1.4779653437020772,1.456306452388116,-9.995650907552728,104.44801347972512,0.9974853284554822,0.999983096704535,114.44366438727785
ES,GLOBEX,B0,1h,60,2021,1,1980,1.5222443936387062,1.4883244119126413,-7.898005738765864,-104.69674835221888,0.9971666631370192,0.9999938808297961,106.21899274585758
ES,GLOBEX,B0,1h,60,2021,2,2112,1.0499189568173166,0.8500279996522621,11.352608535924023,1.8015281159488985,0.8218645897522384,0.9649430608153877,10.530743946171786
ES,GLOBEX,B0,1h,60,2021,3,1320,1.0753901128894356,0.9119494158599878,5.104132809732141,1.7028196904642714,0.8624618475651259,0.9709838404299137,4.241670962167015
ES,GLOBEX,B0,1h,60,2022,0,5390,1.8729191560776586,1.8730321390260511,-3.6123244324635646,-4.417026027721435,0.9976987214857235,0.9999809206095718,6.290058166747486
ES,GLOBEX,B0,1h,60,2022,1,44,2.1465188023176456,2.147595015329867,-1.707326856397444,-2.0905221294165446,0.9978591890118629,0.9999994810550971,4.238117144746411
ES,GLOBEX,B0,1h,60,2022,2,924,1.9286621107700468,1.928931908363345,-3.2176097522485234,-3.950681098360956,0.9977509384241546,0.9999923627271745,5.879613006724301
ES,GLOBEX,B0,1h,60,2022,3,4422,1.87464717800991,1.8747372212716642,-3.6167977191880007,-4.421778973804827,0.997528714887344,0.9999452720060931,6.2965161950764905
ES,GLOBEX,B0,1h,60,2023,0,5368,1.5149218641077706,1.492178293664163,-8.44268098578217,-52.44460913654683,0.9975989895606945,0.9999854821612321,53.9595310006546
ES,GLOBEX,B0,1h,60,2023,1,1342,1.5385674099440316,1.5043263812241376,-7.363972516166867,-52.38797373006114,0.9970441224088791,0.9999959707908009,53.92654114000517
ES,GLOBEX,B0,1h,60,2023,2,2728,1.8592441761762022,1.8593362050148148,-3.6205502824365636,-4.426558240801192,0.9975796210482459,0.9999338595699391,6.285894445816007
ES,GLOBEX,B0,1h,60,2023,3,1298,1.3879955964671549,1.0483043288969527,-25.116115842251055,2.1906461772915193,0.9074078428728122,0.9807833269707081,27.306762019542575
ES,GLOBEX,B0,30min,30,0,0,87885,1.2056496662553562,1.083640182950049,3.5032072748362104,1.727766333016552,0.9948803510474667,0.9999881049475121,2.5083269237887436
ES,GLOBEX,B0,30min,30,0,1,29295,1.2532920050198646,1.1041169071371457,3.92008762924921,1.8321097923879428,0.9928339681632528,0.9999949420789624,2.9272536610859574
ES,GLOBEX,B0,30min,30,0,2,29295,1.2896292069231061,1.1083917007029176,4.814902755742573,1.909960868036967,0.9954320927770554,0.9999752134769312,3.819470662965518
ES,GLOBEX,B0,30min,30,0,3,29295,0.9606371528759885,0.948058344620513,1.8861826567095719,1.3477604272395167,0.9951201557104284,0.9999425604109997,0.9381243120890589
ES,GLOBEX,B0,30min,30,2016,0,11025,1.3098743519225444,1.1254840775189596,4.891985105633488,1.9394888334414877,0.9933164371100127,0.9999926098103741,3.898668668523475
ES,GLOBEX,B0,30min,30,2016,1,4230,1.3067970984640211,1.132434284574908,4.8768495842966715,1.9360073288654593,0.9904777975951192,0.999995904574235,3.8863717867015524
ES,GLOBEX,B0,30min,30,2016,2,4545,1.3087553661061888,1.1246868133603563,4.8869074966153825,1.9380429718058494,0.9943365806126309,0.9999887013812531,3.8925709160027515
ES,GLOBEX,B0,30min,30,2016,3,2250,1.310291627283075,1.125818769836277,4.8935631721652495,1.940108685666047,0.9949638772604512,0.9999653421255843,3.8985992949047983
ES,GLOBEX,B0,30min,30,2017,0,10935,1.2784917934994275,1.098621846629207,4.774374359091992,1.893165285924611,0.9899000206957583,0.9999960679502442,3.784474338396233
ES,GLOBEX,B0,30min,30,2017,1,9180,1.2774095528401257,1.0979413147985786,4.769047117265002,1.891939601912135,0.9893508369125626,0.9999964937022823,3.779696280352439
ES,GLOBEX,B0,30min,30,2017,2,1665,0.9345114697338816,0.9209708103651009,2.068400543736546,1.4161385026922915,1.0339577259554191,0.9999902866039849,1.1474297333714452
ES,GLOBEX,B0,30min,30,2017,3,90,0.9330757736958293,0.8488607734579596,1.8720646974030055,1.130650588750038,0.9001311187650253,0.9566448337545383,1.023203923945046
ES,GLOBEX,B0,30min,30,2018,0,10935,1.1896945329959399,1.068071467306554,3.2218888944830666,1.6770848060859793,0.9941257378706291,0.9999863467235504,2.2277631566124376
ES,GLOBEX,B0,30min,30,2018,1,3600,1.1918593516647844,1.0836831484024136,3.033343826731454,1.650728680251475,0.9940423501008776,0.9999937895305309,2.0393014766305764
ES,GLOBEX,B0,30min,30,2018,2,3645,1.2277706226047842,1.0554221299745465,4.543001461993267,1.8042673156076734,0.993994838489142,0.9999837250488673,3.549006623504125
ES,GLOBEX,B0,30min,30,2018,3,3690,0.8959401362133644,0.9154231821391864,1.4874700586879102,1.2083943788637461,0.18687512931679864,0.9994741454040257,1.3005949293711114
ES,GLOBEX,B0,30min,30,2019,0,10935,1.3114425890308508,1.142168736423456,5.2859093213023245,2.065886644300044,0.9935987148650124,0.9999811797467258,4.292310606437312
ES,GLOBEX,B0,30min,30,2019,1,4050,1.3206093689554264,1.1506891088521976,5.510135465861115,2.1108867609917406,0.9928920206631697,0.9999918307886833,4.517243445197945
ES,GLOBEX,B0,30min,30,2019,2,4455,1.3078805645193332,1.1239262314674812,4.883899875149877,1.9367102032875674,0.9942427473177807,0.9999509224322518,3.8896571278320957
ES,GLOBEX,B0,30min,30,2019,3,2430,0.8211968443867939,0.866584595826963,1.473946401802125,1.2189874225473907,0.8211743932784108,0.9505807084774462,0.6527720085237143
ES,GLOBEX,B0,30min,30,2020,0,10980,1.010365167303483,0.9767681943622766,2.210116704660301,1.4430230732308928,0.994581957764432,0.999981110410819,1.2333485102980244
ES,GLOBEX,B0,30min,30,2020,1,1350,1.3182740755729812,1.134636369308082,5.073349685900062,1.9813995919414937,0.9946878160244266,0.9999916023754322,4.078661869875636
ES,GLOBEX,B0,30min,30,2020,2,3195,1.3074518123040435,1.123916847692824,4.88030374427307,1.9366847736225585,0.9952985956239696,0.9999662434706837,3.8850051486491006
ES,GLOBEX,B0,30min,30,2020,3,6435,0.8538164140518696,0.8728760497465303,1.385968591988408,1.1529618719488581,0.9941307128495163,0.9999804154689215,0.5321521779365384
ES,GLOBEX,B0,30min,30,2021,0,11070,1.2123658057986786,1.0878925122194185,3.28434498444293,1.7082421791031503,0.9964560123666599,0.9999740185462649,2.2878889720762703
ES,GLOBEX,B0,30min,30,2021,1,4050,1.2248771673726073,1.0911374104328029,3.380822518532123,1.6993348698790554,0.9966184361332016,0.999990238083051,2.384204082398921
ES,GLOBEX,B0,30min,30,2021,2,4320,0.801658897518887,0.8931873745899422,1.6780272662201123,1.404589360560668,0.6181775575757404,0.9993848721010594,1.059849708644372
ES,GLOBEX,B0,30min,30,2021,3,2700,0.8629189516298815,0.9122411916582347,1.5896247707308466,1.3198321073343195,0.8022114119378776,0.9996147221528453,0.787413358792969
ES,GLOBEX,B0,30min,30,2022,0,11025,1.3092378750213303,1.1249933049446397,4.889402845705276,1.9386245004899452,0.997678803352939,0.9999681039673651,3.891724042352337
ES,GLOBEX,B0,30min,30,2022,1,90,1.415564778368337,1.1655470095771339,10.011105503031622,2.2523943018496473,0.9978067874063872,0.999999116642912,9.013298715625234
ES,GLOBEX,B0,30min,30,2022,2,1890,1.3219872820832863,1.1282551146473336,5.091363185635269,1.9859872480174352,0.9977233372251655,0.999987323896452,4.0936398484101035
ES,GLOBEX,B0,30min,30,2022,3,9045,1.3101672477784618,1.1255033470269005,4.894333755489843,1.939549495158498,0.9975305890890543,0.9999083794684903,3.8968031664007885
ES,GLOBEX,B0,30min,30,2023,0,10980,1.2205892266331144,1.0968910931318536,3.368451313733412,1.6944810628845803,0.9976021909418205,0.9999767494336912,2.3708491227915918
ES,GLOBEX,B0,30min,30,2023,1,2745,1.219384138400253,1.0967133351554148,3.3622046939956602,1.694193737685955,0.9973563907506671,0.9999935549575767,2.364848303244993
ES,GLOBEX,B0,30min,30,2023,2,5580,1.3005168475707938,1.1262877496944583,4.900274140691025,1.940986605787666,0.9975057946056015,0.9998888741774693,3.902768346085423
ES,GLOBEX,B0,30min,30,2023,3,2655,0.9720788435099589,0.9819751629425366,1.8119796037262679,1.3688841380451406,0.8926672907730633,0.9653553959319071,0.9193123129532046
ES,GLOBEX,B1,1day,23,0,0,1953,0.7609505087022843,0.7790259709969145,0.9435033154176699,0.8852306734229552,0.7901255705296318,0.9326491302288296,0.18255280671538554
ES,GLOBEX,B1,1day,23,0,1,651,0.25553089564361847,0.24872509984771643,0.3806652048845388,0.2989809451508875,0.3750136065943883,0.7565973658702099,0.5078722660224935
ES,GLOBEX,B1,1day,23,0,2,651,0.18207101629060635,0.14980984784432538,0.33292681785698225,0.19148847586418918,-1.0545026677485367,0.5492937221683494,1.6037963899168861
ES,GLOBEX,B1,1day,23,0,3,651,0.5342884590414924,0.5570635507696996,0.8034044805574551,0.7298955134144199,0.5335609483032328,0.8386649689378759,0.30510402063464315
ES,GLOBEX,B1,1day,23,2016,0,245,0.6491498197269334,0.6946679814535753,0.9437509305702194,0.8783273558488772,0.8435250507731015,0.9122223775442416,0.294601110843286
ES,GLOBEX,B1,1day,23,2016,1,90,0.275800343694669,0.28735654143014844,0.6201177640659823,0.45847441297749464,0.42714870336875616,0.7010927911497983,0.4252924474551293
ES,GLOBEX,B1,1day,23,2016,2,103,-0.024142930428363754,0.08402044085395567,-0.02647901963232519,-0.14516314078893625,-0.7236673221154716,0.5804854348766104,1.304152756992082
ES,GLOBEX,B1,1day,23,2016,3,52,0.05544069682594223,0.5276197813021023,-0.4145208798737343,-0.4139486490276629,0.5634105423821426,0.8526321126280538,1.2671529925017881
ES,GLOBEX,B1,1day,23,2017,0,243,0.4665623489492033,0.4584922236000872,1.3552346860168596,0.856146431591753,0.38102152262153216,0.8157839775125109,0.9742131633953275
ES,GLOBEX,B1,1day,23,2017,1,206,0.29842089768193963,0.2749090174143677,0.680418584017688,0.41212110908155836,0.31146178613543096,0.7325331069532324,0.4576240895388647
ES,GLOBEX,B1,1day,23,2017,2,35,-0.6894049899911119,-0.6893033618171674,0.5909151992717813,0.5909249460754578,-3.0347342081056317,0.3873561095443727,3.6256591541810894
ES,GLOBEX,B1,1day,23,2018,0,243,0.7691305198099485,0.7850341950827534,1.2036975840618847,0.9835485028127581,0.7838840268492387,0.9240563687656231,0.43456706425193614
ES,GLOBEX,B1,1day,23,2018,1,78,0.09159721178450687,0.12517453564278694,0.10267204764576962,0.12285305016756054,-0.03713633630536231,0.6338135346463977,0.67094987095176
ES,GLOBEX,B1,1day,23,2018,2,84,0.26182125398999223,0.2126926726259947,0.5632305264066096,0.22958949051401772,-0.8488167499166314,0.6390323852093829,1.4878491351260141
ES,GLOBEX,B1,1day,23,2018,3,81,0.5853260212561323,0.6168887202355076,4.015668724377808,23.27647985436875,0.5547323454774482,0.7691586527916517,22.7217475088913
ES,GLOBEX,B1,1day,23,2019,0,243,0.694315839267818,0.6837592575499831,1.348449509630098,0.9628676118794859,0.6474099621975251,0.8915544769727628,0.7010395474325728
ES,GLOBEX,B1,1day,23,2019,1,98,0.2580643278348567,0.22276214481001533,0.6054834794579169,0.31060113329950667,0.34326244123898314,0.7561252658909405,0.5333631210809252
ES,GLOBEX,B1,1day,23,2019,2,92,0.5408052782928443,0.4571841421386544,-2.145453091504497,2.3188296460967415,-0.5362696938767896,0.559530260541512,4.464282737601239
ES,GLOBEX,B1,1day,23,2019,3,53,0.39917184146256623,0.22417731979212635,-1.1719890046447872,0.4293722267464949,-0.7440544607815675,0.7383737875831842,1.9103627922279713
ES,GLOBEX,B1,1day,23,2020,0,244,0.8221928362399912,0.8226667867932116,1.1380142950702312,0.9491078206021873,0.8223518834838917,0.94596272979715,0.31582145883024004
ES,GLOBEX,B1,1day,23,2020,1,30,0.4258043228896182,0.4258611635785423,-0.35823224204953824,-0.33126002636644325,0.37262423869750844,0.7334301955527296,1.0916624376022679
ES,GLOBEX,B1,1day,23,2020,2,73,0.28715342109949554,0.28758372580298147,-0.24115959742628698,-0.24114291111140682,-1.2037265931336707,0.5936857408530452,1.7974123339867158
ES,GLOBEX,B1,1day,23,2020,3,141,0.7730142412928852,0.8263327383227358,1.1058730667998669,1.0360496239070978,0.7900785070433097,0.907084946168669,0.33285882550698165
ES,GLOBEX,B1,1day,23,2021,0,246,0.7500709264057699,0.7670515972571001,1.9691864189603452,1.4042854921830636,0.7492353508952299,0.9073069707106602,1.2199510680651153
ES,GLOBEX,B1,1day,23,2021,1,86,-0.03483748501494633,-0.06297035390976997,-0.03862814027091738,-0.11674070063260203,0.44513921120822625,0.7469303253581103,0.8636710259907123
ES,GLOBEX,B1,1day,23,2021,2,100,0.025558546930529835,0.08034184430273975,0.13785620466978463,0.10228359927870066,-0.8090331179513192,0.4245577033121487,1.2335908212634679
ES,GLOBEX,B1,1day,23,2021,3,60,0.30363566614205434,0.3024649206422463,-0.2831733949388115,-0.28271819688452554,0.22779171750533994,0.7239905023069877,1.0071638972457992
ES,GLOBEX,B1,1day,23,2022,0,245,0.48481945773631546,0.4472465956108636,0.8025466002442421,0.5362672372642944,0.4085925462094805,0.82954065791981,0.42094811171032953
ES,GLOBEX,B1,1day,23,2022,2,42,-0.0738658563573577,-0.08911511299756118,-0.04449784404230428,-0.061225032772688634,-1.7883821788587846,0.26695542790169435,2.055337606760479
ES,GLOBEX,B1,1day,23,2022,3,200,0.4165689306454383,0.35465155186871666,1.051580265285497,0.5331019823479496,0.14368658294336012,0.7572155222608551,0.907893682342137
ES,GLOBEX,B1,1day,23,2023,0,244,0.43806774849154256,0.46048772788513526,0.7197002122226165,0.6418518592973351,0.41339554750677165,0.8507231372801844,0.4373275897734128
ES,GLOBEX,B1,1day,23,2023,1,60,0.038506161774413336,0.024922914307950246,0.042265815348698506,0.1344188515821741,0.15257065029189268,0.7614885375542502,0.7365656232462999
ES,GLOBEX,B1,1day,23,2023,2,122,0.2201557267769706,0.19713407023399937,0.2259759605042026,0.215753974615289,-0.49425029242861773,0.4254903177128758,0.9197406101414936
ES,GLOBEX,B1,1day,23,2023,3,62,0.2278086286498114,0.28954187843071855,1.8841124365714472,-7.392900972701629,-0.6603834926527433,0.6685257147142194,9.277013409273076
ES,GLOBEX,B1,1day,46,0,0,1953,0.7904294389876333,0.8103114047846098,1.01016520303589,0.9207951392857451,0.8234367234676871,0.9606829461746506,0.2197357640482568
ES,GLOBEX,B1,1day,46,0,1,651,0.2722314708338084,0.26494332336150733,0.39732717939718143,0.324311326130683,0.4967822360305748,0.859877314889614,0.5949339915281067
ES,GLOBEX,B1,1day,46,0,2,651,0.3158330641797553,0.3075075705309353,0.6684298137722539,0.45001073407041675,0.012605076148134992,0.751972397194594,0.739367321046459
ES,GLOBEX,B1,1day,46,0,3,651,0.6247519712714049,0.6447418612346155,0.9581714619050423,0.8369519080232686,0.6595020961214241,0.9104830101575518,0.3334194906336374
ES,GLOBEX,B1,1day,46,2016,0,245,0.6833950210046934,0.7322488952944584,1.028410416744651,0.9587793120166122,0.8356204533806075,0.9484928157607568,0.34501539573995765
ES,GLOBEX,B1,1day,46,2016,1,90,0.46516823946182817,0.5586214429061466,1.7558834690415885,2.135355108267934,0.5370281895812368,0.8579917338904346,1.6701868688061057
ES,GLOBEX,B1,1day,46,2016,2,103,0.35176910696681074,0.35221718322094153,-0.26048436426961935,-0.2608785427075819,0.0570056915847109,0.7417804667934463,1.0026590095010282
ES,GLOBEX,B1,1day,46,2016,3,52,0.12032879925547546,0.11392586249804798,0.35238065372870725,0.8556062845453274,0.5660035501240621,0.9024004913103505,0.7884746288123026
ES,GLOBEX,B1,1day,46,2017,0,243,0.44818358635463623,0.47719559538045175,1.3746788609039433,1.0130273973565704,0.46601555081246254,0.876424352398887,0.9264952745493071
ES,GLOBEX,B1,1day,46,2017,1,206,0.30610522967660564,0.26639742010049966,0.6629154067438411,0.38443131602168173,0.4389891084444895,0.8332361776316333,0.5668387575311336
ES,GLOBEX,B1,1day,46,2017,2,35,0.02671855427680089,-0.013102653649154923,0.02969245009753316,-0.013769586883200348,-1.2865130414780186,0.672608728742136,1.9591217702201544
ES,GLOBEX,B1,1day,46,2018,0,243,0.8211047973627,0.8288131681509725,1.2902302578858857,1.0293403705936992,0.8311297212180729,0.9551153231046302,0.4691254605231857
ES,GLOBEX,B1,1day,46,2018,1,78,0.8849549189641263,0.8850520134503497,-14.794904548532145,-1.6775169242880474,0.5082185027328543,0.7935719374023367,15.679956561982495
ES,GLOBEX,B1,1day,46,2018,2,84,0.44098274933762616,0.3118732898394021,1.7495747285975585,0.3927953269831467,0.12122010750532164,0.73127024391451,1.6283546210922368
ES,GLOBEX,B1,1day,46,2018,3,81,0.8285941267954421,0.8477875892884352,-20.668886273473706,-15.602565811116014,0.7656006824026499,0.890731899613241,21.559618173086946
ES,GLOBEX,B1,1day,46,2019,0,243,0.7136411909530276,0.7125184030145113,1.3887170484270577,1.0134226285731995,0.7019462833092835,0.9330139149130183,0.6867707651177741
ES,GLOBEX,B1,1day,46,2019,1,98,0.20860843052407294,0.1589788122149279,0.5019844952868137,0.19758781670895587,0.4044157378205557,0.8456823645062856,0.6867035522913577
ES,GLOBEX,B1,1day,46,2019,2,92,0.47193711896276486,0.400418886008482,19.79578067412672,1.0021867958504755,0.1669822060081829,0.7395739616755681,19.62879846811854
ES,GLOBEX,B1,1day,46,2019,3,53,0.941759608805668,0.6503531948943674,-1.0206006774524237,10.570322675008171,-0.0830463930118224,0.7703455627610016,11.590923352460594
ES,GLOBEX,B1,1day,46,2020,0,244,0.8795846846632818,0.8639880003712971,1.2404336781001684,1.0132627140347956,0.8595887186326241,0.9691195573215813,0.38084495946754426
ES,GLOBEX,B1,1day,46,2020,1,30,0.20221292601510818,0.10566808567964053,1.4675274031677454,0.17378283731129984,0.6521247119415574,0.8647722040191329,1.3618593174881048
ES,GLOBEX,B1,1day,46,2020,2,73,0.6436703757420882,0.6440066584534648,-0.5183193847549143,-0.5237493857924008,-0.13984812780860664,0.7438459449883965,1.2675953307807974
ES,GLOBEX,B1,1day,46,2020,3,141,0.8161789129372066,0.8615882949832068,1.248375846701075,1.0894491567077718,0.8091708959656874,0.9511436903730122,0.4392049507353877
ES,GLOBEX,B1,1day,46,2021,0,246,0.8014356893737754,0.830820586440596,2.1272974965368943,1.5090261951069739,0.7822418579650879,0.9429976901976793,1.3450556385718064
ES,GLOBEX,B1,1day,46,2021,1,86,0.0570220465478728,0.0487345563310457,0.10906305412767159,0.05289195299911835,0.41138034797091316,0.8318400310644475,0.7831054747334018
ES,GLOBEX,B1,1day,46,2021,2,100,0.5483207023768297,0.5482039499422043,-0.38906564055249326,-0.46403947720415817,0.11942923653812938,0.7562097888437221,1.2202492660478803
ES,GLOBEX,B1,1day,46,2021,3,60,0.5396517149942079,0.5375908497335588,-0.4686909015484287,-0.4680569367980468,0.3863330808344298,0.8600887404803423,1.328779642028771
ES,GLOBEX,B1,1day,46,2022,0,245,0.5577770247864986,0.542906841315276,0.9761176894072683,0.7037039891400495,0.5103798551085341,0.8969223425708126,0.46573783429873417
ES,GLOBEX,B1,1day,46,2022,2,42,0.6800416629509798,0.6601749186505165,-0.4992496942005431,-0.650351184366204,-1.1094828271791979,0.5241264738660696,1.7895244901301777
ES,GLOBEX,B1,1day,46,2022,3,200,0.5099660505287824,0.4610385970920786,1.2242886124022916,0.6936566146206273,0.3251873047192422,0.8494610791198343,0.8991013076830494
ES,GLOBEX,B1,1day,46,2023,0,244,0.5001870622066852,0.5064852986492931,0.8432637015047394,0.7128933254607728,0.48950557872293876,0.8950900765234163,0.40558449780047756
ES,GLOBEX,B1,1day,46,2023,1,60,-0.3836228067000487,-0.3838554731844064,0.24868135501311792,0.2525243636879949,0.3188145869533036,0.8735875550834817,1.2574430282678881
ES,GLOBEX,B1,1day,46,2023,2,122,0.24033000742588043,0.2133645335150873,0.3647648372131294,0.2301396589947178,0.3943963544026412,0.675522025223336,0.4621574917082487
ES,GLOBEX,B1,1day,46,2023,3,62,0.45472190432739484,0.42110246090422654,1.0108289296221131,0.5830337632443172,-0.0008535141957426706,0.7822954726002429,1.0116824438178558
ES,GLOBEX,B1,1day,138,0,0,1953,0.8301818527391892,0.8515526477472746,1.0609439633626625,0.9676589484502331,0.8607340186175663,0.9852722764090639,0.2307621106234733
ES,GLOBEX,B1,1day,138,0,1,651,0.34594184038439485,0.3500688528088701,0.5215304421724387,0.4281076121048668,0.554559238060975,0.9416294203783783,0.5956875799939834
ES,GLOBEX,B1,1day,138,0,2,651,0.42753547826845273,0.4049698333493407,0.8353404730449925,0.5543796045363051,0.31226835290658794,0.9052561904283494,0.5929878375217614
ES,GLOBEX,B1,1day,138,0,3,651,0.6796049804054592,0.7163232539667765,1.0945688785216516,0.9465849185281873,0.7899649129392394,0.968750919216402,0.4149638981161924
ES,GLOBEX,B1,1day,138,2016,0,245,0.7375261087200434,0.7813503868140195,1.090829284601584,0.9970256495654525,0.8897708649134629,0.9811734381663957,0.3533031758815405
ES,GLOBEX,B1,1day,138,2016,1,90,0.5149044651964425,0.5433317732649909,1.778186157700287,1.2059899782843249,0.6109911826858049,0.9418600726204694,1.2632816925038446
ES,GLOBEX,B1,1day,138,2016,2,103,0.22629121902649044,0.14530950736907408,-2.53411802485008,0.4761261301092909,0.16950904602929495,0.8886227960103785,3.422740820860459
ES,GLOBEX,B1,1day,138,2016,3,52,0.28271658525635374,0.4502478166047101,0.8367687288990449,2.179622077095613,0.803192842307504,0.9661338091816026,1.8969054918392594
ES,GLOBEX,B1,1day,138,2017,0,243,0.5058516841467097,0.5665005996567426,1.2994507293385342,1.1318851216615102,0.5527730422584128,0.9446060895022699,0.7935990451918246
ES,GLOBEX,B1,1day,138,2017,1,206,0.37360506049962267,0.3657966203303975,0.7402956392396186,0.5286192774029197,0.4594181306443486,0.9236157266604864,0.5578191063300889
ES,GLOBEX,B1,1day,138,2017,2,35,0.11706295113119351,0.06402239565084729,0.22743239338057858,0.07006997218790509,-0.3136369168175594,0.806802137493746,1.1204390543113054
ES,GLOBEX,B1,1day,138,2018,0,243,0.8702744195895316,0.8608385370053346,1.3911356236907981,1.0876005779557454,0.8604816658558018,0.9830547627638219,0.5306539578349964
ES,GLOBEX,B1,1day,138,2018,1,78,0.7508498721995829,0.7681865411232311,9.227519291605734,56.843270967417475,0.4062108663547161,0.8946046942630823,56.437060101062755
ES,GLOBEX,B1,1day,138,2018,2,84,0.47575512597921016,0.4230699461621165,1.0809469351643952,0.5626133573634955,0.48910999204274713,0.9154833973763791,0.6578769890022786
ES,GLOBEX,B1,1day,138,2018,3,81,0.8573762713967207,0.8889571873926838,68.00051056856127,22.48309324937095,0.8234605490231058,0.9520820933614189,67.17705001953816
ES,GLOBEX,B1,1day,138,2019,0,243,0.782465477417942,0.7865126949561756,1.5109533788015468,1.1283554611334603,0.745642998898049,0.9716682816077462,0.7653103799034978
ES,GLOBEX,B1,1day,138,2019,1,98,0.41839831475070177,0.38862628029035,1.0509506420079646,0.6439237821191636,0.523148011576887,0.930237988522388,0.6623243617176147
ES,GLOBEX,B1,1day,138,2019,2,92,0.5293705215647095,0.49116696716077074,2.7155881974127785,0.9935256510373957,0.5140675580296314,0.8972955374950312,2.2244212302520077
ES,GLOBEX,B1,1day,138,2019,3,53,1.6011428633136788,1.5534031656248892,-1.1837110983438508,-2.502677378854594,0.379088798437308,0.9350450681358036,4.103820242168273
ES,GLOBEX,B1,1day,138,2020,0,244,0.903906905248647,0.8963042927072348,1.2334059221831393,1.0340425005017977,0.8987490034753839,0.9889218049571461,0.3371016294759045
ES,GLOBEX,B1,1day,138,2020,1,30,0.4226031327515054,0.4205300264793024,-0.49512721557244177,-0.28043422099390974,0.7200135219303652,0.9437719794336568,1.4388991950060985
ES,GLOBEX,B1,1day,138,2020,2,73,0.41562730895297817,0.3758517652173707,-3.4297850073467453,3.1213444586730597,0.28188490420152607,0.9074806795071256,6.551129466019805
ES,GLOBEX,B1,1day,138,2020,3,141,0.8510312870661183,0.9030508960844273,1.2619906136612404,1.1317118078424009,0.892430496924944,0.982558296059233,0.41095932659512213
ES,GLOBEX,B1,1day,138,2021,0,246,0.8440903866506618,0.8635989929775881,2.178079729341354,1.514002675278798,0.7938095236771161,0.9773555523510199,1.3842702056642378
ES,GLOBEX,B1,1day,138,2021,1,86,0.14520741269629012,0.11117569908100049,0.2714719305023969,0.12146394863329985,0.47381277770669267,0.9250533593803179,0.8138776602993174
ES,GLOBEX,B1,1day,138,2021,2,100,1.1987435173116219,1.198118998704805,-1.2023171724413904,-1.744468294294951,0.3459613459532594,0.9008004887674586,2.943211811606573
ES,GLOBEX,B1,1day,138,2021,3,60,0.6620731576904038,0.659818116890889,-0.5240834638990454,-0.5233713439299748,0.3230337948327474,0.9304019102058286,1.454485374104874
ES,GLOBEX,B1,1day,138,2022,0,245,0.695506530085425,0.6691344105290357,1.3166450724508698,0.9242577522931312,0.6311109380953815,0.9597567507016816,0.6855341343554883
ES,GLOBEX,B1,1day,138,2022,2,42,0.17507667563920506,0.1419792219774834,-0.9516083858869986,0.2233744351647979,-0.8447114369923877,0.7865631853541204,1.738171571241119
ES,GLOBEX,B1,1day,138,2022,3,200,0.6686685234602976,0.5949395707460455,1.9439832190313278,0.963908687221912,0.5201390205743281,0.9429547244722621,1.4238441984569996
ES,GLOBEX,B1,1day,138,2023,0,244,0.5494462008777063,0.5584936587344103,0.8167568077629124,0.712714972311503,0.5922020262402754,0.9596259889964224,0.410179788118716
ES,GLOBEX,B1,1day,138,2023,1,60,-0.4298541435940679,-0.4297546778000381,0.29216111234115033,0.2921014258674735,0.46703193509897245,0.9526893718160435,1.3825435154101113
ES,GLOBEX,B1,1day,138,2023,2,122,0.46815731805071387,0.3904496881346582,0.8969909021287088,0.47181599625918447,0.5197912134596961,0.8756007065099007,0.5065412139940506
ES,GLOBEX,B1,1day,138,2023,3,62,0.4572765408931408,0.38523160835817843,0.9639498394543712,0.4860909950926635,0.3477485891261124,0.9329533762445126,0.6162012503282588
ES,GLOBEX,B1,1day,345,0,0,1953,0.8500903275020274,0.8621657110437818,1.054064569759654,0.9882384630843889,0.8553623320092257,0.9934321558640248,0.20397424225762661
ES,GLOBEX,B1,1day,345,0,1,651,0.3642666278270368,0.37188778660829225,0.5404106512152727,0.4665632877856487,0.5527402031094085,0.9716271454003512,0.6073605175733144
ES,GLOBEX,B1,1day,345,0,2,651,0.4596959204854986,0.46272244505124294,0.8806001793795574,0.6758430209454248,0.431028381212969,0.9585119719731503,0.5274835907601814
ES,GLOBEX,B1,1day,345,0,3,651,0.6981908161367943,0.7343251264110003,1.0904844147940165,0.9960427784181254,0.8028605401973159,0.9867493031475685,0.39229359865722213
ES,GLOBEX,B1,1day,345,2016,0,245,0.7714099941592838,0.8056817327551643,1.1214977421512908,1.0279585399433975,0.895298271209173,0.9915153539810364,0.35008774799200704
ES,GLOBEX,B1,1day,345,2016,1,90,0.638502165553217,0.6438002350457205,3.4258771819878104,1.818849515752551,0.644057423823178,0.9700675873052895,2.787375016434593
ES,GLOBEX,B1,1day,345,2016,2,103,0.6766128150128677,0.5142770165499537,-1.5728568330182546,-4.9225084287865295,0.36049020427071193,0.9518125772701943,5.874321006056724
ES,GLOBEX,B1,1day,345,2016,3,52,0.3082285826600682,0.6821429297353354,0.9170739493750655,3.7708303070556672,0.7996219721321484,0.9863117680846637,3.462601724395599
ES,GLOBEX,B1,1day,345,2017,0,243,0.5874254006281735,0.6570191230810232,1.5547898852346866,1.3526112927134128,0.5057537283042548,0.9719467637379285,1.0490361569304318
ES,GLOBEX,B1,1day,345,2017,1,206,0.4319892536031517,0.4526512413273693,0.8466066514842668,0.699131012466421,0.40229723520603533,0.9581380827432341,0.5558408475371988
ES,GLOBEX,B1,1day,345,2017,2,35,0.06574858631396269,0.06355258870346472,0.10629471884046374,0.10632169592544694,-0.20798455681402922,0.9215119884281566,1.129496545242186
ES,GLOBEX,B1,1day,345,2018,0,243,0.898986232634363,0.8799605141578535,1.3932349513931122,1.0932071518725974,0.8322926506432821,0.9926338761699838,0.5609423007498301
ES,GLOBEX,B1,1day,345,2018,1,78,0.43016913592404554,0.6323693942831904,1.4830067245355638,2.715818173144956,0.4503590228960868,0.9572514219732944,2.2856490372209106
ES,GLOBEX,B1,1day,345,2018,2,84,0.4982361052295155,0.4329555670498879,1.0694328554478008,0.5552846686476169,0.6075291341325929,0.9639335593828313,0.6364772883979128
ES,GLOBEX,B1,1day,345,2018,3,81,0.7865170175644695,0.8263670210852707,7.9217661688511765,4.305610802799939,0.776826964253669,0.9797419337663988,7.144939204597508
ES,GLOBEX,B1,1day,345,2019,0,243,0.7964421293051318,0.8118098763379762,1.5263759136181463,1.196375118555338,0.7460832531318319,0.9871506552261946,0.7802926604863144
ES,GLOBEX,B1,1day,345,2019,1,98,0.4458982996519138,0.41507745064770446,1.0425621425991052,0.6345585057162552,0.5434056465395594,0.9666380098294542,0.6274846919514008
ES,GLOBEX,B1,1day,345,2019,2,92,0.6576023143005983,0.6057836786976631,5.083083788493347,1.3989216578231647,0.6182720902688603,0.9567560447911384,4.477300109795684
ES,GLOBEX,B1,1day,345,2019,3,53,1.4947552979167102,1.300107330384289,-1.2979944731629265,-4.448901042469554,0.43667809721890094,0.9712687433841214,5.943656340386265
ES,GLOBEX,B1,1day,345,2020,0,244,0.9154450021174582,0.9095058154391115,1.2669835981336937,1.0584021846735363,0.8952347861079051,0.9951521850408346,0.3717488120257886
ES,GLOBEX,B1,1day,345,2020,1,30,0.12397347789054078,0.07434574361497527,0.2812077710053429,0.2123296624500273,0.5876063152361526,0.9717117229734505,0.8973659793584753
ES,GLOBEX,B1,1day,345,2020,2,73,0.6655695434655564,0.607024275991963,-3.240108289322604,6.71127918741362,0.35518569683769635,0.9558007620561609,9.951387476736224
ES,GLOBEX,B1,1day,345,2020,3,141,0.8635953011433808,0.9176425758003091,1.2983068138632874,1.1600294993052032,0.8884767859478315,0.9925979415538663,0.4347115127199066
ES,GLOBEX,B1,1day,345,2021,0,246,0.8306632581168124,0.8639114505855832,2.060759313592879,1.4824529237844526,0.7996349820456002,0.9899265900946722,1.2611243315472787
ES,GLOBEX,B1,1day,345,2021,1,86,0.21892719010045616,0.14444948647109113,0.58768150546362,0.1584917524345902,0.5043111340109123,0.9700023514782,0.8255528650071089
ES,GLOBEX,B1,1day,345,2021,2,100,1.1511860449241464,1.1499104967265001,-0.9413051884389648,-0.940802024868682,0.3754512597617393,0.9488040027847386,2.0924912333631114
ES,GLOBEX,B1,1day,345,2021,3,60,0.8293577995190619,0.8274046883311724,-0.6371688803101856,-0.6366724188629943,0.5187119444833552,0.9725009479089401,1.6096698282191257
ES,GLOBEX,B1,1day,345,2022,0,245,0.686033066361614,0.6823624517819002,1.4019665426793868,0.9892407830608961,0.6550805180517466,0.9813200939287898,0.7468860246276402
ES,GLOBEX,B1,1day,345,2022,2,42,-0.03917799273677407,-0.026976183426976236,-0.04291577146585619,-0.028354609854992004,-0.44388622266836886,0.9194420368160872,1.363328259484456
ES,GLOBEX,B1,1day,345,2022,3,200,0.6986243444676306,0.6463715887003635,2.3575263867701994,1.1899470529164888,0.5557986391602322,0.9728664258296119,1.8017277476099673
ES,GLOBEX,B1,1day,345,2023,0,244,0.537552486029531,0.5424135872063693,0.8086885860130271,0.705015329089969,0.6096706193602421,0.9806910607320599,0.44313857470252893
ES,GLOBEX,B1,1day,345,2023,1,60,-0.5098147396840791,-0.5101628939603754,0.33427391813753937,0.3343766337477019,0.5062016046199888,0.9765098172649743,1.4866727112253497
ES,GLOBEX,B1,1day,345,2023,2,122,0.4768909284928018,0.4077672556476552,0.8854348807816298,0.5202400085009901,0.5711797500704299,0.9476832275074736,0.5399159718598183
ES,GLOBEX,B1,1day,345,2023,3,62,0.3655816611325049,0.302146894939094,0.7155391352334761,0.35919814936738054,0.4227396259619836,0.9646584630541515,0.6625115681150575
ES,GLOBEX,B1,1day,1380,0,0,1953,0.8666203514951089,0.8780516725356751,1.0912916258034375,0.9977763961146608,0.8443091836344041,0.998068635425598,0.24698244216903342
ES,GLOBEX,B1,1day,1380,0,1,651,0.3538701840204221,0.3553356382493509,0.5529444770642646,0.4535843084523355,0.5342620704247485,0.9901058218378572,0.6362356378174352
ES,GLOBEX,B1,1day,1380,0,2,651,0.49380606291454376,0.4924132103465946,1.0231180843499466,0.740658312322854,0.49134776477653974,0.9880100269334956,0.5317703195734068
ES,GLOBEX,B1,1day,1380,0,3,651,0.7280775246909051,0.7631180208496943,1.1372114325333875,1.0349724021552509,0.8278753942514404,0.9965473009984933,0.4091339078424824
ES,GLOBEX,B1,1day,1380,2016,0,245,0.7933844962871152,0.8278531308718412,1.1158843720862366,1.0211541437442924,0.8891482122933853,0.9974297463968471,0.3224998757991214
ES,GLOBEX,B1,1day,1380,2016,1,90,0.6418129640220771,0.6733601932833088,2.6345319447558175,1.693435408522271,0.6804023083604184,0.9884123834538873,1.9927189807337404
ES,GLOBEX,B1,1day,1380,2016,2,103,0.4296881117075183,0.3740005437283146,4.88838362706677,1.213286158609367,0.5273779530737197,0.9845780194253541,4.514383083338456
ES,GLOBEX,B1,1day,1380,2016,3,52,0.34729696600135346,0.6086099444560598,0.8408486213280822,1.9299302275214991,0.7866990396843888,0.996329423060201,1.5826332615201457
ES,GLOBEX,B1,1day,1380,2017,0,243,0.5913959994822451,0.6816324795466182,1.5842001621601283,1.4120600944319266,0.5035767641077709,0.9894363734421479,1.0806233980523574
ES,GLOBEX,B1,1day,1380,2017,1,206,0.4655586661989566,0.4687909443744917,0.875651443298798,0.6898385403273857,0.45120573403749,0.9842093415486237,0.5330036075111337
ES,GLOBEX,B1,1day,1380,2017,2,35,0.04609809634394926,0.04214010890019931,0.19498479824119125,0.1950922557349284,0.07054297877784785,0.9766014553633903,0.934461346463191
ES,GLOBEX,B1,1day,1380,2018,0,243,0.9032443782447646,0.8935448218551897,1.4440650813914537,1.1290958103608522,0.8262277193263037,0.9978477383112596,0.61783736206515
ES,GLOBEX,B1,1day,1380,2018,1,78,0.6242071280701018,0.7088441880135727,2.151654198950799,1.8510098691294534,0.39305520569698765,0.9851895597878625,1.7585989932538115
ES,GLOBEX,B1,1day,1380,2018,2,84,0.47692076643037024,0.42467585540275615,0.9315833304569394,0.5162251997531881,0.6203739499212937,0.9894491871852763,0.5647733317825201
ES,GLOBEX,B1,1day,1380,2018,3,81,0.8572560735937869,0.9069416411481507,9.401791773887572,5.636608066031998,0.7703074536366198,0.9944282818716358,8.631484320250951
ES,GLOBEX,B1,1day,1380,2019,0,243,0.8530996466197991,0.8660132808321562,1.645880627722442,1.264789506014208,0.7658274118453527,0.9962858752360478,0.8800532158770893
ES,GLOBEX,B1,1day,1380,2019,1,98,0.4783552027850269,0.47676680049120357,1.13605551128493,0.7759580280179437,0.5599437672062471,0.9888493217763797,0.6592887107937264
ES,GLOBEX,B1,1day,1380,2019,2,92,0.7517148497060666,0.7243326051039373,22.683447513421953,2.442443050228003,0.6996963919268768,0.988906328387153,21.983751121495075
ES,GLOBEX,B1,1day,1380,2019,3,53,1.5061889139985671,1.329669737867254,-1.4518253263025125,-4.7620395337445105,0.58071823074023,0.9924684518449755,6.268228447743078
ES,GLOBEX,B1,1day,1380,2020,0,244,0.9295689413899775,0.9221516282898752,1.228016004386933,1.0557364873796837,0.9085364154952794,0.99871175785474,0.3194795888916536
ES,GLOBEX,B1,1day,1380,2020,1,30,0.10590714078500547,0.17706242306663816,0.25462950410483026,0.40804048029136103,0.5961795871050164,0.990627160514581,0.8847200197295755
ES,GLOBEX,B1,1day,1380,2020,2,73,0.5418012090569081,0.4904586530725212,-47.12354868070337,1.8319103015851892,0.44132323498828724,0.9868106130747295,48.95545898228856
ES,GLOBEX,B1,1day,1380,2020,3,141,0.8928705665351865,0.9372191215237397,1.3014023251191673,1.1647482011545789,0.9070230800863575,0.9981752585701701,0.40853175858398083
ES,GLOBEX,B1,1day,1380,2021,0,246,0.8612200764166014,0.861848743942668,2.0550694575215274,1.4132171538497071,0.7997298094075249,0.9971024737675466,1.2553396481140024
ES,GLOBEX,B1,1day,1380,2021,1,86,0.1259334120633533,0.08635426118481576,0.7706270999753646,0.09457362697417522,0.47981677032130193,0.9904576292288074,0.9041033680439916
ES,GLOBEX,B1,1day,1380,2021,2,100,1.2980924975450054,1.2973201798715275,-1.0397972781099958,-1.139339546031995,0.42139409751556806,0.9864214937068188,2.4374320435770005
ES,GLOBEX,B1,1day,1380,2021,3,60,0.8496268620457893,0.847997906294468,-0.6685020369575223,-0.668050816847818,0.5576902602718435,0.9920387715116888,1.6605408084692113
ES,GLOBEX,B1,1day,1380,2022,0,245,0.6855599364937118,0.6984589108009832,1.3779793207737854,1.0220665745382447,0.6722044356159793,0.9951089325442047,0.7057748851578061
ES,GLOBEX,B1,1day,1380,2022,2,42,-0.04314475017296249,-0.02726128537376499,-0.047206994871793,-0.02860448169781808,-0.43160204490316967,0.9736964641293825,1.4052985090325523
ES,GLOBEX,B1,1day,1380,2022,3,200,0.6799447243214808,0.6546007829635381,2.062756205302052,1.2101787395106367,0.5951473520592799,0.9929453698254044,1.4676088532427722
ES,GLOBEX,B1,1day,1380,2023,0,244,0.5926257651322688,0.6027178415756137,0.9223231366919281,0.7831613448947526,0.6083135056802136,0.994541179002945,0.4019154138706762
ES,GLOBEX,B1,1day,1380,2023,1,60,-0.41857070778704386,-0.41872607776990395,0.3103854739785795,0.3204741860553522,0.49807724453098745,0.99327362493612,1.411999702706024
ES,GLOBEX,B1,1day,1380,2023,2,122,0.5608798891026024,0.4654817117030908,1.0481606526714278,0.5642500306819925,0.6207664294370324,0.9849764477700522,0.5826789409683371
ES,GLOBEX,B1,1day,1380,2023,3,62,0.5333326272166949,0.48067394518299456,1.4863803624348575,0.764587215212995,0.49579905835307997,0.9902494905046573,1.0057064172518628
ES,GLOBEX,B1,1h,60,0,0,42966,1.4613615128025057,1.4610027341604008,-9.564091372997517,-50.6501997453205,0.9971362531033111,0.999987714118072,52.111561258123004
ES,GLOBEX,B1,1h,60,0,1,14322,1.6487445709812558,1.6357016608308337,-5.193354140644953,-9.528858856316846,0.9974034379585534,0.9999944869179593,11.177603427298102
ES,GLOBEX,B1,1h,60,0,2,14322,1.8879892009129573,1.8881144597452797,-3.5082628109429277,-4.256373046279265,0.9974971129411706,0.9999734996005759,6.144487506024545
ES,GLOBEX,B1,1h,60,0,3,14322,0.9295469829745332,0.9160790565246176,3.529710320749898,1.9508673126193632,0.9957051099506493,0.999965456302394,2.61363126422528
ES,GLOBEX,B1,1h,60,2016,0,5390,1.8741156282104925,1.8742250181186,-3.614637542503019,-4.419795631189479,0.997735926055714,0.999990147429426,6.294020649308079
ES,GLOBEX,B1,1h,60,2016,1,1980,1.8858397005297376,1.8860184236059954,-3.409674839453106,-4.25043188749095,0.9977860146347682,0.9999946778774098,6.1364503110969455
ES,GLOBEX,B1,1h,60,2016,2,2266,1.8893270834906362,1.8719971880254704,-3.5110228891517092,-4.2596147949047785,0.9975743452692315,0.9999836709423224,6.148941878395415
ES,GLOBEX,B1,1h,60,2016,3,1144,1.8745931756016665,1.874727777509556,-3.5154534511492854,-4.4205751266362,0.9977290191361475,0.9999724882339236,6.295302904145756
ES,GLOBEX,B1,1h,60,2017,0,5346,1.8723861602100509,1.872496463290897,-3.6113024689739355,-4.415671613637964,0.997651596033184,0.9999935297274741,6.288168076928861
ES,GLOBEX,B1,1h,60,2017,1,4532,1.8881464188400032,1.8708291776845014,-3.508683477171251,-4.256863758800084,0.9976300095309696,0.9999943454498598,6.145010177640088
ES,GLOBEX,B1,1h,60,2017,2,770,1.3896182806968262,1.0940050095657752,-5.950656768815173,3.2100250209864964,0.8342459787383874,0.999972386993433,9.16068178980167
ES,GLOBEX,B1,1h,60,2017,3,44,1.4300462379325827,1.1164023247893742,-11.503562608241129,2.590013623496796,0.8462605009265971,0.9731151437198494,14.093576231737925
ES,GLOBEX,B1,1h,60,2018,0,5346,1.4876654272999472,1.4659214707395787,-9.974716856255375,104.29049836897899,0.9972703070862257,0.9999859254162742,114.26521522523436
ES,GLOBEX,B1,1h,60,2018,1,1716,1.4309544376077905,1.401157047105655,-13.93246771946986,14.889633076917546,0.99711459177268,0.999994110493173,28.822100796387407
ES,GLOBEX,B1,1h,60,2018,2,1848,1.9018789345897773,1.884339817350666,-3.50046637909058,-4.246754669147997,0.9968701980256562,0.9999804527388387,6.148633603737774
ES,GLOBEX,B1,1h,60,2018,3,1782,1.1816397828102432,0.9656656414993975,4.869898551287379,1.633155103249704,0.8815970972683426,0.9771910856989566,3.988301454019037
ES,GLOBEX,B1,1h,60,2019,0,5346,1.9095670661074153,1.9096381233010864,-3.2247000956645797,-3.7344087196068245,0.9974796292849347,0.999982788541523,5.644046842907911
ES,GLOBEX,B1,1h,60,2019,1,2156,1.9608104280356227,1.9609654658418256,-2.959793632709641,-3.476302250864644,0.9972380342234052,0.9999921204257552,5.43726771670647
ES,GLOBEX,B1,1h,60,2019,2,2024,1.8877501253071347,1.88784403903235,-3.5092853139279003,-4.256525734618096,0.9974988628993652,0.9999498660638156,6.144369773650446
ES,GLOBEX,B1,1h,60,2019,3,1166,1.0464560089258665,0.8746251517455617,4.0449375139460875,1.5133169046132233,0.8230353142306782,0.9720576792120463,3.221902199715409
ES,GLOBEX,B1,1h,60,2020,0,5368,0.9741720481674397,0.9787642214346406,4.796809334468944,2.6094862225522424,0.9950150684228495,0.9999889574685673,3.822637286301504
ES,GLOBEX,B1,1h,60,2020,1,660,1.940450126630814,1.9407479294358818,-3.128905364013351,-3.8148117383959304,0.9977566028370347,0.9999945476825517,5.755559667831812
ES,GLOBEX,B1,1h,60,2020,2,1606,1.8861506706164168,1.8862957229022068,-3.5037647681606123,-4.2517331854276375,0.9976779851188519,0.9999794351609876,6.1380289083298445
ES,GLOBEX,B1,1h,60,2020,3,3102,0.9266995594712341,0.8293074493289475,2.3927319950567627,1.2645334483765618,0.9932943603784502,0.9999892645889972,1.5634245457278153
ES,GLOBEX,B1,1h,60,2021,0,5412,1.4780446580350886,1.4563864545549554,-9.996065925323245,104.4534474559573,0.9974771437870301,0.9999830948097562,114.44951338128055
ES,GLOBEX,B1,1h,60,2021,1,1892,1.5212432006170693,1.4873698751174467,-7.891365639089935,-104.62344311180343,0.9971413471484387,0.9999941671316781,106.14468631242049
ES,GLOBEX,B1,1h,60,2021,2,2200,1.0621099742066702,0.8497079522666692,12.879721311166506,1.8148789032017518,0.8100825236683945,0.9645016941478595,12.06963878749811
ES,GLOBEX,B1,1h,60,2021,3,1320,1.059632248347746,0.9102399566958694,4.675664623944057,1.6760174804986998,0.8530135186772225,0.970089168247806,3.822651105266834
ES,GLOBEX,B1,1h,60,2022,0,5390,1.87296908807498,1.8730824499605025,-3.612398030918872,-4.417137711677674,0.9976889146750954,0.9999808993544242,6.290220161638177
ES,GLOBEX,B1,1h,60,2022,1,66,2.218843607941465,2.1959312265398725,-2.137928250500418,-2.6566453748829617,0.9978465156972286,0.9999992041494106,4.875488982824427
ES,GLOBEX,B1,1h,60,2022,2,924,1.9287123681089122,1.9289829239354788,-3.217653155152147,-3.950764795431443,0.9977447386686948,0.9999923645130744,5.879747719366922
ES,GLOBEX,B1,1h,60,2022,3,4400,1.8747529190395966,1.8748432122876912,-3.6169882703128406,-4.422026277481609,0.997510682925665,0.9999454685503938,6.2968694897693
ES,GLOBEX,B1,1h,60,2023,0,5368,1.514913154067984,1.492171125714735,-8.442555276010724,-52.44425967532595,0.9975877925119939,0.9999854620117974,53.959172829393935
ES,GLOBEX,B1,1h,60,2023,1,1320,1.5380085444216745,1.5037962143323533,-6.942746226599999,-52.366860488004654,0.9970211167354875,0.9999960293299396,53.904869032426326
ES,GLOBEX,B1,1h,60,2023,2,2684,1.8592138030967766,1.859304925964702,-3.620533640242581,-4.426500189789762,0.9975586123529651,0.999934875999321,6.285805115754464
ES,GLOBEX,B1,1h,60,2023,3,1364,1.3733924020235504,1.03672849302589,-31.161750814933594,2.1839875769291766,0.9036987353967495,0.98085424783489,33.34573839186277
ES,GLOBEX,B1,30min,30,0,0,87885,1.1975854265637633,1.076297413166355,3.3762076166280988,1.7300281793288719,0.9949814656428274,0.999988151495518,2.3812261509852712
ES,GLOBEX,B1,30min,30,0,1,29295,1.2532509046234166,1.104094091908767,3.9199214084732446,1.8320700237607248,0.992916246171889,0.9999949448944958,2.9270051623013558
ES,GLOBEX,B1,30min,30,0,2,29295,1.2896073598435658,1.1083835940991942,4.814787614551481,1.9099450232128292,0.9954150837815912,0.9999756116303,3.81937253076989
ES,GLOBEX,B1,30min,30,0,3,29295,0.9524892691373543,0.9471074218562334,1.854521067729333,1.358000255483019,0.9955960985937835,0.9999440043218942,0.9074136458730995
ES,GLOBEX,B1,30min,30,2016,0,11025,1.3098599762892804,1.1254750387126764,4.891919784266919,1.9394720223404667,0.9933092410189787,0.9999926033855899,3.89861054324794
ES,GLOBEX,B1,30min,30,2016,1,4050,1.3065040404968187,1.1322594263196324,4.875347651805332,1.9356961058146458,0.9907625202507191,0.9999960346305516,3.884585131554613
ES,GLOBEX,B1,30min,30,2016,2,4635,1.3086678521415143,1.1246295653844753,4.886488783061001,1.9379409160496024,0.9943245066507527,0.9999886591624464,3.892164276410248
ES,GLOBEX,B1,30min,30,2016,3,2340,1.3103073703368437,1.125828016574637,4.893643154054394,1.9401253155229745,0.994571953611132,0.9999674254575766,3.899071200443262
ES,GLOBEX,B1,30min,30,2017,0,10935,1.2784717352061892,1.0986098445336816,4.774277387214507,1.8931430910887497,0.9898931754675139,0.999996085507493,3.7843842117469935
ES,GLOBEX,B1,30min,30,2017,1,9270,1.2774551593490646,1.0979709629752068,4.7692712876878725,1.8919923270544021,0.9894294393143215,0.9999964755394579,3.779841848373551
ES,GLOBEX,B1,30min,30,2017,2,1575,0.9386359259563642,0.9188500432093082,2.125632804438516,1.4129977813128394,1.0375612986330331,0.9999908046446742,1.2067827612292081
ES,GLOBEX,B1,30min,30,2017,3,90,0.9321125602461006,0.8471981003865927,1.8497348777929188,1.1482786519882378,0.9004882136188774,0.9562326548887264,1.002536777406326
ES,GLOBEX,B1,30min,30,2018,0,10935,1.1897263077331168,1.0681025420836106,3.2219689609875,1.6771330095762729,0.9941245569352569,0.9999863472588462,2.2278444040522434
ES,GLOBEX,B1,30min,30,2018,1,3510,1.1916004443380679,1.0835409704890233,3.0325582776240503,1.65050557769298,0.9942608795253101,0.9999939611701397,2.03829739809874
ES,GLOBEX,B1,30min,30,2018,2,3780,1.2281655632325779,1.0557152297219827,4.544750130475807,1.804786151070732,0.9938708189474598,0.9999831075306608,3.550879311528347
ES,GLOBEX,B1,30min,30,2018,3,3645,0.8966383810795189,0.9161213215318841,1.4885005862610199,1.2093364198422507,0.1753304605638909,0.9994799364067994,1.313170125697129
ES,GLOBEX,B1,30min,30,2019,0,10935,1.3114867037641142,1.1422003124891216,5.286131688697278,2.0659435209327315,0.9935983465681959,0.999981385210857,4.292533342129082
ES,GLOBEX,B1,30min,30,2019,1,4410,1.3106719751096858,1.1512257029039312,5.514808861646736,2.111928719335662,0.9927812476335661,0.9999909576504974,4.52202761401317
ES,GLOBEX,B1,30min,30,2019,2,4140,1.3080309292003571,1.1240630493979373,4.884404962296913,1.9369467372153903,0.9945069648823427,0.9999576213960906,3.8898979974145704
ES,GLOBEX,B1,30min,30,2019,3,2385,0.8250637728251382,0.8778070068472741,1.4530324460485862,1.234872346447918,0.8939399122874139,0.9996560494536413,0.627968673223448
ES,GLOBEX,B1,30min,30,2020,0,10980,1.001363367765242,0.9748551559941925,2.1671737532913036,1.4525219045809306,0.9951489094388073,0.999981078776578,1.192318597297111
ES,GLOBEX,B1,30min,30,2020,1,1350,1.3181587751929855,1.134561266281321,5.338919621614499,1.9812615662334663,0.9946853809062244,0.9999916107778367,4.344234240708275
ES,GLOBEX,B1,30min,30,2020,2,3285,1.3071884607112854,1.1325953491114977,4.879299135217538,1.9363176365302834,0.9953779242102598,0.9999652984710963,3.8839212110072783
ES,GLOBEX,B1,30min,30,2020,3,6345,0.8548217763135029,0.8803323439621471,1.3638278123642462,1.1631023889319918,0.9950506331938541,0.9999806311691887,0.5090060360507433
ES,GLOBEX,B1,30min,30,2021,0,11070,1.2123986945590879,1.0879262971570176,3.2844231846170984,1.7082950035642668,0.9964627642624816,0.9999748433561384,2.287960420354617
ES,GLOBEX,B1,30min,30,2021,1,3870,1.2242330266799357,1.0907424558651375,3.378707039542236,1.6987007001649694,0.9968622262545555,0.9999908584936258,2.381844813287681
ES,GLOBEX,B1,30min,30,2021,2,4500,0.795151097005909,0.8913531846740332,1.611386140652862,1.429728452005219,0.5891710071257544,0.999677137097315,1.0222151335271077
ES,GLOBEX,B1,30min,30,2021,3,2700,0.8560323356297983,0.9034980208650628,1.5466968341917744,1.2835760700757517,0.8041863335593935,0.9996149558787826,0.7425105006323809
ES,GLOBEX,B1,30min,30,2022,0,11025,1.3092549815273673,1.1250099708107153,4.889455563614331,1.9386527809822902,0.9976842811650204,0.9999680500708151,3.8917712824493105
ES,GLOBEX,B1,30min,30,2022,1,135,1.3693769911588534,1.148914815203743,7.200717708742056,2.1074513680094094,0.9978030945443968,0.9999986691787051,6.20291461419766
ES,GLOBEX,B1,30min,30,2022,2,1890,1.3220034248186932,1.1282740207950503,5.091390602117585,1.9860195384177919,0.9977344784541052,0.9999872809279807,4.09365612366348
ES,GLOBEX,B1,30min,30,2022,3,9000,1.310207264835662,1.1255386032805577,4.894475459347624,1.9396106517225318,0.997538779417829,0.9999086994921174,3.896936679929795
ES,GLOBEX,B1,30min,30,2023,0,10980,1.2205749993003112,1.0968853991968621,3.368398461697997,1.6944713798569089,0.9976109926484472,0.9999767294576334,2.37078746904955
ES,GLOBEX,B1,30min,30,2023,1,2700,1.2190108846205332,1.0964990426384238,3.3609341426998993,1.6938499245097023,0.9973619124627763,0.9999936615687142,2.363572230237123
ES,GLOBEX,B1,30min,30,2023,2,5490,1.300475583257763,1.126257224935289,4.900101884446901,1.9409321478475632,0.9975296260868931,0.9998905550625474,3.9025722583600078
ES,GLOBEX,B1,30min,30,2023,3,2790,0.9802371904532227,0.9793722894642908,1.8660425477792772,1.3651900687655851,0.8952285618680483,0.9654567349884129,0.9708139859112289
ES,RTH,B0,1day,13,0,0,1901,0.740623591771328,0.7666050974340806,0.946581672988033,0.8853782311208318,0.8072746276345559,0.9138793091954118,0.205958081216705
ES,RTH,B0,1day,13,0,1,634,0.3623412799166908,0.3887318926370562,0.647793365442276,0.5892966139081531,0.32124499569268744,0.6954465655979463,0.3742015699052588
ES,RTH,B0,1day,13,0,2,633,0.1099782743137187,0.23796255252256518,0.3121449856235085,1.5599555276508597,-1.6057069248228528,0.3830980405142914,3.1656624524737125
ES,RTH,B0,1day,13,0,3,634,0.5664363260230554,0.5840559218342444,0.9189434779106453,0.7507263265359196,0.296462559727473,0.7583462700509788,0.6224809181831723
ES,RTH,B0,1day,13,2016,0,239,0.6297560039646342,0.6862556917235311,0.9806052243768406,0.9144000759121858,0.7577569860141091,0.873730401928257,0.35084922041220645
ES,RTH,B0,1day,13,2016,1,91,0.28562489499396465,0.19516232510639875,0.9958101098737672,0.2063744840868906,-0.02641632911111973,0.5562618755372553,1.022226438984887
ES,RTH,B0,1day,13,2016,2,101,0.09132305193881307,0.07204927045530912,0.10120598977258458,0.189209908392715,-1.799818229679173,0.2526927476979961,2.0525109773771693
ES,RTH,B0,1day,13,2016,3,47,0.7031988476504464,0.7047133777359956,-0.47090601410227945,-0.728862039325875,0.043781490200600744,0.6340783627628559,1.4335754170618706
ES,RTH,B0,1day,13,2017,0,237,0.47457495868524946,0.5434691669433656,1.3772513886086477,1.1355488071049624,0.6424722081057659,0.8182269570258626,0.9026764299233982
ES,RTH,B0,1day,13,2017,1,194,0.4550787992567439,0.4991448439100207,1.2115242304245113,1.0163026910024373,0.4649607833021407,0.7295949936687307,0.7564454311677674
ES,RTH,B0,1day,13,2017,2,38,-0.4366774014203657,-0.42952662457838475,0.7965049244773775,0.5732333753214702,-2.944411417075584,0.5952007458392242,3.7409163415529614
ES,RTH,B0,1day,13,2018,0,236,0.829136142970245,0.8708136550708404,1.2983805169716027,1.1095174738416118,0.8496706510971782,0.9037779913029378,0.46924437400135777
ES,RTH,B0,1day,13,2018,1,75,0.21398371444300626,0.30223938742240786,0.5364853661008829,0.642632747365646,-0.0407602824670414,0.4433592866681825,0.6833930298326875
ES,RTH,B0,1day,13,2018,2,78,0.07762052246733653,0.07797992570279025,-0.40802711765169,-0.40785322645636096,-1.5888295895596884,0.36011783225012806,1.9489474218098164
ES,RTH,B0,1day,13,2018,3,83,0.9069119214357971,0.9280790620501972,-7.117867246642931,-5.01995571826367,0.43638511367209265,0.7082361535843579,8.045946308693129
ES,RTH,B0,1day,13,2019,0,237,0.6061842125509069,0.5699761818030821,1.0568813938528954,0.752578879144613,0.6803413125743498,0.8826981735158681,0.4869052120498133
ES,RTH,B0,1day,13,2019,1,105,0.1154654598900555,0.09707264101861253,0.2799350832318928,0.18047482001578566,0.15536231088568414,0.7197121737696628,0.6226395327510502
ES,RTH,B0,1day,13,2019,2,82,0.7287716794283118,0.7294106964011202,-0.5617227733979184,-0.5619283987954874,-1.7220748320725314,0.41357154601640334,2.4514855284736514
ES,RTH,B0,1day,13,2019,3,50,0.6078563918326647,0.6086732828364467,-0.3885989788827959,-0.4634026299175587,-1.753915468362252,0.389661695486449,2.3625887511986985
ES,RTH,B0,1day,13,2020,0,239,0.7545582472899482,0.7471722319564492,1.0135658268708991,0.8697499688878516,0.8419410187199289,0.9240500837316298,0.2663935949144499
ES,RTH,B0,1day,13,2020,1,37,-0.12427068285070311,-0.14373594860337865,-0.16143726984413084,-0.15301655634634598,0.32772381744560425,0.7377224462185914,0.8991597160627223
ES,RTH,B0,1day,13,2020,2,78,0.10603325515029294,0.23154298536501536,0.36738744157650255,-6.230239000118555,-1.5334846102920066,0.21985154309170796,6.597626441695057
ES,RTH,B0,1day,13,2020,3,124,0.7333037880538055,0.7768586280374469,1.0341088017426956,0.9493921869298891,0.7311320578148428,0.8701078978992309,0.3029767439278528
ES,RTH,B0,1day,13,2021,0,239,0.7303727463840469,0.7345713478663803,1.8126305902623099,1.2082536525980436,0.7443717198356726,0.8820922496656405,1.082257843878263
ES,RTH,B0,1day,13,2021,1,89,0.45865649778368495,0.4463484248927015,1.599371538430419,0.8580978326123199,0.1299969646103842,0.6482610246307974,1.4693745738200348
ES,RTH,B0,1day,13,2021,2,92,0.4033325130573621,0.40326632658819095,-0.3211326771497782,-0.3213680360942184,-1.531849448540733,0.5176046995986671,2.0494541481394
ES,RTH,B0,1day,13,2021,3,58,0.16151706955789008,0.10654750143697791,0.27000861901582535,0.11695020617699807,-0.3274486438975279,0.6790215828704158,1.0064702267679437
ES,RTH,B0,1day,13,2022,0,238,0.4835086666850491,0.45026135959650404,0.812680341568167,0.573883378004724,0.41798305711579886,0.7981583836662228,0.3946972844523682
ES,RTH,B0,1day,13,2022,2,42,-0.009993754995864856,-0.019662762819585032,0.18036117517423517,0.18029988600308758,-1.3845940668886902,0.17423227413337905,1.5649552420629254
ES,RTH,B0,1day,13,2022,3,194,0.4244716471696383,0.3636015686379079,0.9377031527896014,0.47478106925380353,-0.00525420190642284,0.6970158600548101,0.9429573546960242
ES,RTH,B0,1day,13,2023,0,236,0.4897260817714113,0.4743718131486218,0.8327407859885404,0.6436287383660064,0.3853331915724719,0.7774867547405286,0.4474075944160685
ES,RTH,B0,1day,13,2023,1,41,0.5812206561154677,0.5806780667133026,-0.4294320190297546,-0.37211437394007596,0.023020917857763435,0.44163740256494155,1.0106526751452223
ES,RTH,B0,1day,13,2023,2,122,0.1632780237020042,0.15790568208765182,0.3463972986867756,0.2361645761207944,-1.619665725321406,0.024265181697254112,1.9660630240081816
ES,RTH,B0,1day,13,2023,3,73,0.39368312451922816,0.31043608598340544,-1.0582435846106775,0.8305776909714251,-1.789494060789972,0.37654415597558,2.6200717517613974
ES,RTH,B0,1day,26,0,0,1901,0.7902014678121799,0.8070289196308673,0.9798544618112076,0.9170317201007231,0.8597806138464846,0.9476950717099173,0.18965299399902769
ES,RTH,B0,1day,26,0,1,634,0.4519871848094561,0.4765205304352149,0.681718446517359,0.6076073821023339,0.5961318139444571,0.8001724119935533,0.34818522718409717
ES,RTH,B0,1day,26,0,2,633,0.23685201279730744,0.277539983779017,0.413340199746378,0.46690149922113827,0.014015406881495536,0.7147928011320085,0.700777394250513
ES,RTH,B0,1day,26,0,3,634,0.6227549751955782,0.664649966984505,1.0449430330416962,0.8931470036208571,0.5498964038622848,0.8669571231667957,0.49504662917941145
ES,RTH,B0,1day,26,2016,0,239,0.669036038269436,0.704981459834043,1.059520155718485,0.923154818793674,0.8362995219866803,0.9251018459458806,0.390484117449049
ES,RTH,B0,1day,26,2016,1,91,0.291570399839133,0.2650082538237517,1.0144041007370697,0.49707206962610345,0.614625409795844,0.7723981403368166,0.749395846913318
ES,RTH,B0,1day,26,2016,2,101,0.08278968567633689,0.08026554270221815,0.09234969164710571,0.1495801255113384,-0.18842554045638288,0.6030941209703684,0.7915196614267512
ES,RTH,B0,1day,26,2016,3,47,0.6235862325893241,0.41067102107694387,-6.269352760800921,1.2283443387462685,0.5059238653739528,0.7902375936010608,7.49769709954719
ES,RTH,B0,1day,26,2017,0,237,0.45367350294468334,0.5276664580877288,0.9327739332726016,0.8669857431454977,0.682936855173057,0.8657908916531383,0.47910043032791827
ES,RTH,B0,1day,26,2017,1,194,0.48234862666720985,0.516898083991329,0.9121015512664156,0.7349542878908305,0.5732061725031523,0.7771625375730954,0.4297529245992057
ES,RTH,B0,1day,26,2017,2,38,-0.1999594348074331,-0.07860269277532478,-9.253078654793972,-0.15567383078900932,-0.8686812517480639,0.42886008378657825,9.68193873858055
ES,RTH,B0,1day,26,2018,0,236,0.8682735456788174,0.914406301490022,1.3780602897923784,1.1455468938109619,0.9184398982649451,0.9484044308967813,0.509786744113561
ES,RTH,B0,1day,26,2018,1,75,0.46684244216217796,0.4585481724352931,1.2390300152774574,0.7762301132474845,0.7488032843188592,0.7145139400086286,0.7804818428421643
ES,RTH,B0,1day,26,2018,2,78,0.49706136204025303,0.44280912827496105,1.272796412231299,0.723685294077289,0.17348174207588,0.6915190811776268,1.0993146701554188
ES,RTH,B0,1day,26,2018,3,83,1.314945635054479,1.3394044241380825,-4.087475878017874,-2.3110798677042013,0.6246075944743933,0.8430793366984269,5.426880302155956
ES,RTH,B0,1day,26,2019,0,237,0.6763724224486742,0.6569617414068836,1.1564514385928286,0.859804155912155,0.714805750417519,0.9120332571083566,0.49948969718594505
ES,RTH,B0,1day,26,2019,1,105,0.3664247613041697,0.3968483498128286,0.8309640218288267,0.6672755430939034,0.43783569180685983,0.7669977295924547,0.464539260524657
ES,RTH,B0,1day,26,2019,2,82,0.4758974681694863,0.47548951242663373,-0.34767773567564586,-0.3477405675849654,-0.6565446604399274,0.6955676970789804,1.3521123575189078
ES,RTH,B0,1day,26,2019,3,50,0.6028244320012026,0.4873936335266645,-3.0240771368770414,2.065504325913325,-0.5474271982030333,0.6837395716840508,5.089581462790367
ES,RTH,B0,1day,26,2020,0,239,0.8207031837929943,0.8064914264517544,1.120249901054942,0.9386989541657036,0.9066649990023193,0.9570032091499717,0.3137584746031876
ES,RTH,B0,1day,26,2020,1,37,-0.041096885961706936,-0.039167613876859485,-0.15528733512084686,-0.155603866076827,-0.10458945768499267,0.7875836358709503,0.9431875019477772
ES,RTH,B0,1day,26,2020,2,78,0.22940936708351947,0.5198372716076336,0.7434973546112631,3.8790145991032468,0.28758733046565266,0.7447812532236928,3.649605232019727
ES,RTH,B0,1day,26,2020,3,124,0.7515891138739708,0.8410574586298161,1.128665220598484,1.0817392200402138,0.8324512598544166,0.9272029405729184,0.3770761067245132
ES,RTH,B0,1day,26,2021,0,239,0.6800918017489203,0.7711145213257974,1.7171832477761164,1.447519840764341,0.786417638300156,0.9287065373292809,1.0370914460271963
ES,RTH,B0,1day,26,2021,1,89,0.2998920317621061,0.2605761406921434,0.5580577276772397,0.3536301573197768,0.4997954812904611,0.7752138525314197,0.5146377118392763
ES,RTH,B0,1day,26,2021,2,92,-0.022042260337642047,-0.018524826413983553,-0.11413414974135941,-0.11446738768938819,-0.007916075072784867,0.768031725194357,0.8824991128837452
ES,RTH,B0,1day,26,2021,3,58,0.27539234346596747,0.2524484104097485,-1.892303778803811,0.790767211138144,-0.019144217036587495,0.7585596295535377,2.683070989941955
ES,RTH,B0,1day,26,2022,0,238,0.6280514831868859,0.6161412186188853,1.2519785859940673,0.8670672523558276,0.47126244546998153,0.8587727335916907,0.7807161405240858
ES,RTH,B0,1day,26,2022,2,42,0.9373756629701762,0.8937800866413844,-0.70614832489072,-1.0236763244772744,0.19441296614079026,0.5695711969923665,1.9610519874474506
ES,RTH,B0,1day,26,2022,3,194,0.5758883002821972,0.5081993851875691,1.7623439258916846,0.8275300501994773,0.19179445328988498,0.819939691196696,1.5705494726017997
ES,RTH,B0,1day,26,2023,0,236,0.5105123389354115,0.47810026410614204,0.7856401698894981,0.5703794049539984,0.4968309470302526,0.8505495873786391,0.372449323272497
ES,RTH,B0,1day,26,2023,1,41,0.8618154315886354,0.8229182048835091,-1.8737512866264125,-3.45331310620196,0.5502165746055621,0.7044309436979157,4.315128537790596
ES,RTH,B0,1day,26,2023,2,122,0.2332764152081662,0.1773477866082868,0.7067552564155678,0.31226394051335377,-0.17082035316541286,0.6191162960700256,0.8775756095809807
ES,RTH,B0,1day,26,2023,3,73,0.3344766320679674,0.26626914961491294,2.168805609147021,0.4157959367024387,-0.3722835080982897,0.7284250259709943,2.5410891172453107
ES,RTH,B0,1day,78,0,0,1901,0.8167220500301843,0.8452507189583072,1.0278961092687615,0.9605101940997312,0.8954157188692248,0.9789510409348262,0.21117405923857724
ES,RTH,B0,1day,78,0,1,634,0.48397304415759224,0.4949969720933459,0.6934792121730724,0.6209202492779986,0.6993449962568011,0.9087020741910101,0.4247290300334179
ES,RTH,B0,1day,78,0,2,633,0.3777557396458182,0.4550778856871706,0.733658260218313,0.7734775627069667,0.4429093218846613,0.8886180062023462,0.510862266556528
ES,RTH,B0,1day,78,0,3,634,0.6533318499920718,0.6830951140110906,1.0759399000622554,0.8944126761002469,0.6966819926778375,0.9519474124003813,0.42260805007018354
ES,RTH,B0,1day,78,2016,0,239,0.7306900209233514,0.7752926332989998,1.099149968057203,1.0061855622645863,0.898040960879823,0.9701334096249787,0.36845994713385155
ES,RTH,B0,1day,78,2016,1,91,0.4094904875562663,0.37540735629671007,1.1649997475678928,0.6099210060076345,0.7941606366604421,0.9002485103661264,0.7895923912711827
ES,RTH,B0,1day,78,2016,2,101,0.17516191065599945,0.2562495153401837,0.3159544381690284,0.5366488705606527,0.24701411902270204,0.8626401959547433,0.6874782852987438
ES,RTH,B0,1day,78,2016,3,47,0.660229869490566,0.46856800477709293,3.2910255286498824,0.8888130650207234,0.7261360794269087,0.9316217368284772,2.8224575238727896
ES,RTH,B0,1day,78,2017,0,237,0.5460431690668862,0.6371100819126355,1.2286099584937542,1.111136854272405,0.7464637977106463,0.9336631883327478,0.682566789426868
ES,RTH,B0,1day,78,2017,1,194,0.4754560698747958,0.5286776411175291,0.8333649350951995,0.7442477220915964,0.655567126655292,0.8894755305269377,0.41401946065214196
ES,RTH,B0,1day,78,2017,2,38,-0.030596292613594037,-0.05845766925883401,-0.034231385979967006,-0.14367577371350698,-0.04065050432609746,0.8143664937292292,0.9580422674427362
ES,RTH,B0,1day,78,2018,0,236,0.908767386773217,0.9104542755994163,1.4030797397846029,1.1504037290705436,0.919870574245351,0.9795825874370896,0.4943123530113859
ES,RTH,B0,1day,78,2018,1,75,0.5370688853215768,0.5438300732320439,1.4806152265819656,0.9892642468078021,0.7450315729359036,0.8664965979106977,0.9435463412603888
ES,RTH,B0,1day,78,2018,2,78,0.29459907104986344,0.3085113460862888,0.5449842540997508,0.4543770090089458,0.5142690462683922,0.8805588422085631,0.5859597711586997
ES,RTH,B0,1day,78,2018,3,83,0.8378415037778624,0.8568130070193444,-34.15025650611773,67.48606693876457,0.6534883499485911,0.939879792021253,101.6363234448823
ES,RTH,B0,1day,78,2019,0,237,0.7289660519201876,0.7218549428649026,1.2635515664515642,0.9537555926642907,0.7761805859764465,0.9625339817138404,0.5416966235866616
ES,RTH,B0,1day,78,2019,1,105,0.3935036836704684,0.3878588866730092,0.845430724111756,0.607081242207667,0.5744900580655817,0.9045725121726039,0.5167136254995948
ES,RTH,B0,1day,78,2019,2,82,0.6249966294583434,0.6617266368883518,-4.6512412300279555,48.381867472502115,0.13554005881290962,0.8509578085947052,53.03310870253007
ES,RTH,B0,1day,78,2019,3,50,0.5848831494508043,0.45139771318955074,-1.2498180655700808,3.0403393958241174,0.1380428403213944,0.8992563019461323,4.290157461394198
ES,RTH,B0,1day,78,2020,0,239,0.8415018679252183,0.8436066277999279,1.1283401112572051,0.9904477547327059,0.9480895548519153,0.983297321081307,0.2868382433319868
ES,RTH,B0,1day,78,2020,1,37,0.27963561513424284,0.059868738602473055,-0.249611155988042,0.06505712258746636,0.3243310866340732,0.8967695012701605,1.1463806572582025
ES,RTH,B0,1day,78,2020,2,78,0.43649987113176086,0.49181679872098183,1.4184785674690905,1.1049030024744533,0.6761383407699525,0.9090499163868693,0.9819786963373296
ES,RTH,B0,1day,78,2020,3,124,0.797589344616159,0.8546790674529823,1.1797835888930244,1.0994110491991802,0.9224185465870678,0.9740865907041429,0.3821942442768653
ES,RTH,B0,1day,78,2021,0,239,0.7595333190584003,0.8094366988351693,1.8166675659549305,1.38711066780837,0.8236560644973263,0.9696464999343313,1.0571342468965303
ES,RTH,B0,1day,78,2021,1,89,0.4308260275011215,0.37305530416261456,0.7776735468788015,0.45188957848186045,0.6312750033802921,0.8799831110556747,0.5069278068930602
ES,RTH,B0,1day,78,2021,2,92,0.8114294443271414,0.8117487390097416,-0.5456805963285138,-0.5459955186612371,0.23742663855607998,0.8866621770126619,1.432657695673899
ES,RTH,B0,1day,78,2021,3,58,0.38592736199030575,0.4419049943705354,2.5318386731173503,1.5382215997295525,0.3602950658487952,0.9148194324069306,2.171543607268555
ES,RTH,B0,1day,78,2022,0,238,0.6406197686594556,0.6394834324878962,1.216679208152514,0.9089074145211912,0.5903918832959836,0.9410056321122484,0.6262873248565304
ES,RTH,B0,1day,78,2022,2,42,1.114327159882897,1.1164689142404427,-0.7057009457414544,-0.73999005855826,0.6471912287527183,0.8440832359916385,1.8564589727987029
ES,RTH,B0,1day,78,2022,3,194,0.5869324543264444,0.5637800688432024,1.6976814042104034,0.9529587342029842,0.429281337598938,0.9257767004191847,1.2684000666114654
ES,RTH,B0,1day,78,2023,0,236,0.5809173623952226,0.5485602231366493,0.8470358970718253,0.6610739321749864,0.5794050930618395,0.9381862201780377,0.38962599704138834
ES,RTH,B0,1day,78,2023,1,41,0.4362279307839887,0.4366619944915633,-0.3196329296458585,-0.3656450324783793,0.5931805011572626,0.8687361215614753,1.2343811540398546
ES,RTH,B0,1day,78,2023,2,122,0.4930285805984745,0.36076728314383083,1.1444674940950565,0.45265301589075324,0.32043227323024626,0.8599894506351728,0.8240352208648103
ES,RTH,B0,1day,78,2023,3,73,0.28542061080959297,0.2711389322440661,0.5536680233506429,0.34224582912932044,-0.09584266005569572,0.8764356526512113,0.972278312706907
ES,RTH,B0,1day,195,0,0,1901,0.8377223617400174,0.8677036081943155,1.0543259993719836,0.9860351816087762,0.9071554284350487,0.9906552670120772,0.21660363763196622
ES,RTH,B0,1day,195,0,1,634,0.5085825760818744,0.5426104413398091,0.7927137827010806,0.7423968486716406,0.7412163291260323,0.9539289040521878,0.44534632797031337
ES,RTH,B0,1day,195,0,2,633,0.38657983999739204,0.46142002790688214,0.6794123840904871,0.7346745024397974,0.5603704182086124,0.9483517705519419,0.5617719305545499
ES,RTH,B0,1day,195,0,3,634,0.6974577623690582,0.7399621002649635,1.1289775613916728,0.985685990136542,0.7507700194456483,0.9802384315009346,0.4315197990226146
ES,RTH,B0,1day,195,2016,0,239,0.7844683739628389,0.8216144482482,1.1434455324691364,1.0212529573935898,0.9019109401057431,0.9861891528654713,0.3589771585062975
ES,RTH,B0,1day,195,2016,1,91,0.4997812343726276,0.4535837672134709,1.436229059930014,0.7259149162651487,0.8440371924222716,0.9397995235549709,0.9826452927165432
ES,RTH,B0,1day,195,2016,2,101,0.15961280016344429,0.17510489557210365,0.1901814362871313,0.26663398804824967,0.19886565386695565,0.9269103027715364,0.7672975026080922
ES,RTH,B0,1day,195,2016,3,47,0.8174537472930762,0.6949402251757071,2.8405433367377992,1.257072297181696,0.7992566807832948,0.9712220177618484,2.1456031115620924
ES,RTH,B0,1day,195,2017,0,237,0.5695043635973787,0.6851493998401067,1.468694653383807,1.3927030283712214,0.7641771178328154,0.9680306566785403,0.8991902897864283
ES,RTH,B0,1day,195,2017,1,194,0.4950797362715065,0.57730816696512,0.9496917585858202,0.9128751968037081,0.6664909236553779,0.944778472117666,0.45461202231431375
ES,RTH,B0,1day,195,2017,2,38,-0.04445083587768836,-0.04050493041161303,-0.05643640713953669,-0.043815447815820155,0.15024083172451871,0.9178858648542598,0.9743222719937965
ES,RTH,B0,1day,195,2018,0,236,0.9113095225720835,0.9245059773660781,1.4515336399163945,1.158325859703279,0.928881098288193,0.9908751221435063,0.540224117344311
ES,RTH,B0,1day,195,2018,1,75,0.43453096612909886,0.49804202542601983,0.9953263990571598,0.9108767319775718,0.8001218225671964,0.9318577023288344,0.5607954329280609
ES,RTH,B0,1day,195,2018,2,78,0.30719282982065743,0.40626507547750107,0.6085113950388864,0.7522792207320318,0.5610299282140312,0.9464030854220322,0.6392102556013748
ES,RTH,B0,1day,195,2018,3,83,0.8694499507577338,0.9021393972157931,35.17214168271266,70.87491325614319,0.7195605766617204,0.9741589920364934,70.15535267948147
ES,RTH,B0,1day,195,2019,0,237,0.7539742339122738,0.747836002164209,1.3860873503546112,1.0424221127862114,0.7918190566681832,0.9833224632055286,0.6382513481904022
ES,RTH,B0,1day,195,2019,1,105,0.5385939557894068,0.5132538207145987,1.9534705370475478,1.051036124208296,0.6695735328721858,0.9565522137324283,1.4402167163329491
ES,RTH,B0,1day,195,2019,2,82,0.3499883082572703,0.3885273671412673,2.3599744099000075,1.3006616598701872,0.341037865122265,0.9399376491382818,2.0189365447777425
ES,RTH,B0,1day,195,2019,3,50,0.7051703355079252,0.5312604233763859,-1.9689007636807334,1.5197999946287462,-0.001408286101632726,0.9503138555596743,3.48870075830948
ES,RTH,B0,1day,195,2020,0,239,0.8655389188640366,0.8579316983019137,1.1604331436202655,0.9909617151339645,0.9603959784635917,0.9926365299750359,0.30250144531835177
ES,RTH,B0,1day,195,2020,1,37,0.39141476736051156,0.3904291142789315,-0.32040488309317944,-0.31984253838860205,0.51285441839228,0.932546964506276,1.2529518475994554
ES,RTH,B0,1day,195,2020,2,78,0.4702282368416671,0.5206025411560224,1.5000384388410137,1.1421974824510748,0.7190000135251307,0.9510609095653374,1.0298102019993467
ES,RTH,B0,1day,195,2020,3,124,0.7954830240173827,0.8768523002992404,1.174058532819142,1.1183390003298255,0.9450050654320796,0.9894369582332068,0.3785755088017593
ES,RTH,B0,1day,195,2021,0,239,0.7867832395579085,0.838715828739294,1.816346475061062,1.3961412509979731,0.8671879259169812,0.9858661677670489,1.0295632355031534
ES,RTH,B0,1day,195,2021,1,89,0.4700974059157853,0.4218358282911399,1.1777812511416321,0.6219380928891376,0.6800527719749063,0.946054064830673,0.7559454228504923
ES,RTH,B0,1day,195,2021,2,92,0.8507731339274193,0.8514737424974339,-0.5742309814424826,-0.5744503312439003,0.6038867787831177,0.9519810714309584,1.5264314026748589
ES,RTH,B0,1day,195,2021,3,58,0.4407306638938081,0.42507090390687563,18.13825146161643,1.5834749652256292,0.5368570575237678,0.9643738797620034,17.713180557709556
ES,RTH,B0,1day,195,2022,0,238,0.6999406428160897,0.7079953074468919,1.349052980422205,1.0252894480198567,0.6350332135958249,0.9738802466863495,0.71401976682638
ES,RTH,B0,1day,195,2022,2,42,1.0292989264516639,1.0307786463162272,-0.6313551720172049,-0.7286380284372556,0.6995891994835081,0.9274840662989576,1.7594166747534827
ES,RTH,B0,1day,195,2022,3,194,0.6674946733039838,0.6766343614110437,1.9368012376353008,1.2776038220927952,0.48842642816146253,0.9672713105409098,1.4483748094738382
ES,RTH,B0,1day,195,2023,0,236,0.640041294821783,0.6118453025725673,0.9634098920906513,0.749666590336271,0.6445352749592725,0.9708215919732041,0.35897628940063675
ES,RTH,B0,1day,195,2023,1,41,0.5793670865864671,0.5794478334666007,-0.42289481397186107,-0.3968395429264567,0.6049073135178118,0.8901070098924759,1.313001823864337
ES,RTH,B0,1day,195,2023,2,122,0.5667220707575462,0.4352531602239803,1.1573260187794334,0.5145108193404444,0.48236119779696224,0.928208132999873,0.7220728585554531
ES,RTH,B0,1day,195,2023,3,73,0.42634260185312717,0.37487635973512107,1.157578074128847,0.5897301915871266,-0.0004626184202951813,0.9462195816536803,1.1580406925491422
ES,RTH,B0,1day,390,0,0,1901,0.8526747007863412,0.8725345742170832,1.0572630822084754,0.9915229346713357,0.9122584757782266,0.9948485868630537,0.2045883814221342
ES,RTH,B0,1day,390,0,1,634,0.5402726555422419,0.5586187824907617,0.874419921887249,0.7445394221880416,0.7460075583564306,0.9716931693091844,0.43142051376694246
ES,RTH,B0,1day,390,0,2,633,0.4145002236985889,0.48123969488617374,0.7592041925014033,0.7600592402720233,0.6037327632650532,0.972060786834247,0.5575605631356582
ES,RTH,B0,1day,390,0,3,634,0.7074795949458712,0.7428094443550088,1.1655770559486043,0.989618220527572,0.7756100240960015,0.9898708914897598,0.4580974610027331
ES,RTH,B0,1day,390,2016,0,239,0.7987795456890551,0.8400738153044187,1.1611368381463774,1.03566884818068,0.9125313572985623,0.9922964320249542,0.3623572924573223
ES,RTH,B0,1day,390,2016,1,91,0.4940330508590504,0.4765097374625981,1.3245921616349154,0.8083441352130973,0.8911127329819493,0.9636603076919262,0.8480824241723173
ES,RTH,B0,1day,390,2016,2,101,0.21625130276509083,0.2905270413141633,0.35503926020363974,0.5775079234071452,0.3589054195781452,0.960757158650992,0.7445058558859011
ES,RTH,B0,1day,390,2016,3,47,0.7793280948174692,0.6732175716131646,2.2505415075700874,1.1055267474037094,0.8038066381492415,0.984413879578707,1.5773239359569229
ES,RTH,B0,1day,390,2017,0,237,0.5790281276907333,0.679746471965131,1.4336599485861465,1.3212800683994754,0.7548932148049293,0.9797811319766175,0.8546318208954132
ES,RTH,B0,1day,390,2017,1,194,0.5414207588982768,0.5954403092995153,0.9271868471901903,0.8298551546324929,0.6929139824079004,0.9638049408757424,0.42238418197746563
ES,RTH,B0,1day,390,2017,2,38,-0.05299192499035065,-0.038054548358214875,-0.35441058206037745,-0.04153814957811664,0.30089853834234603,0.9570974815174695,1.3115080635778469
ES,RTH,B0,1day,390,2018,0,236,0.920071021959384,0.9305206153389461,1.4209249587516553,1.1659242745959737,0.9357389635700368,0.9951924994555619,0.5008539367922713
ES,RTH,B0,1day,390,2018,1,75,0.5500180099857592,0.547839437638988,1.3250372706468825,0.9123362182714319,0.7609503837070029,0.9630439599753031,0.7771978330078945
ES,RTH,B0,1day,390,2018,2,78,0.3226147889387405,0.3431082745183135,0.5284415729248666,0.47388145971602474,0.6404984866129064,0.9734170181473084,0.6508022292085679
ES,RTH,B0,1day,390,2018,3,83,0.9341567354545861,0.9487767138946172,-75.08677723419638,37.159798524852285,0.7508619715414091,0.9871548890156019,112.24657575904865
ES,RTH,B0,1day,390,2019,0,237,0.787703598014971,0.7694251219196764,1.4183684991530543,1.043376986519151,0.8004487726260181,0.9909614224201823,0.6489433772333779
ES,RTH,B0,1day,390,2019,1,105,0.6225534432867641,0.5848759123020398,2.0410026499634877,1.109119788549738,0.6543212596336987,0.975206660087152,1.4561267376614477
ES,RTH,B0,1day,390,2019,2,82,0.5023945817456495,0.5862696941080754,12.269926091117139,4.275139479316759,0.4112058410739463,0.9650992764766602,11.858720250043191
ES,RTH,B0,1day,390,2019,3,50,0.69545320815183,0.5277352137394897,-2.1164702084218687,1.4908906895130616,0.0660804439250742,0.975600378321247,3.6073608979349303
ES,RTH,B0,1day,390,2020,0,239,0.8782517695174185,0.8703416607163523,1.177451579387148,1.00528898665038,0.9680206105119438,0.9962057448046685,0.30710991867079573
ES,RTH,B0,1day,390,2020,1,37,0.41612751534968606,0.41494323373959774,-0.3251679457468143,-0.32455952528801496,0.5870410643109237,0.9680375677639674,1.2932055135107818
ES,RTH,B0,1day,390,2020,2,78,0.4727925839330372,0.5275192143518942,1.3218357036665915,1.0331625133287072,0.7281959886666911,0.9733461381118675,0.8490431197335544
ES,RTH,B0,1day,390,2020,3,124,0.8189608826810755,0.885628329757309,1.1912859771115858,1.13905355223617,0.9575501701347081,0.9947573334073363,0.3723250944305103
ES,RTH,B0,1day,390,2021,0,239,0.7896947115381129,0.8345829458404315,1.7558469845880453,1.355602112440862,0.8764255021806174,0.9922655191540011,0.9661522730499325
ES,RTH,B0,1day,390,2021,1,89,0.5871605433256998,0.46817070943850714,1.6479766371145985,0.6408025251431873,0.6888620568253999,0.9671079267123247,1.1798059276760915
ES,RTH,B0,1day,390,2021,2,92,0.9108728974600203,0.9116334323405969,-0.6190478055205864,-0.6923498168429408,0.6526136205466755,0.9731469805020212,1.6654967973449621
ES,RTH,B0,1day,390,2021,3,58,0.5940099020331437,0.579957849482134,-1.8478699088595012,-7.624101586291828,0.5812108485821235,0.9826039883734969,8.606705574665325
ES,RTH,B0,1day,390,2022,0,238,0.6977963326233038,0.7209878897329068,1.3195972168226988,1.084167743216953,0.6702016567954979,0.9861574889142084,0.6493955600272009
ES,RTH,B0,1day,390,2022,2,42,1.1722285072026073,1.1490217409539798,-0.7938715470152977,-1.0206566188883288,0.7111531794549923,0.9618804652950094,2.1928851260909363
ES,RTH,B0,1day,390,2022,3,194,0.6588393458174936,0.6670281414746925,1.8918277277813735,1.2539540332316035,0.543148948781845,0.9826274117744297,1.3486787789995285
ES,RTH,B0,1day,390,2023,0,236,0.6721686896941115,0.6425757416748894,1.015396449312332,0.8070098495938955,0.6726148296626174,0.9840701022417303,0.37282070763744257
ES,RTH,B0,1day,390,2023,1,41,0.4500914281649569,0.45353008304260595,-1.1056674699937852,-1.1472293896518342,0.7091108526483351,0.9528230282264711,2.100052417878305
ES,RTH,B0,1day,390,2023,2,122,0.5956149998085878,0.4547535577496629,1.231447996125932,0.5423991081200426,0.500936707347683,0.9593716322004248,0.7766944383762691
ES,RTH,B0,1day,390,2023,3,73,0.5723239504331599,0.5070472441150711,2.8985940196484794,1.128569120614174,0.08726802919630768,0.9711244105183351,2.811325990452172
ES,RTH,B0,1h,60,0,0,11406,0.7867068061189891,0.8079767076055749,0.9462640788095144,0.9585205996835159,0.9308850207198343,0.9763658320587016,0.1896590259397125
ES,RTH,B0,1h,60,0,1,3804,0.40367516830833433,0.5923255178917554,1.0156729810690088,2.153932802821276,0.801805874610852,0.9313535015958818,1.7502576345129415
ES,RTH,B0,1h,60,0,2,3798,0.43544830847498256,0.7536970465853248,1.5326202580168753,3.532769091984445,0.8010939261566024,0.9325683277672937,3.0973207835094625
ES,RTH,B0,1h,60,0,3,3804,0.6522396755591809,0.7205198534533608,1.0106180140544796,1.0703479132006573,0.8932728935360706,0.9623051997746465,0.4181082376414763
ES,RTH,B0,1h,60,2016,0,1434,0.7479795911219828,0.7632889785693973,0.941429181092988,0.9278964654508807,0.9087795504372481,0.9647755989800639,0.21679600785808117
ES,RTH,B0,1h,60,2016,1,546,0.3574071958042764,0.8056025850078009,1.2096112038173794,5.927994412241632,0.7932266090353745,0.9085034621942332,5.570587216437356
ES,RTH,B0,1h,60,2016,2,606,0.4679720043266793,1.0436741017901774,4.072547597054048,-65.78590500660978,0.7470440475863718,0.9125731936272785,69.85845260366384
ES,RTH,B0,1h,60,2016,3,282,0.6552268257263935,0.6683414951770733,1.0548458737840007,0.9655889175714268,0.865341794368631,0.944988297361562,0.3996190480576073
ES,RTH,B0,1h,60,2017,0,1422,0.5720108227630396,0.6240248629405645,1.1344778280163041,1.1701877015731905,0.8034732566195107,0.9369986248070257,0.5981768788101509
ES,RTH,B0,1h,60,2017,1,1164,0.38752534311987274,0.5954501372107851,0.9557962151710044,2.2781413852042336,0.7728587976033029,0.9171028620145681,1.890616042084361
ES,RTH,B0,1h,60,2017,2,228,1.1946308661688887,1.1938977551012673,-1.3039823288828398,-1.2010380312478515,0.6844176739971951,0.9090691853679793,2.4986131950517283
ES,RTH,B0,1h,60,2017,3,30,1.5660808133579656,1.5671940087880576,-1.061216720607929,-1.0616773770831505,0.5317807745409284,0.9460412390301647,2.628871385871208
ES,RTH,B0,1h,60,2018,0,1416,0.8342245074525866,0.8540761760569062,1.0185203156961904,0.9879683851708908,0.9422593401079075,0.9766722722199738,0.1842958082436038
ES,RTH,B0,1h,60,2018,1,450,0.3628817362651187,1.5334064742437619,1.8999814183958414,-4.971672545594261,0.7976043665074932,0.9206140603636813,6.871653963990102
ES,RTH,B0,1h,60,2018,2,468,0.6491862453540028,0.9528430742862154,3.6046771996132003,5.181122316951201,0.8106669032474972,0.9299277927457109,4.5319360715971975
ES,RTH,B0,1h,60,2018,3,498,0.7832448299804534,0.7940416369438429,1.6130769342588753,1.253210638154775,0.8682997350291859,0.9462794949233546,0.8298321042784219
ES,RTH,B0,1h,60,2019,0,1422,0.6588174899883155,0.6964178543267003,0.9410500006616771,0.9968191860843799,0.8774887191573943,0.9662137607000354,0.33800169609606445
ES,RTH,B0,1h,60,2019,1,630,0.3983735365588869,0.9025374088116508,1.2880058551628595,5.283276034926977,0.8030675437706538,0.9397948849691591,4.88490249836809
ES,RTH,B0,1h,60,2019,2,492,0.4873438200308015,1.2627073846348837,5.891166327469832,-23.0632673407399,0.7719698948445578,0.93174035557432,28.95443366820973
ES,RTH,B0,1h,60,2019,3,300,0.5510156706023729,0.6667996216350537,2.3010631638171026,2.1057762572651826,0.7982050538326747,0.9468178414166443,1.7500474932147299
ES,RTH,B0,1h,60,2020,0,1434,0.848027569542024,0.8500932556690488,1.004528459356352,0.9760724299493971,0.9508616613268714,0.9820347121729116,0.15650088981432797
ES,RTH,B0,1h,60,2020,1,222,1.4514044807330144,1.448004646015076,-5.522911480256528,-1.4809959055366944,0.7699601223051966,0.9399506055142213,6.974315960989542
ES,RTH,B0,1h,60,2020,2,468,0.45147000066646353,1.169853091514336,2.0773769679687226,9.142977039065958,0.7939876158933837,0.9346423072969655,8.691507038399495
ES,RTH,B0,1h,60,2020,3,744,0.8000350399977267,0.822179219849775,1.007297131053136,0.9992527141079343,0.9419672069069964,0.97646126977284,0.20726209105540927
ES,RTH,B0,1h,60,2021,0,1434,0.6850561240468432,0.7501914220022231,1.0461381137690733,1.1051005553659956,0.9050375987115098,0.9711045038929715,0.42004443131915237
ES,RTH,B0,1h,60,2021,1,534,0.38208973531372825,1.4732648691548913,3.392177710364562,-3.4561542637081626,0.8162020974999997,0.94129033801355,6.848331974072725
ES,RTH,B0,1h,60,2021,2,552,1.56776687829907,1.5646371049008496,-3.688408438314841,-1.8404445172929145,0.8049063180594366,0.9451943591790835,5.256175316613911
ES,RTH,B0,1h,60,2021,3,348,0.7111370326020626,1.0380259007068902,6.066329703093109,8.89553860891159,0.8504216411936872,0.9515275564056943,8.184401576309527
ES,RTH,B0,1h,60,2022,0,1428,0.5777602795163919,0.669168832730477,1.0081851740388155,1.1988712557588037,0.8731800000794131,0.9557184151333736,0.6211109762424118
ES,RTH,B0,1h,60,2022,2,252,1.1329409036745695,1.1282056788410748,-2.366859393795265,-0.7766617610257258,0.8310110679881676,0.9303882833494884,3.4998002974698346
ES,RTH,B0,1h,60,2022,3,1164,0.5262631662044092,0.6943765805710902,1.1903902312087704,1.6290656914941326,0.8523165912364274,0.9491312659584146,1.1028025252897233
ES,RTH,B0,1h,60,2023,0,1416,0.5707116330180211,0.63035449522372,0.930741306149508,1.0290476986914192,0.8653484622561635,0.9474093550783371,0.45833606567339813
ES,RTH,B0,1h,60,2023,1,246,1.174671243966147,1.1711191591907273,-8.639118700829979,-1.664493300292645,0.706704623576213,0.8994720504639389,9.813789944796126
ES,RTH,B0,1h,60,2023,2,732,0.33116988314617474,0.7884235637595918,0.9901344816043339,6.075052442384674,0.7895453085138477,0.9141715126537355,5.743882559238499
ES,RTH,B0,1h,60,2023,3,438,0.49268173321840314,1.1648474426520772,2.9327688791148883,-38.512176327609666,0.8536455253692503,0.9427738460442315,41.444945206724555
ES,RTH,B0,30min,30,0,0,22812,0.8122378907427834,0.9237425470357972,1.0235199989371893,1.1009683637631817,0.7917703994735505,0.9989809173446118,0.3091979642896312
ES,RTH,B0,30min,30,0,1,7608,0.7867791843945979,0.9553276356950109,2.4727874799717253,2.58602223028191,0.7660180557030114,0.9996537651211264,1.8200041745788984
ES,RTH,B0,30min,30,0,2,7596,0.8470898776029251,0.974166271518149,2.8289228698813784,2.6408774725671775,0.7839010296871154,0.8917781873271444,2.045021840194263
ES,RTH,B0,30min,30,0,3,7608,0.7512890962650464,0.9079556344009015,1.250571865441517,1.3145924567937994,0.4026516674316181,0.9352585631125205,0.9119407893621814
ES,RTH,B0,30min,30,2016,0,2868,0.7596567063388102,0.8805306310151887,1.018002167497627,1.0942700333355635,0.8853892913973506,0.9378120191923321,0.3346133269967533
ES,RTH,B0,30min,30,2016,1,1092,0.8322732722773439,0.9145656367127716,3.1967048752805662,3.0747816940689403,0.7375515080934182,0.8566889506578416,2.459153367187148
ES,RTH,B0,30min,30,2016,2,1212,0.8872624974024311,0.9154281810015757,3.953937369589596,2.9690851867348473,0.7135655343247856,0.8607931134112239,3.2403718352648103
ES,RTH,B0,30min,30,2016,3,564,0.7071298592220165,0.8572698186133464,1.1988762163629951,1.2417690220789075,0.8560186755030171,0.9113234910125763,0.534639162856891
ES,RTH,B0,30min,30,2017,0,2844,0.6623556931452564,0.8502468839532193,1.3655006692638665,1.493225455876325,0.7865518578400421,0.9998703522775074,0.8308697627310685
ES,RTH,B0,30min,30,2017,1,2328,0.7489761254120324,0.9014056356533011,2.3304694186105626,2.438297147937409,0.7311997395337018,0.9998942231003575,1.7070974084037072
ES,RTH,B0,30min,30,2017,2,456,1.0863849354118627,1.0564384129929152,-10.4204559412321,19.795303835816938,0.7201214849207072,0.8644917521074076,30.215759777049037
ES,RTH,B0,30min,30,2017,3,60,1.596656780802113,1.5005331527215657,-3.6473991630357414,-11.240635148973356,0.7969933287796653,0.9148697758741673,12.837291929775468
ES,RTH,B0,30min,30,2018,0,2832,0.8443267966336598,0.9288260281806862,1.047365214822914,1.0716974598342415,0.9305726513859337,0.9576975378081604,0.22737066320058164
ES,RTH,B0,30min,30,2018,1,900,1.0130788190820235,1.0031435430563533,5.535635459136703,4.091273967447927,0.7124815192558621,0.8713845587401361,4.823153939880841
ES,RTH,B0,30min,30,2018,2,936,0.8865088045265549,0.9426078560585123,2.8033180456317295,2.01619726748886,0.7996734222116783,0.8895451993065252,2.003644623420051
ES,RTH,B0,30min,30,2018,3,996,0.7724940370097971,0.8748415039511629,1.3000275670796886,1.2778873812119342,0.8518156644637449,0.9090084818610998,0.5275335300698915
ES,RTH,B0,30min,30,2019,0,2844,0.7315963915974102,0.9106896262597852,1.1372455579541731,1.2940013825788226,0.8572517660147713,0.9409835819150085,0.5624049909814124
ES,RTH,B0,30min,30,2019,1,1260,0.9127920180248579,1.0210069101229413,2.939751601305266,2.9770100898771164,0.7776381944376644,0.9004393279642783,2.199371895439452
ES,RTH,B0,30min,30,2019,2,984,0.9410845310076076,1.003611447426535,4.055194977320172,3.5139736964280432,0.7555460114653454,0.8927065056777654,3.2996489658548263
ES,RTH,B0,30min,30,2019,3,600,0.7688575474290167,0.9412308453153552,2.343081756201399,2.2770926345389886,0.7656803554362643,0.9142116596797112,1.5774014007651347
ES,RTH,B0,30min,30,2020,0,2868,0.8478176163590648,0.9423374557786359,1.0362264785232482,1.0872133067329253,0.2642764493352906,0.9676789485289602,0.8229368573976347
ES,RTH,B0,30min,30,2020,1,444,1.2751999874960336,1.1916926107585968,-19.141746932082455,13.063094303077749,0.7936113050678533,0.9006690458248479,32.2048412351602
ES,RTH,B0,30min,30,2020,2,936,0.9687970721701173,1.045499550864245,3.5502374785174995,3.1426771041008004,0.7759281689988977,0.8991376411018391,2.7743093095186016
ES,RTH,B0,30min,30,2020,3,1488,0.8194064253809684,0.9263706728203119,1.0806142295807133,1.132261883646938,-0.5402351687624366,0.9579625675558409,1.6724970524093745
ES,RTH,B0,30min,30,2021,0,2868,0.7729393626150812,0.9366818461070884,1.286261873437142,1.3555074100410403,0.886757699424367,0.9494607681829659,0.582568047425959
ES,RTH,B0,30min,30,2021,1,1068,1.1743102901992681,1.1602373591680444,18.318436806743,8.983657753196141,0.7908187759889123,0.9030964141728353,17.527618030754088
ES,RTH,B0,30min,30,2021,2,1104,1.1942455432534216,1.140683917754858,47.7166039580365,6.008663260970152,0.8012337290418614,0.9111183067246134,46.91537022899464
ES,RTH,B0,30min,30,2021,3,696,0.958204783939044,1.0400795144024673,3.357823553741288,2.5161398198055838,0.8197427351578641,0.9215254919097677,2.538080818583424
ES,RTH,B0,30min,30,2022,0,2856,0.7268489761631393,0.934368882437419,1.4437515205603277,1.5671908588625036,0.8655931421851029,0.9233944016292277,0.8403418826993644
ES,RTH,B0,30min,30,2022,2,504,1.2627683248459858,1.1748071451369113,-5.89783089380204,-83.96633215915577,0.8046835549073905,0.8821992409091636,85.22910048400175
ES,RTH,B0,30min,30,2022,3,2328,0.7604717460762243,0.9613258644035935,1.7840097138235478,1.851720151226355,0.8475996245051438,0.914141356135011,1.0912484051501308
ES,RTH,B0,30min,30,2023,0,2832,0.6820223379616523,0.8758132867666013,1.2943875430845466,1.4350532009858465,0.8303087762937926,0.9100511484185638,0.7530308630241942
ES,RTH,B0,30min,30,2023,1,492,0.840126101729902,0.7970407715112523,11.47489481011505,3.234408750020931,0.6913308308833245,0.8479120067621828,10.783563979231726
ES,RTH,B0,30min,30,2023,2,1464,0.9105981288207484,1.0060654241684417,4.367218929208651,4.136558758248718,0.7634949964125519,0.8612541013513655,3.6037239327960986
ES,RTH,B0,30min,30,2023,3,876,1.0212037572073485,1.0525977067085546,4.598915204809627,2.953521841050108,0.8005739894180074,0.9055830390478337,3.7983412153916194
ES,RTH,B1,1day,13,0,0,1901,0.7380504447055436,0.7695637448510232,0.9433758574878155,0.8811857197650922,0.8081823776731137,0.9142067623780499,0.2053254127822719
ES,RTH,B1,1day,13,0,1,634,0.37425119833581716,0.3801569397739153,0.6492682818301933,0.5250691227265127,0.37117203379232433,0.6992737782317795,0.32810174443945517
ES,RTH,B1,1day,13,0,2,633,0.15886843083210714,0.37219823093845833,0.6459914516470179,7.645530308883447,-1.6735115152503406,0.4060987571970097,9.319041824133787
ES,RTH,B1,1day,13,0,3,634,0.5761832537626863,0.5697881016116706,0.9052105401687841,0.7079851106979314,0.29019272998013756,0.7598382005144858,0.6150178101886465
ES,RTH,B1,1day,13,2016,0,239,0.6370442036388736,0.7000323944979097,0.9925935376412874,0.9493752333086254,0.7624061666562467,0.8737636636780834,0.35554933400241384
ES,RTH,B1,1day,13,2016,1,94,0.36920157700210615,0.2689768901337395,1.1239115457229436,0.3276096143801125,0.15916109997217323,0.5955494798883962,0.9647504457507704
ES,RTH,B1,1day,13,2016,2,98,0.19750907325458233,0.4354172528396932,0.6787207003765267,9.076770658202403,-1.6313493931730014,0.23843351298459148,10.708120051375404
ES,RTH,B1,1day,13,2016,3,47,0.24152502851052926,0.1291928516107599,-2.2191461100860623,0.17770420704624196,0.022424776312278773,0.7338659112478427,2.953012021333905
ES,RTH,B1,1day,13,2017,0,237,0.43744334252311307,0.5196431472891376,1.342933220823385,1.2102145379359421,0.6555566702072528,0.8321203402048274,0.905489878300272
ES,RTH,B1,1day,13,2017,1,192,0.3810538600616646,0.4203445661289895,0.8387782936503925,0.7745767463375632,0.4609472174687836,0.7535233301605723,0.4577244335887279
ES,RTH,B1,1day,13,2017,2,40,0.051482346595852824,0.06367222930394709,0.05665670259339733,0.06740402969227488,-2.554434568445139,0.624288309501006,3.178722877946145
ES,RTH,B1,1day,13,2018,0,236,0.8144340771712862,0.8641336465295135,1.2758557904262475,1.1201536430241787,0.8568151887027604,0.9067008135002648,0.4614217132549613
ES,RTH,B1,1day,13,2018,1,73,0.4348593205146314,0.44914770554335837,1.6898632979873032,-3.201362946595088,-0.06128956464247837,0.40540153995801675,4.891226244582391
ES,RTH,B1,1day,13,2018,2,78,0.1270518787367907,0.11259389682309849,0.47826271193025927,0.12342098087259093,-1.7894709665286,0.4222585913537209,2.267733678458859
ES,RTH,B1,1day,13,2018,3,85,0.8374853837077417,0.8764589799483496,-31.50715411947111,-12.786539165248964,0.47495654144242705,0.7404153773815823,32.38361309941946
ES,RTH,B1,1day,13,2019,0,237,0.6034908915712716,0.5627358033665925,1.0721124615195154,0.7240812425352825,0.6972744280388554,0.8786499722702185,0.509376658152923
ES,RTH,B1,1day,13,2019,1,105,0.1770330188827072,0.13258620115362274,0.3319927273417236,0.1269565119331454,0.20245935847845728,0.6833215662242395,0.5563650542910941
ES,RTH,B1,1day,13,2019,2,81,0.657998839298315,0.6586852903194758,-0.43823755004569276,-0.43861230144478924,-1.8786502127850695,0.4246188645344846,2.5373355031045453
ES,RTH,B1,1day,13,2019,3,51,0.6278426305096928,0.6285378903090317,-0.45124755221784696,-0.4518926426539498,-1.5272302081366826,0.4708466836081848,2.1557680984457144
ES,RTH,B1,1day,13,2020,0,239,0.7559501953346939,0.7500422741718311,1.015346807120133,0.8731295049532447,0.8416867225033021,0.9242708586727447,0.2653045329483019
ES,RTH,B1,1day,13,2020,1,38,-0.05976293761933212,0.19068379501502358,-0.06524495486129893,-0.14291303557832125,0.5139037316529161,0.7300761266987048,0.872989162277026
ES,RTH,B1,1day,13,2020,2,77,0.9786707895480976,0.9780651188673902,-2.1178413673493925,-1.0429526031064802,-1.7189287453018969,0.24185968793526613,3.0965121568974903
ES,RTH,B1,1day,13,2020,3,124,0.7501276626134279,0.769073103883356,1.057102443123666,0.924618317826711,0.7288128791184911,0.8666256516345259,0.32828956400517484
ES,RTH,B1,1day,13,2021,0,239,0.7152858523864849,0.7464066156576127,1.779510173901926,1.2844574903231287,0.7126190389613168,0.8801640629871097,1.066891134940609
ES,RTH,B1,1day,13,2021,1,91,0.41019822636146464,0.3498133652534074,1.3867955480793355,0.5515829630028861,0.2701955151812094,0.6415242663958058,1.116600032898126
ES,RTH,B1,1day,13,2021,2,92,0.5705875567722858,0.5703515749580041,-0.44708609119871917,-0.4469865686796152,-2.201568530649735,0.505110988333461,2.7721560874220206
ES,RTH,B1,1day,13,2021,3,56,0.15601943945408706,0.13230765758270482,0.3743362402343357,0.20773709787759465,-0.5539361434793976,0.6582175746159664,1.2121537180953639
ES,RTH,B1,1day,13,2022,0,238,0.5017658095122851,0.46888879470185113,0.8928690510528877,0.6130361715533226,0.4184016008246905,0.7963520757672974,0.4744674502281972
ES,RTH,B1,1day,13,2022,2,42,-0.05670724967256133,-0.05258934774311773,-0.062427418190582756,-0.05574253077539709,-1.1686975580150791,0.3030080488141025,1.4717056068291816
ES,RTH,B1,1day,13,2022,3,195,0.4492831469161797,0.3935793147511653,1.0199337365496748,0.5234187655934132,-0.001545928635950704,0.6890711566970467,1.0214796651856255
ES,RTH,B1,1day,13,2023,0,236,0.48284809377270405,0.4743088735525064,0.8472899673794745,0.6494013952977402,0.3883302250350066,0.7777194824691721,0.4589597423444679
ES,RTH,B1,1day,13,2023,1,40,0.07641296811217964,0.1134829739323727,0.17461909124264424,0.2842852083257304,-0.07277546800829657,0.36112284067376266,0.43389830868205925
ES,RTH,B1,1day,13,2023,2,125,0.3640476177715525,0.3629019695696223,-1.721451832968989,-0.2546115020854523,-1.445287188374318,0.09043833474156637,2.0854994507405413
ES,RTH,B1,1day,13,2023,3,71,0.2673850326227506,0.1774610428428503,1.1728807579593252,0.1767494710061532,-1.889939456887976,0.3510764124252097,3.062820214847301
ES,RTH,B1,1day,26,0,0,1901,0.7894535440114441,0.8131129773792912,0.9789772249330083,0.9160341362861087,0.861576564406373,0.9478094063833246,0.18952368092156424
ES,RTH,B1,1day,26,0,1,634,0.43474300616573863,0.4504858068763385,0.635294434075224,0.5694548304889709,0.6021785446140638,0.80261909621226,0.3678760900465214
ES,RTH,B1,1day,26,0,2,633,0.24829810487940876,0.33205330834864905,0.4459545404427684,0.5694593138210214,0.046648921166625126,0.7170561406311962,0.670407219464571
ES,RTH,B1,1day,26,0,3,634,0.6280098083573791,0.6617802588809201,1.02063699490673,0.8740016577299894,0.5580815043803011,0.8686765192490776,0.46255549052642886
ES,RTH,B1,1day,26,2016,0,239,0.6792021684116564,0.7145850401518657,1.061330804677999,0.9521434974625985,0.8354054597617321,0.9284112392005855,0.38212863626634264
ES,RTH,B1,1day,26,2016,1,94,0.3376595869611123,0.3188708408927124,1.3208969118114129,0.71970062191018,0.5988688043827983,0.7837629785935059,1.0020260709187006
ES,RTH,B1,1day,26,2016,2,98,0.102199620178165,0.36577172964500776,0.11443678630840884,-2.109619186818736,-0.03009387457140302,0.6729874625169703,2.7826066493357065
ES,RTH,B1,1day,26,2016,3,47,0.4799969734390871,0.34410757734728203,2.3935267718128093,0.6301736804751848,0.5199309213398079,0.8164383471621794,2.049419194465527
ES,RTH,B1,1day,26,2017,0,237,0.4234401922232186,0.5154761992141114,0.8833341584849219,0.8614741456430387,0.7099248094426198,0.8718020300065192,0.4598939662617033
ES,RTH,B1,1day,26,2017,1,192,0.4432519040629227,0.47705395274512225,0.7550381010227033,0.6415469742996014,0.6051308998204085,0.7948993415301371,0.3516474374672144
ES,RTH,B1,1day,26,2017,2,40,0.043920269198379484,0.022986691997594722,0.048497624334032985,-0.13215173119206497,-0.39511130222488305,0.48697392552511853,0.8820852277500015
ES,RTH,B1,1day,26,2018,0,236,0.8743419613934432,0.9090015234594346,1.3699512470155195,1.1682815648672131,0.9227893826852885,0.9480834896810578,0.4956092856220763
ES,RTH,B1,1day,26,2018,1,73,0.4295131958087827,0.4145099249798807,1.2681725299807691,0.7235775605615964,0.7323830119341143,0.7112821933047677,0.8536626050008884
ES,RTH,B1,1day,26,2018,2,78,0.4627019735999421,0.3865086446498707,0.9517761783407983,0.5296312836175634,0.17765686265495345,0.6862983346415579,0.7741193156858448
ES,RTH,B1,1day,26,2018,3,85,1.168265358081179,1.2382606968062844,-36.55018079741642,-4.167946524404831,0.6662541203175052,0.853305982589523,37.7884414942227
ES,RTH,B1,1day,26,2019,0,237,0.6703407825997648,0.6523148874944545,1.182760667651982,0.8537515129148037,0.7283925289474841,0.9129896474410435,0.5304457801575274
ES,RTH,B1,1day,26,2019,1,105,0.3141334175661061,0.3396863399386839,0.6291213367346956,0.5312442862780946,0.4777079484462007,0.7731941537075526,0.45906073614144655
ES,RTH,B1,1day,26,2019,2,81,0.2451331809323514,0.14794052760765894,-1.3229070900621687,0.5250694372191681,-0.49620632490001676,0.6516996458185977,1.9746067358807664
ES,RTH,B1,1day,26,2019,3,51,0.7453599297225315,0.6853254668664552,-1.7020518283454302,-25.981531160321335,-0.5199683399536195,0.7371271834042592,26.726891090043868
ES,RTH,B1,1day,26,2020,0,239,0.8230109992996315,0.8103293067619652,1.123324753797217,0.9432350540895151,0.9121805417085808,0.9576310129389419,0.31299544703525184
ES,RTH,B1,1day,26,2020,1,38,0.25255548463935545,0.2529609313721641,-0.22141679097430905,-0.2217016515712922,0.18948825110211936,0.7651969533985548,0.9868986049698469
ES,RTH,B1,1day,26,2020,2,77,0.9634457891225503,0.9635999693563946,-3.196871625306018,-1.8559246034260546,0.2846919691478702,0.7684216210566741,4.160471594662413
ES,RTH,B1,1day,26,2020,3,124,0.7597404157224403,0.8266200193927736,1.1051454768589855,1.0359975221088364,0.8502838613631275,0.931229732967684,0.3454050611365451
ES,RTH,B1,1day,26,2021,0,239,0.696807004605345,0.7939722977771624,1.7888912724478303,1.5475577659418651,0.7655328287673957,0.9264645585992622,1.0920842678424854
ES,RTH,B1,1day,26,2021,1,91,0.2951670404795843,0.2512953880119548,0.540818265288303,0.32091752415549574,0.44813255918616024,0.7525940642202453,0.5012986762082905
ES,RTH,B1,1day,26,2021,2,92,0.15128071019736758,0.15174077574502867,-0.1816195641664443,-0.1818469444762912,-0.09935721452253564,0.7216497984995169,0.9034967429758082
ES,RTH,B1,1day,26,2021,3,56,0.532097320756668,0.5313146107507567,-0.35340208336186923,-0.34808467692625694,-0.27877000475928615,0.6971552568802626,1.0505573402421318
ES,RTH,B1,1day,26,2022,0,238,0.6474516423494909,0.6253567917878745,1.28839882471782,0.8724059887758158,0.4713322499545599,0.8554675553387486,0.8170665747632601
ES,RTH,B1,1day,26,2022,2,42,0.5318041097296691,0.47826372486729607,-0.8948602447709838,5.080231685780563,0.15128629588426906,0.6254447988011557,5.975091930551547
ES,RTH,B1,1day,26,2022,3,195,0.6164028109421501,0.5589122751988123,2.035725104026632,0.9684860774839857,0.19432720406637569,0.8162536621883675,1.8413978999602563
ES,RTH,B1,1day,26,2023,0,236,0.516703868372056,0.4820619965266821,0.7711992882465415,0.5898235041973341,0.4882075676133316,0.8491193705540163,0.36705737402733424
ES,RTH,B1,1day,26,2023,1,40,0.43579821846830846,0.3105305016057085,-4.780393380419188,0.5706687811058961,0.4180565786205135,0.6992503521797375,5.479643732598925
ES,RTH,B1,1day,26,2023,2,125,0.17074382897804272,0.15195356685664338,0.2764110745163512,0.200960958381766,-0.16857587466885485,0.6508348741577106,0.8194107488265654
ES,RTH,B1,1day,26,2023,3,71,0.23009539099058754,0.1682842558247238,0.5642221694140661,0.18157976197590772,-0.3485233971665231,0.7139102957097212,1.0624336928762443
ES,RTH,B1,1day,78,0,0,1901,0.815242163342608,0.844244339227653,1.0260562278760839,0.9593708564658991,0.8964284286731368,0.9790049847899549,0.21081406453347584
ES,RTH,B1,1day,78,0,1,634,0.4855118559870433,0.49801785293544176,0.7075083059430611,0.6301184845196511,0.6927205953420814,0.907249874796054,0.42173801880901074
ES,RTH,B1,1day,78,0,2,633,0.3874754154327256,0.48573256132031845,0.7534975351133455,0.8360858565989479,0.47999262277116844,0.8927990290178266,0.5053236135851009
ES,RTH,B1,1day,78,0,3,634,0.6618967509361193,0.6765772461796289,1.0749902675894183,0.893590527734541,0.6960929244577251,0.9526479398340624,0.41309351665329896
ES,RTH,B1,1day,78,2016,0,239,0.736935051267573,0.7889140461372108,1.1087433237015694,1.0152956204149464,0.8986307816620963,0.96977584329329,0.3718082724339964
ES,RTH,B1,1day,78,2016,1,94,0.47784194357196286,0.42430387861169067,1.5781200662275001,0.7535802478074874,0.7835915797951335,0.8932782957246509,1.1538161876158095
ES,RTH,B1,1day,78,2016,2,98,0.1660103099267463,0.5250808187977238,0.3235947583439726,5.84456201181853,0.3036625813546813,0.8703991967269087,5.6785517018917835
ES,RTH,B1,1day,78,2016,3,47,0.6050466115398302,0.43520643906442424,1.6198773623294755,0.5866149349691792,0.7384343795186123,0.9362003832843615,1.1846709232650512
ES,RTH,B1,1day,78,2017,0,237,0.5171959981283372,0.6179131287287891,1.1652412850081697,1.1099167252220066,0.7521131274877889,0.9337272711626821,0.6480452868798325
ES,RTH,B1,1day,78,2017,1,192,0.46197762435732154,0.5094780199596611,0.7472355035779047,0.6787977913054626,0.6640037712927892,0.8931427795837596,0.4311651552264381
ES,RTH,B1,1day,78,2017,2,40,0.03187618988146507,0.05207894698732646,0.03525972995541234,0.05581254376202086,0.17651346327930736,0.8390051979514732,0.8071290080700082
ES,RTH,B1,1day,78,2018,0,236,0.9132354500899847,0.9145743154974181,1.435510701239314,1.1458322950529107,0.9211210435971493,0.9795613412946915,0.5222752511493293
ES,RTH,B1,1day,78,2018,1,73,0.501527931531297,0.5243362556220316,1.572005067642874,1.0790754738550934,0.7341900314670531,0.8662720924601428,1.070477136111577
ES,RTH,B1,1day,78,2018,2,78,0.31546451663786235,0.2757507889627646,0.5881136640897973,0.3809968772558759,0.5849448936685318,0.8875964822514355,0.6118456932886709
ES,RTH,B1,1day,78,2018,3,85,0.7716498037356017,0.8288494722665497,8.832382510629222,6.339022229143342,0.6721159993114628,0.9447116992399711,8.160266511317758
ES,RTH,B1,1day,78,2019,0,237,0.7329810528948268,0.719756565402744,1.2945087470886063,0.9758403755332146,0.775889593794725,0.9622128122438864,0.5747521816858623
ES,RTH,B1,1day,78,2019,1,105,0.3948738959728796,0.4225581136700091,0.8672064106224938,0.7234426153652707,0.5608360735312906,0.8961245294646958,0.5012506334918162
ES,RTH,B1,1day,78,2019,2,81,0.6879751730611507,0.6166634524193354,-3.4848358199982337,3.273951970957351,0.23322075051918761,0.8599131985142612,6.7587877909555845
ES,RTH,B1,1day,78,2019,3,51,0.9046663126699681,0.7623244527273113,-1.130471011203493,-7.63480345936597,0.17712442564515118,0.9103432094039917,8.545146668769961
ES,RTH,B1,1day,78,2020,0,239,0.8561731863659828,0.8476966196793252,1.1317587901351807,0.9953014468169322,0.9488422048466646,0.9835101218222246,0.28406217045585547
ES,RTH,B1,1day,78,2020,1,38,0.32800614445048426,0.32728797594750925,-0.23790284018839677,-0.23776762506827767,0.5074040583073975,0.8959830661439617,1.1338859063323585
ES,RTH,B1,1day,78,2020,2,77,0.5839421710159416,0.5351516556625184,3.1896838745634937,1.4941873529694312,0.5870598109553427,0.9070206416418216,2.6545322189009752
ES,RTH,B1,1day,78,2020,3,124,0.7856271950991278,0.84225048204166,1.1417751587079756,1.0647284519160793,0.9220381013363236,0.9745878617359999,0.3561479636088478
ES,RTH,B1,1day,78,2021,0,239,0.7654206386432196,0.8260326188997519,1.813694797740568,1.4221429405622514,0.8221887537090113,0.9700769455948919,1.0482741590973483
ES,RTH,B1,1day,78,2021,1,91,0.4235198724344492,0.38499418259736296,0.8443372767118031,0.5125831300405872,0.5714215732250345,0.8779395530088773,0.4929453704115143
ES,RTH,B1,1day,78,2021,2,92,0.9002403444958103,0.9007841276860626,-0.5923984553272289,-0.6366241658344693,0.3227283777643052,0.8820839694995392,1.537408293520532
ES,RTH,B1,1day,78,2021,3,56,0.9851256715125776,0.9840538779597707,-1.0908935173487733,-0.9717253998950549,0.22857927835594524,0.9093419442401129,2.076019188861351
ES,RTH,B1,1day,78,2022,0,238,0.6491598429661063,0.648023588076676,1.258326643651335,0.913319949452206,0.5909403184693379,0.9408121465383159,0.667386325181997
ES,RTH,B1,1day,78,2022,2,42,0.7536026514746547,0.7005689877894676,-0.6947173231603299,-1.195101353337501,0.720446695633194,0.8670855032661468,2.0621868566036476
ES,RTH,B1,1day,78,2022,3,195,0.5980842399476032,0.5731736947124246,1.7636409149366774,0.9804837513647611,0.4346922129819028,0.9249058476234544,1.3289487019547745
ES,RTH,B1,1day,78,2023,0,236,0.5903990901941781,0.5547642223534129,0.8612471159802226,0.6855598991488041,0.5889982050689041,0.9380267476545361,0.38326252530112315
ES,RTH,B1,1day,78,2023,1,40,0.19072088036120816,0.08577753803044466,-0.7864981510184957,0.09422050822202732,0.5336405530170588,0.8652172469117073,1.651715397930203
ES,RTH,B1,1day,78,2023,2,125,0.4904828423185725,0.42359062988910373,0.9261274509225723,0.5350583528439248,0.3851932576721241,0.8709872408459255,0.5409341932504482
ES,RTH,B1,1day,78,2023,3,71,0.20130572506242628,0.18463397097465853,0.34972377742323807,0.22576614776253354,-0.15382634913633628,0.8674321049531528,1.0212584540894891
ES,RTH,B1,1day,195,0,0,1901,0.8364979164127462,0.8665107054231846,1.0527968653620337,0.984679905299101,0.9080826402507399,0.9906555583309409,0.21629894894928747
ES,RTH,B1,1day,195,0,1,634,0.5025006575543717,0.5510079757629887,0.7945550239961231,0.7613271308543412,0.7374328787083557,0.9535974272766398,0.4510967697222681
ES,RTH,B1,1day,195,0,2,633,0.41220999487238263,0.5087304002836807,0.7415060054061298,0.8219074895405818,0.5820579091012381,0.9498884459537275,0.5376784510813448
ES,RTH,B1,1day,195,0,3,634,0.7006318708739737,0.7364489356256554,1.1332172973875183,0.9643899753738074,0.7485881248306585,0.9802526136140823,0.4325854265135446
ES,RTH,B1,1day,195,2016,0,239,0.7846641143724803,0.8225199401280032,1.1438481395675952,1.022401008349293,0.9018888966222878,0.9861535247451257,0.35918402519511494
ES,RTH,B1,1day,195,2016,1,94,0.6108925554065882,0.5425140755322304,2.16271654887471,1.0115724719488353,0.85069055665169,0.9405549808762796,1.6202024733424798
ES,RTH,B1,1day,195,2016,2,98,0.16540233419478953,0.39876535563222926,0.2848904092793483,1.5063054760577657,0.3329792728977775,0.9380144291477528,1.3409031418629762
ES,RTH,B1,1day,195,2016,3,47,0.7612884802589462,0.6244791247019231,1.9537473859034553,0.9102958564934934,0.8039895774997382,0.9729848288099644,1.3292682612015323
ES,RTH,B1,1day,195,2017,0,237,0.549963908675949,0.6658087503488195,1.3524243115063945,1.3225083117007626,0.7678183127618976,0.9679180472172717,0.8024604028304455
ES,RTH,B1,1day,195,2017,1,192,0.4873591986172036,0.5532852705593221,0.8279195528108844,0.8079920138324378,0.6807451995901513,0.9458031330264112,0.45844393440920755
ES,RTH,B1,1day,195,2017,2,40,0.020521468311261774,0.014699197488141608,0.02226141378157075,-0.11131938909404648,0.22498701817691305,0.9269645919984384,1.0382839810924849
ES,RTH,B1,1day,195,2018,0,236,0.9209363902141364,0.931111190911267,1.4479918460935408,1.1866960167722036,0.9306421829194086,0.9908985245697208,0.5270554558794044
ES,RTH,B1,1day,195,2018,1,73,0.38259231110324515,0.4689382232757063,0.8945687198456248,0.9411714048531133,0.802941192857643,0.9300161723513379,0.5585790937498682
ES,RTH,B1,1day,195,2018,2,78,0.3527769900799786,0.3869824011359032,0.694356734761211,0.6326780399367925,0.5998584876318491,0.949061817142939,0.5962848270629604
ES,RTH,B1,1day,195,2018,3,85,0.7889704212421064,0.8849774301692747,6.6589649622719564,7.370678929174023,0.7358526455436776,0.9757376554299773,6.634826283630345
ES,RTH,B1,1day,195,2019,0,237,0.7561524764839014,0.756629734454622,1.3900036829217446,1.0458302659487158,0.7949603636779237,0.9832539780071178,0.6338512064378432
ES,RTH,B1,1day,195,2019,1,105,0.5393990724214819,0.5700532495340329,1.7214070779398012,1.2555021081511801,0.6670051581272418,0.95584235966893,1.1820080055183193
ES,RTH,B1,1day,195,2019,2,81,0.7092801557913754,0.6521450843617923,-4.6240196446112165,3.5249093734127963,0.37883850199466046,0.9412412993858247,8.148929018024013
ES,RTH,B1,1day,195,2019,3,51,0.891647111440462,0.663708829017617,-1.731830882295003,3.023184072811897,0.08731855626757827,0.9549326658228856,4.7550149551069
ES,RTH,B1,1day,195,2020,0,239,0.8651419144607311,0.8580723175289777,1.1598976154870955,0.9911374603206147,0.9614261063505197,0.9926882393162418,0.30182529795811774
ES,RTH,B1,1day,195,2020,1,38,0.39534418939894356,0.39404712201393344,-0.2945095955468926,-0.2939558600840152,0.6167347026026968,0.9349101919789184,1.229419787525811
ES,RTH,B1,1day,195,2020,2,77,0.5692743956589467,0.5313515922616617,2.9803074613629645,1.4345650923600008,0.6690537969156712,0.9506353972454222,2.4489558691013027
ES,RTH,B1,1day,195,2020,3,124,0.7991248758595723,0.8709452688234741,1.1431563865951728,1.0918453410327296,0.9452679510572989,0.9892525702550484,0.34403151073560057
ES,RTH,B1,1day,195,2021,0,239,0.7873120298420732,0.838446410404382,1.8179112961094719,1.3955033946299287,0.8637901684422701,0.985862330335272,1.0305992662673988
ES,RTH,B1,1day,195,2021,1,91,0.4733638891657073,0.42774294468828494,1.412968218848487,0.7406363718534469,0.6309016603464943,0.9444564109002727,0.9852252741602019
ES,RTH,B1,1day,195,2021,2,92,0.8644725104006339,0.8556141405962264,-0.8799720659331365,-1.0090666419823169,0.6255724768714119,0.9500876830230571,1.959154325005374
ES,RTH,B1,1day,195,2021,3,56,0.9068987171331984,0.9063085527618833,-1.0843495671590515,-1.2669241339122397,0.42836011574421373,0.9613664440754117,2.2282905779876514
ES,RTH,B1,1day,195,2022,0,238,0.6998941294575334,0.7149178670001058,1.348692539632689,1.0544798493207987,0.6305026256908653,0.974008124370041,0.7181899139418236
ES,RTH,B1,1day,195,2022,2,42,0.9230129496546062,0.8732021327124128,-0.7035876854905995,-1.0136759606305425,0.743343368668698,0.9318351360287942,1.9455110966593367
ES,RTH,B1,1day,195,2022,3,195,0.6578422516925352,0.6864182591836376,1.8706012822988674,1.2739648468458262,0.4872603247584313,0.9677582471305689,1.383340957540436
ES,RTH,B1,1day,195,2023,0,236,0.6426182415633,0.6132858935700765,0.9673852428575157,0.7514407620517604,0.650983385695261,0.9709908953079923,0.35770500173791586
ES,RTH,B1,1day,195,2023,1,40,0.7700006655360675,0.7162413070797015,-0.8818280583323134,-16.53004617455207,0.4854053597825344,0.8937397378834276,17.4237859124355
ES,RTH,B1,1day,195,2023,2,125,0.589422934202312,0.4808980401136444,1.058116825634573,0.5582985598849695,0.5378487587059696,0.9303453892798215,0.5772187855209285
ES,RTH,B1,1day,195,2023,3,71,0.35182672700112105,0.31023274346875557,0.7638118624318602,0.4402874923291615,-0.03609082466564213,0.9430016163165056,0.9790924409821478
ES,RTH,B1,1day,390,0,0,1901,0.8512641922487533,0.8711159986129626,1.055520774260293,0.9899139130116973,0.9133775118641138,0.9948635580230946,0.20425658201153973
ES,RTH,B1,1day,390,0,1,634,0.5474969613674574,0.5685342139322738,0.902936204039084,0.7853383711505975,0.7452873937947726,0.9716517444873501,0.42415478311989274
ES,RTH,B1,1day,390,0,2,633,0.448608409429108,0.5402043126259787,0.8693554865119952,0.8655075383885465,0.62157092645103,0.9729206771337849,0.524312267704677
ES,RTH,B1,1day,390,0,3,634,0.7078679413861825,0.7353241115067481,1.1299555511759385,0.9881953329080231,0.7748633629997962,0.9898685039744676,0.422087609789756
ES,RTH,B1,1day,390,2016,0,239,0.7990271273842052,0.8410814419759662,1.1615344652415982,1.0369010657806403,0.9135863766052549,0.9922886452459038,0.362507337857393
ES,RTH,B1,1day,390,2016,1,94,0.618227353175213,0.5668709389510517,2.239148797204121,1.1389574390758603,0.8993009652359968,0.9645889788995041,1.6722778582530693
ES,RTH,B1,1day,390,2016,2,98,0.25379594988799226,0.5202646796543641,0.5405663617789666,1.6144200486117837,0.45782752000641885,0.9662591665930153,1.3606240987237914
ES,RTH,B1,1day,390,2016,3,47,0.7458796876574205,0.6174235572246788,1.749172377830518,0.8827511383828316,0.8123777900589014,0.9855412989994483,1.1317488206058393
ES,RTH,B1,1day,390,2017,0,237,0.5619190516928262,0.6597558192589945,1.32766896721106,1.2643556700549519,0.7562688141001241,0.9799560527955784,0.7657499155182338
ES,RTH,B1,1day,390,2017,1,192,0.539349832327331,0.574866948917185,0.8425240992756863,0.7523403993976302,0.7018500222003407,0.9651784342795643,0.42582860195223327
ES,RTH,B1,1day,390,2017,2,40,0.02809829763744646,0.02963858707988384,0.03116710706438959,-0.15785826084666443,0.37772253672106637,0.9619249618174276,1.119783222664092
ES,RTH,B1,1day,390,2018,0,236,0.916598200007471,0.927702001416765,1.4600980792886142,1.1623833121979619,0.9379574571610605,0.9952038465683336,0.5434998792811432
ES,RTH,B1,1day,390,2018,1,73,0.5040150018967133,0.5139153689728329,1.2344607621811816,0.8929789120140231,0.7605992573157478,0.9604662707436351,0.7304457602844683
ES,RTH,B1,1day,390,2018,2,78,0.3575099958374263,0.34883283793425524,0.5972366532861784,0.4653718293326268,0.6751314192201037,0.9745385051892669,0.6257056672550116
ES,RTH,B1,1day,390,2018,3,85,0.8442504301689492,0.900137394463999,8.5320012029285,6.320761282284739,0.7704381512069843,0.9879908140276349,7.761563051721516
ES,RTH,B1,1day,390,2019,0,237,0.7886969221778987,0.7772031477551845,1.4200651279052754,1.0450808950129533,0.8034002488731892,0.9910095668292435,0.6428619801500909
ES,RTH,B1,1day,390,2019,1,105,0.6363374244535571,0.670266359679187,2.0101231746268047,1.4734070507243986,0.6474643237178949,0.9747805024719088,1.3737857501732476
ES,RTH,B1,1day,390,2019,2,81,0.8136086652804781,0.7960243792390715,-5.106311837970893,7.569959693980213,0.4522006082940036,0.9675596486209818,12.676271531951105
ES,RTH,B1,1day,390,2019,3,51,0.9085623815478542,0.7244091244545253,-1.5818624979741291,6.593620534933817,0.15465184458098993,0.9781729942567444,8.175483032907946
ES,RTH,B1,1day,390,2020,0,239,0.8786580096965368,0.8707539558155537,1.1780266806636008,1.0057881593184048,0.9693573338898395,0.9962362478383586,0.30727272484804713
ES,RTH,B1,1day,390,2020,1,38,0.4689072363220606,0.46727184598788657,-0.32837424062045173,-0.3277606703994126,0.6886333382726278,0.9703598168487405,1.2987340574691921
ES,RTH,B1,1day,390,2020,2,77,0.5879131016477264,0.5609499944843511,2.4857891051831587,1.346215252189054,0.6947862637689195,0.9729001454042528,1.9248391106988074
ES,RTH,B1,1day,390,2020,3,124,0.8128841002931795,0.8794807962210102,1.1624846502012536,1.1118852769036935,0.9565693889044884,0.9946766776821092,0.3496005499080741
ES,RTH,B1,1day,390,2021,0,239,0.7875047593160515,0.8389420898420812,1.7511673058923936,1.351667601234402,0.8750023797350507,0.9922973118187136,0.9636625465763421
ES,RTH,B1,1day,390,2021,1,91,0.5964827549521803,0.4761357040374759,2.0763898106442595,0.7310856944897713,0.6461214340096308,0.9646077180447125,1.6002541066067837
ES,RTH,B1,1day,390,2021,2,92,0.7677195378835839,0.7481697077941944,-1.078629480164494,-1.6927911710793642,0.6579142925228392,0.9704865992810254,2.6632777703603896
ES,RTH,B1,1day,390,2021,3,56,0.9291010800152794,0.928725966835931,-0.7019805230572919,-0.730453964465075,0.5051640935750602,0.9812505400935804,1.7117045045586554
ES,RTH,B1,1day,390,2022,0,238,0.6968165246678227,0.7196835641181663,1.317734677988719,1.0821030190748178,0.6701039099919768,0.9862675586054457,0.6476307679967421
ES,RTH,B1,1day,390,2022,2,42,0.8255171715567099,0.757979001034377,-0.9926134130253771,-2.0866823396050145,0.7575326995881931,0.967300618870759,3.0539829584757734
ES,RTH,B1,1day,390,2022,3,195,0.6421052852847489,0.6676628878889009,1.760152955559427,1.2065700474081624,0.5474575866703436,0.9827762016947664,1.2126953688890834
ES,RTH,B1,1day,390,2023,0,236,0.6649907022937843,0.643512551448959,1.0181835470494323,0.808235022577307,0.6768218355358426,0.9841889190126663,0.37467099560047323
ES,RTH,B1,1day,390,2023,1,40,0.38123583973385017,0.2592218570416197,-6.742783005355289,0.43738653736860494,0.6514123482115375,0.9554943487930423,7.698277354148331
ES,RTH,B1,1day,390,2023,2,125,0.63752893847077,0.530605682294227,1.225484189079405,0.6481636527880744,0.5480049827833835,0.9617588740422108,0.694878506785178
ES,RTH,B1,1day,390,2023,3,71,0.4846965924699211,0.44641383017177394,1.8790592375776467,0.9414558225201641,0.02848744470773613,0.9690216655684251,1.8505717928699106
ES,RTH,B1,1h,60,0,0,11406,0.7915114827983776,0.8134899732457959,0.9520510875866911,0.965024861364656,0.9316270250069112,0.9762090210199691,0.18469753822159152
ES,RTH,B1,1h,60,0,1,3804,0.4143177646177757,0.5835646056979901,1.0201887194484047,1.9712777494047147,0.8013228707566201,0.9296590301138249,1.556959984786939
ES,RTH,B1,1h,60,0,2,3798,0.4385552008323789,0.6994697410495898,1.3856758015913784,2.778328499634459,0.80434418387496,0.9319970833145189,2.33977329880208
ES,RTH,B1,1h,60,0,3,3804,0.6653393500657698,0.7283394507065448,1.016539510215316,1.0817406000395346,0.893751816084579,0.9620485200452841,0.4164012499737648
ES,RTH,B1,1h,60,2016,0,1434,0.7544027634485105,0.7703724156853788,0.9495353254279194,0.9364613168166199,0.909402490876163,0.9644755865641874,0.21007282311567688
ES,RTH,B1,1h,60,2016,1,564,0.4142847071795343,0.5135195589733865,1.1405178194877927,1.732394717347828,0.7882013652608355,0.9049874102625936,1.3181100101682937
ES,RTH,B1,1h,60,2016,2,588,0.4777209804553357,0.7923230628101361,2.209366888369431,4.094274267240721,0.7637442877627946,0.9159988355159705,3.616553286785385
ES,RTH,B1,1h,60,2016,3,282,0.6924660111476766,0.6804762616261155,1.159163270901399,0.966012885837,0.8755985866434697,0.9486283454165508,0.4786870092752835
ES,RTH,B1,1h,60,2017,0,1422,0.5801875323072284,0.6297797686065908,1.1504961715725988,1.1898290164227658,0.8043728092182776,0.9359190980478197,0.6096414841155374
ES,RTH,B1,1h,60,2017,1,1152,0.40301953459954803,0.5695939237552616,0.9524944668929527,1.8706655533913943,0.7778796451084509,0.915881645403727,1.4676460187918463
ES,RTH,B1,1h,60,2017,2,240,1.1289240821965196,1.1819439919998276,-2.4487127936550905,-3.210212812629262,0.7032415909656354,0.9148276013424688,4.3921568046290895
ES,RTH,B1,1h,60,2017,3,30,1.5622733031496854,1.5633816260908415,-1.0577617916612259,-1.058213752268084,0.5312083234838472,0.9458532980992203,2.6215953783589256
ES,RTH,B1,1h,60,2018,0,1416,0.8378250405253506,0.8581389200156081,1.0229146274866274,0.9926385365219564,0.9428567173489463,0.9765265902347742,0.18508958696127686
ES,RTH,B1,1h,60,2018,1,438,0.3705574603604919,1.5388859712929248,2.4987042226929734,-3.59628977139951,0.7910270664145335,0.9183185387994716,6.0949939940924835
ES,RTH,B1,1h,60,2018,2,468,0.6264478331020722,0.8996053420707523,2.7944352325586483,3.6950354297424792,0.8163373047298905,0.9292434951970203,3.0685875966404073
ES,RTH,B1,1h,60,2018,3,510,0.7760423179062688,0.7991377135188569,1.5067405155415516,1.2015823904379712,0.8770706070044504,0.9492250002329498,0.7306981976352829
ES,RTH,B1,1h,60,2019,0,1422,0.6648233237497824,0.7039814085069271,0.9496281314160575,1.0074650383383368,0.877936403024547,0.9659297017720652,0.3426417145885544
ES,RTH,B1,1h,60,2019,1,630,0.39464774164565447,0.7790680017002617,1.1312766592441101,3.998062860257703,0.8037193600987195,0.9389160983449496,3.603415118612048
ES,RTH,B1,1h,60,2019,2,486,0.41006699305537037,0.6161563303958855,1.5459565282229433,2.836071530094664,0.7717113868456518,0.9305403671276733,2.4260045370392938
ES,RTH,B1,1h,60,2019,3,306,0.5182372880407219,0.6252673583868719,1.5452994019528647,1.5783928137398964,0.8030019413347181,0.9489121039502558,1.0601555256991744
ES,RTH,B1,1h,60,2020,0,1434,0.8406147565056226,0.8558617388749555,1.0109244593890012,0.9826611085234249,0.9518691716753257,0.9819728635895081,0.17030970288337866
ES,RTH,B1,1h,60,2020,1,228,1.5658512724116882,1.5626603792252467,-22.536649903019878,-2.463697435516949,0.7724791562342815,0.938198441499662,24.102501175431566
ES,RTH,B1,1h,60,2020,2,462,0.4604449549055445,1.5452636157935442,2.697187701818728,-38.958766712825245,0.7909871920579132,0.933773604408184,41.65595441464397
ES,RTH,B1,1h,60,2020,3,744,0.7941136578089917,0.8183057068248061,0.9998693158944598,0.994536113104036,0.9423448367953425,0.9757904866874693,0.20575565808546814
ES,RTH,B1,1h,60,2021,0,1434,0.6925176308103034,0.7530957767602615,1.0575577801355145,1.1184889915467695,0.9056680560349216,0.9708718566566398,0.42597136073646613
ES,RTH,B1,1h,60,2021,1,546,1.4269916609013467,1.4225662290301946,-31.276772108952112,-1.49175473323123,0.8062598397108703,0.9377233108577049,32.70376376985346
ES,RTH,B1,1h,60,2021,2,552,1.5131575693683161,1.5100964288057679,-3.2634382833862037,-1.7110934514416558,0.8016589169763703,0.941937968219507,4.77659585275452
ES,RTH,B1,1h,60,2021,3,336,0.7497392026476785,1.0079291620861437,7.324883776160789,6.641646302778523,0.847507607503284,0.9503789547046358,6.575144573513111
ES,RTH,B1,1h,60,2022,0,1428,0.584598102737774,0.6786887837629421,1.0201856676868402,1.2154444023323776,0.8743222617919687,0.9551313995623478,0.6308462995946036
ES,RTH,B1,1h,60,2022,2,252,1.2363027931371002,1.2316102476501534,-54.3115477380683,-0.9219036267501187,0.8443403391466723,0.9325582625252723,55.5478505312054
ES,RTH,B1,1h,60,2022,3,1170,0.5390530045603922,0.6954178249548275,1.1792534988709111,1.6155644950369992,0.8533399239806861,0.9484628912985398,1.0765114904766069
ES,RTH,B1,1h,60,2023,0,1416,0.5781276988967836,0.6394164613636534,0.9428643694347321,1.0434927448114855,0.8655754987763788,0.9467978123453433,0.46536504591470185
ES,RTH,B1,1h,60,2023,1,240,0.35805199721018416,1.1374680260875913,3.335790738644179,-5.147595061550383,0.7165631128548522,0.9010830011521159,8.483385800194561
ES,RTH,B1,1h,60,2023,2,750,0.3457643758869261,0.5798288786312374,0.8313532379274671,2.1905752077258818,0.7933593710752991,0.913549823464552,1.8448108318389558
ES,RTH,B1,1h,60,2023,3,426,0.5978024283187339,1.1441277083899717,4.478545561823996,-78.09955580227944,0.8457725622537547,0.9409795771262097,82.57810136410343
ES,RTH,B1,30min,30,0,0,22812,0.8173370834456452,0.9209434263363302,1.0298879193857742,1.1070331349389286,0.7911701998999112,0.9989785910290314,0.3158629350390174
ES,RTH,B1,30min,30,0,1,7608,0.7778175549613681,0.9519471494968141,2.3340395783194605,2.532882850642122,0.7662508703602603,0.9996531966224926,1.7666319802818617
ES,RTH,B1,30min,30,0,2,7596,0.8162074318390737,0.9603391353783223,2.6582790390432813,2.4828914849937287,0.7825237116287238,0.8903448807299579,1.8757553274145575
ES,RTH,B1,30min,30,0,3,7608,0.7482961576347918,0.9065006645278008,1.223855799988639,1.323430226927994,0.4009116990358366,0.9349344801544204,0.9225185278921575
ES,RTH,B1,30min,30,2016,0,2868,0.7658648589456521,0.8793263040601701,1.0262287512649375,1.1020952591501567,0.8857966506083943,0.9371456177744635,0.33623040020450456
ES,RTH,B1,30min,30,2016,1,1128,0.6845854084237203,0.8637727883289786,1.9880872334216675,2.230022377533977,0.7408493179444555,0.8525194712479051,1.5454369691102565
ES,RTH,B1,30min,30,2016,2,1176,0.8312835369529581,0.9019346378517032,2.999967427495606,2.380649708180409,0.7290453426169571,0.8654064764108045,2.2709220848786487
ES,RTH,B1,30min,30,2016,3,564,0.719083490770834,0.86919837536841,1.1977133703352545,1.2694053737985629,0.8620707733219053,0.9168058094061803,0.5503218830277289
ES,RTH,B1,30min,30,2017,0,2844,0.6635114931869813,0.8525726820950821,1.3836749133479755,1.466244802858589,0.785589584986804,0.9998701340937126,0.8027333096716077
ES,RTH,B1,30min,30,2017,1,2304,0.7114964251894011,0.8988478413414145,2.0808392286212856,2.24947774192454,0.7322329290386349,0.9998952690434569,1.537981316735139
ES,RTH,B1,30min,30,2017,2,480,0.9641173227643304,0.9583345564893577,13.79798712480864,4.616356547114795,0.7311991860007565,0.8720740621890937,13.066787938807884
ES,RTH,B1,30min,30,2017,3,60,1.5956291372847957,1.499394910606913,-3.752611600586156,-11.232391808602475,0.7976732287701657,0.9145967300984355,12.828020945887271
ES,RTH,B1,30min,30,2018,0,2832,0.8481583956220435,0.92445200165808,1.05207202838993,1.0758482019945705,0.9302589260344873,0.9573818518603054,0.227689806372527
ES,RTH,B1,30min,30,2018,1,876,1.039236923490508,1.0150547188875856,7.022448229840377,4.320705435311394,0.7035560104109874,0.8680818895604017,6.318892219429389
ES,RTH,B1,30min,30,2018,2,936,0.8634473505820913,0.9320831757274141,2.5717279528118167,1.9416386298592416,0.7987826381993965,0.8875505786736829,1.77294531461242
ES,RTH,B1,30min,30,2018,3,1020,0.7745151028793178,0.8732103564229432,1.2732316845902614,1.217654453630892,0.8592527205266836,0.9134959983942259,0.4987165817109436
ES,RTH,B1,30min,30,2019,0,2844,0.7283252282079083,0.9103210051840738,1.1478831061761214,1.2701633475275544,0.8560301286506451,0.9404480891780479,0.5418381193196461
ES,RTH,B1,30min,30,2019,1,1260,0.9081578207457829,1.022837296724828,2.8465389053846866,3.0055079994447724,0.7759171159479993,0.8991349399087196,2.229590883496773
ES,RTH,B1,30min,30,2019,2,972,0.801958920447931,0.968910185355649,2.605244692677081,2.96776917876774,0.7561747660914304,0.8901631393199447,2.2115944126763094
ES,RTH,B1,30min,30,2019,3,612,0.7224304149072899,0.9154767895112432,1.9285735817439555,1.9989617649887155,0.7667512266304337,0.917041631857864,1.2765313500814255
ES,RTH,B1,30min,30,2020,0,2868,0.8532003088322148,0.9474241171248912,1.042754096519735,1.093097025734777,0.2631416845302211,0.9675463225800651,0.8299553412045559
ES,RTH,B1,30min,30,2020,1,456,1.1941940984820762,1.125313985831056,31.119961186936813,6.387023838803727,0.7970565740865994,0.8980981832346234,30.322904612850213
ES,RTH,B1,30min,30,2020,2,924,1.0423399141234817,1.076839889145167,4.136402928947107,3.461153951631641,0.7765307100286395,0.8968640340629128,3.3598722189184675
ES,RTH,B1,30min,30,2020,3,1488,0.827144844239748,0.9220937395645786,1.0747113790928144,1.127062339965078,-0.5708404207225564,0.9568368979535052,1.6979027606876345
ES,RTH,B1,30min,30,2021,0,2868,0.7808317263922954,0.9369929122356235,1.259530014357402,1.331326694457484,0.8863971262739139,0.9490004174560023,0.5504949680651886
ES,RTH,B1,30min,30,2021,1,1092,1.289069336200474,1.2275715335682305,-23.492971335055373,22.82864090840541,0.7921237120906078,0.8987131262534935,46.321612243460784
ES,RTH,B1,30min,30,2021,2,1104,1.1807305120181208,1.1275010405013866,93.57738181188009,6.32156665385925,0.7903461708187797,0.9056941991955892,92.78703564106131
ES,RTH,B1,30min,30,2021,3,672,0.9477527492227404,1.035290591311293,3.0987941734097153,2.524301944165455,0.8152088337947954,0.9210217309463548,2.2835853396149197
ES,RTH,B1,30min,30,2022,0,2856,0.726626593975522,0.936164477785964,1.4149297405905574,1.5385067322590131,0.8656207515268092,0.9224102191697823,0.8118801382834911
ES,RTH,B1,30min,30,2022,2,504,1.2686513368560721,1.19885604364175,-11.376615767258944,43.818691850440665,0.8149185509451814,0.8855507097516709,55.19530761769961
ES,RTH,B1,30min,30,2022,3,2340,0.7582511951171399,0.9585683858085168,1.7569444806363548,1.8190607935930496,0.8478997224908882,0.9129872650933117,1.0608095984759096
ES,RTH,B1,30min,30,2023,0,2832,0.681067852341466,0.8765341234357775,1.2681277882336615,1.4079050878424986,0.8277178921732468,0.9090609790477725,0.7268372355010325
ES,RTH,B1,30min,30,2023,1,480,0.8189780361402647,0.8209108777767179,4.96215985358677,3.0479305742542295,0.6976231819786993,0.8490387879018633,4.26453667160807
ES,RTH,B1,30min,30,2023,2,1500,0.7872915728910079,0.9425446555400504,2.948278247552881,3.2444824617315486,0.7514983065056914,0.8601917737869522,2.4929841552258574
ES,RTH,B1,30min,30,2023,3,852,1.0057839913738635,1.0369519214032765,4.382235894219307,2.8610892973709365,0.7974318263396954,0.903214146725038,3.584804067879612
NQ,GLOBEX,B0,1day,23,0,0,1948,0.7279061501101777,0.7456393764479846,0.9166893224184963,0.8611662971149481,0.7769955700245802,0.9217305974291277,0.19382444731895
NQ,GLOBEX,B0,1day,23,0,1,650,0.28197738051951976,0.33561711474140854,0.581064514730841,0.5950075693586833,0.37499547178249837,0.7585090315806173,0.47653165106109757
NQ,GLOBEX,B0,1day,23,0,2,649,0.1240458113315115,0.1210507231327216,0.24492971923722645,0.17856966038582817,-0.9492145318447679,0.6364272370308991,1.585641768875667
NQ,GLOBEX,B0,1day,23,0,3,649,0.5205261829498695,0.5431566111162627,0.9385415904725514,0.7430243552089196,0.39632901952600436,0.803313031795909,0.5422125709465471
NQ,GLOBEX,B0,1day,23,2016,0,241,0.6648617015194414,0.6806441673953946,0.9368004280193899,0.8183354237570085,0.831245201410408,0.9022298792476117,0.27193872649994855
NQ,GLOBEX,B0,1day,23,2016,1,111,0.26980524953182644,0.3384194281948612,0.519497652275269,0.6104065754906233,0.2568381964386403,0.6465402484870897,0.3897020520484494
NQ,GLOBEX,B0,1day,23,2016,2,89,0.12574468661994992,0.09183656160016926,0.2315366646758631,0.07361017102862391,-0.9777144889622059,0.666021350829866,1.6437358397920718
NQ,GLOBEX,B0,1day,23,2016,3,41,0.4918478134044043,0.4032806619648824,-0.5634870149002094,-15.172918822997975,0.37553184487465263,0.7754276793329348,15.94834650233091
NQ,GLOBEX,B0,1day,23,2017,0,242,0.49693686104524687,0.5001014666685708,1.598493873461418,1.034960240803213,0.42163003485114137,0.8274875119921954,1.1768638386102768
NQ,GLOBEX,B0,1day,23,2017,1,194,0.35554270466579163,0.3679324478140241,1.3640139441055479,0.8687964475083482,0.27176842400233486,0.7510047634079051,1.092245520103213
NQ,GLOBEX,B0,1day,23,2017,2,42,-0.06068604114422414,-0.08555366381820602,-0.06797908973507225,-0.26702646521111595,-2.4746244108624946,0.6458521379146787,3.120476548777173
NQ,GLOBEX,B0,1day,23,2018,0,243,0.7689678388814933,0.7561308750180955,1.3318087333001702,0.9890201128786762,0.7535678192526549,0.9078379878340084,0.5782409140475153
NQ,GLOBEX,B0,1day,23,2018,1,72,-0.10632409002006828,0.02204390207176351,0.07349894853197843,0.023146680065823287,0.028437762459329163,0.6606031373116668,0.766927227331735
NQ,GLOBEX,B0,1day,23,2018,2,84,0.5114543033207422,0.4866938798391335,-7.618759545576456,2.7255016720478737,-0.899700379325854,0.6736186516986526,10.344261217624329
NQ,GLOBEX,B0,1day,23,2018,3,87,1.2319861617859333,1.1660377556967119,-1.3919768703824162,-2.176504042949548,0.4259845805019304,0.7557229666918595,3.4084902047354815
NQ,GLOBEX,B0,1day,23,2019,0,243,0.6106099155005883,0.6270662952174357,1.1398367718218114,0.9159355658989254,0.5756277104473393,0.8808693439841906,0.5642090613744721
NQ,GLOBEX,B0,1day,23,2019,1,100,0.33714122705018706,0.2591632599450232,1.9970920661241538,0.6543888172742258,0.3761632503695206,0.7740229136494405,1.7379288061791307
NQ,GLOBEX,B0,1day,23,2019,2,91,0.5610979950029118,0.5610440110065152,-0.44433673325760387,-0.4449642861225569,-1.4295343991989014,0.6163588549307151,2.0458932541296164
NQ,GLOBEX,B0,1day,23,2019,3,52,0.2854754293631866,0.18932656818677357,1.3762581478072555,0.15512392671708727,-0.7312930351216362,0.7313844117267421,2.1075511829288915
NQ,GLOBEX,B0,1day,23,2020,0,244,0.7794845344596062,0.7836658298137733,1.1567081333731433,0.9656707731306317,0.829105652100172,0.9275583661949837,0.3772235989135371
NQ,GLOBEX,B0,1day,23,2020,1,35,-0.02088112255436201,0.020153965904399915,-0.1356886683209109,-0.13602216272822068,0.24153850017882778,0.7130909222430201,0.8491130849712407
NQ,GLOBEX,B0,1day,23,2020,2,71,0.03233215539482344,0.027932141101420775,0.035994662741682885,0.03043574039813431,-0.8621423387991851,0.5123337278297306,1.3744760666289157
NQ,GLOBEX,B0,1day,23,2020,3,138,0.7314252248369514,0.7620478597450933,1.1495290546448218,0.9623639295921894,0.7497094690035893,0.8586203875887228,0.4181038298078704
NQ,GLOBEX,B0,1day,23,2021,0,246,0.7128871203930399,0.6931625905861176,1.7015726476093838,1.1208100227794076,0.6798205906381117,0.8963986565780337,1.021752056971272
NQ,GLOBEX,B0,1day,23,2021,1,86,0.6846339029298759,0.6852066215079347,-0.485254797802979,-0.4854677514376241,0.3467418208413996,0.7668444890116171,1.2523122404492413
NQ,GLOBEX,B0,1day,23,2021,2,97,-0.04924388665096615,-0.04375047926862668,0.011637746436604991,-0.03537222563862171,-0.46133076478627577,0.6715298873607671,1.132860652147043
NQ,GLOBEX,B0,1day,23,2021,3,63,0.16737688075709023,0.35200935575751974,0.32012798444952023,1.6850118175056683,-0.0342206370257177,0.7419250093621617,1.719232454531386
NQ,GLOBEX,B0,1day,23,2022,0,245,0.3500496985751758,0.32407049915062613,0.4815381512826161,0.3494820855329949,0.29273713393549106,0.8098982832524431,0.517161149316952
NQ,GLOBEX,B0,1day,23,2022,2,35,-0.946796765895642,-0.9454616388702906,0.6782366165767281,0.6778065308833426,-2.4675876593493826,0.28395407147204743,3.1458242759261106
NQ,GLOBEX,B0,1day,23,2022,3,207,0.31008116325495105,0.28716090666315247,0.5394162308248238,0.3593625431864419,0.02807968287629168,0.7571790152837833,0.7290993324074916
NQ,GLOBEX,B0,1day,23,2023,0,244,0.376814405914171,0.3909198968650241,0.6298501228462701,0.5024158950008277,0.4914242782081367,0.8400850281195567,0.4632706222053857
NQ,GLOBEX,B0,1day,23,2023,1,49,0.5069139391678842,0.49341533398626447,-0.4126145710060728,-0.6909101205473559,0.44179251768409245,0.7507364214067731,1.4416465419541291
NQ,GLOBEX,B0,1day,23,2023,2,140,0.11861900747432388,0.12079239214322889,0.2585004166278931,0.216451165549133,-0.26636288750869885,0.4927406963559159,0.7591035838646147
NQ,GLOBEX,B0,1day,23,2023,3,55,0.23239140361134777,0.45378582969405923,0.4877980256905118,0.8634882231001557,-0.13641295503678877,0.720708978674175,0.9999011781369445
NQ,GLOBEX,B0,1day,46,0,0,1948,0.7697566902575017,0.7889464206945331,0.9693006717330586,0.8887931506487234,0.8219584768947115,0.9555881962862224,0.19954398147555685
NQ,GLOBEX,B0,1day,46,0,1,650,0.33342358587026394,0.365412776195177,0.6240691738833191,0.5650227753507246,0.5120969143934563,0.8668359658194618,0.5334123799491979
NQ,GLOBEX,B0,1day,46,0,2,649,0.24073954674134448,0.2268638978935175,0.3800203857426463,0.2845405039343751,-0.01735279393767696,0.7832990688521151,0.8006518627897921
NQ,GLOBEX,B0,1day,46,0,3,649,0.6069275210258573,0.6294527652857725,1.0470150499584745,0.8310923369766903,0.6043297882209954,0.8898056081822565,0.44268526173747913
NQ,GLOBEX,B0,1day,46,2016,0,241,0.6914139563525323,0.7160646912039093,0.9745044548029033,0.8755503215449689,0.8411491083058938,0.9417442510275333,0.28309049845037093
NQ,GLOBEX,B0,1day,46,2016,1,111,0.4352802068781681,0.5812062410602115,1.2890410807514596,1.5320519337214118,0.412977045224382,0.8337108008429936,1.1190748884970299
NQ,GLOBEX,B0,1day,46,2016,2,89,0.10285766592860011,0.07736508189325089,0.09873477638940421,0.08188949457957242,-0.33211846196992895,0.7886222046384616,1.1207406666083906
NQ,GLOBEX,B0,1day,46,2016,3,41,0.6348427961105567,0.5251174131203515,-1.288213409011927,2.5787005909412115,0.458024589250787,0.85966272430909,3.8669139999531383
NQ,GLOBEX,B0,1day,46,2017,0,242,0.6259234998859203,0.5977250338398544,2.2820202831467267,1.210384379686765,0.5199490406588908,0.8887447083488833,1.7620712424878358
NQ,GLOBEX,B0,1day,46,2017,1,194,0.46264909390331144,0.4303784755903519,2.5914390279417225,0.9393434170253465,0.41169499109141605,0.8317663600460414,2.1797440368503063
NQ,GLOBEX,B0,1day,46,2017,2,42,-0.428901537938112,-0.45115362878039933,1.458528319425117,1.0644733040292509,-0.8783053312011809,0.7365691915769887,2.336833650626298
NQ,GLOBEX,B0,1day,46,2018,0,243,0.8245637153795985,0.8032836253798827,1.40836893443197,1.0235530174665346,0.8247998863492636,0.9476061407672474,0.6050853090520874
NQ,GLOBEX,B0,1day,46,2018,1,72,0.10194762694690603,0.063975881015446,0.352472940913499,0.1266836180884529,0.35557234110255265,0.7767848771019762,0.7128089960865301
NQ,GLOBEX,B0,1day,46,2018,2,84,0.2802494334137326,0.2552511284239624,2.153009062044158,0.5489372984076617,0.18973828602396314,0.7947491838192667,1.963270776020195
NQ,GLOBEX,B0,1day,46,2018,3,87,1.231862343571103,1.1879546109448231,-1.5018996675172194,-2.1143767834013216,0.7385185221715289,0.8877575120519201,3.3462391269724243
NQ,GLOBEX,B0,1day,46,2019,0,243,0.6417949119115807,0.690514017866283,1.2149426203822307,1.0481867347627245,0.6452045139465469,0.921000651546392,0.57314770847065
NQ,GLOBEX,B0,1day,46,2019,1,100,0.29740615734424697,0.21929759080170566,0.721289571162889,0.3006868096306688,0.41255352810777596,0.842899841967901,0.6236022511661954
NQ,GLOBEX,B0,1day,46,2019,2,91,0.3971094872955037,0.3962629939757718,-0.2889131269572313,-0.33009145815288726,-0.17566978438539047,0.7434468427205039,1.0735383008733912
NQ,GLOBEX,B0,1day,46,2019,3,52,0.46005212457891587,0.319097675202561,-1.121122568181223,0.48478835464970793,-0.05446491827026918,0.7870258477289871,1.90814841591021
NQ,GLOBEX,B0,1day,46,2020,0,244,0.8336261232433563,0.8340586979353761,1.2801019822584405,1.0190285446512988,0.8582440759280463,0.9615559589517748,0.44647585901508424
NQ,GLOBEX,B0,1day,46,2020,1,35,0.4100993206237938,0.40934125918035213,-0.3715619494833039,-0.37185422615475555,0.5584889375903429,0.8789375341565192,1.2507917603112748
NQ,GLOBEX,B0,1day,46,2020,2,71,0.23466136918976535,0.1858696575820692,0.4654394414729033,0.23197991476489857,-0.06768773402723904,0.7172909561600129,0.784978690187252
NQ,GLOBEX,B0,1day,46,2020,3,138,0.7913603156783272,0.819928645509532,1.2612501448250926,1.0535932092573699,0.7957822627244262,0.9287795877609819,0.46988982914676536
NQ,GLOBEX,B0,1day,46,2021,0,246,0.7281724711299546,0.7056828878042714,1.6137776013339369,1.1043205680967387,0.7704507338249891,0.9403921879831117,0.9080947135296655
NQ,GLOBEX,B0,1day,46,2021,1,86,0.3036000819496943,0.2863854067934179,-0.5454234524608768,-0.5597031915294168,0.4434577753459442,0.8707323523739221,1.430435543903339
NQ,GLOBEX,B0,1day,46,2021,2,97,0.36124079780235585,0.3614160816231501,-0.24058959895025228,-0.38399534688625675,0.13800678059413618,0.7638218313986292,1.147817178284886
NQ,GLOBEX,B0,1day,46,2021,3,63,0.23302155967574176,0.4483497817524927,0.46414294219414526,1.5250263345932458,0.4165533017436735,0.8578885782166363,1.292004774917504
NQ,GLOBEX,B0,1day,46,2022,0,245,0.4294286123759398,0.44259588868646105,0.6742155904901996,0.5588716130531319,0.43282240379863984,0.869239173883057,0.4398105615071172
NQ,GLOBEX,B0,1day,46,2022,2,35,-0.05757846574953333,0.02169053198910998,0.04065001060972828,0.02321369356802262,-1.4381633413691721,0.5155143422029145,1.9536776835720866
NQ,GLOBEX,B0,1day,46,2022,3,207,0.42069018302728345,0.36770666604762875,0.7277850976521392,0.44596467689992647,0.29570963813862966,0.8251101664170812,0.5294005282784515
NQ,GLOBEX,B0,1day,46,2023,0,244,0.4101780285982525,0.41399851811143856,0.668354788607736,0.5325010641407018,0.5206934910924783,0.8925292471390021,0.4823512185407496
NQ,GLOBEX,B0,1day,46,2023,1,49,-0.056265331920805656,0.466478989697109,-0.06050907861010607,-0.3121805961385787,0.4685068848646276,0.8885370552954295,1.200717651434008
NQ,GLOBEX,B0,1day,46,2023,2,140,0.2797241786841063,0.23719075148542515,0.5620446780771325,0.31856815208474293,0.377438267159025,0.731508183868714,0.49431743238328885
NQ,GLOBEX,B0,1day,46,2023,3,55,0.3223963060579802,0.5486872403581939,0.5955401399225815,0.950899671401752,0.0656106872064068,0.8189020181055986,0.8852889841953452
NQ,GLOBEX,B0,1day,138,0,0,1948,0.8150383661164089,0.8276719268422953,1.0263464020312747,0.9405140778677304,0.8677956267438116,0.982813115999911,0.2113080359148658
NQ,GLOBEX,B0,1day,138,0,1,650,0.3682179902464284,0.4448294293594885,0.659392762296622,0.7106790263207525,0.5696975212100992,0.9446674021790129,0.5764494119325845
NQ,GLOBEX,B0,1day,138,0,2,649,0.399305756355863,0.43019559106565325,0.7102963694292967,0.6053829257454689,0.44774598359324064,0.9144754944237005,0.5151697380678375
NQ,GLOBEX,B0,1day,138,0,3,649,0.6819901994428522,0.7254344482639891,1.2247110552981444,1.0399338072561057,0.7790433978850804,0.9607214926056318,0.5427208558552922
NQ,GLOBEX,B0,1day,138,2016,0,241,0.7380327864573222,0.7457537860353919,1.0401030947921641,0.9124872354429107,0.9016741622178314,0.9780154173260658,0.30207030833484194
NQ,GLOBEX,B0,1day,138,2016,1,111,0.43095493813359403,0.5704110938870911,1.3032587518806211,1.8041002753843338,0.37920780765268153,0.9219263697284436,1.4248924677316523
NQ,GLOBEX,B0,1day,138,2016,2,89,0.3463498736951302,0.3275382573474113,0.6752934265524123,0.41937344119240166,0.5690937384046338,0.9227111697696416,0.5951729124222302
NQ,GLOBEX,B0,1day,138,2016,3,41,0.9234983949311134,0.8704404164925847,-2.14055300574357,-31.427867583967767,0.6878144593416305,0.9548445462430897,32.382712130210855
NQ,GLOBEX,B0,1day,138,2017,0,242,0.7118524435766739,0.7494926548447379,2.359522594707144,1.6403058756114937,0.6013474526508994,0.9462668586893027,1.7581751420562446
NQ,GLOBEX,B0,1day,138,2017,1,194,0.568513270290991,0.685188771864468,2.2263524787903664,2.041370079263857,0.530874131450505,0.9218481806928518,1.6954783473398614
NQ,GLOBEX,B0,1day,138,2017,2,42,-0.056850793502516636,-0.3097763691625571,-0.1381883674371976,1.4813266178155506,-0.12331870418447764,0.8804417289048909,1.7911029869781077
NQ,GLOBEX,B0,1day,138,2018,0,243,0.8963932192876918,0.8441274665210953,1.509981178916333,1.0483278905662432,0.8623842655190426,0.9801431242900436,0.6658537123952378
NQ,GLOBEX,B0,1day,138,2018,1,72,0.15654586245636054,0.1650542104060102,0.4358837115100423,0.31101940706669423,0.30044314773439385,0.9017276200957247,0.7451817576393642
NQ,GLOBEX,B0,1day,138,2018,2,84,0.9189491427955371,0.9193393384556353,53.93329425516083,-5.711893791715657,0.47065896163438625,0.9161408551366985,59.64518804687649
NQ,GLOBEX,B0,1day,138,2018,3,87,1.3712578777476907,1.3254136026316472,-2.1437123732852945,-3.038977676751042,0.8969054720118839,0.9537460073424623,4.410235554498732
NQ,GLOBEX,B0,1day,138,2019,0,243,0.7257640191864544,0.7751494777113218,1.3469069964613543,1.133503074424078,0.7318257422042632,0.9686134802654353,0.6211429772748999
NQ,GLOBEX,B0,1day,138,2019,1,100,0.4176770317156805,0.4399929859533704,0.9808815324926037,0.7402492555797907,0.5418490949321251,0.9402017333706962,0.5632045007769232
NQ,GLOBEX,B0,1day,138,2019,2,91,0.4368617475381566,0.3214614764554062,-8.675833473812073,0.6978935945579118,0.600931445924426,0.9081126540218968,9.58394612783397
NQ,GLOBEX,B0,1day,138,2019,3,52,0.8181184981374249,0.6795901632170508,-1.195652588607617,7.0243881271398445,0.4389517870102848,0.9320532488761171,8.220040715747462
NQ,GLOBEX,B0,1day,138,2020,0,244,0.868608132365454,0.8615474120200598,1.2887765665692288,1.026795252823158,0.9085950377263117,0.9855662425126968,0.427229154549169
NQ,GLOBEX,B0,1day,138,2020,1,35,0.338977232913672,0.07104337938866247,-0.2765507336056494,0.07732985020144159,0.5237433643810727,0.9493863035509083,1.2259370371565577
NQ,GLOBEX,B0,1day,138,2020,2,71,0.16246618858824105,0.11933024380441185,0.37223102492550825,0.19654326537452035,-0.042168353443290015,0.8797729984817506,0.9219413519250407
NQ,GLOBEX,B0,1day,138,2020,3,138,0.8461082952859517,0.882013520331119,1.4235636075620408,1.1540642876203167,0.8953116921361285,0.9757421501545355,0.5774553122760891
NQ,GLOBEX,B0,1day,138,2021,0,246,0.7972142536946796,0.7663323120134762,1.8045478055889212,1.1678650611840464,0.7969605487643137,0.9750151331312231,1.038215493575445
NQ,GLOBEX,B0,1day,138,2021,1,86,0.3789584644998574,0.3797420649736597,-0.29498424827900827,-0.29526887478517166,0.5082175941508678,0.9442229155123217,1.2394917902974933
NQ,GLOBEX,B0,1day,138,2021,2,97,1.0399038160005012,1.0408633351785848,-0.9716091943583045,-1.2603632981819095,0.3898501654947057,0.8867198431867555,2.3012266333604945
NQ,GLOBEX,B0,1day,138,2021,3,63,0.2923333754272547,0.5217472186393032,0.6679922148558938,1.3907501045401802,0.6419988151247569,0.9464894664115351,1.0984167291129254
NQ,GLOBEX,B0,1day,138,2022,0,245,0.5488103785002444,0.5602298578905653,0.9974559423432794,0.7882045183369031,0.5661735891136601,0.948634900244327,0.448645563843035
NQ,GLOBEX,B0,1day,138,2022,2,35,-0.04719284865663987,-0.38758795194453405,0.3510432929189219,0.3502973561995525,-1.0497947549753694,0.8222623004686856,1.872057055444055
NQ,GLOBEX,B0,1day,138,2022,3,207,0.528455979743922,0.5041899183344112,1.1089061674398177,0.7357594889938454,0.5268227615384593,0.9301617662932372,0.6047162491054066
NQ,GLOBEX,B0,1day,138,2023,0,244,0.4642035160192421,0.48196836012394234,0.6998894583237957,0.6254238624504902,0.6082865235208036,0.9531247313922495,0.4889212153730074
NQ,GLOBEX,B0,1day,138,2023,1,49,0.48309643140921804,0.48339712018062037,-0.31429947791456386,-0.3965181903960725,0.5011541859171967,0.9592164707968549,1.3557346611929275
NQ,GLOBEX,B0,1day,138,2023,2,140,0.5590677251782055,0.525043343295089,1.2036805916112352,0.7396188658336391,0.6790967538102987,0.885849769783839,0.6786372483161462
NQ,GLOBEX,B0,1day,138,2023,3,55,0.35645699911814543,0.4952117648763192,0.5592161170966315,0.7731204365232177,0.17554268125876843,0.906678078340098,0.7311353970813295
NQ,GLOBEX,B0,1day,345,0,0,1948,0.8288442765387066,0.8490292383645867,1.0277369259957747,0.9648158335142851,0.8669100894513121,0.9926540137108236,0.19889264945706808
NQ,GLOBEX,B0,1day,345,0,1,650,0.394233952452815,0.48515485141457476,0.7294027527029519,0.806189028236904,0.6058353957076362,0.9751041486732428,0.5808701962204278
NQ,GLOBEX,B0,1day,345,0,2,649,0.48990473334213264,0.5659621369772293,0.8062559359261741,0.8114270245638632,0.5550033708642222,0.9639640546375385,0.4740593212954059
NQ,GLOBEX,B0,1day,345,0,3,649,0.691559722421786,0.735706694800921,1.2180497041541516,1.0357990797862684,0.7770529032363345,0.9837306239232176,0.5264899817323656
NQ,GLOBEX,B0,1day,345,2016,0,241,0.7990395179772812,0.8111057307625437,1.1449660629722493,1.0005673267949133,0.9172154097991735,0.9905487780727975,0.3459265449949681
NQ,GLOBEX,B0,1day,345,2016,1,111,0.6966815032706705,0.8517883238446933,2.8502884726261892,4.6113612618426165,0.5149422740900678,0.9623683576488478,4.096418987752549
NQ,GLOBEX,B0,1day,345,2016,2,89,0.5880106495182597,0.6234273731990269,1.4374212619809177,1.0952703664810377,0.7136163625772857,0.9653841525289456,0.849410612462658
NQ,GLOBEX,B0,1day,345,2016,3,41,0.9967183455680321,0.9463850955255441,-2.504267959718756,-67.69108356410216,0.6745954109091691,0.9824167534403472,68.68780190967018
NQ,GLOBEX,B0,1day,345,2017,0,242,0.7275659747011626,0.7953721797614934,2.279902685911707,1.710221510980629,0.5961607454438583,0.9755882358643136,1.6837419404678484
NQ,GLOBEX,B0,1day,345,2017,1,194,0.5555720199226544,0.6689078533178905,1.7769883199162537,1.5957708763059495,0.5563273213293042,0.9624275406795937,1.2214162999935994
NQ,GLOBEX,B0,1day,345,2017,2,42,-0.3090091477643646,-0.3082338364828023,0.24161898625069916,0.24116689071145134,0.009538619864129622,0.9506608642319956,1.2596700119963602
NQ,GLOBEX,B0,1day,345,2018,0,243,0.906636985503719,0.8622732708599535,1.5173666027764485,1.0800109311653376,0.8314388484156433,0.99136063427474,0.6859277543608052
NQ,GLOBEX,B0,1day,345,2018,1,72,0.19031351436128016,0.2029001785724578,0.42804636870899726,0.33106430489783734,0.35131947697078714,0.9516154276651143,0.7613019133038341
NQ,GLOBEX,B0,1day,345,2018,2,84,0.7786151400926927,0.9246150938732723,4.756305222478244,9.890399684909667,0.4898944853500477,0.9628916357844868,9.40050519955962
NQ,GLOBEX,B0,1day,345,2018,3,87,1.4405578706811943,1.369843479567241,-2.462400210015216,-4.099099434574969,0.8079411115396685,0.9794746618193065,5.5396573052561635
NQ,GLOBEX,B0,1day,345,2019,0,243,0.7410352427859519,0.7848725667476605,1.322734181602631,1.1457333519898698,0.760165505582698,0.9864941613966746,0.5816989388166791
NQ,GLOBEX,B0,1day,345,2019,1,100,0.45081018585549226,0.4392159990688912,0.8659436830514294,0.6065492338193365,0.5795520295364278,0.9738989971675086,0.5346829980986174
NQ,GLOBEX,B0,1day,345,2019,2,91,0.651749924534984,0.570847396980709,-31.46684240964509,1.712632267697058,0.745546911772043,0.957722187875015,33.17947467734215
NQ,GLOBEX,B0,1day,345,2019,3,52,0.8546328792056505,0.6722141358639429,-1.6758776544735539,2.4037491107641826,0.45689440333237047,0.9720725157869288,4.0796267652377365
NQ,GLOBEX,B0,1day,345,2020,0,244,0.8907656992360444,0.880093790924274,1.2819236112587875,1.0489255154708,0.8968687906431163,0.993871558945876,0.40182982033451353
NQ,GLOBEX,B0,1day,345,2020,1,35,0.28442693660786605,0.06405774680215916,-0.3106569853495784,-0.3111079519907428,0.5161135331917958,0.9775786428248623,1.288686594815605
NQ,GLOBEX,B0,1day,345,2020,2,71,0.2799449576583643,0.231578071205295,0.728398218596298,0.39883820092544575,0.12377618033055561,0.9410094789046527,0.8172332985740971
NQ,GLOBEX,B0,1day,345,2020,3,138,0.8486672051149764,0.8757354550109667,1.376286604054732,1.1161620554512925,0.8753600065913303,0.9901130315514771,0.5276193989397555
NQ,GLOBEX,B0,1day,345,2021,0,246,0.7811012711520381,0.7829233296396183,1.7325833410128768,1.2405429080234012,0.809416708310249,0.9889795748665243,0.9514820698608387
NQ,GLOBEX,B0,1day,345,2021,1,86,0.6605609020101774,0.6613783940145215,-0.4359434514560603,-0.4640525644358131,0.52098301636155,0.9753037895275161,1.4393563539633292
NQ,GLOBEX,B0,1day,345,2021,2,97,0.8651189993474658,0.8669851188390849,-0.5663780419619995,-0.6469636992290555,0.5299658532796481,0.9570406825965585,1.604004381825614
NQ,GLOBEX,B0,1day,345,2021,3,63,0.3471218681361226,0.6488630463195613,1.0302114643721991,2.3945133469947932,0.7300136547215084,0.9773793895318711,2.0473914788586707
NQ,GLOBEX,B0,1day,345,2022,0,245,0.5374169939115432,0.5650100447104943,1.0371625092723422,0.8274086125308887,0.5984442716256652,0.9769015341454956,0.49974551536079903
NQ,GLOBEX,B0,1day,345,2022,2,35,-0.03342192469397008,-0.16625968654041312,-0.03711306231002832,0.1710630994630825,-0.7605846548345863,0.900188512667983,1.6607731675025694
NQ,GLOBEX,B0,1day,345,2022,3,207,0.5237886458105763,0.5352032511633371,1.1814606048163148,0.8483380570775766,0.5748381464275579,0.9692802501192805,0.6576719590057385
NQ,GLOBEX,B0,1day,345,2023,0,244,0.46220476544830863,0.4913184521096545,0.7183500042288702,0.6846272838666307,0.603040044004583,0.9776226362393229,0.5154178707910142
NQ,GLOBEX,B0,1day,345,2023,1,49,0.5187288469185032,0.5188740747193089,-0.34993883173457074,-0.3504306988794413,0.5121448410658742,0.9808947440318205,1.3313254429112618
NQ,GLOBEX,B0,1day,345,2023,2,140,0.5576203085731409,0.6166983145734523,1.1729662225958277,1.003132677475234,0.6984234455817953,0.9486455140907233,0.6153459140226868
NQ,GLOBEX,B0,1day,345,2023,3,55,0.26861355477455007,0.3052724678724169,0.33387451467477636,0.35580943304397045,0.23619666650994411,0.9568599972974748,0.7206633307875308
NQ,GLOBEX,B0,1day,1380,0,0,1948,0.8431568876978951,0.8668440933129714,1.0775261308870787,0.9850380439998032,0.8761089778764366,0.9980262887109778,0.23436924318918362
NQ,GLOBEX,B0,1day,1380,0,1,650,0.432741822649076,0.5094027578153175,0.7925563430035676,0.8126052834798757,0.6132920350331926,0.9929901313000155,0.5602483086509394
NQ,GLOBEX,B0,1day,1380,0,2,649,0.5386548521132278,0.5867327478767063,0.9275727616849816,0.8485962266541266,0.6283157245654564,0.9905073694546911,0.45185251734146326
NQ,GLOBEX,B0,1day,1380,0,3,649,0.7113948466046808,0.7756376083862434,1.2702057152231216,1.1030348621022437,0.8253559494302142,0.9958414092027242,0.5588108686184409
NQ,GLOBEX,B0,1day,1380,2016,0,241,0.8329908494139319,0.8511929730942331,1.1545618790222185,1.0324637478294327,0.941684834799088,0.9975021552392478,0.32157102960828665
NQ,GLOBEX,B0,1day,1380,2016,1,111,0.6179713493986985,0.826278039985602,2.1019333048149385,2.4451136689475135,0.6138019117522692,0.9900646249896877,1.8313117571952442
NQ,GLOBEX,B0,1day,1380,2016,2,89,0.6114408477683423,0.6642943265223729,1.3150123468745136,1.046868017878459,0.8663142750945123,0.991078311701539,0.7035714991061713
NQ,GLOBEX,B0,1day,1380,2016,3,41,0.9433915424642282,0.8911646827997973,-5.546060738658941,4.578622710647086,0.6960149896803535,0.9954717096110827,10.124683449306026
NQ,GLOBEX,B0,1day,1380,2017,0,242,0.7533066435066195,0.8004043982007102,2.352105979602836,1.665049944761673,0.5949729542268027,0.9927153761275592,1.7571330253760333
NQ,GLOBEX,B0,1day,1380,2017,1,194,0.5978105419040545,0.660427811883697,1.914379558467089,1.4679213498395902,0.5539820750335359,0.9884110273046813,1.360397483433553
NQ,GLOBEX,B0,1day,1380,2017,2,42,-0.029324590165396708,-0.2832367479371693,-0.03285341033313426,0.19569855422530805,0.23403887567403736,0.9855350216098622,1.2687717695470315
NQ,GLOBEX,B0,1day,1380,2018,0,243,0.9226447282272844,0.8841821346348605,1.5451104048887767,1.0982106511870469,0.8521142235875749,0.9976999130531475,0.6929961813012018
NQ,GLOBEX,B0,1day,1380,2018,1,72,0.3344217750534021,0.32204924079096214,0.8997561866086686,0.5250363877300609,0.27916415842573095,0.98622443856072,0.707060280134989
NQ,GLOBEX,B0,1day,1380,2018,2,84,0.5889517980576535,0.7382078343374036,2.469568158317331,2.5824113974748153,0.5308980004162812,0.9902534364373304,2.051513397058534
NQ,GLOBEX,B0,1day,1380,2018,3,87,1.4771194711688294,1.4287779052507832,-2.9838697853733374,-4.250980110594027,0.8556363773792702,0.994703028016828,5.728099581762856
NQ,GLOBEX,B0,1day,1380,2019,0,243,0.7966348115608626,0.8368034801964871,1.458275818581161,1.2005912365992242,0.7889097753104837,0.9964717366235023,0.6693660432706774
NQ,GLOBEX,B0,1day,1380,2019,1,100,0.5120535156700613,0.5000420484285223,1.0008197318648584,0.6845875536303785,0.6220668378612094,0.992799403411417,0.5007776834363361
NQ,GLOBEX,B0,1day,1380,2019,2,91,0.7356311657098759,0.6153104568949154,-4.0002214016244775,2.34296859725378,0.783917403099588,0.9897686319902991,6.343189998878257
NQ,GLOBEX,B0,1day,1380,2019,3,52,0.9594020446118401,0.7822066127074156,-1.4623279615245446,8.400887915548868,0.6285172616510011,0.9931120824407581,9.863215877073412
NQ,GLOBEX,B0,1day,1380,2020,0,244,0.9104331006748758,0.9018819597176109,1.328208643403008,1.084058811870522,0.9172344417634499,0.9983916735886638,0.42632668368539717
NQ,GLOBEX,B0,1day,1380,2020,1,35,0.45934566871673915,0.08963419282062864,-0.3802119255322791,0.09775095846919782,0.5115857262110902,0.99300742532003,1.3732193508523092
NQ,GLOBEX,B0,1day,1380,2020,2,71,0.43117237730676944,0.4075052148868748,1.322851467915119,0.8005160089487894,0.381184457369281,0.9844929939705408,0.941667010545838
NQ,GLOBEX,B0,1day,1380,2020,3,138,0.8780656119830353,0.9058960756059298,1.3811557759862967,1.1544706984848878,0.9089238502775001,0.9975742046388004,0.5030901640032613
NQ,GLOBEX,B0,1day,1380,2021,0,246,0.8154956125599893,0.8005001376229733,1.7620994604068774,1.2066853061335014,0.8208066439662647,0.9969241690643401,0.961599322783904
NQ,GLOBEX,B0,1day,1380,2021,1,86,0.548110044215908,0.5485636230009263,-0.49697453175517,-0.4900917970236462,0.5601439159912246,0.9932464186342522,1.4902209503894221
NQ,GLOBEX,B0,1day,1380,2021,2,97,1.090024992210388,1.0920107095944211,-0.709700929942569,-0.8187133472352762,0.6154479203871128,0.9882144152211931,1.9107240568296975
NQ,GLOBEX,B0,1day,1380,2021,3,63,0.3919253312089158,0.8328740127482251,1.431308380966837,5.843333386323695,0.8201750850515841,0.9936401508321002,5.451408055114779
NQ,GLOBEX,B0,1day,1380,2022,0,245,0.5666741702164808,0.6073132984157303,1.1015610338205304,0.9233816912211215,0.620367918437502,0.9938986027517399,0.5348868636040496
NQ,GLOBEX,B0,1day,1380,2022,2,35,-0.47923376783929383,-0.47806639992353894,0.3705651785891408,0.370023794383814,-0.7676110619585026,0.9761873173438855,1.7437983793023881
NQ,GLOBEX,B0,1day,1380,2022,3,207,0.5409511614484518,0.569310926468568,1.2094526457793169,0.9369200220113436,0.6217690731145618,0.9919731479371344,0.6685014843308651
NQ,GLOBEX,B0,1day,1380,2023,0,244,0.5201849483055875,0.551380709987723,0.8660641959169932,0.7684994164157763,0.6182235343881702,0.9940971845349578,0.4739122362293703
NQ,GLOBEX,B0,1day,1380,2023,1,49,0.666432085860438,0.6667471400512206,-0.42647984817030105,-0.46609018575087263,0.4973572038277319,0.9951292148489779,1.4612194005998504
NQ,GLOBEX,B0,1day,1380,2023,2,140,0.6306418819865433,0.6464724246606254,1.2756212161240528,0.9477315554281586,0.7620361240243604,0.9861963653215622,0.6449793341375095
NQ,GLOBEX,B0,1day,1380,2023,3,55,0.3482304251871963,0.49803632500201095,0.5378127537832422,0.736605822971143,0.3002414425868816,0.9881263747779547,0.6878849321910732
NQ,GLOBEX,B0,1h,60,0,0,42856,1.4630210647223412,1.4629939949707684,-8.687280280929729,-33.479215727139,0.9974577503266355,0.9999813027050701,34.94223679186134
NQ,GLOBEX,B0,1h,60,0,1,14300,1.630377143917371,1.6176310367067859,-5.452204078709848,-10.481278184703774,0.9973988508273403,0.9999908891859106,12.111655328621145
NQ,GLOBEX,B0,1h,60,0,2,14278,1.8935625846450248,1.8936670218080303,-3.2542509198650076,-3.890440660233898,0.9974242796645134,0.9999633052631364,5.784107682041928
NQ,GLOBEX,B0,1h,60,0,3,14278,0.8621078053584885,0.8275941010424571,3.024334609677189,1.6204471967420278,0.9978904993335759,0.9999546880763736,2.196740508634732
NQ,GLOBEX,B0,1h,60,2016,0,5302,1.8740762264798734,1.874199794288524,-3.5151377959722807,-4.419657693298328,0.997448654041467,0.9999482890996122,6.293857487586852
NQ,GLOBEX,B0,1h,60,2016,1,2442,1.87386028057738,1.8740170052996654,-3.5137622865487264,-4.418993596614496,0.9974222555144744,0.9999514758419611,6.293010601914162
NQ,GLOBEX,B0,1h,60,2016,2,1958,1.888912341974691,1.871621642015416,-3.5078820488217626,-4.258171431121456,0.9975012406276936,0.9999615153862477,6.1470837730961465
NQ,GLOBEX,B0,1h,60,2016,3,902,0.889816419355363,0.827292112720213,2.381020970461653,1.377190004256813,0.8906912640341804,0.9739123711263599,1.55372885774144
NQ,GLOBEX,B0,1h,60,2017,0,5324,1.873354252604094,1.873442753566081,-3.6141869027246902,-4.418393120543986,0.9975840047846564,0.9999766145829175,6.291835874110067
NQ,GLOBEX,B0,1h,60,2017,1,4268,1.8749861947086028,1.8750653702954774,-3.617598164287517,-4.422365640010355,0.9975903018754999,0.9999775614564921,6.297431010305832
NQ,GLOBEX,B0,1h,60,2017,2,924,1.887040873381961,1.887162319612924,-3.5069260006378267,-4.25446969128857,0.9975943607667891,0.9999753011564534,6.1416320109014935
NQ,GLOBEX,B0,1h,60,2017,3,132,1.5406314695131003,1.2020482684953628,-7.353416264272295,3.126058856984847,0.8876371229963902,0.9859098854359253,10.479475121257142
NQ,GLOBEX,B0,1h,60,2018,0,5346,1.4880636391476398,1.4662868921737602,-9.978811352641646,104.32099771924395,0.9972713268936614,0.999982795799166,114.29980907188559
NQ,GLOBEX,B0,1h,60,2018,1,1584,1.4802316861587843,1.4481736732003658,-10.050961914563377,52.36826027318644,0.997082664769727,0.9999941090212369,62.419222187749824
NQ,GLOBEX,B0,1h,60,2018,2,1848,1.8714981676334284,1.8716260588209415,-3.509880023356113,-4.413558159547742,0.9963496655193184,0.9999522879659544,6.285184218368684
NQ,GLOBEX,B0,1h,60,2018,3,1914,1.1861247280115939,0.9672963209047732,4.853188634574561,1.6232867138821545,0.8852136050119378,0.9796158832055842,3.9679750295626235
NQ,GLOBEX,B0,1h,60,2019,0,5346,1.9102126872547178,1.9102728558557416,-3.2262526158167493,-3.735791525148138,0.9974406531318742,0.999979202382369,5.64606438100388
NQ,GLOBEX,B0,1h,60,2019,1,2200,1.9622424563034409,1.9432558426942463,-2.9622416203779305,-3.4789007140610164,0.9971983300727756,0.9999898771904225,5.441143170364457
NQ,GLOBEX,B0,1h,60,2019,2,2002,1.8867602244389712,1.8868524064222154,-3.5075647208391962,-4.254367420712878,0.9974220186638467,0.999948175520625,6.141219827135093
NQ,GLOBEX,B0,1h,60,2019,3,1144,1.0628725756339499,0.8927029505072382,4.111669106532812,1.577381660623681,0.8418058521186554,0.9759968697241668,3.2698632544141564
NQ,GLOBEX,B0,1h,60,2020,0,5368,0.9512809119540018,0.9710031953695093,6.406149778756957,3.0973978339351897,0.9970179012072442,0.9999880545790688,5.454868866802955
NQ,GLOBEX,B0,1h,60,2020,1,770,1.9277253749957206,1.927984274445257,-3.216644682926777,-3.948865714680705,0.9977087310019935,0.9999932557006977,5.876849989125962
NQ,GLOBEX,B0,1h,60,2020,2,1562,1.9960851940484305,1.9961226631583204,-2.2504411872034735,-2.4356551197368135,0.9976183918801552,0.9999754880012038,4.431777782895134
NQ,GLOBEX,B0,1h,60,2020,3,3036,0.8384169281144226,0.779442168831513,2.5521240715038287,1.3388684598366485,0.9967758849367518,0.9999888136289588,1.7726819026723157
NQ,GLOBEX,B0,1h,60,2021,0,5412,1.4792622106007618,1.4575511327918194,-10.93568114426767,104.54557211441676,0.9974499220992542,0.9999825698168203,115.48125325868443
NQ,GLOBEX,B0,1h,60,2021,1,1892,1.5104191163252647,1.4885262191008066,-7.899630310717895,-104.71591688485168,0.9971082970619253,0.9999938985994935,106.22633600117695
NQ,GLOBEX,B0,1h,60,2021,2,2134,1.1611336602600015,0.9367289704777783,12.321226652645715,1.9145209225559225,0.8393313976167384,0.972368102146495,11.481895255028975
NQ,GLOBEX,B0,1h,60,2021,3,1386,1.1057815691525767,0.9364893247659152,4.00429776311743,1.5870060376965767,0.8955422840443291,0.9787941532981973,3.1087554790731007
NQ,GLOBEX,B0,1h,60,2022,0,5390,1.8722080670585857,1.8723213067408486,-3.61087826613061,-4.4151391103175825,0.9976681666321887,0.9999806366320471,6.287460417058432
NQ,GLOBEX,B0,1h,60,2022,1,66,2.1002032430579685,2.1014758119276022,-1.5590643283361671,-1.8378570827128158,0.9978163365907032,0.9999994436508551,3.939332894640418
NQ,GLOBEX,B0,1h,60,2022,2,770,1.9424735778248576,1.942765845535142,-3.132051937638851,-3.818574913077762,0.9977478621235268,0.9999936507605115,5.761340758612905
NQ,GLOBEX,B0,1h,60,2022,3,4554,1.8736202843734646,1.8737208092406157,-3.6140293152365546,-4.419341327995073,0.9971422527044934,0.9998856435778878,6.2930621372356885
NQ,GLOBEX,B0,1h,60,2023,0,5368,1.515133596031157,1.4923746471001926,-8.444230008530626,-52.45147216805603,0.9976071857238624,0.999985069818164,53.966605764087184
NQ,GLOBEX,B0,1h,60,2023,1,1078,1.5566603906201,1.5219499528885005,-6.53960970263322,-34.98440332422632,0.9968755483775094,0.9999966024006928,36.54106371484642
NQ,GLOBEX,B0,1h,60,2023,2,3080,1.8594330093544207,1.859527356661331,-3.6205454334836156,-4.426924128471331,0.9974416675065502,0.9999237823070279,6.2864514851326625
NQ,GLOBEX,B0,1h,60,2023,3,1210,1.4290529967710788,1.063985640038852,-11.519442525615755,2.3611893682645415,0.9058587497823036,0.9820468314628302,13.880631893880297
NQ,GLOBEX,B0,30min,30,0,0,87660,1.1981557830968703,1.07632108476697,3.48394259755368,1.765589299270211,0.996604725027539,0.9999716927251813,2.4873378725261412
NQ,GLOBEX,B0,30min,30,0,1,29250,1.2520054564169534,1.111178283805475,3.790866139025045,1.792351104362409,0.9961678670923999,0.9999864648647439,2.794698271932645
NQ,GLOBEX,B0,30min,30,0,2,29205,1.2827676154958678,1.117540769295045,4.955490931442015,1.9784428982719062,0.9964250424664625,0.9999441604511825,3.9590658889755526
NQ,GLOBEX,B0,30min,30,0,3,29205,0.8763163154710054,0.8780522269661001,1.7133504499307373,1.2819941702839448,0.9968538428469433,0.9999241230365215,0.8370341344597318
NQ,GLOBEX,B0,30min,30,2016,0,10845,1.309693128660824,1.1253135152580964,4.8913031300151495,1.9391852855194955,0.9950820563099521,0.9999590485885984,3.896221073705197
NQ,GLOBEX,B0,30min,30,2016,1,4995,1.3095986700537063,1.1252508179178282,4.890810084560738,1.9390841154791472,0.9952847891849141,0.9999716048193581,3.895525295375824
NQ,GLOBEX,B0,30min,30,2016,2,4005,1.3084397110205486,1.1245634205555408,4.884949817581337,1.937848843356321,0.9944456396213305,0.9999531784630645,3.8905041779600062
NQ,GLOBEX,B0,30min,30,2016,3,1845,0.8073928821746901,0.9067711124705462,1.435150239828025,1.3370130001228562,1.4876466691818608,0.9538989034171563,0.6802537870071708
NQ,GLOBEX,B0,30min,30,2017,0,10890,1.3095438783063575,1.125134665901717,4.891221649246716,1.9388882572275585,0.9950062798400214,0.9999742666739277,3.8962153694066943
NQ,GLOBEX,B0,30min,30,2017,1,8730,1.3103637764217706,1.1257260337696917,4.894853822903789,1.9399442933356725,0.9951191731009176,0.9999755794708081,3.8997346498028715
NQ,GLOBEX,B0,30min,30,2017,2,1890,1.3076012626708156,1.132731788253507,4.8820419000723625,1.9365916261434801,0.9943211672228894,0.9999712510112497,3.887720732849473
NQ,GLOBEX,B0,30min,30,2017,3,270,1.0403059832729655,0.973025095272835,2.1123521220883017,1.3326209017114008,0.9110940115673916,0.9741473499110292,1.2012581105209101
NQ,GLOBEX,B0,30min,30,2018,0,10935,1.1899452438643867,1.0681903673519926,3.2227757257111045,1.6772843813096716,0.9962365714133813,0.999971570905416,2.2265391542977233
NQ,GLOBEX,B0,30min,30,2018,1,3240,1.2097179774631264,1.0848706875377563,3.18538248084143,1.670668186615201,0.9950359447840587,0.9999900843752185,2.1903465360573713
NQ,GLOBEX,B0,30min,30,2018,2,3780,1.1435430190446387,0.9827960569036039,4.269689730794219,1.6935111343041276,0.9961380709027018,0.9999298546619056,3.2868936738906154
NQ,GLOBEX,B0,30min,30,2018,3,3915,0.9016741251862973,0.9231133736204161,1.4969703321991918,1.2184350367083505,0.8967600577192834,0.9631921542788858,0.6002102744799085
NQ,GLOBEX,B0,30min,30,2019,0,10935,1.3117970617827712,1.1423752848154944,5.287964036396095,2.0662970127979863,0.9966340698322514,0.999965190749327,4.291329966563843
NQ,GLOBEX,B0,30min,30,2019,1,4500,1.3113285593010917,1.1517017397564762,5.518148635655642,2.1128554110496642,0.9966917124912646,0.9999830714851831,4.5214569231643775
NQ,GLOBEX,B0,30min,30,2019,2,4095,1.3077708580306566,1.1327155310363326,4.883554247935703,1.9365512585042468,0.995997142193995,0.9999127713896734,3.887557105741708
NQ,GLOBEX,B0,30min,30,2019,3,2340,0.8500927308331219,0.9001277215554427,1.4961678203454631,1.2437864787621997,0.6039805027996212,0.9574265186068016,0.8921873175458419
NQ,GLOBEX,B0,30min,30,2020,0,10980,0.9878005887853503,0.9611743140176523,2.3562556810195248,1.5093182912822232,0.9959465060102185,0.999979776171284,1.3950813670018725
NQ,GLOBEX,B0,30min,30,2020,1,1575,1.3213341295151921,1.12773538972738,5.088730121858855,1.9850580683659025,0.9963419710024942,0.9999887032541587,4.092388150856361
NQ,GLOBEX,B0,30min,30,2020,2,3195,1.2917546909787334,1.1945804181591986,7.184837810054214,2.694019449846154,0.9961066463967952,0.9999561683519026,6.188731163657419
NQ,GLOBEX,B0,30min,30,2020,3,6210,0.8275793876712353,0.8409980151651945,1.5031048441912875,1.1833904095004515,0.9958186563429116,0.9999812446773494,0.6755254565200522
NQ,GLOBEX,B0,30min,30,2021,0,11070,1.2131261366153043,1.0883151302558647,3.286848830123701,1.708933148146821,0.9973183803883903,0.9999710370254954,2.2895304497353104
NQ,GLOBEX,B0,30min,30,2021,1,3870,1.213878345744029,1.0911310033801136,3.3813685873127555,1.69933979373237,0.9973631589372005,0.9999899203318113,2.3840054283755547
NQ,GLOBEX,B0,30min,30,2021,2,4365,0.8652131181248011,0.9110985183509611,1.673801174083594,1.3455492065489976,0.8455208692447025,0.9513967734236728,0.8282803048388916
NQ,GLOBEX,B0,30min,30,2021,3,2835,0.8992464762896095,0.9281582572827846,1.5220927817258627,1.2361158528633533,1.0453708317523338,0.9624820749159625,0.6228463054362532
NQ,GLOBEX,B0,30min,30,2022,0,11025,1.308879946614328,1.1247509698700973,4.887769314114695,1.9381972840959456,0.9976617084237215,0.9999678003962476,3.8901076056909734
NQ,GLOBEX,B0,30min,30,2022,1,135,1.4463117366371774,1.1752564820368427,14.611670673379514,2.3619266415760234,0.9977684697239424,0.9999990546897238,13.613902203655572
NQ,GLOBEX,B0,30min,30,2022,2,1575,1.3193537077216293,1.1354874294137602,5.0778966971064525,1.9829531968432021,0.997727049562026,0.9999894974275534,4.080169647544427
NQ,GLOBEX,B0,30min,30,2022,3,9315,1.309242923663979,1.1246982021746326,4.890951564706055,1.9381581136121957,0.9972367841296956,0.9998096676540628,3.8937147805763592
NQ,GLOBEX,B0,30min,30,2023,0,10980,1.2206272727999943,1.0969386530542804,3.3685152718219715,1.6945490891838066,0.9975986690121955,0.9999752480160985,2.370916602809776
NQ,GLOBEX,B0,30min,30,2023,1,2205,1.225897538488389,1.094062018994151,3.481133928540507,1.737678417766095,0.9972615545594927,0.9999943820243153,2.483872373981014
NQ,GLOBEX,B0,30min,30,2023,2,6300,1.3003622311336962,1.126194480561306,4.899478152175477,1.940811263033656,0.9974359229059816,0.9998734536912512,3.902042229269495
NQ,GLOBEX,B0,30min,30,2023,3,2475,0.9906576928158778,0.9835177138964848,1.9007720456078496,1.3597351953664614,0.8898043523468091,0.9670779537163414,1.0109676932610405
NQ,GLOBEX,B1,1day,23,0,0,1948,0.7213469439663173,0.7478944917176957,0.92197369190698,0.8637963092951443,0.7781369759963154,0.9220465670032061,0.20069962303688882
NQ,GLOBEX,B1,1day,23,0,1,650,0.27281417612280867,0.30597123813342486,0.4891781888263822,0.4769956853889141,0.3754498032593218,0.7491916393817282,0.4763774632589195
NQ,GLOBEX,B1,1day,23,0,2,649,0.12990266799833952,0.11657862604740606,0.21326309199641813,0.15589460278930264,-0.9207546323557272,0.6470209098009776,1.5677755421567048
NQ,GLOBEX,B1,1day,23,0,3,649,0.5180084116053661,0.5526427767214137,0.8775669127104788,0.7494098842600736,0.4228460708103147,0.8089974810143671,0.4547208419001641
NQ,GLOBEX,B1,1day,23,2016,0,241,0.6643383019516715,0.681017940000116,0.9361057755617526,0.8397337338739583,0.8223899192270153,0.9014201206239983,0.271767473610081
NQ,GLOBEX,B1,1day,23,2016,1,108,0.3332026166887653,0.3863390622917887,0.6999068771040703,0.6904482656634741,0.32770706157374085,0.6055911901741069,0.37219981553032944
NQ,GLOBEX,B1,1day,23,2016,2,92,0.3139888434514536,0.21066222949366664,1.222544124604928,0.26375949099444473,-0.7027838048003844,0.6920650062184233,1.9253279294053125
NQ,GLOBEX,B1,1day,23,2016,3,41,0.5244103495861383,0.4146436747202894,-1.0798074243492797,1.0781123834070674,0.25567789370414346,0.8083067283445244,2.157919807756347
NQ,GLOBEX,B1,1day,23,2017,0,242,0.49197676237297805,0.5106421798704317,1.477277956997605,1.0322242846855199,0.42245833304845415,0.8184970985069159,1.0548196239491507
NQ,GLOBEX,B1,1day,23,2017,1,196,0.33016200308463384,0.3377668176791532,0.8174289521917286,0.562042625098142,0.28688106749086134,0.7374057536429537,0.5305478847008673
NQ,GLOBEX,B1,1day,23,2017,2,39,-0.1428175642989756,-0.5268687082042648,-0.9411924483812858,1.1886355315322614,-2.5921647560148977,0.645066767284481,3.780800287547159
NQ,GLOBEX,B1,1day,23,2018,0,243,0.7727503574552179,0.752306662428913,1.3215506955551886,0.9589205379431375,0.7587590846029653,0.9097796855013152,0.5692440331262756
NQ,GLOBEX,B1,1day,23,2018,1,72,-0.012765945658903337,-0.07601818153896142,-0.014238145654617822,0.06837975086205136,0.0009361906266214886,0.6536381069752826,0.729656288514244
NQ,GLOBEX,B1,1day,23,2018,2,84,0.963339315355552,0.9624522937565405,-0.8134062364773118,-0.8229029729156028,-0.8192272395408742,0.6355772932231067,1.7862422882711546
NQ,GLOBEX,B1,1day,23,2018,3,87,1.1126692247517567,1.0476388235833898,-1.5463848428513476,-2.4656890927904107,0.5023382868134586,0.758464783427804,3.5783583175421674
NQ,GLOBEX,B1,1day,23,2019,0,243,0.6194732482400812,0.6470302533348379,1.1560363504443283,0.9540071166908447,0.5830869508397765,0.8766937349732599,0.5729493996045518
NQ,GLOBEX,B1,1day,23,2019,1,99,0.3202164508256413,0.3037198967999792,1.1176953444479543,0.6735624827622512,0.36015737995804714,0.7501046858792177,0.813975447647975
NQ,GLOBEX,B1,1day,23,2019,2,93,-0.054589110824000274,-0.038089636143074486,-0.06043762081149626,-0.07265996919653005,-1.3053419488623097,0.6584493841138748,1.9637913329761845
NQ,GLOBEX,B1,1day,23,2019,3,51,0.22120666010217588,0.11112015462337667,-0.959274027852824,0.10886681760050299,-1.0198537501121505,0.7301276290140278,1.7499813791261785
NQ,GLOBEX,B1,1day,23,2020,0,244,0.7736095704105642,0.7789961478778183,1.1288379798996486,0.9440448925429494,0.833598448851686,0.9290206826496941,0.3552284094890844
NQ,GLOBEX,B1,1day,23,2020,1,34,-0.12955515850412663,-0.09996829433235915,-0.13664709228977714,-0.10919215168216098,0.33556109867542405,0.7273159675953444,0.8639630598851216
NQ,GLOBEX,B1,1day,23,2020,2,74,0.022829484653949624,0.0373430019492886,0.03575835638275926,0.04074748403551513,-1.0875189625911905,0.5682074859879569,1.6557264485791474
NQ,GLOBEX,B1,1day,23,2020,3,136,0.733535496476169,0.7821257631044711,1.1505368477055147,1.0317539446295811,0.7919662811872894,0.8637518718049959,0.4170013512293457
NQ,GLOBEX,B1,1day,23,2021,0,246,0.6963728204244615,0.6914166541779602,1.6223281167791914,1.1280379093524326,0.6799228698187976,0.8972134160518643,0.9424052469603938
NQ,GLOBEX,B1,1day,23,2021,1,88,0.5481783964403988,0.5486292277649696,-0.3990265876783208,-0.39902985416335374,0.3032313102618281,0.7721434537845893,1.171173307947943
NQ,GLOBEX,B1,1day,23,2021,2,93,-0.029806909453236018,-0.039579425249751644,-0.03314256045941985,-0.04290635352365411,-0.6443427592032387,0.6613072882462838,1.3056500474495225
NQ,GLOBEX,B1,1day,23,2021,3,65,0.17298156133762932,0.6081118827849804,0.26182674092990144,-36.37134458380885,0.021039273568794082,0.7471204002766691,37.11846498408552
NQ,GLOBEX,B1,1day,23,2022,0,245,0.3766147971606123,0.344000181175051,0.5363879119700709,0.3711287210053032,0.3034399223807366,0.8022848113947182,0.4988448890139816
NQ,GLOBEX,B1,1day,23,2022,2,40,-0.08218491977212997,-0.38751175414216066,0.33285218226807894,0.33236793889025196,-1.9905558807071457,0.24458416470431787,2.3234080629752247
NQ,GLOBEX,B1,1day,23,2022,3,202,0.2950755855462812,0.29015737823646925,0.5408095478676356,0.37934960184810673,0.014982183490677262,0.7540006210437988,0.7390184375531216
NQ,GLOBEX,B1,1day,23,2023,0,244,0.35310277364195486,0.3981792939233214,0.593524875553022,0.5553380761670277,0.49290632161447845,0.8424180532591886,0.48931527961723376
NQ,GLOBEX,B1,1day,23,2023,1,50,0.32754909949402117,0.3222987164304276,-0.4063017311372486,-0.5895941035722698,0.4910177864334954,0.7594786999698397,1.3490728035421096
NQ,GLOBEX,B1,1day,23,2023,2,134,0.10431853766370816,0.10332308003753403,0.11425271613347016,0.10030740931059126,-0.22403905295209986,0.4747352946578637,0.6987743476099635
NQ,GLOBEX,B1,1day,23,2023,3,60,0.30675892884959594,0.3260560227667345,0.4886592220197854,0.4050784931651444,-0.09508883666809097,0.7159099194932378,0.8109987561613288
NQ,GLOBEX,B1,1day,46,0,0,1948,0.7715854150604687,0.7892546932069363,0.9716822040677187,0.8891564225440293,0.8195590130774864,0.9555567985336819,0.20009678900724992
NQ,GLOBEX,B1,1day,46,0,1,650,0.3036262255960322,0.3302636804482349,0.4900761150118995,0.48643155381601105,0.4976170010863563,0.865119592382175,0.5614933667861428
NQ,GLOBEX,B1,1day,46,0,2,649,0.2343071965496876,0.24827426263329438,0.4120412706129678,0.37219424110658983,-0.017980717860597455,0.7814694843880655,0.7994502022486629
NQ,GLOBEX,B1,1day,46,0,3,649,0.5981264072612003,0.6267413264769325,0.9948821765073055,0.8493834943246917,0.6128498620370714,0.8936739619039638,0.3967557692461052
NQ,GLOBEX,B1,1day,46,2016,0,241,0.6942423613361529,0.7194195370321155,0.9787322806505082,0.8796936732858824,0.8323445844868738,0.9407636375736557,0.2844899193143553
NQ,GLOBEX,B1,1day,46,2016,1,108,0.44738364384228946,0.5992428692860777,1.32234724656232,1.5147545491627155,0.41736733163924367,0.8139435472940975,1.0973872175234718
NQ,GLOBEX,B1,1day,46,2016,2,92,0.1485386167412311,0.10708916038105752,0.4260903440272003,0.14002031725338424,-0.14360795930407746,0.8055233449369141,0.9491313042409916
NQ,GLOBEX,B1,1day,46,2016,3,41,0.6042352782030425,0.5009475674645569,-3.191649238578943,1.1837149592423402,0.451235249541468,0.8769058241225606,4.375364197821283
NQ,GLOBEX,B1,1day,46,2017,0,242,0.5889147317303834,0.5785296411762182,1.9925324678788372,1.154773137331803,0.518492899782706,0.889519252600627,1.4740395680961313
NQ,GLOBEX,B1,1day,46,2017,1,196,0.4276551702594121,0.3953578950167102,1.7705013356186978,0.7640684737636472,0.39420481224311915,0.8274134883519828,1.3762965233755786
NQ,GLOBEX,B1,1day,46,2017,2,39,-0.4865127699741927,-0.4609555617796014,2.124065961572626,8.171189752884466,-1.2396542867930331,0.7452075433928009,9.4108440396775
NQ,GLOBEX,B1,1day,46,2018,0,243,0.8253350764380772,0.803985335824249,1.4370704151883917,1.0423283325296133,0.8256126205221646,0.9464593429249858,0.6330850793641427
NQ,GLOBEX,B1,1day,46,2018,1,72,0.14440762855994138,0.07626086936822477,1.483725382302926,0.2827275270308367,0.3129431937452387,0.745016073046904,1.4074645129347012
NQ,GLOBEX,B1,1day,46,2018,2,84,0.26870976463452667,0.3581423870954988,0.5536510204340703,-2.904851161138034,0.08557336694252432,0.789957335111868,3.6948084962499017
NQ,GLOBEX,B1,1day,46,2018,3,87,1.0855775620532429,1.0409788415226398,-1.8228186993207118,-2.749028679540995,0.7848594406799569,0.8887323526015725,3.834606241594238
NQ,GLOBEX,B1,1day,46,2019,0,243,0.6317429097923045,0.6801140703776504,1.1729063525819627,1.0131130560868782,0.6361973254959281,0.9228902604442444,0.5411634427896582
NQ,GLOBEX,B1,1day,46,2019,1,99,0.24382195711465457,0.22576362858841856,0.5293626453615516,0.3455890271534469,0.3282783498128032,0.8424645653088522,0.6167009367204336
NQ,GLOBEX,B1,1day,46,2019,2,93,0.13531253610440094,0.04621108538838416,-0.17542209385703425,0.05062460113408821,-0.21037133169763217,0.7553102772470213,0.9656816089446534
NQ,GLOBEX,B1,1day,46,2019,3,51,0.45021642317084193,0.2889171985951649,-0.5871229943232119,0.7303387140912317,-0.2256404513993752,0.7560799702398782,1.34320296456309
NQ,GLOBEX,B1,1day,46,2020,0,244,0.8365938931879275,0.8301323666027075,1.2847557587132197,1.0228864570921576,0.8618758173218162,0.9621220745908357,0.45462339211051217
NQ,GLOBEX,B1,1day,46,2020,1,34,0.29959263602772956,0.2975151537378238,-0.2651835854505655,-0.2648128702549968,0.5801827486544026,0.8776267977606415,1.1428103832112069
NQ,GLOBEX,B1,1day,46,2020,2,74,0.944682766239867,0.9444288833994336,-1.0082784505899418,-0.9482695689837195,-0.14368073343218132,0.7168154481540394,1.952961216829809
NQ,GLOBEX,B1,1day,46,2020,3,136,0.7862158354207623,0.8598973917350237,1.2785724158974157,1.1453524846767849,0.8136214926490013,0.9305565775798691,0.4923565804766533
NQ,GLOBEX,B1,1day,46,2021,0,246,0.7138565867382295,0.7072884304014473,1.565315808800532,1.0978271776291815,0.7692168077917383,0.938923912396779,0.8580273783990846
NQ,GLOBEX,B1,1day,46,2021,1,88,0.047049920678127695,0.27077948662530316,0.06928605629290996,-1.1867704426010228,0.4307925969055414,0.8655018687852158,2.052272311386239
NQ,GLOBEX,B1,1day,46,2021,2,93,0.30434084159453506,0.3037128081993233,-0.19783825210845754,-0.19807160968989976,0.07453640043905778,0.7233027376921034,0.9213743473820032
NQ,GLOBEX,B1,1day,46,2021,3,65,0.24943864043926084,0.6563036508724382,0.5172536302629732,8.708633882620878,0.4931679292845102,0.8657455915953758,8.459195242181618
NQ,GLOBEX,B1,1day,46,2022,0,245,0.44362970351095093,0.4408005642563314,0.6989381159370426,0.5424530356630325,0.43393313285298046,0.8720665869125724,0.438133454059592
NQ,GLOBEX,B1,1day,46,2022,2,40,0.045796564317031205,0.33586575024472903,0.10596583976220653,-0.23653092630414366,-0.8819702142148503,0.5932447677624784,1.4752149819773286
NQ,GLOBEX,B1,1day,46,2022,3,202,0.40724263893116946,0.3768955818329235,0.7533642311922112,0.4758553399473444,0.2741830472130437,0.8298717281646595,0.5556886809516157
NQ,GLOBEX,B1,1day,46,2023,0,244,0.40787761570464864,0.4301593006318718,0.7005607028806662,0.594491777647696,0.5229186252997865,0.8929861901319857,0.485108574427337
NQ,GLOBEX,B1,1day,46,2023,1,50,-0.023216773547479103,-0.028073245263980216,-0.025596435752848326,-0.03027706904712969,0.53451548658986,0.908345704416118,0.9386227734632476
NQ,GLOBEX,B1,1day,46,2023,2,134,0.17428345498558043,0.14531591457428145,0.27332619152251636,0.1596590605222391,0.33567641174285456,0.71562219813398,0.5703062835596986
NQ,GLOBEX,B1,1day,46,2023,3,60,0.3014427476906911,0.2917060973238402,0.3855674944435208,0.32037611332836113,0.04424158823466347,0.820016515085125,0.7757749268504615
NQ,GLOBEX,B1,1day,138,0,0,1948,0.8155541894314104,0.8274109497339138,1.0270379259977656,0.9402199113276055,0.8667132325925622,0.983021843235989,0.2114837365663551
NQ,GLOBEX,B1,1day,138,0,1,650,0.35367792728355,0.41799416519087795,0.5780825161622103,0.6346820424189737,0.5685671804563835,0.9454283953578568,0.5917504680743069
NQ,GLOBEX,B1,1day,138,0,2,649,0.3895109077789608,0.44410394149094856,0.7130626957508536,0.6803277390545704,0.4543569058729211,0.9187523023392402,0.5292413945602794
NQ,GLOBEX,B1,1day,138,0,3,649,0.6670895460589739,0.7248409283395391,1.1914824181290113,1.0304424971626498,0.7926685473750846,0.9616496951280609,0.5243928720700375
NQ,GLOBEX,B1,1day,138,2016,0,241,0.7404241398899781,0.7627076379592919,1.075929918392536,0.9408304507638641,0.8985240382556121,0.9785319552481238,0.3355057785025578
NQ,GLOBEX,B1,1day,138,2016,1,108,0.552900045807517,0.6271861982242349,1.746166041537109,2.4603642997841684,0.3991166155211242,0.9243293249291349,2.0612476842630443
NQ,GLOBEX,B1,1day,138,2016,2,92,0.3767589349108156,0.29384586968486026,0.8782421644932508,0.4433643184104851,0.6335275020945617,0.931201767738204,0.6373558980533437
NQ,GLOBEX,B1,1day,138,2016,3,41,0.8799394179258594,0.7813111939082854,-10.425377694805654,2.341613570676422,0.7429975512611261,0.9610953632502968,12.766991265482076
NQ,GLOBEX,B1,1day,138,2017,0,242,0.6521673126961558,0.713365730019598,2.018745812517601,1.5212553412228578,0.5929486263107947,0.946857086665265,1.4257971862068066
NQ,GLOBEX,B1,1day,138,2017,1,196,0.4972777012753518,0.6079824640088863,1.4823678894390862,1.4197024480236955,0.4861476450931919,0.9208593340958954,0.9962202443458943
NQ,GLOBEX,B1,1day,138,2017,2,39,-0.4039093553308975,-0.40726726590659823,1.0407759749651677,0.9345846106947463,-0.14741565751591265,0.8683636387986505,1.4480432408717658
NQ,GLOBEX,B1,1day,138,2018,0,243,0.8841131704117109,0.8426163115369851,1.5073313291297963,1.0463501829158368,0.8623308916612742,0.9804733416658006,0.6647150175928112
NQ,GLOBEX,B1,1day,138,2018,1,72,0.2637873580434405,0.1426757965419613,1.0327016111903926,0.2710112853830349,0.26856014636102654,0.8969942441403224,0.8900258146484313
NQ,GLOBEX,B1,1day,138,2018,2,84,0.8546366566201202,0.9038941083704277,2.814559429473238,-3.1908652312140626,0.49153139291439524,0.9184261531893575,6.0054246606873
NQ,GLOBEX,B1,1day,138,2018,3,87,1.2768296403718609,1.2133837955967965,-2.157679377276497,-3.177776468641175,0.9046757919889706,0.9533899295096074,4.454606109013036
NQ,GLOBEX,B1,1day,138,2019,0,243,0.725243590828565,0.7683218669382191,1.3037429342010527,1.1326492258901362,0.7294346006068295,0.9692316157032093,0.5784993433724877
NQ,GLOBEX,B1,1day,138,2019,1,99,0.38963737910783763,0.39652474168693785,0.8381003437963302,0.641545137756679,0.5022131659065808,0.9402045910709276,0.55056721196309
NQ,GLOBEX,B1,1day,138,2019,2,93,0.4358213842513792,0.2858049405242905,-10.573750292756152,0.45469176171091547,0.5054635767687369,0.9109454460371164,11.484695738793269
NQ,GLOBEX,B1,1day,138,2019,3,51,0.9418321573362248,0.7929606624117993,-1.09342795214492,-7.810919608744692,0.3413089731963867,0.9275189982320986,8.752751766080918
NQ,GLOBEX,B1,1day,138,2020,0,244,0.8693517120880556,0.8556975308941132,1.2898746602590643,1.028572885189358,0.9106819111403821,0.9855586830480441,0.4341771293649511
NQ,GLOBEX,B1,1day,138,2020,1,34,-0.020414536771274833,-0.03468280447504343,-0.022192808125733255,-0.03697882218383839,0.4985492239406954,0.9440473609599028,0.9810261831437412
NQ,GLOBEX,B1,1day,138,2020,2,74,0.43478915230900333,0.4348550245499016,-1.458810272254023,-0.4645629056918719,-0.053143843516253425,0.8896648501707766,2.3484751224247997
NQ,GLOBEX,B1,1day,138,2020,3,136,0.841495357447133,0.9013105074974972,1.4182489656869717,1.2327750898069536,0.9179421887225124,0.9762363807595381,0.5767536082398387
NQ,GLOBEX,B1,1day,138,2021,0,246,0.7873811432653846,0.7621311918879924,1.803328394991182,1.1937452686433743,0.7966800364697647,0.9750947332402806,1.0411972031031898
NQ,GLOBEX,B1,1day,138,2021,1,88,0.3278601966634045,0.328460414721186,-0.26159909734436887,-0.261686799555195,0.5389624651536559,0.9443411684084443,1.2060279679636392
NQ,GLOBEX,B1,1day,138,2021,2,93,1.003302285587204,1.0027510958188441,-0.790598620239122,-0.7250559650167105,0.381376013217714,0.8910000165746252,1.793900905826326
NQ,GLOBEX,B1,1day,138,2021,3,65,0.3224242112888851,0.7995618578915046,0.9046416750319484,7.522975584301782,0.7002008388807212,0.947959126117535,7.200551373012897
NQ,GLOBEX,B1,1day,138,2022,0,245,0.55551073066095,0.5634259470175671,1.0091621892354146,0.7784983955095504,0.5599711875691156,0.9500550322881421,0.45365145857446454
NQ,GLOBEX,B1,1day,138,2022,2,40,0.1901295171345877,0.12387583749116747,4.843057646006281,0.16072848865833797,-0.6210747541834197,0.8378048022693576,5.464132400189701
NQ,GLOBEX,B1,1day,138,2022,3,202,0.5385964294692515,0.5084242387023671,1.2225968408261114,0.7580683932433488,0.5105407148882185,0.9313982501574907,0.7141726021237443
NQ,GLOBEX,B1,1day,138,2023,0,244,0.46879907802295584,0.5010029491262434,0.7298539075935653,0.6620278365079518,0.6130653837771571,0.9531568415299537,0.4843577635069979
NQ,GLOBEX,B1,1day,138,2023,1,50,0.5090151030820318,0.5087085450111526,-0.5327797752623171,-0.4547483023023296,0.5800189848269397,0.9640969288178187,1.4968767040801358
NQ,GLOBEX,B1,1day,138,2023,2,134,0.5220952541491473,0.5024969465553571,1.141747912912847,0.7493298156142162,0.6684510046326686,0.88355450951485,0.6392509663574898
NQ,GLOBEX,B1,1day,138,2023,3,60,0.30440889169540786,0.30830007540584164,0.3666587633264874,0.33869257584542545,0.17546850531472166,0.9061318938265098,0.7306633885117881
NQ,GLOBEX,B1,1day,345,0,0,1948,0.8291241694033099,0.8497073155568295,1.0280843248301916,0.9655919512216106,0.8663230179937729,0.9927182616748027,0.19896015542688172
NQ,GLOBEX,B1,1day,345,0,1,650,0.38136013901991433,0.45094898710072695,0.6348627148283075,0.7171109296927751,0.6052634584739933,0.9752435011877575,0.5938833621678432
NQ,GLOBEX,B1,1day,345,0,2,649,0.49968823696566766,0.5946246553482294,0.8696287203475677,0.8958500647597304,0.5767877246245942,0.9655184240414667,0.46583018707579904
NQ,GLOBEX,B1,1day,345,0,3,649,0.6835941478961639,0.738131137061038,1.1973447297668565,1.03927190791939,0.7889708074851405,0.9842077405494907,0.5137505818706926
NQ,GLOBEX,B1,1day,345,2016,0,241,0.8046171494094551,0.8161876739697824,1.1529755150139425,1.0068639211939028,0.9127972857211026,0.9905907457563404,0.3483583656044874
NQ,GLOBEX,B1,1day,345,2016,1,108,0.7989063372597007,0.8717015929835,4.117944721775005,6.190238414115503,0.4953587302427623,0.9619497089501117,5.69487968387274
NQ,GLOBEX,B1,1day,345,2016,2,92,0.591382611661138,0.6122254984825505,1.6524479852219554,1.243280817113445,0.7626839235060301,0.9686969627465206,1.0610653735608173
NQ,GLOBEX,B1,1day,345,2016,3,41,0.8979815602301549,0.8028785308787862,-12.38850942504622,2.208792748388751,0.7080333714609479,0.9846381051902767,14.59730217343497
NQ,GLOBEX,B1,1day,345,2017,0,242,0.7104695091885989,0.7712770403326962,2.1329012637556715,1.6164374462537165,0.5937254656131344,0.9756836661584737,1.5391757981425371
NQ,GLOBEX,B1,1day,345,2017,1,196,0.5582757141837946,0.651582099875958,1.673606367944631,1.4633405310194283,0.5313454226635344,0.9610726025865933,1.1422609452810966
NQ,GLOBEX,B1,1day,345,2017,2,39,0.037040363628940594,0.05848869003828759,0.15112589835653628,0.0625922553592866,0.042056853960138765,0.9494864296490724,0.9124460660201318
NQ,GLOBEX,B1,1day,345,2018,0,243,0.90469503874552,0.8617185743511764,1.5139622585516674,1.079261946202975,0.8335902360410526,0.9914323799486654,0.6803720225106148
NQ,GLOBEX,B1,1day,345,2018,1,72,0.1836858246723058,0.12301072991672167,0.3945385782763204,0.138598267952508,0.3263992693111766,0.9534340482270918,0.8304233183103701
NQ,GLOBEX,B1,1day,345,2018,2,84,0.8664565916520944,0.9671162442287301,3.4785669396228522,-13.242193071779932,0.5414744809435998,0.9639268765763741,16.720760011402785
NQ,GLOBEX,B1,1day,345,2018,3,87,1.338663904164243,1.2750038059790538,-2.777488310751621,-4.8178122946300235,0.8231210042699476,0.9804579504550325,6.156476198794266
NQ,GLOBEX,B1,1day,345,2019,0,243,0.7419286331263331,0.7990700471609594,1.32465363339555,1.1782199288643571,0.7584928162936785,0.9866993410451456,0.582725000269217
NQ,GLOBEX,B1,1day,345,2019,1,99,0.44058748219466143,0.43476502908422426,0.8459820118220187,0.6225530593355717,0.5634582908016446,0.9732607055182593,0.538495676434035
NQ,GLOBEX,B1,1day,345,2019,2,93,0.6563639406086237,0.5161506726258209,-12.274319698674516,1.3084956735987754,0.7120785734256844,0.9602734447838055,13.582815372273291
NQ,GLOBEX,B1,1day,345,2019,3,51,0.9957385914743415,0.8180652169317183,-1.3130842457805305,-60.04495514188928,0.3875449211755239,0.9713972715407506,61.040693733363625
NQ,GLOBEX,B1,1day,345,2020,0,244,0.8930290349217279,0.882974353081499,1.2852533666803247,1.0792507811827379,0.8973622118817082,0.993921823990861,0.4022790135988258
NQ,GLOBEX,B1,1day,345,2020,1,34,-0.016838019505676854,-0.035884245506527135,-0.15339228783054012,-0.03830163787932579,0.4953121269177491,0.9749358928763755,1.1283281807069157
NQ,GLOBEX,B1,1day,345,2020,2,74,0.3884216979728707,0.34215086495452723,4.218152820803403,1.08670875488662,0.088112360402883,0.9463493081400735,4.13004046040052
NQ,GLOBEX,B1,1day,345,2020,3,136,0.8518677228951405,0.9064124308483119,1.383650620128332,1.207125122565615,0.888745100208641,0.9902636422094618,0.5317828972331916
NQ,GLOBEX,B1,1day,345,2021,0,246,0.7730224387012347,0.7757671337953549,1.6760650452585162,1.205692957466187,0.8063614435422242,0.9891216080514597,0.9030426065572815
NQ,GLOBEX,B1,1day,345,2021,1,88,0.5798853925081723,0.5804374792711698,-0.40263769058558074,-0.4026253914604502,0.5288492214373354,0.9753984472718831,1.378036137857464
NQ,GLOBEX,B1,1day,345,2021,2,93,0.9532677201294419,0.9537193928895212,-0.7112285225830992,-0.7590418220208751,0.5275675161704734,0.9568933516563126,1.7159351736771877
NQ,GLOBEX,B1,1day,345,2021,3,65,0.40506361871530117,0.7496611758800373,1.098595264219395,2.7622673216636633,0.7883600066276523,0.9783337165778325,2.357203702948362
NQ,GLOBEX,B1,1day,345,2022,0,245,0.5504236047717437,0.5746292674182734,1.0845682064050577,0.8650026031561447,0.5944341159138362,0.9770445083390723,0.534144601633314
NQ,GLOBEX,B1,1day,345,2022,2,40,0.30284325281660485,0.2406000433451257,-0.7479318290360929,0.4700564032924354,-0.2902252058801795,0.9129070339395579,1.6608388629756508
NQ,GLOBEX,B1,1day,345,2022,3,202,0.5321694846838121,0.5368005608698528,1.306138814102914,0.8990093975652125,0.5527510423357356,0.9689459056511932,0.7739693294191019
NQ,GLOBEX,B1,1day,345,2023,0,244,0.46299053953419955,0.5016863289857209,0.7297040613874451,0.6932855920970709,0.607679700625491,0.9777012038026118,0.5147106642684123
NQ,GLOBEX,B1,1day,345,2023,1,50,0.42320210347725323,0.4229387794316933,-0.2884133579320127,-0.28820941419554047,0.5941841852023736,0.9834235526425992,1.271836910574612
NQ,GLOBEX,B1,1day,345,2023,2,134,0.5109580068769323,0.5614133885626866,1.0650850384450934,0.893032963249443,0.6819112353853642,0.9464498648985712,0.5541270315681611
NQ,GLOBEX,B1,1day,345,2023,3,60,0.24919690996261198,0.2636057949211375,0.2663053406443037,0.28892211493657055,0.2553307046736092,0.9559127412367338,0.7067158312741217
NQ,GLOBEX,B1,1day,1380,0,0,1948,0.8437337718575688,0.8674343876467182,1.0782795406593573,0.985717407179997,0.8743294904230942,0.9980452031702023,0.23454576880178846
NQ,GLOBEX,B1,1day,1380,0,1,650,0.40944434191180623,0.4809478313134047,0.6926327310488969,0.7233772272733497,0.6137198927435475,0.9930884720408184,0.5836441301290122
NQ,GLOBEX,B1,1day,1380,0,2,649,0.5517448477160036,0.6177357165055218,1.0607168528619306,0.9391892567614291,0.6406244245706116,0.9909774243532192,0.508972005145927
NQ,GLOBEX,B1,1day,1380,0,3,649,0.709298633884734,0.7749509353531386,1.2435316528679492,1.1316984581561842,0.8394979335253145,0.995905167614467,0.5342330189832152
NQ,GLOBEX,B1,1day,1380,2016,0,241,0.8352124236298993,0.8526698390379763,1.1577089187919976,1.0342700838870216,0.9373322018220454,0.9975257440083212,0.3224964951620982
NQ,GLOBEX,B1,1day,1380,2016,1,108,0.7124777704894966,0.8970794140707138,2.744813499509706,3.1523126958536696,0.6091952665705848,0.9900708195890581,2.5431174292830847
NQ,GLOBEX,B1,1day,1380,2016,2,92,0.6378993956691992,0.636787113269322,1.6536565790228401,1.1290299243302029,0.8665366155691546,0.9918589439384696,1.0168694657535182
NQ,GLOBEX,B1,1day,1380,2016,3,41,0.8784008856294104,0.7802462419763246,10.811736616387314,1.7236363337985363,0.737323832107885,0.9960093610901726,10.07441278427943
NQ,GLOBEX,B1,1day,1380,2017,0,242,0.7387039432079688,0.789696465097279,2.193553441144767,1.6164012625069286,0.5931293945839057,0.9927162283249933,1.6004240465608612
NQ,GLOBEX,B1,1day,1380,2017,1,196,0.6084218163998696,0.6786425323485671,1.928636349079694,1.5223852009939678,0.5326401697481353,0.9879406311950688,1.3959961793315587
NQ,GLOBEX,B1,1day,1380,2017,2,39,0.024436511973903258,0.042941087239731765,0.021804332935513697,0.04599086580600305,0.29716000726404196,0.9861707915263418,0.9643664585908281
NQ,GLOBEX,B1,1day,1380,2018,0,243,0.921944034439333,0.8845313292911395,1.5438871994215988,1.098669135538366,0.8512655330859153,0.9977099858222194,0.6926216663356835
NQ,GLOBEX,B1,1day,1380,2018,1,72,0.2722994647615241,0.18706778765691184,0.6986579366350608,0.2679496801114075,0.2800369340882575,0.9870160980456728,0.799948310388761
NQ,GLOBEX,B1,1day,1380,2018,2,84,0.7084958242501382,0.896256054467797,2.5835293995587634,8.477177836078724,0.5957557574910417,0.9908753076671533,7.881422078587682
NQ,GLOBEX,B1,1day,1380,2018,3,87,1.3671501011951321,1.3030219296418373,-3.314738995889668,-5.7023108136531455,0.8735701223194412,0.9946896787164824,7.069460914848277
NQ,GLOBEX,B1,1day,1380,2019,0,243,0.8001561700885491,0.8402645323898619,1.4648803274762885,1.2380375935834316,0.7867069289885581,0.996531816909954,0.6781733984877304
NQ,GLOBEX,B1,1day,1380,2019,1,99,0.49598339296881083,0.5050078305454333,0.9595334169363565,0.7239389211067051,0.5848094356939643,0.9927793709397287,0.49679597797091785
NQ,GLOBEX,B1,1day,1380,2019,2,93,0.7467664609427168,0.5646503574285828,-5.794687702533868,1.4381506259347936,0.7672844013125037,0.9902853507860464,7.232838328468661
NQ,GLOBEX,B1,1day,1380,2019,3,51,1.1864650067292473,1.0445631254281005,-1.2891014662252283,-4.094952764253863,0.5749571974536998,0.9924816580451988,5.2814177709831105
NQ,GLOBEX,B1,1day,1380,2020,0,244,0.9101474315341171,0.9020310339246498,1.3278056285586781,1.0842509866968706,0.9183006830436624,0.9984043928429684,0.42577459463402834
NQ,GLOBEX,B1,1day,1380,2020,1,34,0.330176323234788,0.3293749288493233,-0.2346457655716108,-0.23456933681025915,0.4862476099195358,0.992638215257241,1.2272839808288518
NQ,GLOBEX,B1,1day,1380,2020,2,74,0.4993118361581917,0.44017966476844994,3.5236399216034235,1.1017373271270345,0.32060672899458803,0.985815266674357,3.2030331926088356
NQ,GLOBEX,B1,1day,1380,2020,3,136,0.8682063750089611,0.9267468035724004,1.3852228082921954,1.2125292775744845,0.9253119472403548,0.9976146843439389,0.5170164332832342
NQ,GLOBEX,B1,1day,1380,2021,0,246,0.8208657461412606,0.7996267725179437,1.7737988187303577,1.2154241744612395,0.8181444810412484,0.996962045662961,0.974172046212414
NQ,GLOBEX,B1,1day,1380,2021,1,88,0.5548181864319095,0.5551191525770083,-0.9235860455481362,-0.5386496346796475,0.5657583242952672,0.9932183819427429,1.916804427490879
NQ,GLOBEX,B1,1day,1380,2021,2,93,1.1230319930346986,1.1238554737006912,-0.7899357048372438,-0.912985846148875,0.6315064874881667,0.9880140654454075,2.0368413198495663
NQ,GLOBEX,B1,1day,1380,2021,3,65,0.4305645408879212,0.9852913382764221,1.6283026295274365,18.16098438637503,0.895669373064318,0.9938433196767689,17.73041984548711
NQ,GLOBEX,B1,1day,1380,2022,0,245,0.565888905007127,0.6122714664985234,1.1001835446850496,0.923356341158803,0.6191281824611036,0.9939505603346024,0.5342946396779227
NQ,GLOBEX,B1,1day,1380,2022,2,40,0.13575844165286002,0.06496698776891655,-0.022911585319550405,0.08019823705345822,-0.5081996042478484,0.9767793160618938,1.484978920309742
NQ,GLOBEX,B1,1day,1380,2022,3,202,0.5482020052031984,0.5681795935906697,1.3286161905231548,0.9886679995911412,0.61305838493946,0.9919843666867139,0.7804141853199564
NQ,GLOBEX,B1,1day,1380,2023,0,244,0.5258866075192155,0.5615239217540775,0.8758832806214062,0.7966959827312886,0.6169943838068244,0.9941377038337741,0.46825109631455863
NQ,GLOBEX,B1,1day,1380,2023,1,50,0.4939041918653239,0.4937875566712511,-0.4138743134833872,-0.3744631340163009,0.5816747521238125,0.9956770343372265,1.4095513478206136
NQ,GLOBEX,B1,1day,1380,2023,2,134,0.6033166264365026,0.6165448382062894,1.2599713765201848,0.9130553310662781,0.7401467621429272,0.9858630593627046,0.6566547500836821
NQ,GLOBEX,B1,1day,1380,2023,3,60,0.31933387834073873,0.3589636057532388,0.3965714659663785,0.3817618883191542,0.2858376079548952,0.9875232031905959,0.7016855952357007
NQ,GLOBEX,B1,1h,60,0,0,42856,1.4631072989650244,1.463080645299865,-8.687748914865226,-33.48122185322932,0.997219198727903,0.9999812831741197,34.94432915219435
NQ,GLOBEX,B1,1h,60,0,1,14300,1.6304573329357936,1.617712103441018,-5.4523336574961325,-10.481647381640654,0.9973824085994013,0.9999908797299323,12.112104714576448
NQ,GLOBEX,B1,1h,60,0,2,14278,1.8972605924222905,1.8973744215117592,-3.259444346827387,-3.8970800602089937,0.9974211209809729,0.9999665978255228,5.794454481720753
NQ,GLOBEX,B1,1h,60,0,3,14278,0.8433124369773142,0.7830230112690861,2.466558898403199,1.345143625850241,0.9965935271936813,0.9999481846244036,1.6835358871341128
NQ,GLOBEX,B1,1h,60,2016,0,5302,1.874060873585874,1.8741850410184158,-3.51508678330451,-4.419605234466664,0.9973994439128246,0.9999481984383313,6.29379027548508
NQ,GLOBEX,B1,1h,60,2016,1,2376,1.889976570711761,1.8726670533486256,-3.5106649716879503,-4.260555207065873,0.9973772756979135,0.9999527144196387,6.150531777777634
NQ,GLOBEX,B1,1h,60,2016,2,2024,1.8890209302588914,1.8717287329332353,-3.508135884336152,-4.258451241259512,0.9974521599465194,0.9999600955304281,6.1474721715184035
NQ,GLOBEX,B1,1h,60,2016,3,902,0.863704295656682,0.8248533901109566,1.9396167054779905,1.291126819961384,0.8841874202100697,0.9750507996429836,1.1147633153670338
NQ,GLOBEX,B1,1h,60,2017,0,5324,1.8733939663103842,1.8734827861238341,-3.614245636397513,-4.4184868936602735,0.9975573484858318,0.9999765869052037,6.291969679784108
NQ,GLOBEX,B1,1h,60,2017,1,4312,1.8750233506621796,1.875102118633909,-3.617692540033195,-4.4224761883296955,0.9975625459239444,0.9999772907297625,6.297578306963604
NQ,GLOBEX,B1,1h,60,2017,2,858,1.8989495826641498,1.8990900642632407,-3.403563601815584,-4.241103666307213,0.9975793201848255,0.9999770795016292,6.140193730570454
NQ,GLOBEX,B1,1h,60,2017,3,154,1.546035746201047,1.2064489171824389,-7.824737343779371,3.04324580398486,0.8702103034869085,0.9847872918467521,10.867983147764232
NQ,GLOBEX,B1,1h,60,2018,0,5346,1.4881582623108414,1.4663809107928771,-9.979385985302862,104.32791366005898,0.9972529949889347,0.9999827801686326,114.30729964536184
NQ,GLOBEX,B1,1h,60,2018,1,1584,1.4804194737874297,1.4483399313238734,-10.053053612587092,52.37528394567921,0.9970672765421322,0.9999940985392781,62.4283375582663
NQ,GLOBEX,B1,1h,60,2018,2,1848,1.8716681238783106,1.8717951225458154,-3.5102344414409017,-4.4139656473064095,0.9963248441801165,0.9999522602200668,6.285760769852224
NQ,GLOBEX,B1,1h,60,2018,3,1914,1.1913002545815379,0.9860428577460721,4.924920887177826,1.6890305175578142,0.8773972170632376,0.9797630819640676,4.047523670114588
NQ,GLOBEX,B1,1h,60,2019,0,5346,1.910351626067438,1.9104119593028208,-3.2264737458495105,-3.736069231610366,0.9974245443893105,0.9999791916950249,5.646481190913187
NQ,GLOBEX,B1,1h,60,2019,1,2178,1.9620096478714177,1.9430244690539076,-2.9618722318682384,-3.47851251038293,0.9971791908453387,0.9999899714188576,5.440522158254348
NQ,GLOBEX,B1,1h,60,2019,2,2046,1.8871038751044444,1.8871951671101614,-3.5082363126758915,-4.255171043706006,0.9973927357822427,0.9999469448928189,6.142366210816167
NQ,GLOBEX,B1,1h,60,2019,3,1122,1.0672616371716432,0.8975404510790793,4.2576509323175395,1.560743370579355,0.8261296544033352,0.9747149566469728,3.4315212779142046
NQ,GLOBEX,B1,1h,60,2020,0,5368,0.9514101219897653,0.9711293343876441,6.40704385156651,3.0978047679307323,0.9957255249608417,0.9999880428996667,5.4556337295767445
NQ,GLOBEX,B1,1h,60,2020,1,748,1.9282529033421263,1.928522661246198,-3.216808293283275,-3.9496267142808033,0.9976975210338519,0.9999934377910831,5.878149375527001
NQ,GLOBEX,B1,1h,60,2020,2,1628,2.0253663888568045,2.0254395627741064,-2.60179760989366,-2.921384748477779,0.9976598874258078,0.9999840366443249,4.946824311251886
NQ,GLOBEX,B1,1h,60,2020,3,2992,0.8360813223857905,0.7353336154285733,2.095309795715507,1.0654725090330348,0.9944727233011001,0.9999871209117707,1.359976180286934
NQ,GLOBEX,B1,1h,60,2021,0,5412,1.4793734481404504,1.4576623960430117,-10.936382149207306,104.55342564689751,0.9974273627288778,0.9999825546195795,115.48980779610481
NQ,GLOBEX,B1,1h,60,2021,1,1936,1.5108423473782446,1.488939553866457,-7.902003355844214,-104.74515307604555,0.9971062564387722,0.9999937506440202,106.2559954234238
NQ,GLOBEX,B1,1h,60,2021,2,2046,1.1637225613996978,0.9514922999342621,11.04658770242207,1.9752565917784548,0.8156256991522013,0.9712326163704992,10.230962003269868
NQ,GLOBEX,B1,1h,60,2021,3,1430,1.1308133078610403,0.9444679813032134,4.049903519421945,1.6129542677946893,0.8887114896133362,0.9794690461913867,3.1611920298086087
NQ,GLOBEX,B1,1h,60,2022,0,5390,1.8722601489780115,1.872373733337011,-3.51252790323299,-4.415257836000809,0.9976470404354951,0.9999806056962363,6.28763156933782
NQ,GLOBEX,B1,1h,60,2022,1,66,2.100220909457769,2.1014934101930494,-1.5590774166870558,-1.8378736438949521,0.997811424478411,0.9999994394590594,3.9393670540880015
NQ,GLOBEX,B1,1h,60,2022,2,880,1.9276473900506261,1.9279280401916619,-3.215234143010967,-3.94780039133421,0.9977265810726956,0.9999927329079861,5.8757284315258715
NQ,GLOBEX,B1,1h,60,2022,3,4444,1.8738149189982447,1.873916278270917,-3.6143698495611787,-4.419761337518062,0.9970874146230657,0.9998881611014837,6.293677615788979
NQ,GLOBEX,B1,1h,60,2023,0,5368,1.5151460453260248,1.4923881329279156,-8.44423215641416,-52.45191545379965,0.9975810626214544,0.9999850615263424,53.96706149912568
NQ,GLOBEX,B1,1h,60,2023,1,1100,1.5576906076547092,1.522938921483518,-6.544989404456173,-35.00987388961337,0.996883720747291,0.9999965394541581,36.56756449726807
NQ,GLOBEX,B1,1h,60,2023,2,2948,1.860597779570969,1.8606858288694652,-3.623109998530459,-4.4303329414135515,0.997380932249566,0.9999269262345291,6.291018770283017
NQ,GLOBEX,B1,1h,60,2023,3,1320,1.410265768732438,1.0581978076796696,-12.631126904329932,2.2891452991827594,0.8922072660590946,0.981619255916142,14.920272203512692
NQ,GLOBEX,B1,30min,30,0,0,87660,1.1902056860850254,1.0777979266065598,3.494840379390554,1.768229920689937,0.9967211593046346,0.9999714810444769,2.4981192200859192
NQ,GLOBEX,B1,30min,30,0,1,29250,1.2520237728308723,1.111213051439511,3.790861246567215,1.7924057128034476,0.9961804574273023,0.9999861950790713,2.794680789139913
NQ,GLOBEX,B1,30min,30,0,2,29205,1.2866444638616952,1.121172508441351,4.9693395281200985,1.9849470000714708,0.9963916324407737,0.9999505224326974,3.972947895679325
NQ,GLOBEX,B1,30min,30,0,3,29205,0.836474685852929,0.8486118202632982,1.4918882866142118,1.2043240897556058,0.9974587570495921,0.9999132630384817,0.6554136007612829
NQ,GLOBEX,B1,30min,30,2016,0,10845,1.3096507490263714,1.1252866168581026,4.891096675510672,1.9391373579363997,0.9950870749673186,0.9999579594079212,3.896009600543354
NQ,GLOBEX,B1,30min,30,2016,1,4860,1.3087152695546185,1.124783316998596,4.885856407224239,1.9382061540666549,0.9952485260419107,0.9999674382370353,3.890607881182328
NQ,GLOBEX,B1,30min,30,2016,2,4140,1.3084570001383748,1.1245693510648476,4.885059725451837,1.9378604036734142,0.9937394506649506,0.9999607632293387,3.891320274786887
NQ,GLOBEX,B1,30min,30,2016,3,1845,0.8019324558457618,0.9095126195981235,1.3911896468097793,1.2927544588381787,1.0004552197570658,0.9558652288607755,0.5892571909640175
NQ,GLOBEX,B1,30min,30,2017,0,10890,1.3095327818648737,1.1251300081615156,4.891162855719842,1.9388788465703888,0.9950189930760804,0.9999733916906427,3.8961438626437617
NQ,GLOBEX,B1,30min,30,2017,1,8820,1.3103638015704293,1.1257230823992836,4.894879381876465,1.939938939571143,0.9951489614866051,0.9999743392431869,3.8997304203898597
NQ,GLOBEX,B1,30min,30,2017,2,1755,1.3047452315619823,1.1306711080732983,4.869437336802046,1.932916478363982,0.9941546805911762,0.9999731850722751,3.87528265621087
NQ,GLOBEX,B1,30min,30,2017,3,315,1.035269480381014,0.9617726703511054,2.100328973656726,1.3280301819500093,0.9144027698151838,0.9723608284410288,1.1859262038415423
NQ,GLOBEX,B1,30min,30,2018,0,10935,1.189957288730711,1.0682058183327336,3.2228003039842887,1.6773078367005971,0.9962450456794201,0.999971552698247,2.2265552583048684
NQ,GLOBEX,B1,30min,30,2018,1,3240,1.2098770492370445,1.0849685210356226,3.185879748354019,1.6708230775618638,0.9950493795721848,0.9999900851561438,2.1908303687818345
NQ,GLOBEX,B1,30min,30,2018,2,3780,1.1435783401847808,0.9828236083528931,4.269833447219424,1.6935600726341566,0.9961471952075713,0.9999297244232055,3.287009838866531
NQ,GLOBEX,B1,30min,30,2018,3,3915,0.9052307348466895,0.9274102649134437,1.5024723584976736,1.2241214268977154,0.8970348483864629,0.9636144548875749,0.6054375101112107
NQ,GLOBEX,B1,30min,30,2019,0,10935,1.3118435484473965,1.1424135769371728,5.288166829907227,2.0663658768236934,0.9966475604121413,0.9999651785204661,4.291519269495086
NQ,GLOBEX,B1,30min,30,2019,1,4455,1.3112151061505672,1.151626729196152,5.517541959556666,2.112702791913646,0.99669876678096,0.9999832448308257,4.520843192775706
NQ,GLOBEX,B1,30min,30,2019,2,4185,1.3078655365021832,1.1239018584773266,4.88395066499399,1.936675905323949,0.9960122814299049,0.9999106716640829,3.887938383564085
NQ,GLOBEX,B1,30min,30,2019,3,2295,0.8433137166385594,0.8924152208386258,1.5131411262326016,1.2556780306726483,0.5919170042308292,0.9555425811842659,0.9212241220017724
NQ,GLOBEX,B1,30min,30,2020,0,10980,0.9818215026233901,0.9623833488613315,2.234173165393761,1.5240684896421834,0.9965529833963982,0.9999797669246197,1.2717898165324297
NQ,GLOBEX,B1,30min,30,2020,1,1530,1.3213872973404337,1.1278505444090041,5.088564046242742,1.9852602766969751,0.9963092141769805,0.9999890131272744,4.092254832065762
NQ,GLOBEX,B1,30min,30,2020,2,3330,1.295946427460243,1.1676422306239767,5.873268041922274,2.332191996524128,0.9963035942401134,0.9999720799147434,4.876964447682161
NQ,GLOBEX,B1,30min,30,2020,3,6120,0.7877619281322821,0.8022495851316155,1.2528207584475748,1.0888225673529122,0.9968398653357513,0.9999784307039449,0.4650588303152927
NQ,GLOBEX,B1,30min,30,2021,0,11070,1.2131645071977142,1.0883517216172318,3.2869474716007487,1.7089903438644902,0.9973319453351087,0.9999710329720348,2.28961552626564
NQ,GLOBEX,B1,30min,30,2021,1,3960,1.214125264774299,1.09131632520581,3.382101928952488,1.6996332869623638,0.997380978063977,0.9999896742371904,2.3847209508885108
NQ,GLOBEX,B1,30min,30,2021,2,4185,0.85277232767769,0.8915418187827238,1.648818813060275,1.2922412263404741,0.850313932279799,0.9500201763735061,0.798504880780476
NQ,GLOBEX,B1,30min,30,2021,3,2925,0.8969510602525719,0.9262586981998727,1.4899050165466365,1.2121997357425198,1.0372194659220733,0.9636036367607864,0.5929539562940647
NQ,GLOBEX,B1,30min,30,2022,0,11025,1.3088845111938534,1.1247584659459313,4.887767210063093,1.9382093770379796,0.9976705071896749,0.9999677611302504,3.8900967028734184
NQ,GLOBEX,B1,30min,30,2022,1,135,1.4463160717334858,1.175258373670968,14.611767062036058,2.361929863570728,0.9977719642774864,0.9999990546176037,13.613995097758572
NQ,GLOBEX,B1,30min,30,2022,2,1800,1.3212834895814873,1.127890688433182,5.087327209130078,1.985321558127718,0.9977378983833952,0.9999879906824924,4.089589310746683
NQ,GLOBEX,B1,30min,30,2022,3,9090,1.3093009662242445,1.1247578228833772,4.891106097750765,1.9382617512668194,0.9972691107010462,0.9998138713926863,3.893836987049719
NQ,GLOBEX,B1,30min,30,2023,0,10980,1.2206103632921945,1.096930553589936,3.3684563056871557,1.6945355231655865,0.9976128865030865,0.999975210529285,2.370843419184069
NQ,GLOBEX,B1,30min,30,2023,1,2250,1.226522367684448,1.094430490174185,3.4833024020092553,1.738283082144995,0.9972901732524676,0.9999942697937186,2.486012228756788
NQ,GLOBEX,B1,30min,30,2023,2,6030,1.300808920135926,1.1264286590091033,4.9018486835799004,1.9412140402378548,0.9974808343156062,0.9998785363510052,3.904367849264294
NQ,GLOBEX,B1,30min,30,2023,3,2700,0.975482571733051,0.9775251343527429,1.8936787507748762,1.3514641702850465,0.8940911535685985,0.9665637882965494,0.9995875972062778
NQ,RTH,B0,1day,13,0,0,1901,0.7175193112545238,0.7275423317354618,0.8895273577202105,0.8133826910293985,0.7966631581819886,0.9008648048293229,0.183345493574799
NQ,RTH,B0,1day,13,0,1,634,0.31592815221884224,0.3492695491290513,0.4529616785449007,0.42596257383191544,0.3518447908881363,0.6503727751483509,0.33444462292950866
NQ,RTH,B0,1day,13,0,2,633,0.04033762258993557,0.34882266210868135,0.18366032986054473,-0.2640858079381417,-1.5570179678903633,0.44429834387470024,2.0013163117650636
NQ,RTH,B0,1day,13,0,3,634,0.4867208837918827,0.4924019650242646,0.8321803964099743,0.632513930753564,0.13165289794785606,0.758617434705218,0.7005274984621183
NQ,RTH,B0,1day,13,2016,0,239,0.6290080840948529,0.6490836749349017,0.9011304500975977,0.7865441646701914,0.7341554327167026,0.8663276293838788,0.27212236600274486
NQ,RTH,B0,1day,13,2016,1,103,0.23284879178765192,0.3724732909686684,0.40943438728333603,0.599058085702135,0.24195055372605365,0.5951955083868772,0.3662092939144831
NQ,RTH,B0,1day,13,2016,2,95,0.15551653010168986,0.14750269784332076,0.9608701074665736,0.5790285119356289,-2.7242137160962607,0.40822528020409443,3.6850838235628345
NQ,RTH,B0,1day,13,2016,3,41,0.3625721348776507,0.31783492836609667,-2.392780633572887,1.3066674532816347,0.07931177785168055,0.7122099367567384,3.699448086854522
NQ,RTH,B0,1day,13,2017,0,237,0.4928672414386832,0.4499535459931999,1.3785943353134402,0.7036500954736259,0.6456551165859508,0.812263957565714,0.9286407893202403
NQ,RTH,B0,1day,13,2017,1,191,0.3720553884220925,0.3406477305328597,1.3773555944206004,0.6276662403810344,0.4155982556529651,0.6738731783132376,1.0367078638877407
NQ,RTH,B0,1day,13,2017,2,40,-0.3124086426545964,-0.21131716543269455,0.7106212070775426,-0.7593393403111608,-1.8648806406852214,0.6933343611920818,2.575501847762764
NQ,RTH,B0,1day,13,2018,0,236,0.7901783340415436,0.8126329097217834,1.3964789738642207,1.0826572585406624,0.82685761122189,0.8931246633396586,0.6063006398226771
NQ,RTH,B0,1day,13,2018,1,64,0.2539154345706639,0.24538936769322853,-1.2742479992478906,10.499883173813139,0.017444798636968597,0.6083651066548361,11.77413117306103
NQ,RTH,B0,1day,13,2018,2,83,0.41527907641492917,0.4150234600866429,-0.30080741608172773,-0.3005661501139352,-1.4309787583828182,0.5363207458697935,1.9672995042526118
NQ,RTH,B0,1day,13,2018,3,89,0.8325809040968767,0.7862935910616535,-2.89946729008751,-58.86374877308729,0.38471373797278724,0.7185372285467001,59.69632967718417
NQ,RTH,B0,1day,13,2019,0,237,0.5121154726999968,0.49756539160357194,0.8199695080261783,0.640582838062748,0.6149090809830648,0.8520938133385397,0.3545284217349678
NQ,RTH,B0,1day,13,2019,1,114,0.15961835006983455,0.22418232848496994,0.36216111399050627,0.45709895186517935,0.4375973589799421,0.6577467299982904,0.4981283799284559
NQ,RTH,B0,1day,13,2019,2,84,0.4871868862597097,0.48661673101863323,-0.3742724030490478,-0.37448901900847326,-1.9247325949405258,0.4875089310681524,2.4122415260086782
NQ,RTH,B0,1day,13,2019,3,39,-0.17186378799254068,-0.188230024332393,-0.2565098874286977,-0.29097059272879006,-2.4166367261997435,0.49671337750239164,2.913350103702135
NQ,RTH,B0,1day,13,2020,0,239,0.7051937540099295,0.7151580914501342,1.044028329342638,0.8891476665970725,0.8201874330302068,0.9061522221303191,0.33883457533270855
NQ,RTH,B0,1day,13,2020,1,42,0.12539300569265147,0.07799700272215702,0.28958804869268856,0.13908852104157018,-0.18160737814534042,0.5721524809384959,0.7537598590838364
NQ,RTH,B0,1day,13,2020,2,71,-0.17604265612696987,-0.11161057255876072,-0.8464299742774037,-0.1348500379264089,-0.624215915575471,0.3563144443458709,1.2027444186232747
NQ,RTH,B0,1day,13,2020,3,126,0.6503732498716341,0.675678235513757,0.9972239722938667,0.8322121418386726,0.6067058813175009,0.8489861736237924,0.3905180909763658
NQ,RTH,B0,1day,13,2021,0,239,0.5785863231684133,0.565329309457317,1.1745998225654664,0.8335648596507156,0.7211133818898954,0.8485511172381829,0.6092705131081494
NQ,RTH,B0,1day,13,2021,1,86,0.15122377660679928,0.16885593901795756,0.17081532587113654,0.16704823594164775,-0.6419634089371805,0.34784935223211455,0.9898127611692951
NQ,RTH,B0,1day,13,2021,2,89,0.3128558483277814,-0.07213113323822101,-0.30319130151678825,-0.07668976447291559,-1.3618833495712137,0.361535872081575,1.7234192216527888
NQ,RTH,B0,1day,13,2021,3,64,0.3558147520447453,0.3034115635787276,0.876471721972316,0.42390949103910935,-0.27542205627964234,0.7653542750081486,1.1518937782519583
NQ,RTH,B0,1day,13,2022,0,238,0.3614767435098994,0.33379908288823984,0.5121624926801149,0.38151563272646705,0.27327978989171475,0.7752395976027171,0.5019598077110023
NQ,RTH,B0,1day,13,2022,2,32,-0.49540633610101953,-0.48637416905716,6.446966492119374,-31.670420022356527,-2.218647169283763,0.42305778232912084,38.1173865144759
NQ,RTH,B0,1day,13,2022,3,205,0.31381200538573206,0.29119796855116403,0.4885493351539039,0.3222430251226339,-0.12476360826845104,0.6958078041657028,0.8205714124341538
NQ,RTH,B0,1day,13,2023,0,236,0.44865858738731595,0.39531568438393105,0.7516997735559723,0.4585584306086283,0.3922684412417226,0.7539096075678473,0.3616411663261247
NQ,RTH,B0,1day,13,2023,1,33,-0.753180145471527,-0.751680852548427,0.7584652921900755,0.7584303461827426,0.2763967931219467,0.4708265052802506,1.5116454376616026
NQ,RTH,B0,1day,13,2023,2,139,0.08342043482408101,0.29236305695887516,0.24992473107687282,-0.836836918271973,-1.4185571716929426,0.08862226585560495,1.7109202286518177
NQ,RTH,B0,1day,13,2023,3,64,0.27026366175450406,0.26703133548641894,0.48623255799611526,0.3081021042070157,-1.5217495416405231,0.5866032486578382,2.1083527902983614
NQ,RTH,B0,1day,26,0,0,1901,0.7693466599636167,0.7799074668257324,0.9539909472145522,0.8939186464290462,0.8597978013775192,0.9391987192445728,0.1846442872509355
NQ,RTH,B0,1day,26,0,1,634,0.41806392285097965,0.47305541314253935,0.6510170028594834,0.6355021538922921,0.5578242005860236,0.813900504698397,0.3958365818474174
NQ,RTH,B0,1day,26,0,2,633,0.18013729353383873,0.26443953120708313,0.27783601695301335,0.4619601721862276,0.026315494806444437,0.6839501667346636,0.6576346719282191
NQ,RTH,B0,1day,26,0,3,634,0.5605447497286605,0.5967683348386172,1.0344780443370016,0.8560210671068111,0.49450224761554945,0.841922214149909,0.5399757967214522
NQ,RTH,B0,1day,26,2016,0,239,0.6595977710500005,0.6786726791813661,1.0081909701464495,0.8586435413860704,0.8142960001774394,0.9194635658074662,0.34859319909644904
NQ,RTH,B0,1day,26,2016,1,103,0.05085120050916693,0.11536010719964788,0.1391717148805235,0.24836057641912304,0.43008251175419315,0.7764806815172405,0.7256294810080736
NQ,RTH,B0,1day,26,2016,2,95,0.264853755829102,0.23460333431130714,0.7812620805891656,0.36274034210236206,-0.25881230516643733,0.5730100306741626,1.040074385755603
NQ,RTH,B0,1day,26,2016,3,41,0.7279792630164469,0.5993934890182955,-4.647756959551142,2.5297695503341453,0.4518676358908266,0.8099368269379925,7.177526509885287
NQ,RTH,B0,1day,26,2017,0,237,0.5767994013086123,0.5810743903779503,1.6951070407974198,1.1185488501816898,0.6700972911391476,0.8679154702577138,1.1183076394888074
NQ,RTH,B0,1day,26,2017,1,191,0.4683084664051729,0.5263992270895341,1.7920765117768904,1.3603149124895286,0.5409733732587146,0.7914017242591471,1.3237680453717175
NQ,RTH,B0,1day,26,2017,2,40,-0.055847609416336326,-0.047367684904218964,-0.050722062439521216,-0.051474155602973484,-0.3042093216731323,0.6039852207994081,0.9081945424725404
NQ,RTH,B0,1day,26,2018,0,236,0.8421622334726069,0.8580746638299132,1.4330479914334222,1.142607040647738,0.9276507850676103,0.9375762973384956,0.5908857579608153
NQ,RTH,B0,1day,26,2018,1,64,0.6598621096916505,0.5993237886600611,-0.7796622368893874,-1.1685859077703875,0.5114918781247201,0.7382715081865932,1.9068574159569807
NQ,RTH,B0,1day,26,2018,2,83,0.3217819647258104,0.5362985942784205,1.2700115871089392,2.3403291500201897,0.022016266553541504,0.7045286241615443,2.318312883466648
NQ,RTH,B0,1day,26,2018,3,89,1.1180957552114343,1.0842433023004259,-3.0916769044391206,-5.487648828648658,0.6646359600189404,0.843321284362951,6.605744583860092
NQ,RTH,B0,1day,26,2019,0,237,0.6180502939918207,0.5904276778725351,0.9573721530730314,0.7340715285434062,0.6902257633160216,0.8975393420390843,0.3669444752004962
NQ,RTH,B0,1day,26,2019,1,114,0.4398251631781641,0.4650775962954916,0.8341690476547723,0.6612751588270066,0.5820739558652246,0.8130937692498679,0.3943438844766082
NQ,RTH,B0,1day,26,2019,2,84,0.06150332332922889,0.07618351538858854,0.15190634211230974,0.25973203516640564,-0.6105587394457687,0.6536046245591598,1.2641633640049283
NQ,RTH,B0,1day,26,2019,3,39,-0.027609048876236306,0.04828231513453022,-0.030552479814458102,-0.060060323551939,-1.0280584668789157,0.5927652804275019,1.6208237473064175
NQ,RTH,B0,1day,26,2020,0,239,0.7571168164770754,0.7677607030924869,1.1057444458509702,0.9464454178507893,0.9094177602656792,0.9391959499277737,0.3486276293738948
NQ,RTH,B0,1day,26,2020,1,42,0.02721857897029597,0.1228308951944433,0.030352253538724422,-0.01560897948253718,0.2515174882494452,0.7603183162710518,0.775927295753589
NQ,RTH,B0,1day,26,2020,2,71,0.04291637574825987,0.3228171202623175,0.04797439295527726,-0.2427163171574885,0.27634889787800065,0.6649824310977133,0.9076987482552018
NQ,RTH,B0,1day,26,2020,3,126,0.669787736235415,0.7303238884046083,1.0660166259384003,0.9988964765786875,0.829286776658891,0.9029424474547165,0.3962288897029853
NQ,RTH,B0,1day,26,2021,0,239,0.6101232274888184,0.6603385870181872,1.379508618108485,1.1162002600297274,0.7639161131674873,0.9168872426811949,0.7693853906196666
NQ,RTH,B0,1day,26,2021,1,86,0.34873429792640664,0.41888433186717045,0.8576572424727642,0.8180695703127991,0.06023238068604191,0.72493405339698,0.7974248617867223
NQ,RTH,B0,1day,26,2021,2,89,0.26418873284372024,0.26333649894898215,-0.17129571564080032,-0.15911421839657838,0.22144719217421627,0.7230799681351365,0.8943756837759369
NQ,RTH,B0,1day,26,2021,3,64,0.38374562261022416,0.3625953314352181,1.4647577608606224,0.7062949556977303,0.13999543939049497,0.7939183725519604,1.3247623214701274
NQ,RTH,B0,1day,26,2022,0,238,0.49858932865610206,0.47362773095855837,0.9331476509417442,0.6366147470133019,0.3482481829001821,0.8164835840687541,0.5848994680415621
NQ,RTH,B0,1day,26,2022,2,32,0.5938116207521381,0.5941775787135216,-0.4702906172995139,-0.6438710436123797,-0.2872899180269613,0.4427645227111413,1.2380486223259013
NQ,RTH,B0,1day,26,2022,3,205,0.3917253426187027,0.35768998131986296,0.7675754750617827,0.4676082486103677,0.10181859824921838,0.783748352341137,0.6819297540919187
NQ,RTH,B0,1day,26,2023,0,236,0.5320621729412942,0.49841414804081885,0.8597640773797556,0.5878113191762524,0.45956736167630613,0.8170272228219264,0.40019671570344945
NQ,RTH,B0,1day,26,2023,1,33,0.3942564288206784,0.3376533892138437,0.9525071329985423,0.41430679061381603,0.6834069379039432,0.7459466536407426,0.6148537437846986
NQ,RTH,B0,1day,26,2023,2,139,0.2301817823615305,0.26370586913460664,0.7144787273459126,0.6669611356954513,-0.11397649557739706,0.6239652707882166,0.8284552229233096
NQ,RTH,B0,1day,26,2023,3,64,0.32083383123438375,0.35026771494118125,0.8555881447810547,0.695768166375235,-0.285209336624701,0.7319213049644309,1.1407974814057558
NQ,RTH,B0,1day,78,0,0,1901,0.8092426189244681,0.8298601711904483,1.0184062981004178,0.9278458700689373,0.9082270749330287,0.9760052845206654,0.2091636791759497
NQ,RTH,B0,1day,78,0,1,634,0.5097151739309175,0.55943335575877,0.7542594480201347,0.7192491427796017,0.6941581309051017,0.9163369563026958,0.4066217823717784
NQ,RTH,B0,1day,78,0,2,633,0.3184701026587436,0.39452947425277995,0.5269895515920591,0.5935575835831116,0.5135217054020871,0.8884510068263567,0.5699809041676132
NQ,RTH,B0,1day,78,0,3,634,0.6076210273475925,0.6294200738409934,1.0902107879324567,0.8848167157603378,0.6742545479146775,0.9435539253291034,0.48258976058486425
NQ,RTH,B0,1day,78,2016,0,239,0.7384727361392726,0.7663651256456887,1.109840959833921,0.9692121441647662,0.8978656380387724,0.9673336218672223,0.3713682236946484
NQ,RTH,B0,1day,78,2016,1,103,0.13867637907911207,0.21640781888603086,0.23188810947074331,0.38222357701920107,0.5192982984968483,0.8819131504466505,0.7432367713675385
NQ,RTH,B0,1day,78,2016,2,95,0.5320410154845379,0.6590232548930245,2.0955045240854586,2.557885002399543,0.37662192085389873,0.8777021185075826,2.1812630815456444
NQ,RTH,B0,1day,78,2016,3,41,0.5689668714283771,0.4386007247995906,3.444073308869449,0.9295866355225636,0.7782197962918106,0.9479885651966165,3.0054725840698584
NQ,RTH,B0,1day,78,2017,0,237,0.6756039565006292,0.6887904336196681,1.928381628896851,1.2797714697379794,0.7482092772915137,0.940168726216311,1.2527776723962218
NQ,RTH,B0,1day,78,2017,1,191,0.5045993989658466,0.572955151836159,1.3279596030865093,1.1091576516303336,0.694369701947628,0.8980152762322942,0.8233602041206627
NQ,RTH,B0,1day,78,2017,2,40,-0.14879010967382017,-0.1473551261407099,0.2782404189883992,0.018769942420137155,0.19224476641225982,0.831144990529957,0.9799351002037773
NQ,RTH,B0,1day,78,2018,0,236,0.9178831784395253,0.8970865751489281,1.5392813116676196,1.1431749749204934,0.9281810679644423,0.9744742302856175,0.6421947365186915
NQ,RTH,B0,1day,78,2018,1,64,0.6755583018744464,0.617337821458907,62.80127982375092,1.9619671488547756,0.4792844943039009,0.7995053855780333,62.32199532944701
NQ,RTH,B0,1day,78,2018,2,83,0.29420326870853,0.34478120728463446,0.7852000190680658,0.9126622271624453,0.5292782772446054,0.8918850784957628,0.6184589584539153
NQ,RTH,B0,1day,78,2018,3,89,0.8365719192953743,0.7671420467147103,75.28760398205864,2.9447592481514278,0.6910629190288945,0.9385702126333547,74.59654106302975
NQ,RTH,B0,1day,78,2019,0,237,0.6900350273592997,0.6736498314491438,1.1240431824708006,0.8745109514278328,0.7920517824291041,0.9581821443911728,0.4503933510216568
NQ,RTH,B0,1day,78,2019,1,114,0.513663262314324,0.5133155900991767,1.2000739725964755,0.8369065765869956,0.6962605506462548,0.9100719011722492,0.6867583824972988
NQ,RTH,B0,1day,78,2019,2,84,0.4418799218045108,0.33885650544002166,9.062229073908467,0.6051926743658746,0.25581290126550865,0.8709797016903668,8.806416172642958
NQ,RTH,B0,1day,78,2019,3,39,-0.04507286338052599,0.2672828560729311,-0.04917332790595359,-0.203082332311264,-0.0608100572370977,0.8790465778366463,1.0821289101479104
NQ,RTH,B0,1day,78,2020,0,239,0.8038332550087197,0.8173907022206843,1.1509287565583788,0.9828379125989645,0.9567200017701096,0.977356915083278,0.34709550154965907
NQ,RTH,B0,1day,78,2020,1,42,0.2445796585107151,0.26360115913613685,0.9607486872126095,0.7098330990899928,0.6380437181879054,0.9114886276918964,0.7161690287018945
NQ,RTH,B0,1day,78,2020,2,71,0.07202518861413623,0.19194805827907194,0.21786519307272303,0.4647046310762854,0.6828454312669039,0.8800840987230362,0.8080589101089
NQ,RTH,B0,1day,78,2020,3,126,0.7493134340585288,0.7819980058703867,1.2173295058325044,1.041416802480241,0.9084401607955969,0.9667514711649725,0.46801607177397564
NQ,RTH,B0,1day,78,2021,0,239,0.6889874095185423,0.721946095196276,1.3606172503615326,1.0875684919577462,0.8724148451396242,0.9620830383949739,0.6716298408429903
NQ,RTH,B0,1day,78,2021,1,86,0.36110142672977347,0.4145400451961542,0.725017757465406,0.6511974207304092,0.468942456059484,0.8523322409088259,0.4912308141790524
NQ,RTH,B0,1day,78,2021,2,89,0.6114186247907492,0.6114465531571674,-0.4234434288905032,-0.4234312504177558,0.5827446967726564,0.900784084579886,1.3242275134703891
NQ,RTH,B0,1day,78,2021,3,64,0.5804266845217909,0.5855893613907506,2.0468537883396634,1.2308001876248955,0.6383310335959983,0.9317190693569408,1.4664271038178724
NQ,RTH,B0,1day,78,2022,0,238,0.5039951851560793,0.5316876722053612,0.9265869381893947,0.7777839156541471,0.5122957873225585,0.9202732521341802,0.4225917530333154
NQ,RTH,B0,1day,78,2022,2,32,-0.07654352169164198,-0.08256463018374101,-0.05333294183138699,-0.08830559267798871,0.3364769061907033,0.7476180316418746,0.8359236243198633
NQ,RTH,B0,1day,78,2022,3,205,0.44020362457164475,0.4484987912858374,0.8798596703663986,0.6380378320223816,0.3752904028804304,0.9063917636832872,0.5311013608028567
NQ,RTH,B0,1day,78,2023,0,236,0.580044732685266,0.5558414091790315,0.893511889670669,0.6798724105488235,0.5678867341508834,0.9263752150193372,0.3705338058403057
NQ,RTH,B0,1day,78,2023,1,33,0.32541501569675846,0.33671989418355047,0.646368111116566,0.4584333920543172,0.6928544463591751,0.9227695414317071,0.5973545257349486
NQ,RTH,B0,1day,78,2023,2,139,0.40795874219758277,0.36875405568490166,0.869468903627294,0.5524562948776462,0.4109284125191356,0.8564760319315264,0.5007148479423924
NQ,RTH,B0,1day,78,2023,3,64,0.19854559476969055,0.29023777467573236,0.3324894517469453,0.4253390432675624,-0.003618740224303971,0.8764268570005577,0.8800455972248616
NQ,RTH,B0,1day,195,0,0,1901,0.8398591965140711,0.8600238035491004,1.0255376785593544,0.9615875266367844,0.9257471999583367,0.989816363368629,0.18567848204528326
NQ,RTH,B0,1day,195,0,1,634,0.5561629731802934,0.6252781962288074,0.8376773059177807,0.8407449452025958,0.7624722434024995,0.9614853098225039,0.4053223366422105
NQ,RTH,B0,1day,195,0,2,633,0.37816783621780065,0.48657460932172775,0.626128778074308,0.7765897702537018,0.6504342361369729,0.9543748856336924,0.5762070494158917
NQ,RTH,B0,1day,195,0,3,634,0.6626298138442,0.695831506984825,1.167261824511981,0.9700443643162935,0.7321937720914297,0.9770750771458292,0.504632010667781
NQ,RTH,B0,1day,195,2016,0,239,0.7950059081972947,0.8089656010595715,1.1577723332897236,0.9888813493258022,0.914914446589018,0.9859500801452382,0.36276642509242896
NQ,RTH,B0,1day,195,2016,1,103,0.3390330517008373,0.4914359645834332,1.0686706306768354,1.6371909870829624,0.6339966429921853,0.9399502260194816,1.298157935382125
NQ,RTH,B0,1day,195,2016,2,95,0.46201546592774195,0.6753890269812216,1.7409761039123688,2.6987980139255976,0.5264725801555278,0.9489438447899191,2.236782547997856
NQ,RTH,B0,1day,195,2016,3,41,0.6773895958086219,0.5814523145398557,2.5926152268287916,1.0988713484299428,0.8414755266570133,0.9780363712466341,2.011162912288936
NQ,RTH,B0,1day,195,2017,0,237,0.6938312851040218,0.7368930406362255,2.2547371009343253,1.6259505213339334,0.7853067555725812,0.9734210446824793,1.5609058158303035
NQ,RTH,B0,1day,195,2017,1,191,0.4547201521805247,0.5619571180813807,1.1513999093930314,1.1448351348039254,0.727592001448227,0.9513750136585447,0.6966797572125067
NQ,RTH,B0,1day,195,2017,2,40,-0.19925091622856614,-0.20335411475300422,-1.6922643584569947,-0.48290758000578743,0.3876736279013058,0.9430733721000308,2.6353377305570254
NQ,RTH,B0,1day,195,2018,0,236,0.9334746326954441,0.9310248850085773,1.5861114635408,1.207226242242989,0.9494205329280321,0.989319257130567,0.6550865785322227
NQ,RTH,B0,1day,195,2018,1,64,0.6837203116855126,0.640612355472794,-3.6125645325743316,6.04712681775219,0.6961519180785464,0.9116051675628688,9.659691350326522
NQ,RTH,B0,1day,195,2018,2,83,0.45136450752685797,0.6240173493853454,1.545563790511858,1.9838672927620082,0.6472535322083393,0.9573706482260251,1.5325027852351503
NQ,RTH,B0,1day,195,2018,3,89,0.9590752164464341,0.8905942366177071,-27.06661171748289,4.655042589966412,0.75254924431465,0.9762331153001949,31.7216543074493
NQ,RTH,B0,1day,195,2019,0,237,0.7426345290922342,0.7522943733745987,1.30543545224759,1.0302212294901134,0.8089798720087931,0.982136083380573,0.5628009231553558
NQ,RTH,B0,1day,195,2019,1,114,0.6738057736272892,0.6684425339635894,1.9187282845974574,1.2427097565310516,0.7621419515289009,0.9626098902404705,1.2502857506338678
NQ,RTH,B0,1day,195,2019,2,84,0.40411964733265515,0.33093690548771604,-10.760224006994743,0.8075157545118778,0.4015560027042468,0.945302757552789,11.705526764547532
NQ,RTH,B0,1day,195,2019,3,39,-0.046287907570605545,0.44599329718430747,-0.3005325666974984,-0.3014856382964628,-0.06306451953281624,0.9525959772879877,1.2540816155844505
NQ,RTH,B0,1day,195,2020,0,239,0.8287756114266436,0.8331480081471357,1.1506170968026812,1.0102716725117165,0.9656390816245846,0.9902933103762633,0.32184148537603763
NQ,RTH,B0,1day,195,2020,1,42,0.38110300079807374,0.395044872100209,1.017470757523148,0.7132123750975401,0.7820173190750457,0.9515822721788042,0.6363677567250743
NQ,RTH,B0,1day,195,2020,2,71,0.19694468661467682,0.25923874448250783,0.4930442885036314,0.5174714158821454,0.7659352455872079,0.9471097028938372,0.7501650162791604
NQ,RTH,B0,1day,195,2020,3,126,0.7613153369867356,0.8123475049532434,1.2374773043285503,1.0820645065540266,0.9220022048743133,0.9860028686608019,0.4761619673418147
NQ,RTH,B0,1day,195,2021,0,239,0.7293312495227854,0.7710050432811912,1.4407578429731323,1.1843463660142874,0.9367412907552383,0.9824363756889551,0.7114265934503469
NQ,RTH,B0,1day,195,2021,1,86,0.45972247066516997,0.4502555354769046,0.9973448435474154,0.7221225816646757,0.6525900180880562,0.9179425147256561,0.5470893080705108
NQ,RTH,B0,1day,195,2021,2,89,0.8978499949681497,0.8982170262997988,-0.6018760733266051,-0.6240901198484491,0.8147424387568147,0.9599650363137018,1.584055156162151
NQ,RTH,B0,1day,195,2021,3,64,0.544962197185342,0.49277070318974303,1.706911064721702,0.8446204324318078,0.7475751825263254,0.9703251082526079,1.214140361531959
NQ,RTH,B0,1day,195,2022,0,238,0.5769313252574791,0.6212368038982095,1.0682293531858642,0.9170676509193096,0.5760795778298169,0.9662040788460511,0.4921497753560473
NQ,RTH,B0,1day,195,2022,2,32,-0.06960353724226888,-0.10828134027965951,-0.34574626355357585,-0.11470696370968747,0.6068873717061306,0.8713380733207643,1.2170843368743403
NQ,RTH,B0,1day,195,2022,3,205,0.5436219946092422,0.5745388461811289,1.1066421944817482,0.8845021244890943,0.4573906696716522,0.9610087955153769,0.649251524810096
NQ,RTH,B0,1day,195,2023,0,236,0.6392183423623886,0.6185081534407987,0.9996260537245377,0.7764673502549806,0.6209731320100894,0.9633432276469175,0.38111790028373904
NQ,RTH,B0,1day,195,2023,1,33,0.411872997958043,0.40564893603014796,1.1424191048965149,0.6789639297859973,0.7685603936718057,0.9502855645162422,0.7367701688663669
NQ,RTH,B0,1day,195,2023,2,139,0.4943036491852139,0.4494413104921472,0.9736454238456405,0.6044536654974539,0.5105591705393165,0.9287709039307425,0.5242041133534933
NQ,RTH,B0,1day,195,2023,3,64,0.27261956338246174,0.4068933836172599,0.48820574358997565,0.6669149510076363,0.05059494001146327,0.9431669068045584,0.8925719667930951
NQ,RTH,B0,1day,390,0,0,1901,0.8440089143384718,0.8668797489821917,1.0621677234467481,0.9936009772319189,0.9352577018588121,0.9946271430600873,0.21815880910827634
NQ,RTH,B0,1day,390,0,1,634,0.5836127233058221,0.6396714500463645,0.9249530452269209,0.860058950691452,0.7754032408799574,0.9783517730399948,0.3947390497341726
NQ,RTH,B0,1day,390,0,2,633,0.40513340965450245,0.5207674545000995,0.7329154527172734,0.8499642072971646,0.6959704352904719,0.9768658569175828,0.5717324472630803
NQ,RTH,B0,1day,390,0,3,634,0.6766210981860858,0.7093533128093268,1.2387128762810695,0.9988348132413342,0.7592501379748621,0.9881205594196428,0.5620917780949837
NQ,RTH,B0,1day,390,2016,0,239,0.8203100301242606,0.832753325400554,1.1750694560269026,1.0268129208027121,0.9300424411497639,0.9926597090278545,0.354759425902642
NQ,RTH,B0,1day,390,2016,1,103,0.4342654795008807,0.5220811897322335,1.2626049669636068,1.2317751027488013,0.7091771728575267,0.9682797172871617,0.8283394874627261
NQ,RTH,B0,1day,390,2016,2,95,0.4945638900335474,0.6623613067455056,1.3813306306579916,1.6191189604768044,0.5933163988381556,0.9733976708494463,1.124555070443257
NQ,RTH,B0,1day,390,2016,3,41,0.6252792550028207,0.5074380829947802,2.161588268752703,0.896796182157634,0.8442373944698474,0.9894239162859443,1.6541501857579226
NQ,RTH,B0,1day,390,2017,0,237,0.7363602325041713,0.7540105469480538,2.516310002905692,1.633178555768372,0.7981326283518064,0.984883446032188,1.7799497704015206
NQ,RTH,B0,1day,390,2017,1,191,0.5112693419609214,0.6044852693053903,1.3205264997032808,1.2079279073561016,0.7329668702251818,0.9717185224756848,0.8092571577423594
NQ,RTH,B0,1day,390,2017,2,40,-0.10083816079729115,-0.129207589561925,-0.23833577853469287,-0.21028081943631105,0.49461147925666676,0.9704336917289922,1.208769470263685
NQ,RTH,B0,1day,390,2018,0,236,0.9393607789482022,0.9280671146860812,1.5960291947684084,1.182772654734294,0.9623713988571312,0.9945180618424507,0.6679620800823273
NQ,RTH,B0,1day,390,2018,1,64,0.5723244529417416,0.49401257198637194,-4.686884651763599,2.2737398160816342,0.7146605435089984,0.9474507296454577,6.960624467845233
NQ,RTH,B0,1day,390,2018,2,83,0.4545491166725124,0.5855302251804594,1.4779047927556959,1.7434965347964733,0.7165999720752313,0.9792571474360289,1.2889474181239609
NQ,RTH,B0,1day,390,2018,3,89,1.0387236001716298,0.9633061538405359,-12.406166424019824,6.109016047620279,0.795271982781565,0.9875561530202117,18.515182471640102
NQ,RTH,B0,1day,390,2019,0,237,0.7721071562661103,0.7703881712822233,1.3310485756502886,1.0536769129964836,0.8257313301759496,0.9907875686237639,0.5606604043680653
NQ,RTH,B0,1day,390,2019,1,114,0.7028041876094984,0.6816970967585958,1.8157307084378045,1.1729782764664325,0.779536528035088,0.9805330644419842,1.1340336116792087
NQ,RTH,B0,1day,390,2019,2,84,0.4875386491058512,0.3990493131131518,-4.0420108174473715,0.9769534313166746,0.44887722180375667,0.9721806333811375,5.018964248764046
NQ,RTH,B0,1day,390,2019,3,39,-0.06029879980835829,0.582291697144293,-0.3963072896982883,-0.39744375432520457,0.09955643439652168,0.975876731695738,1.3733204860209425
NQ,RTH,B0,1day,390,2020,0,239,0.8471458031229577,0.8535124079051583,1.2124287625490056,1.0092618296396731,0.9757600810721493,0.995046977866814,0.3652829594260478
NQ,RTH,B0,1day,390,2020,1,42,0.4620562755891806,0.4598337658877891,1.4029893869078955,0.884700735623089,0.812566771063598,0.9757973325993439,0.9431556210201064
NQ,RTH,B0,1day,390,2020,2,71,0.15907202674113247,0.3082878212980208,0.43957770103314575,0.7268581902358103,0.7672535074520827,0.9747707720332857,0.8156987452921531
NQ,RTH,B0,1day,390,2020,3,126,0.7816205411321968,0.8260199825061785,1.2705692217267306,1.1096814448001515,0.9376508842274948,0.9929567407688992,0.4889486805945338
NQ,RTH,B0,1day,390,2021,0,239,0.7560009900317831,0.7866742425814615,1.4909029272983607,1.1631203630046985,0.9480408144595395,0.9910167898178095,0.7349019372665776
NQ,RTH,B0,1day,390,2021,1,86,0.46006344729394066,0.46152747317280524,0.9119319912582707,0.6873865962091432,0.6702147435068753,0.9581024478000427,0.49803900050610206
NQ,RTH,B0,1day,390,2021,2,89,1.0718951015141522,1.072760372923947,-0.7667210458389252,-0.9179535322888546,0.8276034679322715,0.9789600859790111,1.9907139052128016
NQ,RTH,B0,1day,390,2021,3,64,0.5818015179938624,0.5571316110269334,2.00892598504053,1.058276120556946,0.7850147900438971,0.984465421899776,1.4517943740135966
NQ,RTH,B0,1day,390,2022,0,238,0.5958614545105233,0.6534071676720473,1.1264765668129015,1.0126404899834067,0.617711046215797,0.9821555519863867,0.5306151123023782
NQ,RTH,B0,1day,390,2022,2,32,0.7337563914093567,0.7342485274623963,-0.5414767603195637,-0.5416212941537843,0.7275109372248224,0.9361365232634179,1.4777578174172024
NQ,RTH,B0,1day,390,2022,3,205,0.5658807982198707,0.5955592129826562,1.1762594573926362,0.9351679529256881,0.5110194203104801,0.97950367365894,0.6652400370821561
NQ,RTH,B0,1day,390,2023,0,236,0.6632545461398226,0.6434284231732881,1.0560176913855774,0.8357209716836614,0.6589356166660554,0.9812252766230929,0.41258926821228936
NQ,RTH,B0,1day,390,2023,1,33,0.48015048357047485,0.4366530623455061,1.346130572050058,0.6688529551217484,0.8094264798006936,0.9733948778298325,0.909477509704552
NQ,RTH,B0,1day,390,2023,2,139,0.5169996126165775,0.46822687869745494,1.0065067154982978,0.6237983792238379,0.5904792485311124,0.9638601700031918,0.5382798368008429
NQ,RTH,B0,1day,390,2023,3,64,0.289152597775779,0.3963940575993356,0.5514836330635067,0.6176695177155783,0.07687735767046795,0.9709049060643163,0.8940275483938483
NQ,RTH,B0,1h,60,0,0,11406,0.731830559745707,0.7409594674039269,0.8935319872405291,0.9166572890336141,0.9357212155969795,0.9781836519299509,0.24635309218424395
NQ,RTH,B0,1h,60,0,1,3804,0.35058956234885547,0.6681194713617159,0.8548498102467513,3.5167778346105325,0.8500453917974687,0.9548913291056705,3.166188272261677
NQ,RTH,B0,1h,60,0,2,3798,0.3892934502166345,0.8529581404393742,1.4004911522578585,6.456182220105066,0.8417347284801853,0.9474547679693501,6.066888769888432
NQ,RTH,B0,1h,60,0,3,3804,0.5781665666211514,0.6750756365720889,1.0092311108693899,1.1753181725238762,0.890598166868533,0.9616696140353242,0.5971516059027248
NQ,RTH,B0,1h,60,2016,0,1434,0.6843344339749265,0.6951247029806863,0.861226637840128,0.8816769583980739,0.9192475001815912,0.9705888055956684,0.28625437162074185
NQ,RTH,B0,1h,60,2016,1,618,0.33974908271262977,1.3424055236417503,3.5431260625473797,-1.9677270950493262,0.8243288269134355,0.9405764541753872,5.510853157596706
NQ,RTH,B0,1h,60,2016,2,570,0.3840875296789617,0.573088765857052,1.052828013449849,2.0202468489626075,0.8182713853629033,0.9387486706750003,1.6361593192836459
NQ,RTH,B0,1h,60,2016,3,246,0.7362947435571383,0.7586600148077833,1.4409397365862446,1.199657577096796,0.9038613739645096,0.9582050354093571,0.7046449930291063
NQ,RTH,B0,1h,60,2017,0,1422,0.5052250123744819,0.5809030049249154,1.137431906433598,1.3332697650486194,0.8526619314920585,0.9591849707675876,0.8280447526741375
NQ,RTH,B0,1h,60,2017,1,1146,0.31939607770879375,1.3225941777674737,1.975463834230596,-2.5468495391209167,0.8149952553079054,0.9465482212621374,4.522313373351513
NQ,RTH,B0,1h,60,2017,2,240,1.3224391671071207,1.320676198334857,-0.8871546012737118,-0.8870273326094505,0.7931803558134374,0.9448141597399535,2.2095937683808327
NQ,RTH,B0,1h,60,2017,3,36,1.041478236418482,1.0410493761571373,-0.8915385397540915,-0.8911536819130382,0.7890109342764478,0.9508182490687769,1.9330167761725736
NQ,RTH,B0,1h,60,2018,0,1416,0.7580830256168404,0.7713029016018899,0.9540525097525064,0.9377784215981567,0.9451433661768573,0.9770196820223223,0.21893665640548188
NQ,RTH,B0,1h,60,2018,1,384,0.8004100021513879,0.7950592917309731,-0.6328650423956371,-0.6315619091511229,0.8305241103396998,0.9415091014495176,1.5743741438451546
NQ,RTH,B0,1h,60,2018,2,498,0.46553490297478317,0.8447133006096227,1.6011178158912815,4.456205927335221,0.8715142415585214,0.9506511027137912,3.9906710243604375
NQ,RTH,B0,1h,60,2018,3,534,0.7058917463819047,0.7454741292228042,1.407857254868953,1.223581737431387,0.891276408275344,0.9537568775264538,0.7019655084870483
NQ,RTH,B0,1h,60,2019,0,1422,0.5999322865042591,0.6287583370642837,0.8854986860779193,0.9942891872756102,0.8903065878712697,0.9714982948189621,0.3943569007713511
NQ,RTH,B0,1h,60,2019,1,684,0.37417641214398434,0.6212324424003521,0.8653602792794891,2.982258744644941,0.8542905030296233,0.9610459701601847,2.608082332500957
NQ,RTH,B0,1h,60,2019,2,504,1.5104539178891907,1.507634284486546,-16.383473966566953,-2.5981684616825222,0.8128056191101491,0.9459101435565195,17.893927884456144
NQ,RTH,B0,1h,60,2019,3,234,1.1721228595846325,1.416972335674209,-73.28241934312635,-5.198510873506028,0.8151648872407343,0.9601758647514386,74.69939167880055
NQ,RTH,B0,1h,60,2020,0,1434,0.778636853132114,0.7958341987332348,0.9952676745355652,0.9836599160174062,0.9380107452116061,0.9788232155105627,0.21663082140345125
NQ,RTH,B0,1h,60,2020,1,252,0.35307214694482136,1.4480105115136754,3.29135639869031,-2.1049913967920575,0.8444358183034433,0.9543215262025727,5.3963477954823675
NQ,RTH,B0,1h,60,2020,2,426,1.4849844721549703,1.481058481835291,-3.728338509104232,-1.262735811282905,0.8188074269714388,0.9460925972823032,5.213322981259203
NQ,RTH,B0,1h,60,2020,3,756,0.7296743523688709,0.7593662976111327,0.9940689420307971,0.9871654769284828,0.9182425462783632,0.9703843195071996,0.2643945896619262
NQ,RTH,B0,1h,60,2021,0,1434,0.5856353707233833,0.6529379564940645,0.9224494544600887,1.086596632457119,0.9091596895601359,0.97144390519804,0.5009612617337357
NQ,RTH,B0,1h,60,2021,1,516,0.9318484834573256,0.9266065021047446,-0.6965470312281045,-0.6950918172575676,0.847868232739741,0.9540546562872645,1.650601687515369
NQ,RTH,B0,1h,60,2021,2,534,0.4384760588620097,0.9126425772544049,2.653322154364385,12.622054719296798,0.8435294468843532,0.9533252029746523,12.183578660434788
NQ,RTH,B0,1h,60,2021,3,384,0.5918123097669573,0.7509332448584216,1.857923670270192,2.020983434582544,0.8808116342528731,0.9579579402553611,1.4291711248155865
NQ,RTH,B0,1h,60,2022,0,1428,0.46500829239453206,0.6127449666155647,0.9886566216348532,1.6434477469080737,0.866740850730659,0.9550569833557987,1.1784394545135417
NQ,RTH,B0,1h,60,2022,2,192,0.7934672559787425,0.7886003538713589,-0.6516126993723527,-0.6505952624334077,0.8381532664674566,0.9399529590195776,1.5915656583919304
NQ,RTH,B0,1h,60,2022,3,1230,0.4335425492397757,0.6914950145079953,1.1210404577885293,2.548635080506896,0.8529963095932044,0.950957415050067,2.1150925312671203
NQ,RTH,B0,1h,60,2023,0,1416,0.44798848251716644,0.536697210907955,0.8678360857151013,1.2446285492056464,0.8765032511626678,0.949944617213833,0.7966400666884799
NQ,RTH,B0,1h,60,2023,1,198,0.37388241131976185,1.045012930942374,1.89707660401417,-20.826414661245515,0.8478579607571722,0.9415772771990493,22.723491265259685
NQ,RTH,B0,1h,60,2023,2,834,0.312359610842932,1.2635930217893598,3.101571258124397,-1.690513610246325,0.8293200872833016,0.932452482344421,4.792084868370722
NQ,RTH,B0,1h,60,2023,3,384,1.5562748006971576,1.553512359056515,-3.4995662644712007,-1.570816700097528,0.874900303348107,0.9479160150713264,5.055841065168359
NQ,RTH,B0,30min,30,0,0,22812,0.7710491961530859,0.9153673749423827,1.033747906568008,1.16714299467935,0.926678286455522,0.9606130236763046,0.39609379852626403
NQ,RTH,B0,30min,30,0,1,7608,0.9049608471491726,1.02460678112749,3.245719536903184,3.592382431037673,0.8279305947832669,0.9229408062002357,2.764451836254406
NQ,RTH,B0,30min,30,0,2,7596,0.8979125013288192,0.9946037647457354,3.294086047683442,3.0509472867494174,0.8287129940560748,0.9124303916558443,2.4653730536273675
NQ,RTH,B0,30min,30,0,3,7608,0.7347838125028652,0.9302701974047071,1.4300737447988527,1.510820188228826,0.8806040375293398,0.9334099572745873,0.7760363757259607
NQ,RTH,B0,30min,30,2016,0,2868,0.7204981764056491,0.8818970406181184,1.0284380022488093,1.1643628845315048,0.9074993952576015,0.9474468018586703,0.44386470812585577
NQ,RTH,B0,30min,30,2016,1,1236,1.071936610563406,1.0386191170355077,12.098239141507184,5.46441235832365,0.8047470672838527,0.8993860444647993,11.293492074223332
NQ,RTH,B0,30min,30,2016,2,1140,0.7506142009730297,0.8915332946614772,2.3711395657512777,2.3044010380538245,0.8015191823552372,0.8986051766861738,1.620525364778248
NQ,RTH,B0,30min,30,2016,3,492,0.7840543081648211,0.9052160975296509,1.3884718685484387,1.2997721890185159,0.899152107976857,0.9288178627609017,0.6044175603836176
NQ,RTH,B0,30min,30,2017,0,2844,0.7089501333546957,0.9315039791954273,1.7952099036900677,1.9140111799894393,0.8421272593787363,0.9301956583667956,1.2050610466347436
NQ,RTH,B0,30min,30,2017,1,2292,1.0991659720179545,1.0856768791848086,14.184176802116914,8.411381338768416,0.7922091449737616,0.9106014910420803,13.391967657143152
NQ,RTH,B0,30min,30,2017,2,480,1.3311106177302425,1.239903523023385,-5.183258989699182,45.39943580806231,0.820854671354974,0.9121001960733647,50.58269479776149
NQ,RTH,B0,30min,30,2017,3,72,2.2474473151739667,2.162272449421194,-1.9349329477042498,-2.5521999923908205,0.8484671927960681,0.9248551404988675,4.799647307564787
NQ,RTH,B0,30min,30,2018,0,2832,0.7865369499670698,0.9190111750773301,1.0541017174957763,1.1615564414874737,0.9357701615395856,0.9583121089200469,0.3750194915204039
NQ,RTH,B0,30min,30,2018,1,768,1.5424260057873196,1.451831062134537,-1.962416613022246,-3.0050004358044893,0.7741239141526944,0.9001121869563259,4.547426441591809
NQ,RTH,B0,30min,30,2018,2,996,0.8803952629398836,0.9839465630845013,2.80930362310295,2.37322716795148,0.8484660640862706,0.9174889253351689,1.9608375590166793
NQ,RTH,B0,30min,30,2018,3,1068,0.7572626555399872,0.9048832222010851,1.343109467055194,1.3511950384792561,0.883116552937753,0.9201900090561543,0.593932382939269
NQ,RTH,B0,30min,30,2019,0,2844,0.7036173650400976,0.9119264106711016,1.2338442003150707,1.4025322416178534,0.8795436433292039,0.9494726338450056,0.6989148765777558
NQ,RTH,B0,30min,30,2019,1,1368,0.888405343175582,1.0450560547038186,2.775607354555497,3.16482350400165,0.8429373966252186,0.9320895242465707,2.3218861073764314
NQ,RTH,B0,30min,30,2019,2,1008,1.0164878077739374,1.0197361436142167,6.192390440414265,3.8070429779175945,0.789599888286597,0.910970510618065,5.402790552127668
NQ,RTH,B0,30min,30,2019,3,468,1.0475648408953453,1.0440944923671245,5.733494773833064,3.03502381502087,0.8234151192352956,0.9310764491289893,4.910079654597768
NQ,RTH,B0,30min,30,2020,0,2868,0.8083719869485576,0.9272703429830342,1.0830316741946153,1.1330131215057364,0.9303521042941524,0.9618450677015804,0.3246411345571788
NQ,RTH,B0,30min,30,2020,1,504,1.1551461008099007,1.104288106060746,15.552746390767707,5.597842254206663,0.8422619482210407,0.923489136917877,14.710484442546667
NQ,RTH,B0,30min,30,2020,2,852,1.2326782995738998,1.1854379814294063,47.257769648318884,8.287026211807866,0.8179397187333882,0.9095468815513978,46.4398299295855
NQ,RTH,B0,30min,30,2020,3,1512,0.7724595784157272,0.9073083476136848,1.1031998251563357,1.1873153133302494,0.9053727569806252,0.9481375116570565,0.4148557349145222
NQ,RTH,B0,30min,30,2021,0,2868,0.7221845957295506,0.9254225362630778,1.34488010155166,1.4978671717878063,0.8927160465375837,0.9498435483612153,0.7756825760582556
NQ,RTH,B0,30min,30,2021,1,1032,1.5730345735110693,1.4965111309876513,-2.5592312020034713,-4.022460930124027,0.8122665553849662,0.9232826632205112,5.595495503635097
NQ,RTH,B0,30min,30,2021,2,1068,0.943777528399012,1.0081104274237587,4.1405013196096325,3.4286610261557233,0.8378587244846752,0.9226445534881247,3.3026425951249574
NQ,RTH,B0,30min,30,2021,3,768,0.7952232468970185,0.967893958987489,1.9852146599386902,1.8925384020455647,0.8507614545682424,0.9280058273123161,1.1899914130416716
NQ,RTH,B0,30min,30,2022,0,2856,0.7579110440071084,0.9786111130357472,2.0063229927500688,2.149028199965652,0.8630229344310943,0.9215259085483114,1.3911171559585436
NQ,RTH,B0,30min,30,2022,2,384,1.6047551444503079,1.5090029275271433,-1.7392269609080735,-2.868942675546043,0.8419859747419058,0.8967825982032951,4.473697819996351
NQ,RTH,B0,30min,30,2022,3,2460,0.8264721683934757,1.012839057446163,2.480650727241976,2.502984421988303,0.8500195798848676,0.9155470533112027,1.6765122535948274
NQ,RTH,B0,30min,30,2023,0,2832,0.6896193416249554,0.9420132244145001,1.7720179500066202,2.0742491927468065,0.8495314607408537,0.9144383512917732,1.384629851121851
NQ,RTH,B0,30min,30,2023,1,396,0.824151172961918,0.8930096666821032,3.256850279632608,2.5296996760818917,0.8322775460739412,0.9037059549934562,2.4326991066706904
NQ,RTH,B0,30min,30,2023,2,1668,1.1429455325694322,1.112403864906463,-88.64905182718054,10.637769342744352,0.8034021570066954,0.8884045974209728,99.28682116992489
NQ,RTH,B0,30min,30,2023,3,768,1.2860835323232505,1.2185377493659666,-103.13439680422431,6.3927458187086925,0.8401690967513149,0.9120259211524222,109.527142622933
NQ,RTH,B1,1day,13,0,0,1901,0.7096751764897052,0.7289585500311552,0.8929933609679563,0.8149627714395583,0.8003526340966357,0.9000077087194261,0.1903325322297209
NQ,RTH,B1,1day,13,0,1,634,0.3172341493869158,0.3322599707657717,0.41205202469825947,0.3703000046736323,0.36602291699800904,0.6445666475245952,0.32733249813767945
NQ,RTH,B1,1day,13,0,2,633,0.0908227843319631,0.10526623037640898,0.139720082769246,0.15423619017728615,-1.5782229962895704,0.4211769904458078,1.9993999867353782
NQ,RTH,B1,1day,13,0,3,634,0.484067152400875,0.4778165363873711,0.8070057998167687,0.5983220022300617,0.13124475325365278,0.7545499140750813,0.6757610465631159
NQ,RTH,B1,1day,13,2016,0,239,0.6224941431775773,0.656215920235989,0.9046405765996309,0.8087356756440636,0.7438057639382346,0.8638881518993663,0.2821464334220536
NQ,RTH,B1,1day,13,2016,1,100,0.24471918472189555,0.41730006764276223,0.5115179604513544,0.7432627609710701,0.20950437496797036,0.5293845232900585,0.5337583860030998
NQ,RTH,B1,1day,13,2016,2,97,-0.05966190440212938,-0.05059183569433259,-0.12620184421702435,-0.037927864726537655,-2.0979691514196492,0.49931985768118103,2.5972890091008303
NQ,RTH,B1,1day,13,2016,3,42,0.39488831909605787,0.3328068983368395,-18.207559473127645,0.7951273196188879,0.1378185696428386,0.7137710849009816,19.002686792746534
NQ,RTH,B1,1day,13,2017,0,237,0.4753551000211586,0.4519163511083475,1.3570023182914912,0.7618403017416675,0.6674844314011108,0.8186450773977003,0.9050859671831437
NQ,RTH,B1,1day,13,2017,1,187,0.34198130754936007,0.3024747296187539,1.1280883967764817,0.48253942143093675,0.4172179188807931,0.6747237037801423,0.8256136671577278
NQ,RTH,B1,1day,13,2017,2,44,0.061458629261010804,0.06869881111466482,0.4547304253112927,0.45514793819135346,-1.3470936556986683,0.63496963604177,1.9820632917404384
NQ,RTH,B1,1day,13,2018,0,236,0.7761540107558914,0.7988215238971941,1.3719054658388719,1.0642314694731947,0.8465349269030453,0.8929506161795594,0.5957514550829804
NQ,RTH,B1,1day,13,2018,1,64,0.32295446687342044,0.36149676825213983,6.988727294140138,-1.4042611433193184,0.1560384495131058,0.5617398438814185,8.392988437459456
NQ,RTH,B1,1day,13,2018,2,85,0.053762070498000046,0.3116029665747109,0.1752096594442966,-0.6888186773856927,-1.700386198071613,0.501887239705169,2.202273437776782
NQ,RTH,B1,1day,13,2018,3,87,0.7444511208402381,0.6776339762634321,-65.23422221464165,2.215359360742708,0.4183798221114504,0.7223542196808734,67.44958157538436
NQ,RTH,B1,1day,13,2019,0,237,0.5177667281888438,0.49264575485679596,0.8427280024656035,0.6127390859768086,0.6248561674286942,0.8466598268320188,0.35401407197522283
NQ,RTH,B1,1day,13,2019,1,111,0.09950319791830362,0.11258190714145513,0.13137913563862816,0.12328331900866436,0.4706842580918513,0.6448312747424456,0.545328076824142
NQ,RTH,B1,1day,13,2019,2,87,0.0948935961860744,0.06084338788573097,0.2560304058584207,0.057814303390654,-1.6518669518228946,0.4233260491307592,2.0751930009536537
NQ,RTH,B1,1day,13,2019,3,39,-0.19909836798327069,-0.22937890880496398,-0.25831298581740997,-0.37488013683328186,-2.1708714977439336,0.6577611224143702,2.828632620158304
NQ,RTH,B1,1day,13,2020,0,239,0.7194571642596794,0.7309414775098451,1.0653600806046406,0.9088383923643235,0.8197904052252061,0.9040636083794612,0.3459029163449612
NQ,RTH,B1,1day,13,2020,1,41,0.13875979045280765,0.11497752759016394,0.33125616793433643,0.09830768197295002,-0.2610820958188118,0.5066696546732676,0.7677517504920794
NQ,RTH,B1,1day,13,2020,2,75,-0.06352754704112797,-0.04778509314605079,-0.13696506217817747,-0.05206474307647614,-0.8277560171815319,0.1092037651992438,0.9369597823807757
NQ,RTH,B1,1day,13,2020,3,123,0.6244824223458275,0.6774227554246475,0.9393472962757691,0.8412482654521595,0.5941217326142254,0.8377282219142814,0.34522556366154367
NQ,RTH,B1,1day,13,2021,0,239,0.5868415856459459,0.5854064002744428,1.178607712140443,0.8806723768119249,0.7054932627053373,0.8404062074956986,0.5932013118660002
NQ,RTH,B1,1day,13,2021,1,89,0.11903765092289646,0.12222846027527258,0.11695019419418953,0.13266373777962961,-0.5629115314181722,0.2654581649058311,0.8283696963240033
NQ,RTH,B1,1day,13,2021,2,86,0.1854743496039698,0.15657263048971456,-3.5260896865439872,0.25842975050001843,-1.820343412251868,0.4431579993450765,3.969247685889064
NQ,RTH,B1,1day,13,2021,3,64,0.34953723583685803,0.3024330649843821,0.8440342386656113,0.45116025061256676,-0.4048840786685983,0.7593466194918194,1.2489183173342098
NQ,RTH,B1,1day,13,2022,0,238,0.3768919102133288,0.34968934244177935,0.5703739190335466,0.40286407771250315,0.26653239754008645,0.762338091433417,0.49580569389333057
NQ,RTH,B1,1day,13,2022,2,31,-0.7710301530607102,-0.7702111111117997,0.5359441095196252,0.5354927039153039,-2.6357377238832855,0.003321220109474554,3.1716818334029107
NQ,RTH,B1,1day,13,2022,3,206,0.33763698745796744,0.28705690609308515,0.5842483419084247,0.33354120814803645,-0.11045167398601508,0.7008687776220144,0.8113204516080295
NQ,RTH,B1,1day,13,2023,0,236,0.41389948044661323,0.3684060363239073,0.702499175024024,0.4345015269531799,0.38327235250665337,0.7580201916671256,0.38961415534321836
NQ,RTH,B1,1day,13,2023,1,41,0.11532885086399641,0.14085737137390014,0.1280990632691077,0.15183091194449377,0.16587408054624672,0.47526104173722894,0.3599321908732325
NQ,RTH,B1,1day,13,2023,2,128,0.4131934609609396,0.4122818908401196,-0.3533234044947211,-0.30843532401720875,-1.823427568372424,0.03777417957853646,2.2366210293333637
NQ,RTH,B1,1day,13,2023,3,67,0.2183168484575577,0.21315772975272906,0.26208026598969836,0.19365355311002314,-1.5044489135176,0.4727116361267574,1.9771605496443574
NQ,RTH,B1,1day,26,0,0,1901,0.7597163651856534,0.7868662419056331,0.9561861460881198,0.894160128259934,0.8645324033861943,0.9393314300070542,0.19646978090246636
NQ,RTH,B1,1day,26,0,1,634,0.4137575458248732,0.47756847491924137,0.6018457282349946,0.6134868851858389,0.5653730050522143,0.8169023910339825,0.40314484520910937
NQ,RTH,B1,1day,26,0,2,633,0.23120967666499884,0.2568005040619859,0.340985173816427,0.3276988751636465,0.054022747472494456,0.6818600481019856,0.6278373006294912
NQ,RTH,B1,1day,26,0,3,634,0.5514025724623037,0.5928181932466213,0.9722002975976373,0.8492729887063298,0.49147757755145405,0.8461152335810056,0.4807227200461832
NQ,RTH,B1,1day,26,2016,0,239,0.6702691294875561,0.694703236038431,1.0424501255608938,0.8864182206481448,0.8190509832172571,0.9217806276404268,0.37218099607333766
NQ,RTH,B1,1day,26,2016,1,100,0.19237488317850596,0.18337549016036678,2.5667205355506004,-0.8017109814566071,0.38058965963604535,0.7992748603332749,3.3684315170072074
NQ,RTH,B1,1day,26,2016,2,97,0.5781807330887111,0.6691330223545824,2.176656597013607,-2.2798096674526906,0.07465759160107863,0.65793189067367,4.456466264466298
NQ,RTH,B1,1day,26,2016,3,42,0.7829293980661682,0.6354380979230353,-3.3689188856865036,3.0529016264566446,0.45885873322922655,0.8145334732399676,6.421820512143148
NQ,RTH,B1,1day,26,2017,0,237,0.5473633593753773,0.5769043418439647,1.4748499609030703,1.111239277941126,0.7136441814939595,0.8692282621126035,0.927486601527693
NQ,RTH,B1,1day,26,2017,1,187,0.44191163071841105,0.4552380450202696,1.4529277007817676,0.91256436839016,0.5829802172700113,0.7906157683976662,1.0110160700633566
NQ,RTH,B1,1day,26,2017,2,44,-0.36907054340842266,-0.36939582631238554,0.37423639932031777,0.3743646219869624,-0.18156382796297252,0.576109031764032,0.9455048580764176
NQ,RTH,B1,1day,26,2018,0,236,0.8458421141528394,0.8530694446659213,1.4394935769287858,1.1161806390537716,0.933699180700029,0.9366527328690876,0.5936514627759464
NQ,RTH,B1,1day,26,2018,1,64,0.6853804167367308,0.6472205729476805,-4.448577191349959,3.4228543276984613,0.39339836899987785,0.71843387609774,7.8714315190484205
NQ,RTH,B1,1day,26,2018,2,85,0.18501393145404227,0.428886684751987,0.5138725955811809,1.0591031172907603,-0.05538890312466682,0.6827683624920473,1.1144920204154272
NQ,RTH,B1,1day,26,2018,3,87,0.9824467629674973,0.9423372522550306,-8.89552602647901,10.671085890442617,0.6912107082474082,0.8411124529337581,19.566611916921627
NQ,RTH,B1,1day,26,2019,0,237,0.6124528389399496,0.5858459985416368,0.9484303416115452,0.7101058372205558,0.7105492680318691,0.8972566130819639,0.3625843430699084
NQ,RTH,B1,1day,26,2019,1,111,0.39787985812646753,0.4367670935965635,0.7552359472728141,0.6398404884443032,0.5944903030619877,0.8095748262766411,0.4116949681501736
NQ,RTH,B1,1day,26,2019,2,87,0.05505568188358671,0.05265845951444372,0.04641292523076912,0.05698750765855185,-0.29591542485337696,0.6849827354681319,0.9808981603215089
NQ,RTH,B1,1day,26,2019,3,39,-0.03104434976103323,0.1363853368002653,-0.033923175744926266,-0.12556269795651748,-0.9556751713024352,0.7520724535788346,1.7077476248812697
NQ,RTH,B1,1day,26,2020,0,239,0.7649419496572469,0.7757547809903627,1.1174474739507263,0.9563921243734838,0.9075407439953602,0.93990356972535,0.35250552429347937
NQ,RTH,B1,1day,26,2020,1,41,0.023957451636268213,-0.2299951987144708,0.22097961957402193,0.22117578650930622,0.06193272530915716,0.7432519729970497,0.9732471717115205
NQ,RTH,B1,1day,26,2020,2,75,0.21078053054077783,0.6217528751638683,1.3707025228932663,17.03048492866299,0.13813589432443407,0.5707634740565252,16.892349034338555
NQ,RTH,B1,1day,26,2020,3,123,0.6395545462870795,0.7195818946559628,1.010896842350048,0.967190245793478,0.8245521132866375,0.904215017943176,0.3713422960629684
NQ,RTH,B1,1day,26,2021,0,239,0.6137465026704116,0.6893138962666506,1.390058766647085,1.2193918331724545,0.7648313078886534,0.9141328192781881,0.7763122639766733
NQ,RTH,B1,1day,26,2021,1,89,0.20351346302545256,0.35029304147989165,0.3296430091299367,0.7567521275359287,0.22348482911487122,0.7234160541795495,0.5532386645104761
NQ,RTH,B1,1day,26,2021,2,86,0.08742092681096614,0.07131903084251245,0.12244033997509418,0.05592664180398421,0.11027977927268254,0.6679650650042726,0.6120384232002883
NQ,RTH,B1,1day,26,2021,3,64,0.39164794921717344,0.38360258377376616,2.1797287066294864,0.8952774343418998,0.01202642156247944,0.7995082462124348,2.167702285067007
NQ,RTH,B1,1day,26,2022,0,238,0.509794722988437,0.4921493784772695,0.9544192124448729,0.6676457836678169,0.3385511260273788,0.812523016138861,0.6158680864174941
NQ,RTH,B1,1day,26,2022,2,31,0.4584887077603261,0.4606341242650132,-0.31962025283676365,-0.32045891086700773,-0.23110971963195742,0.48642284418320125,0.806881755050209
NQ,RTH,B1,1day,26,2022,3,206,0.4204298150015288,0.37895907306997584,0.8413523821988554,0.49957738807002605,0.08923045759628982,0.7736453346220435,0.7521219246025657
NQ,RTH,B1,1day,26,2023,0,236,0.5100538229419234,0.4871500666344313,0.8358159432042658,0.5943405099588928,0.45910092497940874,0.8249419162529414,0.37671501822485703
NQ,RTH,B1,1day,26,2023,1,41,0.38090387639220163,0.3849909098396147,0.8256703642143849,0.5410696003560179,0.5421815831135053,0.7378488606209705,0.44476648782218325
NQ,RTH,B1,1day,26,2023,2,128,0.2646720163664593,0.24246919875804415,1.1503692595644452,0.630559633786792,-0.1799865052414631,0.6340283778135151,1.3303557648059083
NQ,RTH,B1,1day,26,2023,3,67,0.2106723264255134,0.2683220298193332,0.36779259984579377,0.39639056270984946,-0.1863845807352421,0.7382675507343095,0.9246521314695516
NQ,RTH,B1,1day,78,0,0,1901,0.8100151876479628,0.8304097701934811,0.9890320948249264,0.9284714369679545,0.9095666843435349,0.9760554992040663,0.1790169071769636
NQ,RTH,B1,1day,78,0,1,634,0.5076577200309874,0.5556888616247411,0.6928221044069145,0.6785093051232174,0.6949853899700403,0.9167232418657947,0.40906552183480727
NQ,RTH,B1,1day,78,0,2,633,0.36354244792518003,0.3760274341204264,0.5792679375717809,0.5100895027994286,0.5374169536847831,0.8912882386198077,0.5277457906946277
NQ,RTH,B1,1day,78,0,3,634,0.6106485026170828,0.6355868378099104,1.0754310779357144,0.893510211437671,0.6728620681371404,0.9445239055136838,0.46478257531863154
NQ,RTH,B1,1day,78,2016,0,239,0.7551832186192792,0.7798138142675217,1.119680881531065,0.9779366326442804,0.8990007229028731,0.9675244939428366,0.36449766291178587
NQ,RTH,B1,1day,78,2016,1,100,0.09460528625433255,0.2017739731317232,0.16813035485894479,0.4323121727678096,0.47916744594144733,0.8773588824566193,0.7827535962022868
NQ,RTH,B1,1day,78,2016,2,97,0.45774223293711735,0.594066305655579,1.8200868387195153,2.4729923044639137,0.5111086868590764,0.8999400015785236,2.0152500715267965
NQ,RTH,B1,1day,78,2016,3,42,0.6224797596406538,0.4679011812352462,5.119707579786478,0.9976727225595396,0.7725658486793199,0.9485027412833897,4.651806398551233
NQ,RTH,B1,1day,78,2017,0,237,0.6426810896853518,0.6694333056404809,1.789873053610009,1.2653033030698289,0.7545443972127601,0.9400010332635911,1.1471919639246573
NQ,RTH,B1,1day,78,2017,1,187,0.48261046945791886,0.5098119134161125,1.1675184072184535,0.8607015219012679,0.6922880068110772,0.8934915275795876,0.6849079377605346
NQ,RTH,B1,1day,78,2017,2,44,-0.41889802082476685,-0.41831829278844324,0.36953333046016107,0.36946640492523397,0.14481888375798516,0.8210510596003722,1.239949080425139
NQ,RTH,B1,1day,78,2018,0,236,0.9200300716989357,0.907532478281845,1.5428501771274779,1.1767006265110318,0.933431189977869,0.9745348050136036,0.6353176988456328
NQ,RTH,B1,1day,78,2018,1,64,0.9456876192786746,0.8328328162861247,86.22207023498855,2.2339180180041316,0.46622571065957724,0.8289381785390242,85.75584452432898
NQ,RTH,B1,1day,78,2018,2,85,0.2989844249804187,0.36302962516892945,0.8186924320354759,0.9819818033477484,0.6331809187537896,0.9019356512708251,0.6829973783673298
NQ,RTH,B1,1day,78,2018,3,87,0.8564163695906998,0.7508614584616201,13.321058449619569,2.101705889362212,0.7057396134058104,0.9414431464223098,12.615318836213758
NQ,RTH,B1,1day,78,2019,0,237,0.6928801971154384,0.6756547959211214,1.1493667698661474,0.8696858346598126,0.7943530410635223,0.9583422995956832,0.47371197394502595
NQ,RTH,B1,1day,78,2019,1,111,0.4628147931134306,0.47687866141269586,1.022140244391779,0.792812086696866,0.705517094321641,0.9125118153568523,0.5593254512783485
NQ,RTH,B1,1day,78,2019,2,87,0.4022166422176099,0.3010170373654149,-4.476707765330341,0.4915065975857333,0.39349581261987127,0.8917194753252247,5.368427240655565
NQ,RTH,B1,1day,78,2019,3,39,-0.047621017261767526,0.44741447680547863,-0.05124338616205406,-0.3275833507230276,-0.06048470065552134,0.8978404447208297,1.2254237954438572
NQ,RTH,B1,1day,78,2020,0,239,0.8051865458198018,0.8125951613248236,1.1529337598088818,0.9854898712142396,0.9544966481937066,0.9774424188323995,0.34774721398908004
NQ,RTH,B1,1day,78,2020,1,41,0.20215167851610613,0.24936341003572426,0.7822242294293396,1.0556188359223755,0.5695718966350646,0.8983433989400482,0.8534671574062693
NQ,RTH,B1,1day,78,2020,2,75,0.13211957889154896,0.1917148712792883,0.32130698323239615,0.4667591973552665,0.6288590461723804,0.8584649666629309,0.7263453877713819
NQ,RTH,B1,1day,78,2020,3,123,0.7306173318234414,0.7835578025746381,1.1772913885793057,1.0256120519806453,0.9063156433217089,0.9658089167816525,0.44667405675586436
NQ,RTH,B1,1day,78,2021,0,239,0.688887768772103,0.7276143543431904,1.360155854866281,1.087215089942543,0.8725669440861382,0.9624275613744102,0.6712680860941781
NQ,RTH,B1,1day,78,2021,1,89,0.3082687108418761,0.2957014049562472,0.4341476242072552,0.3350767539055763,0.4539707044087163,0.8498380914670596,0.5541366865108124
NQ,RTH,B1,1day,78,2021,2,86,0.35146379018869134,0.33332890802617443,-0.3308873235709423,-0.6305648992069438,0.5068774501549445,0.8770641149200985,1.5076290141270423
NQ,RTH,B1,1day,78,2021,3,64,0.6006158541060107,0.5938630271784678,2.2554585413724184,1.2486736108594247,0.6262169282287502,0.9328765019901495,1.6615955141939507
NQ,RTH,B1,1day,78,2022,0,238,0.5142572379505992,0.5356983839677031,0.9446761445867543,0.7755248413280686,0.509284272627076,0.922007479757016,0.4353918719596783
NQ,RTH,B1,1day,78,2022,2,31,-0.08692152955531782,-0.08136234522178487,-0.16624484335318593,-0.08815497205047393,0.2897483302168443,0.7058557794576861,0.872100622810872
NQ,RTH,B1,1day,78,2022,3,206,0.4673894061204596,0.4627609834539402,0.9322932489379419,0.6455341997327033,0.37317903282603015,0.9081743435247249,0.5591142161119117
NQ,RTH,B1,1day,78,2023,0,236,0.5743763845167857,0.5532582364689865,0.869858282881908,0.6942635126893661,0.5680724500919789,0.9261501224695713,0.37289188600058476
NQ,RTH,B1,1day,78,2023,1,41,0.36489174550223286,0.3405436708585214,0.789056019157183,0.4532905113054987,0.6797202846177319,0.9125019056636059,0.5719582348050845
NQ,RTH,B1,1day,78,2023,2,128,0.435543934297313,0.3693279384137475,0.8562099880085269,0.4757057253724278,0.37990994569435754,0.8548564484596773,0.4868820495947794
NQ,RTH,B1,1day,78,2023,3,67,0.1846822646764845,0.32610458222407274,0.3345246197273683,0.6392576664483137,0.005699093994384615,0.8759269010066305,0.8702278070122459
NQ,RTH,B1,1day,195,0,0,1901,0.8398211868414627,0.8593471265502343,1.0255099706997761,0.9608399799670282,0.9265839215630879,0.9898392673248824,0.18568878385831344
NQ,RTH,B1,1day,195,0,1,634,0.5382679315227725,0.5895730922542796,0.7577002753372851,0.7580671424660643,0.7654867361242851,0.9614268873042543,0.42315895578148177
NQ,RTH,B1,1day,195,0,2,633,0.4212936707320125,0.47637248889040695,0.6785117422368111,0.6646876515579903,0.648748562592613,0.9556275739619624,0.5343339032299499
NQ,RTH,B1,1day,195,0,3,634,0.6641133027124019,0.7021178722240559,1.1268053872296846,0.9613494921318698,0.7315445423068047,0.977046750481777,0.4626920845172827
NQ,RTH,B1,1day,195,2016,0,239,0.7975678291166518,0.8096210408262523,1.161717072632137,0.98975342619547,0.9168875381288957,0.9859576286276314,0.3641492435154853
NQ,RTH,B1,1day,195,2016,1,100,0.12823260222625615,0.2987047288593727,0.29910163373897236,0.9089459912743867,0.6196631493358493,0.9419315486302741,0.8136989464040179
NQ,RTH,B1,1day,195,2016,2,97,0.4002860445447523,0.7512217416672398,1.5122435992721857,3.8838904647558348,0.5756746274920698,0.9530658018393212,3.4836044202110825
NQ,RTH,B1,1day,195,2016,3,42,0.7061197180126404,0.6064140146800048,2.885219197942232,1.1514589565540705,0.8460107506330021,0.9775708968993254,2.2788051832622274
NQ,RTH,B1,1day,195,2017,0,237,0.6745375987169666,0.7219367155608374,2.1638363391388,1.5664943126768316,0.7894528931560867,0.9732371264018014,1.4892987404218334
NQ,RTH,B1,1day,195,2017,1,187,0.46624189712330893,0.49843341956092224,1.1023745666817828,0.8412159908466466,0.7288934482652148,0.9486065911059284,0.6361326695584739
NQ,RTH,B1,1day,195,2017,2,44,-0.6454065458339838,-0.6451692908439978,0.4637696141219348,0.4637693552308933,0.32072655777007164,0.9359856160012118,1.5813921618351956
NQ,RTH,B1,1day,195,2018,0,236,0.9346487721644116,0.9319587468157329,1.5883147205306642,1.2084524665360568,0.9497319234789732,0.9893171184363171,0.6563559737149314
NQ,RTH,B1,1day,195,2018,1,64,0.7361234270616199,0.6825526605401687,7.56347690517482,1.6998670810043943,0.6319417421932365,0.9174090445813428,6.931535162981584
NQ,RTH,B1,1day,195,2018,2,85,0.4485014044676361,0.7036219755894185,1.4076193654079505,2.0409684561911225,0.7015369051595773,0.9612698018476772,1.5924670517234865
NQ,RTH,B1,1day,195,2018,3,87,0.918207313729085,0.8376297690506104,11.972910482085702,2.6928543526140505,0.7550424528449479,0.9766048788063348,11.217868029240753
NQ,RTH,B1,1day,195,2019,0,237,0.7427587952090315,0.7519780997738778,1.3057427435524478,1.0299030504115287,0.8129737918290837,0.9823103606942806,0.5629839483434163
NQ,RTH,B1,1day,195,2019,1,111,0.6098886312879348,0.6348798186308451,1.7040573948328634,1.2369449386996763,0.75753592939925,0.963691905004891,1.0941687635449286
NQ,RTH,B1,1day,195,2019,2,87,0.401895603900829,0.31414550287465054,-1.4492276232425807,0.8363644370319042,0.5297512432798985,0.9527853492227503,2.402012972465331
NQ,RTH,B1,1day,195,2019,3,39,0.5784325672324018,0.5788632577394318,-0.36429729236151187,-0.36768603944521305,-0.0036217305977150906,0.9562008529600108,1.3238868924052238
NQ,RTH,B1,1day,195,2020,0,239,0.8281171617938251,0.8328339149843301,1.1497233086253558,1.0098832539996854,0.9639622080160646,0.9902905770594256,0.32160614683153066
NQ,RTH,B1,1day,195,2020,1,41,0.2020788358226734,0.21671266026388536,0.28285887040605134,0.23619297214311166,0.7732845373811608,0.9417097775410546,0.7396309417183812
NQ,RTH,B1,1day,195,2020,2,75,0.2952538519624674,0.24803629014685422,1.0209497264699434,0.5423994345291592,0.6960505922458,0.9398382903530842,0.7729134363230892
NQ,RTH,B1,1day,195,2020,3,123,0.7477146253109264,0.8120344870528693,1.168366940144236,1.0719277581831548,0.9207820457736421,0.9853786371596137,0.42065231483330967
NQ,RTH,B1,1day,195,2021,0,239,0.7203470575752621,0.7683744172507824,1.4400599721095289,1.180138802629252,0.9351781400470648,0.9824688241632308,0.7197129145342668
NQ,RTH,B1,1day,195,2021,1,89,0.36146186698216354,0.3140236259062249,0.5536275669628055,0.4126413438149502,0.6699864726745538,0.9117879226376168,0.5977642967313919
NQ,RTH,B1,1day,195,2021,2,86,0.46160514549413745,0.4316639797004525,-0.43983189035093007,-0.8629363829074855,0.7341656932332762,0.9524722252307409,1.8154086081382266
NQ,RTH,B1,1day,195,2021,3,64,0.5515102477222259,0.49733846756911326,1.6362563243923443,0.8250850826672577,0.7225440131219649,0.96896407889178,1.138917856823231
NQ,RTH,B1,1day,195,2022,0,238,0.587307396034082,0.6212824077003737,1.073785151457427,0.9001690196031462,0.5679727338998316,0.9664784861739038,0.5058124175575954
NQ,RTH,B1,1day,195,2022,2,31,-0.15335986742070098,-0.10518599538291777,-0.2061789194929017,-0.11493694234018896,0.6472572131370764,0.8670344917869269,1.0732134112798286
NQ,RTH,B1,1day,195,2022,3,206,0.5695744234945964,0.5858306501711732,1.1580664155403504,0.8821134173479346,0.4529978625872333,0.9619887228522432,0.7050685529531171
NQ,RTH,B1,1day,195,2023,0,236,0.6278461518130131,0.6127497715986007,0.9954331756457301,0.7891120696740516,0.626572665692832,0.9635450181156849,0.3826834040471294
NQ,RTH,B1,1day,195,2023,1,41,0.40164087576239166,0.3807479897751101,1.0060767269792892,0.5937360742533022,0.7914863943486917,0.9456371820336608,0.6253287372041791
NQ,RTH,B1,1day,195,2023,2,128,0.4955252854103862,0.4588089585650507,0.9898201438463643,0.6279594027638067,0.4829869265370088,0.9279053972655689,0.5310111852813135
NQ,RTH,B1,1day,195,2023,3,67,0.29219284432222864,0.44475787361084945,0.5528029679127916,0.8344995624173227,0.11383216439346176,0.9429168548574742,0.8290846904640125
NQ,RTH,B1,1day,390,0,0,1901,0.8431950135184894,0.865748892063282,1.0611490288423873,0.9923111203959745,0.936330700385082,0.9946462459749914,0.2179540153238979
NQ,RTH,B1,1day,390,0,1,634,0.5684605438988614,0.6116341387546399,0.8292427743368355,0.793460685211754,0.7740161644661878,0.9787150035239718,0.4102544596251104
NQ,RTH,B1,1day,390,0,2,633,0.46161418079656563,0.5078585021136552,0.8212184408693504,0.7485650229760356,0.701063996135729,0.9775043021939157,0.5158901213973501
NQ,RTH,B1,1day,390,0,3,634,0.6660745458822712,0.705616339420252,1.1880391654800246,0.9838022167001502,0.7600042493788867,0.9881310135626752,0.5219646195977534
NQ,RTH,B1,1day,390,2016,0,239,0.8127341976563152,0.8421227841847471,1.1805881945669388,1.0295858470127242,0.9328613506567611,0.9926812349251767,0.3678539969106236
NQ,RTH,B1,1day,390,2016,1,100,0.25439474923745653,0.3465182590221589,0.627832639641914,0.7533295124461618,0.6729100168782792,0.968583601473317,0.7141888522358605
NQ,RTH,B1,1day,390,2016,2,97,0.48391541284115186,0.7490254336722024,1.4344141759448554,2.175411661396383,0.6584233291658815,0.9760899375688017,1.6914962485552312
NQ,RTH,B1,1day,390,2016,3,42,0.6564278704081495,0.5357761623465863,2.2971277147551836,0.9414428624889265,0.849677648852819,0.9893193886517281,1.7613515524085974
NQ,RTH,B1,1day,390,2017,0,237,0.7233819094918176,0.7455864069309407,2.3129163866886118,1.575409106703977,0.7979023575542319,0.9849759398975491,1.589534477196794
NQ,RTH,B1,1day,390,2017,1,187,0.5281487603091929,0.5623422039028796,1.3585179866054855,0.9893783520068095,0.7328209188208467,0.97106658303618,0.8303692262962926
NQ,RTH,B1,1day,390,2017,2,44,-0.7482979425837026,-0.7475037069683098,0.5858280656031853,0.5854871149218553,0.41289284681200145,0.9695781432944405,1.7178760858781432
NQ,RTH,B1,1day,390,2018,0,236,0.9351718229965337,0.9326153481565916,1.588882621031447,1.2093701117126094,0.9628219719888044,0.994513457934407,0.6562672728748554
NQ,RTH,B1,1day,390,2018,1,64,0.7724141720851427,0.7108007858089225,35.90073975241321,1.9984893242834492,0.6608173895169335,0.9529387315800875,35.23992236289627
NQ,RTH,B1,1day,390,2018,2,85,0.42157550095823054,0.5649621241821091,1.1946828850521143,1.4894488137026434,0.7684099784056418,0.981205659060107,1.0678733127444129
NQ,RTH,B1,1day,390,2018,3,87,0.9830747410475386,0.8906884977802957,43.970758335280685,3.1487883881995904,0.7990967640555456,0.9878282354712805,43.17166157122514
NQ,RTH,B1,1day,390,2019,0,237,0.7720922088029415,0.7765222735570652,1.3309737529517223,1.0532321448714113,0.8300801749952255,0.9908884589142911,0.5588815441487808
NQ,RTH,B1,1day,390,2019,1,111,0.6443542719849361,0.6492683997544272,1.6916828519591534,1.1815660587289474,0.7681115827267165,0.9813183661703969,1.0473285799742174
NQ,RTH,B1,1day,390,2019,2,87,0.5046846297071927,0.4053557744197076,-1.7527246116404807,1.076135188005627,0.5871134992265511,0.9761091106947697,2.8288597996461076
NQ,RTH,B1,1day,390,2019,3,39,0.7429546354395581,0.7435038572719523,-0.4748673536773344,-0.4757685199459,0.15309837906963616,0.9780059991915537,1.4537745191374538
NQ,RTH,B1,1day,390,2020,0,239,0.8471157960678817,0.8537105033958563,1.2124251405033164,1.0095220540409582,0.975208206709031,0.9950703895785291,0.3653093444354347
NQ,RTH,B1,1day,390,2020,1,41,0.31594826835209616,0.30837394851250943,0.6064688308082931,0.4065264653861199,0.7999670504764341,0.9706176399592649,0.6622436914467554
NQ,RTH,B1,1day,390,2020,2,75,0.27365931876867844,0.3015157917969651,1.0165564063447283,0.8051584003100316,0.7050068943061453,0.9703500185244378,0.7428970875760499
NQ,RTH,B1,1day,390,2020,3,123,0.7592915899014882,0.8190937118726177,1.1654876714131956,1.07149020667532,0.9366910097210198,0.992657086219492,0.4061960815117075
NQ,RTH,B1,1day,390,2021,0,239,0.7533696398805938,0.7840385417018353,1.4856457779966303,1.159133151829732,0.9453952684757683,0.991048697733158,0.7322761381160365
NQ,RTH,B1,1day,390,2021,1,89,0.3982447247012807,0.3526941759577538,0.6607403285624122,0.4585330752889724,0.6730562794331835,0.9556869674793455,0.6029927915215916
NQ,RTH,B1,1day,390,2021,2,86,0.5951804169201182,0.5406398388094835,-0.5954519526809017,-1.6274960246613401,0.7553970192041785,0.9752690289232081,2.602765053584548
NQ,RTH,B1,1day,390,2021,3,64,0.5770761301814905,0.5489318760305967,1.9868970024434234,1.0199188536115429,0.7643955165158761,0.9839718327985847,1.4379651264128266
NQ,RTH,B1,1day,390,2022,0,238,0.5945601631454367,0.6464987845881582,1.0887314073956866,0.9830170486281996,0.6182896807183,0.9822696346151392,0.49417124425024994
NQ,RTH,B1,1day,390,2022,2,31,-0.10608604953751509,-0.09605978116213741,-0.08370812852460166,-0.10392638498486949,0.7804066072343179,0.9282261835690343,1.0343122331065493
NQ,RTH,B1,1day,390,2022,3,206,0.566748345778154,0.5869821705348778,1.1408467979562862,0.8916465542668287,0.5131700456069032,0.979684346610024,0.627676752349383
NQ,RTH,B1,1day,390,2023,0,236,0.6528753231133425,0.639624871176694,1.0213594148281016,0.8308688845175239,0.6623469658056348,0.9813500961731311,0.3817345436514076
NQ,RTH,B1,1day,390,2023,1,41,0.5068083550429466,0.4254623905818482,1.3988870494125585,0.6114145874254348,0.8119627910133952,0.9720853684476891,0.9734246588307103
NQ,RTH,B1,1day,390,2023,2,128,0.5211066336888043,0.47651775210391445,1.001986788286284,0.6399753210946674,0.5629371556655011,0.9634038238322463,0.5254690361823696
NQ,RTH,B1,1day,390,2023,3,67,0.3290146446857922,0.4920263194305788,0.7116205477772575,1.0199531534150312,0.15713202459585085,0.972272834018515,0.8628211288191804
NQ,RTH,B1,1h,60,0,0,11406,0.7390770614293322,0.7492801220017106,0.9023968417648162,0.926894751289847,0.9379006298956548,0.9779987766345288,0.23892171520519667
NQ,RTH,B1,1h,60,0,1,3804,0.36057458795767305,0.6699841371417555,0.8981152174609905,3.37615047061455,0.8579179131016881,0.9543313181377242,3.015575882656877
NQ,RTH,B1,1h,60,0,2,3798,0.39327730390339705,0.7666851186308726,1.3050633575880985,4.277692483527892,0.8432369975597321,0.9468192890543234,3.8844151796244955
NQ,RTH,B1,1h,60,0,3,3804,0.5997185655908571,0.6727669943722426,1.0318857121794096,1.1443822707456566,0.8931663452792716,0.9609571551969676,0.5446637051547994
NQ,RTH,B1,1h,60,2016,0,1434,0.691514505796035,0.7030449125830689,0.8702951675356476,0.8916675670388078,0.9210901362921567,0.9703315995057722,0.2788170937097372
NQ,RTH,B1,1h,60,2016,1,600,1.307033271182217,1.3027979256155457,-6.551348329140659,-1.274991238823087,0.8313693187921308,0.9412744878359203,7.8583816003228755
NQ,RTH,B1,1h,60,2016,2,582,0.42259211105393346,0.6213791004308363,1.1460981641124695,2.1185094936960236,0.8207263088984748,0.9384098627523204,1.6959173826420901
NQ,RTH,B1,1h,60,2016,3,252,0.735778550237134,0.7557413454546333,1.4274592814607696,1.1917823113708368,0.9065060222897391,0.9573023421084204,0.6916807312236356
NQ,RTH,B1,1h,60,2017,0,1422,0.5139896841443189,0.5885773570495614,1.1571371800869577,1.3188016231247954,0.8560244550789763,0.9585857318888843,0.8048119389804765
NQ,RTH,B1,1h,60,2017,1,1122,0.3163506229419932,1.3216462703210987,2.2845450685060738,-2.056674498284744,0.818423200372441,0.9449900252395604,4.3412195667908176
NQ,RTH,B1,1h,60,2017,2,264,1.1643297371348795,1.1632141093476571,-0.8151110616816198,-0.8153259853864528,0.7888516247727859,0.9432867413292587,1.9796557225213323
NQ,RTH,B1,1h,60,2017,3,36,1.1229838118004571,1.1226288538644693,-0.9365585684922693,-0.9361807118255845,0.8023176423893431,0.9501191498789913,2.0595423802927266
NQ,RTH,B1,1h,60,2018,0,1416,0.7653706386659004,0.7795318377367157,0.9632413702166007,0.9477260373464566,0.9475116802061169,0.9768439614759105,0.21147332281001008
NQ,RTH,B1,1h,60,2018,1,384,0.8815251032263636,0.8759025239692554,-0.672102881461527,-0.6705395062069445,0.8488186107975275,0.942022366650742,1.614125248112269
NQ,RTH,B1,1h,60,2018,2,510,0.4763339762483165,0.7112810991888235,1.2805408752821548,2.2493695699822696,0.8747035867899612,0.9509075039274749,1.773035593733953
NQ,RTH,B1,1h,60,2018,3,522,0.7108461695262152,0.760480212621324,1.3358119008275569,1.2003365871034974,0.8972360694837584,0.9541624995619933,0.6249657313013417
NQ,RTH,B1,1h,60,2019,0,1422,0.6086964609736275,0.6395896065895482,0.898435284382355,0.9847821144535241,0.892061949293022,0.9711738332880286,0.37608565347989664
NQ,RTH,B1,1h,60,2019,1,666,0.3756191730188454,0.6455186946113893,0.9356401663011513,3.1420422174807454,0.8600494572703298,0.9607019398169625,2.7664230444619
NQ,RTH,B1,1h,60,2019,2,522,0.46411880826298774,0.9970348701193974,3.1233726466573684,13.500637109257914,0.8195139973213629,0.9475928619867192,13.036518300994926
NQ,RTH,B1,1h,60,2019,3,234,0.6103106738575891,1.0612724587659026,5.1233873097749445,25.18472458419688,0.8232235440338598,0.9603414036611504,24.57441391033929
NQ,RTH,B1,1h,60,2020,0,1434,0.7887144180945351,0.800374649920746,1.0081647504379987,0.9730244318706097,0.9415181766294698,0.9786839849472992,0.21945033234346356
NQ,RTH,B1,1h,60,2020,1,246,1.4037506912047044,1.3999738951256164,-2.142517993514249,-1.1800294514696257,0.8282521628015894,0.9487611114685885,3.546268684718953
NQ,RTH,B1,1h,60,2020,2,450,1.348330833496339,1.3441787678751462,-6.19920145591285,-1.0663340847045195,0.8247890045203781,0.9427552706599381,7.547532289409189
NQ,RTH,B1,1h,60,2020,3,738,0.7425296624169964,0.7567343052908623,1.0273959216510935,0.9753987148518113,0.9189755654751349,0.9688223059365896,0.28486625923409714
NQ,RTH,B1,1h,60,2021,0,1434,0.5969522655530884,0.662039562607246,0.9403031149381761,1.0808793014893023,0.9120513413005227,0.971052764331895,0.4839270359362139
NQ,RTH,B1,1h,60,2021,1,534,0.9505508258957337,0.945291728975665,-0.7170939241564991,-0.7157399019576871,0.8637427773405609,0.9523189816792343,1.6694129058357334
NQ,RTH,B1,1h,60,2021,2,516,1.3888047684012563,1.3855575974357932,-12.097584874086698,-2.307522188978184,0.8285129607747493,0.9491657356704275,13.486389642487953
NQ,RTH,B1,1h,60,2021,3,384,0.5635155460846824,0.7539718232936681,1.7209281294151533,2.1359210765065777,0.8784709844247311,0.9559380617521372,1.5724055304218953
NQ,RTH,B1,1h,60,2022,0,1428,0.47359667836307084,0.6215435919719133,1.0070008512249098,1.6222898116616487,0.8695299418199083,0.9543077835529488,1.1486931332985777
NQ,RTH,B1,1h,60,2022,2,186,0.7232690539406644,0.7185053915968015,-0.6347653567644937,-0.6339366462658178,0.8429583697939536,0.9382834403494812,1.5730487971139748
NQ,RTH,B1,1h,60,2022,3,1236,0.44384629643849804,0.6891566560975086,1.1473131191450092,2.391123502388749,0.8555702140313576,0.9500548318598624,1.9472772059502512
NQ,RTH,B1,1h,60,2023,0,1416,0.45877581703766274,0.5436597283260255,0.8886969564195147,1.2034737404782883,0.8786885452325113,0.9489676098064855,0.7446979234406255
NQ,RTH,B1,1h,60,2023,1,246,0.36362732344695925,1.2077814408960417,1.822435959970772,-7.190881123894942,0.8454076971530617,0.9384023527623171,9.013317083865715
NQ,RTH,B1,1h,60,2023,2,768,0.3122920050050577,1.282142022944071,2.7595671174145218,-1.7548606848705093,0.832416323482993,0.9307800844101949,4.514427802285031
NQ,RTH,B1,1h,60,2023,3,402,0.6866824284158803,1.6096184006259218,69.9356191516067,-4.032843798453785,0.875102387915339,0.9462455839861498,73.96846295006048
NQ,RTH,B1,30min,30,0,0,22812,0.7784734301660661,0.9154551486742991,1.0436116057124114,1.147467073549518,0.9275170904863334,0.9602158030725474,0.368993643383452
NQ,RTH,B1,30min,30,0,1,7608,0.9130563991785299,1.033656603506789,3.3000845407770365,3.475614513866394,0.8337183314306077,0.9216614584180338,2.6418961824357865
NQ,RTH,B1,30min,30,0,2,7596,0.8853712929296285,1.0023061116139589,3.2073637355977116,2.9662553567238725,0.827224083275432,0.9114644014496304,2.3801396523222795
NQ,RTH,B1,30min,30,0,3,7608,0.7329411368001956,0.9286150352473216,1.3724477532952843,1.490690217697261,0.8806690271729072,0.9320960353412033,0.7577490808970654
NQ,RTH,B1,30min,30,2016,0,2868,0.7271822651449322,0.8816932078310132,1.0378640207473557,1.1739037122258462,0.9084106279757909,0.9468836393625378,0.446721447080914
NQ,RTH,B1,30min,30,2016,1,1200,1.1307947014129087,1.0722489985358445,86.24450187611957,7.559410943481092,0.8154261980085019,0.9002510467885516,85.42907567811108
NQ,RTH,B1,30min,30,2016,2,1164,0.7455713353964997,0.9006838203981756,2.168347076398841,2.1175365745990695,0.8018880915641908,0.8978829859999582,1.4227757410023412
NQ,RTH,B1,30min,30,2016,3,504,0.7849652811863337,0.9057456056187076,1.3646192606280851,1.3113907792531296,0.8975110012044781,0.9271910601310713,0.5796539794417515
NQ,RTH,B1,30min,30,2017,0,2844,0.7123431056405266,0.93640526836268,1.7602997826266167,1.9393545010654054,0.8433295320765509,0.9289949110477443,1.2270113954248787
NQ,RTH,B1,30min,30,2017,1,2244,1.1316046440069358,1.1099456700745511,28.87137210149245,10.647446962263764,0.7913926300383374,0.9077652940483942,28.079979471454113
NQ,RTH,B1,30min,30,2017,2,528,1.4529213154397942,1.3368781347215817,-2.903295554771239,-11.55646285983393,0.8176173527204647,0.9089858868843104,13.009384175273723
NQ,RTH,B1,30min,30,2017,3,72,2.239157338720171,2.156328547012926,-2.0345298156921325,-2.717522643600053,0.855613282995225,0.9239738445221842,4.9566799823202246
NQ,RTH,B1,30min,30,2018,0,2832,0.7939491044392479,0.9190788148835982,1.0639424976966727,1.1421038791655733,0.9363850110313968,0.9578893201468519,0.3481547747263254
NQ,RTH,B1,30min,30,2018,1,768,1.4977705656593363,1.4134365769583837,-2.4206076177712004,-3.808619448649868,0.786258783390359,0.9001588915205441,5.306390014309205
NQ,RTH,B1,30min,30,2018,2,1020,0.8126900961297134,0.973807781179448,2.2165691259419313,2.1010683682004156,0.8522633125386561,0.9177351855013002,1.403879029812218
NQ,RTH,B1,30min,30,2018,3,1044,0.7636983033906696,0.8973474147201375,1.304658500273421,1.312300525514625,0.8846864019087531,0.9207513118915941,0.5486022221239554
NQ,RTH,B1,30min,30,2019,0,2844,0.7037448962845263,0.9221278989885102,1.2121620012413912,1.4183821579722613,0.879839379871651,0.9488150711729003,0.714637261687735
NQ,RTH,B1,30min,30,2019,1,1332,0.9200750155841109,1.0663364226727894,2.9041450284724033,3.325336144082456,0.8462690900080548,0.931344371221913,2.479067054074401
NQ,RTH,B1,30min,30,2019,2,1044,0.9155536115145778,0.9989705484308199,3.405157817006906,3.148584852896858,0.7970817539128907,0.9129369641980818,2.6080760630940154
NQ,RTH,B1,30min,30,2019,3,468,0.97993660356967,1.0255724161220037,3.8533212172551177,2.70345761589047,0.82690136816887,0.9312303307322544,3.0264198490862477
NQ,RTH,B1,30min,30,2020,0,2868,0.8182361557461526,0.9293858776624613,1.063441178286907,1.1452934490019102,0.9319740508835528,0.9614954620837217,0.3270572932557576
NQ,RTH,B1,30min,30,2020,1,492,1.2810795407180844,1.187734887907483,-13.895248277683441,11.44101176606851,0.8295919254213924,0.915654267018305,25.33626004375195
NQ,RTH,B1,30min,30,2020,2,900,1.3049578927882863,1.2434354623741348,-18.87268650013554,30.54145309594613,0.8056218853011036,0.9039025913112007,49.41413959608167
NQ,RTH,B1,30min,30,2020,3,1476,0.7679342795379019,0.9020830903924342,1.0792399010444127,1.160290446681543,0.9051069579811432,0.9455103161346986,0.39235616714364097
NQ,RTH,B1,30min,30,2021,0,2868,0.7251128617293998,0.9385585577920051,1.3674150411956376,1.477500051271028,0.8942594218824718,0.9491096041125044,0.7523871895416281
NQ,RTH,B1,30min,30,2021,1,1068,1.6167071229468108,1.5379302081426751,-2.440294542062764,-3.943380355233263,0.8247047117635482,0.918986268378789,5.560087478180074
NQ,RTH,B1,30min,30,2021,2,1032,1.0995460765905016,1.0789505566931965,14.890988876718149,5.720611007352161,0.8233451011952659,0.9175766466472592,14.067643775522884
NQ,RTH,B1,30min,30,2021,3,768,0.8143862929232212,0.9789089053972191,2.0946024413641253,1.992241875150421,0.8456326083497666,0.9251504112840052,1.2802161484409043
NQ,RTH,B1,30min,30,2022,0,2856,0.7542156675780152,0.9836966974015892,1.9658121642734017,2.1054247869713727,0.8631872730101902,0.9201374211664586,1.3512091193933575
NQ,RTH,B1,30min,30,2022,2,372,1.691708041851697,1.5856313158119635,-1.538734329004511,-2.4242357900107514,0.8425085673904422,0.8943753514010293,4.115943831862449
NQ,RTH,B1,30min,30,2022,3,2472,0.8258912618372468,1.0123011067163028,2.4270635169994983,2.4487621678107536,0.849620930487031,0.9138851834410082,1.6228709059735067
NQ,RTH,B1,30min,30,2023,0,2832,0.6889230736209531,0.9422885928626547,1.7461403654573615,2.038085998863597,0.8485023277526248,0.9129588836994138,1.3491629252426438
NQ,RTH,B1,30min,30,2023,1,492,0.8724903321311498,0.9249871861631618,3.7966100946154793,2.8754272892645854,0.8241960274121275,0.8986323536316212,2.972414067203352
NQ,RTH,B1,30min,30,2023,2,1536,1.1534369387701036,1.1227415068913196,-89.42195355264884,10.728046265952418,0.8010766124689181,0.8863815351051191,100.14999981860126
NQ,RTH,B1,30min,30,2023,3,804,1.1622750395230101,1.172734422246564,9.117245889086036,4.803614969146928,0.8374959717097814,0.9089159507164601,8.279749917376254
