cell_id,seed_index,seed,n_obs,mcs75,mcs90,pvals
ES/GLOBEX/B0/1day/S-B_q0.80,0,2237533746,291,M4_HARQ|M5_RGARCH,M4_HARQ|M5_RGARCH,"{""M6_PARK"": 0.0004, ""M6_GK"": 0.0004, ""M1_EWMA"": 0.0004, ""M2_HAR"": 0.0004, ""M3_HARJ"": 0.0004, ""M4_HARQ"": 1.0, ""M5_RGARCH"": 1.0}"
ES/GLOBEX/B0/1day/S-B_q0.80,1,702494603,291,M4_HARQ|M5_RGARCH,M4_HARQ|M5_RGARCH,"{""M6_PARK"": 0.0, ""M6_GK"": 0.0, ""M1_EWMA"": 0.0, ""M2_HAR"": 0.0, ""M3_HARJ"": 0.0001, ""M4_HARQ"": 1.0, ""M5_RGARCH"": 1.0}"
ES/GLOBEX/B0/1day/S-B_q0.80,2,4139393190,291,M4_HARQ|M5_RGARCH,M4_HARQ|M5_RGARCH,"{""M6_PARK"": 0.0002, ""M6_GK"": 0.0002, ""M1_EWMA"": 0.0002, ""M2_HAR"": 0.0002, ""M3_HARJ"": 0.0002, ""M4_HARQ"": 1.0, ""M5_RGARCH"": 1.0}"
ES/GLOBEX/B0/1day/S-B_q0.80,3,769717545,291,M4_HARQ|M5_RGARCH,M4_HARQ|M5_RGARCH,"{""M6_PARK"": 0.0001, ""M6_GK"": 0.0001, ""M1_EWMA"": 0.0001, ""M2_HAR"": 0.0001, ""M3_HARJ"": 0.0001, ""M4_HARQ"": 1.0, ""M5_RGARCH"": 1.0}"
ES/GLOBEX/B0/1day/S-B_q0.80,4,919028315,291,M4_HARQ|M5_RGARCH,M4_HARQ|M5_RGARCH,"{""M6_PARK"": 0.0002, ""M6_GK"": 0.0002, ""M1_EWMA"": 0.0002, ""M2_HAR"": 0.0002, ""M3_HARJ"": 0.0002, ""M4_HARQ"": 1.0, ""M5_RGARCH"": 1.0}"
ES/GLOBEX/B0/1day/S-B_q0.80,5,611620464,291,M4_HARQ|M5_RGARCH,M4_HARQ|M5_RGARCH,"{""M6_PARK"": 0.0003, ""M6_GK"": 0.0003, ""M1_EWMA"": 0.0003, ""M2_HAR"": 0.0003, ""M3_HARJ"": 0.0003, ""M4_HARQ"": 1.0, ""M5_RGARCH"": 1.0}"
ES/GLOBEX/B0/1day/S-B_q0.80,6,3477480266,291,M4_HARQ|M5_RGARCH,M4_HARQ|M5_RGARCH,"{""M6_PARK"": 0.0002, ""M6_GK"": 0.0002, ""M1_EWMA"": 0.0002, ""M2_HAR"": 0.0002, ""M3_HARJ"": 0.0002, ""M4_HARQ"": 1.0, ""M5_RGARCH"": 1.0}"
ES/GLOBEX/B0/1day/S-B_q0.80,7,3198431117,291,M4_HARQ|M5_RGARCH,M4_HARQ|M5_RGARCH,"{""M6_PARK"": 0.0001, ""M6_GK"": 0.0001, ""M1_EWMA"": 0.0001, ""M2_HAR"": 0.0001, ""M3_HARJ"": 0.0001, ""M4_HARQ"": 1.0, ""M5_RGARCH"": 1.0}"
ES/GLOBEX/B0/1day/S-B_q0.80,8,2621026741,291,M4_HARQ|M5_RGARCH,M4_HARQ|M5_RGARCH,"{""M6_PARK"": 0.0001, ""M6_GK"": 0.0001, ""M1_EWMA"": 0.0001, ""M2_HAR"": 0.0001, ""M3_HARJ"": 0.0001, ""M4_HARQ"": 1.0, ""M5_RGARCH"": 1.0}"
ES/GLOBEX/B0/1day/S-B_q0.80,9,1169115867,291,M4_HARQ|M5_RGARCH,M4_HARQ|M5_RGARCH,"{""M6_PARK"": 0.0003, ""M6_GK"": 0.0003, ""M1_EWMA"": 0.0003, ""M2_HAR"": 0.0003, ""M3_HARJ"": 0.0003, ""M4_HARQ"": 1.0, ""M5_RGARCH"": 1.0}"
ES/GLOBEX/B0/1day/S-B_q0.80,10,3689063838,291,M4_HARQ|M5_RGARCH,M4_HARQ|M5_RGARCH,"{""M6_PARK"": 0.0004, ""M6_GK"": 0.0004, ""M1_EWMA"": 0.0004, ""M2_HAR"": 0.0004, ""M3_HARJ"": 0.0004, ""M4_HARQ"": 1.0, ""M5_RGARCH"": 1.0}"
ES/GLOBEX/B0/1day/S-B_q0.80,11,1498398406,291,M4_HARQ|M5_RGARCH,M4_HARQ|M5_RGARCH,"{""M6_PARK"": 0.0002, ""M6_GK"": 0.0002, ""M1_EWMA"": 0.0002, ""M2_HAR"": 0.0002, ""M3_HARJ"": 0.0002, ""M4_HARQ"": 1.0, ""M5_RGARCH"": 1.0}"
ES/GLOBEX/B0/1day/S-B_q0.80,12,3833968697,291,M4_HARQ|M5_RGARCH,M4_HARQ|M5_RGARCH,"{""M6_PARK"": 0.0004, ""M6_GK"": 0.0004, ""M1_EWMA"": 0.0004, ""M2_HAR"": 0.0004, ""M3_HARJ"": 0.0004, ""M4_HARQ"": 1.0, ""M5_RGARCH"": 1.0}"
ES/GLOBEX/B0/1day/S-B_q0.80,13,630741820,291,M4_HARQ|M5_RGARCH,M4_HARQ|M5_RGARCH,"{""M6_PARK"": 0.0004, ""M6_GK"": 0.0004, ""M1_EWMA"": 0.0004, ""M2_HAR"": 0.0004, ""M3_HARJ"": 0.0004, ""M4_HARQ"": 1.0, ""M5_RGARCH"": 1.0}"
ES/GLOBEX/B0/1day/S-B_q0.80,14,2401719883,291,M4_HARQ|M5_RGARCH,M4_HARQ|M5_RGARCH,"{""M6_PARK"": 0.0005, ""M6_GK"": 0.0005, ""M1_EWMA"": 0.0005, ""M2_HAR"": 0.0005, ""M3_HARJ"": 0.0005, ""M4_HARQ"": 1.0, ""M5_RGARCH"": 1.0}"
ES/GLOBEX/B0/1day/S-B_q0.80,15,3662131630,291,M4_HARQ|M5_RGARCH,M4_HARQ|M5_RGARCH,"{""M6_PARK"": 0.0001, ""M6_GK"": 0.0001, ""M1_EWMA"": 0.0001, ""M2_HAR"": 0.0001, ""M3_HARJ"": 0.0001, ""M4_HARQ"": 1.0, ""M5_RGARCH"": 1.0}"
ES/GLOBEX/B0/1day/S-B_q0.80,16,303417529,291,M4_HARQ|M5_RGARCH,M4_HARQ|M5_RGARCH,"{""M6_PARK"": 0.0001, ""M6_GK"": 0.0001, ""M1_EWMA"": 0.0001, ""M2_HAR"": 0.0001, ""M3_HARJ"": 0.0001, ""M4_HARQ"": 1.0, ""M5_RGARCH"": 1.0}"
ES/GLOBEX/B0/1day/S-B_q0.80,17,4155647398,291,M4_HARQ|M5_RGARCH,M4_HARQ|M5_RGARCH,"{""M6_PARK"": 0.0004, ""M6_GK"": 0.0004, ""M1_EWMA"": 0.0004, ""M2_HAR"": 0.0004, ""M3_HARJ"": 0.0004, ""M4_HARQ"": 1.0, ""M5_RGARCH"": 1.0}"
ES/GLOBEX/B0/1day/S-B_q0.80,18,2620441196,291,M4_HARQ|M5_RGARCH,M4_HARQ|M5_RGARCH,"{""M6_PARK"": 0.0003, ""M6_GK"": 0.0003, ""M1_EWMA"": 0.0003, ""M2_HAR"": 0.0003, ""M3_HARJ"": 0.0003, ""M4_HARQ"": 1.0, ""M5_RGARCH"": 1.0}"
ES/GLOBEX/B0/1day/S-B_q0.80,19,4201311651,291,M4_HARQ|M5_RGARCH,M4_HARQ|M5_RGARCH,"{""M6_PARK"": 0.0, ""M6_GK"": 0.0, ""M1_EWMA"": 0.0, ""M2_HAR"": 0.0, ""M3_HARJ"": 0.0, ""M4_HARQ"": 1.0, ""M5_RGARCH"": 1.0}"
ES/GLOBEX/B0/1day/S-B_q0.90,0,2237533746,146,M4_HARQ|M5_RGARCH,M4_HARQ|M5_RGARCH,"{""M1_EWMA"": 0.0001, ""M6_GK"": 0.0001, ""M6_PARK"": 0.0001, ""M2_HAR"": 0.0001, ""M3_HARJ"": 0.0001, ""M4_HARQ"": 1.0, ""M5_RGARCH"": 1.0}"
ES/GLOBEX/B0/1day/S-B_q0.90,1,702494603,146,M4_HARQ|M5_RGARCH,M4_HARQ|M5_RGARCH,"{""M1_EWMA"": 0.0003, ""M6_GK"": 0.0003, ""M6_PARK"": 0.0003, ""M2_HAR"": 0.0003, ""M3_HARJ"": 0.0003, ""M4_HARQ"": 1.0, ""M5_RGARCH"": 1.0}"
ES/GLOBEX/B0/1day/S-B_q0.90,2,4139393190,146,M4_HARQ|M5_RGARCH,M4_HARQ|M5_RGARCH,"{""M1_EWMA"": 0.0001, ""M6_GK"": 0.0001, ""M6_PARK"": 0.0001, ""M2_HAR"": 0.0001, ""M3_HARJ"": 0.0001, ""M4_HARQ"": 1.0, ""M5_RGARCH"": 1.0}"
ES/GLOBEX/B0/1day/S-B_q0.90,3,769717545,146,M4_HARQ|M5_RGARCH,M4_HARQ|M5_RGARCH,"{""M1_EWMA"": 0.0002, ""M6_GK"": 0.0002, ""M6_PARK"": 0.0002, ""M2_HAR"": 0.0002, ""M3_HARJ"": 0.0002, ""M4_HARQ"": 1.0, ""M5_RGARCH"": 1.0}"
ES/GLOBEX/B0/1day/S-B_q0.90,4,919028315,146,M4_HARQ|M5_RGARCH,M4_HARQ|M5_RGARCH,"{""M1_EWMA"": 0.0, ""M6_GK"": 0.0, ""M6_PARK"": 0.0, ""M2_HAR"": 0.0, ""M3_HARJ"": 0.0001, ""M4_HARQ"": 1.0, ""M5_RGARCH"": 1.0}"
ES/GLOBEX/B0/1day/S-B_q0.90,5,611620464,146,M4_HARQ|M5_RGARCH,M4_HARQ|M5_RGARCH,"{""M1_EWMA"": 0.0003, ""M6_GK"": 0.0003, ""M6_PARK"": 0.0003, ""M2_HAR"": 0.0003, ""M3_HARJ"": 0.0003, ""M4_HARQ"": 1.0, ""M5_RGARCH"": 1.0}"
ES/GLOBEX/B0/1day/S-B_q0.90,6,3477480266,146,M4_HARQ|M5_RGARCH,M4_HARQ|M5_RGARCH,"{""M1_EWMA"": 0.0, ""M6_GK"": 0.0, ""M6_PARK"": 0.0, ""M2_HAR"": 0.0, ""M3_HARJ"": 0.0, ""M4_HARQ"": 1.0, ""M5_RGARCH"": 1.0}"
ES/GLOBEX/B0/1day/S-B_q0.90,7,3198431117,146,M4_HARQ|M5_RGARCH,M4_HARQ|M5_RGARCH,"{""M1_EWMA"": 0.0, ""M6_GK"": 0.0, ""M6_PARK"": 0.0, ""M2_HAR"": 0.0, ""M3_HARJ"": 0.0, ""M4_HARQ"": 1.0, ""M5_RGARCH"": 1.0}"
ES/GLOBEX/B0/1day/S-B_q0.90,8,2621026741,146,M4_HARQ|M5_RGARCH,M4_HARQ|M5_RGARCH,"{""M1_EWMA"": 0.0003, ""M6_GK"": 0.0003, ""M6_PARK"": 0.0003, ""M2_HAR"": 0.0003, ""M3_HARJ"": 0.0003, ""M4_HARQ"": 1.0, ""M5_RGARCH"": 1.0}"
ES/GLOBEX/B0/1day/S-B_q0.90,9,1169115867,146,M4_HARQ|M5_RGARCH,M4_HARQ|M5_RGARCH,"{""M1_EWMA"": 0.0002, ""M6_GK"": 0.0002, ""M6_PARK"": 0.0002, ""M2_HAR"": 0.0002, ""M3_HARJ"": 0.0002, ""M4_HARQ"": 1.0, ""M5_RGARCH"": 1.0}"
ES/GLOBEX/B0/1day/S-B_q0.90,10,3689063838,146,M4_HARQ|M5_RGARCH,M4_HARQ|M5_RGARCH,"{""M1_EWMA"": 0.0002, ""M6_GK"": 0.0002, ""M6_PARK"": 0.0002, ""M2_HAR"": 0.0002, ""M3_HARJ"": 0.0002, ""M4_HARQ"": 1.0, ""M5_RGARCH"": 1.0}"
ES/GLOBEX/B0/1day/S-B_q0.90,11,1498398406,146,M4_HARQ|M5_RGARCH,M4_HARQ|M5_RGARCH,"{""M1_EWMA"": 0.0002, ""M6_GK"": 0.0002, ""M6_PARK"": 0.0002, ""M2_HAR"": 0.0002, ""M3_HARJ"": 0.0002, ""M4_HARQ"": 1.0, ""M5_RGARCH"": 1.0}"
ES/GLOBEX/B0/1day/S-B_q0.90,12,3833968697,146,M4_HARQ|M5_RGARCH,M4_HARQ|M5_RGARCH,"{""M1_EWMA"": 0.0001, ""M6_GK"": 0.0001, ""M6_PARK"": 0.0001, ""M2_HAR"": 0.0001, ""M3_HARJ"": 0.0001, ""M4_HARQ"": 1.0, ""M5_RGARCH"": 1.0}"
ES/GLOBEX/B0/1day/S-B_q0.90,13,630741820,146,M4_HARQ|M5_RGARCH,M4_HARQ|M5_RGARCH,"{""M1_EWMA"": 0.0001, ""M6_GK"": 0.0001, ""M6_PARK"": 0.0001, ""M2_HAR"": 0.0001, ""M3_HARJ"": 0.0001, ""M4_HARQ"": 1.0, ""M5_RGARCH"": 1.0}"
ES/GLOBEX/B0/1day/S-B_q0.90,14,2401719883,146,M4_HARQ|M5_RGARCH,M4_HARQ|M5_RGARCH,"{""M1_EWMA"": 0.0001, ""M6_GK"": 0.0001, ""M6_PARK"": 0.0001, ""M2_HAR"": 0.0001, ""M3_HARJ"": 0.0002, ""M4_HARQ"": 1.0, ""M5_RGARCH"": 1.0}"
ES/GLOBEX/B0/1day/S-B_q0.90,15,3662131630,146,M4_HARQ|M5_RGARCH,M4_HARQ|M5_RGARCH,"{""M1_EWMA"": 0.0005, ""M6_GK"": 0.0005, ""M6_PARK"": 0.0005, ""M2_HAR"": 0.0005, ""M3_HARJ"": 0.0005, ""M4_HARQ"": 1.0, ""M5_RGARCH"": 1.0}"
ES/GLOBEX/B0/1day/S-B_q0.90,16,303417529,146,M4_HARQ|M5_RGARCH,M4_HARQ|M5_RGARCH,"{""M1_EWMA"": 0.0001, ""M6_GK"": 0.0001, ""M6_PARK"": 0.0001, ""M2_HAR"": 0.0001, ""M3_HARJ"": 0.0001, ""M4_HARQ"": 1.0, ""M5_RGARCH"": 1.0}"
ES/GLOBEX/B0/1day/S-B_q0.90,17,4155647398,146,M4_HARQ|M5_RGARCH,M4_HARQ|M5_RGARCH,"{""M1_EWMA"": 0.0003, ""M6_GK"": 0.0003, ""M6_PARK"": 0.0003, ""M2_HAR"": 0.0003, ""M3_HARJ"": 0.0003, ""M4_HARQ"": 1.0, ""M5_RGARCH"": 1.0}"
ES/GLOBEX/B0/1day/S-B_q0.90,18,2620441196,146,M4_HARQ|M5_RGARCH,M4_HARQ|M5_RGARCH,"{""M1_EWMA"": 0.0001, ""M6_PARK"": 0.0001, ""M6_GK"": 0.0001, ""M2_HAR"": 0.0001, ""M3_HARJ"": 0.0001, ""M4_HARQ"": 1.0, ""M5_RGARCH"": 1.0}"
ES/GLOBEX/B0/1day/S-B_q0.90,19,4201311651,146,M4_HARQ|M5_RGARCH,M4_HARQ|M5_RGARCH,"{""M1_EWMA"": 0.0002, ""M6_GK"": 0.0002, ""M6_PARK"": 0.0002, ""M2_HAR"": 0.0002, ""M3_HARJ"": 0.0002, ""M4_HARQ"": 1.0, ""M5_RGARCH"": 1.0}"
ES/GLOBEX/B0/1day/S-C_q0.80,0,2237533746,291,M2_HAR|M3_HARJ|M4_HARQ|M5_RGARCH,M2_HAR|M3_HARJ|M4_HARQ|M5_RGARCH,"{""M1_EWMA"": 0.0038, ""M6_PARK"": 0.033, ""M6_GK"": 0.033, ""M2_HAR"": 0.7331, ""M3_HARJ"": 0.7331, ""M4_HARQ"": 1.0, ""M5_RGARCH"": 1.0}"
ES/GLOBEX/B0/1day/S-C_q0.80,1,702494603,291,M2_HAR|M3_HARJ|M4_HARQ|M5_RGARCH,M2_HAR|M3_HARJ|M4_HARQ|M5_RGARCH,"{""M1_EWMA"": 0.0046, ""M6_PARK"": 0.04, ""M6_GK"": 0.04, ""M2_HAR"": 0.7297, ""M3_HARJ"": 0.7297, ""M4_HARQ"": 1.0, ""M5_RGARCH"": 1.0}"
ES/GLOBEX/B0/1day/S-C_q0.80,2,4139393190,291,M2_HAR|M3_HARJ|M4_HARQ|M5_RGARCH,M2_HAR|M3_HARJ|M4_HARQ|M5_RGARCH,"{""M1_EWMA"": 0.0053, ""M6_PARK"": 0.0359, ""M6_GK"": 0.0359, ""M2_HAR"": 0.7282, ""M3_HARJ"": 0.7282, ""M4_HARQ"": 1.0, ""M5_RGARCH"": 1.0}"
ES/GLOBEX/B0/1day/S-C_q0.80,3,769717545,291,M2_HAR|M3_HARJ|M4_HARQ|M5_RGARCH,M2_HAR|M3_HARJ|M4_HARQ|M5_RGARCH,"{""M1_EWMA"": 0.005, ""M6_PARK"": 0.0323, ""M6_GK"": 0.0323, ""M2_HAR"": 0.7253, ""M3_HARJ"": 0.7253, ""M4_HARQ"": 1.0, ""M5_RGARCH"": 1.0}"
ES/GLOBEX/B0/1day/S-C_q0.80,4,919028315,291,M2_HAR|M3_HARJ|M4_HARQ|M5_RGARCH,M2_HAR|M3_HARJ|M4_HARQ|M5_RGARCH,"{""M1_EWMA"": 0.0054, ""M6_PARK"": 0.0404, ""M6_GK"": 0.0404, ""M2_HAR"": 0.7303, ""M3_HARJ"": 0.7303, ""M4_HARQ"": 1.0, ""M5_RGARCH"": 1.0}"
ES/GLOBEX/B0/1day/S-C_q0.80,5,611620464,291,M2_HAR|M3_HARJ|M4_HARQ|M5_RGARCH,M2_HAR|M3_HARJ|M4_HARQ|M5_RGARCH,"{""M1_EWMA"": 0.0052, ""M6_PARK"": 0.0308, ""M6_GK"": 0.0308, ""M2_HAR"": 0.7223, ""M3_HARJ"": 0.7223, ""M4_HARQ"": 1.0, ""M5_RGARCH"": 1.0}"
ES/GLOBEX/B0/1day/S-C_q0.80,6,3477480266,291,M2_HAR|M3_HARJ|M4_HARQ|M5_RGARCH,M2_HAR|M3_HARJ|M4_HARQ|M5_RGARCH,"{""M1_EWMA"": 0.0049, ""M6_PARK"": 0.0314, ""M6_GK"": 0.0314, ""M2_HAR"": 0.7339, ""M3_HARJ"": 0.7339, ""M4_HARQ"": 1.0, ""M5_RGARCH"": 1.0}"
ES/GLOBEX/B0/1day/S-C_q0.80,7,3198431117,291,M2_HAR|M3_HARJ|M4_HARQ|M5_RGARCH,M2_HAR|M3_HARJ|M4_HARQ|M5_RGARCH,"{""M1_EWMA"": 0.0049, ""M6_PARK"": 0.0356, ""M6_GK"": 0.0356, ""M2_HAR"": 0.7335, ""M3_HARJ"": 0.7341, ""M4_HARQ"": 1.0, ""M5_RGARCH"": 1.0}"
ES/GLOBEX/B0/1day/S-C_q0.80,8,2621026741,291,M2_HAR|M3_HARJ|M4_HARQ|M5_RGARCH,M2_HAR|M3_HARJ|M4_HARQ|M5_RGARCH,"{""M1_EWMA"": 0.0045, ""M6_PARK"": 0.036, ""M6_GK"": 0.036, ""M2_HAR"": 0.7268, ""M3_HARJ"": 0.7268, ""M4_HARQ"": 1.0, ""M5_RGARCH"": 1.0}"
ES/GLOBEX/B0/1day/S-C_q0.80,9,1169115867,291,M2_HAR|M3_HARJ|M4_HARQ|M5_RGARCH,M2_HAR|M3_HARJ|M4_HARQ|M5_RGARCH,"{""M1_EWMA"": 0.0057, ""M6_PARK"": 0.035, ""M6_GK"": 0.035, ""M2_HAR"": 0.7348, ""M3_HARJ"": 0.7348, ""M4_HARQ"": 1.0, ""M5_RGARCH"": 1.0}"
ES/GLOBEX/B0/1day/S-C_q0.80,10,3689063838,291,M2_HAR|M3_HARJ|M4_HARQ|M5_RGARCH,M2_HAR|M3_HARJ|M4_HARQ|M5_RGARCH,"{""M1_EWMA"": 0.0051, ""M6_PARK"": 0.0346, ""M6_GK"": 0.0346, ""M2_HAR"": 0.7223, ""M3_HARJ"": 0.7234, ""M4_HARQ"": 1.0, ""M5_RGARCH"": 1.0}"
ES/GLOBEX/B0/1day/S-C_q0.80,11,1498398406,291,M2_HAR|M3_HARJ|M4_HARQ|M5_RGARCH,M2_HAR|M3_HARJ|M4_HARQ|M5_RGARCH,"{""M1_EWMA"": 0.006, ""M6_PARK"": 0.0368, ""M6_GK"": 0.0368, ""M2_HAR"": 0.7279, ""M3_HARJ"": 0.7279, ""M4_HARQ"": 1.0, ""M5_RGARCH"": 1.0}"
ES/GLOBEX/B0/1day/S-C_q0.80,12,3833968697,291,M2_HAR|M3_HARJ|M4_HARQ|M5_RGARCH,M2_HAR|M3_HARJ|M4_HARQ|M5_RGARCH,"{""M1_EWMA"": 0.0053, ""M6_PARK"": 0.0356, ""M6_GK"": 0.0356, ""M2_HAR"": 0.7378, ""M3_HARJ"": 0.7378, ""M4_HARQ"": 1.0, ""M5_RGARCH"": 1.0}"
ES/GLOBEX/B0/1day/S-C_q0.80,13,630741820,291,M2_HAR|M3_HARJ|M4_HARQ|M5_RGARCH,M2_HAR|M3_HARJ|M4_HARQ|M5_RGARCH,"{""M1_EWMA"": 0.0054, ""M6_PARK"": 0.0332, ""M6_GK"": 0.0332, ""M2_HAR"": 0.7267, ""M3_HARJ"": 0.7267, ""M4_HARQ"": 1.0, ""M5_RGARCH"": 1.0}"
ES/GLOBEX/B0/1day/S-C_q0.80,14,2401719883,291,M2_HAR|M3_HARJ|M4_HARQ|M5_RGARCH,M2_HAR|M3_HARJ|M4_HARQ|M5_RGARCH,"{""M1_EWMA"": 0.0059, ""M6_PARK"": 0.0345, ""M6_GK"": 0.0345, ""M2_HAR"": 0.7345, ""M3_HARJ"": 0.7345, ""M4_HARQ"": 1.0, ""M5_RGARCH"": 1.0}"
ES/GLOBEX/B0/1day/S-C_q0.80,15,3662131630,291,M2_HAR|M3_HARJ|M4_HARQ|M5_RGARCH,M2_HAR|M3_HARJ|M4_HARQ|M5_RGARCH,"{""M1_EWMA"": 0.0051, ""M6_PARK"": 0.0369, ""M6_GK"": 0.0369, ""M2_HAR"": 0.7243, ""M3_HARJ"": 0.7281, ""M4_HARQ"": 1.0, ""M5_RGARCH"": 1.0}"
ES/GLOBEX/B0/1day/S-C_q0.80,16,303417529,291,M2_HAR|M3_HARJ|M4_HARQ|M5_RGARCH,M2_HAR|M3_HARJ|M4_HARQ|M5_RGARCH,"{""M1_EWMA"": 0.0049, ""M6_PARK"": 0.0381, ""M6_GK"": 0.0381, ""M2_HAR"": 0.7226, ""M3_HARJ"": 0.7285, ""M4_HARQ"": 1.0, ""M5_RGARCH"": 1.0}"
ES/GLOBEX/B0/1day/S-C_q0.80,17,4155647398,291,M2_HAR|M3_HARJ|M4_HARQ|M5_RGARCH,M2_HAR|M3_HARJ|M4_HARQ|M5_RGARCH,"{""M1_EWMA"": 0.0057, ""M6_PARK"": 0.0332, ""M6_GK"": 0.0332, ""M2_HAR"": 0.7202, ""M3_HARJ"": 0.725, ""M4_HARQ"": 1.0, ""M5_RGARCH"": 1.0}"
ES/GLOBEX/B0/1day/S-C_q0.80,18,2620441196,291,M2_HAR|M3_HARJ|M4_HARQ|M5_RGARCH,M2_HAR|M3_HARJ|M4_HARQ|M5_RGARCH,"{""M1_EWMA"": 0.0062, ""M6_PARK"": 0.0365, ""M6_GK"": 0.0365, ""M2_HAR"": 0.7176, ""M3_HARJ"": 0.7233, ""M4_HARQ"": 1.0, ""M5_RGARCH"": 1.0}"
ES/GLOBEX/B0/1day/S-C_q0.80,19,4201311651,291,M2_HAR|M3_HARJ|M4_HARQ|M5_RGARCH,M2_HAR|M3_HARJ|M4_HARQ|M5_RGARCH,"{""M1_EWMA"": 0.005, ""M6_PARK"": 0.0371, ""M6_GK"": 0.0371, ""M2_HAR"": 0.7288, ""M3_HARJ"": 0.7306, ""M4_HARQ"": 1.0, ""M5_RGARCH"": 1.0}"
ES/GLOBEX/B0/1day/S-C_q0.90,0,2237533746,146,M2_HAR|M3_HARJ|M4_HARQ|M5_RGARCH,M2_HAR|M3_HARJ|M4_HARQ|M5_RGARCH|M6_GK|M6_PARK,"{""M1_EWMA"": 0.0119, ""M6_PARK"": 0.129, ""M6_GK"": 0.129, ""M3_HARJ"": 0.7722, ""M2_HAR"": 0.7722, ""M4_HARQ"": 1.0, ""M5_RGARCH"": 1.0}"
ES/GLOBEX/B0/1day/S-C_q0.90,1,702494603,146,M2_HAR|M3_HARJ|M4_HARQ|M5_RGARCH,M2_HAR|M3_HARJ|M4_HARQ|M5_RGARCH|M6_GK|M6_PARK,"{""M1_EWMA"": 0.014, ""M6_PARK"": 0.1279, ""M6_GK"": 0.1279, ""M3_HARJ"": 0.7749, ""M2_HAR"": 0.7749, ""M4_HARQ"": 1.0, ""M5_RGARCH"": 1.0}"
ES/GLOBEX/B0/1day/S-C_q0.90,2,4139393190,146,M2_HAR|M3_HARJ|M4_HARQ|M5_RGARCH,M2_HAR|M3_HARJ|M4_HARQ|M5_RGARCH|M6_GK|M6_PARK,"{""M1_EWMA"": 0.0116, ""M6_PARK"": 0.1311, ""M6_GK"": 0.1311, ""M3_HARJ"": 0.7686, ""M2_HAR"": 0.7686, ""M4_HARQ"": 1.0, ""M5_RGARCH"": 1.0}"
ES/GLOBEX/B0/1day/S-C_q0.90,3,769717545,146,M2_HAR|M3_HARJ|M4_HARQ|M5_RGARCH,M2_HAR|M3_HARJ|M4_HARQ|M5_RGARCH|M6_GK|M6_PARK,"{""M1_EWMA"": 0.0128, ""M6_PARK"": 0.1336, ""M6_GK"": 0.1336, ""M3_HARJ"": 0.7716, ""M2_HAR"": 0.7716, ""M4_HARQ"": 1.0, ""M5_RGARCH"": 1.0}"
ES/GLOBEX/B0/1day/S-C_q0.90,4,919028315,146,M2_HAR|M3_HARJ|M4_HARQ|M5_RGARCH,M2_HAR|M3_HARJ|M4_HARQ|M5_RGARCH|M6_GK|M6_PARK,"{""M1_EWMA"": 0.0112, ""M6_PARK"": 0.1179, ""M6_GK"": 0.1179, ""M3_HARJ"": 0.7672, ""M2_HAR"": 0.7672, ""M4_HARQ"": 1.0, ""M5_RGARCH"": 1.0}"
ES/GLOBEX/B0/1day/S-C_q0.90,5,611620464,146,M2_HAR|M3_HARJ|M4_HARQ|M5_RGARCH,M2_HAR|M3_HARJ|M4_HARQ|M5_RGARCH|M6_GK|M6_PARK,"{""M1_EWMA"": 0.015, ""M6_PARK"": 0.1305, ""M6_GK"": 0.1305, ""M3_HARJ"": 0.7728, ""M2_HAR"": 0.7728, ""M4_HARQ"": 1.0, ""M5_RGARCH"": 1.0}"
ES/GLOBEX/B0/1day/S-C_q0.90,6,3477480266,146,M2_HAR|M3_HARJ|M4_HARQ|M5_RGARCH,M2_HAR|M3_HARJ|M4_HARQ|M5_RGARCH|M6_GK|M6_PARK,"{""M1_EWMA"": 0.0137, ""M6_PARK"": 0.137, ""M6_GK"": 0.137, ""M3_HARJ"": 0.7669, ""M2_HAR"": 0.7669, ""M4_HARQ"": 1.0, ""M5_RGARCH"": 1.0}"
ES/GLOBEX/B0/1day/S-C_q0.90,7,3198431117,146,M2_HAR|M3_HARJ|M4_HARQ|M5_RGARCH,M2_HAR|M3_HARJ|M4_HARQ|M5_RGARCH|M6_GK|M6_PARK,"{""M1_EWMA"": 0.0123, ""M6_PARK"": 0.13, ""M6_GK"": 0.13, ""M3_HARJ"": 0.7691, ""M2_HAR"": 0.7691, ""M4_HARQ"": 1.0, ""M5_RGARCH"": 1.0}"
ES/GLOBEX/B0/1day/S-C_q0.90,8,2621026741,146,M2_HAR|M3_HARJ|M4_HARQ|M5_RGARCH,M2_HAR|M3_HARJ|M4_HARQ|M5_RGARCH|M6_GK|M6_PARK,"{""M1_EWMA"": 0.0116, ""M6_PARK"": 0.1263, ""M6_GK"": 0.1263, ""M3_HARJ"": 0.7746, ""M2_HAR"": 0.7746, ""M4_HARQ"": 1.0, ""M5_RGARCH"": 1.0}"
ES/GLOBEX/B0/1day/S-C_q0.90,9,1169115867,146,M2_HAR|M3_HARJ|M4_HARQ|M5_RGARCH,M2_HAR|M3_HARJ|M4_HARQ|M5_RGARCH|M6_GK|M6_PARK,"{""M1_EWMA"": 0.0119, ""M6_PARK"": 0.1262, ""M6_GK"": 0.1262, ""M3_HARJ"": 0.7644, ""M2_HAR"": 0.7644, ""M4_HARQ"": 1.0, ""M5_RGARCH"": 1.0}"
ES/GLOBEX/B0/1day/S-C_q0.90,10,3689063838,146,M2_HAR|M3_HARJ|M4_HARQ|M5_RGARCH,M2_HAR|M3_HARJ|M4_HARQ|M5_RGARCH|M6_GK|M6_PARK,"{""M1_EWMA"": 0.0131, ""M6_PARK"": 0.1278, ""M6_GK"": 0.1278, ""M3_HARJ"": 0.7718, ""M2_HAR"": 0.7718, ""M4_HARQ"": 1.0, ""M5_RGARCH"": 1.0}"
ES/GLOBEX/B0/1day/S-C_q0.90,11,1498398406,146,M2_HAR|M3_HARJ|M4_HARQ|M5_RGARCH,M2_HAR|M3_HARJ|M4_HARQ|M5_RGARCH|M6_GK|M6_PARK,"{""M1_EWMA"": 0.015, ""M6_PARK"": 0.1325, ""M6_GK"": 0.1325, ""M3_HARJ"": 0.774, ""M2_HAR"": 0.774, ""M4_HARQ"": 1.0, ""M5_RGARCH"": 1.0}"
ES/GLOBEX/B0/1day/S-C_q0.90,12,3833968697,146,M2_HAR|M3_HARJ|M4_HARQ|M5_RGARCH,M2_HAR|M3_HARJ|M4_HARQ|M5_RGARCH|M6_GK|M6_PARK,"{""M1_EWMA"": 0.0139, ""M6_PARK"": 0.1344, ""M6_GK"": 0.1344, ""M3_HARJ"": 0.7736, ""M2_HAR"": 0.7736, ""M4_HARQ"": 1.0, ""M5_RGARCH"": 1.0}"
ES/GLOBEX/B0/1day/S-C_q0.90,13,630741820,146,M2_HAR|M3_HARJ|M4_HARQ|M5_RGARCH,M2_HAR|M3_HARJ|M4_HARQ|M5_RGARCH|M6_GK|M6_PARK,"{""M1_EWMA"": 0.0132, ""M6_PARK"": 0.1299, ""M6_GK"": 0.1299, ""M3_HARJ"": 0.7597, ""M2_HAR"": 0.7597, ""M4_HARQ"": 1.0, ""M5_RGARCH"": 1.0}"
ES/GLOBEX/B0/1day/S-C_q0.90,14,2401719883,146,M2_HAR|M3_HARJ|M4_HARQ|M5_RGARCH,M2_HAR|M3_HARJ|M4_HARQ|M5_RGARCH|M6_GK|M6_PARK,"{""M1_EWMA"": 0.0146, ""M6_PARK"": 0.1354, ""M6_GK"": 0.1354, ""M3_HARJ"": 0.7705, ""M2_HAR"": 0.7705, ""M4_HARQ"": 1.0, ""M5_RGARCH"": 1.0}"
ES/GLOBEX/B0/1day/S-C_q0.90,15,3662131630,146,M2_HAR|M3_HARJ|M4_HARQ|M5_RGARCH,M2_HAR|M3_HARJ|M4_HARQ|M5_RGARCH|M6_GK|M6_PARK,"{""M1_EWMA"": 0.016, ""M6_PARK"": 0.1349, ""M6_GK"": 0.1349, ""M3_HARJ"": 0.7604, ""M2_HAR"": 0.7604, ""M4_HARQ"": 1.0, ""M5_RGARCH"": 1.0}"
ES/GLOBEX/B0/1day/S-C_q0.90,16,303417529,146,M2_HAR|M3_HARJ|M4_HARQ|M5_RGARCH,M2_HAR|M3_HARJ|M4_HARQ|M5_RGARCH|M6_GK|M6_PARK,"{""M1_EWMA"": 0.0129, ""M6_PARK"": 0.1335, ""M6_GK"": 0.1335, ""M3_HARJ"": 0.7677, ""M2_HAR"": 0.7677, ""M4_HARQ"": 1.0, ""M5_RGARCH"": 1.0}"
ES/GLOBEX/B0/1day/S-C_q0.90,17,4155647398,146,M2_HAR|M3_HARJ|M4_HARQ|M5_RGARCH,M2_HAR|M3_HARJ|M4_HARQ|M5_RGARCH|M6_GK|M6_PARK,"{""M1_EWMA"": 0.0133, ""M6_PARK"": 0.1297, ""M6_GK"": 0.1297, ""M3_HARJ"": 0.7626, ""M2_HAR"": 0.7626, ""M4_HARQ"": 1.0, ""M5_RGARCH"": 1.0}"
ES/GLOBEX/B0/1day/S-C_q0.90,18,2620441196,146,M2_HAR|M3_HARJ|M4_HARQ|M5_RGARCH,M2_HAR|M3_HARJ|M4_HARQ|M5_RGARCH|M6_GK|M6_PARK,"{""M1_EWMA"": 0.0131, ""M6_PARK"": 0.1274, ""M6_GK"": 0.1274, ""M3_HARJ"": 0.7725, ""M2_HAR"": 0.7725, ""M4_HARQ"": 1.0, ""M5_RGARCH"": 1.0}"
ES/GLOBEX/B0/1day/S-C_q0.90,19,4201311651,146,M2_HAR|M3_HARJ|M4_HARQ|M5_RGARCH,M2_HAR|M3_HARJ|M4_HARQ|M5_RGARCH|M6_GK|M6_PARK,"{""M1_EWMA"": 0.0149, ""M6_PARK"": 0.1262, ""M6_GK"": 0.1262, ""M3_HARJ"": 0.7663, ""M2_HAR"": 0.7663, ""M4_HARQ"": 1.0, ""M5_RGARCH"": 1.0}"
ES/GLOBEX/B0/1h/S-B_q0.80,0,2237533746,8199,M6_GK,M6_GK,"{""M1_EWMA"": 0.0, ""M2_HAR"": 0.0, ""M3_HARJ"": 0.0, ""M4_HARQ"": 0.0, ""M5_RGARCH"": 0.0, ""M6_PARK"": 0.0, ""M6_GK"": 1.0}"
ES/GLOBEX/B0/1h/S-B_q0.80,1,702494603,8199,M6_GK,M6_GK,"{""M1_EWMA"": 0.0, ""M2_HAR"": 0.0, ""M3_HARJ"": 0.0, ""M4_HARQ"": 0.0, ""M5_RGARCH"": 0.0, ""M6_PARK"": 0.0, ""M6_GK"": 1.0}"
ES/GLOBEX/B0/1h/S-B_q0.80,2,4139393190,8199,M6_GK,M6_GK,"{""M1_EWMA"": 0.0, ""M2_HAR"": 0.0, ""M3_HARJ"": 0.0, ""M4_HARQ"": 0.0, ""M5_RGARCH"": 0.0, ""M6_PARK"": 0.0, ""M6_GK"": 1.0}"
ES/GLOBEX/B0/1h/S-B_q0.80,3,769717545,8199,M6_GK,M6_GK,"{""M1_EWMA"": 0.0, ""M2_HAR"": 0.0, ""M3_HARJ"": 0.0, ""M4_HARQ"": 0.0, ""M5_RGARCH"": 0.0, ""M6_PARK"": 0.0, ""M6_GK"": 1.0}"
ES/GLOBEX/B0/1h/S-B_q0.80,4,919028315,8199,M6_GK,M6_GK,"{""M1_EWMA"": 0.0, ""M2_HAR"": 0.0, ""M3_HARJ"": 0.0, ""M4_HARQ"": 0.0, ""M5_RGARCH"": 0.0, ""M6_PARK"": 0.0, ""M6_GK"": 1.0}"
ES/GLOBEX/B0/1h/S-B_q0.80,5,611620464,8199,M6_GK,M6_GK,"{""M1_EWMA"": 0.0, ""M2_HAR"": 0.0, ""M3_HARJ"": 0.0, ""M4_HARQ"": 0.0, ""M5_RGARCH"": 0.0, ""M6_PARK"": 0.0, ""M6_GK"": 1.0}"
ES/GLOBEX/B0/1h/S-B_q0.80,6,3477480266,8199,M6_GK,M6_GK,"{""M1_EWMA"": 0.0, ""M2_HAR"": 0.0, ""M3_HARJ"": 0.0, ""M4_HARQ"": 0.0, ""M5_RGARCH"": 0.0, ""M6_PARK"": 0.0, ""M6_GK"": 1.0}"
ES/GLOBEX/B0/1h/S-B_q0.80,7,3198431117,8199,M6_GK,M6_GK,"{""M1_EWMA"": 0.0, ""M2_HAR"": 0.0, ""M3_HARJ"": 0.0, ""M4_HARQ"": 0.0, ""M5_RGARCH"": 0.0, ""M6_PARK"": 0.0, ""M6_GK"": 1.0}"
ES/GLOBEX/B0/1h/S-B_q0.80,8,2621026741,8199,M6_GK,M6_GK,"{""M1_EWMA"": 0.0, ""M2_HAR"": 0.0, ""M3_HARJ"": 0.0, ""M4_HARQ"": 0.0, ""M5_RGARCH"": 0.0, ""M6_PARK"": 0.0, ""M6_GK"": 1.0}"
ES/GLOBEX/B0/1h/S-B_q0.80,9,1169115867,8199,M6_GK,M6_GK,"{""M1_EWMA"": 0.0, ""M2_HAR"": 0.0, ""M3_HARJ"": 0.0, ""M4_HARQ"": 0.0, ""M5_RGARCH"": 0.0, ""M6_PARK"": 0.0, ""M6_GK"": 1.0}"
ES/GLOBEX/B0/1h/S-B_q0.80,10,3689063838,8199,M6_GK,M6_GK,"{""M1_EWMA"": 0.0, ""M2_HAR"": 0.0, ""M3_HARJ"": 0.0, ""M4_HARQ"": 0.0, ""M5_RGARCH"": 0.0, ""M6_PARK"": 0.0, ""M6_GK"": 1.0}"
ES/GLOBEX/B0/1h/S-B_q0.80,11,1498398406,8199,M6_GK,M6_GK,"{""M1_EWMA"": 0.0, ""M2_HAR"": 0.0, ""M3_HARJ"": 0.0, ""M4_HARQ"": 0.0, ""M5_RGARCH"": 0.0, ""M6_PARK"": 0.0, ""M6_GK"": 1.0}"
ES/GLOBEX/B0/1h/S-B_q0.80,12,3833968697,8199,M6_GK,M6_GK,"{""M1_EWMA"": 0.0, ""M2_HAR"": 0.0, ""M3_HARJ"": 0.0, ""M4_HARQ"": 0.0, ""M5_RGARCH"": 0.0, ""M6_PARK"": 0.0, ""M6_GK"": 1.0}"
ES/GLOBEX/B0/1h/S-B_q0.80,13,630741820,8199,M6_GK,M6_GK,"{""M1_EWMA"": 0.0, ""M2_HAR"": 0.0, ""M3_HARJ"": 0.0, ""M4_HARQ"": 0.0, ""M5_RGARCH"": 0.0, ""M6_PARK"": 0.0, ""M6_GK"": 1.0}"
ES/GLOBEX/B0/1h/S-B_q0.80,14,2401719883,8199,M6_GK,M6_GK,"{""M1_EWMA"": 0.0, ""M2_HAR"": 0.0, ""M3_HARJ"": 0.0, ""M4_HARQ"": 0.0, ""M5_RGARCH"": 0.0, ""M6_PARK"": 0.0, ""M6_GK"": 1.0}"
ES/GLOBEX/B0/1h/S-B_q0.80,15,3662131630,8199,M6_GK,M6_GK,"{""M1_EWMA"": 0.0, ""M2_HAR"": 0.0, ""M3_HARJ"": 0.0, ""M4_HARQ"": 0.0, ""M5_RGARCH"": 0.0, ""M6_PARK"": 0.0, ""M6_GK"": 1.0}"
ES/GLOBEX/B0/1h/S-B_q0.80,16,303417529,8199,M6_GK,M6_GK,"{""M1_EWMA"": 0.0, ""M2_HAR"": 0.0, ""M3_HARJ"": 0.0, ""M4_HARQ"": 0.0, ""M5_RGARCH"": 0.0, ""M6_PARK"": 0.0, ""M6_GK"": 1.0}"
ES/GLOBEX/B0/1h/S-B_q0.80,17,4155647398,8199,M6_GK,M6_GK,"{""M1_EWMA"": 0.0, ""M2_HAR"": 0.0, ""M3_HARJ"": 0.0, ""M4_HARQ"": 0.0, ""M5_RGARCH"": 0.0, ""M6_PARK"": 0.0, ""M6_GK"": 1.0}"
ES/GLOBEX/B0/1h/S-B_q0.80,18,2620441196,8199,M6_GK,M6_GK,"{""M1_EWMA"": 0.0, ""M2_HAR"": 0.0, ""M3_HARJ"": 0.0, ""M4_HARQ"": 0.0, ""M5_RGARCH"": 0.0, ""M6_PARK"": 0.0, ""M6_GK"": 1.0}"
ES/GLOBEX/B0/1h/S-B_q0.80,19,4201311651,8199,M6_GK,M6_GK,"{""M1_EWMA"": 0.0, ""M2_HAR"": 0.0, ""M3_HARJ"": 0.0, ""M4_HARQ"": 0.0, ""M5_RGARCH"": 0.0, ""M6_PARK"": 0.0, ""M6_GK"": 1.0}"
ES/GLOBEX/B0/1h/S-B_q0.90,0,2237533746,4100,M6_GK,M6_GK,"{""M1_EWMA"": 0.0, ""M2_HAR"": 0.0, ""M3_HARJ"": 0.0, ""M4_HARQ"": 0.0, ""M5_RGARCH"": 0.0, ""M6_PARK"": 0.0, ""M6_GK"": 1.0}"
ES/GLOBEX/B0/1h/S-B_q0.90,1,702494603,4100,M6_GK,M6_GK,"{""M1_EWMA"": 0.0, ""M2_HAR"": 0.0, ""M3_HARJ"": 0.0, ""M4_HARQ"": 0.0, ""M5_RGARCH"": 0.0, ""M6_PARK"": 0.0, ""M6_GK"": 1.0}"
ES/GLOBEX/B0/1h/S-B_q0.90,2,4139393190,4100,M6_GK,M6_GK,"{""M1_EWMA"": 0.0, ""M2_HAR"": 0.0, ""M3_HARJ"": 0.0, ""M4_HARQ"": 0.0, ""M5_RGARCH"": 0.0, ""M6_PARK"": 0.0, ""M6_GK"": 1.0}"
ES/GLOBEX/B0/1h/S-B_q0.90,3,769717545,4100,M6_GK,M6_GK,"{""M1_EWMA"": 0.0, ""M2_HAR"": 0.0, ""M3_HARJ"": 0.0, ""M4_HARQ"": 0.0, ""M5_RGARCH"": 0.0, ""M6_PARK"": 0.0, ""M6_GK"": 1.0}"
ES/GLOBEX/B0/1h/S-B_q0.90,4,919028315,4100,M6_GK,M6_GK,"{""M1_EWMA"": 0.0, ""M2_HAR"": 0.0, ""M3_HARJ"": 0.0, ""M4_HARQ"": 0.0, ""M5_RGARCH"": 0.0, ""M6_PARK"": 0.0, ""M6_GK"": 1.0}"
ES/GLOBEX/B0/1h/S-B_q0.90,5,611620464,4100,M6_GK,M6_GK,"{""M1_EWMA"": 0.0, ""M2_HAR"": 0.0, ""M3_HARJ"": 0.0, ""M4_HARQ"": 0.0, ""M5_RGARCH"": 0.0, ""M6_PARK"": 0.0, ""M6_GK"": 1.0}"
ES/GLOBEX/B0/1h/S-B_q0.90,6,3477480266,4100,M6_GK,M6_GK,"{""M1_EWMA"": 0.0, ""M2_HAR"": 0.0, ""M3_HARJ"": 0.0, ""M4_HARQ"": 0.0, ""M5_RGARCH"": 0.0, ""M6_PARK"": 0.0, ""M6_GK"": 1.0}"
ES/GLOBEX/B0/1h/S-B_q0.90,7,3198431117,4100,M6_GK,M6_GK,"{""M1_EWMA"": 0.0, ""M2_HAR"": 0.0, ""M3_HARJ"": 0.0, ""M4_HARQ"": 0.0, ""M5_RGARCH"": 0.0, ""M6_PARK"": 0.0, ""M6_GK"": 1.0}"
ES/GLOBEX/B0/1h/S-B_q0.90,8,2621026741,4100,M6_GK,M6_GK,"{""M1_EWMA"": 0.0, ""M2_HAR"": 0.0, ""M3_HARJ"": 0.0, ""M4_HARQ"": 0.0, ""M5_RGARCH"": 0.0, ""M6_PARK"": 0.0, ""M6_GK"": 1.0}"
ES/GLOBEX/B0/1h/S-B_q0.90,9,1169115867,4100,M6_GK,M6_GK,"{""M1_EWMA"": 0.0, ""M2_HAR"": 0.0, ""M3_HARJ"": 0.0, ""M4_HARQ"": 0.0, ""M5_RGARCH"": 0.0, ""M6_PARK"": 0.0, ""M6_GK"": 1.0}"
ES/GLOBEX/B0/1h/S-B_q0.90,10,3689063838,4100,M6_GK,M6_GK,"{""M1_EWMA"": 0.0, ""M2_HAR"": 0.0, ""M3_HARJ"": 0.0, ""M4_HARQ"": 0.0, ""M5_RGARCH"": 0.0, ""M6_PARK"": 0.0, ""M6_GK"": 1.0}"
ES/GLOBEX/B0/1h/S-B_q0.90,11,1498398406,4100,M6_GK,M6_GK,"{""M1_EWMA"": 0.0, ""M2_HAR"": 0.0, ""M3_HARJ"": 0.0, ""M4_HARQ"": 0.0, ""M5_RGARCH"": 0.0, ""M6_PARK"": 0.0, ""M6_GK"": 1.0}"
ES/GLOBEX/B0/1h/S-B_q0.90,12,3833968697,4100,M6_GK,M6_GK,"{""M1_EWMA"": 0.0, ""M2_HAR"": 0.0, ""M3_HARJ"": 0.0, ""M4_HARQ"": 0.0, ""M5_RGARCH"": 0.0, ""M6_PARK"": 0.0, ""M6_GK"": 1.0}"
ES/GLOBEX/B0/1h/S-B_q0.90,13,630741820,4100,M6_GK,M6_GK,"{""M1_EWMA"": 0.0, ""M2_HAR"": 0.0, ""M3_HARJ"": 0.0, ""M4_HARQ"": 0.0, ""M5_RGARCH"": 0.0, ""M6_PARK"": 0.0, ""M6_GK"": 1.0}"
ES/GLOBEX/B0/1h/S-B_q0.90,14,2401719883,4100,M6_GK,M6_GK,"{""M1_EWMA"": 0.0, ""M2_HAR"": 0.0, ""M3_HARJ"": 0.0, ""M4_HARQ"": 0.0, ""M5_RGARCH"": 0.0, ""M6_PARK"": 0.0, ""M6_GK"": 1.0}"
ES/GLOBEX/B0/1h/S-B_q0.90,15,3662131630,4100,M6_GK,M6_GK,"{""M1_EWMA"": 0.0, ""M2_HAR"": 0.0, ""M3_HARJ"": 0.0, ""M4_HARQ"": 0.0, ""M5_RGARCH"": 0.0, ""M6_PARK"": 0.0, ""M6_GK"": 1.0}"
ES/GLOBEX/B0/1h/S-B_q0.90,16,303417529,4100,M6_GK,M6_GK,"{""M1_EWMA"": 0.0, ""M2_HAR"": 0.0, ""M3_HARJ"": 0.0, ""M4_HARQ"": 0.0, ""M5_RGARCH"": 0.0, ""M6_PARK"": 0.0, ""M6_GK"": 1.0}"
ES/GLOBEX/B0/1h/S-B_q0.90,17,4155647398,4100,M6_GK,M6_GK,"{""M1_EWMA"": 0.0, ""M2_HAR"": 0.0, ""M3_HARJ"": 0.0, ""M4_HARQ"": 0.0, ""M5_RGARCH"": 0.0, ""M6_PARK"": 0.0, ""M6_GK"": 1.0}"
ES/GLOBEX/B0/1h/S-B_q0.90,18,2620441196,4100,M6_GK,M6_GK,"{""M1_EWMA"": 0.0, ""M2_HAR"": 0.0, ""M3_HARJ"": 0.0, ""M4_HARQ"": 0.0, ""M5_RGARCH"": 0.0, ""M6_PARK"": 0.0, ""M6_GK"": 1.0}"
ES/GLOBEX/B0/1h/S-B_q0.90,19,4201311651,4100,M6_GK,M6_GK,"{""M1_EWMA"": 0.0, ""M2_HAR"": 0.0, ""M3_HARJ"": 0.0, ""M4_HARQ"": 0.0, ""M5_RGARCH"": 0.0, ""M6_PARK"": 0.0, ""M6_GK"": 1.0}"
ES/GLOBEX/B0/1h/S-C_q0.80,0,2237533746,8199,M6_GK,M6_GK,"{""M1_EWMA"": 0.0, ""M2_HAR"": 0.0, ""M3_HARJ"": 0.0, ""M4_HARQ"": 0.0, ""M5_RGARCH"": 0.0, ""M6_PARK"": 0.0, ""M6_GK"": 1.0}"
ES/GLOBEX/B0/1h/S-C_q0.80,1,702494603,8199,M6_GK,M6_GK,"{""M1_EWMA"": 0.0, ""M2_HAR"": 0.0, ""M3_HARJ"": 0.0, ""M4_HARQ"": 0.0, ""M5_RGARCH"": 0.0, ""M6_PARK"": 0.0, ""M6_GK"": 1.0}"
ES/GLOBEX/B0/1h/S-C_q0.80,2,4139393190,8199,M6_GK,M6_GK,"{""M1_EWMA"": 0.0, ""M2_HAR"": 0.0, ""M3_HARJ"": 0.0, ""M4_HARQ"": 0.0, ""M5_RGARCH"": 0.0, ""M6_PARK"": 0.0, ""M6_GK"": 1.0}"
ES/GLOBEX/B0/1h/S-C_q0.80,3,769717545,8199,M6_GK,M6_GK,"{""M1_EWMA"": 0.0, ""M2_HAR"": 0.0, ""M3_HARJ"": 0.0, ""M4_HARQ"": 0.0, ""M5_RGARCH"": 0.0, ""M6_PARK"": 0.0, ""M6_GK"": 1.0}"
ES/GLOBEX/B0/1h/S-C_q0.80,4,919028315,8199,M6_GK,M6_GK,"{""M1_EWMA"": 0.0, ""M2_HAR"": 0.0, ""M3_HARJ"": 0.0, ""M4_HARQ"": 0.0, ""M5_RGARCH"": 0.0, ""M6_PARK"": 0.0, ""M6_GK"": 1.0}"
ES/GLOBEX/B0/1h/S-C_q0.80,5,611620464,8199,M6_GK,M6_GK,"{""M1_EWMA"": 0.0, ""M2_HAR"": 0.0, ""M3_HARJ"": 0.0, ""M4_HARQ"": 0.0, ""M5_RGARCH"": 0.0, ""M6_PARK"": 0.0, ""M6_GK"": 1.0}"
ES/GLOBEX/B0/1h/S-C_q0.80,6,3477480266,8199,M6_GK,M6_GK,"{""M1_EWMA"": 0.0, ""M2_HAR"": 0.0, ""M3_HARJ"": 0.0, ""M4_HARQ"": 0.0, ""M5_RGARCH"": 0.0, ""M6_PARK"": 0.0, ""M6_GK"": 1.0}"
ES/GLOBEX/B0/1h/S-C_q0.80,7,3198431117,8199,M6_GK,M6_GK,"{""M1_EWMA"": 0.0, ""M2_HAR"": 0.0, ""M3_HARJ"": 0.0, ""M4_HARQ"": 0.0, ""M5_RGARCH"": 0.0, ""M6_PARK"": 0.0, ""M6_GK"": 1.0}"
ES/GLOBEX/B0/1h/S-C_q0.80,8,2621026741,8199,M6_GK,M6_GK,"{""M1_EWMA"": 0.0, ""M2_HAR"": 0.0, ""M3_HARJ"": 0.0, ""M4_HARQ"": 0.0, ""M5_RGARCH"": 0.0, ""M6_PARK"": 0.0, ""M6_GK"": 1.0}"
ES/GLOBEX/B0/1h/S-C_q0.80,9,1169115867,8199,M6_GK,M6_GK,"{""M1_EWMA"": 0.0, ""M2_HAR"": 0.0, ""M3_HARJ"": 0.0, ""M4_HARQ"": 0.0, ""M5_RGARCH"": 0.0, ""M6_PARK"": 0.0, ""M6_GK"": 1.0}"
ES/GLOBEX/B0/1h/S-C_q0.80,10,3689063838,8199,M6_GK,M6_GK,"{""M1_EWMA"": 0.0, ""M2_HAR"": 0.0, ""M3_HARJ"": 0.0, ""M4_HARQ"": 0.0, ""M5_RGARCH"": 0.0, ""M6_PARK"": 0.0, ""M6_GK"": 1.0}"
ES/GLOBEX/B0/1h/S-C_q0.80,11,1498398406,8199,M6_GK,M6_GK,"{""M1_EWMA"": 0.0, ""M2_HAR"": 0.0, ""M3_HARJ"": 0.0, ""M4_HARQ"": 0.0, ""M5_RGARCH"": 0.0, ""M6_PARK"": 0.0, ""M6_GK"": 1.0}"
ES/GLOBEX/B0/1h/S-C_q0.80,12,3833968697,8199,M6_GK,M6_GK,"{""M1_EWMA"": 0.0, ""M2_HAR"": 0.0, ""M3_HARJ"": 0.0, ""M4_HARQ"": 0.0, ""M5_RGARCH"": 0.0, ""M6_PARK"": 0.0, ""M6_GK"": 1.0}"
ES/GLOBEX/B0/1h/S-C_q0.80,13,630741820,8199,M6_GK,M6_GK,"{""M1_EWMA"": 0.0, ""M2_HAR"": 0.0, ""M3_HARJ"": 0.0, ""M4_HARQ"": 0.0, ""M5_RGARCH"": 0.0, ""M6_PARK"": 0.0, ""M6_GK"": 1.0}"
ES/GLOBEX/B0/1h/S-C_q0.80,14,2401719883,8199,M6_GK,M6_GK,"{""M1_EWMA"": 0.0, ""M2_HAR"": 0.0, ""M3_HARJ"": 0.0, ""M4_HARQ"": 0.0, ""M5_RGARCH"": 0.0, ""M6_PARK"": 0.0, ""M6_GK"": 1.0}"
ES/GLOBEX/B0/1h/S-C_q0.80,15,3662131630,8199,M6_GK,M6_GK,"{""M1_EWMA"": 0.0, ""M2_HAR"": 0.0, ""M3_HARJ"": 0.0, ""M4_HARQ"": 0.0, ""M5_RGARCH"": 0.0, ""M6_PARK"": 0.0, ""M6_GK"": 1.0}"
ES/GLOBEX/B0/1h/S-C_q0.80,16,303417529,8199,M6_GK,M6_GK,"{""M1_EWMA"": 0.0, ""M2_HAR"": 0.0, ""M3_HARJ"": 0.0, ""M4_HARQ"": 0.0, ""M5_RGARCH"": 0.0, ""M6_PARK"": 0.0, ""M6_GK"": 1.0}"
ES/GLOBEX/B0/1h/S-C_q0.80,17,4155647398,8199,M6_GK,M6_GK,"{""M1_EWMA"": 0.0, ""M2_HAR"": 0.0, ""M3_HARJ"": 0.0, ""M4_HARQ"": 0.0, ""M5_RGARCH"": 0.0, ""M6_PARK"": 0.0, ""M6_GK"": 1.0}"
ES/GLOBEX/B0/1h/S-C_q0.80,18,2620441196,8199,M6_GK,M6_GK,"{""M1_EWMA"": 0.0, ""M2_HAR"": 0.0, ""M3_HARJ"": 0.0, ""M4_HARQ"": 0.0, ""M5_RGARCH"": 0.0, ""M6_PARK"": 0.0, ""M6_GK"": 1.0}"
ES/GLOBEX/B0/1h/S-C_q0.80,19,4201311651,8199,M6_GK,M6_GK,"{""M1_EWMA"": 0.0, ""M2_HAR"": 0.0, ""M3_HARJ"": 0.0, ""M4_HARQ"": 0.0, ""M5_RGARCH"": 0.0, ""M6_PARK"": 0.0, ""M6_GK"": 1.0}"
ES/GLOBEX/B0/1h/S-C_q0.90,0,2237533746,4100,M6_GK,M6_GK,"{""M1_EWMA"": 0.0, ""M2_HAR"": 0.0, ""M3_HARJ"": 0.0, ""M4_HARQ"": 0.0, ""M5_RGARCH"": 0.0, ""M6_PARK"": 0.0, ""M6_GK"": 1.0}"
ES/GLOBEX/B0/1h/S-C_q0.90,1,702494603,4100,M6_GK,M6_GK,"{""M1_EWMA"": 0.0, ""M2_HAR"": 0.0, ""M3_HARJ"": 0.0, ""M4_HARQ"": 0.0, ""M5_RGARCH"": 0.0, ""M6_PARK"": 0.0, ""M6_GK"": 1.0}"
ES/GLOBEX/B0/1h/S-C_q0.90,2,4139393190,4100,M6_GK,M6_GK,"{""M1_EWMA"": 0.0, ""M2_HAR"": 0.0, ""M3_HARJ"": 0.0, ""M4_HARQ"": 0.0, ""M5_RGARCH"": 0.0, ""M6_PARK"": 0.0, ""M6_GK"": 1.0}"
ES/GLOBEX/B0/1h/S-C_q0.90,3,769717545,4100,M6_GK,M6_GK,"{""M1_EWMA"": 0.0, ""M2_HAR"": 0.0, ""M3_HARJ"": 0.0, ""M4_HARQ"": 0.0, ""M5_RGARCH"": 0.0, ""M6_PARK"": 0.0, ""M6_GK"": 1.0}"
ES/GLOBEX/B0/1h/S-C_q0.90,4,919028315,4100,M6_GK,M6_GK,"{""M1_EWMA"": 0.0, ""M2_HAR"": 0.0, ""M3_HARJ"": 0.0, ""M4_HARQ"": 0.0, ""M5_RGARCH"": 0.0, ""M6_PARK"": 0.0, ""M6_GK"": 1.0}"
ES/GLOBEX/B0/1h/S-C_q0.90,5,611620464,4100,M6_GK,M6_GK,"{""M1_EWMA"": 0.0, ""M2_HAR"": 0.0, ""M3_HARJ"": 0.0, ""M4_HARQ"": 0.0, ""M5_RGARCH"": 0.0, ""M6_PARK"": 0.0, ""M6_GK"": 1.0}"
ES/GLOBEX/B0/1h/S-C_q0.90,6,3477480266,4100,M6_GK,M6_GK,"{""M1_EWMA"": 0.0, ""M2_HAR"": 0.0, ""M3_HARJ"": 0.0, ""M4_HARQ"": 0.0, ""M5_RGARCH"": 0.0, ""M6_PARK"": 0.0, ""M6_GK"": 1.0}"
ES/GLOBEX/B0/1h/S-C_q0.90,7,3198431117,4100,M6_GK,M6_GK,"{""M1_EWMA"": 0.0, ""M2_HAR"": 0.0, ""M3_HARJ"": 0.0, ""M4_HARQ"": 0.0, ""M5_RGARCH"": 0.0, ""M6_PARK"": 0.0, ""M6_GK"": 1.0}"
ES/GLOBEX/B0/1h/S-C_q0.90,8,2621026741,4100,M6_GK,M6_GK,"{""M1_EWMA"": 0.0, ""M2_HAR"": 0.0, ""M3_HARJ"": 0.0, ""M4_HARQ"": 0.0, ""M5_RGARCH"": 0.0, ""M6_PARK"": 0.0, ""M6_GK"": 1.0}"
ES/GLOBEX/B0/1h/S-C_q0.90,9,1169115867,4100,M6_GK,M6_GK,"{""M1_EWMA"": 0.0, ""M2_HAR"": 0.0, ""M3_HARJ"": 0.0, ""M4_HARQ"": 0.0, ""M5_RGARCH"": 0.0, ""M6_PARK"": 0.0, ""M6_GK"": 1.0}"
ES/GLOBEX/B0/1h/S-C_q0.90,10,3689063838,4100,M6_GK,M6_GK,"{""M1_EWMA"": 0.0, ""M2_HAR"": 0.0, ""M3_HARJ"": 0.0, ""M4_HARQ"": 0.0, ""M5_RGARCH"": 0.0, ""M6_PARK"": 0.0, ""M6_GK"": 1.0}"
ES/GLOBEX/B0/1h/S-C_q0.90,11,1498398406,4100,M6_GK,M6_GK,"{""M1_EWMA"": 0.0, ""M2_HAR"": 0.0, ""M3_HARJ"": 0.0, ""M4_HARQ"": 0.0, ""M5_RGARCH"": 0.0, ""M6_PARK"": 0.0, ""M6_GK"": 1.0}"
ES/GLOBEX/B0/1h/S-C_q0.90,12,3833968697,4100,M6_GK,M6_GK,"{""M1_EWMA"": 0.0, ""M2_HAR"": 0.0, ""M3_HARJ"": 0.0, ""M4_HARQ"": 0.0, ""M5_RGARCH"": 0.0, ""M6_PARK"": 0.0, ""M6_GK"": 1.0}"
ES/GLOBEX/B0/1h/S-C_q0.90,13,630741820,4100,M6_GK,M6_GK,"{""M1_EWMA"": 0.0, ""M2_HAR"": 0.0, ""M3_HARJ"": 0.0, ""M4_HARQ"": 0.0, ""M5_RGARCH"": 0.0, ""M6_PARK"": 0.0, ""M6_GK"": 1.0}"
ES/GLOBEX/B0/1h/S-C_q0.90,14,2401719883,4100,M6_GK,M6_GK,"{""M1_EWMA"": 0.0, ""M2_HAR"": 0.0, ""M3_HARJ"": 0.0, ""M4_HARQ"": 0.0, ""M5_RGARCH"": 0.0, ""M6_PARK"": 0.0, ""M6_GK"": 1.0}"
ES/GLOBEX/B0/1h/S-C_q0.90,15,3662131630,4100,M6_GK,M6_GK,"{""M1_EWMA"": 0.0, ""M2_HAR"": 0.0, ""M3_HARJ"": 0.0, ""M4_HARQ"": 0.0, ""M5_RGARCH"": 0.0, ""M6_PARK"": 0.0, ""M6_GK"": 1.0}"
ES/GLOBEX/B0/1h/S-C_q0.90,16,303417529,4100,M6_GK,M6_GK,"{""M1_EWMA"": 0.0, ""M2_HAR"": 0.0, ""M3_HARJ"": 0.0, ""M4_HARQ"": 0.0, ""M5_RGARCH"": 0.0, ""M6_PARK"": 0.0, ""M6_GK"": 1.0}"
ES/GLOBEX/B0/1h/S-C_q0.90,17,4155647398,4100,M6_GK,M6_GK,"{""M1_EWMA"": 0.0, ""M2_HAR"": 0.0, ""M3_HARJ"": 0.0, ""M4_HARQ"": 0.0, ""M5_RGARCH"": 0.0, ""M6_PARK"": 0.0, ""M6_GK"": 1.0}"
ES/GLOBEX/B0/1h/S-C_q0.90,18,2620441196,4100,M6_GK,M6_GK,"{""M1_EWMA"": 0.0, ""M2_HAR"": 0.0, ""M3_HARJ"": 0.0, ""M4_HARQ"": 0.0, ""M5_RGARCH"": 0.0, ""M6_PARK"": 0.0, ""M6_GK"": 1.0}"
ES/GLOBEX/B0/1h/S-C_q0.90,19,4201311651,4100,M6_GK,M6_GK,"{""M1_EWMA"": 0.0, ""M2_HAR"": 0.0, ""M3_HARJ"": 0.0, ""M4_HARQ"": 0.0, ""M5_RGARCH"": 0.0, ""M6_PARK"": 0.0, ""M6_GK"": 1.0}"
ES/GLOBEX/B0/30min/S-B_q0.80,0,2237533746,4321,M6_GK,M6_GK,"{""M1_EWMA"": 0.0, ""M2_HAR"": 0.0, ""M3_HARJ"": 0.0, ""M4_HARQ"": 0.0, ""M5_RGARCH"": 0.0, ""M6_PARK"": 0.0, ""M6_GK"": 1.0}"
ES/GLOBEX/B0/30min/S-B_q0.80,1,702494603,4321,M6_GK,M6_GK,"{""M1_EWMA"": 0.0, ""M2_HAR"": 0.0, ""M3_HARJ"": 0.0, ""M4_HARQ"": 0.0, ""M5_RGARCH"": 0.0, ""M6_PARK"": 0.0, ""M6_GK"": 1.0}"
ES/GLOBEX/B0/30min/S-B_q0.80,2,4139393190,4321,M6_GK,M6_GK,"{""M1_EWMA"": 0.0, ""M2_HAR"": 0.0, ""M3_HARJ"": 0.0, ""M4_HARQ"": 0.0, ""M5_RGARCH"": 0.0, ""M6_PARK"": 0.0, ""M6_GK"": 1.0}"
ES/GLOBEX/B0/30min/S-B_q0.80,3,769717545,4321,M6_GK,M6_GK,"{""M1_EWMA"": 0.0, ""M2_HAR"": 0.0, ""M3_HARJ"": 0.0, ""M4_HARQ"": 0.0, ""M5_RGARCH"": 0.0, ""M6_PARK"": 0.0, ""M6_GK"": 1.0}"
ES/GLOBEX/B0/30min/S-B_q0.80,4,919028315,4321,M6_GK,M6_GK,"{""M1_EWMA"": 0.0, ""M2_HAR"": 0.0, ""M3_HARJ"": 0.0, ""M4_HARQ"": 0.0, ""M5_RGARCH"": 0.0, ""M6_PARK"": 0.0, ""M6_GK"": 1.0}"
ES/GLOBEX/B0/30min/S-B_q0.80,5,611620464,4321,M6_GK,M6_GK,"{""M1_EWMA"": 0.0, ""M2_HAR"": 0.0, ""M3_HARJ"": 0.0, ""M4_HARQ"": 0.0, ""M5_RGARCH"": 0.0, ""M6_PARK"": 0.0, ""M6_GK"": 1.0}"
ES/GLOBEX/B0/30min/S-B_q0.80,6,3477480266,4321,M6_GK,M6_GK,"{""M1_EWMA"": 0.0, ""M2_HAR"": 0.0, ""M3_HARJ"": 0.0, ""M4_HARQ"": 0.0, ""M5_RGARCH"": 0.0, ""M6_PARK"": 0.0, ""M6_GK"": 1.0}"
ES/GLOBEX/B0/30min/S-B_q0.80,7,3198431117,4321,M6_GK,M6_GK,"{""M1_EWMA"": 0.0, ""M2_HAR"": 0.0, ""M3_HARJ"": 0.0, ""M4_HARQ"": 0.0, ""M5_RGARCH"": 0.0, ""M6_PARK"": 0.0, ""M6_GK"": 1.0}"
ES/GLOBEX/B0/30min/S-B_q0.80,8,2621026741,4321,M6_GK,M6_GK,"{""M1_EWMA"": 0.0, ""M2_HAR"": 0.0, ""M3_HARJ"": 0.0, ""M4_HARQ"": 0.0, ""M5_RGARCH"": 0.0, ""M6_PARK"": 0.0, ""M6_GK"": 1.0}"
ES/GLOBEX/B0/30min/S-B_q0.80,9,1169115867,4321,M6_GK,M6_GK,"{""M1_EWMA"": 0.0, ""M2_HAR"": 0.0, ""M3_HARJ"": 0.0, ""M4_HARQ"": 0.0, ""M5_RGARCH"": 0.0, ""M6_PARK"": 0.0, ""M6_GK"": 1.0}"
ES/GLOBEX/B0/30min/S-B_q0.80,10,3689063838,4321,M6_GK,M6_GK,"{""M1_EWMA"": 0.0, ""M2_HAR"": 0.0, ""M3_HARJ"": 0.0, ""M4_HARQ"": 0.0, ""M5_RGARCH"": 0.0, ""M6_PARK"": 0.0, ""M6_GK"": 1.0}"
ES/GLOBEX/B0/30min/S-B_q0.80,11,1498398406,4321,M6_GK,M6_GK,"{""M1_EWMA"": 0.0, ""M2_HAR"": 0.0, ""M3_HARJ"": 0.0, ""M4_HARQ"": 0.0, ""M5_RGARCH"": 0.0, ""M6_PARK"": 0.0, ""M6_GK"": 1.0}"
ES/GLOBEX/B0/30min/S-B_q0.80,12,3833968697,4321,M6_GK,M6_GK,"{""M1_EWMA"": 0.0, ""M2_HAR"": 0.0, ""M3_HARJ"": 0.0, ""M4_HARQ"": 0.0, ""M5_RGARCH"": 0.0, ""M6_PARK"": 0.0, ""M6_GK"": 1.0}"
ES/GLOBEX/B0/30min/S-B_q0.80,13,630741820,4321,M6_GK,M6_GK,"{""M1_EWMA"": 0.0, ""M2_HAR"": 0.0, ""M3_HARJ"": 0.0, ""M4_HARQ"": 0.0, ""M5_RGARCH"": 0.0, ""M6_PARK"": 0.0, ""M6_GK"": 1.0}"
ES/GLOBEX/B0/30min/S-B_q0.80,14,2401719883,4321,M6_GK,M6_GK,"{""M1_EWMA"": 0.0, ""M2_HAR"": 0.0, ""M3_HARJ"": 0.0, ""M4_HARQ"": 0.0, ""M5_RGARCH"": 0.0, ""M6_PARK"": 0.0, ""M6_GK"": 1.0}"
ES/GLOBEX/B0/30min/S-B_q0.80,15,3662131630,4321,M6_GK,M6_GK,"{""M1_EWMA"": 0.0, ""M2_HAR"": 0.0, ""M3_HARJ"": 0.0, ""M4_HARQ"": 0.0, ""M5_RGARCH"": 0.0, ""M6_PARK"": 0.0, ""M6_GK"": 1.0}"
ES/GLOBEX/B0/30min/S-B_q0.80,16,303417529,4321,M6_GK,M6_GK,"{""M1_EWMA"": 0.0, ""M2_HAR"": 0.0, ""M3_HARJ"": 0.0, ""M4_HARQ"": 0.0, ""M5_RGARCH"": 0.0, ""M6_PARK"": 0.0, ""M6_GK"": 1.0}"
ES/GLOBEX/B0/30min/S-B_q0.80,17,4155647398,4321,M6_GK,M6_GK,"{""M1_EWMA"": 0.0, ""M2_HAR"": 0.0, ""M3_HARJ"": 0.0, ""M4_HARQ"": 0.0, ""M5_RGARCH"": 0.0, ""M6_PARK"": 0.0, ""M6_GK"": 1.0}"
ES/GLOBEX/B0/30min/S-B_q0.80,18,2620441196,4321,M6_GK,M6_GK,"{""M1_EWMA"": 0.0, ""M2_HAR"": 0.0, ""M3_HARJ"": 0.0, ""M4_HARQ"": 0.0, ""M5_RGARCH"": 0.0, ""M6_PARK"": 0.0, ""M6_GK"": 1.0}"
ES/GLOBEX/B0/30min/S-B_q0.80,19,4201311651,4321,M6_GK,M6_GK,"{""M1_EWMA"": 0.0, ""M2_HAR"": 0.0, ""M3_HARJ"": 0.0, ""M4_HARQ"": 0.0, ""M5_RGARCH"": 0.0, ""M6_PARK"": 0.0, ""M6_GK"": 1.0}"
ES/GLOBEX/B0/30min/S-B_q0.90,0,2237533746,2161,M6_GK,M6_GK,"{""M1_EWMA"": 0.0, ""M2_HAR"": 0.0, ""M3_HARJ"": 0.0, ""M4_HARQ"": 0.0, ""M5_RGARCH"": 0.0, ""M6_PARK"": 0.0, ""M6_GK"": 1.0}"
ES/GLOBEX/B0/30min/S-B_q0.90,1,702494603,2161,M6_GK,M6_GK,"{""M1_EWMA"": 0.0, ""M2_HAR"": 0.0, ""M3_HARJ"": 0.0, ""M4_HARQ"": 0.0, ""M5_RGARCH"": 0.0, ""M6_PARK"": 0.0, ""M6_GK"": 1.0}"
ES/GLOBEX/B0/30min/S-B_q0.90,2,4139393190,2161,M6_GK,M6_GK,"{""M1_EWMA"": 0.0, ""M2_HAR"": 0.0, ""M3_HARJ"": 0.0, ""M4_HARQ"": 0.0, ""M5_RGARCH"": 0.0, ""M6_PARK"": 0.0, ""M6_GK"": 1.0}"
ES/GLOBEX/B0/30min/S-B_q0.90,3,769717545,2161,M6_GK,M6_GK,"{""M1_EWMA"": 0.0, ""M2_HAR"": 0.0, ""M3_HARJ"": 0.0, ""M4_HARQ"": 0.0, ""M5_RGARCH"": 0.0, ""M6_PARK"": 0.0, ""M6_GK"": 1.0}"
ES/GLOBEX/B0/30min/S-B_q0.90,4,919028315,2161,M6_GK,M6_GK,"{""M1_EWMA"": 0.0, ""M2_HAR"": 0.0, ""M3_HARJ"": 0.0, ""M4_HARQ"": 0.0, ""M5_RGARCH"": 0.0, ""M6_PARK"": 0.0, ""M6_GK"": 1.0}"
ES/GLOBEX/B0/30min/S-B_q0.90,5,611620464,2161,M6_GK,M6_GK,"{""M1_EWMA"": 0.0, ""M2_HAR"": 0.0, ""M3_HARJ"": 0.0, ""M4_HARQ"": 0.0, ""M5_RGARCH"": 0.0, ""M6_PARK"": 0.0, ""M6_GK"": 1.0}"
ES/GLOBEX/B0/30min/S-B_q0.90,6,3477480266,2161,M6_GK,M6_GK,"{""M1_EWMA"": 0.0, ""M2_HAR"": 0.0, ""M3_HARJ"": 0.0, ""M4_HARQ"": 0.0, ""M5_RGARCH"": 0.0, ""M6_PARK"": 0.0, ""M6_GK"": 1.0}"
ES/GLOBEX/B0/30min/S-B_q0.90,7,3198431117,2161,M6_GK,M6_GK,"{""M1_EWMA"": 0.0, ""M2_HAR"": 0.0, ""M3_HARJ"": 0.0, ""M4_HARQ"": 0.0, ""M5_RGARCH"": 0.0, ""M6_PARK"": 0.0, ""M6_GK"": 1.0}"
ES/GLOBEX/B0/30min/S-B_q0.90,8,2621026741,2161,M6_GK,M6_GK,"{""M1_EWMA"": 0.0, ""M2_HAR"": 0.0, ""M3_HARJ"": 0.0, ""M4_HARQ"": 0.0, ""M5_RGARCH"": 0.0, ""M6_PARK"": 0.0, ""M6_GK"": 1.0}"
ES/GLOBEX/B0/30min/S-B_q0.90,9,1169115867,2161,M6_GK,M6_GK,"{""M1_EWMA"": 0.0, ""M2_HAR"": 0.0, ""M3_HARJ"": 0.0, ""M4_HARQ"": 0.0, ""M5_RGARCH"": 0.0, ""M6_PARK"": 0.0, ""M6_GK"": 1.0}"
ES/GLOBEX/B0/30min/S-B_q0.90,10,3689063838,2161,M6_GK,M6_GK,"{""M1_EWMA"": 0.0, ""M2_HAR"": 0.0, ""M3_HARJ"": 0.0, ""M4_HARQ"": 0.0, ""M5_RGARCH"": 0.0, ""M6_PARK"": 0.0, ""M6_GK"": 1.0}"
ES/GLOBEX/B0/30min/S-B_q0.90,11,1498398406,2161,M6_GK,M6_GK,"{""M1_EWMA"": 0.0, ""M2_HAR"": 0.0, ""M3_HARJ"": 0.0, ""M4_HARQ"": 0.0, ""M5_RGARCH"": 0.0, ""M6_PARK"": 0.0, ""M6_GK"": 1.0}"
ES/GLOBEX/B0/30min/S-B_q0.90,12,3833968697,2161,M6_GK,M6_GK,"{""M1_EWMA"": 0.0, ""M2_HAR"": 0.0, ""M3_HARJ"": 0.0, ""M4_HARQ"": 0.0, ""M5_RGARCH"": 0.0, ""M6_PARK"": 0.0, ""M6_GK"": 1.0}"
ES/GLOBEX/B0/30min/S-B_q0.90,13,630741820,2161,M6_GK,M6_GK,"{""M1_EWMA"": 0.0, ""M2_HAR"": 0.0, ""M3_HARJ"": 0.0, ""M4_HARQ"": 0.0, ""M5_RGARCH"": 0.0, ""M6_PARK"": 0.0, ""M6_GK"": 1.0}"
ES/GLOBEX/B0/30min/S-B_q0.90,14,2401719883,2161,M6_GK,M6_GK,"{""M1_EWMA"": 0.0, ""M2_HAR"": 0.0, ""M3_HARJ"": 0.0, ""M4_HARQ"": 0.0, ""M5_RGARCH"": 0.0, ""M6_PARK"": 0.0, ""M6_GK"": 1.0}"
ES/GLOBEX/B0/30min/S-B_q0.90,15,3662131630,2161,M6_GK,M6_GK,"{""M1_EWMA"": 0.0, ""M2_HAR"": 0.0, ""M3_HARJ"": 0.0, ""M4_HARQ"": 0.0, ""M5_RGARCH"": 0.0, ""M6_PARK"": 0.0, ""M6_GK"": 1.0}"
ES/GLOBEX/B0/30min/S-B_q0.90,16,303417529,2161,M6_GK,M6_GK,"{""M1_EWMA"": 0.0, ""M2_HAR"": 0.0, ""M3_HARJ"": 0.0, ""M4_HARQ"": 0.0, ""M5_RGARCH"": 0.0, ""M6_PARK"": 0.0, ""M6_GK"": 1.0}"
ES/GLOBEX/B0/30min/S-B_q0.90,17,4155647398,2161,M6_GK,M6_GK,"{""M1_EWMA"": 0.0, ""M2_HAR"": 0.0, ""M3_HARJ"": 0.0, ""M4_HARQ"": 0.0, ""M5_RGARCH"": 0.0, ""M6_PARK"": 0.0, ""M6_GK"": 1.0}"
ES/GLOBEX/B0/30min/S-B_q0.90,18,2620441196,2161,M6_GK,M6_GK,"{""M1_EWMA"": 0.0, ""M2_HAR"": 0.0, ""M3_HARJ"": 0.0, ""M4_HARQ"": 0.0, ""M5_RGARCH"": 0.0, ""M6_PARK"": 0.0, ""M6_GK"": 1.0}"
ES/GLOBEX/B0/30min/S-B_q0.90,19,4201311651,2161,M6_GK,M6_GK,"{""M1_EWMA"": 0.0, ""M2_HAR"": 0.0, ""M3_HARJ"": 0.0, ""M4_HARQ"": 0.0, ""M5_RGARCH"": 0.0, ""M6_PARK"": 0.0, ""M6_GK"": 1.0}"
ES/GLOBEX/B0/30min/S-C_q0.80,0,2237533746,4321,M4_HARQ,M4_HARQ,"{""M5_RGARCH"": 0.0, ""M6_GK"": 0.0, ""M6_PARK"": 0.0, ""M1_EWMA"": 0.0, ""M3_HARJ"": 0.0, ""M2_HAR"": 0.0, ""M4_HARQ"": 1.0}"
ES/GLOBEX/B0/30min/S-C_q0.80,1,702494603,4321,M4_HARQ,M4_HARQ,"{""M5_RGARCH"": 0.0, ""M6_GK"": 0.0, ""M6_PARK"": 0.0, ""M1_EWMA"": 0.0, ""M3_HARJ"": 0.0, ""M2_HAR"": 0.0, ""M4_HARQ"": 1.0}"
ES/GLOBEX/B0/30min/S-C_q0.80,2,4139393190,4321,M4_HARQ,M4_HARQ,"{""M5_RGARCH"": 0.0, ""M6_GK"": 0.0, ""M6_PARK"": 0.0, ""M1_EWMA"": 0.0, ""M3_HARJ"": 0.0, ""M2_HAR"": 0.0, ""M4_HARQ"": 1.0}"
ES/GLOBEX/B0/30min/S-C_q0.80,3,769717545,4321,M4_HARQ,M4_HARQ,"{""M5_RGARCH"": 0.0, ""M6_GK"": 0.0, ""M6_PARK"": 0.0, ""M1_EWMA"": 0.0, ""M3_HARJ"": 0.0, ""M2_HAR"": 0.0, ""M4_HARQ"": 1.0}"
ES/GLOBEX/B0/30min/S-C_q0.80,4,919028315,4321,M4_HARQ,M4_HARQ,"{""M5_RGARCH"": 0.0, ""M6_GK"": 0.0, ""M6_PARK"": 0.0, ""M1_EWMA"": 0.0, ""M3_HARJ"": 0.0, ""M2_HAR"": 0.0, ""M4_HARQ"": 1.0}"
ES/GLOBEX/B0/30min/S-C_q0.80,5,611620464,4321,M4_HARQ,M4_HARQ,"{""M5_RGARCH"": 0.0, ""M6_GK"": 0.0, ""M6_PARK"": 0.0, ""M1_EWMA"": 0.0, ""M3_HARJ"": 0.0, ""M2_HAR"": 0.0, ""M4_HARQ"": 1.0}"
ES/GLOBEX/B0/30min/S-C_q0.80,6,3477480266,4321,M4_HARQ,M4_HARQ,"{""M5_RGARCH"": 0.0, ""M6_GK"": 0.0, ""M6_PARK"": 0.0, ""M1_EWMA"": 0.0, ""M3_HARJ"": 0.0, ""M2_HAR"": 0.0, ""M4_HARQ"": 1.0}"
ES/GLOBEX/B0/30min/S-C_q0.80,7,3198431117,4321,M4_HARQ,M4_HARQ,"{""M5_RGARCH"": 0.0, ""M6_GK"": 0.0, ""M6_PARK"": 0.0, ""M1_EWMA"": 0.0, ""M3_HARJ"": 0.0, ""M2_HAR"": 0.0, ""M4_HARQ"": 1.0}"
ES/GLOBEX/B0/30min/S-C_q0.80,8,2621026741,4321,M4_HARQ,M4_HARQ,"{""M5_RGARCH"": 0.0, ""M6_GK"": 0.0, ""M6_PARK"": 0.0, ""M1_EWMA"": 0.0, ""M3_HARJ"": 0.0, ""M2_HAR"": 0.0, ""M4_HARQ"": 1.0}"
ES/GLOBEX/B0/30min/S-C_q0.80,9,1169115867,4321,M4_HARQ,M4_HARQ,"{""M5_RGARCH"": 0.0, ""M6_GK"": 0.0, ""M6_PARK"": 0.0, ""M1_EWMA"": 0.0, ""M3_HARJ"": 0.0, ""M2_HAR"": 0.0, ""M4_HARQ"": 1.0}"
ES/GLOBEX/B0/30min/S-C_q0.80,10,3689063838,4321,M4_HARQ,M4_HARQ,"{""M5_RGARCH"": 0.0, ""M6_GK"": 0.0, ""M6_PARK"": 0.0, ""M1_EWMA"": 0.0, ""M3_HARJ"": 0.0, ""M2_HAR"": 0.0, ""M4_HARQ"": 1.0}"
ES/GLOBEX/B0/30min/S-C_q0.80,11,1498398406,4321,M4_HARQ,M4_HARQ,"{""M5_RGARCH"": 0.0, ""M6_GK"": 0.0, ""M6_PARK"": 0.0, ""M1_EWMA"": 0.0, ""M3_HARJ"": 0.0, ""M2_HAR"": 0.0, ""M4_HARQ"": 1.0}"
ES/GLOBEX/B0/30min/S-C_q0.80,12,3833968697,4321,M4_HARQ,M4_HARQ,"{""M5_RGARCH"": 0.0, ""M6_GK"": 0.0, ""M6_PARK"": 0.0, ""M1_EWMA"": 0.0, ""M3_HARJ"": 0.0, ""M2_HAR"": 0.0, ""M4_HARQ"": 1.0}"
ES/GLOBEX/B0/30min/S-C_q0.80,13,630741820,4321,M4_HARQ,M4_HARQ,"{""M5_RGARCH"": 0.0, ""M6_GK"": 0.0, ""M6_PARK"": 0.0, ""M1_EWMA"": 0.0, ""M3_HARJ"": 0.0, ""M2_HAR"": 0.0, ""M4_HARQ"": 1.0}"
ES/GLOBEX/B0/30min/S-C_q0.80,14,2401719883,4321,M4_HARQ,M4_HARQ,"{""M5_RGARCH"": 0.0, ""M6_GK"": 0.0, ""M6_PARK"": 0.0, ""M1_EWMA"": 0.0, ""M3_HARJ"": 0.0, ""M2_HAR"": 0.0, ""M4_HARQ"": 1.0}"
ES/GLOBEX/B0/30min/S-C_q0.80,15,3662131630,4321,M4_HARQ,M4_HARQ,"{""M5_RGARCH"": 0.0, ""M6_GK"": 0.0, ""M6_PARK"": 0.0, ""M1_EWMA"": 0.0, ""M3_HARJ"": 0.0, ""M2_HAR"": 0.0, ""M4_HARQ"": 1.0}"
ES/GLOBEX/B0/30min/S-C_q0.80,16,303417529,4321,M4_HARQ,M4_HARQ,"{""M5_RGARCH"": 0.0, ""M6_GK"": 0.0, ""M6_PARK"": 0.0, ""M1_EWMA"": 0.0, ""M3_HARJ"": 0.0, ""M2_HAR"": 0.0, ""M4_HARQ"": 1.0}"
ES/GLOBEX/B0/30min/S-C_q0.80,17,4155647398,4321,M4_HARQ,M4_HARQ,"{""M5_RGARCH"": 0.0, ""M6_GK"": 0.0, ""M6_PARK"": 0.0, ""M1_EWMA"": 0.0, ""M3_HARJ"": 0.0, ""M2_HAR"": 0.0, ""M4_HARQ"": 1.0}"
ES/GLOBEX/B0/30min/S-C_q0.80,18,2620441196,4321,M4_HARQ,M4_HARQ,"{""M5_RGARCH"": 0.0, ""M6_GK"": 0.0, ""M6_PARK"": 0.0, ""M1_EWMA"": 0.0, ""M3_HARJ"": 0.0, ""M2_HAR"": 0.0, ""M4_HARQ"": 1.0}"
ES/GLOBEX/B0/30min/S-C_q0.80,19,4201311651,4321,M4_HARQ,M4_HARQ,"{""M5_RGARCH"": 0.0, ""M6_GK"": 0.0, ""M6_PARK"": 0.0, ""M1_EWMA"": 0.0, ""M3_HARJ"": 0.0, ""M2_HAR"": 0.0, ""M4_HARQ"": 1.0}"
ES/GLOBEX/B0/30min/S-C_q0.90,0,2237533746,2161,M4_HARQ,M4_HARQ,"{""M5_RGARCH"": 0.0, ""M6_GK"": 0.0, ""M6_PARK"": 0.0, ""M1_EWMA"": 0.0, ""M3_HARJ"": 0.0, ""M2_HAR"": 0.0, ""M4_HARQ"": 1.0}"
ES/GLOBEX/B0/30min/S-C_q0.90,1,702494603,2161,M4_HARQ,M4_HARQ,"{""M5_RGARCH"": 0.0, ""M6_GK"": 0.0, ""M6_PARK"": 0.0, ""M1_EWMA"": 0.0, ""M3_HARJ"": 0.0002, ""M2_HAR"": 0.0002, ""M4_HARQ"": 1.0}"
ES/GLOBEX/B0/30min/S-C_q0.90,2,4139393190,2161,M4_HARQ,M4_HARQ,"{""M5_RGARCH"": 0.0, ""M6_GK"": 0.0, ""M6_PARK"": 0.0, ""M1_EWMA"": 0.0, ""M3_HARJ"": 0.0002, ""M2_HAR"": 0.0002, ""M4_HARQ"": 1.0}"
ES/GLOBEX/B0/30min/S-C_q0.90,3,769717545,2161,M4_HARQ,M4_HARQ,"{""M5_RGARCH"": 0.0, ""M6_GK"": 0.0, ""M6_PARK"": 0.0, ""M1_EWMA"": 0.0, ""M3_HARJ"": 0.0, ""M2_HAR"": 0.0, ""M4_HARQ"": 1.0}"
ES/GLOBEX/B0/30min/S-C_q0.90,4,919028315,2161,M4_HARQ,M4_HARQ,"{""M5_RGARCH"": 0.0, ""M6_GK"": 0.0, ""M6_PARK"": 0.0, ""M1_EWMA"": 0.0, ""M3_HARJ"": 0.0001, ""M2_HAR"": 0.0001, ""M4_HARQ"": 1.0}"
ES/GLOBEX/B0/30min/S-C_q0.90,5,611620464,2161,M4_HARQ,M4_HARQ,"{""M5_RGARCH"": 0.0, ""M6_GK"": 0.0, ""M6_PARK"": 0.0, ""M1_EWMA"": 0.0, ""M3_HARJ"": 0.0, ""M2_HAR"": 0.0, ""M4_HARQ"": 1.0}"
ES/GLOBEX/B0/30min/S-C_q0.90,6,3477480266,2161,M4_HARQ,M4_HARQ,"{""M5_RGARCH"": 0.0, ""M6_GK"": 0.0, ""M6_PARK"": 0.0, ""M1_EWMA"": 0.0, ""M3_HARJ"": 0.0, ""M2_HAR"": 0.0, ""M4_HARQ"": 1.0}"
ES/GLOBEX/B0/30min/S-C_q0.90,7,3198431117,2161,M4_HARQ,M4_HARQ,"{""M5_RGARCH"": 0.0, ""M6_GK"": 0.0, ""M6_PARK"": 0.0, ""M1_EWMA"": 0.0, ""M3_HARJ"": 0.0002, ""M2_HAR"": 0.0002, ""M4_HARQ"": 1.0}"
ES/GLOBEX/B0/30min/S-C_q0.90,8,2621026741,2161,M4_HARQ,M4_HARQ,"{""M5_RGARCH"": 0.0, ""M6_GK"": 0.0, ""M6_PARK"": 0.0, ""M1_EWMA"": 0.0, ""M3_HARJ"": 0.0, ""M2_HAR"": 0.0, ""M4_HARQ"": 1.0}"
ES/GLOBEX/B0/30min/S-C_q0.90,9,1169115867,2161,M4_HARQ,M4_HARQ,"{""M5_RGARCH"": 0.0, ""M6_GK"": 0.0, ""M6_PARK"": 0.0, ""M1_EWMA"": 0.0, ""M3_HARJ"": 0.0002, ""M2_HAR"": 0.0002, ""M4_HARQ"": 1.0}"
ES/GLOBEX/B0/30min/S-C_q0.90,10,3689063838,2161,M4_HARQ,M4_HARQ,"{""M5_RGARCH"": 0.0, ""M6_GK"": 0.0, ""M6_PARK"": 0.0, ""M1_EWMA"": 0.0, ""M3_HARJ"": 0.0002, ""M2_HAR"": 0.0002, ""M4_HARQ"": 1.0}"
ES/GLOBEX/B0/30min/S-C_q0.90,11,1498398406,2161,M4_HARQ,M4_HARQ,"{""M5_RGARCH"": 0.0, ""M6_GK"": 0.0, ""M6_PARK"": 0.0, ""M1_EWMA"": 0.0, ""M3_HARJ"": 0.0001, ""M2_HAR"": 0.0001, ""M4_HARQ"": 1.0}"
ES/GLOBEX/B0/30min/S-C_q0.90,12,3833968697,2161,M4_HARQ,M4_HARQ,"{""M5_RGARCH"": 0.0, ""M6_GK"": 0.0, ""M6_PARK"": 0.0, ""M1_EWMA"": 0.0, ""M3_HARJ"": 0.0, ""M2_HAR"": 0.0, ""M4_HARQ"": 1.0}"
ES/GLOBEX/B0/30min/S-C_q0.90,13,630741820,2161,M4_HARQ,M4_HARQ,"{""M5_RGARCH"": 0.0, ""M6_GK"": 0.0, ""M6_PARK"": 0.0, ""M1_EWMA"": 0.0, ""M3_HARJ"": 0.0, ""M2_HAR"": 0.0, ""M4_HARQ"": 1.0}"
ES/GLOBEX/B0/30min/S-C_q0.90,14,2401719883,2161,M4_HARQ,M4_HARQ,"{""M5_RGARCH"": 0.0, ""M6_GK"": 0.0, ""M6_PARK"": 0.0, ""M1_EWMA"": 0.0, ""M3_HARJ"": 0.0001, ""M2_HAR"": 0.0001, ""M4_HARQ"": 1.0}"
ES/GLOBEX/B0/30min/S-C_q0.90,15,3662131630,2161,M4_HARQ,M4_HARQ,"{""M5_RGARCH"": 0.0, ""M6_GK"": 0.0, ""M6_PARK"": 0.0, ""M1_EWMA"": 0.0, ""M3_HARJ"": 0.0001, ""M2_HAR"": 0.0001, ""M4_HARQ"": 1.0}"
ES/GLOBEX/B0/30min/S-C_q0.90,16,303417529,2161,M4_HARQ,M4_HARQ,"{""M5_RGARCH"": 0.0, ""M6_GK"": 0.0, ""M6_PARK"": 0.0, ""M1_EWMA"": 0.0, ""M3_HARJ"": 0.0001, ""M2_HAR"": 0.0001, ""M4_HARQ"": 1.0}"
ES/GLOBEX/B0/30min/S-C_q0.90,17,4155647398,2161,M4_HARQ,M4_HARQ,"{""M5_RGARCH"": 0.0, ""M6_GK"": 0.0, ""M6_PARK"": 0.0, ""M1_EWMA"": 0.0, ""M3_HARJ"": 0.0002, ""M2_HAR"": 0.0002, ""M4_HARQ"": 1.0}"
ES/GLOBEX/B0/30min/S-C_q0.90,18,2620441196,2161,M4_HARQ,M4_HARQ,"{""M5_RGARCH"": 0.0, ""M6_GK"": 0.0, ""M6_PARK"": 0.0, ""M1_EWMA"": 0.0, ""M3_HARJ"": 0.0, ""M2_HAR"": 0.0, ""M4_HARQ"": 1.0}"
ES/GLOBEX/B0/30min/S-C_q0.90,19,4201311651,2161,M4_HARQ,M4_HARQ,"{""M5_RGARCH"": 0.0, ""M6_GK"": 0.0, ""M6_PARK"": 0.0, ""M1_EWMA"": 0.0, ""M3_HARJ"": 0.0, ""M2_HAR"": 0.0, ""M4_HARQ"": 1.0}"
ES/GLOBEX/B1/1day/S-B_q0.80,0,2237533746,291,M4_HARQ|M5_RGARCH,M4_HARQ|M5_RGARCH,"{""M6_GK"": 0.0001, ""M6_PARK"": 0.0001, ""M1_EWMA"": 0.0001, ""M2_HAR"": 0.0001, ""M3_HARJ"": 0.0001, ""M4_HARQ"": 1.0, ""M5_RGARCH"": 1.0}"
ES/GLOBEX/B1/1day/S-B_q0.80,1,702494603,291,M4_HARQ|M5_RGARCH,M4_HARQ|M5_RGARCH,"{""M6_GK"": 0.0, ""M6_PARK"": 0.0, ""M1_EWMA"": 0.0, ""M2_HAR"": 0.0, ""M3_HARJ"": 0.0001, ""M4_HARQ"": 1.0, ""M5_RGARCH"": 1.0}"
ES/GLOBEX/B1/1day/S-B_q0.80,2,4139393190,291,M4_HARQ|M5_RGARCH,M4_HARQ|M5_RGARCH,"{""M6_GK"": 0.0003, ""M6_PARK"": 0.0003, ""M1_EWMA"": 0.0003, ""M2_HAR"": 0.0003, ""M3_HARJ"": 0.0003, ""M4_HARQ"": 1.0, ""M5_RGARCH"": 1.0}"
ES/GLOBEX/B1/1day/S-B_q0.80,3,769717545,291,M4_HARQ|M5_RGARCH,M4_HARQ|M5_RGARCH,"{""M6_GK"": 0.0001, ""M6_PARK"": 0.0001, ""M1_EWMA"": 0.0001, ""M2_HAR"": 0.0001, ""M3_HARJ"": 0.0001, ""M4_HARQ"": 1.0, ""M5_RGARCH"": 1.0}"
ES/GLOBEX/B1/1day/S-B_q0.80,4,919028315,291,M4_HARQ|M5_RGARCH,M4_HARQ|M5_RGARCH,"{""M6_GK"": 0.0002, ""M6_PARK"": 0.0002, ""M1_EWMA"": 0.0002, ""M2_HAR"": 0.0002, ""M3_HARJ"": 0.0002, ""M4_HARQ"": 1.0, ""M5_RGARCH"": 1.0}"
ES/GLOBEX/B1/1day/S-B_q0.80,5,611620464,291,M4_HARQ|M5_RGARCH,M4_HARQ|M5_RGARCH,"{""M6_GK"": 0.0, ""M6_PARK"": 0.0, ""M1_EWMA"": 0.0, ""M2_HAR"": 0.0, ""M3_HARJ"": 0.0001, ""M4_HARQ"": 1.0, ""M5_RGARCH"": 1.0}"
ES/GLOBEX/B1/1day/S-B_q0.80,6,3477480266,291,M4_HARQ|M5_RGARCH,M4_HARQ|M5_RGARCH,"{""M6_GK"": 0.0, ""M6_PARK"": 0.0, ""M1_EWMA"": 0.0, ""M2_HAR"": 0.0, ""M3_HARJ"": 0.0, ""M4_HARQ"": 1.0, ""M5_RGARCH"": 1.0}"
ES/GLOBEX/B1/1day/S-B_q0.80,7,3198431117,291,M4_HARQ|M5_RGARCH,M4_HARQ|M5_RGARCH,"{""M6_GK"": 0.0, ""M6_PARK"": 0.0, ""M1_EWMA"": 0.0, ""M2_HAR"": 0.0, ""M3_HARJ"": 0.0001, ""M4_HARQ"": 1.0, ""M5_RGARCH"": 1.0}"
ES/GLOBEX/B1/1day/S-B_q0.80,8,2621026741,291,M4_HARQ|M5_RGARCH,M4_HARQ|M5_RGARCH,"{""M6_GK"": 0.0, ""M6_PARK"": 0.0, ""M1_EWMA"": 0.0, ""M2_HAR"": 0.0, ""M3_HARJ"": 0.0001, ""M4_HARQ"": 1.0, ""M5_RGARCH"": 1.0}"
ES/GLOBEX/B1/1day/S-B_q0.80,9,1169115867,291,M4_HARQ|M5_RGARCH,M4_HARQ|M5_RGARCH,"{""M6_GK"": 0.0, ""M6_PARK"": 0.0, ""M1_EWMA"": 0.0, ""M2_HAR"": 0.0, ""M3_HARJ"": 0.0, ""M4_HARQ"": 1.0, ""M5_RGARCH"": 1.0}"
ES/GLOBEX/B1/1day/S-B_q0.80,10,3689063838,291,M4_HARQ|M5_RGARCH,M4_HARQ|M5_RGARCH,"{""M6_GK"": 0.0001, ""M6_PARK"": 0.0001, ""M1_EWMA"": 0.0001, ""M2_HAR"": 0.0001, ""M3_HARJ"": 0.0001, ""M4_HARQ"": 1.0, ""M5_RGARCH"": 1.0}"
ES/GLOBEX/B1/1day/S-B_q0.80,11,1498398406,291,M4_HARQ|M5_RGARCH,M4_HARQ|M5_RGARCH,"{""M6_GK"": 0.0, ""M6_PARK"": 0.0, ""M1_EWMA"": 0.0, ""M2_HAR"": 0.0, ""M3_HARJ"": 0.0, ""M4_HARQ"": 1.0, ""M5_RGARCH"": 1.0}"
ES/GLOBEX/B1/1day/S-B_q0.80,12,3833968697,291,M4_HARQ|M5_RGARCH,M4_HARQ|M5_RGARCH,"{""M6_GK"": 0.0, ""M6_PARK"": 0.0, ""M1_EWMA"": 0.0, ""M2_HAR"": 0.0, ""M3_HARJ"": 0.0, ""M4_HARQ"": 1.0, ""M5_RGARCH"": 1.0}"
ES/GLOBEX/B1/1day/S-B_q0.80,13,630741820,291,M4_HARQ|M5_RGARCH,M4_HARQ|M5_RGARCH,"{""M6_GK"": 0.0, ""M6_PARK"": 0.0, ""M1_EWMA"": 0.0, ""M2_HAR"": 0.0, ""M3_HARJ"": 0.0, ""M4_HARQ"": 1.0, ""M5_RGARCH"": 1.0}"
ES/GLOBEX/B1/1day/S-B_q0.80,14,2401719883,291,M4_HARQ|M5_RGARCH,M4_HARQ|M5_RGARCH,"{""M6_GK"": 0.0, ""M6_PARK"": 0.0, ""M1_EWMA"": 0.0, ""M2_HAR"": 0.0, ""M3_HARJ"": 0.0001, ""M4_HARQ"": 1.0, ""M5_RGARCH"": 1.0}"
ES/GLOBEX/B1/1day/S-B_q0.80,15,3662131630,291,M4_HARQ|M5_RGARCH,M4_HARQ|M5_RGARCH,"{""M6_GK"": 0.0, ""M6_PARK"": 0.0, ""M1_EWMA"": 0.0, ""M2_HAR"": 0.0, ""M3_HARJ"": 0.0, ""M4_HARQ"": 1.0, ""M5_RGARCH"": 1.0}"
ES/GLOBEX/B1/1day/S-B_q0.80,16,303417529,291,M4_HARQ|M5_RGARCH,M4_HARQ|M5_RGARCH,"{""M6_GK"": 0.0, ""M6_PARK"": 0.0, ""M1_EWMA"": 0.0, ""M2_HAR"": 0.0, ""M3_HARJ"": 0.0, ""M4_HARQ"": 1.0, ""M5_RGARCH"": 1.0}"
ES/GLOBEX/B1/1day/S-B_q0.80,17,4155647398,291,M4_HARQ|M5_RGARCH,M4_HARQ|M5_RGARCH,"{""M6_GK"": 0.0001, ""M6_PARK"": 0.0001, ""M1_EWMA"": 0.0001, ""M2_HAR"": 0.0001, ""M3_HARJ"": 0.0001, ""M4_HARQ"": 1.0, ""M5_RGARCH"": 1.0}"
ES/GLOBEX/B1/1day/S-B_q0.80,18,2620441196,291,M4_HARQ|M5_RGARCH,M4_HARQ|M5_RGARCH,"{""M6_GK"": 0.0, ""M6_PARK"": 0.0, ""M1_EWMA"": 0.0, ""M2_HAR"": 0.0, ""M3_HARJ"": 0.0, ""M4_HARQ"": 1.0, ""M5_RGARCH"": 1.0}"
ES/GLOBEX/B1/1day/S-B_q0.80,19,4201311651,291,M4_HARQ|M5_RGARCH,M4_HARQ|M5_RGARCH,"{""M6_GK"": 0.0, ""M6_PARK"": 0.0, ""M1_EWMA"": 0.0, ""M2_HAR"": 0.0, ""M3_HARJ"": 0.0002, ""M4_HARQ"": 1.0, ""M5_RGARCH"": 1.0}"
ES/GLOBEX/B1/1day/S-B_q0.90,0,2237533746,146,M4_HARQ|M5_RGARCH,M4_HARQ|M5_RGARCH,"{""M1_EWMA"": 0.0001, ""M6_GK"": 0.0001, ""M6_PARK"": 0.0001, ""M2_HAR"": 0.0001, ""M3_HARJ"": 0.0001, ""M4_HARQ"": 1.0, ""M5_RGARCH"": 1.0}"
ES/GLOBEX/B1/1day/S-B_q0.90,1,702494603,146,M4_HARQ|M5_RGARCH,M4_HARQ|M5_RGARCH,"{""M1_EWMA"": 0.0002, ""M6_GK"": 0.0002, ""M6_PARK"": 0.0002, ""M2_HAR"": 0.0002, ""M3_HARJ"": 0.0002, ""M4_HARQ"": 1.0, ""M5_RGARCH"": 1.0}"
ES/GLOBEX/B1/1day/S-B_q0.90,2,4139393190,146,M4_HARQ|M5_RGARCH,M4_HARQ|M5_RGARCH,"{""M1_EWMA"": 0.0004, ""M6_GK"": 0.0004, ""M6_PARK"": 0.0004, ""M2_HAR"": 0.0004, ""M3_HARJ"": 0.0004, ""M4_HARQ"": 1.0, ""M5_RGARCH"": 1.0}"
ES/GLOBEX/B1/1day/S-B_q0.90,3,769717545,146,M4_HARQ|M5_RGARCH,M4_HARQ|M5_RGARCH,"{""M1_EWMA"": 0.0001, ""M6_GK"": 0.0001, ""M6_PARK"": 0.0001, ""M2_HAR"": 0.0001, ""M3_HARJ"": 0.0001, ""M4_HARQ"": 1.0, ""M5_RGARCH"": 1.0}"
ES/GLOBEX/B1/1day/S-B_q0.90,4,919028315,146,M4_HARQ|M5_RGARCH,M4_HARQ|M5_RGARCH,"{""M1_EWMA"": 0.0002, ""M6_GK"": 0.0002, ""M6_PARK"": 0.0002, ""M2_HAR"": 0.0002, ""M3_HARJ"": 0.0002, ""M4_HARQ"": 1.0, ""M5_RGARCH"": 1.0}"
ES/GLOBEX/B1/1day/S-B_q0.90,5,611620464,146,M4_HARQ|M5_RGARCH,M4_HARQ|M5_RGARCH,"{""M1_EWMA"": 0.0002, ""M6_GK"": 0.0002, ""M6_PARK"": 0.0002, ""M2_HAR"": 0.0002, ""M3_HARJ"": 0.0002, ""M4_HARQ"": 1.0, ""M5_RGARCH"": 1.0}"
ES/GLOBEX/B1/1day/S-B_q0.90,6,3477480266,146,M4_HARQ|M5_RGARCH,M4_HARQ|M5_RGARCH,"{""M1_EWMA"": 0.0001, ""M6_GK"": 0.0001, ""M6_PARK"": 0.0001, ""M2_HAR"": 0.0001, ""M3_HARJ"": 0.0001, ""M4_HARQ"": 1.0, ""M5_RGARCH"": 1.0}"
ES/GLOBEX/B1/1day/S-B_q0.90,7,3198431117,146,M4_HARQ|M5_RGARCH,M4_HARQ|M5_RGARCH,"{""M1_EWMA"": 0.0003, ""M6_GK"": 0.0003, ""M6_PARK"": 0.0003, ""M2_HAR"": 0.0003, ""M3_HARJ"": 0.0003, ""M4_HARQ"": 1.0, ""M5_RGARCH"": 1.0}"
ES/GLOBEX/B1/1day/S-B_q0.90,8,2621026741,146,M4_HARQ|M5_RGARCH,M4_HARQ|M5_RGARCH,"{""M1_EWMA"": 0.0001, ""M6_GK"": 0.0001, ""M6_PARK"": 0.0001, ""M2_HAR"": 0.0001, ""M3_HARJ"": 0.0001, ""M4_HARQ"": 1.0, ""M5_RGARCH"": 1.0}"
ES/GLOBEX/B1/1day/S-B_q0.90,9,1169115867,146,M4_HARQ|M5_RGARCH,M4_HARQ|M5_RGARCH,"{""M1_EWMA"": 0.0004, ""M6_GK"": 0.0004, ""M6_PARK"": 0.0004, ""M2_HAR"": 0.0004, ""M3_HARJ"": 0.0004, ""M4_HARQ"": 1.0, ""M5_RGARCH"": 1.0}"
ES/GLOBEX/B1/1day/S-B_q0.90,10,3689063838,146,M4_HARQ|M5_RGARCH,M4_HARQ|M5_RGARCH,"{""M1_EWMA"": 0.0002, ""M6_GK"": 0.0002, ""M6_PARK"": 0.0002, ""M2_HAR"": 0.0002, ""M3_HARJ"": 0.0002, ""M4_HARQ"": 1.0, ""M5_RGARCH"": 1.0}"
ES/GLOBEX/B1/1day/S-B_q0.90,11,1498398406,146,M4_HARQ|M5_RGARCH,M4_HARQ|M5_RGARCH,"{""M1_EWMA"": 0.0001, ""M6_GK"": 0.0001, ""M6_PARK"": 0.0001, ""M2_HAR"": 0.0001, ""M3_HARJ"": 0.0001, ""M4_HARQ"": 1.0, ""M5_RGARCH"": 1.0}"
ES/GLOBEX/B1/1day/S-B_q0.90,12,3833968697,146,M4_HARQ|M5_RGARCH,M4_HARQ|M5_RGARCH,"{""M1_EWMA"": 0.0002, ""M6_GK"": 0.0002, ""M6_PARK"": 0.0002, ""M2_HAR"": 0.0002, ""M3_HARJ"": 0.0002, ""M4_HARQ"": 1.0, ""M5_RGARCH"": 1.0}"
ES/GLOBEX/B1/1day/S-B_q0.90,13,630741820,146,M4_HARQ|M5_RGARCH,M4_HARQ|M5_RGARCH,"{""M1_EWMA"": 0.0002, ""M6_GK"": 0.0002, ""M6_PARK"": 0.0002, ""M2_HAR"": 0.0002, ""M3_HARJ"": 0.0002, ""M4_HARQ"": 1.0, ""M5_RGARCH"": 1.0}"
ES/GLOBEX/B1/1day/S-B_q0.90,14,2401719883,146,M4_HARQ|M5_RGARCH,M4_HARQ|M5_RGARCH,"{""M1_EWMA"": 0.0001, ""M6_GK"": 0.0001, ""M6_PARK"": 0.0001, ""M2_HAR"": 0.0001, ""M3_HARJ"": 0.0001, ""M4_HARQ"": 1.0, ""M5_RGARCH"": 1.0}"
ES/GLOBEX/B1/1day/S-B_q0.90,15,3662131630,146,M4_HARQ|M5_RGARCH,M4_HARQ|M5_RGARCH,"{""M1_EWMA"": 0.0004, ""M6_GK"": 0.0004, ""M6_PARK"": 0.0004, ""M2_HAR"": 0.0004, ""M3_HARJ"": 0.0004, ""M4_HARQ"": 1.0, ""M5_RGARCH"": 1.0}"
ES/GLOBEX/B1/1day/S-B_q0.90,16,303417529,146,M4_HARQ|M5_RGARCH,M4_HARQ|M5_RGARCH,"{""M1_EWMA"": 0.0001, ""M6_GK"": 0.0001, ""M6_PARK"": 0.0001, ""M2_HAR"": 0.0001, ""M3_HARJ"": 0.0001, ""M4_HARQ"": 1.0, ""M5_RGARCH"": 1.0}"
ES/GLOBEX/B1/1day/S-B_q0.90,17,4155647398,146,M4_HARQ|M5_RGARCH,M4_HARQ|M5_RGARCH,"{""M1_EWMA"": 0.0002, ""M6_GK"": 0.0002, ""M6_PARK"": 0.0002, ""M2_HAR"": 0.0002, ""M3_HARJ"": 0.0002, ""M4_HARQ"": 1.0, ""M5_RGARCH"": 1.0}"
ES/GLOBEX/B1/1day/S-B_q0.90,18,2620441196,146,M4_HARQ|M5_RGARCH,M4_HARQ|M5_RGARCH,"{""M1_EWMA"": 0.0003, ""M6_GK"": 0.0003, ""M6_PARK"": 0.0003, ""M2_HAR"": 0.0003, ""M3_HARJ"": 0.0003, ""M4_HARQ"": 1.0, ""M5_RGARCH"": 1.0}"
ES/GLOBEX/B1/1day/S-B_q0.90,19,4201311651,146,M4_HARQ|M5_RGARCH,M4_HARQ|M5_RGARCH,"{""M1_EWMA"": 0.0002, ""M6_GK"": 0.0002, ""M6_PARK"": 0.0002, ""M2_HAR"": 0.0002, ""M3_HARJ"": 0.0002, ""M4_HARQ"": 1.0, ""M5_RGARCH"": 1.0}"
ES/GLOBEX/B1/1day/S-C_q0.80,0,2237533746,291,M2_HAR|M3_HARJ|M4_HARQ|M5_RGARCH,M2_HAR|M3_HARJ|M4_HARQ|M5_RGARCH,"{""M1_EWMA"": 0.0014, ""M6_PARK"": 0.07, ""M6_GK"": 0.07, ""M2_HAR"": 0.304, ""M3_HARJ"": 1.0, ""M4_HARQ"": 1.0, ""M5_RGARCH"": 1.0}"
ES/GLOBEX/B1/1day/S-C_q0.80,1,702494603,291,M2_HAR|M3_HARJ|M4_HARQ|M5_RGARCH,M2_HAR|M3_HARJ|M4_HARQ|M5_RGARCH,"{""M1_EWMA"": 0.0023, ""M6_PARK"": 0.0739, ""M6_GK"": 0.0739, ""M2_HAR"": 0.3014, ""M3_HARJ"": 1.0, ""M4_HARQ"": 1.0, ""M5_RGARCH"": 1.0}"
ES/GLOBEX/B1/1day/S-C_q0.80,2,4139393190,291,M2_HAR|M3_HARJ|M4_HARQ|M5_RGARCH,M2_HAR|M3_HARJ|M4_HARQ|M5_RGARCH,"{""M1_EWMA"": 0.0021, ""M6_PARK"": 0.0633, ""M6_GK"": 0.0633, ""M2_HAR"": 0.3011, ""M3_HARJ"": 1.0, ""M4_HARQ"": 1.0, ""M5_RGARCH"": 1.0}"
ES/GLOBEX/B1/1day/S-C_q0.80,3,769717545,291,M2_HAR|M3_HARJ|M4_HARQ|M5_RGARCH,M2_HAR|M3_HARJ|M4_HARQ|M5_RGARCH,"{""M1_EWMA"": 0.002, ""M6_PARK"": 0.065, ""M6_GK"": 0.065, ""M2_HAR"": 0.3122, ""M3_HARJ"": 1.0, ""M4_HARQ"": 1.0, ""M5_RGARCH"": 1.0}"
ES/GLOBEX/B1/1day/S-C_q0.80,4,919028315,291,M2_HAR|M3_HARJ|M4_HARQ|M5_RGARCH,M2_HAR|M3_HARJ|M4_HARQ|M5_RGARCH,"{""M1_EWMA"": 0.0022, ""M6_PARK"": 0.0747, ""M6_GK"": 0.0747, ""M2_HAR"": 0.308, ""M3_HARJ"": 1.0, ""M4_HARQ"": 1.0, ""M5_RGARCH"": 1.0}"
ES/GLOBEX/B1/1day/S-C_q0.80,5,611620464,291,M2_HAR|M3_HARJ|M4_HARQ|M5_RGARCH,M2_HAR|M3_HARJ|M4_HARQ|M5_RGARCH,"{""M1_EWMA"": 0.0023, ""M6_PARK"": 0.0653, ""M6_GK"": 0.0653, ""M2_HAR"": 0.2983, ""M3_HARJ"": 1.0, ""M4_HARQ"": 1.0, ""M5_RGARCH"": 1.0}"
ES/GLOBEX/B1/1day/S-C_q0.80,6,3477480266,291,M2_HAR|M3_HARJ|M4_HARQ|M5_RGARCH,M2_HAR|M3_HARJ|M4_HARQ|M5_RGARCH,"{""M1_EWMA"": 0.0023, ""M6_PARK"": 0.0655, ""M6_GK"": 0.0655, ""M2_HAR"": 0.3017, ""M3_HARJ"": 1.0, ""M4_HARQ"": 1.0, ""M5_RGARCH"": 1.0}"
ES/GLOBEX/B1/1day/S-C_q0.80,7,3198431117,291,M2_HAR|M3_HARJ|M4_HARQ|M5_RGARCH,M2_HAR|M3_HARJ|M4_HARQ|M5_RGARCH,"{""M1_EWMA"": 0.0023, ""M6_PARK"": 0.0715, ""M6_GK"": 0.0715, ""M2_HAR"": 0.2973, ""M3_HARJ"": 1.0, ""M4_HARQ"": 1.0, ""M5_RGARCH"": 1.0}"
ES/GLOBEX/B1/1day/S-C_q0.80,8,2621026741,291,M2_HAR|M3_HARJ|M4_HARQ|M5_RGARCH,M2_HAR|M3_HARJ|M4_HARQ|M5_RGARCH,"{""M1_EWMA"": 0.0023, ""M6_PARK"": 0.0656, ""M6_GK"": 0.0656, ""M2_HAR"": 0.3054, ""M3_HARJ"": 1.0, ""M4_HARQ"": 1.0, ""M5_RGARCH"": 1.0}"
ES/GLOBEX/B1/1day/S-C_q0.80,9,1169115867,291,M2_HAR|M3_HARJ|M4_HARQ|M5_RGARCH,M2_HAR|M3_HARJ|M4_HARQ|M5_RGARCH,"{""M1_EWMA"": 0.0028, ""M6_PARK"": 0.0664, ""M6_GK"": 0.0664, ""M2_HAR"": 0.3026, ""M3_HARJ"": 1.0, ""M4_HARQ"": 1.0, ""M5_RGARCH"": 1.0}"
ES/GLOBEX/B1/1day/S-C_q0.80,10,3689063838,291,M2_HAR|M3_HARJ|M4_HARQ|M5_RGARCH,M2_HAR|M3_HARJ|M4_HARQ|M5_RGARCH,"{""M1_EWMA"": 0.0008, ""M6_PARK"": 0.0667, ""M6_GK"": 0.0667, ""M2_HAR"": 0.3106, ""M3_HARJ"": 1.0, ""M4_HARQ"": 1.0, ""M5_RGARCH"": 1.0}"
ES/GLOBEX/B1/1day/S-C_q0.80,11,1498398406,291,M2_HAR|M3_HARJ|M4_HARQ|M5_RGARCH,M2_HAR|M3_HARJ|M4_HARQ|M5_RGARCH,"{""M1_EWMA"": 0.0025, ""M6_PARK"": 0.0681, ""M6_GK"": 0.0681, ""M2_HAR"": 0.3041, ""M3_HARJ"": 1.0, ""M4_HARQ"": 1.0, ""M5_RGARCH"": 1.0}"
ES/GLOBEX/B1/1day/S-C_q0.80,12,3833968697,291,M2_HAR|M3_HARJ|M4_HARQ|M5_RGARCH,M2_HAR|M3_HARJ|M4_HARQ|M5_RGARCH,"{""M1_EWMA"": 0.0024, ""M6_PARK"": 0.0653, ""M6_GK"": 0.0653, ""M2_HAR"": 0.3002, ""M3_HARJ"": 1.0, ""M4_HARQ"": 1.0, ""M5_RGARCH"": 1.0}"
ES/GLOBEX/B1/1day/S-C_q0.80,13,630741820,291,M2_HAR|M3_HARJ|M4_HARQ|M5_RGARCH,M2_HAR|M3_HARJ|M4_HARQ|M5_RGARCH,"{""M1_EWMA"": 0.0023, ""M6_PARK"": 0.0634, ""M6_GK"": 0.0634, ""M2_HAR"": 0.3047, ""M3_HARJ"": 1.0, ""M4_HARQ"": 1.0, ""M5_RGARCH"": 1.0}"
ES/GLOBEX/B1/1day/S-C_q0.80,14,2401719883,291,M2_HAR|M3_HARJ|M4_HARQ|M5_RGARCH,M2_HAR|M3_HARJ|M4_HARQ|M5_RGARCH,"{""M1_EWMA"": 0.0021, ""M6_PARK"": 0.0629, ""M6_GK"": 0.0629, ""M2_HAR"": 0.307, ""M3_HARJ"": 1.0, ""M4_HARQ"": 1.0, ""M5_RGARCH"": 1.0}"
ES/GLOBEX/B1/1day/S-C_q0.80,15,3662131630,291,M2_HAR|M3_HARJ|M4_HARQ|M5_RGARCH,M2_HAR|M3_HARJ|M4_HARQ|M5_RGARCH,"{""M1_EWMA"": 0.0017, ""M6_PARK"": 0.0725, ""M6_GK"": 0.0725, ""M2_HAR"": 0.3025, ""M3_HARJ"": 1.0, ""M4_HARQ"": 1.0, ""M5_RGARCH"": 1.0}"
ES/GLOBEX/B1/1day/S-C_q0.80,16,303417529,291,M2_HAR|M3_HARJ|M4_HARQ|M5_RGARCH,M2_HAR|M3_HARJ|M4_HARQ|M5_RGARCH,"{""M1_EWMA"": 0.0021, ""M6_PARK"": 0.0694, ""M6_GK"": 0.0694, ""M2_HAR"": 0.3021, ""M3_HARJ"": 1.0, ""M4_HARQ"": 1.0, ""M5_RGARCH"": 1.0}"
ES/GLOBEX/B1/1day/S-C_q0.80,17,4155647398,291,M2_HAR|M3_HARJ|M4_HARQ|M5_RGARCH,M2_HAR|M3_HARJ|M4_HARQ|M5_RGARCH,"{""M1_EWMA"": 0.0028, ""M6_PARK"": 0.0615, ""M6_GK"": 0.0615, ""M2_HAR"": 0.3009, ""M3_HARJ"": 1.0, ""M4_HARQ"": 1.0, ""M5_RGARCH"": 1.0}"
ES/GLOBEX/B1/1day/S-C_q0.80,18,2620441196,291,M2_HAR|M3_HARJ|M4_HARQ|M5_RGARCH,M2_HAR|M3_HARJ|M4_HARQ|M5_RGARCH,"{""M1_EWMA"": 0.0038, ""M6_PARK"": 0.0696, ""M6_GK"": 0.0696, ""M2_HAR"": 0.3022, ""M3_HARJ"": 1.0, ""M4_HARQ"": 1.0, ""M5_RGARCH"": 1.0}"
ES/GLOBEX/B1/1day/S-C_q0.80,19,4201311651,291,M2_HAR|M3_HARJ|M4_HARQ|M5_RGARCH,M2_HAR|M3_HARJ|M4_HARQ|M5_RGARCH,"{""M1_EWMA"": 0.0014, ""M6_PARK"": 0.0681, ""M6_GK"": 0.0681, ""M2_HAR"": 0.2975, ""M3_HARJ"": 1.0, ""M4_HARQ"": 1.0, ""M5_RGARCH"": 1.0}"
ES/GLOBEX/B1/1day/S-C_q0.90,0,2237533746,146,M2_HAR|M3_HARJ|M4_HARQ|M5_RGARCH,M2_HAR|M3_HARJ|M4_HARQ|M5_RGARCH|M6_GK|M6_PARK,"{""M1_EWMA"": 0.0048, ""M6_PARK"": 0.201, ""M6_GK"": 0.201, ""M2_HAR"": 0.5907, ""M3_HARJ"": 1.0, ""M4_HARQ"": 1.0, ""M5_RGARCH"": 1.0}"
ES/GLOBEX/B1/1day/S-C_q0.90,1,702494603,146,M2_HAR|M3_HARJ|M4_HARQ|M5_RGARCH,M2_HAR|M3_HARJ|M4_HARQ|M5_RGARCH|M6_GK|M6_PARK,"{""M1_EWMA"": 0.0056, ""M6_PARK"": 0.206, ""M6_GK"": 0.206, ""M2_HAR"": 0.5878, ""M3_HARJ"": 1.0, ""M4_HARQ"": 1.0, ""M5_RGARCH"": 1.0}"
ES/GLOBEX/B1/1day/S-C_q0.90,2,4139393190,146,M2_HAR|M3_HARJ|M4_HARQ|M5_RGARCH,M2_HAR|M3_HARJ|M4_HARQ|M5_RGARCH|M6_GK|M6_PARK,"{""M1_EWMA"": 0.0045, ""M6_PARK"": 0.1994, ""M6_GK"": 0.1994, ""M2_HAR"": 0.5918, ""M3_HARJ"": 1.0, ""M4_HARQ"": 1.0, ""M5_RGARCH"": 1.0}"
ES/GLOBEX/B1/1day/S-C_q0.90,3,769717545,146,M2_HAR|M3_HARJ|M4_HARQ|M5_RGARCH,M2_HAR|M3_HARJ|M4_HARQ|M5_RGARCH|M6_GK|M6_PARK,"{""M1_EWMA"": 0.0054, ""M6_PARK"": 0.2132, ""M6_GK"": 0.2132, ""M2_HAR"": 0.5885, ""M3_HARJ"": 1.0, ""M4_HARQ"": 1.0, ""M5_RGARCH"": 1.0}"
ES/GLOBEX/B1/1day/S-C_q0.90,4,919028315,146,M2_HAR|M3_HARJ|M4_HARQ|M5_RGARCH,M2_HAR|M3_HARJ|M4_HARQ|M5_RGARCH|M6_GK|M6_PARK,"{""M1_EWMA"": 0.0045, ""M6_PARK"": 0.1907, ""M6_GK"": 0.1907, ""M2_HAR"": 0.5908, ""M3_HARJ"": 1.0, ""M4_HARQ"": 1.0, ""M5_RGARCH"": 1.0}"
ES/GLOBEX/B1/1day/S-C_q0.90,5,611620464,146,M2_HAR|M3_HARJ|M4_HARQ|M5_RGARCH,M2_HAR|M3_HARJ|M4_HARQ|M5_RGARCH|M6_GK|M6_PARK,"{""M1_EWMA"": 0.006, ""M6_PARK"": 0.2031, ""M6_GK"": 0.2031, ""M2_HAR"": 0.5881, ""M3_HARJ"": 1.0, ""M4_HARQ"": 1.0, ""M5_RGARCH"": 1.0}"
ES/GLOBEX/B1/1day/S-C_q0.90,6,3477480266,146,M2_HAR|M3_HARJ|M4_HARQ|M5_RGARCH,M2_HAR|M3_HARJ|M4_HARQ|M5_RGARCH|M6_GK|M6_PARK,"{""M1_EWMA"": 0.0049, ""M6_PARK"": 0.2066, ""M6_GK"": 0.2066, ""M2_HAR"": 0.5935, ""M3_HARJ"": 1.0, ""M4_HARQ"": 1.0, ""M5_RGARCH"": 1.0}"
ES/GLOBEX/B1/1day/S-C_q0.90,7,3198431117,146,M2_HAR|M3_HARJ|M4_HARQ|M5_RGARCH,M2_HAR|M3_HARJ|M4_HARQ|M5_RGARCH|M6_GK|M6_PARK,"{""M1_EWMA"": 0.004, ""M6_PARK"": 0.2049, ""M6_GK"": 0.2049, ""M2_HAR"": 0.5856, ""M3_HARJ"": 1.0, ""M4_HARQ"": 1.0, ""M5_RGARCH"": 1.0}"
ES/GLOBEX/B1/1day/S-C_q0.90,8,2621026741,146,M2_HAR|M3_HARJ|M4_HARQ|M5_RGARCH,M2_HAR|M3_HARJ|M4_HARQ|M5_RGARCH|M6_GK|M6_PARK,"{""M1_EWMA"": 0.0051, ""M6_PARK"": 0.2033, ""M6_GK"": 0.2033, ""M2_HAR"": 0.5923, ""M3_HARJ"": 1.0, ""M4_HARQ"": 1.0, ""M5_RGARCH"": 1.0}"
ES/GLOBEX/B1/1day/S-C_q0.90,9,1169115867,146,M2_HAR|M3_HARJ|M4_HARQ|M5_RGARCH,M2_HAR|M3_HARJ|M4_HARQ|M5_RGARCH|M6_GK|M6_PARK,"{""M1_EWMA"": 0.0041, ""M6_PARK"": 0.2017, ""M6_GK"": 0.2017, ""M2_HAR"": 0.5906, ""M3_HARJ"": 1.0, ""M4_HARQ"": 1.0, ""M5_RGARCH"": 1.0}"
ES/GLOBEX/B1/1day/S-C_q0.90,10,3689063838,146,M2_HAR|M3_HARJ|M4_HARQ|M5_RGARCH,M2_HAR|M3_HARJ|M4_HARQ|M5_RGARCH|M6_GK|M6_PARK,"{""M1_EWMA"": 0.0046, ""M6_PARK"": 0.2011, ""M6_GK"": 0.2011, ""M2_HAR"": 0.6044, ""M3_HARJ"": 1.0, ""M4_HARQ"": 1.0, ""M5_RGARCH"": 1.0}"
ES/GLOBEX/B1/1day/S-C_q0.90,11,1498398406,146,M2_HAR|M3_HARJ|M4_HARQ|M5_RGARCH,M2_HAR|M3_HARJ|M4_HARQ|M5_RGARCH|M6_GK|M6_PARK,"{""M1_EWMA"": 0.0063, ""M6_PARK"": 0.2031, ""M6_GK"": 0.2031, ""M2_HAR"": 0.5996, ""M3_HARJ"": 1.0, ""M4_HARQ"": 1.0, ""M5_RGARCH"": 1.0}"
ES/GLOBEX/B1/1day/S-C_q0.90,12,3833968697,146,M2_HAR|M3_HARJ|M4_HARQ|M5_RGARCH,M2_HAR|M3_HARJ|M4_HARQ|M5_RGARCH|M6_GK|M6_PARK,"{""M1_EWMA"": 0.0043, ""M6_PARK"": 0.202, ""M6_GK"": 0.202, ""M2_HAR"": 0.5885, ""M3_HARJ"": 1.0, ""M4_HARQ"": 1.0, ""M5_RGARCH"": 1.0}"
ES/GLOBEX/B1/1day/S-C_q0.90,13,630741820,146,M2_HAR|M3_HARJ|M4_HARQ|M5_RGARCH,M2_HAR|M3_HARJ|M4_HARQ|M5_RGARCH|M6_GK|M6_PARK,"{""M1_EWMA"": 0.0048, ""M6_PARK"": 0.2131, ""M6_GK"": 0.2131, ""M2_HAR"": 0.5884, ""M3_HARJ"": 1.0, ""M4_HARQ"": 1.0, ""M5_RGARCH"": 1.0}"
ES/GLOBEX/B1/1day/S-C_q0.90,14,2401719883,146,M2_HAR|M3_HARJ|M4_HARQ|M5_RGARCH,M2_HAR|M3_HARJ|M4_HARQ|M5_RGARCH|M6_GK|M6_PARK,"{""M1_EWMA"": 0.0065, ""M6_PARK"": 0.2061, ""M6_GK"": 0.2061, ""M2_HAR"": 0.5959, ""M3_HARJ"": 1.0, ""M4_HARQ"": 1.0, ""M5_RGARCH"": 1.0}"
ES/GLOBEX/B1/1day/S-C_q0.90,15,3662131630,146,M2_HAR|M3_HARJ|M4_HARQ|M5_RGARCH,M2_HAR|M3_HARJ|M4_HARQ|M5_RGARCH|M6_GK|M6_PARK,"{""M1_EWMA"": 0.0063, ""M6_PARK"": 0.2014, ""M6_GK"": 0.2014, ""M2_HAR"": 0.5838, ""M3_HARJ"": 1.0, ""M4_HARQ"": 1.0, ""M5_RGARCH"": 1.0}"
ES/GLOBEX/B1/1day/S-C_q0.90,16,303417529,146,M2_HAR|M3_HARJ|M4_HARQ|M5_RGARCH,M2_HAR|M3_HARJ|M4_HARQ|M5_RGARCH|M6_GK|M6_PARK,"{""M1_EWMA"": 0.0043, ""M6_PARK"": 0.2056, ""M6_GK"": 0.2056, ""M2_HAR"": 0.5912, ""M3_HARJ"": 1.0, ""M4_HARQ"": 1.0, ""M5_RGARCH"": 1.0}"
ES/GLOBEX/B1/1day/S-C_q0.90,17,4155647398,146,M2_HAR|M3_HARJ|M4_HARQ|M5_RGARCH,M2_HAR|M3_HARJ|M4_HARQ|M5_RGARCH|M6_GK|M6_PARK,"{""M1_EWMA"": 0.0052, ""M6_PARK"": 0.2011, ""M6_GK"": 0.2011, ""M2_HAR"": 0.5884, ""M3_HARJ"": 1.0, ""M4_HARQ"": 1.0, ""M5_RGARCH"": 1.0}"
ES/GLOBEX/B1/1day/S-C_q0.90,18,2620441196,146,M2_HAR|M3_HARJ|M4_HARQ|M5_RGARCH,M2_HAR|M3_HARJ|M4_HARQ|M5_RGARCH|M6_GK|M6_PARK,"{""M1_EWMA"": 0.0053, ""M6_PARK"": 0.1981, ""M6_GK"": 0.1981, ""M2_HAR"": 0.5931, ""M3_HARJ"": 1.0, ""M4_HARQ"": 1.0, ""M5_RGARCH"": 1.0}"
ES/GLOBEX/B1/1day/S-C_q0.90,19,4201311651,146,M2_HAR|M3_HARJ|M4_HARQ|M5_RGARCH,M2_HAR|M3_HARJ|M4_HARQ|M5_RGARCH|M6_GK|M6_PARK,"{""M1_EWMA"": 0.0054, ""M6_PARK"": 0.201, ""M6_GK"": 0.201, ""M2_HAR"": 0.5866, ""M3_HARJ"": 1.0, ""M4_HARQ"": 1.0, ""M5_RGARCH"": 1.0}"
ES/GLOBEX/B1/1h/S-B_q0.80,0,2237533746,281,M2_HAR|M3_HARJ,M2_HAR|M3_HARJ|M4_HARQ,"{""M5_RGARCH"": 0.0, ""M6_GK"": 0.0001, ""M6_PARK"": 0.0001, ""M1_EWMA"": 0.0001, ""M4_HARQ"": 0.239, ""M3_HARJ"": 0.3503, ""M2_HAR"": 1.0}"
ES/GLOBEX/B1/1h/S-B_q0.80,1,702494603,281,M2_HAR|M3_HARJ,M2_HAR|M3_HARJ|M4_HARQ,"{""M5_RGARCH"": 0.0, ""M6_GK"": 0.0, ""M6_PARK"": 0.0, ""M1_EWMA"": 0.0, ""M4_HARQ"": 0.2401, ""M3_HARJ"": 0.3519, ""M2_HAR"": 1.0}"
ES/GLOBEX/B1/1h/S-B_q0.80,2,4139393190,281,M2_HAR|M3_HARJ,M2_HAR|M3_HARJ|M4_HARQ,"{""M5_RGARCH"": 0.0, ""M6_GK"": 0.0001, ""M6_PARK"": 0.0001, ""M1_EWMA"": 0.0001, ""M4_HARQ"": 0.233, ""M3_HARJ"": 0.3423, ""M2_HAR"": 1.0}"
ES/GLOBEX/B1/1h/S-B_q0.80,3,769717545,281,M2_HAR|M3_HARJ,M2_HAR|M3_HARJ|M4_HARQ,"{""M5_RGARCH"": 0.0, ""M6_GK"": 0.0001, ""M6_PARK"": 0.0001, ""M1_EWMA"": 0.0001, ""M4_HARQ"": 0.2427, ""M3_HARJ"": 0.3533, ""M2_HAR"": 1.0}"
ES/GLOBEX/B1/1h/S-B_q0.80,4,919028315,281,M2_HAR|M3_HARJ,M2_HAR|M3_HARJ|M4_HARQ,"{""M5_RGARCH"": 0.0, ""M6_GK"": 0.0001, ""M6_PARK"": 0.0001, ""M1_EWMA"": 0.0001, ""M4_HARQ"": 0.2292, ""M3_HARJ"": 0.3383, ""M2_HAR"": 1.0}"
ES/GLOBEX/B1/1h/S-B_q0.80,5,611620464,281,M2_HAR|M3_HARJ,M2_HAR|M3_HARJ|M4_HARQ,"{""M5_RGARCH"": 0.0, ""M6_GK"": 0.0001, ""M6_PARK"": 0.0001, ""M1_EWMA"": 0.0001, ""M4_HARQ"": 0.2345, ""M3_HARJ"": 0.3521, ""M2_HAR"": 1.0}"
ES/GLOBEX/B1/1h/S-B_q0.80,6,3477480266,281,M2_HAR|M3_HARJ,M2_HAR|M3_HARJ|M4_HARQ,"{""M5_RGARCH"": 0.0, ""M6_GK"": 0.0, ""M6_PARK"": 0.0, ""M1_EWMA"": 0.0, ""M4_HARQ"": 0.2336, ""M3_HARJ"": 0.3303, ""M2_HAR"": 1.0}"
ES/GLOBEX/B1/1h/S-B_q0.80,7,3198431117,281,M2_HAR|M3_HARJ,M2_HAR|M3_HARJ|M4_HARQ,"{""M5_RGARCH"": 0.0, ""M6_GK"": 0.0001, ""M6_PARK"": 0.0001, ""M1_EWMA"": 0.0001, ""M4_HARQ"": 0.237, ""M3_HARJ"": 0.3464, ""M2_HAR"": 1.0}"
ES/GLOBEX/B1/1h/S-B_q0.80,8,2621026741,281,M2_HAR|M3_HARJ,M2_HAR|M3_HARJ|M4_HARQ,"{""M5_RGARCH"": 0.0, ""M6_GK"": 0.0001, ""M6_PARK"": 0.0001, ""M1_EWMA"": 0.0001, ""M4_HARQ"": 0.2348, ""M3_HARJ"": 0.3421, ""M2_HAR"": 1.0}"
ES/GLOBEX/B1/1h/S-B_q0.80,9,1169115867,281,M2_HAR|M3_HARJ,M2_HAR|M3_HARJ|M4_HARQ,"{""M5_RGARCH"": 0.0, ""M6_GK"": 0.0, ""M6_PARK"": 0.0, ""M1_EWMA"": 0.0, ""M4_HARQ"": 0.2405, ""M3_HARJ"": 0.3444, ""M2_HAR"": 1.0}"
ES/GLOBEX/B1/1h/S-B_q0.80,10,3689063838,281,M2_HAR|M3_HARJ,M2_HAR|M3_HARJ|M4_HARQ,"{""M5_RGARCH"": 0.0, ""M6_GK"": 0.0002, ""M6_PARK"": 0.0002, ""M1_EWMA"": 0.0002, ""M4_HARQ"": 0.2348, ""M3_HARJ"": 0.3456, ""M2_HAR"": 1.0}"
ES/GLOBEX/B1/1h/S-B_q0.80,11,1498398406,281,M2_HAR|M3_HARJ,M2_HAR|M3_HARJ|M4_HARQ,"{""M5_RGARCH"": 0.0, ""M6_GK"": 0.0, ""M6_PARK"": 0.0, ""M1_EWMA"": 0.0, ""M4_HARQ"": 0.2373, ""M3_HARJ"": 0.3466, ""M2_HAR"": 1.0}"
ES/GLOBEX/B1/1h/S-B_q0.80,12,3833968697,281,M2_HAR|M3_HARJ,M2_HAR|M3_HARJ|M4_HARQ,"{""M5_RGARCH"": 0.0, ""M6_GK"": 0.0001, ""M6_PARK"": 0.0001, ""M1_EWMA"": 0.0001, ""M4_HARQ"": 0.2373, ""M3_HARJ"": 0.34, ""M2_HAR"": 1.0}"
ES/GLOBEX/B1/1h/S-B_q0.80,13,630741820,281,M2_HAR|M3_HARJ,M2_HAR|M3_HARJ|M4_HARQ,"{""M5_RGARCH"": 0.0, ""M6_GK"": 0.0, ""M6_PARK"": 0.0, ""M1_EWMA"": 0.0, ""M4_HARQ"": 0.2364, ""M3_HARJ"": 0.3495, ""M2_HAR"": 1.0}"
ES/GLOBEX/B1/1h/S-B_q0.80,14,2401719883,281,M2_HAR|M3_HARJ,M2_HAR|M3_HARJ|M4_HARQ,"{""M5_RGARCH"": 0.0, ""M6_GK"": 0.0, ""M6_PARK"": 0.0, ""M1_EWMA"": 0.0, ""M4_HARQ"": 0.2421, ""M3_HARJ"": 0.3422, ""M2_HAR"": 1.0}"
ES/GLOBEX/B1/1h/S-B_q0.80,15,3662131630,281,M2_HAR|M3_HARJ,M2_HAR|M3_HARJ|M4_HARQ,"{""M5_RGARCH"": 0.0, ""M6_GK"": 0.0001, ""M6_PARK"": 0.0001, ""M1_EWMA"": 0.0001, ""M4_HARQ"": 0.2355, ""M3_HARJ"": 0.3576, ""M2_HAR"": 1.0}"
ES/GLOBEX/B1/1h/S-B_q0.80,16,303417529,281,M2_HAR|M3_HARJ,M2_HAR|M3_HARJ|M4_HARQ,"{""M5_RGARCH"": 0.0, ""M6_GK"": 0.0, ""M6_PARK"": 0.0, ""M1_EWMA"": 0.0, ""M4_HARQ"": 0.2366, ""M3_HARJ"": 0.3414, ""M2_HAR"": 1.0}"
ES/GLOBEX/B1/1h/S-B_q0.80,17,4155647398,281,M2_HAR|M3_HARJ,M2_HAR|M3_HARJ|M4_HARQ,"{""M5_RGARCH"": 0.0, ""M6_GK"": 0.0, ""M6_PARK"": 0.0, ""M1_EWMA"": 0.0, ""M4_HARQ"": 0.2294, ""M3_HARJ"": 0.3408, ""M2_HAR"": 1.0}"
ES/GLOBEX/B1/1h/S-B_q0.80,18,2620441196,281,M2_HAR|M3_HARJ,M2_HAR|M3_HARJ|M4_HARQ,"{""M5_RGARCH"": 0.0, ""M6_GK"": 0.0, ""M6_PARK"": 0.0, ""M1_EWMA"": 0.0, ""M4_HARQ"": 0.24, ""M3_HARJ"": 0.3484, ""M2_HAR"": 1.0}"
ES/GLOBEX/B1/1h/S-B_q0.80,19,4201311651,281,M2_HAR|M3_HARJ,M2_HAR|M3_HARJ|M4_HARQ,"{""M5_RGARCH"": 0.0, ""M6_GK"": 0.0, ""M6_PARK"": 0.0, ""M1_EWMA"": 0.0, ""M4_HARQ"": 0.2409, ""M3_HARJ"": 0.349, ""M2_HAR"": 1.0}"
ES/GLOBEX/B1/1h/S-B_q0.90,0,2237533746,141,M2_HAR|M3_HARJ|M4_HARQ,M2_HAR|M3_HARJ|M4_HARQ,"{""M5_RGARCH"": 0.0, ""M6_GK"": 0.0022, ""M1_EWMA"": 0.0022, ""M6_PARK"": 0.0145, ""M4_HARQ"": 0.3919, ""M3_HARJ"": 0.7217, ""M2_HAR"": 1.0}"
ES/GLOBEX/B1/1h/S-B_q0.90,1,702494603,141,M2_HAR|M3_HARJ|M4_HARQ,M2_HAR|M3_HARJ|M4_HARQ,"{""M5_RGARCH"": 0.0, ""M6_GK"": 0.0025, ""M1_EWMA"": 0.0025, ""M6_PARK"": 0.019, ""M4_HARQ"": 0.3996, ""M3_HARJ"": 0.728, ""M2_HAR"": 1.0}"
ES/GLOBEX/B1/1h/S-B_q0.90,2,4139393190,141,M2_HAR|M3_HARJ|M4_HARQ,M2_HAR|M3_HARJ|M4_HARQ,"{""M5_RGARCH"": 0.0, ""M6_GK"": 0.0019, ""M1_EWMA"": 0.0019, ""M6_PARK"": 0.0182, ""M4_HARQ"": 0.3987, ""M3_HARJ"": 0.7247, ""M2_HAR"": 1.0}"
ES/GLOBEX/B1/1h/S-B_q0.90,3,769717545,141,M2_HAR|M3_HARJ|M4_HARQ,M2_HAR|M3_HARJ|M4_HARQ,"{""M5_RGARCH"": 0.0, ""M6_GK"": 0.0015, ""M1_EWMA"": 0.0015, ""M6_PARK"": 0.0174, ""M4_HARQ"": 0.3984, ""M3_HARJ"": 0.7257, ""M2_HAR"": 1.0}"
ES/GLOBEX/B1/1h/S-B_q0.90,4,919028315,141,M2_HAR|M3_HARJ|M4_HARQ,M2_HAR|M3_HARJ|M4_HARQ,"{""M5_RGARCH"": 0.0, ""M6_GK"": 0.0016, ""M1_EWMA"": 0.0016, ""M6_PARK"": 0.0156, ""M4_HARQ"": 0.3923, ""M3_HARJ"": 0.7183, ""M2_HAR"": 1.0}"
ES/GLOBEX/B1/1h/S-B_q0.90,5,611620464,141,M2_HAR|M3_HARJ|M4_HARQ,M2_HAR|M3_HARJ|M4_HARQ,"{""M5_RGARCH"": 0.0, ""M6_GK"": 0.0023, ""M1_EWMA"": 0.0023, ""M6_PARK"": 0.0182, ""M4_HARQ"": 0.3977, ""M3_HARJ"": 0.7253, ""M2_HAR"": 1.0}"
ES/GLOBEX/B1/1h/S-B_q0.90,6,3477480266,141,M2_HAR|M3_HARJ|M4_HARQ,M2_HAR|M3_HARJ|M4_HARQ,"{""M5_RGARCH"": 0.0, ""M6_GK"": 0.0013, ""M1_EWMA"": 0.0013, ""M6_PARK"": 0.0166, ""M4_HARQ"": 0.3967, ""M3_HARJ"": 0.7264, ""M2_HAR"": 1.0}"
ES/GLOBEX/B1/1h/S-B_q0.90,7,3198431117,141,M2_HAR|M3_HARJ|M4_HARQ,M2_HAR|M3_HARJ|M4_HARQ,"{""M5_RGARCH"": 0.0, ""M6_GK"": 0.0027, ""M1_EWMA"": 0.0027, ""M6_PARK"": 0.0177, ""M4_HARQ"": 0.3971, ""M3_HARJ"": 0.7245, ""M2_HAR"": 1.0}"
ES/GLOBEX/B1/1h/S-B_q0.90,8,2621026741,141,M2_HAR|M3_HARJ|M4_HARQ,M2_HAR|M3_HARJ|M4_HARQ,"{""M5_RGARCH"": 0.0, ""M6_GK"": 0.0017, ""M1_EWMA"": 0.0017, ""M6_PARK"": 0.0155, ""M4_HARQ"": 0.3909, ""M3_HARJ"": 0.7205, ""M2_HAR"": 1.0}"
ES/GLOBEX/B1/1h/S-B_q0.90,9,1169115867,141,M2_HAR|M3_HARJ|M4_HARQ,M2_HAR|M3_HARJ|M4_HARQ,"{""M5_RGARCH"": 0.0, ""M6_GK"": 0.0025, ""M1_EWMA"": 0.0025, ""M6_PARK"": 0.0159, ""M4_HARQ"": 0.4041, ""M3_HARJ"": 0.7272, ""M2_HAR"": 1.0}"
ES/GLOBEX/B1/1h/S-B_q0.90,10,3689063838,141,M2_HAR|M3_HARJ|M4_HARQ,M2_HAR|M3_HARJ|M4_HARQ,"{""M5_RGARCH"": 0.0, ""M6_GK"": 0.0018, ""M1_EWMA"": 0.0018, ""M6_PARK"": 0.017, ""M4_HARQ"": 0.3964, ""M3_HARJ"": 0.7267, ""M2_HAR"": 1.0}"
ES/GLOBEX/B1/1h/S-B_q0.90,11,1498398406,141,M2_HAR|M3_HARJ|M4_HARQ,M2_HAR|M3_HARJ|M4_HARQ,"{""M5_RGARCH"": 0.0, ""M6_GK"": 0.0024, ""M1_EWMA"": 0.0024, ""M6_PARK"": 0.0185, ""M4_HARQ"": 0.3998, ""M3_HARJ"": 0.7286, ""M2_HAR"": 1.0}"
ES/GLOBEX/B1/1h/S-B_q0.90,12,3833968697,141,M2_HAR|M3_HARJ|M4_HARQ,M2_HAR|M3_HARJ|M4_HARQ,"{""M5_RGARCH"": 0.0, ""M6_GK"": 0.0024, ""M1_EWMA"": 0.0024, ""M6_PARK"": 0.0181, ""M4_HARQ"": 0.4008, ""M3_HARJ"": 0.7342, ""M2_HAR"": 1.0}"
ES/GLOBEX/B1/1h/S-B_q0.90,13,630741820,141,M2_HAR|M3_HARJ|M4_HARQ,M2_HAR|M3_HARJ|M4_HARQ,"{""M5_RGARCH"": 0.0, ""M6_GK"": 0.0017, ""M1_EWMA"": 0.0017, ""M6_PARK"": 0.0182, ""M4_HARQ"": 0.3928, ""M3_HARJ"": 0.7275, ""M2_HAR"": 1.0}"
ES/GLOBEX/B1/1h/S-B_q0.90,14,2401719883,141,M2_HAR|M3_HARJ|M4_HARQ,M2_HAR|M3_HARJ|M4_HARQ,"{""M5_RGARCH"": 0.0, ""M6_GK"": 0.0016, ""M1_EWMA"": 0.0016, ""M6_PARK"": 0.017, ""M4_HARQ"": 0.4005, ""M3_HARJ"": 0.7282, ""M2_HAR"": 1.0}"
ES/GLOBEX/B1/1h/S-B_q0.90,15,3662131630,141,M2_HAR|M3_HARJ|M4_HARQ,M2_HAR|M3_HARJ|M4_HARQ,"{""M5_RGARCH"": 0.0, ""M6_GK"": 0.0021, ""M1_EWMA"": 0.0021, ""M6_PARK"": 0.0168, ""M4_HARQ"": 0.3925, ""M3_HARJ"": 0.7264, ""M2_HAR"": 1.0}"
ES/GLOBEX/B1/1h/S-B_q0.90,16,303417529,141,M2_HAR|M3_HARJ|M4_HARQ,M2_HAR|M3_HARJ|M4_HARQ,"{""M5_RGARCH"": 0.0, ""M6_GK"": 0.0012, ""M1_EWMA"": 0.0012, ""M6_PARK"": 0.0175, ""M4_HARQ"": 0.4018, ""M3_HARJ"": 0.7278, ""M2_HAR"": 1.0}"
ES/GLOBEX/B1/1h/S-B_q0.90,17,4155647398,141,M2_HAR|M3_HARJ|M4_HARQ,M2_HAR|M3_HARJ|M4_HARQ,"{""M5_RGARCH"": 0.0, ""M6_GK"": 0.0017, ""M1_EWMA"": 0.0017, ""M6_PARK"": 0.0179, ""M4_HARQ"": 0.3972, ""M3_HARJ"": 0.7278, ""M2_HAR"": 1.0}"
ES/GLOBEX/B1/1h/S-B_q0.90,18,2620441196,141,M2_HAR|M3_HARJ|M4_HARQ,M2_HAR|M3_HARJ|M4_HARQ,"{""M5_RGARCH"": 0.0, ""M6_GK"": 0.0019, ""M1_EWMA"": 0.0019, ""M6_PARK"": 0.0153, ""M4_HARQ"": 0.3902, ""M3_HARJ"": 0.7246, ""M2_HAR"": 1.0}"
ES/GLOBEX/B1/1h/S-B_q0.90,19,4201311651,141,M2_HAR|M3_HARJ|M4_HARQ,M2_HAR|M3_HARJ|M4_HARQ,"{""M5_RGARCH"": 0.0, ""M6_GK"": 0.0019, ""M1_EWMA"": 0.0019, ""M6_PARK"": 0.0185, ""M4_HARQ"": 0.3905, ""M3_HARJ"": 0.726, ""M2_HAR"": 1.0}"
ES/GLOBEX/B1/1h/S-C_q0.80,0,2237533746,281,M6_GK,M6_GK,"{""M1_EWMA"": 0.0, ""M2_HAR"": 0.0, ""M3_HARJ"": 0.0, ""M4_HARQ"": 0.0, ""M5_RGARCH"": 0.0, ""M6_PARK"": 0.0, ""M6_GK"": 1.0}"
ES/GLOBEX/B1/1h/S-C_q0.80,1,702494603,281,M6_GK,M6_GK,"{""M1_EWMA"": 0.0, ""M2_HAR"": 0.0, ""M3_HARJ"": 0.0, ""M4_HARQ"": 0.0, ""M5_RGARCH"": 0.0, ""M6_PARK"": 0.0, ""M6_GK"": 1.0}"
ES/GLOBEX/B1/1h/S-C_q0.80,2,4139393190,281,M6_GK,M6_GK,"{""M1_EWMA"": 0.0, ""M2_HAR"": 0.0, ""M3_HARJ"": 0.0, ""M4_HARQ"": 0.0, ""M5_RGARCH"": 0.0, ""M6_PARK"": 0.0, ""M6_GK"": 1.0}"
ES/GLOBEX/B1/1h/S-C_q0.80,3,769717545,281,M6_GK,M6_GK,"{""M1_EWMA"": 0.0, ""M2_HAR"": 0.0, ""M3_HARJ"": 0.0, ""M4_HARQ"": 0.0, ""M5_RGARCH"": 0.0, ""M6_PARK"": 0.0, ""M6_GK"": 1.0}"
ES/GLOBEX/B1/1h/S-C_q0.80,4,919028315,281,M6_GK,M6_GK,"{""M1_EWMA"": 0.0, ""M2_HAR"": 0.0, ""M3_HARJ"": 0.0, ""M4_HARQ"": 0.0, ""M5_RGARCH"": 0.0, ""M6_PARK"": 0.0, ""M6_GK"": 1.0}"
ES/GLOBEX/B1/1h/S-C_q0.80,5,611620464,281,M6_GK,M6_GK,"{""M1_EWMA"": 0.0, ""M2_HAR"": 0.0, ""M3_HARJ"": 0.0, ""M4_HARQ"": 0.0, ""M5_RGARCH"": 0.0, ""M6_PARK"": 0.0, ""M6_GK"": 1.0}"
ES/GLOBEX/B1/1h/S-C_q0.80,6,3477480266,281,M6_GK,M6_GK,"{""M1_EWMA"": 0.0, ""M2_HAR"": 0.0, ""M3_HARJ"": 0.0, ""M4_HARQ"": 0.0, ""M5_RGARCH"": 0.0, ""M6_PARK"": 0.0, ""M6_GK"": 1.0}"
ES/GLOBEX/B1/1h/S-C_q0.80,7,3198431117,281,M6_GK,M6_GK,"{""M1_EWMA"": 0.0, ""M2_HAR"": 0.0, ""M3_HARJ"": 0.0, ""M4_HARQ"": 0.0, ""M5_RGARCH"": 0.0, ""M6_PARK"": 0.0, ""M6_GK"": 1.0}"
ES/GLOBEX/B1/1h/S-C_q0.80,8,2621026741,281,M6_GK,M6_GK,"{""M1_EWMA"": 0.0, ""M2_HAR"": 0.0, ""M3_HARJ"": 0.0, ""M4_HARQ"": 0.0, ""M5_RGARCH"": 0.0, ""M6_PARK"": 0.0, ""M6_GK"": 1.0}"
ES/GLOBEX/B1/1h/S-C_q0.80,9,1169115867,281,M6_GK,M6_GK,"{""M1_EWMA"": 0.0, ""M2_HAR"": 0.0, ""M3_HARJ"": 0.0, ""M4_HARQ"": 0.0, ""M5_RGARCH"": 0.0, ""M6_PARK"": 0.0, ""M6_GK"": 1.0}"
ES/GLOBEX/B1/1h/S-C_q0.80,10,3689063838,281,M6_GK,M6_GK,"{""M1_EWMA"": 0.0, ""M2_HAR"": 0.0, ""M3_HARJ"": 0.0, ""M4_HARQ"": 0.0, ""M5_RGARCH"": 0.0, ""M6_PARK"": 0.0, ""M6_GK"": 1.0}"
ES/GLOBEX/B1/1h/S-C_q0.80,11,1498398406,281,M6_GK,M6_GK,"{""M1_EWMA"": 0.0, ""M2_HAR"": 0.0, ""M3_HARJ"": 0.0, ""M4_HARQ"": 0.0, ""M5_RGARCH"": 0.0, ""M6_PARK"": 0.0, ""M6_GK"": 1.0}"
ES/GLOBEX/B1/1h/S-C_q0.80,12,3833968697,281,M6_GK,M6_GK,"{""M1_EWMA"": 0.0, ""M2_HAR"": 0.0, ""M3_HARJ"": 0.0, ""M4_HARQ"": 0.0, ""M5_RGARCH"": 0.0, ""M6_PARK"": 0.0, ""M6_GK"": 1.0}"
ES/GLOBEX/B1/1h/S-C_q0.80,13,630741820,281,M6_GK,M6_GK,"{""M1_EWMA"": 0.0, ""M2_HAR"": 0.0, ""M3_HARJ"": 0.0, ""M4_HARQ"": 0.0, ""M5_RGARCH"": 0.0, ""M6_PARK"": 0.0, ""M6_GK"": 1.0}"
ES/GLOBEX/B1/1h/S-C_q0.80,14,2401719883,281,M6_GK,M6_GK,"{""M1_EWMA"": 0.0, ""M2_HAR"": 0.0, ""M3_HARJ"": 0.0, ""M4_HARQ"": 0.0, ""M5_RGARCH"": 0.0, ""M6_PARK"": 0.0, ""M6_GK"": 1.0}"
ES/GLOBEX/B1/1h/S-C_q0.80,15,3662131630,281,M6_GK,M6_GK,"{""M1_EWMA"": 0.0, ""M2_HAR"": 0.0, ""M3_HARJ"": 0.0, ""M4_HARQ"": 0.0, ""M5_RGARCH"": 0.0, ""M6_PARK"": 0.0, ""M6_GK"": 1.0}"
ES/GLOBEX/B1/1h/S-C_q0.80,16,303417529,281,M6_GK,M6_GK,"{""M1_EWMA"": 0.0, ""M2_HAR"": 0.0, ""M3_HARJ"": 0.0, ""M4_HARQ"": 0.0, ""M5_RGARCH"": 0.0, ""M6_PARK"": 0.0, ""M6_GK"": 1.0}"
ES/GLOBEX/B1/1h/S-C_q0.80,17,4155647398,281,M6_GK,M6_GK,"{""M1_EWMA"": 0.0, ""M2_HAR"": 0.0, ""M3_HARJ"": 0.0, ""M4_HARQ"": 0.0, ""M5_RGARCH"": 0.0, ""M6_PARK"": 0.0, ""M6_GK"": 1.0}"
ES/GLOBEX/B1/1h/S-C_q0.80,18,2620441196,281,M6_GK,M6_GK,"{""M1_EWMA"": 0.0, ""M2_HAR"": 0.0, ""M3_HARJ"": 0.0, ""M4_HARQ"": 0.0, ""M5_RGARCH"": 0.0, ""M6_PARK"": 0.0, ""M6_GK"": 1.0}"
ES/GLOBEX/B1/1h/S-C_q0.80,19,4201311651,281,M6_GK,M6_GK,"{""M1_EWMA"": 0.0, ""M2_HAR"": 0.0, ""M3_HARJ"": 0.0, ""M4_HARQ"": 0.0, ""M5_RGARCH"": 0.0, ""M6_PARK"": 0.0, ""M6_GK"": 1.0}"
ES/GLOBEX/B1/1h/S-C_q0.90,0,2237533746,141,M2_HAR|M3_HARJ|M4_HARQ,M2_HAR|M3_HARJ|M4_HARQ,"{""M5_RGARCH"": 0.0, ""M6_PARK"": 0.0001, ""M6_GK"": 0.02, ""M1_EWMA"": 0.0288, ""M2_HAR"": 0.6778, ""M4_HARQ"": 0.7056, ""M3_HARJ"": 1.0}"
ES/GLOBEX/B1/1h/S-C_q0.90,1,702494603,141,M2_HAR|M3_HARJ|M4_HARQ,M2_HAR|M3_HARJ|M4_HARQ,"{""M5_RGARCH"": 0.0, ""M6_PARK"": 0.0, ""M6_GK"": 0.0219, ""M1_EWMA"": 0.0301, ""M2_HAR"": 0.6723, ""M4_HARQ"": 0.7132, ""M3_HARJ"": 1.0}"
ES/GLOBEX/B1/1h/S-C_q0.90,2,4139393190,141,M2_HAR|M3_HARJ|M4_HARQ,M2_HAR|M3_HARJ|M4_HARQ,"{""M5_RGARCH"": 0.0, ""M6_PARK"": 0.0, ""M6_GK"": 0.0188, ""M1_EWMA"": 0.0263, ""M2_HAR"": 0.6725, ""M4_HARQ"": 0.7076, ""M3_HARJ"": 1.0}"
ES/GLOBEX/B1/1h/S-C_q0.90,3,769717545,141,M2_HAR|M3_HARJ|M4_HARQ,M2_HAR|M3_HARJ|M4_HARQ,"{""M5_RGARCH"": 0.0, ""M6_PARK"": 0.0, ""M6_GK"": 0.0231, ""M1_EWMA"": 0.028, ""M2_HAR"": 0.6622, ""M4_HARQ"": 0.7037, ""M3_HARJ"": 1.0}"
ES/GLOBEX/B1/1h/S-C_q0.90,4,919028315,141,M2_HAR|M3_HARJ|M4_HARQ,M2_HAR|M3_HARJ|M4_HARQ,"{""M5_RGARCH"": 0.0, ""M6_PARK"": 0.0001, ""M6_GK"": 0.0186, ""M1_EWMA"": 0.0281, ""M2_HAR"": 0.6592, ""M4_HARQ"": 0.703, ""M3_HARJ"": 1.0}"
ES/GLOBEX/B1/1h/S-C_q0.90,5,611620464,141,M2_HAR|M3_HARJ|M4_HARQ,M2_HAR|M3_HARJ|M4_HARQ,"{""M5_RGARCH"": 0.0, ""M6_PARK"": 0.0, ""M6_GK"": 0.0186, ""M1_EWMA"": 0.0312, ""M2_HAR"": 0.6849, ""M4_HARQ"": 0.7172, ""M3_HARJ"": 1.0}"
ES/GLOBEX/B1/1h/S-C_q0.90,6,3477480266,141,M2_HAR|M3_HARJ|M4_HARQ,M2_HAR|M3_HARJ|M4_HARQ,"{""M5_RGARCH"": 0.0, ""M6_PARK"": 0.0, ""M6_GK"": 0.0199, ""M1_EWMA"": 0.0298, ""M2_HAR"": 0.669, ""M4_HARQ"": 0.7, ""M3_HARJ"": 1.0}"
ES/GLOBEX/B1/1h/S-C_q0.90,7,3198431117,141,M2_HAR|M3_HARJ|M4_HARQ,M2_HAR|M3_HARJ|M4_HARQ,"{""M5_RGARCH"": 0.0, ""M6_PARK"": 0.0, ""M6_GK"": 0.0197, ""M1_EWMA"": 0.0249, ""M2_HAR"": 0.6665, ""M4_HARQ"": 0.7088, ""M3_HARJ"": 1.0}"
ES/GLOBEX/B1/1h/S-C_q0.90,8,2621026741,141,M2_HAR|M3_HARJ|M4_HARQ,M2_HAR|M3_HARJ|M4_HARQ,"{""M5_RGARCH"": 0.0, ""M6_PARK"": 0.0, ""M6_GK"": 0.0202, ""M1_EWMA"": 0.0318, ""M2_HAR"": 0.6759, ""M4_HARQ"": 0.7074, ""M3_HARJ"": 1.0}"
ES/GLOBEX/B1/1h/S-C_q0.90,9,1169115867,141,M2_HAR|M3_HARJ|M4_HARQ,M2_HAR|M3_HARJ|M4_HARQ,"{""M5_RGARCH"": 0.0, ""M6_PARK"": 0.0, ""M6_GK"": 0.0196, ""M1_EWMA"": 0.0316, ""M2_HAR"": 0.6687, ""M4_HARQ"": 0.7051, ""M3_HARJ"": 1.0}"
ES/GLOBEX/B1/1h/S-C_q0.90,10,3689063838,141,M2_HAR|M3_HARJ|M4_HARQ,M2_HAR|M3_HARJ|M4_HARQ,"{""M5_RGARCH"": 0.0, ""M6_PARK"": 0.0, ""M6_GK"": 0.0189, ""M1_EWMA"": 0.0245, ""M2_HAR"": 0.668, ""M4_HARQ"": 0.7104, ""M3_HARJ"": 1.0}"
ES/GLOBEX/B1/1h/S-C_q0.90,11,1498398406,141,M2_HAR|M3_HARJ|M4_HARQ,M2_HAR|M3_HARJ|M4_HARQ,"{""M5_RGARCH"": 0.0, ""M6_PARK"": 0.0001, ""M6_GK"": 0.0216, ""M1_EWMA"": 0.0263, ""M2_HAR"": 0.6652, ""M4_HARQ"": 0.7092, ""M3_HARJ"": 1.0}"
ES/GLOBEX/B1/1h/S-C_q0.90,12,3833968697,141,M2_HAR|M3_HARJ|M4_HARQ,M2_HAR|M3_HARJ|M4_HARQ,"{""M5_RGARCH"": 0.0, ""M6_PARK"": 0.0, ""M6_GK"": 0.0176, ""M1_EWMA"": 0.0292, ""M2_HAR"": 0.6715, ""M4_HARQ"": 0.7115, ""M3_HARJ"": 1.0}"
ES/GLOBEX/B1/1h/S-C_q0.90,13,630741820,141,M2_HAR|M3_HARJ|M4_HARQ,M2_HAR|M3_HARJ|M4_HARQ,"{""M5_RGARCH"": 0.0, ""M6_PARK"": 0.0, ""M6_GK"": 0.0219, ""M1_EWMA"": 0.0276, ""M2_HAR"": 0.6699, ""M4_HARQ"": 0.7087, ""M3_HARJ"": 1.0}"
ES/GLOBEX/B1/1h/S-C_q0.90,14,2401719883,141,M2_HAR|M3_HARJ|M4_HARQ,M2_HAR|M3_HARJ|M4_HARQ,"{""M5_RGARCH"": 0.0, ""M6_PARK"": 0.0, ""M6_GK"": 0.0206, ""M1_EWMA"": 0.0275, ""M2_HAR"": 0.6657, ""M4_HARQ"": 0.711, ""M3_HARJ"": 1.0}"
ES/GLOBEX/B1/1h/S-C_q0.90,15,3662131630,141,M2_HAR|M3_HARJ|M4_HARQ,M2_HAR|M3_HARJ|M4_HARQ,"{""M5_RGARCH"": 0.0, ""M6_PARK"": 0.0, ""M6_GK"": 0.0211, ""M1_EWMA"": 0.0304, ""M2_HAR"": 0.6669, ""M4_HARQ"": 0.7086, ""M3_HARJ"": 1.0}"
ES/GLOBEX/B1/1h/S-C_q0.90,16,303417529,141,M2_HAR|M3_HARJ|M4_HARQ,M2_HAR|M3_HARJ|M4_HARQ,"{""M5_RGARCH"": 0.0, ""M6_PARK"": 0.0, ""M6_GK"": 0.0183, ""M1_EWMA"": 0.0323, ""M2_HAR"": 0.6721, ""M4_HARQ"": 0.7168, ""M3_HARJ"": 1.0}"
ES/GLOBEX/B1/1h/S-C_q0.90,17,4155647398,141,M2_HAR|M3_HARJ|M4_HARQ,M2_HAR|M3_HARJ|M4_HARQ,"{""M5_RGARCH"": 0.0, ""M6_PARK"": 0.0, ""M6_GK"": 0.021, ""M1_EWMA"": 0.0283, ""M2_HAR"": 0.663, ""M4_HARQ"": 0.7112, ""M3_HARJ"": 1.0}"
ES/GLOBEX/B1/1h/S-C_q0.90,18,2620441196,141,M2_HAR|M3_HARJ|M4_HARQ,M2_HAR|M3_HARJ|M4_HARQ,"{""M5_RGARCH"": 0.0, ""M6_PARK"": 0.0, ""M6_GK"": 0.0169, ""M1_EWMA"": 0.0259, ""M2_HAR"": 0.6682, ""M4_HARQ"": 0.7152, ""M3_HARJ"": 1.0}"
ES/GLOBEX/B1/1h/S-C_q0.90,19,4201311651,141,M2_HAR|M3_HARJ|M4_HARQ,M2_HAR|M3_HARJ|M4_HARQ,"{""M5_RGARCH"": 0.0, ""M6_PARK"": 0.0, ""M6_GK"": 0.0192, ""M1_EWMA"": 0.0267, ""M2_HAR"": 0.6734, ""M4_HARQ"": 0.7195, ""M3_HARJ"": 1.0}"
ES/GLOBEX/B1/30min/S-B_q0.80,0,2237533746,15908,M6_GK,M6_GK,"{""M1_EWMA"": 0.0, ""M2_HAR"": 0.0, ""M3_HARJ"": 0.0, ""M4_HARQ"": 0.0, ""M5_RGARCH"": 0.0, ""M6_PARK"": 0.0, ""M6_GK"": 1.0}"
ES/GLOBEX/B1/30min/S-B_q0.80,1,702494603,15908,M6_GK,M6_GK,"{""M1_EWMA"": 0.0, ""M2_HAR"": 0.0, ""M3_HARJ"": 0.0, ""M4_HARQ"": 0.0, ""M5_RGARCH"": 0.0, ""M6_PARK"": 0.0, ""M6_GK"": 1.0}"
ES/GLOBEX/B1/30min/S-B_q0.80,2,4139393190,15908,M6_GK,M6_GK,"{""M1_EWMA"": 0.0, ""M2_HAR"": 0.0, ""M3_HARJ"": 0.0, ""M4_HARQ"": 0.0, ""M5_RGARCH"": 0.0, ""M6_PARK"": 0.0, ""M6_GK"": 1.0}"
ES/GLOBEX/B1/30min/S-B_q0.80,3,769717545,15908,M6_GK,M6_GK,"{""M1_EWMA"": 0.0, ""M2_HAR"": 0.0, ""M3_HARJ"": 0.0, ""M4_HARQ"": 0.0, ""M5_RGARCH"": 0.0, ""M6_PARK"": 0.0, ""M6_GK"": 1.0}"
ES/GLOBEX/B1/30min/S-B_q0.80,4,919028315,15908,M6_GK,M6_GK,"{""M1_EWMA"": 0.0, ""M2_HAR"": 0.0, ""M3_HARJ"": 0.0, ""M4_HARQ"": 0.0, ""M5_RGARCH"": 0.0, ""M6_PARK"": 0.0, ""M6_GK"": 1.0}"
ES/GLOBEX/B1/30min/S-B_q0.80,5,611620464,15908,M6_GK,M6_GK,"{""M1_EWMA"": 0.0, ""M2_HAR"": 0.0, ""M3_HARJ"": 0.0, ""M4_HARQ"": 0.0, ""M5_RGARCH"": 0.0, ""M6_PARK"": 0.0, ""M6_GK"": 1.0}"
ES/GLOBEX/B1/30min/S-B_q0.80,6,3477480266,15908,M6_GK,M6_GK,"{""M1_EWMA"": 0.0, ""M2_HAR"": 0.0, ""M3_HARJ"": 0.0, ""M4_HARQ"": 0.0, ""M5_RGARCH"": 0.0, ""M6_PARK"": 0.0, ""M6_GK"": 1.0}"
ES/GLOBEX/B1/30min/S-B_q0.80,7,3198431117,15908,M6_GK,M6_GK,"{""M1_EWMA"": 0.0, ""M2_HAR"": 0.0, ""M3_HARJ"": 0.0, ""M4_HARQ"": 0.0, ""M5_RGARCH"": 0.0, ""M6_PARK"": 0.0, ""M6_GK"": 1.0}"
ES/GLOBEX/B1/30min/S-B_q0.80,8,2621026741,15908,M6_GK,M6_GK,"{""M1_EWMA"": 0.0, ""M2_HAR"": 0.0, ""M3_HARJ"": 0.0, ""M4_HARQ"": 0.0, ""M5_RGARCH"": 0.0, ""M6_PARK"": 0.0, ""M6_GK"": 1.0}"
ES/GLOBEX/B1/30min/S-B_q0.80,9,1169115867,15908,M6_GK,M6_GK,"{""M1_EWMA"": 0.0, ""M2_HAR"": 0.0, ""M3_HARJ"": 0.0, ""M4_HARQ"": 0.0, ""M5_RGARCH"": 0.0, ""M6_PARK"": 0.0, ""M6_GK"": 1.0}"
ES/GLOBEX/B1/30min/S-B_q0.80,10,3689063838,15908,M6_GK,M6_GK,"{""M1_EWMA"": 0.0, ""M2_HAR"": 0.0, ""M3_HARJ"": 0.0, ""M4_HARQ"": 0.0, ""M5_RGARCH"": 0.0, ""M6_PARK"": 0.0, ""M6_GK"": 1.0}"
ES/GLOBEX/B1/30min/S-B_q0.80,11,1498398406,15908,M6_GK,M6_GK,"{""M1_EWMA"": 0.0, ""M2_HAR"": 0.0, ""M3_HARJ"": 0.0, ""M4_HARQ"": 0.0, ""M5_RGARCH"": 0.0, ""M6_PARK"": 0.0, ""M6_GK"": 1.0}"
ES/GLOBEX/B1/30min/S-B_q0.80,12,3833968697,15908,M6_GK,M6_GK,"{""M1_EWMA"": 0.0, ""M2_HAR"": 0.0, ""M3_HARJ"": 0.0, ""M4_HARQ"": 0.0, ""M5_RGARCH"": 0.0, ""M6_PARK"": 0.0, ""M6_GK"": 1.0}"
ES/GLOBEX/B1/30min/S-B_q0.80,13,630741820,15908,M6_GK,M6_GK,"{""M1_EWMA"": 0.0, ""M2_HAR"": 0.0, ""M3_HARJ"": 0.0, ""M4_HARQ"": 0.0, ""M5_RGARCH"": 0.0, ""M6_PARK"": 0.0, ""M6_GK"": 1.0}"
ES/GLOBEX/B1/30min/S-B_q0.80,14,2401719883,15908,M6_GK,M6_GK,"{""M1_EWMA"": 0.0, ""M2_HAR"": 0.0, ""M3_HARJ"": 0.0, ""M4_HARQ"": 0.0, ""M5_RGARCH"": 0.0, ""M6_PARK"": 0.0, ""M6_GK"": 1.0}"
ES/GLOBEX/B1/30min/S-B_q0.80,15,3662131630,15908,M6_GK,M6_GK,"{""M1_EWMA"": 0.0, ""M2_HAR"": 0.0, ""M3_HARJ"": 0.0, ""M4_HARQ"": 0.0, ""M5_RGARCH"": 0.0, ""M6_PARK"": 0.0, ""M6_GK"": 1.0}"
ES/GLOBEX/B1/30min/S-B_q0.80,16,303417529,15908,M6_GK,M6_GK,"{""M1_EWMA"": 0.0, ""M2_HAR"": 0.0, ""M3_HARJ"": 0.0, ""M4_HARQ"": 0.0, ""M5_RGARCH"": 0.0, ""M6_PARK"": 0.0, ""M6_GK"": 1.0}"
ES/GLOBEX/B1/30min/S-B_q0.80,17,4155647398,15908,M6_GK,M6_GK,"{""M1_EWMA"": 0.0, ""M2_HAR"": 0.0, ""M3_HARJ"": 0.0, ""M4_HARQ"": 0.0, ""M5_RGARCH"": 0.0, ""M6_PARK"": 0.0, ""M6_GK"": 1.0}"
ES/GLOBEX/B1/30min/S-B_q0.80,18,2620441196,15908,M6_GK,M6_GK,"{""M1_EWMA"": 0.0, ""M2_HAR"": 0.0, ""M3_HARJ"": 0.0, ""M4_HARQ"": 0.0, ""M5_RGARCH"": 0.0, ""M6_PARK"": 0.0, ""M6_GK"": 1.0}"
ES/GLOBEX/B1/30min/S-B_q0.80,19,4201311651,15908,M6_GK,M6_GK,"{""M1_EWMA"": 0.0, ""M2_HAR"": 0.0, ""M3_HARJ"": 0.0, ""M4_HARQ"": 0.0, ""M5_RGARCH"": 0.0, ""M6_PARK"": 0.0, ""M6_GK"": 1.0}"
ES/GLOBEX/B1/30min/S-B_q0.90,0,2237533746,7954,M6_GK,M6_GK,"{""M1_EWMA"": 0.0, ""M2_HAR"": 0.0, ""M3_HARJ"": 0.0, ""M4_HARQ"": 0.0, ""M5_RGARCH"": 0.0, ""M6_PARK"": 0.0, ""M6_GK"": 1.0}"
ES/GLOBEX/B1/30min/S-B_q0.90,1,702494603,7954,M6_GK,M6_GK,"{""M1_EWMA"": 0.0, ""M2_HAR"": 0.0, ""M3_HARJ"": 0.0, ""M4_HARQ"": 0.0, ""M5_RGARCH"": 0.0, ""M6_PARK"": 0.0, ""M6_GK"": 1.0}"
ES/GLOBEX/B1/30min/S-B_q0.90,2,4139393190,7954,M6_GK,M6_GK,"{""M1_EWMA"": 0.0, ""M2_HAR"": 0.0, ""M3_HARJ"": 0.0, ""M4_HARQ"": 0.0, ""M5_RGARCH"": 0.0, ""M6_PARK"": 0.0, ""M6_GK"": 1.0}"
ES/GLOBEX/B1/30min/S-B_q0.90,3,769717545,7954,M6_GK,M6_GK,"{""M1_EWMA"": 0.0, ""M2_HAR"": 0.0, ""M3_HARJ"": 0.0, ""M4_HARQ"": 0.0, ""M5_RGARCH"": 0.0, ""M6_PARK"": 0.0, ""M6_GK"": 1.0}"
ES/GLOBEX/B1/30min/S-B_q0.90,4,919028315,7954,M6_GK,M6_GK,"{""M1_EWMA"": 0.0, ""M2_HAR"": 0.0, ""M3_HARJ"": 0.0, ""M4_HARQ"": 0.0, ""M5_RGARCH"": 0.0, ""M6_PARK"": 0.0, ""M6_GK"": 1.0}"
ES/GLOBEX/B1/30min/S-B_q0.90,5,611620464,7954,M6_GK,M6_GK,"{""M1_EWMA"": 0.0, ""M2_HAR"": 0.0, ""M3_HARJ"": 0.0, ""M4_HARQ"": 0.0, ""M5_RGARCH"": 0.0, ""M6_PARK"": 0.0, ""M6_GK"": 1.0}"
ES/GLOBEX/B1/30min/S-B_q0.90,6,3477480266,7954,M6_GK,M6_GK,"{""M1_EWMA"": 0.0, ""M2_HAR"": 0.0, ""M3_HARJ"": 0.0, ""M4_HARQ"": 0.0, ""M5_RGARCH"": 0.0, ""M6_PARK"": 0.0, ""M6_GK"": 1.0}"
ES/GLOBEX/B1/30min/S-B_q0.90,7,3198431117,7954,M6_GK,M6_GK,"{""M1_EWMA"": 0.0, ""M2_HAR"": 0.0, ""M3_HARJ"": 0.0, ""M4_HARQ"": 0.0, ""M5_RGARCH"": 0.0, ""M6_PARK"": 0.0, ""M6_GK"": 1.0}"
ES/GLOBEX/B1/30min/S-B_q0.90,8,2621026741,7954,M6_GK,M6_GK,"{""M1_EWMA"": 0.0, ""M2_HAR"": 0.0, ""M3_HARJ"": 0.0, ""M4_HARQ"": 0.0, ""M5_RGARCH"": 0.0, ""M6_PARK"": 0.0, ""M6_GK"": 1.0}"
ES/GLOBEX/B1/30min/S-B_q0.90,9,1169115867,7954,M6_GK,M6_GK,"{""M1_EWMA"": 0.0, ""M2_HAR"": 0.0, ""M3_HARJ"": 0.0, ""M4_HARQ"": 0.0, ""M5_RGARCH"": 0.0, ""M6_PARK"": 0.0, ""M6_GK"": 1.0}"
ES/GLOBEX/B1/30min/S-B_q0.90,10,3689063838,7954,M6_GK,M6_GK,"{""M1_EWMA"": 0.0, ""M2_HAR"": 0.0, ""M3_HARJ"": 0.0, ""M4_HARQ"": 0.0, ""M5_RGARCH"": 0.0, ""M6_PARK"": 0.0, ""M6_GK"": 1.0}"
ES/GLOBEX/B1/30min/S-B_q0.90,11,1498398406,7954,M6_GK,M6_GK,"{""M1_EWMA"": 0.0, ""M2_HAR"": 0.0, ""M3_HARJ"": 0.0, ""M4_HARQ"": 0.0, ""M5_RGARCH"": 0.0, ""M6_PARK"": 0.0, ""M6_GK"": 1.0}"
ES/GLOBEX/B1/30min/S-B_q0.90,12,3833968697,7954,M6_GK,M6_GK,"{""M1_EWMA"": 0.0, ""M2_HAR"": 0.0, ""M3_HARJ"": 0.0, ""M4_HARQ"": 0.0, ""M5_RGARCH"": 0.0, ""M6_PARK"": 0.0, ""M6_GK"": 1.0}"
ES/GLOBEX/B1/30min/S-B_q0.90,13,630741820,7954,M6_GK,M6_GK,"{""M1_EWMA"": 0.0, ""M2_HAR"": 0.0, ""M3_HARJ"": 0.0, ""M4_HARQ"": 0.0, ""M5_RGARCH"": 0.0, ""M6_PARK"": 0.0, ""M6_GK"": 1.0}"
ES/GLOBEX/B1/30min/S-B_q0.90,14,2401719883,7954,M6_GK,M6_GK,"{""M1_EWMA"": 0.0, ""M2_HAR"": 0.0, ""M3_HARJ"": 0.0, ""M4_HARQ"": 0.0, ""M5_RGARCH"": 0.0, ""M6_PARK"": 0.0, ""M6_GK"": 1.0}"
ES/GLOBEX/B1/30min/S-B_q0.90,15,3662131630,7954,M6_GK,M6_GK,"{""M1_EWMA"": 0.0, ""M2_HAR"": 0.0, ""M3_HARJ"": 0.0, ""M4_HARQ"": 0.0, ""M5_RGARCH"": 0.0, ""M6_PARK"": 0.0, ""M6_GK"": 1.0}"
ES/GLOBEX/B1/30min/S-B_q0.90,16,303417529,7954,M6_GK,M6_GK,"{""M1_EWMA"": 0.0, ""M2_HAR"": 0.0, ""M3_HARJ"": 0.0, ""M4_HARQ"": 0.0, ""M5_RGARCH"": 0.0, ""M6_PARK"": 0.0, ""M6_GK"": 1.0}"
ES/GLOBEX/B1/30min/S-B_q0.90,17,4155647398,7954,M6_GK,M6_GK,"{""M1_EWMA"": 0.0, ""M2_HAR"": 0.0, ""M3_HARJ"": 0.0, ""M4_HARQ"": 0.0, ""M5_RGARCH"": 0.0, ""M6_PARK"": 0.0, ""M6_GK"": 1.0}"
ES/GLOBEX/B1/30min/S-B_q0.90,18,2620441196,7954,M6_GK,M6_GK,"{""M1_EWMA"": 0.0, ""M2_HAR"": 0.0, ""M3_HARJ"": 0.0, ""M4_HARQ"": 0.0, ""M5_RGARCH"": 0.0, ""M6_PARK"": 0.0, ""M6_GK"": 1.0}"
ES/GLOBEX/B1/30min/S-B_q0.90,19,4201311651,7954,M6_GK,M6_GK,"{""M1_EWMA"": 0.0, ""M2_HAR"": 0.0, ""M3_HARJ"": 0.0, ""M4_HARQ"": 0.0, ""M5_RGARCH"": 0.0, ""M6_PARK"": 0.0, ""M6_GK"": 1.0}"
ES/GLOBEX/B1/30min/S-C_q0.80,0,2237533746,15908,M6_GK,M6_GK,"{""M1_EWMA"": 0.0, ""M2_HAR"": 0.0, ""M3_HARJ"": 0.0, ""M4_HARQ"": 0.0, ""M5_RGARCH"": 0.0, ""M6_PARK"": 0.0, ""M6_GK"": 1.0}"
ES/GLOBEX/B1/30min/S-C_q0.80,1,702494603,15908,M6_GK,M6_GK,"{""M1_EWMA"": 0.0, ""M2_HAR"": 0.0, ""M3_HARJ"": 0.0, ""M4_HARQ"": 0.0, ""M5_RGARCH"": 0.0, ""M6_PARK"": 0.0, ""M6_GK"": 1.0}"
ES/GLOBEX/B1/30min/S-C_q0.80,2,4139393190,15908,M6_GK,M6_GK,"{""M1_EWMA"": 0.0, ""M2_HAR"": 0.0, ""M3_HARJ"": 0.0, ""M4_HARQ"": 0.0, ""M5_RGARCH"": 0.0, ""M6_PARK"": 0.0, ""M6_GK"": 1.0}"
ES/GLOBEX/B1/30min/S-C_q0.80,3,769717545,15908,M6_GK,M6_GK,"{""M1_EWMA"": 0.0, ""M2_HAR"": 0.0, ""M3_HARJ"": 0.0, ""M4_HARQ"": 0.0, ""M5_RGARCH"": 0.0, ""M6_PARK"": 0.0, ""M6_GK"": 1.0}"
ES/GLOBEX/B1/30min/S-C_q0.80,4,919028315,15908,M6_GK,M6_GK,"{""M1_EWMA"": 0.0, ""M2_HAR"": 0.0, ""M3_HARJ"": 0.0, ""M4_HARQ"": 0.0, ""M5_RGARCH"": 0.0, ""M6_PARK"": 0.0, ""M6_GK"": 1.0}"
ES/GLOBEX/B1/30min/S-C_q0.80,5,611620464,15908,M6_GK,M6_GK,"{""M1_EWMA"": 0.0, ""M2_HAR"": 0.0, ""M3_HARJ"": 0.0, ""M4_HARQ"": 0.0, ""M5_RGARCH"": 0.0, ""M6_PARK"": 0.0, ""M6_GK"": 1.0}"
ES/GLOBEX/B1/30min/S-C_q0.80,6,3477480266,15908,M6_GK,M6_GK,"{""M1_EWMA"": 0.0, ""M2_HAR"": 0.0, ""M3_HARJ"": 0.0, ""M4_HARQ"": 0.0, ""M5_RGARCH"": 0.0, ""M6_PARK"": 0.0, ""M6_GK"": 1.0}"
ES/GLOBEX/B1/30min/S-C_q0.80,7,3198431117,15908,M6_GK,M6_GK,"{""M1_EWMA"": 0.0, ""M2_HAR"": 0.0, ""M3_HARJ"": 0.0, ""M4_HARQ"": 0.0, ""M5_RGARCH"": 0.0, ""M6_PARK"": 0.0, ""M6_GK"": 1.0}"
ES/GLOBEX/B1/30min/S-C_q0.80,8,2621026741,15908,M6_GK,M6_GK,"{""M1_EWMA"": 0.0, ""M2_HAR"": 0.0, ""M3_HARJ"": 0.0, ""M4_HARQ"": 0.0, ""M5_RGARCH"": 0.0, ""M6_PARK"": 0.0, ""M6_GK"": 1.0}"
ES/GLOBEX/B1/30min/S-C_q0.80,9,1169115867,15908,M6_GK,M6_GK,"{""M1_EWMA"": 0.0, ""M2_HAR"": 0.0, ""M3_HARJ"": 0.0, ""M4_HARQ"": 0.0, ""M5_RGARCH"": 0.0, ""M6_PARK"": 0.0, ""M6_GK"": 1.0}"
ES/GLOBEX/B1/30min/S-C_q0.80,10,3689063838,15908,M6_GK,M6_GK,"{""M1_EWMA"": 0.0, ""M2_HAR"": 0.0, ""M3_HARJ"": 0.0, ""M4_HARQ"": 0.0, ""M5_RGARCH"": 0.0, ""M6_PARK"": 0.0, ""M6_GK"": 1.0}"
ES/GLOBEX/B1/30min/S-C_q0.80,11,1498398406,15908,M6_GK,M6_GK,"{""M1_EWMA"": 0.0, ""M2_HAR"": 0.0, ""M3_HARJ"": 0.0, ""M4_HARQ"": 0.0, ""M5_RGARCH"": 0.0, ""M6_PARK"": 0.0, ""M6_GK"": 1.0}"
ES/GLOBEX/B1/30min/S-C_q0.80,12,3833968697,15908,M6_GK,M6_GK,"{""M1_EWMA"": 0.0, ""M2_HAR"": 0.0, ""M3_HARJ"": 0.0, ""M4_HARQ"": 0.0, ""M5_RGARCH"": 0.0, ""M6_PARK"": 0.0, ""M6_GK"": 1.0}"
ES/GLOBEX/B1/30min/S-C_q0.80,13,630741820,15908,M6_GK,M6_GK,"{""M1_EWMA"": 0.0, ""M2_HAR"": 0.0, ""M3_HARJ"": 0.0, ""M4_HARQ"": 0.0, ""M5_RGARCH"": 0.0, ""M6_PARK"": 0.0, ""M6_GK"": 1.0}"
ES/GLOBEX/B1/30min/S-C_q0.80,14,2401719883,15908,M6_GK,M6_GK,"{""M1_EWMA"": 0.0, ""M2_HAR"": 0.0, ""M3_HARJ"": 0.0, ""M4_HARQ"": 0.0, ""M5_RGARCH"": 0.0, ""M6_PARK"": 0.0, ""M6_GK"": 1.0}"
ES/GLOBEX/B1/30min/S-C_q0.80,15,3662131630,15908,M6_GK,M6_GK,"{""M1_EWMA"": 0.0, ""M2_HAR"": 0.0, ""M3_HARJ"": 0.0, ""M4_HARQ"": 0.0, ""M5_RGARCH"": 0.0, ""M6_PARK"": 0.0, ""M6_GK"": 1.0}"
ES/GLOBEX/B1/30min/S-C_q0.80,16,303417529,15908,M6_GK,M6_GK,"{""M1_EWMA"": 0.0, ""M2_HAR"": 0.0, ""M3_HARJ"": 0.0, ""M4_HARQ"": 0.0, ""M5_RGARCH"": 0.0, ""M6_PARK"": 0.0, ""M6_GK"": 1.0}"
ES/GLOBEX/B1/30min/S-C_q0.80,17,4155647398,15908,M6_GK,M6_GK,"{""M1_EWMA"": 0.0, ""M2_HAR"": 0.0, ""M3_HARJ"": 0.0, ""M4_HARQ"": 0.0, ""M5_RGARCH"": 0.0, ""M6_PARK"": 0.0, ""M6_GK"": 1.0}"
ES/GLOBEX/B1/30min/S-C_q0.80,18,2620441196,15908,M6_GK,M6_GK,"{""M1_EWMA"": 0.0, ""M2_HAR"": 0.0, ""M3_HARJ"": 0.0, ""M4_HARQ"": 0.0, ""M5_RGARCH"": 0.0, ""M6_PARK"": 0.0, ""M6_GK"": 1.0}"
ES/GLOBEX/B1/30min/S-C_q0.80,19,4201311651,15908,M6_GK,M6_GK,"{""M1_EWMA"": 0.0, ""M2_HAR"": 0.0, ""M3_HARJ"": 0.0, ""M4_HARQ"": 0.0, ""M5_RGARCH"": 0.0, ""M6_PARK"": 0.0, ""M6_GK"": 1.0}"
ES/GLOBEX/B1/30min/S-C_q0.90,0,2237533746,7954,M6_GK,M6_GK,"{""M1_EWMA"": 0.0, ""M2_HAR"": 0.0, ""M3_HARJ"": 0.0, ""M4_HARQ"": 0.0, ""M5_RGARCH"": 0.0, ""M6_PARK"": 0.0, ""M6_GK"": 1.0}"
ES/GLOBEX/B1/30min/S-C_q0.90,1,702494603,7954,M6_GK,M6_GK,"{""M1_EWMA"": 0.0, ""M2_HAR"": 0.0, ""M3_HARJ"": 0.0, ""M4_HARQ"": 0.0, ""M5_RGARCH"": 0.0, ""M6_PARK"": 0.0, ""M6_GK"": 1.0}"
ES/GLOBEX/B1/30min/S-C_q0.90,2,4139393190,7954,M6_GK,M6_GK,"{""M1_EWMA"": 0.0, ""M2_HAR"": 0.0, ""M3_HARJ"": 0.0, ""M4_HARQ"": 0.0, ""M5_RGARCH"": 0.0, ""M6_PARK"": 0.0, ""M6_GK"": 1.0}"
ES/GLOBEX/B1/30min/S-C_q0.90,3,769717545,7954,M6_GK,M6_GK,"{""M1_EWMA"": 0.0, ""M2_HAR"": 0.0, ""M3_HARJ"": 0.0, ""M4_HARQ"": 0.0, ""M5_RGARCH"": 0.0, ""M6_PARK"": 0.0, ""M6_GK"": 1.0}"
ES/GLOBEX/B1/30min/S-C_q0.90,4,919028315,7954,M6_GK,M6_GK,"{""M1_EWMA"": 0.0, ""M2_HAR"": 0.0, ""M3_HARJ"": 0.0, ""M4_HARQ"": 0.0, ""M5_RGARCH"": 0.0, ""M6_PARK"": 0.0, ""M6_GK"": 1.0}"
ES/GLOBEX/B1/30min/S-C_q0.90,5,611620464,7954,M6_GK,M6_GK,"{""M1_EWMA"": 0.0, ""M2_HAR"": 0.0, ""M3_HARJ"": 0.0, ""M4_HARQ"": 0.0, ""M5_RGARCH"": 0.0, ""M6_PARK"": 0.0, ""M6_GK"": 1.0}"
ES/GLOBEX/B1/30min/S-C_q0.90,6,3477480266,7954,M6_GK,M6_GK,"{""M1_EWMA"": 0.0, ""M2_HAR"": 0.0, ""M3_HARJ"": 0.0, ""M4_HARQ"": 0.0, ""M5_RGARCH"": 0.0, ""M6_PARK"": 0.0, ""M6_GK"": 1.0}"
ES/GLOBEX/B1/30min/S-C_q0.90,7,3198431117,7954,M6_GK,M6_GK,"{""M1_EWMA"": 0.0, ""M2_HAR"": 0.0, ""M3_HARJ"": 0.0, ""M4_HARQ"": 0.0, ""M5_RGARCH"": 0.0, ""M6_PARK"": 0.0, ""M6_GK"": 1.0}"
ES/GLOBEX/B1/30min/S-C_q0.90,8,2621026741,7954,M6_GK,M6_GK,"{""M1_EWMA"": 0.0, ""M2_HAR"": 0.0, ""M3_HARJ"": 0.0, ""M4_HARQ"": 0.0, ""M5_RGARCH"": 0.0, ""M6_PARK"": 0.0, ""M6_GK"": 1.0}"
ES/GLOBEX/B1/30min/S-C_q0.90,9,1169115867,7954,M6_GK,M6_GK,"{""M1_EWMA"": 0.0, ""M2_HAR"": 0.0, ""M3_HARJ"": 0.0, ""M4_HARQ"": 0.0, ""M5_RGARCH"": 0.0, ""M6_PARK"": 0.0, ""M6_GK"": 1.0}"
ES/GLOBEX/B1/30min/S-C_q0.90,10,3689063838,7954,M6_GK,M6_GK,"{""M1_EWMA"": 0.0, ""M2_HAR"": 0.0, ""M3_HARJ"": 0.0, ""M4_HARQ"": 0.0, ""M5_RGARCH"": 0.0, ""M6_PARK"": 0.0, ""M6_GK"": 1.0}"
ES/GLOBEX/B1/30min/S-C_q0.90,11,1498398406,7954,M6_GK,M6_GK,"{""M1_EWMA"": 0.0, ""M2_HAR"": 0.0, ""M3_HARJ"": 0.0, ""M4_HARQ"": 0.0, ""M5_RGARCH"": 0.0, ""M6_PARK"": 0.0, ""M6_GK"": 1.0}"
ES/GLOBEX/B1/30min/S-C_q0.90,12,3833968697,7954,M6_GK,M6_GK,"{""M1_EWMA"": 0.0, ""M2_HAR"": 0.0, ""M3_HARJ"": 0.0, ""M4_HARQ"": 0.0, ""M5_RGARCH"": 0.0, ""M6_PARK"": 0.0, ""M6_GK"": 1.0}"
ES/GLOBEX/B1/30min/S-C_q0.90,13,630741820,7954,M6_GK,M6_GK,"{""M1_EWMA"": 0.0, ""M2_HAR"": 0.0, ""M3_HARJ"": 0.0, ""M4_HARQ"": 0.0, ""M5_RGARCH"": 0.0, ""M6_PARK"": 0.0, ""M6_GK"": 1.0}"
ES/GLOBEX/B1/30min/S-C_q0.90,14,2401719883,7954,M6_GK,M6_GK,"{""M1_EWMA"": 0.0, ""M2_HAR"": 0.0, ""M3_HARJ"": 0.0, ""M4_HARQ"": 0.0, ""M5_RGARCH"": 0.0, ""M6_PARK"": 0.0, ""M6_GK"": 1.0}"
ES/GLOBEX/B1/30min/S-C_q0.90,15,3662131630,7954,M6_GK,M6_GK,"{""M1_EWMA"": 0.0, ""M2_HAR"": 0.0, ""M3_HARJ"": 0.0, ""M4_HARQ"": 0.0, ""M5_RGARCH"": 0.0, ""M6_PARK"": 0.0, ""M6_GK"": 1.0}"
ES/GLOBEX/B1/30min/S-C_q0.90,16,303417529,7954,M6_GK,M6_GK,"{""M1_EWMA"": 0.0, ""M2_HAR"": 0.0, ""M3_HARJ"": 0.0, ""M4_HARQ"": 0.0, ""M5_RGARCH"": 0.0, ""M6_PARK"": 0.0, ""M6_GK"": 1.0}"
ES/GLOBEX/B1/30min/S-C_q0.90,17,4155647398,7954,M6_GK,M6_GK,"{""M1_EWMA"": 0.0, ""M2_HAR"": 0.0, ""M3_HARJ"": 0.0, ""M4_HARQ"": 0.0, ""M5_RGARCH"": 0.0, ""M6_PARK"": 0.0, ""M6_GK"": 1.0}"
ES/GLOBEX/B1/30min/S-C_q0.90,18,2620441196,7954,M6_GK,M6_GK,"{""M1_EWMA"": 0.0, ""M2_HAR"": 0.0, ""M3_HARJ"": 0.0, ""M4_HARQ"": 0.0, ""M5_RGARCH"": 0.0, ""M6_PARK"": 0.0, ""M6_GK"": 1.0}"
ES/GLOBEX/B1/30min/S-C_q0.90,19,4201311651,7954,M6_GK,M6_GK,"{""M1_EWMA"": 0.0, ""M2_HAR"": 0.0, ""M3_HARJ"": 0.0, ""M4_HARQ"": 0.0, ""M5_RGARCH"": 0.0, ""M6_PARK"": 0.0, ""M6_GK"": 1.0}"
ES/RTH/B0/1day/S-B_q0.80,0,2237533746,280,M2_HAR|M4_HARQ,M2_HAR|M4_HARQ,"{""M6_GK"": 0.0, ""M6_PARK"": 0.0, ""M5_RGARCH"": 0.0, ""M1_EWMA"": 0.0628, ""M3_HARJ"": 0.0832, ""M2_HAR"": 1.0, ""M4_HARQ"": 1.0}"
ES/RTH/B0/1day/S-B_q0.80,1,702494603,280,M2_HAR|M4_HARQ,M2_HAR|M4_HARQ,"{""M6_GK"": 0.0, ""M6_PARK"": 0.0, ""M5_RGARCH"": 0.0, ""M1_EWMA"": 0.0602, ""M3_HARJ"": 0.0794, ""M2_HAR"": 1.0, ""M4_HARQ"": 1.0}"
ES/RTH/B0/1day/S-B_q0.80,2,4139393190,280,M2_HAR|M4_HARQ,M2_HAR|M4_HARQ,"{""M6_GK"": 0.0, ""M6_PARK"": 0.0, ""M5_RGARCH"": 0.0, ""M1_EWMA"": 0.063, ""M3_HARJ"": 0.0831, ""M2_HAR"": 1.0, ""M4_HARQ"": 1.0}"
ES/RTH/B0/1day/S-B_q0.80,3,769717545,280,M2_HAR|M4_HARQ,M2_HAR|M4_HARQ,"{""M6_GK"": 0.0, ""M6_PARK"": 0.0, ""M5_RGARCH"": 0.0, ""M1_EWMA"": 0.063, ""M3_HARJ"": 0.0864, ""M2_HAR"": 1.0, ""M4_HARQ"": 1.0}"
ES/RTH/B0/1day/S-B_q0.80,4,919028315,280,M2_HAR|M4_HARQ,M2_HAR|M4_HARQ,"{""M6_GK"": 0.0, ""M6_PARK"": 0.0, ""M5_RGARCH"": 0.0, ""M1_EWMA"": 0.0673, ""M3_HARJ"": 0.0863, ""M2_HAR"": 1.0, ""M4_HARQ"": 1.0}"
ES/RTH/B0/1day/S-B_q0.80,5,611620464,280,M2_HAR|M4_HARQ,M2_HAR|M4_HARQ,"{""M6_GK"": 0.0, ""M6_PARK"": 0.0, ""M5_RGARCH"": 0.0, ""M1_EWMA"": 0.0645, ""M3_HARJ"": 0.0837, ""M2_HAR"": 1.0, ""M4_HARQ"": 1.0}"
ES/RTH/B0/1day/S-B_q0.80,6,3477480266,280,M2_HAR|M4_HARQ,M2_HAR|M4_HARQ,"{""M6_GK"": 0.0, ""M6_PARK"": 0.0, ""M5_RGARCH"": 0.0, ""M1_EWMA"": 0.0678, ""M3_HARJ"": 0.0874, ""M2_HAR"": 1.0, ""M4_HARQ"": 1.0}"
ES/RTH/B0/1day/S-B_q0.80,7,3198431117,280,M2_HAR|M4_HARQ,M2_HAR|M4_HARQ,"{""M6_GK"": 0.0, ""M6_PARK"": 0.0, ""M5_RGARCH"": 0.0, ""M1_EWMA"": 0.0615, ""M3_HARJ"": 0.0869, ""M2_HAR"": 1.0, ""M4_HARQ"": 1.0}"
ES/RTH/B0/1day/S-B_q0.80,8,2621026741,280,M2_HAR|M4_HARQ,M2_HAR|M4_HARQ,"{""M6_GK"": 0.0, ""M6_PARK"": 0.0, ""M5_RGARCH"": 0.0, ""M1_EWMA"": 0.0631, ""M3_HARJ"": 0.0865, ""M2_HAR"": 1.0, ""M4_HARQ"": 1.0}"
ES/RTH/B0/1day/S-B_q0.80,9,1169115867,280,M2_HAR|M4_HARQ,M2_HAR|M4_HARQ,"{""M6_GK"": 0.0001, ""M6_PARK"": 0.0001, ""M5_RGARCH"": 0.0001, ""M1_EWMA"": 0.0586, ""M3_HARJ"": 0.0864, ""M2_HAR"": 1.0, ""M4_HARQ"": 1.0}"
ES/RTH/B0/1day/S-B_q0.80,10,3689063838,280,M2_HAR|M4_HARQ,M2_HAR|M4_HARQ,"{""M6_GK"": 0.0, ""M6_PARK"": 0.0, ""M5_RGARCH"": 0.0, ""M1_EWMA"": 0.0584, ""M3_HARJ"": 0.0845, ""M2_HAR"": 1.0, ""M4_HARQ"": 1.0}"
ES/RTH/B0/1day/S-B_q0.80,11,1498398406,280,M2_HAR|M4_HARQ,M2_HAR|M4_HARQ,"{""M6_GK"": 0.0, ""M6_PARK"": 0.0, ""M5_RGARCH"": 0.0, ""M1_EWMA"": 0.0653, ""M3_HARJ"": 0.0789, ""M2_HAR"": 1.0, ""M4_HARQ"": 1.0}"
ES/RTH/B0/1day/S-B_q0.80,12,3833968697,280,M2_HAR|M4_HARQ,M2_HAR|M4_HARQ,"{""M6_GK"": 0.0, ""M6_PARK"": 0.0, ""M5_RGARCH"": 0.0, ""M1_EWMA"": 0.0656, ""M3_HARJ"": 0.081, ""M2_HAR"": 1.0, ""M4_HARQ"": 1.0}"
ES/RTH/B0/1day/S-B_q0.80,13,630741820,280,M2_HAR|M4_HARQ,M2_HAR|M4_HARQ,"{""M6_GK"": 0.0, ""M6_PARK"": 0.0, ""M5_RGARCH"": 0.0, ""M1_EWMA"": 0.0646, ""M3_HARJ"": 0.0819, ""M2_HAR"": 1.0, ""M4_HARQ"": 1.0}"
ES/RTH/B0/1day/S-B_q0.80,14,2401719883,280,M2_HAR|M4_HARQ,M2_HAR|M4_HARQ,"{""M6_GK"": 0.0, ""M6_PARK"": 0.0, ""M5_RGARCH"": 0.0, ""M1_EWMA"": 0.0608, ""M3_HARJ"": 0.087, ""M2_HAR"": 1.0, ""M4_HARQ"": 1.0}"
ES/RTH/B0/1day/S-B_q0.80,15,3662131630,280,M2_HAR|M4_HARQ,M2_HAR|M4_HARQ,"{""M6_GK"": 0.0, ""M6_PARK"": 0.0, ""M5_RGARCH"": 0.0, ""M1_EWMA"": 0.0632, ""M3_HARJ"": 0.0817, ""M2_HAR"": 1.0, ""M4_HARQ"": 1.0}"
ES/RTH/B0/1day/S-B_q0.80,16,303417529,280,M2_HAR|M4_HARQ,M2_HAR|M4_HARQ,"{""M6_GK"": 0.0, ""M6_PARK"": 0.0, ""M5_RGARCH"": 0.0, ""M1_EWMA"": 0.0679, ""M3_HARJ"": 0.0849, ""M2_HAR"": 1.0, ""M4_HARQ"": 1.0}"
ES/RTH/B0/1day/S-B_q0.80,17,4155647398,280,M2_HAR|M4_HARQ,M2_HAR|M4_HARQ,"{""M6_GK"": 0.0, ""M6_PARK"": 0.0, ""M5_RGARCH"": 0.0, ""M1_EWMA"": 0.0609, ""M3_HARJ"": 0.0834, ""M2_HAR"": 1.0, ""M4_HARQ"": 1.0}"
ES/RTH/B0/1day/S-B_q0.80,18,2620441196,280,M2_HAR|M4_HARQ,M2_HAR|M4_HARQ,"{""M6_GK"": 0.0, ""M6_PARK"": 0.0, ""M5_RGARCH"": 0.0, ""M1_EWMA"": 0.0603, ""M3_HARJ"": 0.0818, ""M2_HAR"": 1.0, ""M4_HARQ"": 1.0}"
ES/RTH/B0/1day/S-B_q0.80,19,4201311651,280,M2_HAR|M4_HARQ,M2_HAR|M4_HARQ,"{""M6_GK"": 0.0, ""M6_PARK"": 0.0, ""M5_RGARCH"": 0.0, ""M1_EWMA"": 0.0663, ""M3_HARJ"": 0.0883, ""M2_HAR"": 1.0, ""M4_HARQ"": 1.0}"
ES/RTH/B0/1day/S-B_q0.90,0,2237533746,140,M2_HAR|M3_HARJ|M4_HARQ,M2_HAR|M3_HARJ|M4_HARQ,"{""M5_RGARCH"": 0.0, ""M6_GK"": 0.0182, ""M6_PARK"": 0.0618, ""M1_EWMA"": 0.0959, ""M3_HARJ"": 0.2507, ""M2_HAR"": 1.0, ""M4_HARQ"": 1.0}"
ES/RTH/B0/1day/S-B_q0.90,1,702494603,140,M2_HAR|M3_HARJ|M4_HARQ,M2_HAR|M3_HARJ|M4_HARQ,"{""M5_RGARCH"": 0.0, ""M6_GK"": 0.0199, ""M6_PARK"": 0.0617, ""M1_EWMA"": 0.0864, ""M3_HARJ"": 0.253, ""M2_HAR"": 1.0, ""M4_HARQ"": 1.0}"
ES/RTH/B0/1day/S-B_q0.90,2,4139393190,140,M2_HAR|M4_HARQ,M2_HAR|M3_HARJ|M4_HARQ,"{""M5_RGARCH"": 0.0, ""M6_GK"": 0.0174, ""M6_PARK"": 0.0612, ""M1_EWMA"": 0.0944, ""M3_HARJ"": 0.2456, ""M2_HAR"": 1.0, ""M4_HARQ"": 1.0}"
ES/RTH/B0/1day/S-B_q0.90,3,769717545,140,M2_HAR|M4_HARQ,M2_HAR|M3_HARJ|M4_HARQ,"{""M5_RGARCH"": 0.0, ""M6_GK"": 0.0171, ""M6_PARK"": 0.0593, ""M1_EWMA"": 0.0931, ""M3_HARJ"": 0.2431, ""M2_HAR"": 1.0, ""M4_HARQ"": 1.0}"
ES/RTH/B0/1day/S-B_q0.90,4,919028315,140,M2_HAR|M3_HARJ|M4_HARQ,M2_HAR|M3_HARJ|M4_HARQ,"{""M5_RGARCH"": 0.0, ""M6_GK"": 0.0209, ""M6_PARK"": 0.0637, ""M1_EWMA"": 0.0996, ""M3_HARJ"": 0.2515, ""M2_HAR"": 1.0, ""M4_HARQ"": 1.0}"
ES/RTH/B0/1day/S-B_q0.90,5,611620464,140,M2_HAR|M4_HARQ,M2_HAR|M3_HARJ|M4_HARQ,"{""M5_RGARCH"": 0.0, ""M6_GK"": 0.0213, ""M6_PARK"": 0.0682, ""M1_EWMA"": 0.0942, ""M3_HARJ"": 0.2498, ""M2_HAR"": 1.0, ""M4_HARQ"": 1.0}"
ES/RTH/B0/1day/S-B_q0.90,6,3477480266,140,M2_HAR|M4_HARQ,M2_HAR|M3_HARJ|M4_HARQ,"{""M5_RGARCH"": 0.0, ""M6_GK"": 0.019, ""M6_PARK"": 0.0628, ""M1_EWMA"": 0.0939, ""M3_HARJ"": 0.2368, ""M2_HAR"": 1.0, ""M4_HARQ"": 1.0}"
ES/RTH/B0/1day/S-B_q0.90,7,3198431117,140,M2_HAR|M3_HARJ|M4_HARQ,M2_HAR|M3_HARJ|M4_HARQ,"{""M5_RGARCH"": 0.0, ""M6_GK"": 0.0197, ""M6_PARK"": 0.0608, ""M1_EWMA"": 0.0956, ""M3_HARJ"": 0.2528, ""M2_HAR"": 1.0, ""M4_HARQ"": 1.0}"
ES/RTH/B0/1day/S-B_q0.90,8,2621026741,140,M2_HAR|M4_HARQ,M2_HAR|M3_HARJ|M4_HARQ,"{""M5_RGARCH"": 0.0, ""M6_GK"": 0.0191, ""M6_PARK"": 0.0667, ""M1_EWMA"": 0.0919, ""M3_HARJ"": 0.2461, ""M2_HAR"": 1.0, ""M4_HARQ"": 1.0}"
ES/RTH/B0/1day/S-B_q0.90,9,1169115867,140,M2_HAR|M4_HARQ,M2_HAR|M3_HARJ|M4_HARQ,"{""M5_RGARCH"": 0.0, ""M6_GK"": 0.0204, ""M6_PARK"": 0.0597, ""M1_EWMA"": 0.0993, ""M3_HARJ"": 0.2471, ""M2_HAR"": 1.0, ""M4_HARQ"": 1.0}"
ES/RTH/B0/1day/S-B_q0.90,10,3689063838,140,M2_HAR|M3_HARJ|M4_HARQ,M2_HAR|M3_HARJ|M4_HARQ,"{""M5_RGARCH"": 0.0, ""M6_GK"": 0.0185, ""M6_PARK"": 0.061, ""M1_EWMA"": 0.0928, ""M3_HARJ"": 0.2513, ""M2_HAR"": 1.0, ""M4_HARQ"": 1.0}"
ES/RTH/B0/1day/S-B_q0.90,11,1498398406,140,M2_HAR|M4_HARQ,M2_HAR|M3_HARJ|M4_HARQ,"{""M5_RGARCH"": 0.0, ""M6_GK"": 0.0191, ""M6_PARK"": 0.0618, ""M1_EWMA"": 0.093, ""M3_HARJ"": 0.2356, ""M2_HAR"": 1.0, ""M4_HARQ"": 1.0}"
ES/RTH/B0/1day/S-B_q0.90,12,3833968697,140,M2_HAR|M4_HARQ,M2_HAR|M3_HARJ|M4_HARQ,"{""M5_RGARCH"": 0.0002, ""M6_GK"": 0.0201, ""M6_PARK"": 0.0666, ""M1_EWMA"": 0.0986, ""M3_HARJ"": 0.2357, ""M2_HAR"": 1.0, ""M4_HARQ"": 1.0}"
ES/RTH/B0/1day/S-B_q0.90,13,630741820,140,M2_HAR|M4_HARQ,M1_EWMA|M2_HAR|M3_HARJ|M4_HARQ,"{""M5_RGARCH"": 0.0, ""M6_GK"": 0.0209, ""M6_PARK"": 0.065, ""M1_EWMA"": 0.1014, ""M3_HARJ"": 0.2464, ""M2_HAR"": 1.0, ""M4_HARQ"": 1.0}"
ES/RTH/B0/1day/S-B_q0.90,14,2401719883,140,M2_HAR|M3_HARJ|M4_HARQ,M2_HAR|M3_HARJ|M4_HARQ,"{""M5_RGARCH"": 0.0, ""M6_GK"": 0.0174, ""M6_PARK"": 0.0614, ""M1_EWMA"": 0.0989, ""M3_HARJ"": 0.2518, ""M2_HAR"": 1.0, ""M4_HARQ"": 1.0}"
ES/RTH/B0/1day/S-B_q0.90,15,3662131630,140,M2_HAR|M4_HARQ,M2_HAR|M3_HARJ|M4_HARQ,"{""M5_RGARCH"": 0.0, ""M6_GK"": 0.0181, ""M6_PARK"": 0.0589, ""M1_EWMA"": 0.094, ""M3_HARJ"": 0.2452, ""M2_HAR"": 1.0, ""M4_HARQ"": 1.0}"
ES/RTH/B0/1day/S-B_q0.90,16,303417529,140,M2_HAR|M4_HARQ,M2_HAR|M3_HARJ|M4_HARQ,"{""M5_RGARCH"": 0.0, ""M6_GK"": 0.0179, ""M6_PARK"": 0.0596, ""M1_EWMA"": 0.0973, ""M3_HARJ"": 0.2453, ""M2_HAR"": 1.0, ""M4_HARQ"": 1.0}"
ES/RTH/B0/1day/S-B_q0.90,17,4155647398,140,M2_HAR|M4_HARQ,M2_HAR|M3_HARJ|M4_HARQ,"{""M5_RGARCH"": 0.0, ""M6_GK"": 0.0186, ""M6_PARK"": 0.0581, ""M1_EWMA"": 0.0912, ""M3_HARJ"": 0.2419, ""M2_HAR"": 1.0, ""M4_HARQ"": 1.0}"
ES/RTH/B0/1day/S-B_q0.90,18,2620441196,140,M2_HAR|M4_HARQ,M2_HAR|M3_HARJ|M4_HARQ,"{""M5_RGARCH"": 0.0, ""M6_GK"": 0.0175, ""M6_PARK"": 0.057, ""M1_EWMA"": 0.0952, ""M3_HARJ"": 0.2376, ""M2_HAR"": 1.0, ""M4_HARQ"": 1.0}"
ES/RTH/B0/1day/S-B_q0.90,19,4201311651,140,M2_HAR|M4_HARQ,M2_HAR|M3_HARJ|M4_HARQ,"{""M5_RGARCH"": 0.0, ""M6_GK"": 0.0166, ""M6_PARK"": 0.0615, ""M1_EWMA"": 0.0979, ""M3_HARJ"": 0.2426, ""M2_HAR"": 1.0, ""M4_HARQ"": 1.0}"
ES/RTH/B0/1day/S-C_q0.80,0,2237533746,280,M2_HAR|M4_HARQ,M2_HAR|M4_HARQ,"{""M6_GK"": 0.0158, ""M1_EWMA"": 0.0351, ""M6_PARK"": 0.0351, ""M5_RGARCH"": 0.0351, ""M3_HARJ"": 0.076, ""M2_HAR"": 1.0, ""M4_HARQ"": 1.0}"
ES/RTH/B0/1day/S-C_q0.80,1,702494603,280,M2_HAR|M4_HARQ,M2_HAR|M4_HARQ,"{""M6_GK"": 0.0171, ""M1_EWMA"": 0.0382, ""M6_PARK"": 0.0382, ""M5_RGARCH"": 0.0382, ""M3_HARJ"": 0.0758, ""M2_HAR"": 1.0, ""M4_HARQ"": 1.0}"
ES/RTH/B0/1day/S-C_q0.80,2,4139393190,280,M2_HAR|M4_HARQ,M2_HAR|M4_HARQ,"{""M6_GK"": 0.0167, ""M1_EWMA"": 0.0401, ""M6_PARK"": 0.0401, ""M5_RGARCH"": 0.0401, ""M3_HARJ"": 0.0761, ""M2_HAR"": 1.0, ""M4_HARQ"": 1.0}"
ES/RTH/B0/1day/S-C_q0.80,3,769717545,280,M2_HAR|M4_HARQ,M2_HAR|M4_HARQ,"{""M6_GK"": 0.0137, ""M1_EWMA"": 0.0369, ""M6_PARK"": 0.0369, ""M5_RGARCH"": 0.0369, ""M3_HARJ"": 0.0824, ""M2_HAR"": 1.0, ""M4_HARQ"": 1.0}"
ES/RTH/B0/1day/S-C_q0.80,4,919028315,280,M2_HAR|M4_HARQ,M2_HAR|M4_HARQ,"{""M6_GK"": 0.0143, ""M1_EWMA"": 0.0432, ""M6_PARK"": 0.0432, ""M5_RGARCH"": 0.0432, ""M3_HARJ"": 0.085, ""M2_HAR"": 1.0, ""M4_HARQ"": 1.0}"
ES/RTH/B0/1day/S-C_q0.80,5,611620464,280,M2_HAR|M4_HARQ,M2_HAR|M4_HARQ,"{""M6_GK"": 0.0148, ""M1_EWMA"": 0.0383, ""M6_PARK"": 0.0383, ""M5_RGARCH"": 0.0383, ""M3_HARJ"": 0.0811, ""M2_HAR"": 1.0, ""M4_HARQ"": 1.0}"
ES/RTH/B0/1day/S-C_q0.80,6,3477480266,280,M2_HAR|M4_HARQ,M2_HAR|M4_HARQ,"{""M6_GK"": 0.0147, ""M1_EWMA"": 0.043, ""M6_PARK"": 0.043, ""M5_RGARCH"": 0.043, ""M3_HARJ"": 0.0771, ""M2_HAR"": 1.0, ""M4_HARQ"": 1.0}"
ES/RTH/B0/1day/S-C_q0.80,7,3198431117,280,M2_HAR|M4_HARQ,M2_HAR|M4_HARQ,"{""M6_GK"": 0.0149, ""M1_EWMA"": 0.039, ""M6_PARK"": 0.039, ""M5_RGARCH"": 0.039, ""M3_HARJ"": 0.0823, ""M2_HAR"": 1.0, ""M4_HARQ"": 1.0}"
ES/RTH/B0/1day/S-C_q0.80,8,2621026741,280,M2_HAR|M4_HARQ,M2_HAR|M4_HARQ,"{""M6_GK"": 0.0174, ""M1_EWMA"": 0.0397, ""M6_PARK"": 0.0397, ""M5_RGARCH"": 0.0397, ""M3_HARJ"": 0.0792, ""M2_HAR"": 1.0, ""M4_HARQ"": 1.0}"
ES/RTH/B0/1day/S-C_q0.80,9,1169115867,280,M2_HAR|M4_HARQ,M2_HAR|M4_HARQ,"{""M6_GK"": 0.0122, ""M1_EWMA"": 0.035, ""M6_PARK"": 0.035, ""M5_RGARCH"": 0.035, ""M3_HARJ"": 0.0812, ""M2_HAR"": 1.0, ""M4_HARQ"": 1.0}"
ES/RTH/B0/1day/S-C_q0.80,10,3689063838,280,M2_HAR|M4_HARQ,M2_HAR|M4_HARQ,"{""M6_GK"": 0.0156, ""M1_EWMA"": 0.0398, ""M6_PARK"": 0.0398, ""M5_RGARCH"": 0.0398, ""M3_HARJ"": 0.0786, ""M2_HAR"": 1.0, ""M4_HARQ"": 1.0}"
ES/RTH/B0/1day/S-C_q0.80,11,1498398406,280,M2_HAR|M4_HARQ,M2_HAR|M4_HARQ,"{""M6_GK"": 0.0136, ""M1_EWMA"": 0.0361, ""M6_PARK"": 0.0361, ""M5_RGARCH"": 0.0361, ""M3_HARJ"": 0.0802, ""M2_HAR"": 1.0, ""M4_HARQ"": 1.0}"
ES/RTH/B0/1day/S-C_q0.80,12,3833968697,280,M2_HAR|M4_HARQ,M2_HAR|M4_HARQ,"{""M6_GK"": 0.0162, ""M1_EWMA"": 0.0435, ""M6_PARK"": 0.0435, ""M5_RGARCH"": 0.0435, ""M3_HARJ"": 0.0795, ""M2_HAR"": 1.0, ""M4_HARQ"": 1.0}"
ES/RTH/B0/1day/S-C_q0.80,13,630741820,280,M2_HAR|M4_HARQ,M2_HAR|M4_HARQ,"{""M6_GK"": 0.0165, ""M1_EWMA"": 0.038, ""M6_PARK"": 0.038, ""M5_RGARCH"": 0.038, ""M3_HARJ"": 0.0794, ""M2_HAR"": 1.0, ""M4_HARQ"": 1.0}"
ES/RTH/B0/1day/S-C_q0.80,14,2401719883,280,M2_HAR|M4_HARQ,M2_HAR|M4_HARQ,"{""M6_GK"": 0.0157, ""M1_EWMA"": 0.0329, ""M6_PARK"": 0.0329, ""M5_RGARCH"": 0.0329, ""M3_HARJ"": 0.0819, ""M2_HAR"": 1.0, ""M4_HARQ"": 1.0}"
ES/RTH/B0/1day/S-C_q0.80,15,3662131630,280,M2_HAR|M4_HARQ,M2_HAR|M4_HARQ,"{""M6_GK"": 0.0153, ""M1_EWMA"": 0.0398, ""M6_PARK"": 0.0398, ""M5_RGARCH"": 0.0398, ""M3_HARJ"": 0.0802, ""M2_HAR"": 1.0, ""M4_HARQ"": 1.0}"
ES/RTH/B0/1day/S-C_q0.80,16,303417529,280,M2_HAR|M4_HARQ,M2_HAR|M4_HARQ,"{""M6_GK"": 0.0181, ""M1_EWMA"": 0.0381, ""M6_PARK"": 0.0381, ""M5_RGARCH"": 0.0381, ""M3_HARJ"": 0.0809, ""M2_HAR"": 1.0, ""M4_HARQ"": 1.0}"
ES/RTH/B0/1day/S-C_q0.80,17,4155647398,280,M2_HAR|M4_HARQ,M2_HAR|M4_HARQ,"{""M6_GK"": 0.0136, ""M1_EWMA"": 0.0364, ""M6_PARK"": 0.0364, ""M5_RGARCH"": 0.0364, ""M3_HARJ"": 0.08, ""M2_HAR"": 1.0, ""M4_HARQ"": 1.0}"
ES/RTH/B0/1day/S-C_q0.80,18,2620441196,280,M2_HAR|M4_HARQ,M2_HAR|M4_HARQ,"{""M6_GK"": 0.0145, ""M1_EWMA"": 0.0383, ""M6_PARK"": 0.0383, ""M5_RGARCH"": 0.0383, ""M3_HARJ"": 0.0773, ""M2_HAR"": 1.0, ""M4_HARQ"": 1.0}"
ES/RTH/B0/1day/S-C_q0.80,19,4201311651,280,M2_HAR|M4_HARQ,M2_HAR|M4_HARQ,"{""M6_GK"": 0.0132, ""M1_EWMA"": 0.036, ""M6_PARK"": 0.036, ""M5_RGARCH"": 0.036, ""M3_HARJ"": 0.0774, ""M2_HAR"": 1.0, ""M4_HARQ"": 1.0}"
ES/RTH/B0/1day/S-C_q0.90,0,2237533746,140,M2_HAR|M3_HARJ|M4_HARQ,M2_HAR|M3_HARJ|M4_HARQ|M5_RGARCH|M6_PARK,"{""M1_EWMA"": 0.0655, ""M6_GK"": 0.0655, ""M6_PARK"": 0.1883, ""M5_RGARCH"": 0.1883, ""M3_HARJ"": 0.4002, ""M2_HAR"": 1.0, ""M4_HARQ"": 1.0}"
ES/RTH/B0/1day/S-C_q0.90,1,702494603,140,M2_HAR|M3_HARJ|M4_HARQ,M2_HAR|M3_HARJ|M4_HARQ|M5_RGARCH|M6_PARK,"{""M1_EWMA"": 0.0637, ""M6_GK"": 0.0637, ""M6_PARK"": 0.1786, ""M5_RGARCH"": 0.1786, ""M3_HARJ"": 0.4084, ""M2_HAR"": 1.0, ""M4_HARQ"": 1.0}"
ES/RTH/B0/1day/S-C_q0.90,2,4139393190,140,M2_HAR|M3_HARJ|M4_HARQ,M2_HAR|M3_HARJ|M4_HARQ|M5_RGARCH|M6_PARK,"{""M1_EWMA"": 0.0696, ""M6_GK"": 0.0696, ""M6_PARK"": 0.1814, ""M5_RGARCH"": 0.1814, ""M3_HARJ"": 0.4126, ""M2_HAR"": 1.0, ""M4_HARQ"": 1.0}"
ES/RTH/B0/1day/S-C_q0.90,3,769717545,140,M2_HAR|M3_HARJ|M4_HARQ,M2_HAR|M3_HARJ|M4_HARQ|M5_RGARCH|M6_PARK,"{""M1_EWMA"": 0.07, ""M6_GK"": 0.07, ""M6_PARK"": 0.1928, ""M5_RGARCH"": 0.1928, ""M3_HARJ"": 0.4019, ""M2_HAR"": 1.0, ""M4_HARQ"": 1.0}"
ES/RTH/B0/1day/S-C_q0.90,4,919028315,140,M2_HAR|M3_HARJ|M4_HARQ,M2_HAR|M3_HARJ|M4_HARQ|M5_RGARCH|M6_PARK,"{""M1_EWMA"": 0.065, ""M6_GK"": 0.065, ""M6_PARK"": 0.1995, ""M5_RGARCH"": 0.1995, ""M3_HARJ"": 0.4044, ""M2_HAR"": 1.0, ""M4_HARQ"": 1.0}"
ES/RTH/B0/1day/S-C_q0.90,5,611620464,140,M2_HAR|M3_HARJ|M4_HARQ,M2_HAR|M3_HARJ|M4_HARQ|M5_RGARCH|M6_PARK,"{""M1_EWMA"": 0.0741, ""M6_GK"": 0.0741, ""M6_PARK"": 0.1851, ""M5_RGARCH"": 0.1851, ""M3_HARJ"": 0.3989, ""M2_HAR"": 1.0, ""M4_HARQ"": 1.0}"
ES/RTH/B0/1day/S-C_q0.90,6,3477480266,140,M2_HAR|M3_HARJ|M4_HARQ,M2_HAR|M3_HARJ|M4_HARQ|M5_RGARCH|M6_PARK,"{""M1_EWMA"": 0.071, ""M6_GK"": 0.071, ""M6_PARK"": 0.1982, ""M5_RGARCH"": 0.1982, ""M3_HARJ"": 0.4109, ""M2_HAR"": 1.0, ""M4_HARQ"": 1.0}"
ES/RTH/B0/1day/S-C_q0.90,7,3198431117,140,M2_HAR|M3_HARJ|M4_HARQ,M2_HAR|M3_HARJ|M4_HARQ|M5_RGARCH|M6_PARK,"{""M1_EWMA"": 0.0647, ""M6_GK"": 0.0647, ""M6_PARK"": 0.1886, ""M5_RGARCH"": 0.1886, ""M3_HARJ"": 0.4042, ""M2_HAR"": 1.0, ""M4_HARQ"": 1.0}"
ES/RTH/B0/1day/S-C_q0.90,8,2621026741,140,M2_HAR|M3_HARJ|M4_HARQ,M2_HAR|M3_HARJ|M4_HARQ|M5_RGARCH|M6_PARK,"{""M1_EWMA"": 0.0717, ""M6_GK"": 0.0717, ""M6_PARK"": 0.1914, ""M5_RGARCH"": 0.1914, ""M3_HARJ"": 0.4046, ""M2_HAR"": 1.0, ""M4_HARQ"": 1.0}"
ES/RTH/B0/1day/S-C_q0.90,9,1169115867,140,M2_HAR|M3_HARJ|M4_HARQ,M2_HAR|M3_HARJ|M4_HARQ|M5_RGARCH|M6_PARK,"{""M1_EWMA"": 0.0738, ""M6_GK"": 0.0738, ""M6_PARK"": 0.1918, ""M5_RGARCH"": 0.1918, ""M3_HARJ"": 0.404, ""M2_HAR"": 1.0, ""M4_HARQ"": 1.0}"
ES/RTH/B0/1day/S-C_q0.90,10,3689063838,140,M2_HAR|M3_HARJ|M4_HARQ,M2_HAR|M3_HARJ|M4_HARQ|M5_RGARCH|M6_PARK,"{""M1_EWMA"": 0.072, ""M6_GK"": 0.072, ""M6_PARK"": 0.1997, ""M5_RGARCH"": 0.1997, ""M3_HARJ"": 0.4015, ""M2_HAR"": 1.0, ""M4_HARQ"": 1.0}"
ES/RTH/B0/1day/S-C_q0.90,11,1498398406,140,M2_HAR|M3_HARJ|M4_HARQ,M2_HAR|M3_HARJ|M4_HARQ|M5_RGARCH|M6_PARK,"{""M1_EWMA"": 0.0691, ""M6_GK"": 0.0691, ""M6_PARK"": 0.1904, ""M5_RGARCH"": 0.1904, ""M3_HARJ"": 0.4001, ""M2_HAR"": 1.0, ""M4_HARQ"": 1.0}"
ES/RTH/B0/1day/S-C_q0.90,12,3833968697,140,M2_HAR|M3_HARJ|M4_HARQ,M2_HAR|M3_HARJ|M4_HARQ|M5_RGARCH|M6_PARK,"{""M1_EWMA"": 0.076, ""M6_GK"": 0.076, ""M6_PARK"": 0.1908, ""M5_RGARCH"": 0.1908, ""M3_HARJ"": 0.3974, ""M2_HAR"": 1.0, ""M4_HARQ"": 1.0}"
ES/RTH/B0/1day/S-C_q0.90,13,630741820,140,M2_HAR|M3_HARJ|M4_HARQ,M2_HAR|M3_HARJ|M4_HARQ|M5_RGARCH|M6_PARK,"{""M1_EWMA"": 0.0699, ""M6_GK"": 0.0699, ""M6_PARK"": 0.1902, ""M5_RGARCH"": 0.1902, ""M3_HARJ"": 0.4073, ""M2_HAR"": 1.0, ""M4_HARQ"": 1.0}"
ES/RTH/B0/1day/S-C_q0.90,14,2401719883,140,M2_HAR|M3_HARJ|M4_HARQ,M2_HAR|M3_HARJ|M4_HARQ|M5_RGARCH|M6_PARK,"{""M1_EWMA"": 0.064, ""M6_GK"": 0.064, ""M6_PARK"": 0.1905, ""M5_RGARCH"": 0.1905, ""M3_HARJ"": 0.4058, ""M2_HAR"": 1.0, ""M4_HARQ"": 1.0}"
ES/RTH/B0/1day/S-C_q0.90,15,3662131630,140,M2_HAR|M3_HARJ|M4_HARQ,M2_HAR|M3_HARJ|M4_HARQ|M5_RGARCH|M6_PARK,"{""M1_EWMA"": 0.0696, ""M6_GK"": 0.0696, ""M6_PARK"": 0.1842, ""M5_RGARCH"": 0.1842, ""M3_HARJ"": 0.4105, ""M2_HAR"": 1.0, ""M4_HARQ"": 1.0}"
ES/RTH/B0/1day/S-C_q0.90,16,303417529,140,M2_HAR|M3_HARJ|M4_HARQ,M2_HAR|M3_HARJ|M4_HARQ|M5_RGARCH|M6_PARK,"{""M1_EWMA"": 0.0643, ""M6_GK"": 0.0643, ""M6_PARK"": 0.1992, ""M5_RGARCH"": 0.1992, ""M3_HARJ"": 0.3948, ""M2_HAR"": 1.0, ""M4_HARQ"": 1.0}"
ES/RTH/B0/1day/S-C_q0.90,17,4155647398,140,M2_HAR|M3_HARJ|M4_HARQ,M2_HAR|M3_HARJ|M4_HARQ|M5_RGARCH|M6_PARK,"{""M1_EWMA"": 0.066, ""M6_GK"": 0.066, ""M6_PARK"": 0.1893, ""M5_RGARCH"": 0.1893, ""M3_HARJ"": 0.4047, ""M2_HAR"": 1.0, ""M4_HARQ"": 1.0}"
ES/RTH/B0/1day/S-C_q0.90,18,2620441196,140,M2_HAR|M3_HARJ|M4_HARQ,M2_HAR|M3_HARJ|M4_HARQ|M5_RGARCH|M6_PARK,"{""M1_EWMA"": 0.0695, ""M6_GK"": 0.0695, ""M6_PARK"": 0.1913, ""M5_RGARCH"": 0.1913, ""M3_HARJ"": 0.3971, ""M2_HAR"": 1.0, ""M4_HARQ"": 1.0}"
ES/RTH/B0/1day/S-C_q0.90,19,4201311651,140,M2_HAR|M3_HARJ|M4_HARQ,M2_HAR|M3_HARJ|M4_HARQ|M5_RGARCH|M6_PARK,"{""M1_EWMA"": 0.0685, ""M6_GK"": 0.0685, ""M6_PARK"": 0.1924, ""M5_RGARCH"": 0.1924, ""M3_HARJ"": 0.3953, ""M2_HAR"": 1.0, ""M4_HARQ"": 1.0}"
ES/RTH/B0/1h/S-B_q0.80,0,2237533746,2181,M2_HAR|M4_HARQ,M2_HAR|M4_HARQ,"{""M5_RGARCH"": 0.0, ""M6_GK"": 0.0, ""M6_PARK"": 0.0, ""M1_EWMA"": 0.0004, ""M3_HARJ"": 0.0279, ""M2_HAR"": 1.0, ""M4_HARQ"": 1.0}"
ES/RTH/B0/1h/S-B_q0.80,1,702494603,2181,M2_HAR|M4_HARQ,M2_HAR|M4_HARQ,"{""M5_RGARCH"": 0.0, ""M6_GK"": 0.0, ""M6_PARK"": 0.0, ""M1_EWMA"": 0.0005, ""M3_HARJ"": 0.0287, ""M2_HAR"": 1.0, ""M4_HARQ"": 1.0}"
ES/RTH/B0/1h/S-B_q0.80,2,4139393190,2181,M2_HAR|M4_HARQ,M2_HAR|M4_HARQ,"{""M5_RGARCH"": 0.0, ""M6_GK"": 0.0, ""M6_PARK"": 0.0, ""M1_EWMA"": 0.0, ""M3_HARJ"": 0.0262, ""M2_HAR"": 1.0, ""M4_HARQ"": 1.0}"
ES/RTH/B0/1h/S-B_q0.80,3,769717545,2181,M2_HAR|M4_HARQ,M2_HAR|M4_HARQ,"{""M5_RGARCH"": 0.0, ""M6_GK"": 0.0, ""M6_PARK"": 0.0, ""M1_EWMA"": 0.0003, ""M3_HARJ"": 0.0267, ""M2_HAR"": 1.0, ""M4_HARQ"": 1.0}"
ES/RTH/B0/1h/S-B_q0.80,4,919028315,2181,M2_HAR|M4_HARQ,M2_HAR|M4_HARQ,"{""M5_RGARCH"": 0.0, ""M6_GK"": 0.0, ""M6_PARK"": 0.0, ""M1_EWMA"": 0.0002, ""M3_HARJ"": 0.0234, ""M2_HAR"": 1.0, ""M4_HARQ"": 1.0}"
ES/RTH/B0/1h/S-B_q0.80,5,611620464,2181,M2_HAR|M4_HARQ,M2_HAR|M4_HARQ,"{""M5_RGARCH"": 0.0, ""M6_GK"": 0.0, ""M6_PARK"": 0.0, ""M1_EWMA"": 0.0005, ""M3_HARJ"": 0.0253, ""M2_HAR"": 1.0, ""M4_HARQ"": 1.0}"
ES/RTH/B0/1h/S-B_q0.80,6,3477480266,2181,M2_HAR|M4_HARQ,M2_HAR|M4_HARQ,"{""M5_RGARCH"": 0.0, ""M6_GK"": 0.0, ""M6_PARK"": 0.0, ""M1_EWMA"": 0.0001, ""M3_HARJ"": 0.028, ""M2_HAR"": 1.0, ""M4_HARQ"": 1.0}"
ES/RTH/B0/1h/S-B_q0.80,7,3198431117,2181,M2_HAR|M4_HARQ,M2_HAR|M4_HARQ,"{""M5_RGARCH"": 0.0, ""M6_GK"": 0.0, ""M6_PARK"": 0.0, ""M1_EWMA"": 0.0001, ""M3_HARJ"": 0.0237, ""M2_HAR"": 1.0, ""M4_HARQ"": 1.0}"
ES/RTH/B0/1h/S-B_q0.80,8,2621026741,2181,M2_HAR|M4_HARQ,M2_HAR|M4_HARQ,"{""M5_RGARCH"": 0.0, ""M6_GK"": 0.0, ""M6_PARK"": 0.0, ""M1_EWMA"": 0.0001, ""M3_HARJ"": 0.028, ""M2_HAR"": 1.0, ""M4_HARQ"": 1.0}"
ES/RTH/B0/1h/S-B_q0.80,9,1169115867,2181,M2_HAR|M4_HARQ,M2_HAR|M4_HARQ,"{""M5_RGARCH"": 0.0, ""M6_GK"": 0.0, ""M6_PARK"": 0.0, ""M1_EWMA"": 0.0001, ""M3_HARJ"": 0.0297, ""M2_HAR"": 1.0, ""M4_HARQ"": 1.0}"
ES/RTH/B0/1h/S-B_q0.80,10,3689063838,2181,M2_HAR|M4_HARQ,M2_HAR|M4_HARQ,"{""M5_RGARCH"": 0.0, ""M6_GK"": 0.0, ""M6_PARK"": 0.0, ""M1_EWMA"": 0.0003, ""M3_HARJ"": 0.0261, ""M2_HAR"": 1.0, ""M4_HARQ"": 1.0}"
ES/RTH/B0/1h/S-B_q0.80,11,1498398406,2181,M2_HAR|M4_HARQ,M2_HAR|M4_HARQ,"{""M5_RGARCH"": 0.0, ""M6_GK"": 0.0, ""M6_PARK"": 0.0, ""M1_EWMA"": 0.0001, ""M3_HARJ"": 0.027, ""M2_HAR"": 1.0, ""M4_HARQ"": 1.0}"
ES/RTH/B0/1h/S-B_q0.80,12,3833968697,2181,M2_HAR|M4_HARQ,M2_HAR|M4_HARQ,"{""M5_RGARCH"": 0.0, ""M6_GK"": 0.0, ""M6_PARK"": 0.0, ""M1_EWMA"": 0.0, ""M3_HARJ"": 0.0267, ""M2_HAR"": 1.0, ""M4_HARQ"": 1.0}"
ES/RTH/B0/1h/S-B_q0.80,13,630741820,2181,M2_HAR|M4_HARQ,M2_HAR|M4_HARQ,"{""M5_RGARCH"": 0.0, ""M6_GK"": 0.0, ""M6_PARK"": 0.0, ""M1_EWMA"": 0.0001, ""M3_HARJ"": 0.0253, ""M2_HAR"": 1.0, ""M4_HARQ"": 1.0}"
ES/RTH/B0/1h/S-B_q0.80,14,2401719883,2181,M2_HAR|M4_HARQ,M2_HAR|M4_HARQ,"{""M5_RGARCH"": 0.0, ""M6_GK"": 0.0, ""M6_PARK"": 0.0, ""M1_EWMA"": 0.0001, ""M3_HARJ"": 0.03, ""M2_HAR"": 1.0, ""M4_HARQ"": 1.0}"
ES/RTH/B0/1h/S-B_q0.80,15,3662131630,2181,M2_HAR|M4_HARQ,M2_HAR|M4_HARQ,"{""M5_RGARCH"": 0.0, ""M6_GK"": 0.0, ""M6_PARK"": 0.0, ""M1_EWMA"": 0.0001, ""M3_HARJ"": 0.0295, ""M2_HAR"": 1.0, ""M4_HARQ"": 1.0}"
ES/RTH/B0/1h/S-B_q0.80,16,303417529,2181,M2_HAR|M4_HARQ,M2_HAR|M4_HARQ,"{""M5_RGARCH"": 0.0, ""M6_GK"": 0.0, ""M6_PARK"": 0.0, ""M1_EWMA"": 0.0002, ""M3_HARJ"": 0.0272, ""M2_HAR"": 1.0, ""M4_HARQ"": 1.0}"
ES/RTH/B0/1h/S-B_q0.80,17,4155647398,2181,M2_HAR|M4_HARQ,M2_HAR|M4_HARQ,"{""M5_RGARCH"": 0.0, ""M6_GK"": 0.0, ""M6_PARK"": 0.0, ""M1_EWMA"": 0.0001, ""M3_HARJ"": 0.0268, ""M2_HAR"": 1.0, ""M4_HARQ"": 1.0}"
ES/RTH/B0/1h/S-B_q0.80,18,2620441196,2181,M2_HAR|M4_HARQ,M2_HAR|M4_HARQ,"{""M5_RGARCH"": 0.0, ""M6_GK"": 0.0, ""M6_PARK"": 0.0, ""M1_EWMA"": 0.0004, ""M3_HARJ"": 0.0283, ""M2_HAR"": 1.0, ""M4_HARQ"": 1.0}"
ES/RTH/B0/1h/S-B_q0.80,19,4201311651,2181,M2_HAR|M4_HARQ,M2_HAR|M4_HARQ,"{""M5_RGARCH"": 0.0, ""M6_GK"": 0.0, ""M6_PARK"": 0.0, ""M1_EWMA"": 0.0, ""M3_HARJ"": 0.0263, ""M2_HAR"": 1.0, ""M4_HARQ"": 1.0}"
ES/RTH/B0/1h/S-B_q0.90,0,2237533746,1091,M2_HAR|M4_HARQ,M2_HAR|M3_HARJ|M4_HARQ,"{""M5_RGARCH"": 0.0, ""M6_GK"": 0.0, ""M6_PARK"": 0.0, ""M1_EWMA"": 0.0097, ""M3_HARJ"": 0.152, ""M2_HAR"": 1.0, ""M4_HARQ"": 1.0}"
ES/RTH/B0/1h/S-B_q0.90,1,702494603,1091,M2_HAR|M4_HARQ,M2_HAR|M3_HARJ|M4_HARQ,"{""M5_RGARCH"": 0.0, ""M6_GK"": 0.0, ""M6_PARK"": 0.0, ""M1_EWMA"": 0.0086, ""M3_HARJ"": 0.1566, ""M2_HAR"": 1.0, ""M4_HARQ"": 1.0}"
ES/RTH/B0/1h/S-B_q0.90,2,4139393190,1091,M2_HAR|M4_HARQ,M2_HAR|M3_HARJ|M4_HARQ,"{""M5_RGARCH"": 0.0, ""M6_GK"": 0.0, ""M6_PARK"": 0.0, ""M1_EWMA"": 0.0102, ""M3_HARJ"": 0.1439, ""M2_HAR"": 1.0, ""M4_HARQ"": 1.0}"
ES/RTH/B0/1h/S-B_q0.90,3,769717545,1091,M2_HAR|M4_HARQ,M2_HAR|M3_HARJ|M4_HARQ,"{""M5_RGARCH"": 0.0, ""M6_GK"": 0.0, ""M6_PARK"": 0.0, ""M1_EWMA"": 0.0089, ""M3_HARJ"": 0.154, ""M2_HAR"": 1.0, ""M4_HARQ"": 1.0}"
ES/RTH/B0/1h/S-B_q0.90,4,919028315,1091,M2_HAR|M4_HARQ,M2_HAR|M3_HARJ|M4_HARQ,"{""M5_RGARCH"": 0.0, ""M6_GK"": 0.0, ""M6_PARK"": 0.0, ""M1_EWMA"": 0.0095, ""M3_HARJ"": 0.1569, ""M2_HAR"": 1.0, ""M4_HARQ"": 1.0}"
ES/RTH/B0/1h/S-B_q0.90,5,611620464,1091,M2_HAR|M4_HARQ,M2_HAR|M3_HARJ|M4_HARQ,"{""M5_RGARCH"": 0.0, ""M6_GK"": 0.0, ""M6_PARK"": 0.0, ""M1_EWMA"": 0.0096, ""M3_HARJ"": 0.15, ""M2_HAR"": 1.0, ""M4_HARQ"": 1.0}"
ES/RTH/B0/1h/S-B_q0.90,6,3477480266,1091,M2_HAR|M4_HARQ,M2_HAR|M3_HARJ|M4_HARQ,"{""M5_RGARCH"": 0.0, ""M6_GK"": 0.0, ""M6_PARK"": 0.0, ""M1_EWMA"": 0.0095, ""M3_HARJ"": 0.154, ""M2_HAR"": 1.0, ""M4_HARQ"": 1.0}"
ES/RTH/B0/1h/S-B_q0.90,7,3198431117,1091,M2_HAR|M4_HARQ,M2_HAR|M3_HARJ|M4_HARQ,"{""M5_RGARCH"": 0.0, ""M6_GK"": 0.0, ""M6_PARK"": 0.0, ""M1_EWMA"": 0.0122, ""M3_HARJ"": 0.1475, ""M2_HAR"": 1.0, ""M4_HARQ"": 1.0}"
ES/RTH/B0/1h/S-B_q0.90,8,2621026741,1091,M2_HAR|M4_HARQ,M2_HAR|M3_HARJ|M4_HARQ,"{""M5_RGARCH"": 0.0, ""M6_GK"": 0.0, ""M6_PARK"": 0.0, ""M1_EWMA"": 0.0099, ""M3_HARJ"": 0.1512, ""M2_HAR"": 1.0, ""M4_HARQ"": 1.0}"
ES/RTH/B0/1h/S-B_q0.90,9,1169115867,1091,M2_HAR|M4_HARQ,M2_HAR|M3_HARJ|M4_HARQ,"{""M5_RGARCH"": 0.0, ""M6_GK"": 0.0, ""M6_PARK"": 0.0, ""M1_EWMA"": 0.0093, ""M3_HARJ"": 0.1488, ""M2_HAR"": 1.0, ""M4_HARQ"": 1.0}"
ES/RTH/B0/1h/S-B_q0.90,10,3689063838,1091,M2_HAR|M4_HARQ,M2_HAR|M3_HARJ|M4_HARQ,"{""M5_RGARCH"": 0.0, ""M6_GK"": 0.0, ""M6_PARK"": 0.0, ""M1_EWMA"": 0.0089, ""M3_HARJ"": 0.1459, ""M2_HAR"": 1.0, ""M4_HARQ"": 1.0}"
ES/RTH/B0/1h/S-B_q0.90,11,1498398406,1091,M2_HAR|M4_HARQ,M2_HAR|M3_HARJ|M4_HARQ,"{""M5_RGARCH"": 0.0, ""M6_GK"": 0.0, ""M6_PARK"": 0.0, ""M1_EWMA"": 0.0076, ""M3_HARJ"": 0.153, ""M2_HAR"": 1.0, ""M4_HARQ"": 1.0}"
ES/RTH/B0/1h/S-B_q0.90,12,3833968697,1091,M2_HAR|M4_HARQ,M2_HAR|M3_HARJ|M4_HARQ,"{""M5_RGARCH"": 0.0, ""M6_GK"": 0.0, ""M6_PARK"": 0.0, ""M1_EWMA"": 0.0094, ""M3_HARJ"": 0.143, ""M2_HAR"": 1.0, ""M4_HARQ"": 1.0}"
ES/RTH/B0/1h/S-B_q0.90,13,630741820,1091,M2_HAR|M4_HARQ,M2_HAR|M3_HARJ|M4_HARQ,"{""M5_RGARCH"": 0.0, ""M6_GK"": 0.0, ""M6_PARK"": 0.0, ""M1_EWMA"": 0.0077, ""M3_HARJ"": 0.143, ""M2_HAR"": 1.0, ""M4_HARQ"": 1.0}"
ES/RTH/B0/1h/S-B_q0.90,14,2401719883,1091,M2_HAR|M4_HARQ,M2_HAR|M3_HARJ|M4_HARQ,"{""M5_RGARCH"": 0.0, ""M6_GK"": 0.0, ""M6_PARK"": 0.0, ""M1_EWMA"": 0.0086, ""M3_HARJ"": 0.1485, ""M2_HAR"": 1.0, ""M4_HARQ"": 1.0}"
ES/RTH/B0/1h/S-B_q0.90,15,3662131630,1091,M2_HAR|M4_HARQ,M2_HAR|M3_HARJ|M4_HARQ,"{""M5_RGARCH"": 0.0, ""M6_GK"": 0.0, ""M6_PARK"": 0.0, ""M1_EWMA"": 0.012, ""M3_HARJ"": 0.1509, ""M2_HAR"": 1.0, ""M4_HARQ"": 1.0}"
ES/RTH/B0/1h/S-B_q0.90,16,303417529,1091,M2_HAR|M4_HARQ,M2_HAR|M3_HARJ|M4_HARQ,"{""M5_RGARCH"": 0.0, ""M6_GK"": 0.0, ""M6_PARK"": 0.0, ""M1_EWMA"": 0.0096, ""M3_HARJ"": 0.1496, ""M2_HAR"": 1.0, ""M4_HARQ"": 1.0}"
ES/RTH/B0/1h/S-B_q0.90,17,4155647398,1091,M2_HAR|M4_HARQ,M2_HAR|M3_HARJ|M4_HARQ,"{""M5_RGARCH"": 0.0, ""M6_GK"": 0.0, ""M6_PARK"": 0.0, ""M1_EWMA"": 0.0091, ""M3_HARJ"": 0.1483, ""M2_HAR"": 1.0, ""M4_HARQ"": 1.0}"
ES/RTH/B0/1h/S-B_q0.90,18,2620441196,1091,M2_HAR|M4_HARQ,M2_HAR|M3_HARJ|M4_HARQ,"{""M5_RGARCH"": 0.0, ""M6_GK"": 0.0, ""M6_PARK"": 0.0, ""M1_EWMA"": 0.0101, ""M3_HARJ"": 0.1473, ""M2_HAR"": 1.0, ""M4_HARQ"": 1.0}"
ES/RTH/B0/1h/S-B_q0.90,19,4201311651,1091,M2_HAR|M4_HARQ,M2_HAR|M3_HARJ|M4_HARQ,"{""M5_RGARCH"": 0.0, ""M6_GK"": 0.0, ""M6_PARK"": 0.0, ""M1_EWMA"": 0.0111, ""M3_HARJ"": 0.1542, ""M2_HAR"": 1.0, ""M4_HARQ"": 1.0}"
ES/RTH/B0/1h/S-C_q0.80,0,2237533746,2181,M2_HAR|M3_HARJ|M4_HARQ,M2_HAR|M3_HARJ|M4_HARQ,"{""M5_RGARCH"": 0.0, ""M6_GK"": 0.0, ""M6_PARK"": 0.0, ""M1_EWMA"": 0.0, ""M3_HARJ"": 0.2786, ""M2_HAR"": 1.0, ""M4_HARQ"": 1.0}"
ES/RTH/B0/1h/S-C_q0.80,1,702494603,2181,M2_HAR|M3_HARJ|M4_HARQ,M2_HAR|M3_HARJ|M4_HARQ,"{""M5_RGARCH"": 0.0, ""M6_GK"": 0.0, ""M6_PARK"": 0.0, ""M1_EWMA"": 0.0, ""M3_HARJ"": 0.274, ""M2_HAR"": 1.0, ""M4_HARQ"": 1.0}"
ES/RTH/B0/1h/S-C_q0.80,2,4139393190,2181,M2_HAR|M3_HARJ|M4_HARQ,M2_HAR|M3_HARJ|M4_HARQ,"{""M5_RGARCH"": 0.0, ""M6_GK"": 0.0, ""M6_PARK"": 0.0, ""M1_EWMA"": 0.0, ""M3_HARJ"": 0.2727, ""M2_HAR"": 1.0, ""M4_HARQ"": 1.0}"
ES/RTH/B0/1h/S-C_q0.80,3,769717545,2181,M2_HAR|M3_HARJ|M4_HARQ,M2_HAR|M3_HARJ|M4_HARQ,"{""M5_RGARCH"": 0.0, ""M6_GK"": 0.0, ""M6_PARK"": 0.0, ""M1_EWMA"": 0.0, ""M3_HARJ"": 0.2817, ""M2_HAR"": 1.0, ""M4_HARQ"": 1.0}"
ES/RTH/B0/1h/S-C_q0.80,4,919028315,2181,M2_HAR|M3_HARJ|M4_HARQ,M2_HAR|M3_HARJ|M4_HARQ,"{""M5_RGARCH"": 0.0, ""M6_GK"": 0.0, ""M6_PARK"": 0.0, ""M1_EWMA"": 0.0, ""M3_HARJ"": 0.2793, ""M2_HAR"": 1.0, ""M4_HARQ"": 1.0}"
ES/RTH/B0/1h/S-C_q0.80,5,611620464,2181,M2_HAR|M3_HARJ|M4_HARQ,M2_HAR|M3_HARJ|M4_HARQ,"{""M5_RGARCH"": 0.0, ""M6_GK"": 0.0, ""M6_PARK"": 0.0, ""M1_EWMA"": 0.0, ""M3_HARJ"": 0.2768, ""M2_HAR"": 1.0, ""M4_HARQ"": 1.0}"
ES/RTH/B0/1h/S-C_q0.80,6,3477480266,2181,M2_HAR|M3_HARJ|M4_HARQ,M2_HAR|M3_HARJ|M4_HARQ,"{""M5_RGARCH"": 0.0, ""M6_GK"": 0.0, ""M6_PARK"": 0.0, ""M1_EWMA"": 0.0, ""M3_HARJ"": 0.2724, ""M2_HAR"": 1.0, ""M4_HARQ"": 1.0}"
ES/RTH/B0/1h/S-C_q0.80,7,3198431117,2181,M2_HAR|M3_HARJ|M4_HARQ,M2_HAR|M3_HARJ|M4_HARQ,"{""M5_RGARCH"": 0.0, ""M6_GK"": 0.0, ""M6_PARK"": 0.0, ""M1_EWMA"": 0.0, ""M3_HARJ"": 0.2709, ""M2_HAR"": 1.0, ""M4_HARQ"": 1.0}"
ES/RTH/B0/1h/S-C_q0.80,8,2621026741,2181,M2_HAR|M3_HARJ|M4_HARQ,M2_HAR|M3_HARJ|M4_HARQ,"{""M5_RGARCH"": 0.0, ""M6_GK"": 0.0, ""M6_PARK"": 0.0, ""M1_EWMA"": 0.0, ""M3_HARJ"": 0.2816, ""M2_HAR"": 1.0, ""M4_HARQ"": 1.0}"
ES/RTH/B0/1h/S-C_q0.80,9,1169115867,2181,M2_HAR|M3_HARJ|M4_HARQ,M2_HAR|M3_HARJ|M4_HARQ,"{""M5_RGARCH"": 0.0, ""M6_GK"": 0.0, ""M6_PARK"": 0.0, ""M1_EWMA"": 0.0, ""M3_HARJ"": 0.279, ""M2_HAR"": 1.0, ""M4_HARQ"": 1.0}"
ES/RTH/B0/1h/S-C_q0.80,10,3689063838,2181,M2_HAR|M3_HARJ|M4_HARQ,M2_HAR|M3_HARJ|M4_HARQ,"{""M5_RGARCH"": 0.0, ""M6_GK"": 0.0, ""M6_PARK"": 0.0, ""M1_EWMA"": 0.0, ""M3_HARJ"": 0.278, ""M2_HAR"": 1.0, ""M4_HARQ"": 1.0}"
ES/RTH/B0/1h/S-C_q0.80,11,1498398406,2181,M2_HAR|M3_HARJ|M4_HARQ,M2_HAR|M3_HARJ|M4_HARQ,"{""M5_RGARCH"": 0.0, ""M6_GK"": 0.0, ""M6_PARK"": 0.0, ""M1_EWMA"": 0.0, ""M3_HARJ"": 0.2738, ""M2_HAR"": 1.0, ""M4_HARQ"": 1.0}"
ES/RTH/B0/1h/S-C_q0.80,12,3833968697,2181,M2_HAR|M3_HARJ|M4_HARQ,M2_HAR|M3_HARJ|M4_HARQ,"{""M5_RGARCH"": 0.0, ""M6_GK"": 0.0, ""M6_PARK"": 0.0, ""M1_EWMA"": 0.0, ""M3_HARJ"": 0.2747, ""M2_HAR"": 1.0, ""M4_HARQ"": 1.0}"
ES/RTH/B0/1h/S-C_q0.80,13,630741820,2181,M2_HAR|M3_HARJ|M4_HARQ,M2_HAR|M3_HARJ|M4_HARQ,"{""M5_RGARCH"": 0.0, ""M6_GK"": 0.0, ""M6_PARK"": 0.0, ""M1_EWMA"": 0.0, ""M3_HARJ"": 0.273, ""M2_HAR"": 1.0, ""M4_HARQ"": 1.0}"
ES/RTH/B0/1h/S-C_q0.80,14,2401719883,2181,M2_HAR|M3_HARJ|M4_HARQ,M2_HAR|M3_HARJ|M4_HARQ,"{""M5_RGARCH"": 0.0, ""M6_GK"": 0.0, ""M6_PARK"": 0.0, ""M1_EWMA"": 0.0, ""M3_HARJ"": 0.2814, ""M2_HAR"": 1.0, ""M4_HARQ"": 1.0}"
ES/RTH/B0/1h/S-C_q0.80,15,3662131630,2181,M2_HAR|M3_HARJ|M4_HARQ,M2_HAR|M3_HARJ|M4_HARQ,"{""M5_RGARCH"": 0.0, ""M6_GK"": 0.0, ""M6_PARK"": 0.0, ""M1_EWMA"": 0.0, ""M3_HARJ"": 0.2753, ""M2_HAR"": 1.0, ""M4_HARQ"": 1.0}"
ES/RTH/B0/1h/S-C_q0.80,16,303417529,2181,M2_HAR|M3_HARJ|M4_HARQ,M2_HAR|M3_HARJ|M4_HARQ,"{""M5_RGARCH"": 0.0, ""M6_GK"": 0.0, ""M6_PARK"": 0.0, ""M1_EWMA"": 0.0, ""M3_HARJ"": 0.2731, ""M2_HAR"": 1.0, ""M4_HARQ"": 1.0}"
ES/RTH/B0/1h/S-C_q0.80,17,4155647398,2181,M2_HAR|M3_HARJ|M4_HARQ,M2_HAR|M3_HARJ|M4_HARQ,"{""M5_RGARCH"": 0.0, ""M6_GK"": 0.0, ""M6_PARK"": 0.0, ""M1_EWMA"": 0.0, ""M3_HARJ"": 0.2768, ""M2_HAR"": 1.0, ""M4_HARQ"": 1.0}"
ES/RTH/B0/1h/S-C_q0.80,18,2620441196,2181,M2_HAR|M3_HARJ|M4_HARQ,M2_HAR|M3_HARJ|M4_HARQ,"{""M5_RGARCH"": 0.0, ""M6_GK"": 0.0, ""M6_PARK"": 0.0, ""M1_EWMA"": 0.0, ""M3_HARJ"": 0.2763, ""M2_HAR"": 1.0, ""M4_HARQ"": 1.0}"
ES/RTH/B0/1h/S-C_q0.80,19,4201311651,2181,M2_HAR|M3_HARJ|M4_HARQ,M2_HAR|M3_HARJ|M4_HARQ,"{""M5_RGARCH"": 0.0, ""M6_GK"": 0.0, ""M6_PARK"": 0.0, ""M1_EWMA"": 0.0, ""M3_HARJ"": 0.2822, ""M2_HAR"": 1.0, ""M4_HARQ"": 1.0}"
ES/RTH/B0/1h/S-C_q0.90,0,2237533746,1091,M2_HAR|M3_HARJ|M4_HARQ,M2_HAR|M3_HARJ|M4_HARQ,"{""M5_RGARCH"": 0.0, ""M6_GK"": 0.0, ""M6_PARK"": 0.0, ""M1_EWMA"": 0.0, ""M3_HARJ"": 0.7252, ""M2_HAR"": 1.0, ""M4_HARQ"": 1.0}"
ES/RTH/B0/1h/S-C_q0.90,1,702494603,1091,M2_HAR|M3_HARJ|M4_HARQ,M2_HAR|M3_HARJ|M4_HARQ,"{""M5_RGARCH"": 0.0, ""M6_GK"": 0.0, ""M6_PARK"": 0.0, ""M1_EWMA"": 0.0, ""M3_HARJ"": 0.7278, ""M2_HAR"": 1.0, ""M4_HARQ"": 1.0}"
ES/RTH/B0/1h/S-C_q0.90,2,4139393190,1091,M2_HAR|M3_HARJ|M4_HARQ,M2_HAR|M3_HARJ|M4_HARQ,"{""M5_RGARCH"": 0.0, ""M6_GK"": 0.0, ""M6_PARK"": 0.0, ""M1_EWMA"": 0.0, ""M3_HARJ"": 0.7252, ""M2_HAR"": 1.0, ""M4_HARQ"": 1.0}"
ES/RTH/B0/1h/S-C_q0.90,3,769717545,1091,M2_HAR|M3_HARJ|M4_HARQ,M2_HAR|M3_HARJ|M4_HARQ,"{""M5_RGARCH"": 0.0, ""M6_GK"": 0.0, ""M6_PARK"": 0.0, ""M1_EWMA"": 0.0, ""M3_HARJ"": 0.7252, ""M2_HAR"": 1.0, ""M4_HARQ"": 1.0}"
ES/RTH/B0/1h/S-C_q0.90,4,919028315,1091,M2_HAR|M3_HARJ|M4_HARQ,M2_HAR|M3_HARJ|M4_HARQ,"{""M5_RGARCH"": 0.0, ""M6_GK"": 0.0, ""M6_PARK"": 0.0, ""M1_EWMA"": 0.0, ""M3_HARJ"": 0.7349, ""M2_HAR"": 1.0, ""M4_HARQ"": 1.0}"
ES/RTH/B0/1h/S-C_q0.90,5,611620464,1091,M2_HAR|M3_HARJ|M4_HARQ,M2_HAR|M3_HARJ|M4_HARQ,"{""M5_RGARCH"": 0.0, ""M6_GK"": 0.0, ""M6_PARK"": 0.0, ""M1_EWMA"": 0.0, ""M3_HARJ"": 0.7297, ""M2_HAR"": 1.0, ""M4_HARQ"": 1.0}"
ES/RTH/B0/1h/S-C_q0.90,6,3477480266,1091,M2_HAR|M3_HARJ|M4_HARQ,M2_HAR|M3_HARJ|M4_HARQ,"{""M5_RGARCH"": 0.0, ""M6_GK"": 0.0, ""M6_PARK"": 0.0, ""M1_EWMA"": 0.0, ""M3_HARJ"": 0.7318, ""M2_HAR"": 1.0, ""M4_HARQ"": 1.0}"
ES/RTH/B0/1h/S-C_q0.90,7,3198431117,1091,M2_HAR|M3_HARJ|M4_HARQ,M2_HAR|M3_HARJ|M4_HARQ,"{""M5_RGARCH"": 0.0, ""M6_GK"": 0.0, ""M6_PARK"": 0.0, ""M1_EWMA"": 0.0, ""M3_HARJ"": 0.7309, ""M2_HAR"": 1.0, ""M4_HARQ"": 1.0}"
ES/RTH/B0/1h/S-C_q0.90,8,2621026741,1091,M2_HAR|M3_HARJ|M4_HARQ,M2_HAR|M3_HARJ|M4_HARQ,"{""M5_RGARCH"": 0.0, ""M6_GK"": 0.0, ""M6_PARK"": 0.0, ""M1_EWMA"": 0.0, ""M3_HARJ"": 0.7313, ""M2_HAR"": 1.0, ""M4_HARQ"": 1.0}"
ES/RTH/B0/1h/S-C_q0.90,9,1169115867,1091,M2_HAR|M3_HARJ|M4_HARQ,M2_HAR|M3_HARJ|M4_HARQ,"{""M5_RGARCH"": 0.0, ""M6_GK"": 0.0, ""M6_PARK"": 0.0, ""M1_EWMA"": 0.0, ""M3_HARJ"": 0.7284, ""M2_HAR"": 1.0, ""M4_HARQ"": 1.0}"
ES/RTH/B0/1h/S-C_q0.90,10,3689063838,1091,M2_HAR|M3_HARJ|M4_HARQ,M2_HAR|M3_HARJ|M4_HARQ,"{""M5_RGARCH"": 0.0, ""M6_GK"": 0.0, ""M6_PARK"": 0.0, ""M1_EWMA"": 0.0, ""M3_HARJ"": 0.7244, ""M2_HAR"": 1.0, ""M4_HARQ"": 1.0}"
ES/RTH/B0/1h/S-C_q0.90,11,1498398406,1091,M2_HAR|M3_HARJ|M4_HARQ,M2_HAR|M3_HARJ|M4_HARQ,"{""M5_RGARCH"": 0.0, ""M6_GK"": 0.0, ""M6_PARK"": 0.0, ""M1_EWMA"": 0.0, ""M3_HARJ"": 0.7226, ""M2_HAR"": 1.0, ""M4_HARQ"": 1.0}"
ES/RTH/B0/1h/S-C_q0.90,12,3833968697,1091,M2_HAR|M3_HARJ|M4_HARQ,M2_HAR|M3_HARJ|M4_HARQ,"{""M5_RGARCH"": 0.0, ""M6_GK"": 0.0, ""M6_PARK"": 0.0, ""M1_EWMA"": 0.0, ""M3_HARJ"": 0.7182, ""M2_HAR"": 1.0, ""M4_HARQ"": 1.0}"
ES/RTH/B0/1h/S-C_q0.90,13,630741820,1091,M2_HAR|M3_HARJ|M4_HARQ,M2_HAR|M3_HARJ|M4_HARQ,"{""M5_RGARCH"": 0.0, ""M6_GK"": 0.0, ""M6_PARK"": 0.0, ""M1_EWMA"": 0.0, ""M3_HARJ"": 0.7282, ""M2_HAR"": 1.0, ""M4_HARQ"": 1.0}"
ES/RTH/B0/1h/S-C_q0.90,14,2401719883,1091,M2_HAR|M3_HARJ|M4_HARQ,M2_HAR|M3_HARJ|M4_HARQ,"{""M5_RGARCH"": 0.0, ""M6_GK"": 0.0, ""M6_PARK"": 0.0, ""M1_EWMA"": 0.0, ""M3_HARJ"": 0.7257, ""M2_HAR"": 1.0, ""M4_HARQ"": 1.0}"
ES/RTH/B0/1h/S-C_q0.90,15,3662131630,1091,M2_HAR|M3_HARJ|M4_HARQ,M2_HAR|M3_HARJ|M4_HARQ,"{""M5_RGARCH"": 0.0, ""M6_GK"": 0.0, ""M6_PARK"": 0.0, ""M1_EWMA"": 0.0, ""M3_HARJ"": 0.7269, ""M2_HAR"": 1.0, ""M4_HARQ"": 1.0}"
ES/RTH/B0/1h/S-C_q0.90,16,303417529,1091,M2_HAR|M3_HARJ|M4_HARQ,M2_HAR|M3_HARJ|M4_HARQ,"{""M5_RGARCH"": 0.0, ""M6_GK"": 0.0, ""M6_PARK"": 0.0, ""M1_EWMA"": 0.0, ""M3_HARJ"": 0.7217, ""M2_HAR"": 1.0, ""M4_HARQ"": 1.0}"
ES/RTH/B0/1h/S-C_q0.90,17,4155647398,1091,M2_HAR|M3_HARJ|M4_HARQ,M2_HAR|M3_HARJ|M4_HARQ,"{""M5_RGARCH"": 0.0, ""M6_GK"": 0.0, ""M6_PARK"": 0.0, ""M1_EWMA"": 0.0, ""M3_HARJ"": 0.7315, ""M2_HAR"": 1.0, ""M4_HARQ"": 1.0}"
ES/RTH/B0/1h/S-C_q0.90,18,2620441196,1091,M2_HAR|M3_HARJ|M4_HARQ,M2_HAR|M3_HARJ|M4_HARQ,"{""M5_RGARCH"": 0.0, ""M6_GK"": 0.0, ""M6_PARK"": 0.0, ""M1_EWMA"": 0.0, ""M3_HARJ"": 0.7265, ""M2_HAR"": 1.0, ""M4_HARQ"": 1.0}"
ES/RTH/B0/1h/S-C_q0.90,19,4201311651,1091,M2_HAR|M3_HARJ|M4_HARQ,M2_HAR|M3_HARJ|M4_HARQ,"{""M5_RGARCH"": 0.0, ""M6_GK"": 0.0, ""M6_PARK"": 0.0, ""M1_EWMA"": 0.0, ""M3_HARJ"": 0.7329, ""M2_HAR"": 1.0, ""M4_HARQ"": 1.0}"
ES/RTH/B0/30min/S-B_q0.80,0,2237533746,4463,M2_HAR|M3_HARJ|M4_HARQ,M2_HAR|M3_HARJ|M4_HARQ,"{""M6_GK"": 0.0, ""M6_PARK"": 0.0, ""M5_RGARCH"": 0.0, ""M1_EWMA"": 0.0, ""M3_HARJ"": 0.4304, ""M2_HAR"": 1.0, ""M4_HARQ"": 1.0}"
ES/RTH/B0/30min/S-B_q0.80,1,702494603,4463,M2_HAR|M3_HARJ|M4_HARQ,M2_HAR|M3_HARJ|M4_HARQ,"{""M6_GK"": 0.0, ""M6_PARK"": 0.0, ""M5_RGARCH"": 0.0, ""M1_EWMA"": 0.0, ""M3_HARJ"": 0.4219, ""M2_HAR"": 1.0, ""M4_HARQ"": 1.0}"
ES/RTH/B0/30min/S-B_q0.80,2,4139393190,4463,M2_HAR|M3_HARJ|M4_HARQ,M2_HAR|M3_HARJ|M4_HARQ,"{""M6_GK"": 0.0, ""M6_PARK"": 0.0, ""M5_RGARCH"": 0.0, ""M1_EWMA"": 0.0, ""M3_HARJ"": 0.4283, ""M2_HAR"": 1.0, ""M4_HARQ"": 1.0}"
ES/RTH/B0/30min/S-B_q0.80,3,769717545,4463,M2_HAR|M3_HARJ|M4_HARQ,M2_HAR|M3_HARJ|M4_HARQ,"{""M6_GK"": 0.0, ""M6_PARK"": 0.0, ""M5_RGARCH"": 0.0, ""M1_EWMA"": 0.0, ""M3_HARJ"": 0.4292, ""M2_HAR"": 1.0, ""M4_HARQ"": 1.0}"
ES/RTH/B0/30min/S-B_q0.80,4,919028315,4463,M2_HAR|M3_HARJ|M4_HARQ,M2_HAR|M3_HARJ|M4_HARQ,"{""M6_GK"": 0.0, ""M6_PARK"": 0.0, ""M5_RGARCH"": 0.0, ""M1_EWMA"": 0.0, ""M3_HARJ"": 0.432, ""M2_HAR"": 1.0, ""M4_HARQ"": 1.0}"
ES/RTH/B0/30min/S-B_q0.80,5,611620464,4463,M2_HAR|M3_HARJ|M4_HARQ,M2_HAR|M3_HARJ|M4_HARQ,"{""M6_GK"": 0.0, ""M6_PARK"": 0.0, ""M5_RGARCH"": 0.0, ""M1_EWMA"": 0.0, ""M3_HARJ"": 0.4295, ""M2_HAR"": 1.0, ""M4_HARQ"": 1.0}"
ES/RTH/B0/30min/S-B_q0.80,6,3477480266,4463,M2_HAR|M3_HARJ|M4_HARQ,M2_HAR|M3_HARJ|M4_HARQ,"{""M6_GK"": 0.0, ""M6_PARK"": 0.0, ""M5_RGARCH"": 0.0, ""M1_EWMA"": 0.0, ""M3_HARJ"": 0.4261, ""M2_HAR"": 1.0, ""M4_HARQ"": 1.0}"
ES/RTH/B0/30min/S-B_q0.80,7,3198431117,4463,M2_HAR|M3_HARJ|M4_HARQ,M2_HAR|M3_HARJ|M4_HARQ,"{""M6_GK"": 0.0, ""M6_PARK"": 0.0, ""M5_RGARCH"": 0.0, ""M1_EWMA"": 0.0, ""M3_HARJ"": 0.4155, ""M2_HAR"": 1.0, ""M4_HARQ"": 1.0}"
ES/RTH/B0/30min/S-B_q0.80,8,2621026741,4463,M2_HAR|M3_HARJ|M4_HARQ,M2_HAR|M3_HARJ|M4_HARQ,"{""M6_GK"": 0.0, ""M6_PARK"": 0.0, ""M5_RGARCH"": 0.0, ""M1_EWMA"": 0.0, ""M3_HARJ"": 0.4308, ""M2_HAR"": 1.0, ""M4_HARQ"": 1.0}"
ES/RTH/B0/30min/S-B_q0.80,9,1169115867,4463,M2_HAR|M3_HARJ|M4_HARQ,M2_HAR|M3_HARJ|M4_HARQ,"{""M6_GK"": 0.0, ""M6_PARK"": 0.0, ""M5_RGARCH"": 0.0, ""M1_EWMA"": 0.0, ""M3_HARJ"": 0.4288, ""M2_HAR"": 1.0, ""M4_HARQ"": 1.0}"
ES/RTH/B0/30min/S-B_q0.80,10,3689063838,4463,M2_HAR|M3_HARJ|M4_HARQ,M2_HAR|M3_HARJ|M4_HARQ,"{""M6_GK"": 0.0, ""M6_PARK"": 0.0, ""M5_RGARCH"": 0.0, ""M1_EWMA"": 0.0, ""M3_HARJ"": 0.4278, ""M2_HAR"": 1.0, ""M4_HARQ"": 1.0}"
ES/RTH/B0/30min/S-B_q0.80,11,1498398406,4463,M2_HAR|M3_HARJ|M4_HARQ,M2_HAR|M3_HARJ|M4_HARQ,"{""M6_GK"": 0.0, ""M6_PARK"": 0.0, ""M5_RGARCH"": 0.0, ""M1_EWMA"": 0.0, ""M3_HARJ"": 0.4309, ""M2_HAR"": 1.0, ""M4_HARQ"": 1.0}"
ES/RTH/B0/30min/S-B_q0.80,12,3833968697,4463,M2_HAR|M3_HARJ|M4_HARQ,M2_HAR|M3_HARJ|M4_HARQ,"{""M6_GK"": 0.0, ""M6_PARK"": 0.0, ""M5_RGARCH"": 0.0, ""M1_EWMA"": 0.0, ""M3_HARJ"": 0.4248, ""M2_HAR"": 1.0, ""M4_HARQ"": 1.0}"
ES/RTH/B0/30min/S-B_q0.80,13,630741820,4463,M2_HAR|M3_HARJ|M4_HARQ,M2_HAR|M3_HARJ|M4_HARQ,"{""M6_GK"": 0.0, ""M6_PARK"": 0.0, ""M5_RGARCH"": 0.0, ""M1_EWMA"": 0.0, ""M3_HARJ"": 0.4259, ""M2_HAR"": 1.0, ""M4_HARQ"": 1.0}"
ES/RTH/B0/30min/S-B_q0.80,14,2401719883,4463,M2_HAR|M3_HARJ|M4_HARQ,M2_HAR|M3_HARJ|M4_HARQ,"{""M6_GK"": 0.0, ""M6_PARK"": 0.0, ""M5_RGARCH"": 0.0, ""M1_EWMA"": 0.0, ""M3_HARJ"": 0.4175, ""M2_HAR"": 1.0, ""M4_HARQ"": 1.0}"
ES/RTH/B0/30min/S-B_q0.80,15,3662131630,4463,M2_HAR|M3_HARJ|M4_HARQ,M2_HAR|M3_HARJ|M4_HARQ,"{""M6_GK"": 0.0, ""M6_PARK"": 0.0, ""M5_RGARCH"": 0.0, ""M1_EWMA"": 0.0, ""M3_HARJ"": 0.4296, ""M2_HAR"": 1.0, ""M4_HARQ"": 1.0}"
ES/RTH/B0/30min/S-B_q0.80,16,303417529,4463,M2_HAR|M3_HARJ|M4_HARQ,M2_HAR|M3_HARJ|M4_HARQ,"{""M6_GK"": 0.0, ""M6_PARK"": 0.0, ""M5_RGARCH"": 0.0, ""M1_EWMA"": 0.0, ""M3_HARJ"": 0.4258, ""M2_HAR"": 1.0, ""M4_HARQ"": 1.0}"
ES/RTH/B0/30min/S-B_q0.80,17,4155647398,4463,M2_HAR|M3_HARJ|M4_HARQ,M2_HAR|M3_HARJ|M4_HARQ,"{""M6_GK"": 0.0, ""M6_PARK"": 0.0, ""M5_RGARCH"": 0.0, ""M1_EWMA"": 0.0, ""M3_HARJ"": 0.429, ""M2_HAR"": 1.0, ""M4_HARQ"": 1.0}"
ES/RTH/B0/30min/S-B_q0.80,18,2620441196,4463,M2_HAR|M3_HARJ|M4_HARQ,M2_HAR|M3_HARJ|M4_HARQ,"{""M6_GK"": 0.0, ""M6_PARK"": 0.0, ""M5_RGARCH"": 0.0, ""M1_EWMA"": 0.0, ""M3_HARJ"": 0.4279, ""M2_HAR"": 1.0, ""M4_HARQ"": 1.0}"
ES/RTH/B0/30min/S-B_q0.80,19,4201311651,4463,M2_HAR|M3_HARJ|M4_HARQ,M2_HAR|M3_HARJ|M4_HARQ,"{""M6_GK"": 0.0, ""M6_PARK"": 0.0, ""M5_RGARCH"": 0.0, ""M1_EWMA"": 0.0, ""M3_HARJ"": 0.4234, ""M2_HAR"": 1.0, ""M4_HARQ"": 1.0}"
ES/RTH/B0/30min/S-B_q0.90,0,2237533746,2232,M2_HAR|M3_HARJ|M4_HARQ,M2_HAR|M3_HARJ|M4_HARQ,"{""M5_RGARCH"": 0.0, ""M6_GK"": 0.0, ""M6_PARK"": 0.0, ""M1_EWMA"": 0.0, ""M3_HARJ"": 0.4379, ""M2_HAR"": 1.0, ""M4_HARQ"": 1.0}"
ES/RTH/B0/30min/S-B_q0.90,1,702494603,2232,M2_HAR|M3_HARJ|M4_HARQ,M2_HAR|M3_HARJ|M4_HARQ,"{""M5_RGARCH"": 0.0, ""M6_GK"": 0.0, ""M6_PARK"": 0.0, ""M1_EWMA"": 0.0, ""M3_HARJ"": 0.449, ""M2_HAR"": 1.0, ""M4_HARQ"": 1.0}"
ES/RTH/B0/30min/S-B_q0.90,2,4139393190,2232,M2_HAR|M3_HARJ|M4_HARQ,M2_HAR|M3_HARJ|M4_HARQ,"{""M5_RGARCH"": 0.0, ""M6_GK"": 0.0, ""M6_PARK"": 0.0, ""M1_EWMA"": 0.0, ""M3_HARJ"": 0.4477, ""M2_HAR"": 1.0, ""M4_HARQ"": 1.0}"
ES/RTH/B0/30min/S-B_q0.90,3,769717545,2232,M2_HAR|M3_HARJ|M4_HARQ,M2_HAR|M3_HARJ|M4_HARQ,"{""M5_RGARCH"": 0.0, ""M6_GK"": 0.0, ""M6_PARK"": 0.0, ""M1_EWMA"": 0.0, ""M3_HARJ"": 0.4395, ""M2_HAR"": 1.0, ""M4_HARQ"": 1.0}"
ES/RTH/B0/30min/S-B_q0.90,4,919028315,2232,M2_HAR|M3_HARJ|M4_HARQ,M2_HAR|M3_HARJ|M4_HARQ,"{""M5_RGARCH"": 0.0, ""M6_GK"": 0.0, ""M6_PARK"": 0.0, ""M1_EWMA"": 0.0, ""M3_HARJ"": 0.4514, ""M2_HAR"": 1.0, ""M4_HARQ"": 1.0}"
ES/RTH/B0/30min/S-B_q0.90,5,611620464,2232,M2_HAR|M3_HARJ|M4_HARQ,M2_HAR|M3_HARJ|M4_HARQ,"{""M5_RGARCH"": 0.0, ""M6_GK"": 0.0, ""M6_PARK"": 0.0, ""M1_EWMA"": 0.0, ""M3_HARJ"": 0.4482, ""M2_HAR"": 1.0, ""M4_HARQ"": 1.0}"
ES/RTH/B0/30min/S-B_q0.90,6,3477480266,2232,M2_HAR|M3_HARJ|M4_HARQ,M2_HAR|M3_HARJ|M4_HARQ,"{""M5_RGARCH"": 0.0, ""M6_GK"": 0.0, ""M6_PARK"": 0.0, ""M1_EWMA"": 0.0, ""M3_HARJ"": 0.445, ""M2_HAR"": 1.0, ""M4_HARQ"": 1.0}"
ES/RTH/B0/30min/S-B_q0.90,7,3198431117,2232,M2_HAR|M3_HARJ|M4_HARQ,M2_HAR|M3_HARJ|M4_HARQ,"{""M5_RGARCH"": 0.0, ""M6_GK"": 0.0, ""M6_PARK"": 0.0, ""M1_EWMA"": 0.0, ""M3_HARJ"": 0.4449, ""M2_HAR"": 1.0, ""M4_HARQ"": 1.0}"
ES/RTH/B0/30min/S-B_q0.90,8,2621026741,2232,M2_HAR|M3_HARJ|M4_HARQ,M2_HAR|M3_HARJ|M4_HARQ,"{""M5_RGARCH"": 0.0, ""M6_GK"": 0.0, ""M6_PARK"": 0.0, ""M1_EWMA"": 0.0, ""M3_HARJ"": 0.4476, ""M2_HAR"": 1.0, ""M4_HARQ"": 1.0}"
ES/RTH/B0/30min/S-B_q0.90,9,1169115867,2232,M2_HAR|M3_HARJ|M4_HARQ,M2_HAR|M3_HARJ|M4_HARQ,"{""M5_RGARCH"": 0.0, ""M6_GK"": 0.0, ""M6_PARK"": 0.0, ""M1_EWMA"": 0.0, ""M3_HARJ"": 0.4444, ""M2_HAR"": 1.0, ""M4_HARQ"": 1.0}"
ES/RTH/B0/30min/S-B_q0.90,10,3689063838,2232,M2_HAR|M3_HARJ|M4_HARQ,M2_HAR|M3_HARJ|M4_HARQ,"{""M5_RGARCH"": 0.0, ""M6_GK"": 0.0, ""M6_PARK"": 0.0, ""M1_EWMA"": 0.0, ""M3_HARJ"": 0.4466, ""M2_HAR"": 1.0, ""M4_HARQ"": 1.0}"
ES/RTH/B0/30min/S-B_q0.90,11,1498398406,2232,M2_HAR|M3_HARJ|M4_HARQ,M2_HAR|M3_HARJ|M4_HARQ,"{""M5_RGARCH"": 0.0, ""M6_GK"": 0.0, ""M6_PARK"": 0.0, ""M1_EWMA"": 0.0, ""M3_HARJ"": 0.4439, ""M2_HAR"": 1.0, ""M4_HARQ"": 1.0}"
ES/RTH/B0/30min/S-B_q0.90,12,3833968697,2232,M2_HAR|M3_HARJ|M4_HARQ,M2_HAR|M3_HARJ|M4_HARQ,"{""M5_RGARCH"": 0.0, ""M6_GK"": 0.0, ""M6_PARK"": 0.0, ""M1_EWMA"": 0.0001, ""M3_HARJ"": 0.4467, ""M2_HAR"": 1.0, ""M4_HARQ"": 1.0}"
ES/RTH/B0/30min/S-B_q0.90,13,630741820,2232,M2_HAR|M3_HARJ|M4_HARQ,M2_HAR|M3_HARJ|M4_HARQ,"{""M5_RGARCH"": 0.0, ""M6_GK"": 0.0, ""M6_PARK"": 0.0, ""M1_EWMA"": 0.0, ""M3_HARJ"": 0.4456, ""M2_HAR"": 1.0, ""M4_HARQ"": 1.0}"
ES/RTH/B0/30min/S-B_q0.90,14,2401719883,2232,M2_HAR|M3_HARJ|M4_HARQ,M2_HAR|M3_HARJ|M4_HARQ,"{""M5_RGARCH"": 0.0, ""M6_GK"": 0.0, ""M6_PARK"": 0.0, ""M1_EWMA"": 0.0, ""M3_HARJ"": 0.4522, ""M2_HAR"": 1.0, ""M4_HARQ"": 1.0}"
ES/RTH/B0/30min/S-B_q0.90,15,3662131630,2232,M2_HAR|M3_HARJ|M4_HARQ,M2_HAR|M3_HARJ|M4_HARQ,"{""M5_RGARCH"": 0.0, ""M6_GK"": 0.0, ""M6_PARK"": 0.0, ""M1_EWMA"": 0.0, ""M3_HARJ"": 0.4569, ""M2_HAR"": 1.0, ""M4_HARQ"": 1.0}"
ES/RTH/B0/30min/S-B_q0.90,16,303417529,2232,M2_HAR|M3_HARJ|M4_HARQ,M2_HAR|M3_HARJ|M4_HARQ,"{""M5_RGARCH"": 0.0, ""M6_GK"": 0.0, ""M6_PARK"": 0.0, ""M1_EWMA"": 0.0, ""M3_HARJ"": 0.4391, ""M2_HAR"": 1.0, ""M4_HARQ"": 1.0}"
ES/RTH/B0/30min/S-B_q0.90,17,4155647398,2232,M2_HAR|M3_HARJ|M4_HARQ,M2_HAR|M3_HARJ|M4_HARQ,"{""M5_RGARCH"": 0.0, ""M6_GK"": 0.0, ""M6_PARK"": 0.0, ""M1_EWMA"": 0.0, ""M3_HARJ"": 0.4454, ""M2_HAR"": 1.0, ""M4_HARQ"": 1.0}"
ES/RTH/B0/30min/S-B_q0.90,18,2620441196,2232,M2_HAR|M3_HARJ|M4_HARQ,M2_HAR|M3_HARJ|M4_HARQ,"{""M5_RGARCH"": 0.0, ""M6_GK"": 0.0, ""M6_PARK"": 0.0, ""M1_EWMA"": 0.0, ""M3_HARJ"": 0.4501, ""M2_HAR"": 1.0, ""M4_HARQ"": 1.0}"
ES/RTH/B0/30min/S-B_q0.90,19,4201311651,2232,M2_HAR|M3_HARJ|M4_HARQ,M2_HAR|M3_HARJ|M4_HARQ,"{""M5_RGARCH"": 0.0, ""M6_GK"": 0.0, ""M6_PARK"": 0.0, ""M1_EWMA"": 0.0, ""M3_HARJ"": 0.4479, ""M2_HAR"": 1.0, ""M4_HARQ"": 1.0}"
ES/RTH/B0/30min/S-C_q0.80,0,2237533746,4463,M2_HAR|M3_HARJ|M4_HARQ,M2_HAR|M3_HARJ|M4_HARQ,"{""M5_RGARCH"": 0.0, ""M6_GK"": 0.0, ""M6_PARK"": 0.0, ""M1_EWMA"": 0.0, ""M2_HAR"": 0.5813, ""M3_HARJ"": 1.0, ""M4_HARQ"": 1.0}"
ES/RTH/B0/30min/S-C_q0.80,1,702494603,4463,M2_HAR|M3_HARJ|M4_HARQ,M2_HAR|M3_HARJ|M4_HARQ,"{""M5_RGARCH"": 0.0, ""M6_GK"": 0.0, ""M6_PARK"": 0.0, ""M1_EWMA"": 0.0, ""M2_HAR"": 0.5866, ""M3_HARJ"": 1.0, ""M4_HARQ"": 1.0}"
ES/RTH/B0/30min/S-C_q0.80,2,4139393190,4463,M2_HAR|M3_HARJ|M4_HARQ,M2_HAR|M3_HARJ|M4_HARQ,"{""M5_RGARCH"": 0.0, ""M6_GK"": 0.0, ""M6_PARK"": 0.0, ""M1_EWMA"": 0.0, ""M2_HAR"": 0.5853, ""M3_HARJ"": 1.0, ""M4_HARQ"": 1.0}"
ES/RTH/B0/30min/S-C_q0.80,3,769717545,4463,M2_HAR|M3_HARJ|M4_HARQ,M2_HAR|M3_HARJ|M4_HARQ,"{""M5_RGARCH"": 0.0, ""M6_GK"": 0.0, ""M6_PARK"": 0.0, ""M1_EWMA"": 0.0, ""M2_HAR"": 0.5764, ""M3_HARJ"": 1.0, ""M4_HARQ"": 1.0}"
ES/RTH/B0/30min/S-C_q0.80,4,919028315,4463,M2_HAR|M3_HARJ|M4_HARQ,M2_HAR|M3_HARJ|M4_HARQ,"{""M5_RGARCH"": 0.0, ""M6_GK"": 0.0, ""M6_PARK"": 0.0, ""M1_EWMA"": 0.0, ""M2_HAR"": 0.5729, ""M3_HARJ"": 1.0, ""M4_HARQ"": 1.0}"
ES/RTH/B0/30min/S-C_q0.80,5,611620464,4463,M2_HAR|M3_HARJ|M4_HARQ,M2_HAR|M3_HARJ|M4_HARQ,"{""M5_RGARCH"": 0.0, ""M6_GK"": 0.0, ""M6_PARK"": 0.0, ""M1_EWMA"": 0.0, ""M2_HAR"": 0.5763, ""M3_HARJ"": 1.0, ""M4_HARQ"": 1.0}"
ES/RTH/B0/30min/S-C_q0.80,6,3477480266,4463,M2_HAR|M3_HARJ|M4_HARQ,M2_HAR|M3_HARJ|M4_HARQ,"{""M5_RGARCH"": 0.0, ""M6_GK"": 0.0, ""M6_PARK"": 0.0, ""M1_EWMA"": 0.0, ""M2_HAR"": 0.5766, ""M3_HARJ"": 1.0, ""M4_HARQ"": 1.0}"
ES/RTH/B0/30min/S-C_q0.80,7,3198431117,4463,M2_HAR|M3_HARJ|M4_HARQ,M2_HAR|M3_HARJ|M4_HARQ,"{""M5_RGARCH"": 0.0, ""M6_GK"": 0.0, ""M6_PARK"": 0.0, ""M1_EWMA"": 0.0, ""M2_HAR"": 0.5818, ""M3_HARJ"": 1.0, ""M4_HARQ"": 1.0}"
ES/RTH/B0/30min/S-C_q0.80,8,2621026741,4463,M2_HAR|M3_HARJ|M4_HARQ,M2_HAR|M3_HARJ|M4_HARQ,"{""M5_RGARCH"": 0.0, ""M6_GK"": 0.0, ""M6_PARK"": 0.0, ""M1_EWMA"": 0.0, ""M2_HAR"": 0.573, ""M3_HARJ"": 1.0, ""M4_HARQ"": 1.0}"
ES/RTH/B0/30min/S-C_q0.80,9,1169115867,4463,M2_HAR|M3_HARJ|M4_HARQ,M2_HAR|M3_HARJ|M4_HARQ,"{""M5_RGARCH"": 0.0, ""M6_GK"": 0.0, ""M6_PARK"": 0.0, ""M1_EWMA"": 0.0, ""M2_HAR"": 0.586, ""M3_HARJ"": 1.0, ""M4_HARQ"": 1.0}"
ES/RTH/B0/30min/S-C_q0.80,10,3689063838,4463,M2_HAR|M3_HARJ|M4_HARQ,M2_HAR|M3_HARJ|M4_HARQ,"{""M5_RGARCH"": 0.0, ""M6_GK"": 0.0, ""M6_PARK"": 0.0, ""M1_EWMA"": 0.0, ""M2_HAR"": 0.581, ""M3_HARJ"": 1.0, ""M4_HARQ"": 1.0}"
ES/RTH/B0/30min/S-C_q0.80,11,1498398406,4463,M2_HAR|M3_HARJ|M4_HARQ,M2_HAR|M3_HARJ|M4_HARQ,"{""M5_RGARCH"": 0.0, ""M6_GK"": 0.0, ""M6_PARK"": 0.0, ""M1_EWMA"": 0.0, ""M2_HAR"": 0.5836, ""M3_HARJ"": 1.0, ""M4_HARQ"": 1.0}"
ES/RTH/B0/30min/S-C_q0.80,12,3833968697,4463,M2_HAR|M3_HARJ|M4_HARQ,M2_HAR|M3_HARJ|M4_HARQ,"{""M5_RGARCH"": 0.0, ""M6_GK"": 0.0, ""M6_PARK"": 0.0, ""M1_EWMA"": 0.0, ""M2_HAR"": 0.5751, ""M3_HARJ"": 1.0, ""M4_HARQ"": 1.0}"
ES/RTH/B0/30min/S-C_q0.80,13,630741820,4463,M2_HAR|M3_HARJ|M4_HARQ,M2_HAR|M3_HARJ|M4_HARQ,"{""M5_RGARCH"": 0.0, ""M6_GK"": 0.0, ""M6_PARK"": 0.0, ""M1_EWMA"": 0.0, ""M2_HAR"": 0.5884, ""M3_HARJ"": 1.0, ""M4_HARQ"": 1.0}"
ES/RTH/B0/30min/S-C_q0.80,14,2401719883,4463,M2_HAR|M3_HARJ|M4_HARQ,M2_HAR|M3_HARJ|M4_HARQ,"{""M5_RGARCH"": 0.0, ""M6_GK"": 0.0, ""M6_PARK"": 0.0, ""M1_EWMA"": 0.0, ""M2_HAR"": 0.5835, ""M3_HARJ"": 1.0, ""M4_HARQ"": 1.0}"
ES/RTH/B0/30min/S-C_q0.80,15,3662131630,4463,M2_HAR|M3_HARJ|M4_HARQ,M2_HAR|M3_HARJ|M4_HARQ,"{""M5_RGARCH"": 0.0, ""M6_GK"": 0.0, ""M6_PARK"": 0.0, ""M1_EWMA"": 0.0, ""M2_HAR"": 0.5759, ""M3_HARJ"": 1.0, ""M4_HARQ"": 1.0}"
ES/RTH/B0/30min/S-C_q0.80,16,303417529,4463,M2_HAR|M3_HARJ|M4_HARQ,M2_HAR|M3_HARJ|M4_HARQ,"{""M5_RGARCH"": 0.0, ""M6_GK"": 0.0, ""M6_PARK"": 0.0, ""M1_EWMA"": 0.0, ""M2_HAR"": 0.5808, ""M3_HARJ"": 1.0, ""M4_HARQ"": 1.0}"
ES/RTH/B0/30min/S-C_q0.80,17,4155647398,4463,M2_HAR|M3_HARJ|M4_HARQ,M2_HAR|M3_HARJ|M4_HARQ,"{""M5_RGARCH"": 0.0, ""M6_GK"": 0.0, ""M6_PARK"": 0.0, ""M1_EWMA"": 0.0, ""M2_HAR"": 0.5823, ""M3_HARJ"": 1.0, ""M4_HARQ"": 1.0}"
ES/RTH/B0/30min/S-C_q0.80,18,2620441196,4463,M2_HAR|M3_HARJ|M4_HARQ,M2_HAR|M3_HARJ|M4_HARQ,"{""M5_RGARCH"": 0.0, ""M6_GK"": 0.0, ""M6_PARK"": 0.0, ""M1_EWMA"": 0.0, ""M2_HAR"": 0.5906, ""M3_HARJ"": 1.0, ""M4_HARQ"": 1.0}"
ES/RTH/B0/30min/S-C_q0.80,19,4201311651,4463,M2_HAR|M3_HARJ|M4_HARQ,M2_HAR|M3_HARJ|M4_HARQ,"{""M5_RGARCH"": 0.0, ""M6_GK"": 0.0, ""M6_PARK"": 0.0, ""M1_EWMA"": 0.0, ""M2_HAR"": 0.5774, ""M3_HARJ"": 1.0, ""M4_HARQ"": 1.0}"
ES/RTH/B0/30min/S-C_q0.90,0,2237533746,2232,M2_HAR|M3_HARJ|M4_HARQ,M2_HAR|M3_HARJ|M4_HARQ,"{""M5_RGARCH"": 0.0, ""M6_GK"": 0.0, ""M6_PARK"": 0.0, ""M1_EWMA"": 0.0, ""M2_HAR"": 0.7415, ""M3_HARJ"": 1.0, ""M4_HARQ"": 1.0}"
ES/RTH/B0/30min/S-C_q0.90,1,702494603,2232,M2_HAR|M3_HARJ|M4_HARQ,M2_HAR|M3_HARJ|M4_HARQ,"{""M5_RGARCH"": 0.0, ""M6_GK"": 0.0, ""M6_PARK"": 0.0, ""M1_EWMA"": 0.0, ""M2_HAR"": 0.7383, ""M3_HARJ"": 1.0, ""M4_HARQ"": 1.0}"
ES/RTH/B0/30min/S-C_q0.90,2,4139393190,2232,M2_HAR|M3_HARJ|M4_HARQ,M2_HAR|M3_HARJ|M4_HARQ,"{""M5_RGARCH"": 0.0, ""M6_GK"": 0.0, ""M6_PARK"": 0.0, ""M1_EWMA"": 0.0, ""M2_HAR"": 0.7363, ""M3_HARJ"": 1.0, ""M4_HARQ"": 1.0}"
ES/RTH/B0/30min/S-C_q0.90,3,769717545,2232,M2_HAR|M3_HARJ|M4_HARQ,M2_HAR|M3_HARJ|M4_HARQ,"{""M5_RGARCH"": 0.0, ""M6_GK"": 0.0, ""M6_PARK"": 0.0, ""M1_EWMA"": 0.0, ""M2_HAR"": 0.7424, ""M3_HARJ"": 1.0, ""M4_HARQ"": 1.0}"
ES/RTH/B0/30min/S-C_q0.90,4,919028315,2232,M2_HAR|M3_HARJ|M4_HARQ,M2_HAR|M3_HARJ|M4_HARQ,"{""M5_RGARCH"": 0.0, ""M6_GK"": 0.0, ""M6_PARK"": 0.0, ""M1_EWMA"": 0.0, ""M2_HAR"": 0.7376, ""M3_HARJ"": 1.0, ""M4_HARQ"": 1.0}"
ES/RTH/B0/30min/S-C_q0.90,5,611620464,2232,M2_HAR|M3_HARJ|M4_HARQ,M2_HAR|M3_HARJ|M4_HARQ,"{""M5_RGARCH"": 0.0, ""M6_GK"": 0.0, ""M6_PARK"": 0.0, ""M1_EWMA"": 0.0, ""M2_HAR"": 0.7357, ""M3_HARJ"": 1.0, ""M4_HARQ"": 1.0}"
ES/RTH/B0/30min/S-C_q0.90,6,3477480266,2232,M2_HAR|M3_HARJ|M4_HARQ,M2_HAR|M3_HARJ|M4_HARQ,"{""M5_RGARCH"": 0.0, ""M6_GK"": 0.0, ""M6_PARK"": 0.0, ""M1_EWMA"": 0.0, ""M2_HAR"": 0.7374, ""M3_HARJ"": 1.0, ""M4_HARQ"": 1.0}"
ES/RTH/B0/30min/S-C_q0.90,7,3198431117,2232,M2_HAR|M3_HARJ|M4_HARQ,M2_HAR|M3_HARJ|M4_HARQ,"{""M5_RGARCH"": 0.0, ""M6_GK"": 0.0, ""M6_PARK"": 0.0, ""M1_EWMA"": 0.0, ""M2_HAR"": 0.7383, ""M3_HARJ"": 1.0, ""M4_HARQ"": 1.0}"
ES/RTH/B0/30min/S-C_q0.90,8,2621026741,2232,M2_HAR|M3_HARJ|M4_HARQ,M2_HAR|M3_HARJ|M4_HARQ,"{""M5_RGARCH"": 0.0, ""M6_GK"": 0.0, ""M6_PARK"": 0.0, ""M1_EWMA"": 0.0, ""M2_HAR"": 0.7386, ""M3_HARJ"": 1.0, ""M4_HARQ"": 1.0}"
ES/RTH/B0/30min/S-C_q0.90,9,1169115867,2232,M2_HAR|M3_HARJ|M4_HARQ,M2_HAR|M3_HARJ|M4_HARQ,"{""M5_RGARCH"": 0.0, ""M6_GK"": 0.0, ""M6_PARK"": 0.0, ""M1_EWMA"": 0.0, ""M2_HAR"": 0.7443, ""M3_HARJ"": 1.0, ""M4_HARQ"": 1.0}"
ES/RTH/B0/30min/S-C_q0.90,10,3689063838,2232,M2_HAR|M3_HARJ|M4_HARQ,M2_HAR|M3_HARJ|M4_HARQ,"{""M5_RGARCH"": 0.0, ""M6_GK"": 0.0, ""M6_PARK"": 0.0, ""M1_EWMA"": 0.0, ""M2_HAR"": 0.7324, ""M3_HARJ"": 1.0, ""M4_HARQ"": 1.0}"
ES/RTH/B0/30min/S-C_q0.90,11,1498398406,2232,M2_HAR|M3_HARJ|M4_HARQ,M2_HAR|M3_HARJ|M4_HARQ,"{""M5_RGARCH"": 0.0, ""M6_GK"": 0.0, ""M6_PARK"": 0.0, ""M1_EWMA"": 0.0, ""M2_HAR"": 0.7326, ""M3_HARJ"": 1.0, ""M4_HARQ"": 1.0}"
ES/RTH/B0/30min/S-C_q0.90,12,3833968697,2232,M2_HAR|M3_HARJ|M4_HARQ,M2_HAR|M3_HARJ|M4_HARQ,"{""M5_RGARCH"": 0.0, ""M6_GK"": 0.0, ""M6_PARK"": 0.0, ""M1_EWMA"": 0.0, ""M2_HAR"": 0.7359, ""M3_HARJ"": 1.0, ""M4_HARQ"": 1.0}"
ES/RTH/B0/30min/S-C_q0.90,13,630741820,2232,M2_HAR|M3_HARJ|M4_HARQ,M2_HAR|M3_HARJ|M4_HARQ,"{""M5_RGARCH"": 0.0, ""M6_GK"": 0.0, ""M6_PARK"": 0.0, ""M1_EWMA"": 0.0, ""M2_HAR"": 0.7337, ""M3_HARJ"": 1.0, ""M4_HARQ"": 1.0}"
ES/RTH/B0/30min/S-C_q0.90,14,2401719883,2232,M2_HAR|M3_HARJ|M4_HARQ,M2_HAR|M3_HARJ|M4_HARQ,"{""M5_RGARCH"": 0.0, ""M6_GK"": 0.0, ""M6_PARK"": 0.0, ""M1_EWMA"": 0.0, ""M2_HAR"": 0.7379, ""M3_HARJ"": 1.0, ""M4_HARQ"": 1.0}"
ES/RTH/B0/30min/S-C_q0.90,15,3662131630,2232,M2_HAR|M3_HARJ|M4_HARQ,M2_HAR|M3_HARJ|M4_HARQ,"{""M5_RGARCH"": 0.0, ""M6_GK"": 0.0, ""M6_PARK"": 0.0, ""M1_EWMA"": 0.0, ""M2_HAR"": 0.7332, ""M3_HARJ"": 1.0, ""M4_HARQ"": 1.0}"
ES/RTH/B0/30min/S-C_q0.90,16,303417529,2232,M2_HAR|M3_HARJ|M4_HARQ,M2_HAR|M3_HARJ|M4_HARQ,"{""M5_RGARCH"": 0.0, ""M6_GK"": 0.0, ""M6_PARK"": 0.0, ""M1_EWMA"": 0.0, ""M2_HAR"": 0.7386, ""M3_HARJ"": 1.0, ""M4_HARQ"": 1.0}"
ES/RTH/B0/30min/S-C_q0.90,17,4155647398,2232,M2_HAR|M3_HARJ|M4_HARQ,M2_HAR|M3_HARJ|M4_HARQ,"{""M5_RGARCH"": 0.0, ""M6_GK"": 0.0, ""M6_PARK"": 0.0, ""M1_EWMA"": 0.0, ""M2_HAR"": 0.7286, ""M3_HARJ"": 1.0, ""M4_HARQ"": 1.0}"
ES/RTH/B0/30min/S-C_q0.90,18,2620441196,2232,M2_HAR|M3_HARJ|M4_HARQ,M2_HAR|M3_HARJ|M4_HARQ,"{""M5_RGARCH"": 0.0, ""M6_GK"": 0.0, ""M6_PARK"": 0.0, ""M1_EWMA"": 0.0, ""M2_HAR"": 0.7364, ""M3_HARJ"": 1.0, ""M4_HARQ"": 1.0}"
ES/RTH/B0/30min/S-C_q0.90,19,4201311651,2232,M2_HAR|M3_HARJ|M4_HARQ,M2_HAR|M3_HARJ|M4_HARQ,"{""M5_RGARCH"": 0.0, ""M6_GK"": 0.0, ""M6_PARK"": 0.0, ""M1_EWMA"": 0.0, ""M2_HAR"": 0.7355, ""M3_HARJ"": 1.0, ""M4_HARQ"": 1.0}"
ES/RTH/B1/1day/S-B_q0.80,0,2237533746,280,M2_HAR|M4_HARQ,M2_HAR|M3_HARJ|M4_HARQ,"{""M6_GK"": 0.0, ""M6_PARK"": 0.0, ""M5_RGARCH"": 0.0, ""M1_EWMA"": 0.0548, ""M3_HARJ"": 0.1896, ""M2_HAR"": 1.0, ""M4_HARQ"": 1.0}"
ES/RTH/B1/1day/S-B_q0.80,1,702494603,280,M2_HAR|M4_HARQ,M2_HAR|M3_HARJ|M4_HARQ,"{""M6_GK"": 0.0, ""M6_PARK"": 0.0, ""M5_RGARCH"": 0.0, ""M1_EWMA"": 0.0528, ""M3_HARJ"": 0.1974, ""M2_HAR"": 1.0, ""M4_HARQ"": 1.0}"
ES/RTH/B1/1day/S-B_q0.80,2,4139393190,280,M2_HAR|M4_HARQ,M2_HAR|M3_HARJ|M4_HARQ,"{""M6_GK"": 0.0, ""M6_PARK"": 0.0, ""M5_RGARCH"": 0.0, ""M1_EWMA"": 0.0524, ""M3_HARJ"": 0.192, ""M2_HAR"": 1.0, ""M4_HARQ"": 1.0}"
ES/RTH/B1/1day/S-B_q0.80,3,769717545,280,M2_HAR|M4_HARQ,M2_HAR|M3_HARJ|M4_HARQ,"{""M6_GK"": 0.0, ""M6_PARK"": 0.0, ""M5_RGARCH"": 0.0, ""M1_EWMA"": 0.0539, ""M3_HARJ"": 0.1961, ""M2_HAR"": 1.0, ""M4_HARQ"": 1.0}"
ES/RTH/B1/1day/S-B_q0.80,4,919028315,280,M2_HAR|M4_HARQ,M2_HAR|M3_HARJ|M4_HARQ,"{""M6_GK"": 0.0, ""M6_PARK"": 0.0, ""M5_RGARCH"": 0.0, ""M1_EWMA"": 0.0518, ""M3_HARJ"": 0.1989, ""M2_HAR"": 1.0, ""M4_HARQ"": 1.0}"
ES/RTH/B1/1day/S-B_q0.80,5,611620464,280,M2_HAR|M4_HARQ,M2_HAR|M3_HARJ|M4_HARQ,"{""M6_GK"": 0.0, ""M6_PARK"": 0.0, ""M5_RGARCH"": 0.0, ""M1_EWMA"": 0.0524, ""M3_HARJ"": 0.194, ""M2_HAR"": 1.0, ""M4_HARQ"": 1.0}"
ES/RTH/B1/1day/S-B_q0.80,6,3477480266,280,M2_HAR|M4_HARQ,M2_HAR|M3_HARJ|M4_HARQ,"{""M6_GK"": 0.0, ""M6_PARK"": 0.0, ""M5_RGARCH"": 0.0, ""M1_EWMA"": 0.0587, ""M3_HARJ"": 0.1921, ""M2_HAR"": 1.0, ""M4_HARQ"": 1.0}"
ES/RTH/B1/1day/S-B_q0.80,7,3198431117,280,M2_HAR|M4_HARQ,M2_HAR|M3_HARJ|M4_HARQ,"{""M6_GK"": 0.0, ""M6_PARK"": 0.0, ""M5_RGARCH"": 0.0, ""M1_EWMA"": 0.0493, ""M3_HARJ"": 0.2018, ""M2_HAR"": 1.0, ""M4_HARQ"": 1.0}"
ES/RTH/B1/1day/S-B_q0.80,8,2621026741,280,M2_HAR|M4_HARQ,M2_HAR|M3_HARJ|M4_HARQ,"{""M6_GK"": 0.0, ""M6_PARK"": 0.0, ""M5_RGARCH"": 0.0, ""M1_EWMA"": 0.0551, ""M3_HARJ"": 0.1954, ""M2_HAR"": 1.0, ""M4_HARQ"": 1.0}"
ES/RTH/B1/1day/S-B_q0.80,9,1169115867,280,M2_HAR|M4_HARQ,M2_HAR|M3_HARJ|M4_HARQ,"{""M6_GK"": 0.0001, ""M6_PARK"": 0.0001, ""M5_RGARCH"": 0.0001, ""M1_EWMA"": 0.0489, ""M3_HARJ"": 0.2019, ""M2_HAR"": 1.0, ""M4_HARQ"": 1.0}"
ES/RTH/B1/1day/S-B_q0.80,10,3689063838,280,M2_HAR|M4_HARQ,M2_HAR|M3_HARJ|M4_HARQ,"{""M6_GK"": 0.0003, ""M6_PARK"": 0.0003, ""M5_RGARCH"": 0.0003, ""M1_EWMA"": 0.0491, ""M3_HARJ"": 0.1949, ""M2_HAR"": 1.0, ""M4_HARQ"": 1.0}"
ES/RTH/B1/1day/S-B_q0.80,11,1498398406,280,M2_HAR|M4_HARQ,M2_HAR|M3_HARJ|M4_HARQ,"{""M6_GK"": 0.0, ""M6_PARK"": 0.0, ""M5_RGARCH"": 0.0, ""M1_EWMA"": 0.055, ""M3_HARJ"": 0.1873, ""M2_HAR"": 1.0, ""M4_HARQ"": 1.0}"
ES/RTH/B1/1day/S-B_q0.80,12,3833968697,280,M2_HAR|M4_HARQ,M2_HAR|M3_HARJ|M4_HARQ,"{""M6_GK"": 0.0001, ""M6_PARK"": 0.0001, ""M5_RGARCH"": 0.0001, ""M1_EWMA"": 0.0554, ""M3_HARJ"": 0.1958, ""M2_HAR"": 1.0, ""M4_HARQ"": 1.0}"
ES/RTH/B1/1day/S-B_q0.80,13,630741820,280,M2_HAR|M4_HARQ,M2_HAR|M3_HARJ|M4_HARQ,"{""M6_GK"": 0.0, ""M6_PARK"": 0.0, ""M5_RGARCH"": 0.0, ""M1_EWMA"": 0.0531, ""M3_HARJ"": 0.1911, ""M2_HAR"": 1.0, ""M4_HARQ"": 1.0}"
ES/RTH/B1/1day/S-B_q0.80,14,2401719883,280,M2_HAR|M4_HARQ,M2_HAR|M3_HARJ|M4_HARQ,"{""M6_GK"": 0.0, ""M6_PARK"": 0.0, ""M5_RGARCH"": 0.0, ""M1_EWMA"": 0.0516, ""M3_HARJ"": 0.1961, ""M2_HAR"": 1.0, ""M4_HARQ"": 1.0}"
ES/RTH/B1/1day/S-B_q0.80,15,3662131630,280,M2_HAR|M4_HARQ,M2_HAR|M3_HARJ|M4_HARQ,"{""M6_GK"": 0.0, ""M6_PARK"": 0.0, ""M5_RGARCH"": 0.0, ""M1_EWMA"": 0.0546, ""M3_HARJ"": 0.1968, ""M2_HAR"": 1.0, ""M4_HARQ"": 1.0}"
ES/RTH/B1/1day/S-B_q0.80,16,303417529,280,M2_HAR|M4_HARQ,M2_HAR|M3_HARJ|M4_HARQ,"{""M6_GK"": 0.0, ""M6_PARK"": 0.0, ""M5_RGARCH"": 0.0, ""M1_EWMA"": 0.0545, ""M3_HARJ"": 0.1963, ""M2_HAR"": 1.0, ""M4_HARQ"": 1.0}"
ES/RTH/B1/1day/S-B_q0.80,17,4155647398,280,M2_HAR|M4_HARQ,M2_HAR|M3_HARJ|M4_HARQ,"{""M6_GK"": 0.0, ""M6_PARK"": 0.0, ""M5_RGARCH"": 0.0, ""M1_EWMA"": 0.05, ""M3_HARJ"": 0.1918, ""M2_HAR"": 1.0, ""M4_HARQ"": 1.0}"
ES/RTH/B1/1day/S-B_q0.80,18,2620441196,280,M2_HAR|M4_HARQ,M2_HAR|M3_HARJ|M4_HARQ,"{""M6_GK"": 0.0001, ""M6_PARK"": 0.0001, ""M5_RGARCH"": 0.0001, ""M1_EWMA"": 0.0511, ""M3_HARJ"": 0.1949, ""M2_HAR"": 1.0, ""M4_HARQ"": 1.0}"
ES/RTH/B1/1day/S-B_q0.80,19,4201311651,280,M2_HAR|M4_HARQ,M2_HAR|M3_HARJ|M4_HARQ,"{""M6_GK"": 0.0, ""M6_PARK"": 0.0, ""M5_RGARCH"": 0.0, ""M1_EWMA"": 0.0555, ""M3_HARJ"": 0.1949, ""M2_HAR"": 1.0, ""M4_HARQ"": 1.0}"
ES/RTH/B1/1day/S-B_q0.90,0,2237533746,140,M2_HAR|M3_HARJ|M4_HARQ,M2_HAR|M3_HARJ|M4_HARQ,"{""M5_RGARCH"": 0.0, ""M6_GK"": 0.0118, ""M1_EWMA"": 0.0634, ""M6_PARK"": 0.0634, ""M3_HARJ"": 0.4886, ""M2_HAR"": 1.0, ""M4_HARQ"": 1.0}"
ES/RTH/B1/1day/S-B_q0.90,1,702494603,140,M2_HAR|M3_HARJ|M4_HARQ,M2_HAR|M3_HARJ|M4_HARQ,"{""M5_RGARCH"": 0.0001, ""M6_GK"": 0.0122, ""M1_EWMA"": 0.0655, ""M6_PARK"": 0.0655, ""M3_HARJ"": 0.4785, ""M2_HAR"": 1.0, ""M4_HARQ"": 1.0}"
ES/RTH/B1/1day/S-B_q0.90,2,4139393190,140,M2_HAR|M3_HARJ|M4_HARQ,M2_HAR|M3_HARJ|M4_HARQ,"{""M5_RGARCH"": 0.0001, ""M6_GK"": 0.0118, ""M1_EWMA"": 0.0627, ""M6_PARK"": 0.0627, ""M3_HARJ"": 0.4732, ""M2_HAR"": 1.0, ""M4_HARQ"": 1.0}"
ES/RTH/B1/1day/S-B_q0.90,3,769717545,140,M2_HAR|M3_HARJ|M4_HARQ,M2_HAR|M3_HARJ|M4_HARQ,"{""M5_RGARCH"": 0.0, ""M6_GK"": 0.0105, ""M1_EWMA"": 0.061, ""M6_PARK"": 0.061, ""M3_HARJ"": 0.4769, ""M2_HAR"": 1.0, ""M4_HARQ"": 1.0}"
ES/RTH/B1/1day/S-B_q0.90,4,919028315,140,M2_HAR|M3_HARJ|M4_HARQ,M2_HAR|M3_HARJ|M4_HARQ,"{""M5_RGARCH"": 0.0001, ""M6_GK"": 0.013, ""M1_EWMA"": 0.0648, ""M6_PARK"": 0.0648, ""M3_HARJ"": 0.4839, ""M2_HAR"": 1.0, ""M4_HARQ"": 1.0}"
ES/RTH/B1/1day/S-B_q0.90,5,611620464,140,M2_HAR|M3_HARJ|M4_HARQ,M2_HAR|M3_HARJ|M4_HARQ,"{""M5_RGARCH"": 0.0002, ""M6_GK"": 0.0131, ""M1_EWMA"": 0.0712, ""M6_PARK"": 0.0712, ""M3_HARJ"": 0.4775, ""M2_HAR"": 1.0, ""M4_HARQ"": 1.0}"
ES/RTH/B1/1day/S-B_q0.90,6,3477480266,140,M2_HAR|M3_HARJ|M4_HARQ,M2_HAR|M3_HARJ|M4_HARQ,"{""M5_RGARCH"": 0.0001, ""M6_GK"": 0.0121, ""M1_EWMA"": 0.0643, ""M6_PARK"": 0.0643, ""M3_HARJ"": 0.4727, ""M2_HAR"": 1.0, ""M4_HARQ"": 1.0}"
ES/RTH/B1/1day/S-B_q0.90,7,3198431117,140,M2_HAR|M3_HARJ|M4_HARQ,M2_HAR|M3_HARJ|M4_HARQ,"{""M5_RGARCH"": 0.0002, ""M6_GK"": 0.0129, ""M1_EWMA"": 0.0646, ""M6_PARK"": 0.0646, ""M3_HARJ"": 0.4859, ""M2_HAR"": 1.0, ""M4_HARQ"": 1.0}"
ES/RTH/B1/1day/S-B_q0.90,8,2621026741,140,M2_HAR|M3_HARJ|M4_HARQ,M2_HAR|M3_HARJ|M4_HARQ,"{""M5_RGARCH"": 0.0001, ""M6_GK"": 0.012, ""M1_EWMA"": 0.0664, ""M6_PARK"": 0.0664, ""M3_HARJ"": 0.4737, ""M2_HAR"": 1.0, ""M4_HARQ"": 1.0}"
ES/RTH/B1/1day/S-B_q0.90,9,1169115867,140,M2_HAR|M3_HARJ|M4_HARQ,M2_HAR|M3_HARJ|M4_HARQ,"{""M5_RGARCH"": 0.0001, ""M6_GK"": 0.0125, ""M1_EWMA"": 0.0647, ""M6_PARK"": 0.0647, ""M3_HARJ"": 0.473, ""M2_HAR"": 1.0, ""M4_HARQ"": 1.0}"
ES/RTH/B1/1day/S-B_q0.90,10,3689063838,140,M2_HAR|M3_HARJ|M4_HARQ,M2_HAR|M3_HARJ|M4_HARQ,"{""M5_RGARCH"": 0.0001, ""M6_GK"": 0.0108, ""M1_EWMA"": 0.065, ""M6_PARK"": 0.065, ""M3_HARJ"": 0.4748, ""M2_HAR"": 1.0, ""M4_HARQ"": 1.0}"
ES/RTH/B1/1day/S-B_q0.90,11,1498398406,140,M2_HAR|M3_HARJ|M4_HARQ,M2_HAR|M3_HARJ|M4_HARQ,"{""M5_RGARCH"": 0.0, ""M6_GK"": 0.0129, ""M1_EWMA"": 0.0657, ""M6_PARK"": 0.0657, ""M3_HARJ"": 0.4659, ""M2_HAR"": 1.0, ""M4_HARQ"": 1.0}"
ES/RTH/B1/1day/S-B_q0.90,12,3833968697,140,M2_HAR|M3_HARJ|M4_HARQ,M2_HAR|M3_HARJ|M4_HARQ,"{""M5_RGARCH"": 0.0002, ""M6_GK"": 0.0139, ""M1_EWMA"": 0.0711, ""M6_PARK"": 0.0711, ""M3_HARJ"": 0.4698, ""M2_HAR"": 1.0, ""M4_HARQ"": 1.0}"
ES/RTH/B1/1day/S-B_q0.90,13,630741820,140,M2_HAR|M3_HARJ|M4_HARQ,M2_HAR|M3_HARJ|M4_HARQ,"{""M5_RGARCH"": 0.0, ""M6_GK"": 0.0123, ""M1_EWMA"": 0.0686, ""M6_PARK"": 0.0686, ""M3_HARJ"": 0.475, ""M2_HAR"": 1.0, ""M4_HARQ"": 1.0}"
ES/RTH/B1/1day/S-B_q0.90,14,2401719883,140,M2_HAR|M3_HARJ|M4_HARQ,M2_HAR|M3_HARJ|M4_HARQ,"{""M5_RGARCH"": 0.0, ""M6_GK"": 0.0102, ""M1_EWMA"": 0.0643, ""M6_PARK"": 0.0643, ""M3_HARJ"": 0.4817, ""M2_HAR"": 1.0, ""M4_HARQ"": 1.0}"
ES/RTH/B1/1day/S-B_q0.90,15,3662131630,140,M2_HAR|M3_HARJ|M4_HARQ,M2_HAR|M3_HARJ|M4_HARQ,"{""M5_RGARCH"": 0.0, ""M6_GK"": 0.0118, ""M1_EWMA"": 0.0606, ""M6_PARK"": 0.0606, ""M3_HARJ"": 0.4815, ""M2_HAR"": 1.0, ""M4_HARQ"": 1.0}"
ES/RTH/B1/1day/S-B_q0.90,16,303417529,140,M2_HAR|M3_HARJ|M4_HARQ,M2_HAR|M3_HARJ|M4_HARQ,"{""M5_RGARCH"": 0.0, ""M6_GK"": 0.0112, ""M1_EWMA"": 0.0639, ""M6_PARK"": 0.0639, ""M3_HARJ"": 0.4803, ""M2_HAR"": 1.0, ""M4_HARQ"": 1.0}"
ES/RTH/B1/1day/S-B_q0.90,17,4155647398,140,M2_HAR|M3_HARJ|M4_HARQ,M2_HAR|M3_HARJ|M4_HARQ,"{""M5_RGARCH"": 0.0, ""M6_GK"": 0.0124, ""M1_EWMA"": 0.0587, ""M6_PARK"": 0.0587, ""M3_HARJ"": 0.4731, ""M2_HAR"": 1.0, ""M4_HARQ"": 1.0}"
ES/RTH/B1/1day/S-B_q0.90,18,2620441196,140,M2_HAR|M3_HARJ|M4_HARQ,M2_HAR|M3_HARJ|M4_HARQ,"{""M5_RGARCH"": 0.0002, ""M6_GK"": 0.0133, ""M1_EWMA"": 0.0609, ""M6_PARK"": 0.0609, ""M3_HARJ"": 0.4736, ""M2_HAR"": 1.0, ""M4_HARQ"": 1.0}"
ES/RTH/B1/1day/S-B_q0.90,19,4201311651,140,M2_HAR|M3_HARJ|M4_HARQ,M2_HAR|M3_HARJ|M4_HARQ,"{""M5_RGARCH"": 0.0001, ""M6_GK"": 0.0122, ""M1_EWMA"": 0.0643, ""M6_PARK"": 0.0643, ""M3_HARJ"": 0.4745, ""M2_HAR"": 1.0, ""M4_HARQ"": 1.0}"
ES/RTH/B1/1day/S-C_q0.80,0,2237533746,280,M2_HAR|M3_HARJ|M4_HARQ,M2_HAR|M3_HARJ|M4_HARQ,"{""M1_EWMA"": 0.0143, ""M6_GK"": 0.0143, ""M6_PARK"": 0.0143, ""M5_RGARCH"": 0.0143, ""M3_HARJ"": 0.2773, ""M2_HAR"": 1.0, ""M4_HARQ"": 1.0}"
ES/RTH/B1/1day/S-C_q0.80,1,702494603,280,M2_HAR|M3_HARJ|M4_HARQ,M2_HAR|M3_HARJ|M4_HARQ,"{""M1_EWMA"": 0.0151, ""M6_GK"": 0.0151, ""M6_PARK"": 0.0151, ""M5_RGARCH"": 0.0151, ""M3_HARJ"": 0.271, ""M2_HAR"": 1.0, ""M4_HARQ"": 1.0}"
ES/RTH/B1/1day/S-C_q0.80,2,4139393190,280,M2_HAR|M3_HARJ|M4_HARQ,M2_HAR|M3_HARJ|M4_HARQ,"{""M1_EWMA"": 0.0155, ""M6_GK"": 0.0155, ""M6_PARK"": 0.0155, ""M5_RGARCH"": 0.0155, ""M3_HARJ"": 0.2717, ""M2_HAR"": 1.0, ""M4_HARQ"": 1.0}"
ES/RTH/B1/1day/S-C_q0.80,3,769717545,280,M2_HAR|M3_HARJ|M4_HARQ,M2_HAR|M3_HARJ|M4_HARQ,"{""M1_EWMA"": 0.0132, ""M6_GK"": 0.0132, ""M6_PARK"": 0.0132, ""M5_RGARCH"": 0.0132, ""M3_HARJ"": 0.2754, ""M2_HAR"": 1.0, ""M4_HARQ"": 1.0}"
ES/RTH/B1/1day/S-C_q0.80,4,919028315,280,M2_HAR|M3_HARJ|M4_HARQ,M2_HAR|M3_HARJ|M4_HARQ,"{""M1_EWMA"": 0.017, ""M6_GK"": 0.017, ""M6_PARK"": 0.017, ""M5_RGARCH"": 0.017, ""M3_HARJ"": 0.2761, ""M2_HAR"": 1.0, ""M4_HARQ"": 1.0}"
ES/RTH/B1/1day/S-C_q0.80,5,611620464,280,M2_HAR|M3_HARJ|M4_HARQ,M2_HAR|M3_HARJ|M4_HARQ,"{""M1_EWMA"": 0.013, ""M6_GK"": 0.013, ""M6_PARK"": 0.013, ""M5_RGARCH"": 0.013, ""M3_HARJ"": 0.2846, ""M2_HAR"": 1.0, ""M4_HARQ"": 1.0}"
ES/RTH/B1/1day/S-C_q0.80,6,3477480266,280,M2_HAR|M3_HARJ|M4_HARQ,M2_HAR|M3_HARJ|M4_HARQ,"{""M1_EWMA"": 0.015, ""M6_GK"": 0.015, ""M6_PARK"": 0.015, ""M5_RGARCH"": 0.015, ""M3_HARJ"": 0.2799, ""M2_HAR"": 1.0, ""M4_HARQ"": 1.0}"
ES/RTH/B1/1day/S-C_q0.80,7,3198431117,280,M2_HAR|M3_HARJ|M4_HARQ,M2_HAR|M3_HARJ|M4_HARQ,"{""M1_EWMA"": 0.0147, ""M6_GK"": 0.0147, ""M6_PARK"": 0.0147, ""M5_RGARCH"": 0.0147, ""M3_HARJ"": 0.2817, ""M2_HAR"": 1.0, ""M4_HARQ"": 1.0}"
ES/RTH/B1/1day/S-C_q0.80,8,2621026741,280,M2_HAR|M3_HARJ|M4_HARQ,M2_HAR|M3_HARJ|M4_HARQ,"{""M1_EWMA"": 0.0148, ""M6_GK"": 0.0148, ""M6_PARK"": 0.0148, ""M5_RGARCH"": 0.0148, ""M3_HARJ"": 0.2788, ""M2_HAR"": 1.0, ""M4_HARQ"": 1.0}"
ES/RTH/B1/1day/S-C_q0.80,9,1169115867,280,M2_HAR|M3_HARJ|M4_HARQ,M2_HAR|M3_HARJ|M4_HARQ,"{""M1_EWMA"": 0.0128, ""M6_GK"": 0.0128, ""M6_PARK"": 0.0128, ""M5_RGARCH"": 0.0128, ""M3_HARJ"": 0.2734, ""M2_HAR"": 1.0, ""M4_HARQ"": 1.0}"
ES/RTH/B1/1day/S-C_q0.80,10,3689063838,280,M2_HAR|M3_HARJ|M4_HARQ,M2_HAR|M3_HARJ|M4_HARQ,"{""M1_EWMA"": 0.0166, ""M6_GK"": 0.0166, ""M6_PARK"": 0.0166, ""M5_RGARCH"": 0.0166, ""M3_HARJ"": 0.274, ""M2_HAR"": 1.0, ""M4_HARQ"": 1.0}"
ES/RTH/B1/1day/S-C_q0.80,11,1498398406,280,M2_HAR|M3_HARJ|M4_HARQ,M2_HAR|M3_HARJ|M4_HARQ,"{""M1_EWMA"": 0.0134, ""M6_GK"": 0.0134, ""M6_PARK"": 0.0134, ""M5_RGARCH"": 0.0134, ""M3_HARJ"": 0.2785, ""M2_HAR"": 1.0, ""M4_HARQ"": 1.0}"
ES/RTH/B1/1day/S-C_q0.80,12,3833968697,280,M2_HAR|M3_HARJ|M4_HARQ,M2_HAR|M3_HARJ|M4_HARQ,"{""M1_EWMA"": 0.0161, ""M6_GK"": 0.0161, ""M6_PARK"": 0.0161, ""M5_RGARCH"": 0.0161, ""M3_HARJ"": 0.2842, ""M2_HAR"": 1.0, ""M4_HARQ"": 1.0}"
ES/RTH/B1/1day/S-C_q0.80,13,630741820,280,M2_HAR|M3_HARJ|M4_HARQ,M2_HAR|M3_HARJ|M4_HARQ,"{""M1_EWMA"": 0.0147, ""M6_GK"": 0.0147, ""M6_PARK"": 0.0147, ""M5_RGARCH"": 0.0147, ""M3_HARJ"": 0.2844, ""M2_HAR"": 1.0, ""M4_HARQ"": 1.0}"
ES/RTH/B1/1day/S-C_q0.80,14,2401719883,280,M2_HAR|M3_HARJ|M4_HARQ,M2_HAR|M3_HARJ|M4_HARQ,"{""M1_EWMA"": 0.0115, ""M6_GK"": 0.0115, ""M6_PARK"": 0.0115, ""M5_RGARCH"": 0.0115, ""M3_HARJ"": 0.2923, ""M2_HAR"": 1.0, ""M4_HARQ"": 1.0}"
ES/RTH/B1/1day/S-C_q0.80,15,3662131630,280,M2_HAR|M3_HARJ|M4_HARQ,M2_HAR|M3_HARJ|M4_HARQ,"{""M1_EWMA"": 0.0145, ""M6_GK"": 0.0145, ""M6_PARK"": 0.0145, ""M5_RGARCH"": 0.0145, ""M3_HARJ"": 0.281, ""M2_HAR"": 1.0, ""M4_HARQ"": 1.0}"
ES/RTH/B1/1day/S-C_q0.80,16,303417529,280,M2_HAR|M3_HARJ|M4_HARQ,M2_HAR|M3_HARJ|M4_HARQ,"{""M1_EWMA"": 0.016, ""M6_GK"": 0.016, ""M6_PARK"": 0.016, ""M5_RGARCH"": 0.016, ""M3_HARJ"": 0.2867, ""M2_HAR"": 1.0, ""M4_HARQ"": 1.0}"
ES/RTH/B1/1day/S-C_q0.80,17,4155647398,280,M2_HAR|M3_HARJ|M4_HARQ,M2_HAR|M3_HARJ|M4_HARQ,"{""M1_EWMA"": 0.0144, ""M6_GK"": 0.0144, ""M6_PARK"": 0.0144, ""M5_RGARCH"": 0.0144, ""M3_HARJ"": 0.2754, ""M2_HAR"": 1.0, ""M4_HARQ"": 1.0}"
ES/RTH/B1/1day/S-C_q0.80,18,2620441196,280,M2_HAR|M3_HARJ|M4_HARQ,M2_HAR|M3_HARJ|M4_HARQ,"{""M1_EWMA"": 0.0144, ""M6_GK"": 0.0144, ""M6_PARK"": 0.0144, ""M5_RGARCH"": 0.0144, ""M3_HARJ"": 0.2707, ""M2_HAR"": 1.0, ""M4_HARQ"": 1.0}"
ES/RTH/B1/1day/S-C_q0.80,19,4201311651,280,M2_HAR|M3_HARJ|M4_HARQ,M2_HAR|M3_HARJ|M4_HARQ,"{""M1_EWMA"": 0.0137, ""M6_GK"": 0.0137, ""M6_PARK"": 0.0137, ""M5_RGARCH"": 0.0137, ""M3_HARJ"": 0.2762, ""M2_HAR"": 1.0, ""M4_HARQ"": 1.0}"
ES/RTH/B1/1day/S-C_q0.90,0,2237533746,140,M2_HAR|M3_HARJ|M4_HARQ,M2_HAR|M3_HARJ|M4_HARQ|M5_RGARCH|M6_PARK,"{""M1_EWMA"": 0.0537, ""M6_GK"": 0.0537, ""M5_RGARCH"": 0.1248, ""M6_PARK"": 0.1797, ""M3_HARJ"": 0.7326, ""M2_HAR"": 1.0, ""M4_HARQ"": 1.0}"
ES/RTH/B1/1day/S-C_q0.90,1,702494603,140,M2_HAR|M3_HARJ|M4_HARQ,M2_HAR|M3_HARJ|M4_HARQ|M5_RGARCH|M6_PARK,"{""M1_EWMA"": 0.0545, ""M6_GK"": 0.0545, ""M5_RGARCH"": 0.1182, ""M6_PARK"": 0.1897, ""M3_HARJ"": 0.7341, ""M2_HAR"": 1.0, ""M4_HARQ"": 1.0}"
ES/RTH/B1/1day/S-C_q0.90,2,4139393190,140,M2_HAR|M3_HARJ|M4_HARQ,M2_HAR|M3_HARJ|M4_HARQ|M5_RGARCH|M6_PARK,"{""M1_EWMA"": 0.0598, ""M6_GK"": 0.0598, ""M5_RGARCH"": 0.1231, ""M6_PARK"": 0.1891, ""M3_HARJ"": 0.7338, ""M2_HAR"": 1.0, ""M4_HARQ"": 1.0}"
ES/RTH/B1/1day/S-C_q0.90,3,769717545,140,M2_HAR|M3_HARJ|M4_HARQ,M2_HAR|M3_HARJ|M4_HARQ|M5_RGARCH|M6_PARK,"{""M1_EWMA"": 0.0558, ""M6_GK"": 0.0558, ""M5_RGARCH"": 0.1305, ""M6_PARK"": 0.1878, ""M3_HARJ"": 0.7311, ""M2_HAR"": 1.0, ""M4_HARQ"": 1.0}"
ES/RTH/B1/1day/S-C_q0.90,4,919028315,140,M2_HAR|M3_HARJ|M4_HARQ,M2_HAR|M3_HARJ|M4_HARQ|M5_RGARCH|M6_PARK,"{""M1_EWMA"": 0.0542, ""M6_GK"": 0.0542, ""M5_RGARCH"": 0.134, ""M6_PARK"": 0.1859, ""M3_HARJ"": 0.7248, ""M2_HAR"": 1.0, ""M4_HARQ"": 1.0}"
ES/RTH/B1/1day/S-C_q0.90,5,611620464,140,M2_HAR|M3_HARJ|M4_HARQ,M2_HAR|M3_HARJ|M4_HARQ|M5_RGARCH|M6_PARK,"{""M1_EWMA"": 0.0585, ""M6_GK"": 0.0585, ""M5_RGARCH"": 0.1171, ""M6_PARK"": 0.1919, ""M3_HARJ"": 0.7308, ""M2_HAR"": 1.0, ""M4_HARQ"": 1.0}"
ES/RTH/B1/1day/S-C_q0.90,6,3477480266,140,M2_HAR|M3_HARJ|M4_HARQ,M2_HAR|M3_HARJ|M4_HARQ|M5_RGARCH|M6_PARK,"{""M1_EWMA"": 0.0617, ""M6_GK"": 0.0617, ""M5_RGARCH"": 0.1367, ""M6_PARK"": 0.1889, ""M3_HARJ"": 0.7234, ""M2_HAR"": 1.0, ""M4_HARQ"": 1.0}"
ES/RTH/B1/1day/S-C_q0.90,7,3198431117,140,M2_HAR|M3_HARJ|M4_HARQ,M2_HAR|M3_HARJ|M4_HARQ|M5_RGARCH|M6_PARK,"{""M1_EWMA"": 0.0549, ""M6_GK"": 0.0549, ""M5_RGARCH"": 0.1135, ""M6_PARK"": 0.1802, ""M3_HARJ"": 0.7382, ""M2_HAR"": 1.0, ""M4_HARQ"": 1.0}"
ES/RTH/B1/1day/S-C_q0.90,8,2621026741,140,M2_HAR|M3_HARJ|M4_HARQ,M2_HAR|M3_HARJ|M4_HARQ|M5_RGARCH|M6_PARK,"{""M1_EWMA"": 0.0586, ""M6_GK"": 0.0586, ""M5_RGARCH"": 0.136, ""M6_PARK"": 0.1841, ""M3_HARJ"": 0.7268, ""M2_HAR"": 1.0, ""M4_HARQ"": 1.0}"
ES/RTH/B1/1day/S-C_q0.90,9,1169115867,140,M2_HAR|M3_HARJ|M4_HARQ,M2_HAR|M3_HARJ|M4_HARQ|M5_RGARCH|M6_PARK,"{""M1_EWMA"": 0.0563, ""M6_GK"": 0.0563, ""M5_RGARCH"": 0.1262, ""M6_PARK"": 0.1847, ""M3_HARJ"": 0.7223, ""M2_HAR"": 1.0, ""M4_HARQ"": 1.0}"
ES/RTH/B1/1day/S-C_q0.90,10,3689063838,140,M2_HAR|M3_HARJ|M4_HARQ,M2_HAR|M3_HARJ|M4_HARQ|M5_RGARCH|M6_PARK,"{""M1_EWMA"": 0.0561, ""M6_GK"": 0.0561, ""M5_RGARCH"": 0.1279, ""M6_PARK"": 0.1878, ""M3_HARJ"": 0.7284, ""M2_HAR"": 1.0, ""M4_HARQ"": 1.0}"
ES/RTH/B1/1day/S-C_q0.90,11,1498398406,140,M2_HAR|M3_HARJ|M4_HARQ,M2_HAR|M3_HARJ|M4_HARQ|M5_RGARCH|M6_PARK,"{""M1_EWMA"": 0.0558, ""M6_GK"": 0.0558, ""M5_RGARCH"": 0.1231, ""M6_PARK"": 0.1816, ""M3_HARJ"": 0.7269, ""M2_HAR"": 1.0, ""M4_HARQ"": 1.0}"
ES/RTH/B1/1day/S-C_q0.90,12,3833968697,140,M2_HAR|M3_HARJ|M4_HARQ,M2_HAR|M3_HARJ|M4_HARQ|M5_RGARCH|M6_PARK,"{""M1_EWMA"": 0.0632, ""M6_GK"": 0.0632, ""M5_RGARCH"": 0.1328, ""M6_PARK"": 0.1953, ""M3_HARJ"": 0.7258, ""M2_HAR"": 1.0, ""M4_HARQ"": 1.0}"
ES/RTH/B1/1day/S-C_q0.90,13,630741820,140,M2_HAR|M3_HARJ|M4_HARQ,M2_HAR|M3_HARJ|M4_HARQ|M5_RGARCH|M6_PARK,"{""M1_EWMA"": 0.0552, ""M6_GK"": 0.0552, ""M5_RGARCH"": 0.1184, ""M6_PARK"": 0.1896, ""M3_HARJ"": 0.7262, ""M2_HAR"": 1.0, ""M4_HARQ"": 1.0}"
ES/RTH/B1/1day/S-C_q0.90,14,2401719883,140,M2_HAR|M3_HARJ|M4_HARQ,M2_HAR|M3_HARJ|M4_HARQ|M5_RGARCH|M6_PARK,"{""M1_EWMA"": 0.0548, ""M6_GK"": 0.0548, ""M5_RGARCH"": 0.125, ""M6_PARK"": 0.1796, ""M3_HARJ"": 0.7324, ""M2_HAR"": 1.0, ""M4_HARQ"": 1.0}"
ES/RTH/B1/1day/S-C_q0.90,15,3662131630,140,M2_HAR|M3_HARJ|M4_HARQ,M2_HAR|M3_HARJ|M4_HARQ|M5_RGARCH|M6_PARK,"{""M1_EWMA"": 0.0585, ""M6_GK"": 0.0585, ""M5_RGARCH"": 0.1227, ""M6_PARK"": 0.1932, ""M3_HARJ"": 0.7298, ""M2_HAR"": 1.0, ""M4_HARQ"": 1.0}"
ES/RTH/B1/1day/S-C_q0.90,16,303417529,140,M2_HAR|M3_HARJ|M4_HARQ,M2_HAR|M3_HARJ|M4_HARQ|M5_RGARCH|M6_PARK,"{""M1_EWMA"": 0.0622, ""M6_GK"": 0.0622, ""M5_RGARCH"": 0.127, ""M6_PARK"": 0.1839, ""M3_HARJ"": 0.7295, ""M2_HAR"": 1.0, ""M4_HARQ"": 1.0}"
ES/RTH/B1/1day/S-C_q0.90,17,4155647398,140,M2_HAR|M3_HARJ|M4_HARQ,M2_HAR|M3_HARJ|M4_HARQ|M5_RGARCH|M6_PARK,"{""M1_EWMA"": 0.0559, ""M6_GK"": 0.0559, ""M5_RGARCH"": 0.127, ""M6_PARK"": 0.1921, ""M3_HARJ"": 0.7297, ""M2_HAR"": 1.0, ""M4_HARQ"": 1.0}"
ES/RTH/B1/1day/S-C_q0.90,18,2620441196,140,M2_HAR|M3_HARJ|M4_HARQ,M2_HAR|M3_HARJ|M4_HARQ|M5_RGARCH|M6_PARK,"{""M1_EWMA"": 0.0519, ""M6_GK"": 0.0519, ""M5_RGARCH"": 0.1182, ""M6_PARK"": 0.1868, ""M3_HARJ"": 0.7266, ""M2_HAR"": 1.0, ""M4_HARQ"": 1.0}"
ES/RTH/B1/1day/S-C_q0.90,19,4201311651,140,M2_HAR|M3_HARJ|M4_HARQ,M2_HAR|M3_HARJ|M4_HARQ|M5_RGARCH|M6_PARK,"{""M1_EWMA"": 0.0632, ""M6_GK"": 0.0632, ""M5_RGARCH"": 0.1244, ""M6_PARK"": 0.1887, ""M3_HARJ"": 0.7224, ""M2_HAR"": 1.0, ""M4_HARQ"": 1.0}"
ES/RTH/B1/1h/S-B_q0.80,0,2237533746,2181,M2_HAR|M4_HARQ,M2_HAR|M4_HARQ,"{""M5_RGARCH"": 0.0, ""M6_GK"": 0.0, ""M6_PARK"": 0.0, ""M1_EWMA"": 0.0002, ""M3_HARJ"": 0.027, ""M2_HAR"": 1.0, ""M4_HARQ"": 1.0}"
ES/RTH/B1/1h/S-B_q0.80,1,702494603,2181,M2_HAR|M4_HARQ,M2_HAR|M4_HARQ,"{""M5_RGARCH"": 0.0, ""M6_GK"": 0.0, ""M6_PARK"": 0.0, ""M1_EWMA"": 0.0002, ""M3_HARJ"": 0.0248, ""M2_HAR"": 1.0, ""M4_HARQ"": 1.0}"
ES/RTH/B1/1h/S-B_q0.80,2,4139393190,2181,M2_HAR|M4_HARQ,M2_HAR|M4_HARQ,"{""M5_RGARCH"": 0.0, ""M6_GK"": 0.0, ""M6_PARK"": 0.0, ""M1_EWMA"": 0.0, ""M3_HARJ"": 0.0236, ""M2_HAR"": 1.0, ""M4_HARQ"": 1.0}"
ES/RTH/B1/1h/S-B_q0.80,3,769717545,2181,M2_HAR|M4_HARQ,M2_HAR|M4_HARQ,"{""M5_RGARCH"": 0.0, ""M6_GK"": 0.0, ""M6_PARK"": 0.0, ""M1_EWMA"": 0.0002, ""M3_HARJ"": 0.0236, ""M2_HAR"": 1.0, ""M4_HARQ"": 1.0}"
ES/RTH/B1/1h/S-B_q0.80,4,919028315,2181,M2_HAR|M4_HARQ,M2_HAR|M4_HARQ,"{""M5_RGARCH"": 0.0, ""M6_GK"": 0.0, ""M6_PARK"": 0.0, ""M1_EWMA"": 0.0001, ""M3_HARJ"": 0.0235, ""M2_HAR"": 1.0, ""M4_HARQ"": 1.0}"
ES/RTH/B1/1h/S-B_q0.80,5,611620464,2181,M2_HAR|M4_HARQ,M2_HAR|M4_HARQ,"{""M5_RGARCH"": 0.0, ""M6_GK"": 0.0, ""M6_PARK"": 0.0, ""M1_EWMA"": 0.0003, ""M3_HARJ"": 0.0228, ""M2_HAR"": 1.0, ""M4_HARQ"": 1.0}"
ES/RTH/B1/1h/S-B_q0.80,6,3477480266,2181,M2_HAR|M4_HARQ,M2_HAR|M4_HARQ,"{""M5_RGARCH"": 0.0, ""M6_GK"": 0.0, ""M6_PARK"": 0.0, ""M1_EWMA"": 0.0001, ""M3_HARJ"": 0.0255, ""M2_HAR"": 1.0, ""M4_HARQ"": 1.0}"
ES/RTH/B1/1h/S-B_q0.80,7,3198431117,2181,M2_HAR|M4_HARQ,M2_HAR|M4_HARQ,"{""M5_RGARCH"": 0.0, ""M6_GK"": 0.0, ""M6_PARK"": 0.0, ""M1_EWMA"": 0.0001, ""M3_HARJ"": 0.0246, ""M2_HAR"": 1.0, ""M4_HARQ"": 1.0}"
ES/RTH/B1/1h/S-B_q0.80,8,2621026741,2181,M2_HAR|M4_HARQ,M2_HAR|M4_HARQ,"{""M5_RGARCH"": 0.0, ""M6_GK"": 0.0, ""M6_PARK"": 0.0, ""M1_EWMA"": 0.0, ""M3_HARJ"": 0.0246, ""M2_HAR"": 1.0, ""M4_HARQ"": 1.0}"
ES/RTH/B1/1h/S-B_q0.80,9,1169115867,2181,M2_HAR|M4_HARQ,M2_HAR|M4_HARQ,"{""M5_RGARCH"": 0.0, ""M6_GK"": 0.0, ""M6_PARK"": 0.0, ""M1_EWMA"": 0.0, ""M3_HARJ"": 0.0264, ""M2_HAR"": 1.0, ""M4_HARQ"": 1.0}"
ES/RTH/B1/1h/S-B_q0.80,10,3689063838,2181,M2_HAR|M4_HARQ,M2_HAR|M4_HARQ,"{""M5_RGARCH"": 0.0, ""M6_GK"": 0.0, ""M6_PARK"": 0.0, ""M1_EWMA"": 0.0002, ""M3_HARJ"": 0.0251, ""M2_HAR"": 1.0, ""M4_HARQ"": 1.0}"
ES/RTH/B1/1h/S-B_q0.80,11,1498398406,2181,M2_HAR|M4_HARQ,M2_HAR|M4_HARQ,"{""M5_RGARCH"": 0.0, ""M6_GK"": 0.0, ""M6_PARK"": 0.0, ""M1_EWMA"": 0.0001, ""M3_HARJ"": 0.0251, ""M2_HAR"": 1.0, ""M4_HARQ"": 1.0}"
ES/RTH/B1/1h/S-B_q0.80,12,3833968697,2181,M2_HAR|M4_HARQ,M2_HAR|M4_HARQ,"{""M5_RGARCH"": 0.0, ""M6_GK"": 0.0, ""M6_PARK"": 0.0, ""M1_EWMA"": 0.0, ""M3_HARJ"": 0.0235, ""M2_HAR"": 1.0, ""M4_HARQ"": 1.0}"
ES/RTH/B1/1h/S-B_q0.80,13,630741820,2181,M2_HAR|M4_HARQ,M2_HAR|M4_HARQ,"{""M5_RGARCH"": 0.0, ""M6_GK"": 0.0, ""M6_PARK"": 0.0, ""M1_EWMA"": 0.0001, ""M3_HARJ"": 0.0235, ""M2_HAR"": 1.0, ""M4_HARQ"": 1.0}"
ES/RTH/B1/1h/S-B_q0.80,14,2401719883,2181,M2_HAR|M4_HARQ,M2_HAR|M4_HARQ,"{""M5_RGARCH"": 0.0, ""M6_GK"": 0.0, ""M6_PARK"": 0.0, ""M1_EWMA"": 0.0001, ""M3_HARJ"": 0.028, ""M2_HAR"": 1.0, ""M4_HARQ"": 1.0}"
ES/RTH/B1/1h/S-B_q0.80,15,3662131630,2181,M2_HAR|M4_HARQ,M2_HAR|M4_HARQ,"{""M5_RGARCH"": 0.0, ""M6_GK"": 0.0, ""M6_PARK"": 0.0, ""M1_EWMA"": 0.0, ""M3_HARJ"": 0.0277, ""M2_HAR"": 1.0, ""M4_HARQ"": 1.0}"
ES/RTH/B1/1h/S-B_q0.80,16,303417529,2181,M2_HAR|M4_HARQ,M2_HAR|M4_HARQ,"{""M5_RGARCH"": 0.0, ""M6_GK"": 0.0, ""M6_PARK"": 0.0, ""M1_EWMA"": 0.0001, ""M3_HARJ"": 0.0245, ""M2_HAR"": 1.0, ""M4_HARQ"": 1.0}"
ES/RTH/B1/1h/S-B_q0.80,17,4155647398,2181,M2_HAR|M4_HARQ,M2_HAR|M4_HARQ,"{""M5_RGARCH"": 0.0, ""M6_GK"": 0.0, ""M6_PARK"": 0.0, ""M1_EWMA"": 0.0, ""M3_HARJ"": 0.0248, ""M2_HAR"": 1.0, ""M4_HARQ"": 1.0}"
ES/RTH/B1/1h/S-B_q0.80,18,2620441196,2181,M2_HAR|M4_HARQ,M2_HAR|M4_HARQ,"{""M5_RGARCH"": 0.0, ""M6_GK"": 0.0, ""M6_PARK"": 0.0, ""M1_EWMA"": 0.0002, ""M3_HARJ"": 0.0265, ""M2_HAR"": 1.0, ""M4_HARQ"": 1.0}"
ES/RTH/B1/1h/S-B_q0.80,19,4201311651,2181,M2_HAR|M4_HARQ,M2_HAR|M4_HARQ,"{""M5_RGARCH"": 0.0, ""M6_GK"": 0.0, ""M6_PARK"": 0.0, ""M1_EWMA"": 0.0, ""M3_HARJ"": 0.0246, ""M2_HAR"": 1.0, ""M4_HARQ"": 1.0}"
ES/RTH/B1/1h/S-B_q0.90,0,2237533746,1091,M2_HAR|M4_HARQ,M2_HAR|M3_HARJ|M4_HARQ,"{""M5_RGARCH"": 0.0, ""M6_GK"": 0.0, ""M6_PARK"": 0.0, ""M1_EWMA"": 0.0072, ""M3_HARJ"": 0.1191, ""M2_HAR"": 1.0, ""M4_HARQ"": 1.0}"
ES/RTH/B1/1h/S-B_q0.90,1,702494603,1091,M2_HAR|M4_HARQ,M2_HAR|M3_HARJ|M4_HARQ,"{""M5_RGARCH"": 0.0, ""M6_GK"": 0.0, ""M6_PARK"": 0.0, ""M1_EWMA"": 0.0062, ""M3_HARJ"": 0.1191, ""M2_HAR"": 1.0, ""M4_HARQ"": 1.0}"
ES/RTH/B1/1h/S-B_q0.90,2,4139393190,1091,M2_HAR|M4_HARQ,M2_HAR|M3_HARJ|M4_HARQ,"{""M5_RGARCH"": 0.0, ""M6_GK"": 0.0, ""M6_PARK"": 0.0, ""M1_EWMA"": 0.0068, ""M3_HARJ"": 0.1243, ""M2_HAR"": 1.0, ""M4_HARQ"": 1.0}"
ES/RTH/B1/1h/S-B_q0.90,3,769717545,1091,M2_HAR|M4_HARQ,M2_HAR|M3_HARJ|M4_HARQ,"{""M5_RGARCH"": 0.0, ""M6_GK"": 0.0, ""M6_PARK"": 0.0, ""M1_EWMA"": 0.0066, ""M3_HARJ"": 0.1262, ""M2_HAR"": 1.0, ""M4_HARQ"": 1.0}"
ES/RTH/B1/1h/S-B_q0.90,4,919028315,1091,M2_HAR|M4_HARQ,M2_HAR|M3_HARJ|M4_HARQ,"{""M5_RGARCH"": 0.0, ""M6_GK"": 0.0, ""M6_PARK"": 0.0, ""M1_EWMA"": 0.0046, ""M3_HARJ"": 0.128, ""M2_HAR"": 1.0, ""M4_HARQ"": 1.0}"
ES/RTH/B1/1h/S-B_q0.90,5,611620464,1091,M2_HAR|M4_HARQ,M2_HAR|M3_HARJ|M4_HARQ,"{""M5_RGARCH"": 0.0, ""M6_GK"": 0.0, ""M6_PARK"": 0.0, ""M1_EWMA"": 0.0061, ""M3_HARJ"": 0.1231, ""M2_HAR"": 1.0, ""M4_HARQ"": 1.0}"
ES/RTH/B1/1h/S-B_q0.90,6,3477480266,1091,M2_HAR|M4_HARQ,M2_HAR|M3_HARJ|M4_HARQ,"{""M5_RGARCH"": 0.0, ""M6_GK"": 0.0, ""M6_PARK"": 0.0, ""M1_EWMA"": 0.0043, ""M3_HARJ"": 0.1245, ""M2_HAR"": 1.0, ""M4_HARQ"": 1.0}"
ES/RTH/B1/1h/S-B_q0.90,7,3198431117,1091,M2_HAR|M4_HARQ,M2_HAR|M3_HARJ|M4_HARQ,"{""M5_RGARCH"": 0.0, ""M6_GK"": 0.0, ""M6_PARK"": 0.0, ""M1_EWMA"": 0.0064, ""M3_HARJ"": 0.1221, ""M2_HAR"": 1.0, ""M4_HARQ"": 1.0}"
ES/RTH/B1/1h/S-B_q0.90,8,2621026741,1091,M2_HAR|M4_HARQ,M2_HAR|M3_HARJ|M4_HARQ,"{""M5_RGARCH"": 0.0, ""M6_GK"": 0.0, ""M6_PARK"": 0.0, ""M1_EWMA"": 0.0075, ""M3_HARJ"": 0.1211, ""M2_HAR"": 1.0, ""M4_HARQ"": 1.0}"
ES/RTH/B1/1h/S-B_q0.90,9,1169115867,1091,M2_HAR|M4_HARQ,M2_HAR|M3_HARJ|M4_HARQ,"{""M5_RGARCH"": 0.0, ""M6_GK"": 0.0, ""M6_PARK"": 0.0, ""M1_EWMA"": 0.0061, ""M3_HARJ"": 0.1228, ""M2_HAR"": 1.0, ""M4_HARQ"": 1.0}"
ES/RTH/B1/1h/S-B_q0.90,10,3689063838,1091,M2_HAR|M4_HARQ,M2_HAR|M3_HARJ|M4_HARQ,"{""M5_RGARCH"": 0.0, ""M6_GK"": 0.0, ""M6_PARK"": 0.0, ""M1_EWMA"": 0.0054, ""M3_HARJ"": 0.1256, ""M2_HAR"": 1.0, ""M4_HARQ"": 1.0}"
ES/RTH/B1/1h/S-B_q0.90,11,1498398406,1091,M2_HAR|M4_HARQ,M2_HAR|M3_HARJ|M4_HARQ,"{""M5_RGARCH"": 0.0, ""M6_GK"": 0.0, ""M6_PARK"": 0.0, ""M1_EWMA"": 0.0052, ""M3_HARJ"": 0.126, ""M2_HAR"": 1.0, ""M4_HARQ"": 1.0}"
ES/RTH/B1/1h/S-B_q0.90,12,3833968697,1091,M2_HAR|M4_HARQ,M2_HAR|M3_HARJ|M4_HARQ,"{""M5_RGARCH"": 0.0, ""M6_GK"": 0.0, ""M6_PARK"": 0.0, ""M1_EWMA"": 0.0057, ""M3_HARJ"": 0.1204, ""M2_HAR"": 1.0, ""M4_HARQ"": 1.0}"
ES/RTH/B1/1h/S-B_q0.90,13,630741820,1091,M2_HAR|M4_HARQ,M2_HAR|M3_HARJ|M4_HARQ,"{""M5_RGARCH"": 0.0, ""M6_GK"": 0.0, ""M6_PARK"": 0.0, ""M1_EWMA"": 0.005, ""M3_HARJ"": 0.126, ""M2_HAR"": 1.0, ""M4_HARQ"": 1.0}"
ES/RTH/B1/1h/S-B_q0.90,14,2401719883,1091,M2_HAR|M4_HARQ,M2_HAR|M3_HARJ|M4_HARQ,"{""M5_RGARCH"": 0.0, ""M6_GK"": 0.0, ""M6_PARK"": 0.0, ""M1_EWMA"": 0.0061, ""M3_HARJ"": 0.1237, ""M2_HAR"": 1.0, ""M4_HARQ"": 1.0}"
ES/RTH/B1/1h/S-B_q0.90,15,3662131630,1091,M2_HAR|M4_HARQ,M2_HAR|M3_HARJ|M4_HARQ,"{""M5_RGARCH"": 0.0, ""M6_GK"": 0.0, ""M6_PARK"": 0.0, ""M1_EWMA"": 0.0055, ""M3_HARJ"": 0.1209, ""M2_HAR"": 1.0, ""M4_HARQ"": 1.0}"
ES/RTH/B1/1h/S-B_q0.90,16,303417529,1091,M2_HAR|M4_HARQ,M2_HAR|M3_HARJ|M4_HARQ,"{""M5_RGARCH"": 0.0, ""M6_GK"": 0.0, ""M6_PARK"": 0.0, ""M1_EWMA"": 0.0068, ""M3_HARJ"": 0.1222, ""M2_HAR"": 1.0, ""M4_HARQ"": 1.0}"
ES/RTH/B1/1h/S-B_q0.90,17,4155647398,1091,M2_HAR|M4_HARQ,M2_HAR|M3_HARJ|M4_HARQ,"{""M5_RGARCH"": 0.0, ""M6_GK"": 0.0, ""M6_PARK"": 0.0, ""M1_EWMA"": 0.0057, ""M3_HARJ"": 0.1207, ""M2_HAR"": 1.0, ""M4_HARQ"": 1.0}"
ES/RTH/B1/1h/S-B_q0.90,18,2620441196,1091,M2_HAR|M4_HARQ,M2_HAR|M3_HARJ|M4_HARQ,"{""M5_RGARCH"": 0.0, ""M6_GK"": 0.0, ""M6_PARK"": 0.0, ""M1_EWMA"": 0.0067, ""M3_HARJ"": 0.1206, ""M2_HAR"": 1.0, ""M4_HARQ"": 1.0}"
ES/RTH/B1/1h/S-B_q0.90,19,4201311651,1091,M2_HAR|M4_HARQ,M2_HAR|M3_HARJ|M4_HARQ,"{""M5_RGARCH"": 0.0, ""M6_GK"": 0.0, ""M6_PARK"": 0.0, ""M1_EWMA"": 0.006, ""M3_HARJ"": 0.118, ""M2_HAR"": 1.0, ""M4_HARQ"": 1.0}"
ES/RTH/B1/1h/S-C_q0.80,0,2237533746,2181,M2_HAR|M3_HARJ|M4_HARQ,M2_HAR|M3_HARJ|M4_HARQ,"{""M6_GK"": 0.0, ""M6_PARK"": 0.0, ""M5_RGARCH"": 0.0, ""M1_EWMA"": 0.0, ""M3_HARJ"": 0.577, ""M2_HAR"": 1.0, ""M4_HARQ"": 1.0}"
ES/RTH/B1/1h/S-C_q0.80,1,702494603,2181,M2_HAR|M3_HARJ|M4_HARQ,M2_HAR|M3_HARJ|M4_HARQ,"{""M6_GK"": 0.0, ""M6_PARK"": 0.0, ""M5_RGARCH"": 0.0, ""M1_EWMA"": 0.0, ""M3_HARJ"": 0.572, ""M2_HAR"": 1.0, ""M4_HARQ"": 1.0}"
ES/RTH/B1/1h/S-C_q0.80,2,4139393190,2181,M2_HAR|M3_HARJ|M4_HARQ,M2_HAR|M3_HARJ|M4_HARQ,"{""M6_GK"": 0.0, ""M6_PARK"": 0.0, ""M5_RGARCH"": 0.0, ""M1_EWMA"": 0.0, ""M3_HARJ"": 0.5694, ""M2_HAR"": 1.0, ""M4_HARQ"": 1.0}"
ES/RTH/B1/1h/S-C_q0.80,3,769717545,2181,M2_HAR|M3_HARJ|M4_HARQ,M2_HAR|M3_HARJ|M4_HARQ,"{""M6_GK"": 0.0, ""M6_PARK"": 0.0, ""M5_RGARCH"": 0.0, ""M1_EWMA"": 0.0, ""M3_HARJ"": 0.5749, ""M2_HAR"": 1.0, ""M4_HARQ"": 1.0}"
ES/RTH/B1/1h/S-C_q0.80,4,919028315,2181,M2_HAR|M3_HARJ|M4_HARQ,M2_HAR|M3_HARJ|M4_HARQ,"{""M6_GK"": 0.0, ""M6_PARK"": 0.0, ""M5_RGARCH"": 0.0, ""M1_EWMA"": 0.0, ""M3_HARJ"": 0.5759, ""M2_HAR"": 1.0, ""M4_HARQ"": 1.0}"
ES/RTH/B1/1h/S-C_q0.80,5,611620464,2181,M2_HAR|M3_HARJ|M4_HARQ,M2_HAR|M3_HARJ|M4_HARQ,"{""M6_GK"": 0.0, ""M6_PARK"": 0.0, ""M5_RGARCH"": 0.0, ""M1_EWMA"": 0.0, ""M3_HARJ"": 0.5671, ""M2_HAR"": 1.0, ""M4_HARQ"": 1.0}"
ES/RTH/B1/1h/S-C_q0.80,6,3477480266,2181,M2_HAR|M3_HARJ|M4_HARQ,M2_HAR|M3_HARJ|M4_HARQ,"{""M6_GK"": 0.0, ""M6_PARK"": 0.0, ""M5_RGARCH"": 0.0, ""M1_EWMA"": 0.0, ""M3_HARJ"": 0.5684, ""M2_HAR"": 1.0, ""M4_HARQ"": 1.0}"
ES/RTH/B1/1h/S-C_q0.80,7,3198431117,2181,M2_HAR|M3_HARJ|M4_HARQ,M2_HAR|M3_HARJ|M4_HARQ,"{""M6_GK"": 0.0, ""M6_PARK"": 0.0, ""M5_RGARCH"": 0.0, ""M1_EWMA"": 0.0, ""M3_HARJ"": 0.5655, ""M2_HAR"": 1.0, ""M4_HARQ"": 1.0}"
ES/RTH/B1/1h/S-C_q0.80,8,2621026741,2181,M2_HAR|M3_HARJ|M4_HARQ,M2_HAR|M3_HARJ|M4_HARQ,"{""M6_GK"": 0.0, ""M6_PARK"": 0.0, ""M5_RGARCH"": 0.0, ""M1_EWMA"": 0.0, ""M3_HARJ"": 0.5615, ""M2_HAR"": 1.0, ""M4_HARQ"": 1.0}"
ES/RTH/B1/1h/S-C_q0.80,9,1169115867,2181,M2_HAR|M3_HARJ|M4_HARQ,M2_HAR|M3_HARJ|M4_HARQ,"{""M6_GK"": 0.0, ""M6_PARK"": 0.0, ""M5_RGARCH"": 0.0, ""M1_EWMA"": 0.0, ""M3_HARJ"": 0.5677, ""M2_HAR"": 1.0, ""M4_HARQ"": 1.0}"
ES/RTH/B1/1h/S-C_q0.80,10,3689063838,2181,M2_HAR|M3_HARJ|M4_HARQ,M2_HAR|M3_HARJ|M4_HARQ,"{""M6_GK"": 0.0, ""M6_PARK"": 0.0, ""M5_RGARCH"": 0.0, ""M1_EWMA"": 0.0, ""M3_HARJ"": 0.5744, ""M2_HAR"": 1.0, ""M4_HARQ"": 1.0}"
ES/RTH/B1/1h/S-C_q0.80,11,1498398406,2181,M2_HAR|M3_HARJ|M4_HARQ,M2_HAR|M3_HARJ|M4_HARQ,"{""M6_GK"": 0.0, ""M6_PARK"": 0.0, ""M5_RGARCH"": 0.0, ""M1_EWMA"": 0.0, ""M3_HARJ"": 0.576, ""M2_HAR"": 1.0, ""M4_HARQ"": 1.0}"
ES/RTH/B1/1h/S-C_q0.80,12,3833968697,2181,M2_HAR|M3_HARJ|M4_HARQ,M2_HAR|M3_HARJ|M4_HARQ,"{""M6_GK"": 0.0, ""M6_PARK"": 0.0, ""M5_RGARCH"": 0.0, ""M1_EWMA"": 0.0, ""M3_HARJ"": 0.5707, ""M2_HAR"": 1.0, ""M4_HARQ"": 1.0}"
ES/RTH/B1/1h/S-C_q0.80,13,630741820,2181,M2_HAR|M3_HARJ|M4_HARQ,M2_HAR|M3_HARJ|M4_HARQ,"{""M6_GK"": 0.0, ""M6_PARK"": 0.0, ""M5_RGARCH"": 0.0, ""M1_EWMA"": 0.0, ""M3_HARJ"": 0.5646, ""M2_HAR"": 1.0, ""M4_HARQ"": 1.0}"
ES/RTH/B1/1h/S-C_q0.80,14,2401719883,2181,M2_HAR|M3_HARJ|M4_HARQ,M2_HAR|M3_HARJ|M4_HARQ,"{""M6_GK"": 0.0, ""M6_PARK"": 0.0, ""M5_RGARCH"": 0.0, ""M1_EWMA"": 0.0, ""M3_HARJ"": 0.57, ""M2_HAR"": 1.0, ""M4_HARQ"": 1.0}"
ES/RTH/B1/1h/S-C_q0.80,15,3662131630,2181,M2_HAR|M3_HARJ|M4_HARQ,M2_HAR|M3_HARJ|M4_HARQ,"{""M6_GK"": 0.0, ""M6_PARK"": 0.0, ""M5_RGARCH"": 0.0, ""M1_EWMA"": 0.0, ""M3_HARJ"": 0.569, ""M2_HAR"": 1.0, ""M4_HARQ"": 1.0}"
ES/RTH/B1/1h/S-C_q0.80,16,303417529,2181,M2_HAR|M3_HARJ|M4_HARQ,M2_HAR|M3_HARJ|M4_HARQ,"{""M6_GK"": 0.0, ""M6_PARK"": 0.0, ""M5_RGARCH"": 0.0, ""M1_EWMA"": 0.0, ""M3_HARJ"": 0.5676, ""M2_HAR"": 1.0, ""M4_HARQ"": 1.0}"
ES/RTH/B1/1h/S-C_q0.80,17,4155647398,2181,M2_HAR|M3_HARJ|M4_HARQ,M2_HAR|M3_HARJ|M4_HARQ,"{""M6_GK"": 0.0, ""M6_PARK"": 0.0, ""M5_RGARCH"": 0.0, ""M1_EWMA"": 0.0, ""M3_HARJ"": 0.5723, ""M2_HAR"": 1.0, ""M4_HARQ"": 1.0}"
ES/RTH/B1/1h/S-C_q0.80,18,2620441196,2181,M2_HAR|M3_HARJ|M4_HARQ,M2_HAR|M3_HARJ|M4_HARQ,"{""M6_GK"": 0.0, ""M6_PARK"": 0.0, ""M5_RGARCH"": 0.0, ""M1_EWMA"": 0.0, ""M3_HARJ"": 0.5597, ""M2_HAR"": 1.0, ""M4_HARQ"": 1.0}"
ES/RTH/B1/1h/S-C_q0.80,19,4201311651,2181,M2_HAR|M3_HARJ|M4_HARQ,M2_HAR|M3_HARJ|M4_HARQ,"{""M6_GK"": 0.0, ""M6_PARK"": 0.0, ""M5_RGARCH"": 0.0, ""M1_EWMA"": 0.0, ""M3_HARJ"": 0.5736, ""M2_HAR"": 1.0, ""M4_HARQ"": 1.0}"
ES/RTH/B1/1h/S-C_q0.90,0,2237533746,1091,M2_HAR|M3_HARJ|M4_HARQ,M2_HAR|M3_HARJ|M4_HARQ,"{""M5_RGARCH"": 0.0, ""M6_GK"": 0.0, ""M6_PARK"": 0.0, ""M1_EWMA"": 0.0, ""M2_HAR"": 0.9215, ""M3_HARJ"": 1.0, ""M4_HARQ"": 1.0}"
ES/RTH/B1/1h/S-C_q0.90,1,702494603,1091,M2_HAR|M3_HARJ|M4_HARQ,M2_HAR|M3_HARJ|M4_HARQ,"{""M5_RGARCH"": 0.0, ""M6_GK"": 0.0, ""M6_PARK"": 0.0, ""M1_EWMA"": 0.0, ""M2_HAR"": 0.921, ""M3_HARJ"": 1.0, ""M4_HARQ"": 1.0}"
ES/RTH/B1/1h/S-C_q0.90,2,4139393190,1091,M2_HAR|M3_HARJ|M4_HARQ,M2_HAR|M3_HARJ|M4_HARQ,"{""M5_RGARCH"": 0.0, ""M6_GK"": 0.0, ""M6_PARK"": 0.0, ""M1_EWMA"": 0.0, ""M2_HAR"": 0.9232, ""M3_HARJ"": 1.0, ""M4_HARQ"": 1.0}"
ES/RTH/B1/1h/S-C_q0.90,3,769717545,1091,M2_HAR|M3_HARJ|M4_HARQ,M2_HAR|M3_HARJ|M4_HARQ,"{""M5_RGARCH"": 0.0, ""M6_GK"": 0.0, ""M6_PARK"": 0.0, ""M1_EWMA"": 0.0, ""M2_HAR"": 0.9223, ""M3_HARJ"": 1.0, ""M4_HARQ"": 1.0}"
ES/RTH/B1/1h/S-C_q0.90,4,919028315,1091,M2_HAR|M3_HARJ|M4_HARQ,M2_HAR|M3_HARJ|M4_HARQ,"{""M5_RGARCH"": 0.0, ""M6_GK"": 0.0, ""M6_PARK"": 0.0, ""M1_EWMA"": 0.0, ""M2_HAR"": 0.9203, ""M3_HARJ"": 1.0, ""M4_HARQ"": 1.0}"
ES/RTH/B1/1h/S-C_q0.90,5,611620464,1091,M2_HAR|M3_HARJ|M4_HARQ,M2_HAR|M3_HARJ|M4_HARQ,"{""M5_RGARCH"": 0.0, ""M6_GK"": 0.0, ""M6_PARK"": 0.0, ""M1_EWMA"": 0.0, ""M2_HAR"": 0.9244, ""M3_HARJ"": 1.0, ""M4_HARQ"": 1.0}"
ES/RTH/B1/1h/S-C_q0.90,6,3477480266,1091,M2_HAR|M3_HARJ|M4_HARQ,M2_HAR|M3_HARJ|M4_HARQ,"{""M5_RGARCH"": 0.0, ""M6_GK"": 0.0, ""M6_PARK"": 0.0, ""M1_EWMA"": 0.0, ""M2_HAR"": 0.9255, ""M3_HARJ"": 1.0, ""M4_HARQ"": 1.0}"
ES/RTH/B1/1h/S-C_q0.90,7,3198431117,1091,M2_HAR|M3_HARJ|M4_HARQ,M2_HAR|M3_HARJ|M4_HARQ,"{""M5_RGARCH"": 0.0, ""M6_GK"": 0.0, ""M6_PARK"": 0.0, ""M1_EWMA"": 0.0, ""M2_HAR"": 0.9243, ""M3_HARJ"": 1.0, ""M4_HARQ"": 1.0}"
ES/RTH/B1/1h/S-C_q0.90,8,2621026741,1091,M2_HAR|M3_HARJ|M4_HARQ,M2_HAR|M3_HARJ|M4_HARQ,"{""M5_RGARCH"": 0.0, ""M6_GK"": 0.0, ""M6_PARK"": 0.0, ""M1_EWMA"": 0.0, ""M2_HAR"": 0.9273, ""M3_HARJ"": 1.0, ""M4_HARQ"": 1.0}"
ES/RTH/B1/1h/S-C_q0.90,9,1169115867,1091,M2_HAR|M3_HARJ|M4_HARQ,M2_HAR|M3_HARJ|M4_HARQ,"{""M5_RGARCH"": 0.0, ""M6_GK"": 0.0, ""M6_PARK"": 0.0, ""M1_EWMA"": 0.0, ""M2_HAR"": 0.9211, ""M3_HARJ"": 1.0, ""M4_HARQ"": 1.0}"
ES/RTH/B1/1h/S-C_q0.90,10,3689063838,1091,M2_HAR|M3_HARJ|M4_HARQ,M2_HAR|M3_HARJ|M4_HARQ,"{""M5_RGARCH"": 0.0, ""M6_GK"": 0.0, ""M6_PARK"": 0.0, ""M1_EWMA"": 0.0, ""M2_HAR"": 0.9181, ""M3_HARJ"": 1.0, ""M4_HARQ"": 1.0}"
ES/RTH/B1/1h/S-C_q0.90,11,1498398406,1091,M2_HAR|M3_HARJ|M4_HARQ,M2_HAR|M3_HARJ|M4_HARQ,"{""M5_RGARCH"": 0.0, ""M6_GK"": 0.0, ""M6_PARK"": 0.0, ""M1_EWMA"": 0.0, ""M2_HAR"": 0.92, ""M3_HARJ"": 1.0, ""M4_HARQ"": 1.0}"
ES/RTH/B1/1h/S-C_q0.90,12,3833968697,1091,M2_HAR|M3_HARJ|M4_HARQ,M2_HAR|M3_HARJ|M4_HARQ,"{""M5_RGARCH"": 0.0, ""M6_GK"": 0.0, ""M6_PARK"": 0.0, ""M1_EWMA"": 0.0, ""M2_HAR"": 0.9182, ""M3_HARJ"": 1.0, ""M4_HARQ"": 1.0}"
ES/RTH/B1/1h/S-C_q0.90,13,630741820,1091,M2_HAR|M3_HARJ|M4_HARQ,M2_HAR|M3_HARJ|M4_HARQ,"{""M5_RGARCH"": 0.0, ""M6_GK"": 0.0, ""M6_PARK"": 0.0, ""M1_EWMA"": 0.0, ""M2_HAR"": 0.9243, ""M3_HARJ"": 1.0, ""M4_HARQ"": 1.0}"
ES/RTH/B1/1h/S-C_q0.90,14,2401719883,1091,M2_HAR|M3_HARJ|M4_HARQ,M2_HAR|M3_HARJ|M4_HARQ,"{""M5_RGARCH"": 0.0, ""M6_GK"": 0.0, ""M6_PARK"": 0.0, ""M1_EWMA"": 0.0, ""M2_HAR"": 0.924, ""M3_HARJ"": 1.0, ""M4_HARQ"": 1.0}"
ES/RTH/B1/1h/S-C_q0.90,15,3662131630,1091,M2_HAR|M3_HARJ|M4_HARQ,M2_HAR|M3_HARJ|M4_HARQ,"{""M5_RGARCH"": 0.0, ""M6_GK"": 0.0, ""M6_PARK"": 0.0, ""M1_EWMA"": 0.0, ""M2_HAR"": 0.9199, ""M3_HARJ"": 1.0, ""M4_HARQ"": 1.0}"
ES/RTH/B1/1h/S-C_q0.90,16,303417529,1091,M2_HAR|M3_HARJ|M4_HARQ,M2_HAR|M3_HARJ|M4_HARQ,"{""M5_RGARCH"": 0.0, ""M6_GK"": 0.0, ""M6_PARK"": 0.0, ""M1_EWMA"": 0.0, ""M2_HAR"": 0.9191, ""M3_HARJ"": 1.0, ""M4_HARQ"": 1.0}"
ES/RTH/B1/1h/S-C_q0.90,17,4155647398,1091,M2_HAR|M3_HARJ|M4_HARQ,M2_HAR|M3_HARJ|M4_HARQ,"{""M5_RGARCH"": 0.0, ""M6_GK"": 0.0, ""M6_PARK"": 0.0, ""M1_EWMA"": 0.0, ""M2_HAR"": 0.9258, ""M3_HARJ"": 1.0, ""M4_HARQ"": 1.0}"
ES/RTH/B1/1h/S-C_q0.90,18,2620441196,1091,M2_HAR|M3_HARJ|M4_HARQ,M2_HAR|M3_HARJ|M4_HARQ,"{""M5_RGARCH"": 0.0, ""M6_GK"": 0.0, ""M6_PARK"": 0.0, ""M1_EWMA"": 0.0, ""M2_HAR"": 0.9156, ""M3_HARJ"": 1.0, ""M4_HARQ"": 1.0}"
ES/RTH/B1/1h/S-C_q0.90,19,4201311651,1091,M2_HAR|M3_HARJ|M4_HARQ,M2_HAR|M3_HARJ|M4_HARQ,"{""M5_RGARCH"": 0.0, ""M6_GK"": 0.0, ""M6_PARK"": 0.0, ""M1_EWMA"": 0.0, ""M2_HAR"": 0.9199, ""M3_HARJ"": 1.0, ""M4_HARQ"": 1.0}"
ES/RTH/B1/30min/S-B_q0.80,0,2237533746,4463,M2_HAR|M4_HARQ,M2_HAR|M3_HARJ|M4_HARQ,"{""M6_GK"": 0.0, ""M6_PARK"": 0.0, ""M5_RGARCH"": 0.0, ""M1_EWMA"": 0.0, ""M3_HARJ"": 0.1142, ""M2_HAR"": 1.0, ""M4_HARQ"": 1.0}"
ES/RTH/B1/30min/S-B_q0.80,1,702494603,4463,M2_HAR|M4_HARQ,M2_HAR|M3_HARJ|M4_HARQ,"{""M6_GK"": 0.0, ""M6_PARK"": 0.0, ""M5_RGARCH"": 0.0, ""M1_EWMA"": 0.0, ""M3_HARJ"": 0.114, ""M2_HAR"": 1.0, ""M4_HARQ"": 1.0}"
ES/RTH/B1/30min/S-B_q0.80,2,4139393190,4463,M2_HAR|M4_HARQ,M2_HAR|M3_HARJ|M4_HARQ,"{""M6_GK"": 0.0, ""M6_PARK"": 0.0, ""M5_RGARCH"": 0.0, ""M1_EWMA"": 0.0, ""M3_HARJ"": 0.1131, ""M2_HAR"": 1.0, ""M4_HARQ"": 1.0}"
ES/RTH/B1/30min/S-B_q0.80,3,769717545,4463,M2_HAR|M4_HARQ,M2_HAR|M3_HARJ|M4_HARQ,"{""M6_GK"": 0.0, ""M6_PARK"": 0.0, ""M5_RGARCH"": 0.0, ""M1_EWMA"": 0.0, ""M3_HARJ"": 0.1133, ""M2_HAR"": 1.0, ""M4_HARQ"": 1.0}"
ES/RTH/B1/30min/S-B_q0.80,4,919028315,4463,M2_HAR|M4_HARQ,M2_HAR|M3_HARJ|M4_HARQ,"{""M6_GK"": 0.0, ""M6_PARK"": 0.0, ""M5_RGARCH"": 0.0, ""M1_EWMA"": 0.0, ""M3_HARJ"": 0.1162, ""M2_HAR"": 1.0, ""M4_HARQ"": 1.0}"
ES/RTH/B1/30min/S-B_q0.80,5,611620464,4463,M2_HAR|M4_HARQ,M2_HAR|M3_HARJ|M4_HARQ,"{""M6_GK"": 0.0, ""M6_PARK"": 0.0, ""M5_RGARCH"": 0.0, ""M1_EWMA"": 0.0, ""M3_HARJ"": 0.1164, ""M2_HAR"": 1.0, ""M4_HARQ"": 1.0}"
ES/RTH/B1/30min/S-B_q0.80,6,3477480266,4463,M2_HAR|M4_HARQ,M2_HAR|M3_HARJ|M4_HARQ,"{""M6_GK"": 0.0, ""M6_PARK"": 0.0, ""M5_RGARCH"": 0.0, ""M1_EWMA"": 0.0, ""M3_HARJ"": 0.1179, ""M2_HAR"": 1.0, ""M4_HARQ"": 1.0}"
ES/RTH/B1/30min/S-B_q0.80,7,3198431117,4463,M2_HAR|M4_HARQ,M2_HAR|M3_HARJ|M4_HARQ,"{""M6_GK"": 0.0, ""M6_PARK"": 0.0, ""M5_RGARCH"": 0.0, ""M1_EWMA"": 0.0, ""M3_HARJ"": 0.1124, ""M2_HAR"": 1.0, ""M4_HARQ"": 1.0}"
ES/RTH/B1/30min/S-B_q0.80,8,2621026741,4463,M2_HAR|M4_HARQ,M2_HAR|M3_HARJ|M4_HARQ,"{""M6_GK"": 0.0, ""M6_PARK"": 0.0, ""M5_RGARCH"": 0.0, ""M1_EWMA"": 0.0, ""M3_HARJ"": 0.114, ""M2_HAR"": 1.0, ""M4_HARQ"": 1.0}"
ES/RTH/B1/30min/S-B_q0.80,9,1169115867,4463,M2_HAR|M4_HARQ,M2_HAR|M3_HARJ|M4_HARQ,"{""M6_GK"": 0.0, ""M6_PARK"": 0.0, ""M5_RGARCH"": 0.0, ""M1_EWMA"": 0.0, ""M3_HARJ"": 0.1184, ""M2_HAR"": 1.0, ""M4_HARQ"": 1.0}"
ES/RTH/B1/30min/S-B_q0.80,10,3689063838,4463,M2_HAR|M4_HARQ,M2_HAR|M3_HARJ|M4_HARQ,"{""M6_GK"": 0.0, ""M6_PARK"": 0.0, ""M5_RGARCH"": 0.0, ""M1_EWMA"": 0.0, ""M3_HARJ"": 0.1154, ""M2_HAR"": 1.0, ""M4_HARQ"": 1.0}"
ES/RTH/B1/30min/S-B_q0.80,11,1498398406,4463,M2_HAR|M4_HARQ,M2_HAR|M3_HARJ|M4_HARQ,"{""M6_GK"": 0.0, ""M6_PARK"": 0.0, ""M5_RGARCH"": 0.0, ""M1_EWMA"": 0.0, ""M3_HARJ"": 0.1111, ""M2_HAR"": 1.0, ""M4_HARQ"": 1.0}"
ES/RTH/B1/30min/S-B_q0.80,12,3833968697,4463,M2_HAR|M4_HARQ,M2_HAR|M3_HARJ|M4_HARQ,"{""M6_GK"": 0.0, ""M6_PARK"": 0.0, ""M5_RGARCH"": 0.0, ""M1_EWMA"": 0.0, ""M3_HARJ"": 0.1193, ""M2_HAR"": 1.0, ""M4_HARQ"": 1.0}"
ES/RTH/B1/30min/S-B_q0.80,13,630741820,4463,M2_HAR|M4_HARQ,M2_HAR|M3_HARJ|M4_HARQ,"{""M6_GK"": 0.0, ""M6_PARK"": 0.0, ""M5_RGARCH"": 0.0, ""M1_EWMA"": 0.0, ""M3_HARJ"": 0.1164, ""M2_HAR"": 1.0, ""M4_HARQ"": 1.0}"
ES/RTH/B1/30min/S-B_q0.80,14,2401719883,4463,M2_HAR|M4_HARQ,M2_HAR|M3_HARJ|M4_HARQ,"{""M6_GK"": 0.0, ""M6_PARK"": 0.0, ""M5_RGARCH"": 0.0, ""M1_EWMA"": 0.0, ""M3_HARJ"": 0.1131, ""M2_HAR"": 1.0, ""M4_HARQ"": 1.0}"
ES/RTH/B1/30min/S-B_q0.80,15,3662131630,4463,M2_HAR|M4_HARQ,M2_HAR|M3_HARJ|M4_HARQ,"{""M6_GK"": 0.0, ""M6_PARK"": 0.0, ""M5_RGARCH"": 0.0, ""M1_EWMA"": 0.0, ""M3_HARJ"": 0.1134, ""M2_HAR"": 1.0, ""M4_HARQ"": 1.0}"
ES/RTH/B1/30min/S-B_q0.80,16,303417529,4463,M2_HAR|M4_HARQ,M2_HAR|M3_HARJ|M4_HARQ,"{""M6_GK"": 0.0, ""M6_PARK"": 0.0, ""M5_RGARCH"": 0.0, ""M1_EWMA"": 0.0, ""M3_HARJ"": 0.118, ""M2_HAR"": 1.0, ""M4_HARQ"": 1.0}"
ES/RTH/B1/30min/S-B_q0.80,17,4155647398,4463,M2_HAR|M4_HARQ,M2_HAR|M3_HARJ|M4_HARQ,"{""M6_GK"": 0.0, ""M6_PARK"": 0.0, ""M5_RGARCH"": 0.0, ""M1_EWMA"": 0.0, ""M3_HARJ"": 0.1159, ""M2_HAR"": 1.0, ""M4_HARQ"": 1.0}"
ES/RTH/B1/30min/S-B_q0.80,18,2620441196,4463,M2_HAR|M4_HARQ,M2_HAR|M3_HARJ|M4_HARQ,"{""M6_GK"": 0.0, ""M6_PARK"": 0.0, ""M5_RGARCH"": 0.0, ""M1_EWMA"": 0.0, ""M3_HARJ"": 0.1124, ""M2_HAR"": 1.0, ""M4_HARQ"": 1.0}"
ES/RTH/B1/30min/S-B_q0.80,19,4201311651,4463,M2_HAR|M4_HARQ,M2_HAR|M3_HARJ|M4_HARQ,"{""M6_GK"": 0.0, ""M6_PARK"": 0.0, ""M5_RGARCH"": 0.0, ""M1_EWMA"": 0.0, ""M3_HARJ"": 0.1171, ""M2_HAR"": 1.0, ""M4_HARQ"": 1.0}"
ES/RTH/B1/30min/S-B_q0.90,0,2237533746,2232,M2_HAR|M4_HARQ,M2_HAR|M3_HARJ|M4_HARQ,"{""M6_GK"": 0.0, ""M5_RGARCH"": 0.0, ""M6_PARK"": 0.0, ""M1_EWMA"": 0.0, ""M3_HARJ"": 0.1139, ""M2_HAR"": 1.0, ""M4_HARQ"": 1.0}"
ES/RTH/B1/30min/S-B_q0.90,1,702494603,2232,M2_HAR|M4_HARQ,M2_HAR|M3_HARJ|M4_HARQ,"{""M6_GK"": 0.0, ""M5_RGARCH"": 0.0, ""M6_PARK"": 0.0, ""M1_EWMA"": 0.0, ""M3_HARJ"": 0.1188, ""M2_HAR"": 1.0, ""M4_HARQ"": 1.0}"
ES/RTH/B1/30min/S-B_q0.90,2,4139393190,2232,M2_HAR|M4_HARQ,M2_HAR|M3_HARJ|M4_HARQ,"{""M6_GK"": 0.0, ""M5_RGARCH"": 0.0, ""M6_PARK"": 0.0, ""M1_EWMA"": 0.0, ""M3_HARJ"": 0.1166, ""M2_HAR"": 1.0, ""M4_HARQ"": 1.0}"
ES/RTH/B1/30min/S-B_q0.90,3,769717545,2232,M2_HAR|M4_HARQ,M2_HAR|M3_HARJ|M4_HARQ,"{""M6_GK"": 0.0, ""M5_RGARCH"": 0.0, ""M6_PARK"": 0.0, ""M1_EWMA"": 0.0, ""M3_HARJ"": 0.1143, ""M2_HAR"": 1.0, ""M4_HARQ"": 1.0}"
ES/RTH/B1/30min/S-B_q0.90,4,919028315,2232,M2_HAR|M4_HARQ,M2_HAR|M3_HARJ|M4_HARQ,"{""M6_GK"": 0.0, ""M5_RGARCH"": 0.0, ""M6_PARK"": 0.0, ""M1_EWMA"": 0.0, ""M3_HARJ"": 0.1121, ""M2_HAR"": 1.0, ""M4_HARQ"": 1.0}"
ES/RTH/B1/30min/S-B_q0.90,5,611620464,2232,M2_HAR|M4_HARQ,M2_HAR|M3_HARJ|M4_HARQ,"{""M6_GK"": 0.0, ""M5_RGARCH"": 0.0, ""M6_PARK"": 0.0, ""M1_EWMA"": 0.0, ""M3_HARJ"": 0.1144, ""M2_HAR"": 1.0, ""M4_HARQ"": 1.0}"
ES/RTH/B1/30min/S-B_q0.90,6,3477480266,2232,M2_HAR|M4_HARQ,M2_HAR|M3_HARJ|M4_HARQ,"{""M6_GK"": 0.0, ""M5_RGARCH"": 0.0, ""M6_PARK"": 0.0, ""M1_EWMA"": 0.0, ""M3_HARJ"": 0.1204, ""M2_HAR"": 1.0, ""M4_HARQ"": 1.0}"
ES/RTH/B1/30min/S-B_q0.90,7,3198431117,2232,M2_HAR|M4_HARQ,M2_HAR|M3_HARJ|M4_HARQ,"{""M6_GK"": 0.0, ""M5_RGARCH"": 0.0, ""M6_PARK"": 0.0, ""M1_EWMA"": 0.0, ""M3_HARJ"": 0.1172, ""M2_HAR"": 1.0, ""M4_HARQ"": 1.0}"
ES/RTH/B1/30min/S-B_q0.90,8,2621026741,2232,M2_HAR|M4_HARQ,M2_HAR|M3_HARJ|M4_HARQ,"{""M6_GK"": 0.0, ""M5_RGARCH"": 0.0, ""M6_PARK"": 0.0, ""M1_EWMA"": 0.0, ""M3_HARJ"": 0.1193, ""M2_HAR"": 1.0, ""M4_HARQ"": 1.0}"
ES/RTH/B1/30min/S-B_q0.90,9,1169115867,2232,M2_HAR|M4_HARQ,M2_HAR|M3_HARJ|M4_HARQ,"{""M6_GK"": 0.0, ""M5_RGARCH"": 0.0, ""M6_PARK"": 0.0, ""M1_EWMA"": 0.0, ""M3_HARJ"": 0.114, ""M2_HAR"": 1.0, ""M4_HARQ"": 1.0}"
ES/RTH/B1/30min/S-B_q0.90,10,3689063838,2232,M2_HAR|M4_HARQ,M2_HAR|M3_HARJ|M4_HARQ,"{""M6_GK"": 0.0, ""M5_RGARCH"": 0.0, ""M6_PARK"": 0.0, ""M1_EWMA"": 0.0, ""M3_HARJ"": 0.1152, ""M2_HAR"": 1.0, ""M4_HARQ"": 1.0}"
ES/RTH/B1/30min/S-B_q0.90,11,1498398406,2232,M2_HAR|M4_HARQ,M2_HAR|M3_HARJ|M4_HARQ,"{""M6_GK"": 0.0, ""M5_RGARCH"": 0.0, ""M6_PARK"": 0.0, ""M1_EWMA"": 0.0, ""M3_HARJ"": 0.1173, ""M2_HAR"": 1.0, ""M4_HARQ"": 1.0}"
ES/RTH/B1/30min/S-B_q0.90,12,3833968697,2232,M2_HAR|M4_HARQ,M2_HAR|M3_HARJ|M4_HARQ,"{""M6_GK"": 0.0, ""M5_RGARCH"": 0.0, ""M6_PARK"": 0.0, ""M1_EWMA"": 0.0, ""M3_HARJ"": 0.1206, ""M2_HAR"": 1.0, ""M4_HARQ"": 1.0}"
ES/RTH/B1/30min/S-B_q0.90,13,630741820,2232,M2_HAR|M4_HARQ,M2_HAR|M3_HARJ|M4_HARQ,"{""M6_GK"": 0.0, ""M5_RGARCH"": 0.0, ""M6_PARK"": 0.0, ""M1_EWMA"": 0.0, ""M3_HARJ"": 0.1204, ""M2_HAR"": 1.0, ""M4_HARQ"": 1.0}"
ES/RTH/B1/30min/S-B_q0.90,14,2401719883,2232,M2_HAR|M4_HARQ,M2_HAR|M3_HARJ|M4_HARQ,"{""M6_GK"": 0.0, ""M5_RGARCH"": 0.0, ""M6_PARK"": 0.0, ""M1_EWMA"": 0.0, ""M3_HARJ"": 0.116, ""M2_HAR"": 1.0, ""M4_HARQ"": 1.0}"
ES/RTH/B1/30min/S-B_q0.90,15,3662131630,2232,M2_HAR|M4_HARQ,M2_HAR|M3_HARJ|M4_HARQ,"{""M6_GK"": 0.0, ""M5_RGARCH"": 0.0, ""M6_PARK"": 0.0, ""M1_EWMA"": 0.0, ""M3_HARJ"": 0.1223, ""M2_HAR"": 1.0, ""M4_HARQ"": 1.0}"
ES/RTH/B1/30min/S-B_q0.90,16,303417529,2232,M2_HAR|M4_HARQ,M2_HAR|M3_HARJ|M4_HARQ,"{""M6_GK"": 0.0, ""M5_RGARCH"": 0.0, ""M6_PARK"": 0.0, ""M1_EWMA"": 0.0, ""M3_HARJ"": 0.1105, ""M2_HAR"": 1.0, ""M4_HARQ"": 1.0}"
ES/RTH/B1/30min/S-B_q0.90,17,4155647398,2232,M2_HAR|M4_HARQ,M2_HAR|M3_HARJ|M4_HARQ,"{""M6_GK"": 0.0, ""M5_RGARCH"": 0.0, ""M6_PARK"": 0.0, ""M1_EWMA"": 0.0, ""M3_HARJ"": 0.1164, ""M2_HAR"": 1.0, ""M4_HARQ"": 1.0}"
ES/RTH/B1/30min/S-B_q0.90,18,2620441196,2232,M2_HAR|M4_HARQ,M2_HAR|M3_HARJ|M4_HARQ,"{""M6_GK"": 0.0, ""M5_RGARCH"": 0.0, ""M6_PARK"": 0.0, ""M1_EWMA"": 0.0, ""M3_HARJ"": 0.1196, ""M2_HAR"": 1.0, ""M4_HARQ"": 1.0}"
ES/RTH/B1/30min/S-B_q0.90,19,4201311651,2232,M2_HAR|M4_HARQ,M2_HAR|M3_HARJ|M4_HARQ,"{""M6_GK"": 0.0, ""M5_RGARCH"": 0.0, ""M6_PARK"": 0.0, ""M1_EWMA"": 0.0, ""M3_HARJ"": 0.1187, ""M2_HAR"": 1.0, ""M4_HARQ"": 1.0}"
ES/RTH/B1/30min/S-C_q0.80,0,2237533746,4463,M2_HAR|M3_HARJ|M4_HARQ,M2_HAR|M3_HARJ|M4_HARQ,"{""M6_GK"": 0.0, ""M6_PARK"": 0.0, ""M5_RGARCH"": 0.0, ""M1_EWMA"": 0.0, ""M2_HAR"": 0.6914, ""M3_HARJ"": 1.0, ""M4_HARQ"": 1.0}"
ES/RTH/B1/30min/S-C_q0.80,1,702494603,4463,M2_HAR|M3_HARJ|M4_HARQ,M2_HAR|M3_HARJ|M4_HARQ,"{""M6_GK"": 0.0, ""M6_PARK"": 0.0, ""M5_RGARCH"": 0.0, ""M1_EWMA"": 0.0, ""M2_HAR"": 0.6925, ""M3_HARJ"": 1.0, ""M4_HARQ"": 1.0}"
ES/RTH/B1/30min/S-C_q0.80,2,4139393190,4463,M2_HAR|M3_HARJ|M4_HARQ,M2_HAR|M3_HARJ|M4_HARQ,"{""M6_GK"": 0.0, ""M6_PARK"": 0.0, ""M5_RGARCH"": 0.0, ""M1_EWMA"": 0.0, ""M2_HAR"": 0.6844, ""M3_HARJ"": 1.0, ""M4_HARQ"": 1.0}"
ES/RTH/B1/30min/S-C_q0.80,3,769717545,4463,M2_HAR|M3_HARJ|M4_HARQ,M2_HAR|M3_HARJ|M4_HARQ,"{""M6_GK"": 0.0, ""M6_PARK"": 0.0, ""M5_RGARCH"": 0.0, ""M1_EWMA"": 0.0, ""M2_HAR"": 0.69, ""M3_HARJ"": 1.0, ""M4_HARQ"": 1.0}"
ES/RTH/B1/30min/S-C_q0.80,4,919028315,4463,M2_HAR|M3_HARJ|M4_HARQ,M2_HAR|M3_HARJ|M4_HARQ,"{""M6_GK"": 0.0, ""M6_PARK"": 0.0, ""M5_RGARCH"": 0.0, ""M1_EWMA"": 0.0, ""M2_HAR"": 0.6893, ""M3_HARJ"": 1.0, ""M4_HARQ"": 1.0}"
ES/RTH/B1/30min/S-C_q0.80,5,611620464,4463,M2_HAR|M3_HARJ|M4_HARQ,M2_HAR|M3_HARJ|M4_HARQ,"{""M6_GK"": 0.0, ""M6_PARK"": 0.0, ""M5_RGARCH"": 0.0, ""M1_EWMA"": 0.0, ""M2_HAR"": 0.6838, ""M3_HARJ"": 1.0, ""M4_HARQ"": 1.0}"
ES/RTH/B1/30min/S-C_q0.80,6,3477480266,4463,M2_HAR|M3_HARJ|M4_HARQ,M2_HAR|M3_HARJ|M4_HARQ,"{""M6_GK"": 0.0, ""M6_PARK"": 0.0, ""M5_RGARCH"": 0.0, ""M1_EWMA"": 0.0, ""M2_HAR"": 0.6922, ""M3_HARJ"": 1.0, ""M4_HARQ"": 1.0}"
ES/RTH/B1/30min/S-C_q0.80,7,3198431117,4463,M2_HAR|M3_HARJ|M4_HARQ,M2_HAR|M3_HARJ|M4_HARQ,"{""M6_GK"": 0.0, ""M6_PARK"": 0.0, ""M5_RGARCH"": 0.0, ""M1_EWMA"": 0.0, ""M2_HAR"": 0.6949, ""M3_HARJ"": 1.0, ""M4_HARQ"": 1.0}"
ES/RTH/B1/30min/S-C_q0.80,8,2621026741,4463,M2_HAR|M3_HARJ|M4_HARQ,M2_HAR|M3_HARJ|M4_HARQ,"{""M6_GK"": 0.0, ""M6_PARK"": 0.0, ""M5_RGARCH"": 0.0, ""M1_EWMA"": 0.0, ""M2_HAR"": 0.6911, ""M3_HARJ"": 1.0, ""M4_HARQ"": 1.0}"
ES/RTH/B1/30min/S-C_q0.80,9,1169115867,4463,M2_HAR|M3_HARJ|M4_HARQ,M2_HAR|M3_HARJ|M4_HARQ,"{""M6_GK"": 0.0, ""M6_PARK"": 0.0, ""M5_RGARCH"": 0.0, ""M1_EWMA"": 0.0, ""M2_HAR"": 0.7045, ""M3_HARJ"": 1.0, ""M4_HARQ"": 1.0}"
ES/RTH/B1/30min/S-C_q0.80,10,3689063838,4463,M2_HAR|M3_HARJ|M4_HARQ,M2_HAR|M3_HARJ|M4_HARQ,"{""M6_GK"": 0.0, ""M6_PARK"": 0.0, ""M5_RGARCH"": 0.0, ""M1_EWMA"": 0.0, ""M2_HAR"": 0.6931, ""M3_HARJ"": 1.0, ""M4_HARQ"": 1.0}"
ES/RTH/B1/30min/S-C_q0.80,11,1498398406,4463,M2_HAR|M3_HARJ|M4_HARQ,M2_HAR|M3_HARJ|M4_HARQ,"{""M6_GK"": 0.0, ""M6_PARK"": 0.0, ""M5_RGARCH"": 0.0, ""M1_EWMA"": 0.0, ""M2_HAR"": 0.6885, ""M3_HARJ"": 1.0, ""M4_HARQ"": 1.0}"
ES/RTH/B1/30min/S-C_q0.80,12,3833968697,4463,M2_HAR|M3_HARJ|M4_HARQ,M2_HAR|M3_HARJ|M4_HARQ,"{""M6_GK"": 0.0, ""M6_PARK"": 0.0, ""M5_RGARCH"": 0.0, ""M1_EWMA"": 0.0, ""M2_HAR"": 0.6904, ""M3_HARJ"": 1.0, ""M4_HARQ"": 1.0}"
ES/RTH/B1/30min/S-C_q0.80,13,630741820,4463,M2_HAR|M3_HARJ|M4_HARQ,M2_HAR|M3_HARJ|M4_HARQ,"{""M6_GK"": 0.0, ""M6_PARK"": 0.0, ""M5_RGARCH"": 0.0, ""M1_EWMA"": 0.0, ""M2_HAR"": 0.695, ""M3_HARJ"": 1.0, ""M4_HARQ"": 1.0}"
ES/RTH/B1/30min/S-C_q0.80,14,2401719883,4463,M2_HAR|M3_HARJ|M4_HARQ,M2_HAR|M3_HARJ|M4_HARQ,"{""M6_GK"": 0.0, ""M6_PARK"": 0.0, ""M5_RGARCH"": 0.0, ""M1_EWMA"": 0.0, ""M2_HAR"": 0.6896, ""M3_HARJ"": 1.0, ""M4_HARQ"": 1.0}"
ES/RTH/B1/30min/S-C_q0.80,15,3662131630,4463,M2_HAR|M3_HARJ|M4_HARQ,M2_HAR|M3_HARJ|M4_HARQ,"{""M6_GK"": 0.0, ""M6_PARK"": 0.0, ""M5_RGARCH"": 0.0, ""M1_EWMA"": 0.0, ""M2_HAR"": 0.693, ""M3_HARJ"": 1.0, ""M4_HARQ"": 1.0}"
ES/RTH/B1/30min/S-C_q0.80,16,303417529,4463,M2_HAR|M3_HARJ|M4_HARQ,M2_HAR|M3_HARJ|M4_HARQ,"{""M6_GK"": 0.0, ""M6_PARK"": 0.0, ""M5_RGARCH"": 0.0, ""M1_EWMA"": 0.0, ""M2_HAR"": 0.6972, ""M3_HARJ"": 1.0, ""M4_HARQ"": 1.0}"
ES/RTH/B1/30min/S-C_q0.80,17,4155647398,4463,M2_HAR|M3_HARJ|M4_HARQ,M2_HAR|M3_HARJ|M4_HARQ,"{""M6_GK"": 0.0, ""M6_PARK"": 0.0, ""M5_RGARCH"": 0.0, ""M1_EWMA"": 0.0, ""M2_HAR"": 0.692, ""M3_HARJ"": 1.0, ""M4_HARQ"": 1.0}"
ES/RTH/B1/30min/S-C_q0.80,18,2620441196,4463,M2_HAR|M3_HARJ|M4_HARQ,M2_HAR|M3_HARJ|M4_HARQ,"{""M6_GK"": 0.0, ""M6_PARK"": 0.0, ""M5_RGARCH"": 0.0, ""M1_EWMA"": 0.0, ""M2_HAR"": 0.6977, ""M3_HARJ"": 1.0, ""M4_HARQ"": 1.0}"
ES/RTH/B1/30min/S-C_q0.80,19,4201311651,4463,M2_HAR|M3_HARJ|M4_HARQ,M2_HAR|M3_HARJ|M4_HARQ,"{""M6_GK"": 0.0, ""M6_PARK"": 0.0, ""M5_RGARCH"": 0.0, ""M1_EWMA"": 0.0, ""M2_HAR"": 0.6907, ""M3_HARJ"": 1.0, ""M4_HARQ"": 1.0}"
ES/RTH/B1/30min/S-C_q0.90,0,2237533746,2232,M2_HAR|M3_HARJ|M4_HARQ,M2_HAR|M3_HARJ|M4_HARQ,"{""M6_GK"": 0.0, ""M5_RGARCH"": 0.0, ""M6_PARK"": 0.0, ""M1_EWMA"": 0.0, ""M2_HAR"": 0.6539, ""M3_HARJ"": 1.0, ""M4_HARQ"": 1.0}"
ES/RTH/B1/30min/S-C_q0.90,1,702494603,2232,M2_HAR|M3_HARJ|M4_HARQ,M2_HAR|M3_HARJ|M4_HARQ,"{""M6_GK"": 0.0, ""M5_RGARCH"": 0.0, ""M6_PARK"": 0.0, ""M1_EWMA"": 0.0, ""M2_HAR"": 0.6554, ""M3_HARJ"": 1.0, ""M4_HARQ"": 1.0}"
ES/RTH/B1/30min/S-C_q0.90,2,4139393190,2232,M2_HAR|M3_HARJ|M4_HARQ,M2_HAR|M3_HARJ|M4_HARQ,"{""M6_GK"": 0.0, ""M5_RGARCH"": 0.0, ""M6_PARK"": 0.0, ""M1_EWMA"": 0.0, ""M2_HAR"": 0.6484, ""M3_HARJ"": 1.0, ""M4_HARQ"": 1.0}"
ES/RTH/B1/30min/S-C_q0.90,3,769717545,2232,M2_HAR|M3_HARJ|M4_HARQ,M2_HAR|M3_HARJ|M4_HARQ,"{""M6_GK"": 0.0, ""M5_RGARCH"": 0.0, ""M6_PARK"": 0.0, ""M1_EWMA"": 0.0, ""M2_HAR"": 0.6597, ""M3_HARJ"": 1.0, ""M4_HARQ"": 1.0}"
ES/RTH/B1/30min/S-C_q0.90,4,919028315,2232,M2_HAR|M3_HARJ|M4_HARQ,M2_HAR|M3_HARJ|M4_HARQ,"{""M6_GK"": 0.0, ""M5_RGARCH"": 0.0, ""M6_PARK"": 0.0, ""M1_EWMA"": 0.0, ""M2_HAR"": 0.6623, ""M3_HARJ"": 1.0, ""M4_HARQ"": 1.0}"
ES/RTH/B1/30min/S-C_q0.90,5,611620464,2232,M2_HAR|M3_HARJ|M4_HARQ,M2_HAR|M3_HARJ|M4_HARQ,"{""M6_GK"": 0.0, ""M5_RGARCH"": 0.0, ""M6_PARK"": 0.0, ""M1_EWMA"": 0.0, ""M2_HAR"": 0.6483, ""M3_HARJ"": 1.0, ""M4_HARQ"": 1.0}"
ES/RTH/B1/30min/S-C_q0.90,6,3477480266,2232,M2_HAR|M3_HARJ|M4_HARQ,M2_HAR|M3_HARJ|M4_HARQ,"{""M6_GK"": 0.0, ""M5_RGARCH"": 0.0, ""M6_PARK"": 0.0, ""M1_EWMA"": 0.0, ""M2_HAR"": 0.6562, ""M3_HARJ"": 1.0, ""M4_HARQ"": 1.0}"
ES/RTH/B1/30min/S-C_q0.90,7,3198431117,2232,M2_HAR|M3_HARJ|M4_HARQ,M2_HAR|M3_HARJ|M4_HARQ,"{""M6_GK"": 0.0, ""M5_RGARCH"": 0.0, ""M6_PARK"": 0.0, ""M1_EWMA"": 0.0, ""M2_HAR"": 0.6531, ""M3_HARJ"": 1.0, ""M4_HARQ"": 1.0}"
ES/RTH/B1/30min/S-C_q0.90,8,2621026741,2232,M2_HAR|M3_HARJ|M4_HARQ,M2_HAR|M3_HARJ|M4_HARQ,"{""M6_GK"": 0.0, ""M5_RGARCH"": 0.0, ""M6_PARK"": 0.0, ""M1_EWMA"": 0.0, ""M2_HAR"": 0.6553, ""M3_HARJ"": 1.0, ""M4_HARQ"": 1.0}"
ES/RTH/B1/30min/S-C_q0.90,9,1169115867,2232,M2_HAR|M3_HARJ|M4_HARQ,M2_HAR|M3_HARJ|M4_HARQ,"{""M6_GK"": 0.0, ""M5_RGARCH"": 0.0, ""M6_PARK"": 0.0, ""M1_EWMA"": 0.0, ""M2_HAR"": 0.6637, ""M3_HARJ"": 1.0, ""M4_HARQ"": 1.0}"
ES/RTH/B1/30min/S-C_q0.90,10,3689063838,2232,M2_HAR|M3_HARJ|M4_HARQ,M2_HAR|M3_HARJ|M4_HARQ,"{""M6_GK"": 0.0, ""M5_RGARCH"": 0.0, ""M6_PARK"": 0.0, ""M1_EWMA"": 0.0, ""M2_HAR"": 0.6563, ""M3_HARJ"": 1.0, ""M4_HARQ"": 1.0}"
ES/RTH/B1/30min/S-C_q0.90,11,1498398406,2232,M2_HAR|M3_HARJ|M4_HARQ,M2_HAR|M3_HARJ|M4_HARQ,"{""M6_GK"": 0.0, ""M5_RGARCH"": 0.0, ""M6_PARK"": 0.0, ""M1_EWMA"": 0.0, ""M2_HAR"": 0.6536, ""M3_HARJ"": 1.0, ""M4_HARQ"": 1.0}"
ES/RTH/B1/30min/S-C_q0.90,12,3833968697,2232,M2_HAR|M3_HARJ|M4_HARQ,M2_HAR|M3_HARJ|M4_HARQ,"{""M6_GK"": 0.0, ""M5_RGARCH"": 0.0, ""M6_PARK"": 0.0, ""M1_EWMA"": 0.0, ""M2_HAR"": 0.6601, ""M3_HARJ"": 1.0, ""M4_HARQ"": 1.0}"
ES/RTH/B1/30min/S-C_q0.90,13,630741820,2232,M2_HAR|M3_HARJ|M4_HARQ,M2_HAR|M3_HARJ|M4_HARQ,"{""M6_GK"": 0.0, ""M5_RGARCH"": 0.0, ""M6_PARK"": 0.0, ""M1_EWMA"": 0.0, ""M2_HAR"": 0.6524, ""M3_HARJ"": 1.0, ""M4_HARQ"": 1.0}"
ES/RTH/B1/30min/S-C_q0.90,14,2401719883,2232,M2_HAR|M3_HARJ|M4_HARQ,M2_HAR|M3_HARJ|M4_HARQ,"{""M6_GK"": 0.0, ""M5_RGARCH"": 0.0, ""M6_PARK"": 0.0, ""M1_EWMA"": 0.0, ""M2_HAR"": 0.6477, ""M3_HARJ"": 1.0, ""M4_HARQ"": 1.0}"
ES/RTH/B1/30min/S-C_q0.90,15,3662131630,2232,M2_HAR|M3_HARJ|M4_HARQ,M2_HAR|M3_HARJ|M4_HARQ,"{""M6_GK"": 0.0, ""M5_RGARCH"": 0.0, ""M6_PARK"": 0.0, ""M1_EWMA"": 0.0, ""M2_HAR"": 0.6452, ""M3_HARJ"": 1.0, ""M4_HARQ"": 1.0}"
ES/RTH/B1/30min/S-C_q0.90,16,303417529,2232,M2_HAR|M3_HARJ|M4_HARQ,M2_HAR|M3_HARJ|M4_HARQ,"{""M6_GK"": 0.0, ""M5_RGARCH"": 0.0, ""M6_PARK"": 0.0, ""M1_EWMA"": 0.0, ""M2_HAR"": 0.6583, ""M3_HARJ"": 1.0, ""M4_HARQ"": 1.0}"
ES/RTH/B1/30min/S-C_q0.90,17,4155647398,2232,M2_HAR|M3_HARJ|M4_HARQ,M2_HAR|M3_HARJ|M4_HARQ,"{""M6_GK"": 0.0, ""M5_RGARCH"": 0.0, ""M6_PARK"": 0.0, ""M1_EWMA"": 0.0, ""M2_HAR"": 0.6533, ""M3_HARJ"": 1.0, ""M4_HARQ"": 1.0}"
ES/RTH/B1/30min/S-C_q0.90,18,2620441196,2232,M2_HAR|M3_HARJ|M4_HARQ,M2_HAR|M3_HARJ|M4_HARQ,"{""M6_GK"": 0.0, ""M5_RGARCH"": 0.0, ""M6_PARK"": 0.0, ""M1_EWMA"": 0.0, ""M2_HAR"": 0.6561, ""M3_HARJ"": 1.0, ""M4_HARQ"": 1.0}"
ES/RTH/B1/30min/S-C_q0.90,19,4201311651,2232,M2_HAR|M3_HARJ|M4_HARQ,M2_HAR|M3_HARJ|M4_HARQ,"{""M6_GK"": 0.0, ""M5_RGARCH"": 0.0, ""M6_PARK"": 0.0, ""M1_EWMA"": 0.0, ""M2_HAR"": 0.6578, ""M3_HARJ"": 1.0, ""M4_HARQ"": 1.0}"
NQ/GLOBEX/B0/1day/S-B_q0.80,0,2237533746,290,M2_HAR|M3_HARJ|M4_HARQ,M2_HAR|M3_HARJ|M4_HARQ,"{""M5_RGARCH"": 0.0, ""M6_PARK"": 0.0019, ""M6_GK"": 0.0019, ""M1_EWMA"": 0.0193, ""M2_HAR"": 0.7173, ""M3_HARJ"": 1.0, ""M4_HARQ"": 1.0}"
NQ/GLOBEX/B0/1day/S-B_q0.80,1,702494603,290,M2_HAR|M3_HARJ|M4_HARQ,M2_HAR|M3_HARJ|M4_HARQ,"{""M5_RGARCH"": 0.0, ""M6_PARK"": 0.002, ""M6_GK"": 0.002, ""M1_EWMA"": 0.0202, ""M2_HAR"": 0.7198, ""M3_HARJ"": 1.0, ""M4_HARQ"": 1.0}"
NQ/GLOBEX/B0/1day/S-B_q0.80,2,4139393190,290,M2_HAR|M3_HARJ|M4_HARQ,M2_HAR|M3_HARJ|M4_HARQ,"{""M5_RGARCH"": 0.0, ""M6_PARK"": 0.0019, ""M6_GK"": 0.0019, ""M1_EWMA"": 0.022, ""M2_HAR"": 0.7261, ""M3_HARJ"": 1.0, ""M4_HARQ"": 1.0}"
NQ/GLOBEX/B0/1day/S-B_q0.80,3,769717545,290,M2_HAR|M3_HARJ|M4_HARQ,M2_HAR|M3_HARJ|M4_HARQ,"{""M5_RGARCH"": 0.0, ""M6_PARK"": 0.0022, ""M6_GK"": 0.0022, ""M1_EWMA"": 0.0208, ""M2_HAR"": 0.7162, ""M3_HARJ"": 1.0, ""M4_HARQ"": 1.0}"
NQ/GLOBEX/B0/1day/S-B_q0.80,4,919028315,290,M2_HAR|M3_HARJ|M4_HARQ,M2_HAR|M3_HARJ|M4_HARQ,"{""M5_RGARCH"": 0.0, ""M6_PARK"": 0.0016, ""M6_GK"": 0.0016, ""M1_EWMA"": 0.021, ""M2_HAR"": 0.7207, ""M3_HARJ"": 1.0, ""M4_HARQ"": 1.0}"
NQ/GLOBEX/B0/1day/S-B_q0.80,5,611620464,290,M2_HAR|M3_HARJ|M4_HARQ,M2_HAR|M3_HARJ|M4_HARQ,"{""M5_RGARCH"": 0.0, ""M6_PARK"": 0.0015, ""M6_GK"": 0.0015, ""M1_EWMA"": 0.022, ""M2_HAR"": 0.723, ""M3_HARJ"": 1.0, ""M4_HARQ"": 1.0}"
NQ/GLOBEX/B0/1day/S-B_q0.80,6,3477480266,290,M2_HAR|M3_HARJ|M4_HARQ,M2_HAR|M3_HARJ|M4_HARQ,"{""M5_RGARCH"": 0.0, ""M6_PARK"": 0.002, ""M6_GK"": 0.002, ""M1_EWMA"": 0.0214, ""M2_HAR"": 0.7224, ""M3_HARJ"": 1.0, ""M4_HARQ"": 1.0}"
NQ/GLOBEX/B0/1day/S-B_q0.80,7,3198431117,290,M2_HAR|M3_HARJ|M4_HARQ,M2_HAR|M3_HARJ|M4_HARQ,"{""M5_RGARCH"": 0.0, ""M6_PARK"": 0.0011, ""M6_GK"": 0.0011, ""M1_EWMA"": 0.0195, ""M2_HAR"": 0.7202, ""M3_HARJ"": 1.0, ""M4_HARQ"": 1.0}"
NQ/GLOBEX/B0/1day/S-B_q0.80,8,2621026741,290,M2_HAR|M3_HARJ|M4_HARQ,M2_HAR|M3_HARJ|M4_HARQ,"{""M5_RGARCH"": 0.0, ""M6_PARK"": 0.0016, ""M6_GK"": 0.0016, ""M1_EWMA"": 0.0166, ""M2_HAR"": 0.716, ""M3_HARJ"": 1.0, ""M4_HARQ"": 1.0}"
NQ/GLOBEX/B0/1day/S-B_q0.80,9,1169115867,290,M2_HAR|M3_HARJ|M4_HARQ,M2_HAR|M3_HARJ|M4_HARQ,"{""M5_RGARCH"": 0.0, ""M6_PARK"": 0.0017, ""M6_GK"": 0.0017, ""M1_EWMA"": 0.0192, ""M2_HAR"": 0.7193, ""M3_HARJ"": 1.0, ""M4_HARQ"": 1.0}"
NQ/GLOBEX/B0/1day/S-B_q0.80,10,3689063838,290,M2_HAR|M3_HARJ|M4_HARQ,M2_HAR|M3_HARJ|M4_HARQ,"{""M5_RGARCH"": 0.0, ""M6_PARK"": 0.0014, ""M6_GK"": 0.0014, ""M1_EWMA"": 0.0201, ""M2_HAR"": 0.7132, ""M3_HARJ"": 1.0, ""M4_HARQ"": 1.0}"
NQ/GLOBEX/B0/1day/S-B_q0.80,11,1498398406,290,M2_HAR|M3_HARJ|M4_HARQ,M2_HAR|M3_HARJ|M4_HARQ,"{""M5_RGARCH"": 0.0, ""M6_PARK"": 0.0023, ""M6_GK"": 0.0023, ""M1_EWMA"": 0.0197, ""M2_HAR"": 0.7213, ""M3_HARJ"": 1.0, ""M4_HARQ"": 1.0}"
NQ/GLOBEX/B0/1day/S-B_q0.80,12,3833968697,290,M2_HAR|M3_HARJ|M4_HARQ,M2_HAR|M3_HARJ|M4_HARQ,"{""M5_RGARCH"": 0.0, ""M6_PARK"": 0.0021, ""M6_GK"": 0.0021, ""M1_EWMA"": 0.0194, ""M2_HAR"": 0.7286, ""M3_HARJ"": 1.0, ""M4_HARQ"": 1.0}"
NQ/GLOBEX/B0/1day/S-B_q0.80,13,630741820,290,M2_HAR|M3_HARJ|M4_HARQ,M2_HAR|M3_HARJ|M4_HARQ,"{""M5_RGARCH"": 0.0, ""M6_PARK"": 0.0018, ""M6_GK"": 0.0018, ""M1_EWMA"": 0.0216, ""M2_HAR"": 0.7122, ""M3_HARJ"": 1.0, ""M4_HARQ"": 1.0}"
NQ/GLOBEX/B0/1day/S-B_q0.80,14,2401719883,290,M2_HAR|M3_HARJ|M4_HARQ,M2_HAR|M3_HARJ|M4_HARQ,"{""M5_RGARCH"": 0.0, ""M6_PARK"": 0.0008, ""M6_GK"": 0.0008, ""M1_EWMA"": 0.021, ""M2_HAR"": 0.7275, ""M3_HARJ"": 1.0, ""M4_HARQ"": 1.0}"
NQ/GLOBEX/B0/1day/S-B_q0.80,15,3662131630,290,M2_HAR|M3_HARJ|M4_HARQ,M2_HAR|M3_HARJ|M4_HARQ,"{""M5_RGARCH"": 0.0, ""M6_PARK"": 0.0016, ""M6_GK"": 0.0016, ""M1_EWMA"": 0.0201, ""M2_HAR"": 0.7141, ""M3_HARJ"": 1.0, ""M4_HARQ"": 1.0}"
NQ/GLOBEX/B0/1day/S-B_q0.80,16,303417529,290,M2_HAR|M3_HARJ|M4_HARQ,M2_HAR|M3_HARJ|M4_HARQ,"{""M5_RGARCH"": 0.0, ""M6_PARK"": 0.0016, ""M6_GK"": 0.0016, ""M1_EWMA"": 0.0199, ""M2_HAR"": 0.7247, ""M3_HARJ"": 1.0, ""M4_HARQ"": 1.0}"
NQ/GLOBEX/B0/1day/S-B_q0.80,17,4155647398,290,M2_HAR|M3_HARJ|M4_HARQ,M2_HAR|M3_HARJ|M4_HARQ,"{""M5_RGARCH"": 0.0, ""M6_PARK"": 0.0018, ""M6_GK"": 0.0018, ""M1_EWMA"": 0.0188, ""M2_HAR"": 0.7102, ""M3_HARJ"": 1.0, ""M4_HARQ"": 1.0}"
NQ/GLOBEX/B0/1day/S-B_q0.80,18,2620441196,290,M2_HAR|M3_HARJ|M4_HARQ,M2_HAR|M3_HARJ|M4_HARQ,"{""M5_RGARCH"": 0.0, ""M6_PARK"": 0.0011, ""M6_GK"": 0.0011, ""M1_EWMA"": 0.0196, ""M2_HAR"": 0.72, ""M3_HARJ"": 1.0, ""M4_HARQ"": 1.0}"
NQ/GLOBEX/B0/1day/S-B_q0.80,19,4201311651,290,M2_HAR|M3_HARJ|M4_HARQ,M2_HAR|M3_HARJ|M4_HARQ,"{""M5_RGARCH"": 0.0, ""M6_PARK"": 0.0021, ""M6_GK"": 0.0021, ""M1_EWMA"": 0.0212, ""M2_HAR"": 0.7274, ""M3_HARJ"": 1.0, ""M4_HARQ"": 1.0}"
NQ/GLOBEX/B0/1day/S-B_q0.90,0,2237533746,145,M2_HAR|M3_HARJ|M4_HARQ,M2_HAR|M3_HARJ|M4_HARQ,"{""M5_RGARCH"": 0.0, ""M6_GK"": 0.0428, ""M6_PARK"": 0.0428, ""M1_EWMA"": 0.0428, ""M3_HARJ"": 0.5587, ""M2_HAR"": 1.0, ""M4_HARQ"": 1.0}"
NQ/GLOBEX/B0/1day/S-B_q0.90,1,702494603,145,M2_HAR|M3_HARJ|M4_HARQ,M2_HAR|M3_HARJ|M4_HARQ,"{""M5_RGARCH"": 0.0, ""M6_GK"": 0.0458, ""M6_PARK"": 0.0458, ""M1_EWMA"": 0.0458, ""M3_HARJ"": 0.5584, ""M2_HAR"": 1.0, ""M4_HARQ"": 1.0}"
NQ/GLOBEX/B0/1day/S-B_q0.90,2,4139393190,145,M2_HAR|M3_HARJ|M4_HARQ,M2_HAR|M3_HARJ|M4_HARQ,"{""M5_RGARCH"": 0.0001, ""M6_GK"": 0.044, ""M6_PARK"": 0.044, ""M1_EWMA"": 0.044, ""M3_HARJ"": 0.5585, ""M2_HAR"": 1.0, ""M4_HARQ"": 1.0}"
NQ/GLOBEX/B0/1day/S-B_q0.90,3,769717545,145,M2_HAR|M3_HARJ|M4_HARQ,M2_HAR|M3_HARJ|M4_HARQ,"{""M5_RGARCH"": 0.0, ""M6_GK"": 0.0478, ""M6_PARK"": 0.0478, ""M1_EWMA"": 0.0478, ""M3_HARJ"": 0.5572, ""M2_HAR"": 1.0, ""M4_HARQ"": 1.0}"
NQ/GLOBEX/B0/1day/S-B_q0.90,4,919028315,145,M2_HAR|M3_HARJ|M4_HARQ,M2_HAR|M3_HARJ|M4_HARQ,"{""M5_RGARCH"": 0.0001, ""M6_GK"": 0.0421, ""M6_PARK"": 0.0421, ""M1_EWMA"": 0.0421, ""M3_HARJ"": 0.5563, ""M2_HAR"": 1.0, ""M4_HARQ"": 1.0}"
NQ/GLOBEX/B0/1day/S-B_q0.90,5,611620464,145,M2_HAR|M3_HARJ|M4_HARQ,M2_HAR|M3_HARJ|M4_HARQ,"{""M5_RGARCH"": 0.0, ""M6_GK"": 0.0485, ""M6_PARK"": 0.0485, ""M1_EWMA"": 0.0485, ""M3_HARJ"": 0.5573, ""M2_HAR"": 1.0, ""M4_HARQ"": 1.0}"
NQ/GLOBEX/B0/1day/S-B_q0.90,6,3477480266,145,M2_HAR|M3_HARJ|M4_HARQ,M2_HAR|M3_HARJ|M4_HARQ,"{""M5_RGARCH"": 0.0, ""M6_GK"": 0.0448, ""M6_PARK"": 0.0448, ""M1_EWMA"": 0.0448, ""M3_HARJ"": 0.5629, ""M2_HAR"": 1.0, ""M4_HARQ"": 1.0}"
NQ/GLOBEX/B0/1day/S-B_q0.90,7,3198431117,145,M2_HAR|M3_HARJ|M4_HARQ,M2_HAR|M3_HARJ|M4_HARQ,"{""M5_RGARCH"": 0.0, ""M6_GK"": 0.0436, ""M6_PARK"": 0.0436, ""M1_EWMA"": 0.0436, ""M3_HARJ"": 0.5496, ""M2_HAR"": 1.0, ""M4_HARQ"": 1.0}"
NQ/GLOBEX/B0/1day/S-B_q0.90,8,2621026741,145,M2_HAR|M3_HARJ|M4_HARQ,M2_HAR|M3_HARJ|M4_HARQ,"{""M5_RGARCH"": 0.0, ""M6_GK"": 0.0443, ""M6_PARK"": 0.0443, ""M1_EWMA"": 0.0443, ""M3_HARJ"": 0.5642, ""M2_HAR"": 1.0, ""M4_HARQ"": 1.0}"
NQ/GLOBEX/B0/1day/S-B_q0.90,9,1169115867,145,M2_HAR|M3_HARJ|M4_HARQ,M2_HAR|M3_HARJ|M4_HARQ,"{""M5_RGARCH"": 0.0, ""M6_GK"": 0.0457, ""M6_PARK"": 0.0457, ""M1_EWMA"": 0.0457, ""M3_HARJ"": 0.5609, ""M2_HAR"": 1.0, ""M4_HARQ"": 1.0}"
NQ/GLOBEX/B0/1day/S-B_q0.90,10,3689063838,145,M2_HAR|M3_HARJ|M4_HARQ,M2_HAR|M3_HARJ|M4_HARQ,"{""M5_RGARCH"": 0.0, ""M6_GK"": 0.0452, ""M6_PARK"": 0.0452, ""M1_EWMA"": 0.0452, ""M3_HARJ"": 0.5601, ""M2_HAR"": 1.0, ""M4_HARQ"": 1.0}"
NQ/GLOBEX/B0/1day/S-B_q0.90,11,1498398406,145,M2_HAR|M3_HARJ|M4_HARQ,M2_HAR|M3_HARJ|M4_HARQ,"{""M5_RGARCH"": 0.0, ""M6_GK"": 0.043, ""M6_PARK"": 0.043, ""M1_EWMA"": 0.043, ""M3_HARJ"": 0.5522, ""M2_HAR"": 1.0, ""M4_HARQ"": 1.0}"
NQ/GLOBEX/B0/1day/S-B_q0.90,12,3833968697,145,M2_HAR|M3_HARJ|M4_HARQ,M2_HAR|M3_HARJ|M4_HARQ,"{""M5_RGARCH"": 0.0, ""M6_GK"": 0.0475, ""M6_PARK"": 0.0475, ""M1_EWMA"": 0.0475, ""M3_HARJ"": 0.5519, ""M2_HAR"": 1.0, ""M4_HARQ"": 1.0}"
NQ/GLOBEX/B0/1day/S-B_q0.90,13,630741820,145,M2_HAR|M3_HARJ|M4_HARQ,M2_HAR|M3_HARJ|M4_HARQ,"{""M5_RGARCH"": 0.0, ""M6_GK"": 0.0428, ""M6_PARK"": 0.0428, ""M1_EWMA"": 0.0428, ""M3_HARJ"": 0.5542, ""M2_HAR"": 1.0, ""M4_HARQ"": 1.0}"
NQ/GLOBEX/B0/1day/S-B_q0.90,14,2401719883,145,M2_HAR|M3_HARJ|M4_HARQ,M2_HAR|M3_HARJ|M4_HARQ,"{""M5_RGARCH"": 0.0, ""M6_GK"": 0.0409, ""M6_PARK"": 0.0409, ""M1_EWMA"": 0.0409, ""M3_HARJ"": 0.564, ""M2_HAR"": 1.0, ""M4_HARQ"": 1.0}"
NQ/GLOBEX/B0/1day/S-B_q0.90,15,3662131630,145,M2_HAR|M3_HARJ|M4_HARQ,M2_HAR|M3_HARJ|M4_HARQ,"{""M5_RGARCH"": 0.0003, ""M6_GK"": 0.0437, ""M6_PARK"": 0.0437, ""M1_EWMA"": 0.0437, ""M3_HARJ"": 0.5524, ""M2_HAR"": 1.0, ""M4_HARQ"": 1.0}"
NQ/GLOBEX/B0/1day/S-B_q0.90,16,303417529,145,M2_HAR|M3_HARJ|M4_HARQ,M2_HAR|M3_HARJ|M4_HARQ,"{""M5_RGARCH"": 0.0, ""M6_GK"": 0.0483, ""M6_PARK"": 0.0483, ""M1_EWMA"": 0.0483, ""M3_HARJ"": 0.5534, ""M2_HAR"": 1.0, ""M4_HARQ"": 1.0}"
NQ/GLOBEX/B0/1day/S-B_q0.90,17,4155647398,145,M2_HAR|M3_HARJ|M4_HARQ,M2_HAR|M3_HARJ|M4_HARQ,"{""M5_RGARCH"": 0.0, ""M6_GK"": 0.0413, ""M6_PARK"": 0.0413, ""M1_EWMA"": 0.0413, ""M3_HARJ"": 0.5581, ""M2_HAR"": 1.0, ""M4_HARQ"": 1.0}"
NQ/GLOBEX/B0/1day/S-B_q0.90,18,2620441196,145,M2_HAR|M3_HARJ|M4_HARQ,M2_HAR|M3_HARJ|M4_HARQ,"{""M5_RGARCH"": 0.0001, ""M6_GK"": 0.0441, ""M6_PARK"": 0.0441, ""M1_EWMA"": 0.0441, ""M3_HARJ"": 0.5635, ""M2_HAR"": 1.0, ""M4_HARQ"": 1.0}"
NQ/GLOBEX/B0/1day/S-B_q0.90,19,4201311651,145,M2_HAR|M3_HARJ|M4_HARQ,M2_HAR|M3_HARJ|M4_HARQ,"{""M5_RGARCH"": 0.0, ""M6_GK"": 0.0456, ""M6_PARK"": 0.0456, ""M1_EWMA"": 0.0456, ""M3_HARJ"": 0.5634, ""M2_HAR"": 1.0, ""M4_HARQ"": 1.0}"
NQ/GLOBEX/B0/1day/S-C_q0.80,0,2237533746,290,M2_HAR|M3_HARJ|M4_HARQ,M2_HAR|M3_HARJ|M4_HARQ,"{""M5_RGARCH"": 0.0002, ""M1_EWMA"": 0.0042, ""M6_PARK"": 0.0205, ""M6_GK"": 0.0205, ""M2_HAR"": 0.8899, ""M3_HARJ"": 1.0, ""M4_HARQ"": 1.0}"
NQ/GLOBEX/B0/1day/S-C_q0.80,1,702494603,290,M2_HAR|M3_HARJ|M4_HARQ,M2_HAR|M3_HARJ|M4_HARQ,"{""M5_RGARCH"": 0.0004, ""M1_EWMA"": 0.0024, ""M6_PARK"": 0.0209, ""M6_GK"": 0.0209, ""M2_HAR"": 0.8955, ""M3_HARJ"": 1.0, ""M4_HARQ"": 1.0}"
NQ/GLOBEX/B0/1day/S-C_q0.80,2,4139393190,290,M2_HAR|M3_HARJ|M4_HARQ,M2_HAR|M3_HARJ|M4_HARQ,"{""M5_RGARCH"": 0.0003, ""M1_EWMA"": 0.0033, ""M6_PARK"": 0.0186, ""M6_GK"": 0.0186, ""M2_HAR"": 0.8878, ""M3_HARJ"": 1.0, ""M4_HARQ"": 1.0}"
NQ/GLOBEX/B0/1day/S-C_q0.80,3,769717545,290,M2_HAR|M3_HARJ|M4_HARQ,M2_HAR|M3_HARJ|M4_HARQ,"{""M5_RGARCH"": 0.0001, ""M1_EWMA"": 0.0025, ""M6_PARK"": 0.0181, ""M6_GK"": 0.0181, ""M2_HAR"": 0.8887, ""M3_HARJ"": 1.0, ""M4_HARQ"": 1.0}"
NQ/GLOBEX/B0/1day/S-C_q0.80,4,919028315,290,M2_HAR|M3_HARJ|M4_HARQ,M2_HAR|M3_HARJ|M4_HARQ,"{""M5_RGARCH"": 0.0006, ""M1_EWMA"": 0.0032, ""M6_PARK"": 0.0202, ""M6_GK"": 0.0202, ""M2_HAR"": 0.8911, ""M3_HARJ"": 1.0, ""M4_HARQ"": 1.0}"
NQ/GLOBEX/B0/1day/S-C_q0.80,5,611620464,290,M2_HAR|M3_HARJ|M4_HARQ,M2_HAR|M3_HARJ|M4_HARQ,"{""M5_RGARCH"": 0.0004, ""M1_EWMA"": 0.0025, ""M6_PARK"": 0.0173, ""M6_GK"": 0.0173, ""M2_HAR"": 0.8912, ""M3_HARJ"": 1.0, ""M4_HARQ"": 1.0}"
NQ/GLOBEX/B0/1day/S-C_q0.80,6,3477480266,290,M2_HAR|M3_HARJ|M4_HARQ,M2_HAR|M3_HARJ|M4_HARQ,"{""M5_RGARCH"": 0.0002, ""M1_EWMA"": 0.0027, ""M6_PARK"": 0.017, ""M6_GK"": 0.017, ""M2_HAR"": 0.8917, ""M3_HARJ"": 1.0, ""M4_HARQ"": 1.0}"
NQ/GLOBEX/B0/1day/S-C_q0.80,7,3198431117,290,M2_HAR|M3_HARJ|M4_HARQ,M2_HAR|M3_HARJ|M4_HARQ,"{""M5_RGARCH"": 0.0002, ""M1_EWMA"": 0.0037, ""M6_PARK"": 0.0213, ""M6_GK"": 0.0213, ""M2_HAR"": 0.8885, ""M3_HARJ"": 1.0, ""M4_HARQ"": 1.0}"
NQ/GLOBEX/B0/1day/S-C_q0.80,8,2621026741,290,M2_HAR|M3_HARJ|M4_HARQ,M2_HAR|M3_HARJ|M4_HARQ,"{""M5_RGARCH"": 0.0004, ""M1_EWMA"": 0.0025, ""M6_PARK"": 0.0206, ""M6_GK"": 0.0206, ""M2_HAR"": 0.892, ""M3_HARJ"": 1.0, ""M4_HARQ"": 1.0}"
NQ/GLOBEX/B0/1day/S-C_q0.80,9,1169115867,290,M2_HAR|M3_HARJ|M4_HARQ,M2_HAR|M3_HARJ|M4_HARQ,"{""M5_RGARCH"": 0.0002, ""M1_EWMA"": 0.0025, ""M6_PARK"": 0.0176, ""M6_GK"": 0.0176, ""M2_HAR"": 0.8893, ""M3_HARJ"": 1.0, ""M4_HARQ"": 1.0}"
NQ/GLOBEX/B0/1day/S-C_q0.80,10,3689063838,290,M2_HAR|M3_HARJ|M4_HARQ,M2_HAR|M3_HARJ|M4_HARQ,"{""M5_RGARCH"": 0.0009, ""M1_EWMA"": 0.0031, ""M6_PARK"": 0.0201, ""M6_GK"": 0.0201, ""M2_HAR"": 0.8886, ""M3_HARJ"": 1.0, ""M4_HARQ"": 1.0}"
NQ/GLOBEX/B0/1day/S-C_q0.80,11,1498398406,290,M2_HAR|M3_HARJ|M4_HARQ,M2_HAR|M3_HARJ|M4_HARQ,"{""M5_RGARCH"": 0.0001, ""M1_EWMA"": 0.0025, ""M6_PARK"": 0.0197, ""M6_GK"": 0.0197, ""M2_HAR"": 0.8935, ""M3_HARJ"": 1.0, ""M4_HARQ"": 1.0}"
NQ/GLOBEX/B0/1day/S-C_q0.80,12,3833968697,290,M2_HAR|M3_HARJ|M4_HARQ,M2_HAR|M3_HARJ|M4_HARQ,"{""M5_RGARCH"": 0.0005, ""M1_EWMA"": 0.0023, ""M6_PARK"": 0.0215, ""M6_GK"": 0.0215, ""M2_HAR"": 0.8934, ""M3_HARJ"": 1.0, ""M4_HARQ"": 1.0}"
NQ/GLOBEX/B0/1day/S-C_q0.80,13,630741820,290,M2_HAR|M3_HARJ|M4_HARQ,M2_HAR|M3_HARJ|M4_HARQ,"{""M5_RGARCH"": 0.0001, ""M1_EWMA"": 0.0028, ""M6_PARK"": 0.0197, ""M6_GK"": 0.0197, ""M2_HAR"": 0.8955, ""M3_HARJ"": 1.0, ""M4_HARQ"": 1.0}"
NQ/GLOBEX/B0/1day/S-C_q0.80,14,2401719883,290,M2_HAR|M3_HARJ|M4_HARQ,M2_HAR|M3_HARJ|M4_HARQ,"{""M5_RGARCH"": 0.0001, ""M1_EWMA"": 0.0032, ""M6_PARK"": 0.0199, ""M6_GK"": 0.0199, ""M2_HAR"": 0.8923, ""M3_HARJ"": 1.0, ""M4_HARQ"": 1.0}"
NQ/GLOBEX/B0/1day/S-C_q0.80,15,3662131630,290,M2_HAR|M3_HARJ|M4_HARQ,M2_HAR|M3_HARJ|M4_HARQ,"{""M5_RGARCH"": 0.0003, ""M1_EWMA"": 0.0028, ""M6_PARK"": 0.0226, ""M6_GK"": 0.0226, ""M2_HAR"": 0.8953, ""M3_HARJ"": 1.0, ""M4_HARQ"": 1.0}"
NQ/GLOBEX/B0/1day/S-C_q0.80,16,303417529,290,M2_HAR|M3_HARJ|M4_HARQ,M2_HAR|M3_HARJ|M4_HARQ,"{""M5_RGARCH"": 0.0003, ""M1_EWMA"": 0.0022, ""M6_PARK"": 0.0215, ""M6_GK"": 0.0215, ""M2_HAR"": 0.8886, ""M3_HARJ"": 1.0, ""M4_HARQ"": 1.0}"
NQ/GLOBEX/B0/1day/S-C_q0.80,17,4155647398,290,M2_HAR|M3_HARJ|M4_HARQ,M2_HAR|M3_HARJ|M4_HARQ,"{""M5_RGARCH"": 0.0001, ""M1_EWMA"": 0.0023, ""M6_PARK"": 0.0178, ""M6_GK"": 0.0178, ""M2_HAR"": 0.8933, ""M3_HARJ"": 1.0, ""M4_HARQ"": 1.0}"
NQ/GLOBEX/B0/1day/S-C_q0.80,18,2620441196,290,M2_HAR|M3_HARJ|M4_HARQ,M2_HAR|M3_HARJ|M4_HARQ,"{""M5_RGARCH"": 0.0004, ""M1_EWMA"": 0.0031, ""M6_PARK"": 0.021, ""M6_GK"": 0.021, ""M2_HAR"": 0.8885, ""M3_HARJ"": 1.0, ""M4_HARQ"": 1.0}"
NQ/GLOBEX/B0/1day/S-C_q0.80,19,4201311651,290,M2_HAR|M3_HARJ|M4_HARQ,M2_HAR|M3_HARJ|M4_HARQ,"{""M5_RGARCH"": 0.0002, ""M1_EWMA"": 0.0035, ""M6_PARK"": 0.0213, ""M6_GK"": 0.0213, ""M2_HAR"": 0.8904, ""M3_HARJ"": 1.0, ""M4_HARQ"": 1.0}"
NQ/GLOBEX/B0/1day/S-C_q0.90,0,2237533746,145,M2_HAR|M3_HARJ|M4_HARQ,M2_HAR|M3_HARJ|M4_HARQ|M6_PARK,"{""M5_RGARCH"": 0.0056, ""M1_EWMA"": 0.0161, ""M6_GK"": 0.0789, ""M6_PARK"": 0.2153, ""M2_HAR"": 0.4024, ""M3_HARJ"": 1.0, ""M4_HARQ"": 1.0}"
NQ/GLOBEX/B0/1day/S-C_q0.90,1,702494603,145,M2_HAR|M3_HARJ|M4_HARQ,M2_HAR|M3_HARJ|M4_HARQ|M6_PARK,"{""M5_RGARCH"": 0.007, ""M1_EWMA"": 0.0145, ""M6_GK"": 0.0827, ""M6_PARK"": 0.217, ""M2_HAR"": 0.4036, ""M3_HARJ"": 1.0, ""M4_HARQ"": 1.0}"
NQ/GLOBEX/B0/1day/S-C_q0.90,2,4139393190,145,M2_HAR|M3_HARJ|M4_HARQ,M2_HAR|M3_HARJ|M4_HARQ|M6_PARK,"{""M5_RGARCH"": 0.0057, ""M1_EWMA"": 0.0141, ""M6_GK"": 0.074, ""M6_PARK"": 0.2041, ""M2_HAR"": 0.4031, ""M3_HARJ"": 1.0, ""M4_HARQ"": 1.0}"
NQ/GLOBEX/B0/1day/S-C_q0.90,3,769717545,145,M2_HAR|M3_HARJ|M4_HARQ,M2_HAR|M3_HARJ|M4_HARQ|M6_PARK,"{""M5_RGARCH"": 0.0056, ""M1_EWMA"": 0.0161, ""M6_GK"": 0.08, ""M6_PARK"": 0.2231, ""M2_HAR"": 0.4064, ""M3_HARJ"": 1.0, ""M4_HARQ"": 1.0}"
NQ/GLOBEX/B0/1day/S-C_q0.90,4,919028315,145,M2_HAR|M3_HARJ|M4_HARQ,M2_HAR|M3_HARJ|M4_HARQ|M6_PARK,"{""M5_RGARCH"": 0.0048, ""M1_EWMA"": 0.0161, ""M6_GK"": 0.0735, ""M6_PARK"": 0.1999, ""M2_HAR"": 0.3998, ""M3_HARJ"": 1.0, ""M4_HARQ"": 1.0}"
NQ/GLOBEX/B0/1day/S-C_q0.90,5,611620464,145,M2_HAR|M3_HARJ|M4_HARQ,M2_HAR|M3_HARJ|M4_HARQ|M6_PARK,"{""M5_RGARCH"": 0.0066, ""M1_EWMA"": 0.0143, ""M6_GK"": 0.0784, ""M6_PARK"": 0.2121, ""M2_HAR"": 0.3928, ""M3_HARJ"": 1.0, ""M4_HARQ"": 1.0}"
NQ/GLOBEX/B0/1day/S-C_q0.90,6,3477480266,145,M2_HAR|M3_HARJ|M4_HARQ,M2_HAR|M3_HARJ|M4_HARQ|M6_PARK,"{""M5_RGARCH"": 0.0055, ""M1_EWMA"": 0.0143, ""M6_GK"": 0.0756, ""M6_PARK"": 0.208, ""M2_HAR"": 0.4068, ""M3_HARJ"": 1.0, ""M4_HARQ"": 1.0}"
NQ/GLOBEX/B0/1day/S-C_q0.90,7,3198431117,145,M2_HAR|M3_HARJ|M4_HARQ,M2_HAR|M3_HARJ|M4_HARQ|M6_PARK,"{""M5_RGARCH"": 0.0044, ""M1_EWMA"": 0.0117, ""M6_GK"": 0.0831, ""M6_PARK"": 0.2163, ""M2_HAR"": 0.3952, ""M3_HARJ"": 1.0, ""M4_HARQ"": 1.0}"
NQ/GLOBEX/B0/1day/S-C_q0.90,8,2621026741,145,M2_HAR|M3_HARJ|M4_HARQ,M2_HAR|M3_HARJ|M4_HARQ|M6_PARK,"{""M5_RGARCH"": 0.0064, ""M1_EWMA"": 0.0138, ""M6_GK"": 0.0776, ""M6_PARK"": 0.2076, ""M2_HAR"": 0.4003, ""M3_HARJ"": 1.0, ""M4_HARQ"": 1.0}"
NQ/GLOBEX/B0/1day/S-C_q0.90,9,1169115867,145,M2_HAR|M3_HARJ|M4_HARQ,M2_HAR|M3_HARJ|M4_HARQ|M6_PARK,"{""M5_RGARCH"": 0.0049, ""M1_EWMA"": 0.0125, ""M6_GK"": 0.0817, ""M6_PARK"": 0.21, ""M2_HAR"": 0.386, ""M3_HARJ"": 1.0, ""M4_HARQ"": 1.0}"
NQ/GLOBEX/B0/1day/S-C_q0.90,10,3689063838,145,M2_HAR|M3_HARJ|M4_HARQ,M2_HAR|M3_HARJ|M4_HARQ|M6_PARK,"{""M5_RGARCH"": 0.0066, ""M1_EWMA"": 0.0141, ""M6_GK"": 0.0839, ""M6_PARK"": 0.2223, ""M2_HAR"": 0.4045, ""M3_HARJ"": 1.0, ""M4_HARQ"": 1.0}"
NQ/GLOBEX/B0/1day/S-C_q0.90,11,1498398406,145,M2_HAR|M3_HARJ|M4_HARQ,M2_HAR|M3_HARJ|M4_HARQ|M6_PARK,"{""M5_RGARCH"": 0.0053, ""M1_EWMA"": 0.012, ""M6_GK"": 0.0824, ""M6_PARK"": 0.2099, ""M2_HAR"": 0.3999, ""M3_HARJ"": 1.0, ""M4_HARQ"": 1.0}"
NQ/GLOBEX/B0/1day/S-C_q0.90,12,3833968697,145,M2_HAR|M3_HARJ|M4_HARQ,M2_HAR|M3_HARJ|M4_HARQ|M6_PARK,"{""M5_RGARCH"": 0.0046, ""M1_EWMA"": 0.0143, ""M6_GK"": 0.0779, ""M6_PARK"": 0.2071, ""M2_HAR"": 0.3972, ""M3_HARJ"": 1.0, ""M4_HARQ"": 1.0}"
NQ/GLOBEX/B0/1day/S-C_q0.90,13,630741820,145,M2_HAR|M3_HARJ|M4_HARQ,M2_HAR|M3_HARJ|M4_HARQ|M6_PARK,"{""M5_RGARCH"": 0.0047, ""M1_EWMA"": 0.0122, ""M6_GK"": 0.0798, ""M6_PARK"": 0.2125, ""M2_HAR"": 0.3984, ""M3_HARJ"": 1.0, ""M4_HARQ"": 1.0}"
NQ/GLOBEX/B0/1day/S-C_q0.90,14,2401719883,145,M2_HAR|M3_HARJ|M4_HARQ,M2_HAR|M3_HARJ|M4_HARQ|M6_PARK,"{""M5_RGARCH"": 0.0052, ""M1_EWMA"": 0.0143, ""M6_GK"": 0.0821, ""M6_PARK"": 0.2169, ""M2_HAR"": 0.4041, ""M3_HARJ"": 1.0, ""M4_HARQ"": 1.0}"
NQ/GLOBEX/B0/1day/S-C_q0.90,15,3662131630,145,M2_HAR|M3_HARJ|M4_HARQ,M2_HAR|M3_HARJ|M4_HARQ|M6_PARK,"{""M5_RGARCH"": 0.0047, ""M1_EWMA"": 0.0164, ""M6_GK"": 0.0859, ""M6_PARK"": 0.2199, ""M2_HAR"": 0.4037, ""M3_HARJ"": 1.0, ""M4_HARQ"": 1.0}"
NQ/GLOBEX/B0/1day/S-C_q0.90,16,303417529,145,M2_HAR|M3_HARJ|M4_HARQ,M2_HAR|M3_HARJ|M4_HARQ|M6_PARK,"{""M5_RGARCH"": 0.005, ""M1_EWMA"": 0.0154, ""M6_GK"": 0.0817, ""M6_PARK"": 0.2156, ""M2_HAR"": 0.4004, ""M3_HARJ"": 1.0, ""M4_HARQ"": 1.0}"
NQ/GLOBEX/B0/1day/S-C_q0.90,17,4155647398,145,M2_HAR|M3_HARJ|M4_HARQ,M2_HAR|M3_HARJ|M4_HARQ|M6_PARK,"{""M5_RGARCH"": 0.0056, ""M1_EWMA"": 0.0136, ""M6_GK"": 0.0805, ""M6_PARK"": 0.2153, ""M2_HAR"": 0.4029, ""M3_HARJ"": 1.0, ""M4_HARQ"": 1.0}"
NQ/GLOBEX/B0/1day/S-C_q0.90,18,2620441196,145,M2_HAR|M3_HARJ|M4_HARQ,M2_HAR|M3_HARJ|M4_HARQ|M6_PARK,"{""M5_RGARCH"": 0.0053, ""M1_EWMA"": 0.0148, ""M6_GK"": 0.0778, ""M6_PARK"": 0.2078, ""M2_HAR"": 0.4001, ""M3_HARJ"": 1.0, ""M4_HARQ"": 1.0}"
NQ/GLOBEX/B0/1day/S-C_q0.90,19,4201311651,145,M2_HAR|M3_HARJ|M4_HARQ,M2_HAR|M3_HARJ|M4_HARQ|M6_PARK,"{""M5_RGARCH"": 0.0063, ""M1_EWMA"": 0.0137, ""M6_GK"": 0.0777, ""M6_PARK"": 0.2068, ""M2_HAR"": 0.3974, ""M3_HARJ"": 1.0, ""M4_HARQ"": 1.0}"
NQ/GLOBEX/B0/1h/S-B_q0.80,0,2237533746,4452,M6_GK,M6_GK,"{""M1_EWMA"": 0.0, ""M2_HAR"": 0.0, ""M3_HARJ"": 0.0, ""M4_HARQ"": 0.0, ""M5_RGARCH"": 0.0, ""M6_PARK"": 0.0, ""M6_GK"": 1.0}"
NQ/GLOBEX/B0/1h/S-B_q0.80,1,702494603,4452,M6_GK,M6_GK,"{""M1_EWMA"": 0.0, ""M2_HAR"": 0.0, ""M3_HARJ"": 0.0, ""M4_HARQ"": 0.0, ""M5_RGARCH"": 0.0, ""M6_PARK"": 0.0, ""M6_GK"": 1.0}"
NQ/GLOBEX/B0/1h/S-B_q0.80,2,4139393190,4452,M6_GK,M6_GK,"{""M1_EWMA"": 0.0, ""M2_HAR"": 0.0, ""M3_HARJ"": 0.0, ""M4_HARQ"": 0.0, ""M5_RGARCH"": 0.0, ""M6_PARK"": 0.0, ""M6_GK"": 1.0}"
NQ/GLOBEX/B0/1h/S-B_q0.80,3,769717545,4452,M6_GK,M6_GK,"{""M1_EWMA"": 0.0, ""M2_HAR"": 0.0, ""M3_HARJ"": 0.0, ""M4_HARQ"": 0.0, ""M5_RGARCH"": 0.0, ""M6_PARK"": 0.0, ""M6_GK"": 1.0}"
NQ/GLOBEX/B0/1h/S-B_q0.80,4,919028315,4452,M6_GK,M6_GK,"{""M1_EWMA"": 0.0, ""M2_HAR"": 0.0, ""M3_HARJ"": 0.0, ""M4_HARQ"": 0.0, ""M5_RGARCH"": 0.0, ""M6_PARK"": 0.0, ""M6_GK"": 1.0}"
NQ/GLOBEX/B0/1h/S-B_q0.80,5,611620464,4452,M6_GK,M6_GK,"{""M1_EWMA"": 0.0, ""M2_HAR"": 0.0, ""M3_HARJ"": 0.0, ""M4_HARQ"": 0.0, ""M5_RGARCH"": 0.0, ""M6_PARK"": 0.0, ""M6_GK"": 1.0}"
NQ/GLOBEX/B0/1h/S-B_q0.80,6,3477480266,4452,M6_GK,M6_GK,"{""M1_EWMA"": 0.0, ""M2_HAR"": 0.0, ""M3_HARJ"": 0.0, ""M4_HARQ"": 0.0, ""M5_RGARCH"": 0.0, ""M6_PARK"": 0.0, ""M6_GK"": 1.0}"
NQ/GLOBEX/B0/1h/S-B_q0.80,7,3198431117,4452,M6_GK,M6_GK,"{""M1_EWMA"": 0.0, ""M2_HAR"": 0.0, ""M3_HARJ"": 0.0, ""M4_HARQ"": 0.0, ""M5_RGARCH"": 0.0, ""M6_PARK"": 0.0, ""M6_GK"": 1.0}"
NQ/GLOBEX/B0/1h/S-B_q0.80,8,2621026741,4452,M6_GK,M6_GK,"{""M1_EWMA"": 0.0, ""M2_HAR"": 0.0, ""M3_HARJ"": 0.0, ""M4_HARQ"": 0.0, ""M5_RGARCH"": 0.0, ""M6_PARK"": 0.0, ""M6_GK"": 1.0}"
NQ/GLOBEX/B0/1h/S-B_q0.80,9,1169115867,4452,M6_GK,M6_GK,"{""M1_EWMA"": 0.0, ""M2_HAR"": 0.0, ""M3_HARJ"": 0.0, ""M4_HARQ"": 0.0, ""M5_RGARCH"": 0.0, ""M6_PARK"": 0.0, ""M6_GK"": 1.0}"
NQ/GLOBEX/B0/1h/S-B_q0.80,10,3689063838,4452,M6_GK,M6_GK,"{""M1_EWMA"": 0.0, ""M2_HAR"": 0.0, ""M3_HARJ"": 0.0, ""M4_HARQ"": 0.0, ""M5_RGARCH"": 0.0, ""M6_PARK"": 0.0, ""M6_GK"": 1.0}"
NQ/GLOBEX/B0/1h/S-B_q0.80,11,1498398406,4452,M6_GK,M6_GK,"{""M1_EWMA"": 0.0, ""M2_HAR"": 0.0, ""M3_HARJ"": 0.0, ""M4_HARQ"": 0.0, ""M5_RGARCH"": 0.0, ""M6_PARK"": 0.0, ""M6_GK"": 1.0}"
NQ/GLOBEX/B0/1h/S-B_q0.80,12,3833968697,4452,M6_GK,M6_GK,"{""M1_EWMA"": 0.0, ""M2_HAR"": 0.0, ""M3_HARJ"": 0.0, ""M4_HARQ"": 0.0, ""M5_RGARCH"": 0.0, ""M6_PARK"": 0.0, ""M6_GK"": 1.0}"
NQ/GLOBEX/B0/1h/S-B_q0.80,13,630741820,4452,M6_GK,M6_GK,"{""M1_EWMA"": 0.0, ""M2_HAR"": 0.0, ""M3_HARJ"": 0.0, ""M4_HARQ"": 0.0, ""M5_RGARCH"": 0.0, ""M6_PARK"": 0.0, ""M6_GK"": 1.0}"
NQ/GLOBEX/B0/1h/S-B_q0.80,14,2401719883,4452,M6_GK,M6_GK,"{""M1_EWMA"": 0.0, ""M2_HAR"": 0.0, ""M3_HARJ"": 0.0, ""M4_HARQ"": 0.0, ""M5_RGARCH"": 0.0, ""M6_PARK"": 0.0, ""M6_GK"": 1.0}"
NQ/GLOBEX/B0/1h/S-B_q0.80,15,3662131630,4452,M6_GK,M6_GK,"{""M1_EWMA"": 0.0, ""M2_HAR"": 0.0, ""M3_HARJ"": 0.0, ""M4_HARQ"": 0.0, ""M5_RGARCH"": 0.0, ""M6_PARK"": 0.0, ""M6_GK"": 1.0}"
NQ/GLOBEX/B0/1h/S-B_q0.80,16,303417529,4452,M6_GK,M6_GK,"{""M1_EWMA"": 0.0, ""M2_HAR"": 0.0, ""M3_HARJ"": 0.0, ""M4_HARQ"": 0.0, ""M5_RGARCH"": 0.0, ""M6_PARK"": 0.0, ""M6_GK"": 1.0}"
NQ/GLOBEX/B0/1h/S-B_q0.80,17,4155647398,4452,M6_GK,M6_GK,"{""M1_EWMA"": 0.0, ""M2_HAR"": 0.0, ""M3_HARJ"": 0.0, ""M4_HARQ"": 0.0, ""M5_RGARCH"": 0.0, ""M6_PARK"": 0.0, ""M6_GK"": 1.0}"
NQ/GLOBEX/B0/1h/S-B_q0.80,18,2620441196,4452,M6_GK,M6_GK,"{""M1_EWMA"": 0.0, ""M2_HAR"": 0.0, ""M3_HARJ"": 0.0, ""M4_HARQ"": 0.0, ""M5_RGARCH"": 0.0, ""M6_PARK"": 0.0, ""M6_GK"": 1.0}"
NQ/GLOBEX/B0/1h/S-B_q0.80,19,4201311651,4452,M6_GK,M6_GK,"{""M1_EWMA"": 0.0, ""M2_HAR"": 0.0, ""M3_HARJ"": 0.0, ""M4_HARQ"": 0.0, ""M5_RGARCH"": 0.0, ""M6_PARK"": 0.0, ""M6_GK"": 1.0}"
NQ/GLOBEX/B0/1h/S-B_q0.90,0,2237533746,2226,M6_GK,M6_GK,"{""M1_EWMA"": 0.0, ""M2_HAR"": 0.0, ""M3_HARJ"": 0.0, ""M4_HARQ"": 0.0, ""M5_RGARCH"": 0.0, ""M6_PARK"": 0.0, ""M6_GK"": 1.0}"
NQ/GLOBEX/B0/1h/S-B_q0.90,1,702494603,2226,M6_GK,M6_GK,"{""M1_EWMA"": 0.0, ""M2_HAR"": 0.0, ""M3_HARJ"": 0.0, ""M4_HARQ"": 0.0, ""M5_RGARCH"": 0.0, ""M6_PARK"": 0.0, ""M6_GK"": 1.0}"
NQ/GLOBEX/B0/1h/S-B_q0.90,2,4139393190,2226,M6_GK,M6_GK,"{""M1_EWMA"": 0.0, ""M2_HAR"": 0.0, ""M3_HARJ"": 0.0, ""M4_HARQ"": 0.0, ""M5_RGARCH"": 0.0, ""M6_PARK"": 0.0, ""M6_GK"": 1.0}"
NQ/GLOBEX/B0/1h/S-B_q0.90,3,769717545,2226,M6_GK,M6_GK,"{""M1_EWMA"": 0.0, ""M2_HAR"": 0.0, ""M3_HARJ"": 0.0, ""M4_HARQ"": 0.0, ""M5_RGARCH"": 0.0, ""M6_PARK"": 0.0, ""M6_GK"": 1.0}"
NQ/GLOBEX/B0/1h/S-B_q0.90,4,919028315,2226,M6_GK,M6_GK,"{""M1_EWMA"": 0.0, ""M2_HAR"": 0.0, ""M3_HARJ"": 0.0, ""M4_HARQ"": 0.0, ""M5_RGARCH"": 0.0, ""M6_PARK"": 0.0, ""M6_GK"": 1.0}"
NQ/GLOBEX/B0/1h/S-B_q0.90,5,611620464,2226,M6_GK,M6_GK,"{""M1_EWMA"": 0.0, ""M2_HAR"": 0.0, ""M3_HARJ"": 0.0, ""M4_HARQ"": 0.0, ""M5_RGARCH"": 0.0, ""M6_PARK"": 0.0, ""M6_GK"": 1.0}"
NQ/GLOBEX/B0/1h/S-B_q0.90,6,3477480266,2226,M6_GK,M6_GK,"{""M1_EWMA"": 0.0, ""M2_HAR"": 0.0, ""M3_HARJ"": 0.0, ""M4_HARQ"": 0.0, ""M5_RGARCH"": 0.0, ""M6_PARK"": 0.0, ""M6_GK"": 1.0}"
NQ/GLOBEX/B0/1h/S-B_q0.90,7,3198431117,2226,M6_GK,M6_GK,"{""M1_EWMA"": 0.0, ""M2_HAR"": 0.0, ""M3_HARJ"": 0.0, ""M4_HARQ"": 0.0, ""M5_RGARCH"": 0.0, ""M6_PARK"": 0.0, ""M6_GK"": 1.0}"
NQ/GLOBEX/B0/1h/S-B_q0.90,8,2621026741,2226,M6_GK,M6_GK,"{""M1_EWMA"": 0.0, ""M2_HAR"": 0.0, ""M3_HARJ"": 0.0, ""M4_HARQ"": 0.0, ""M5_RGARCH"": 0.0, ""M6_PARK"": 0.0, ""M6_GK"": 1.0}"
NQ/GLOBEX/B0/1h/S-B_q0.90,9,1169115867,2226,M6_GK,M6_GK,"{""M1_EWMA"": 0.0, ""M2_HAR"": 0.0, ""M3_HARJ"": 0.0, ""M4_HARQ"": 0.0, ""M5_RGARCH"": 0.0, ""M6_PARK"": 0.0, ""M6_GK"": 1.0}"
NQ/GLOBEX/B0/1h/S-B_q0.90,10,3689063838,2226,M6_GK,M6_GK,"{""M1_EWMA"": 0.0, ""M2_HAR"": 0.0, ""M3_HARJ"": 0.0, ""M4_HARQ"": 0.0, ""M5_RGARCH"": 0.0, ""M6_PARK"": 0.0, ""M6_GK"": 1.0}"
NQ/GLOBEX/B0/1h/S-B_q0.90,11,1498398406,2226,M6_GK,M6_GK,"{""M1_EWMA"": 0.0, ""M2_HAR"": 0.0, ""M3_HARJ"": 0.0, ""M4_HARQ"": 0.0, ""M5_RGARCH"": 0.0, ""M6_PARK"": 0.0, ""M6_GK"": 1.0}"
NQ/GLOBEX/B0/1h/S-B_q0.90,12,3833968697,2226,M6_GK,M6_GK,"{""M1_EWMA"": 0.0, ""M2_HAR"": 0.0, ""M3_HARJ"": 0.0, ""M4_HARQ"": 0.0, ""M5_RGARCH"": 0.0, ""M6_PARK"": 0.0, ""M6_GK"": 1.0}"
NQ/GLOBEX/B0/1h/S-B_q0.90,13,630741820,2226,M6_GK,M6_GK,"{""M1_EWMA"": 0.0, ""M2_HAR"": 0.0, ""M3_HARJ"": 0.0, ""M4_HARQ"": 0.0, ""M5_RGARCH"": 0.0, ""M6_PARK"": 0.0, ""M6_GK"": 1.0}"
NQ/GLOBEX/B0/1h/S-B_q0.90,14,2401719883,2226,M6_GK,M6_GK,"{""M1_EWMA"": 0.0, ""M2_HAR"": 0.0, ""M3_HARJ"": 0.0, ""M4_HARQ"": 0.0, ""M5_RGARCH"": 0.0, ""M6_PARK"": 0.0, ""M6_GK"": 1.0}"
NQ/GLOBEX/B0/1h/S-B_q0.90,15,3662131630,2226,M6_GK,M6_GK,"{""M1_EWMA"": 0.0, ""M2_HAR"": 0.0, ""M3_HARJ"": 0.0, ""M4_HARQ"": 0.0, ""M5_RGARCH"": 0.0, ""M6_PARK"": 0.0, ""M6_GK"": 1.0}"
NQ/GLOBEX/B0/1h/S-B_q0.90,16,303417529,2226,M6_GK,M6_GK,"{""M1_EWMA"": 0.0, ""M2_HAR"": 0.0, ""M3_HARJ"": 0.0, ""M4_HARQ"": 0.0, ""M5_RGARCH"": 0.0, ""M6_PARK"": 0.0, ""M6_GK"": 1.0}"
NQ/GLOBEX/B0/1h/S-B_q0.90,17,4155647398,2226,M6_GK,M6_GK,"{""M1_EWMA"": 0.0, ""M2_HAR"": 0.0, ""M3_HARJ"": 0.0, ""M4_HARQ"": 0.0, ""M5_RGARCH"": 0.0, ""M6_PARK"": 0.0, ""M6_GK"": 1.0}"
NQ/GLOBEX/B0/1h/S-B_q0.90,18,2620441196,2226,M6_GK,M6_GK,"{""M1_EWMA"": 0.0, ""M2_HAR"": 0.0, ""M3_HARJ"": 0.0, ""M4_HARQ"": 0.0, ""M5_RGARCH"": 0.0, ""M6_PARK"": 0.0, ""M6_GK"": 1.0}"
NQ/GLOBEX/B0/1h/S-B_q0.90,19,4201311651,2226,M6_GK,M6_GK,"{""M1_EWMA"": 0.0, ""M2_HAR"": 0.0, ""M3_HARJ"": 0.0, ""M4_HARQ"": 0.0, ""M5_RGARCH"": 0.0, ""M6_PARK"": 0.0, ""M6_GK"": 1.0}"
NQ/GLOBEX/B0/1h/S-C_q0.80,0,2237533746,4452,M6_GK,M6_GK,"{""M1_EWMA"": 0.0, ""M2_HAR"": 0.0, ""M3_HARJ"": 0.0, ""M4_HARQ"": 0.0, ""M5_RGARCH"": 0.0, ""M6_PARK"": 0.0, ""M6_GK"": 1.0}"
NQ/GLOBEX/B0/1h/S-C_q0.80,1,702494603,4452,M6_GK,M6_GK,"{""M1_EWMA"": 0.0, ""M2_HAR"": 0.0, ""M3_HARJ"": 0.0, ""M4_HARQ"": 0.0, ""M5_RGARCH"": 0.0, ""M6_PARK"": 0.0, ""M6_GK"": 1.0}"
NQ/GLOBEX/B0/1h/S-C_q0.80,2,4139393190,4452,M6_GK,M6_GK,"{""M1_EWMA"": 0.0, ""M2_HAR"": 0.0, ""M3_HARJ"": 0.0, ""M4_HARQ"": 0.0, ""M5_RGARCH"": 0.0, ""M6_PARK"": 0.0, ""M6_GK"": 1.0}"
NQ/GLOBEX/B0/1h/S-C_q0.80,3,769717545,4452,M6_GK,M6_GK,"{""M1_EWMA"": 0.0, ""M2_HAR"": 0.0, ""M3_HARJ"": 0.0, ""M4_HARQ"": 0.0, ""M5_RGARCH"": 0.0, ""M6_PARK"": 0.0, ""M6_GK"": 1.0}"
NQ/GLOBEX/B0/1h/S-C_q0.80,4,919028315,4452,M6_GK,M6_GK,"{""M1_EWMA"": 0.0, ""M2_HAR"": 0.0, ""M3_HARJ"": 0.0, ""M4_HARQ"": 0.0, ""M5_RGARCH"": 0.0, ""M6_PARK"": 0.0, ""M6_GK"": 1.0}"
NQ/GLOBEX/B0/1h/S-C_q0.80,5,611620464,4452,M6_GK,M6_GK,"{""M1_EWMA"": 0.0, ""M2_HAR"": 0.0, ""M3_HARJ"": 0.0, ""M4_HARQ"": 0.0, ""M5_RGARCH"": 0.0, ""M6_PARK"": 0.0, ""M6_GK"": 1.0}"
NQ/GLOBEX/B0/1h/S-C_q0.80,6,3477480266,4452,M6_GK,M6_GK,"{""M1_EWMA"": 0.0, ""M2_HAR"": 0.0, ""M3_HARJ"": 0.0, ""M4_HARQ"": 0.0, ""M5_RGARCH"": 0.0, ""M6_PARK"": 0.0, ""M6_GK"": 1.0}"
NQ/GLOBEX/B0/1h/S-C_q0.80,7,3198431117,4452,M6_GK,M6_GK,"{""M1_EWMA"": 0.0, ""M2_HAR"": 0.0, ""M3_HARJ"": 0.0, ""M4_HARQ"": 0.0, ""M5_RGARCH"": 0.0, ""M6_PARK"": 0.0, ""M6_GK"": 1.0}"
NQ/GLOBEX/B0/1h/S-C_q0.80,8,2621026741,4452,M6_GK,M6_GK,"{""M1_EWMA"": 0.0, ""M2_HAR"": 0.0, ""M3_HARJ"": 0.0, ""M4_HARQ"": 0.0, ""M5_RGARCH"": 0.0, ""M6_PARK"": 0.0, ""M6_GK"": 1.0}"
NQ/GLOBEX/B0/1h/S-C_q0.80,9,1169115867,4452,M6_GK,M6_GK,"{""M1_EWMA"": 0.0, ""M2_HAR"": 0.0, ""M3_HARJ"": 0.0, ""M4_HARQ"": 0.0, ""M5_RGARCH"": 0.0, ""M6_PARK"": 0.0, ""M6_GK"": 1.0}"
NQ/GLOBEX/B0/1h/S-C_q0.80,10,3689063838,4452,M6_GK,M6_GK,"{""M1_EWMA"": 0.0, ""M2_HAR"": 0.0, ""M3_HARJ"": 0.0, ""M4_HARQ"": 0.0, ""M5_RGARCH"": 0.0, ""M6_PARK"": 0.0, ""M6_GK"": 1.0}"
NQ/GLOBEX/B0/1h/S-C_q0.80,11,1498398406,4452,M6_GK,M6_GK,"{""M1_EWMA"": 0.0, ""M2_HAR"": 0.0, ""M3_HARJ"": 0.0, ""M4_HARQ"": 0.0, ""M5_RGARCH"": 0.0, ""M6_PARK"": 0.0, ""M6_GK"": 1.0}"
NQ/GLOBEX/B0/1h/S-C_q0.80,12,3833968697,4452,M6_GK,M6_GK,"{""M1_EWMA"": 0.0, ""M2_HAR"": 0.0, ""M3_HARJ"": 0.0, ""M4_HARQ"": 0.0, ""M5_RGARCH"": 0.0, ""M6_PARK"": 0.0, ""M6_GK"": 1.0}"
NQ/GLOBEX/B0/1h/S-C_q0.80,13,630741820,4452,M6_GK,M6_GK,"{""M1_EWMA"": 0.0, ""M2_HAR"": 0.0, ""M3_HARJ"": 0.0, ""M4_HARQ"": 0.0, ""M5_RGARCH"": 0.0, ""M6_PARK"": 0.0, ""M6_GK"": 1.0}"
NQ/GLOBEX/B0/1h/S-C_q0.80,14,2401719883,4452,M6_GK,M6_GK,"{""M1_EWMA"": 0.0, ""M2_HAR"": 0.0, ""M3_HARJ"": 0.0, ""M4_HARQ"": 0.0, ""M5_RGARCH"": 0.0, ""M6_PARK"": 0.0, ""M6_GK"": 1.0}"
NQ/GLOBEX/B0/1h/S-C_q0.80,15,3662131630,4452,M6_GK,M6_GK,"{""M1_EWMA"": 0.0, ""M2_HAR"": 0.0, ""M3_HARJ"": 0.0, ""M4_HARQ"": 0.0, ""M5_RGARCH"": 0.0, ""M6_PARK"": 0.0, ""M6_GK"": 1.0}"
NQ/GLOBEX/B0/1h/S-C_q0.80,16,303417529,4452,M6_GK,M6_GK,"{""M1_EWMA"": 0.0, ""M2_HAR"": 0.0, ""M3_HARJ"": 0.0, ""M4_HARQ"": 0.0, ""M5_RGARCH"": 0.0, ""M6_PARK"": 0.0, ""M6_GK"": 1.0}"
NQ/GLOBEX/B0/1h/S-C_q0.80,17,4155647398,4452,M6_GK,M6_GK,"{""M1_EWMA"": 0.0, ""M2_HAR"": 0.0, ""M3_HARJ"": 0.0, ""M4_HARQ"": 0.0, ""M5_RGARCH"": 0.0, ""M6_PARK"": 0.0, ""M6_GK"": 1.0}"
NQ/GLOBEX/B0/1h/S-C_q0.80,18,2620441196,4452,M6_GK,M6_GK,"{""M1_EWMA"": 0.0, ""M2_HAR"": 0.0, ""M3_HARJ"": 0.0, ""M4_HARQ"": 0.0, ""M5_RGARCH"": 0.0, ""M6_PARK"": 0.0, ""M6_GK"": 1.0}"
NQ/GLOBEX/B0/1h/S-C_q0.80,19,4201311651,4452,M6_GK,M6_GK,"{""M1_EWMA"": 0.0, ""M2_HAR"": 0.0, ""M3_HARJ"": 0.0, ""M4_HARQ"": 0.0, ""M5_RGARCH"": 0.0, ""M6_PARK"": 0.0, ""M6_GK"": 1.0}"
NQ/GLOBEX/B0/1h/S-C_q0.90,0,2237533746,2226,M6_GK,M6_GK,"{""M1_EWMA"": 0.0, ""M2_HAR"": 0.0, ""M3_HARJ"": 0.0, ""M4_HARQ"": 0.0, ""M5_RGARCH"": 0.0, ""M6_PARK"": 0.0, ""M6_GK"": 1.0}"
NQ/GLOBEX/B0/1h/S-C_q0.90,1,702494603,2226,M6_GK,M6_GK,"{""M1_EWMA"": 0.0, ""M2_HAR"": 0.0, ""M3_HARJ"": 0.0, ""M4_HARQ"": 0.0, ""M5_RGARCH"": 0.0, ""M6_PARK"": 0.0, ""M6_GK"": 1.0}"
NQ/GLOBEX/B0/1h/S-C_q0.90,2,4139393190,2226,M6_GK,M6_GK,"{""M1_EWMA"": 0.0, ""M2_HAR"": 0.0, ""M3_HARJ"": 0.0, ""M4_HARQ"": 0.0, ""M5_RGARCH"": 0.0, ""M6_PARK"": 0.0, ""M6_GK"": 1.0}"
NQ/GLOBEX/B0/1h/S-C_q0.90,3,769717545,2226,M6_GK,M6_GK,"{""M1_EWMA"": 0.0, ""M2_HAR"": 0.0, ""M3_HARJ"": 0.0, ""M4_HARQ"": 0.0, ""M5_RGARCH"": 0.0, ""M6_PARK"": 0.0, ""M6_GK"": 1.0}"
NQ/GLOBEX/B0/1h/S-C_q0.90,4,919028315,2226,M6_GK,M6_GK,"{""M1_EWMA"": 0.0, ""M2_HAR"": 0.0, ""M3_HARJ"": 0.0, ""M4_HARQ"": 0.0, ""M5_RGARCH"": 0.0, ""M6_PARK"": 0.0, ""M6_GK"": 1.0}"
NQ/GLOBEX/B0/1h/S-C_q0.90,5,611620464,2226,M6_GK,M6_GK,"{""M1_EWMA"": 0.0, ""M2_HAR"": 0.0, ""M3_HARJ"": 0.0, ""M4_HARQ"": 0.0, ""M5_RGARCH"": 0.0, ""M6_PARK"": 0.0, ""M6_GK"": 1.0}"
NQ/GLOBEX/B0/1h/S-C_q0.90,6,3477480266,2226,M6_GK,M6_GK,"{""M1_EWMA"": 0.0, ""M2_HAR"": 0.0, ""M3_HARJ"": 0.0, ""M4_HARQ"": 0.0, ""M5_RGARCH"": 0.0, ""M6_PARK"": 0.0, ""M6_GK"": 1.0}"
NQ/GLOBEX/B0/1h/S-C_q0.90,7,3198431117,2226,M6_GK,M6_GK,"{""M1_EWMA"": 0.0, ""M2_HAR"": 0.0, ""M3_HARJ"": 0.0, ""M4_HARQ"": 0.0, ""M5_RGARCH"": 0.0, ""M6_PARK"": 0.0, ""M6_GK"": 1.0}"
NQ/GLOBEX/B0/1h/S-C_q0.90,8,2621026741,2226,M6_GK,M6_GK,"{""M1_EWMA"": 0.0, ""M2_HAR"": 0.0, ""M3_HARJ"": 0.0, ""M4_HARQ"": 0.0, ""M5_RGARCH"": 0.0, ""M6_PARK"": 0.0, ""M6_GK"": 1.0}"
NQ/GLOBEX/B0/1h/S-C_q0.90,9,1169115867,2226,M6_GK,M6_GK,"{""M1_EWMA"": 0.0, ""M2_HAR"": 0.0, ""M3_HARJ"": 0.0, ""M4_HARQ"": 0.0, ""M5_RGARCH"": 0.0, ""M6_PARK"": 0.0, ""M6_GK"": 1.0}"
NQ/GLOBEX/B0/1h/S-C_q0.90,10,3689063838,2226,M6_GK,M6_GK,"{""M1_EWMA"": 0.0, ""M2_HAR"": 0.0, ""M3_HARJ"": 0.0, ""M4_HARQ"": 0.0, ""M5_RGARCH"": 0.0, ""M6_PARK"": 0.0, ""M6_GK"": 1.0}"
NQ/GLOBEX/B0/1h/S-C_q0.90,11,1498398406,2226,M6_GK,M6_GK,"{""M1_EWMA"": 0.0, ""M2_HAR"": 0.0, ""M3_HARJ"": 0.0, ""M4_HARQ"": 0.0, ""M5_RGARCH"": 0.0, ""M6_PARK"": 0.0, ""M6_GK"": 1.0}"
NQ/GLOBEX/B0/1h/S-C_q0.90,12,3833968697,2226,M6_GK,M6_GK,"{""M1_EWMA"": 0.0, ""M2_HAR"": 0.0, ""M3_HARJ"": 0.0, ""M4_HARQ"": 0.0, ""M5_RGARCH"": 0.0, ""M6_PARK"": 0.0, ""M6_GK"": 1.0}"
NQ/GLOBEX/B0/1h/S-C_q0.90,13,630741820,2226,M6_GK,M6_GK,"{""M1_EWMA"": 0.0, ""M2_HAR"": 0.0, ""M3_HARJ"": 0.0, ""M4_HARQ"": 0.0, ""M5_RGARCH"": 0.0, ""M6_PARK"": 0.0, ""M6_GK"": 1.0}"
NQ/GLOBEX/B0/1h/S-C_q0.90,14,2401719883,2226,M6_GK,M6_GK,"{""M1_EWMA"": 0.0, ""M2_HAR"": 0.0, ""M3_HARJ"": 0.0, ""M4_HARQ"": 0.0, ""M5_RGARCH"": 0.0, ""M6_PARK"": 0.0, ""M6_GK"": 1.0}"
NQ/GLOBEX/B0/1h/S-C_q0.90,15,3662131630,2226,M6_GK,M6_GK,"{""M1_EWMA"": 0.0, ""M2_HAR"": 0.0, ""M3_HARJ"": 0.0, ""M4_HARQ"": 0.0, ""M5_RGARCH"": 0.0, ""M6_PARK"": 0.0, ""M6_GK"": 1.0}"
NQ/GLOBEX/B0/1h/S-C_q0.90,16,303417529,2226,M6_GK,M6_GK,"{""M1_EWMA"": 0.0, ""M2_HAR"": 0.0, ""M3_HARJ"": 0.0, ""M4_HARQ"": 0.0, ""M5_RGARCH"": 0.0, ""M6_PARK"": 0.0, ""M6_GK"": 1.0}"
NQ/GLOBEX/B0/1h/S-C_q0.90,17,4155647398,2226,M6_GK,M6_GK,"{""M1_EWMA"": 0.0, ""M2_HAR"": 0.0, ""M3_HARJ"": 0.0, ""M4_HARQ"": 0.0, ""M5_RGARCH"": 0.0, ""M6_PARK"": 0.0, ""M6_GK"": 1.0}"
NQ/GLOBEX/B0/1h/S-C_q0.90,18,2620441196,2226,M6_GK,M6_GK,"{""M1_EWMA"": 0.0, ""M2_HAR"": 0.0, ""M3_HARJ"": 0.0, ""M4_HARQ"": 0.0, ""M5_RGARCH"": 0.0, ""M6_PARK"": 0.0, ""M6_GK"": 1.0}"
NQ/GLOBEX/B0/1h/S-C_q0.90,19,4201311651,2226,M6_GK,M6_GK,"{""M1_EWMA"": 0.0, ""M2_HAR"": 0.0, ""M3_HARJ"": 0.0, ""M4_HARQ"": 0.0, ""M5_RGARCH"": 0.0, ""M6_PARK"": 0.0, ""M6_GK"": 1.0}"
NQ/GLOBEX/B0/30min/S-B_q0.80,0,2237533746,16180,M6_GK,M6_GK,"{""M1_EWMA"": 0.0, ""M2_HAR"": 0.0, ""M3_HARJ"": 0.0, ""M4_HARQ"": 0.0, ""M5_RGARCH"": 0.0, ""M6_PARK"": 0.0, ""M6_GK"": 1.0}"
NQ/GLOBEX/B0/30min/S-B_q0.80,1,702494603,16180,M6_GK,M6_GK,"{""M1_EWMA"": 0.0, ""M2_HAR"": 0.0, ""M3_HARJ"": 0.0, ""M4_HARQ"": 0.0, ""M5_RGARCH"": 0.0, ""M6_PARK"": 0.0, ""M6_GK"": 1.0}"
NQ/GLOBEX/B0/30min/S-B_q0.80,2,4139393190,16180,M6_GK,M6_GK,"{""M1_EWMA"": 0.0, ""M2_HAR"": 0.0, ""M3_HARJ"": 0.0, ""M4_HARQ"": 0.0, ""M5_RGARCH"": 0.0, ""M6_PARK"": 0.0, ""M6_GK"": 1.0}"
NQ/GLOBEX/B0/30min/S-B_q0.80,3,769717545,16180,M6_GK,M6_GK,"{""M1_EWMA"": 0.0, ""M2_HAR"": 0.0, ""M3_HARJ"": 0.0, ""M4_HARQ"": 0.0, ""M5_RGARCH"": 0.0, ""M6_PARK"": 0.0, ""M6_GK"": 1.0}"
NQ/GLOBEX/B0/30min/S-B_q0.80,4,919028315,16180,M6_GK,M6_GK,"{""M1_EWMA"": 0.0, ""M2_HAR"": 0.0, ""M3_HARJ"": 0.0, ""M4_HARQ"": 0.0, ""M5_RGARCH"": 0.0, ""M6_PARK"": 0.0, ""M6_GK"": 1.0}"
NQ/GLOBEX/B0/30min/S-B_q0.80,5,611620464,16180,M6_GK,M6_GK,"{""M1_EWMA"": 0.0, ""M2_HAR"": 0.0, ""M3_HARJ"": 0.0, ""M4_HARQ"": 0.0, ""M5_RGARCH"": 0.0, ""M6_PARK"": 0.0, ""M6_GK"": 1.0}"
NQ/GLOBEX/B0/30min/S-B_q0.80,6,3477480266,16180,M6_GK,M6_GK,"{""M1_EWMA"": 0.0, ""M2_HAR"": 0.0, ""M3_HARJ"": 0.0, ""M4_HARQ"": 0.0, ""M5_RGARCH"": 0.0, ""M6_PARK"": 0.0, ""M6_GK"": 1.0}"
NQ/GLOBEX/B0/30min/S-B_q0.80,7,3198431117,16180,M6_GK,M6_GK,"{""M1_EWMA"": 0.0, ""M2_HAR"": 0.0, ""M3_HARJ"": 0.0, ""M4_HARQ"": 0.0, ""M5_RGARCH"": 0.0, ""M6_PARK"": 0.0, ""M6_GK"": 1.0}"
NQ/GLOBEX/B0/30min/S-B_q0.80,8,2621026741,16180,M6_GK,M6_GK,"{""M1_EWMA"": 0.0, ""M2_HAR"": 0.0, ""M3_HARJ"": 0.0, ""M4_HARQ"": 0.0, ""M5_RGARCH"": 0.0, ""M6_PARK"": 0.0, ""M6_GK"": 1.0}"
NQ/GLOBEX/B0/30min/S-B_q0.80,9,1169115867,16180,M6_GK,M6_GK,"{""M1_EWMA"": 0.0, ""M2_HAR"": 0.0, ""M3_HARJ"": 0.0, ""M4_HARQ"": 0.0, ""M5_RGARCH"": 0.0, ""M6_PARK"": 0.0, ""M6_GK"": 1.0}"
NQ/GLOBEX/B0/30min/S-B_q0.80,10,3689063838,16180,M6_GK,M6_GK,"{""M1_EWMA"": 0.0, ""M2_HAR"": 0.0, ""M3_HARJ"": 0.0, ""M4_HARQ"": 0.0, ""M5_RGARCH"": 0.0, ""M6_PARK"": 0.0, ""M6_GK"": 1.0}"
NQ/GLOBEX/B0/30min/S-B_q0.80,11,1498398406,16180,M6_GK,M6_GK,"{""M1_EWMA"": 0.0, ""M2_HAR"": 0.0, ""M3_HARJ"": 0.0, ""M4_HARQ"": 0.0, ""M5_RGARCH"": 0.0, ""M6_PARK"": 0.0, ""M6_GK"": 1.0}"
NQ/GLOBEX/B0/30min/S-B_q0.80,12,3833968697,16180,M6_GK,M6_GK,"{""M1_EWMA"": 0.0, ""M2_HAR"": 0.0, ""M3_HARJ"": 0.0, ""M4_HARQ"": 0.0, ""M5_RGARCH"": 0.0, ""M6_PARK"": 0.0, ""M6_GK"": 1.0}"
NQ/GLOBEX/B0/30min/S-B_q0.80,13,630741820,16180,M6_GK,M6_GK,"{""M1_EWMA"": 0.0, ""M2_HAR"": 0.0, ""M3_HARJ"": 0.0, ""M4_HARQ"": 0.0, ""M5_RGARCH"": 0.0, ""M6_PARK"": 0.0, ""M6_GK"": 1.0}"
NQ/GLOBEX/B0/30min/S-B_q0.80,14,2401719883,16180,M6_GK,M6_GK,"{""M1_EWMA"": 0.0, ""M2_HAR"": 0.0, ""M3_HARJ"": 0.0, ""M4_HARQ"": 0.0, ""M5_RGARCH"": 0.0, ""M6_PARK"": 0.0, ""M6_GK"": 1.0}"
NQ/GLOBEX/B0/30min/S-B_q0.80,15,3662131630,16180,M6_GK,M6_GK,"{""M1_EWMA"": 0.0, ""M2_HAR"": 0.0, ""M3_HARJ"": 0.0, ""M4_HARQ"": 0.0, ""M5_RGARCH"": 0.0, ""M6_PARK"": 0.0, ""M6_GK"": 1.0}"
NQ/GLOBEX/B0/30min/S-B_q0.80,16,303417529,16180,M6_GK,M6_GK,"{""M1_EWMA"": 0.0, ""M2_HAR"": 0.0, ""M3_HARJ"": 0.0, ""M4_HARQ"": 0.0, ""M5_RGARCH"": 0.0, ""M6_PARK"": 0.0, ""M6_GK"": 1.0}"
NQ/GLOBEX/B0/30min/S-B_q0.80,17,4155647398,16180,M6_GK,M6_GK,"{""M1_EWMA"": 0.0, ""M2_HAR"": 0.0, ""M3_HARJ"": 0.0, ""M4_HARQ"": 0.0, ""M5_RGARCH"": 0.0, ""M6_PARK"": 0.0, ""M6_GK"": 1.0}"
NQ/GLOBEX/B0/30min/S-B_q0.80,18,2620441196,16180,M6_GK,M6_GK,"{""M1_EWMA"": 0.0, ""M2_HAR"": 0.0, ""M3_HARJ"": 0.0, ""M4_HARQ"": 0.0, ""M5_RGARCH"": 0.0, ""M6_PARK"": 0.0, ""M6_GK"": 1.0}"
NQ/GLOBEX/B0/30min/S-B_q0.80,19,4201311651,16180,M6_GK,M6_GK,"{""M1_EWMA"": 0.0, ""M2_HAR"": 0.0, ""M3_HARJ"": 0.0, ""M4_HARQ"": 0.0, ""M5_RGARCH"": 0.0, ""M6_PARK"": 0.0, ""M6_GK"": 1.0}"
NQ/GLOBEX/B0/30min/S-B_q0.90,0,2237533746,8090,M6_GK,M6_GK,"{""M1_EWMA"": 0.0, ""M2_HAR"": 0.0, ""M3_HARJ"": 0.0, ""M4_HARQ"": 0.0, ""M5_RGARCH"": 0.0, ""M6_PARK"": 0.0, ""M6_GK"": 1.0}"
NQ/GLOBEX/B0/30min/S-B_q0.90,1,702494603,8090,M6_GK,M6_GK,"{""M1_EWMA"": 0.0, ""M2_HAR"": 0.0, ""M3_HARJ"": 0.0, ""M4_HARQ"": 0.0, ""M5_RGARCH"": 0.0, ""M6_PARK"": 0.0, ""M6_GK"": 1.0}"
NQ/GLOBEX/B0/30min/S-B_q0.90,2,4139393190,8090,M6_GK,M6_GK,"{""M1_EWMA"": 0.0, ""M2_HAR"": 0.0, ""M3_HARJ"": 0.0, ""M4_HARQ"": 0.0, ""M5_RGARCH"": 0.0, ""M6_PARK"": 0.0, ""M6_GK"": 1.0}"
NQ/GLOBEX/B0/30min/S-B_q0.90,3,769717545,8090,M6_GK,M6_GK,"{""M1_EWMA"": 0.0, ""M2_HAR"": 0.0, ""M3_HARJ"": 0.0, ""M4_HARQ"": 0.0, ""M5_RGARCH"": 0.0, ""M6_PARK"": 0.0, ""M6_GK"": 1.0}"
NQ/GLOBEX/B0/30min/S-B_q0.90,4,919028315,8090,M6_GK,M6_GK,"{""M1_EWMA"": 0.0, ""M2_HAR"": 0.0, ""M3_HARJ"": 0.0, ""M4_HARQ"": 0.0, ""M5_RGARCH"": 0.0, ""M6_PARK"": 0.0, ""M6_GK"": 1.0}"
NQ/GLOBEX/B0/30min/S-B_q0.90,5,611620464,8090,M6_GK,M6_GK,"{""M1_EWMA"": 0.0, ""M2_HAR"": 0.0, ""M3_HARJ"": 0.0, ""M4_HARQ"": 0.0, ""M5_RGARCH"": 0.0, ""M6_PARK"": 0.0, ""M6_GK"": 1.0}"
NQ/GLOBEX/B0/30min/S-B_q0.90,6,3477480266,8090,M6_GK,M6_GK,"{""M1_EWMA"": 0.0, ""M2_HAR"": 0.0, ""M3_HARJ"": 0.0, ""M4_HARQ"": 0.0, ""M5_RGARCH"": 0.0, ""M6_PARK"": 0.0, ""M6_GK"": 1.0}"
NQ/GLOBEX/B0/30min/S-B_q0.90,7,3198431117,8090,M6_GK,M6_GK,"{""M1_EWMA"": 0.0, ""M2_HAR"": 0.0, ""M3_HARJ"": 0.0, ""M4_HARQ"": 0.0, ""M5_RGARCH"": 0.0, ""M6_PARK"": 0.0, ""M6_GK"": 1.0}"
NQ/GLOBEX/B0/30min/S-B_q0.90,8,2621026741,8090,M6_GK,M6_GK,"{""M1_EWMA"": 0.0, ""M2_HAR"": 0.0, ""M3_HARJ"": 0.0, ""M4_HARQ"": 0.0, ""M5_RGARCH"": 0.0, ""M6_PARK"": 0.0, ""M6_GK"": 1.0}"
NQ/GLOBEX/B0/30min/S-B_q0.90,9,1169115867,8090,M6_GK,M6_GK,"{""M1_EWMA"": 0.0, ""M2_HAR"": 0.0, ""M3_HARJ"": 0.0, ""M4_HARQ"": 0.0, ""M5_RGARCH"": 0.0, ""M6_PARK"": 0.0, ""M6_GK"": 1.0}"
NQ/GLOBEX/B0/30min/S-B_q0.90,10,3689063838,8090,M6_GK,M6_GK,"{""M1_EWMA"": 0.0, ""M2_HAR"": 0.0, ""M3_HARJ"": 0.0, ""M4_HARQ"": 0.0, ""M5_RGARCH"": 0.0, ""M6_PARK"": 0.0, ""M6_GK"": 1.0}"
NQ/GLOBEX/B0/30min/S-B_q0.90,11,1498398406,8090,M6_GK,M6_GK,"{""M1_EWMA"": 0.0, ""M2_HAR"": 0.0, ""M3_HARJ"": 0.0, ""M4_HARQ"": 0.0, ""M5_RGARCH"": 0.0, ""M6_PARK"": 0.0, ""M6_GK"": 1.0}"
NQ/GLOBEX/B0/30min/S-B_q0.90,12,3833968697,8090,M6_GK,M6_GK,"{""M1_EWMA"": 0.0, ""M2_HAR"": 0.0, ""M3_HARJ"": 0.0, ""M4_HARQ"": 0.0, ""M5_RGARCH"": 0.0, ""M6_PARK"": 0.0, ""M6_GK"": 1.0}"
NQ/GLOBEX/B0/30min/S-B_q0.90,13,630741820,8090,M6_GK,M6_GK,"{""M1_EWMA"": 0.0, ""M2_HAR"": 0.0, ""M3_HARJ"": 0.0, ""M4_HARQ"": 0.0, ""M5_RGARCH"": 0.0, ""M6_PARK"": 0.0, ""M6_GK"": 1.0}"
NQ/GLOBEX/B0/30min/S-B_q0.90,14,2401719883,8090,M6_GK,M6_GK,"{""M1_EWMA"": 0.0, ""M2_HAR"": 0.0, ""M3_HARJ"": 0.0, ""M4_HARQ"": 0.0, ""M5_RGARCH"": 0.0, ""M6_PARK"": 0.0, ""M6_GK"": 1.0}"
NQ/GLOBEX/B0/30min/S-B_q0.90,15,3662131630,8090,M6_GK,M6_GK,"{""M1_EWMA"": 0.0, ""M2_HAR"": 0.0, ""M3_HARJ"": 0.0, ""M4_HARQ"": 0.0, ""M5_RGARCH"": 0.0, ""M6_PARK"": 0.0, ""M6_GK"": 1.0}"
NQ/GLOBEX/B0/30min/S-B_q0.90,16,303417529,8090,M6_GK,M6_GK,"{""M1_EWMA"": 0.0, ""M2_HAR"": 0.0, ""M3_HARJ"": 0.0, ""M4_HARQ"": 0.0, ""M5_RGARCH"": 0.0, ""M6_PARK"": 0.0, ""M6_GK"": 1.0}"
NQ/GLOBEX/B0/30min/S-B_q0.90,17,4155647398,8090,M6_GK,M6_GK,"{""M1_EWMA"": 0.0, ""M2_HAR"": 0.0, ""M3_HARJ"": 0.0, ""M4_HARQ"": 0.0, ""M5_RGARCH"": 0.0, ""M6_PARK"": 0.0, ""M6_GK"": 1.0}"
NQ/GLOBEX/B0/30min/S-B_q0.90,18,2620441196,8090,M6_GK,M6_GK,"{""M1_EWMA"": 0.0, ""M2_HAR"": 0.0, ""M3_HARJ"": 0.0, ""M4_HARQ"": 0.0, ""M5_RGARCH"": 0.0, ""M6_PARK"": 0.0, ""M6_GK"": 1.0}"
NQ/GLOBEX/B0/30min/S-B_q0.90,19,4201311651,8090,M6_GK,M6_GK,"{""M1_EWMA"": 0.0, ""M2_HAR"": 0.0, ""M3_HARJ"": 0.0, ""M4_HARQ"": 0.0, ""M5_RGARCH"": 0.0, ""M6_PARK"": 0.0, ""M6_GK"": 1.0}"
NQ/GLOBEX/B0/30min/S-C_q0.80,0,2237533746,16180,M6_GK,M6_GK,"{""M1_EWMA"": 0.0, ""M2_HAR"": 0.0, ""M3_HARJ"": 0.0, ""M4_HARQ"": 0.0, ""M5_RGARCH"": 0.0, ""M6_PARK"": 0.0, ""M6_GK"": 1.0}"
NQ/GLOBEX/B0/30min/S-C_q0.80,1,702494603,16180,M6_GK,M6_GK,"{""M1_EWMA"": 0.0, ""M2_HAR"": 0.0, ""M3_HARJ"": 0.0, ""M4_HARQ"": 0.0, ""M5_RGARCH"": 0.0, ""M6_PARK"": 0.0, ""M6_GK"": 1.0}"
NQ/GLOBEX/B0/30min/S-C_q0.80,2,4139393190,16180,M6_GK,M6_GK,"{""M1_EWMA"": 0.0, ""M2_HAR"": 0.0, ""M3_HARJ"": 0.0, ""M4_HARQ"": 0.0, ""M5_RGARCH"": 0.0, ""M6_PARK"": 0.0, ""M6_GK"": 1.0}"
NQ/GLOBEX/B0/30min/S-C_q0.80,3,769717545,16180,M6_GK,M6_GK,"{""M1_EWMA"": 0.0, ""M2_HAR"": 0.0, ""M3_HARJ"": 0.0, ""M4_HARQ"": 0.0, ""M5_RGARCH"": 0.0, ""M6_PARK"": 0.0, ""M6_GK"": 1.0}"
NQ/GLOBEX/B0/30min/S-C_q0.80,4,919028315,16180,M6_GK,M6_GK,"{""M1_EWMA"": 0.0, ""M2_HAR"": 0.0, ""M3_HARJ"": 0.0, ""M4_HARQ"": 0.0, ""M5_RGARCH"": 0.0, ""M6_PARK"": 0.0, ""M6_GK"": 1.0}"
NQ/GLOBEX/B0/30min/S-C_q0.80,5,611620464,16180,M6_GK,M6_GK,"{""M1_EWMA"": 0.0, ""M2_HAR"": 0.0, ""M3_HARJ"": 0.0, ""M4_HARQ"": 0.0, ""M5_RGARCH"": 0.0, ""M6_PARK"": 0.0, ""M6_GK"": 1.0}"
NQ/GLOBEX/B0/30min/S-C_q0.80,6,3477480266,16180,M6_GK,M6_GK,"{""M1_EWMA"": 0.0, ""M2_HAR"": 0.0, ""M3_HARJ"": 0.0, ""M4_HARQ"": 0.0, ""M5_RGARCH"": 0.0, ""M6_PARK"": 0.0, ""M6_GK"": 1.0}"
NQ/GLOBEX/B0/30min/S-C_q0.80,7,3198431117,16180,M6_GK,M6_GK,"{""M1_EWMA"": 0.0, ""M2_HAR"": 0.0, ""M3_HARJ"": 0.0, ""M4_HARQ"": 0.0, ""M5_RGARCH"": 0.0, ""M6_PARK"": 0.0, ""M6_GK"": 1.0}"
NQ/GLOBEX/B0/30min/S-C_q0.80,8,2621026741,16180,M6_GK,M6_GK,"{""M1_EWMA"": 0.0, ""M2_HAR"": 0.0, ""M3_HARJ"": 0.0, ""M4_HARQ"": 0.0, ""M5_RGARCH"": 0.0, ""M6_PARK"": 0.0, ""M6_GK"": 1.0}"
NQ/GLOBEX/B0/30min/S-C_q0.80,9,1169115867,16180,M6_GK,M6_GK,"{""M1_EWMA"": 0.0, ""M2_HAR"": 0.0, ""M3_HARJ"": 0.0, ""M4_HARQ"": 0.0, ""M5_RGARCH"": 0.0, ""M6_PARK"": 0.0, ""M6_GK"": 1.0}"
NQ/GLOBEX/B0/30min/S-C_q0.80,10,3689063838,16180,M6_GK,M6_GK,"{""M1_EWMA"": 0.0, ""M2_HAR"": 0.0, ""M3_HARJ"": 0.0, ""M4_HARQ"": 0.0, ""M5_RGARCH"": 0.0, ""M6_PARK"": 0.0, ""M6_GK"": 1.0}"
NQ/GLOBEX/B0/30min/S-C_q0.80,11,1498398406,16180,M6_GK,M6_GK,"{""M1_EWMA"": 0.0, ""M2_HAR"": 0.0, ""M3_HARJ"": 0.0, ""M4_HARQ"": 0.0, ""M5_RGARCH"": 0.0, ""M6_PARK"": 0.0, ""M6_GK"": 1.0}"
NQ/GLOBEX/B0/30min/S-C_q0.80,12,3833968697,16180,M6_GK,M6_GK,"{""M1_EWMA"": 0.0, ""M2_HAR"": 0.0, ""M3_HARJ"": 0.0, ""M4_HARQ"": 0.0, ""M5_RGARCH"": 0.0, ""M6_PARK"": 0.0, ""M6_GK"": 1.0}"
NQ/GLOBEX/B0/30min/S-C_q0.80,13,630741820,16180,M6_GK,M6_GK,"{""M1_EWMA"": 0.0, ""M2_HAR"": 0.0, ""M3_HARJ"": 0.0, ""M4_HARQ"": 0.0, ""M5_RGARCH"": 0.0, ""M6_PARK"": 0.0, ""M6_GK"": 1.0}"
NQ/GLOBEX/B0/30min/S-C_q0.80,14,2401719883,16180,M6_GK,M6_GK,"{""M1_EWMA"": 0.0, ""M2_HAR"": 0.0, ""M3_HARJ"": 0.0, ""M4_HARQ"": 0.0, ""M5_RGARCH"": 0.0, ""M6_PARK"": 0.0, ""M6_GK"": 1.0}"
NQ/GLOBEX/B0/30min/S-C_q0.80,15,3662131630,16180,M6_GK,M6_GK,"{""M1_EWMA"": 0.0, ""M2_HAR"": 0.0, ""M3_HARJ"": 0.0, ""M4_HARQ"": 0.0, ""M5_RGARCH"": 0.0, ""M6_PARK"": 0.0, ""M6_GK"": 1.0}"
NQ/GLOBEX/B0/30min/S-C_q0.80,16,303417529,16180,M6_GK,M6_GK,"{""M1_EWMA"": 0.0, ""M2_HAR"": 0.0, ""M3_HARJ"": 0.0, ""M4_HARQ"": 0.0, ""M5_RGARCH"": 0.0, ""M6_PARK"": 0.0, ""M6_GK"": 1.0}"
NQ/GLOBEX/B0/30min/S-C_q0.80,17,4155647398,16180,M6_GK,M6_GK,"{""M1_EWMA"": 0.0, ""M2_HAR"": 0.0, ""M3_HARJ"": 0.0, ""M4_HARQ"": 0.0, ""M5_RGARCH"": 0.0, ""M6_PARK"": 0.0, ""M6_GK"": 1.0}"
NQ/GLOBEX/B0/30min/S-C_q0.80,18,2620441196,16180,M6_GK,M6_GK,"{""M1_EWMA"": 0.0, ""M2_HAR"": 0.0, ""M3_HARJ"": 0.0, ""M4_HARQ"": 0.0, ""M5_RGARCH"": 0.0, ""M6_PARK"": 0.0, ""M6_GK"": 1.0}"
NQ/GLOBEX/B0/30min/S-C_q0.80,19,4201311651,16180,M6_GK,M6_GK,"{""M1_EWMA"": 0.0, ""M2_HAR"": 0.0, ""M3_HARJ"": 0.0, ""M4_HARQ"": 0.0, ""M5_RGARCH"": 0.0, ""M6_PARK"": 0.0, ""M6_GK"": 1.0}"
NQ/GLOBEX/B0/30min/S-C_q0.90,0,2237533746,8090,M6_GK,M6_GK,"{""M1_EWMA"": 0.0, ""M2_HAR"": 0.0, ""M3_HARJ"": 0.0, ""M4_HARQ"": 0.0, ""M5_RGARCH"": 0.0, ""M6_PARK"": 0.0, ""M6_GK"": 1.0}"
NQ/GLOBEX/B0/30min/S-C_q0.90,1,702494603,8090,M6_GK,M6_GK,"{""M1_EWMA"": 0.0, ""M2_HAR"": 0.0, ""M3_HARJ"": 0.0, ""M4_HARQ"": 0.0, ""M5_RGARCH"": 0.0, ""M6_PARK"": 0.0, ""M6_GK"": 1.0}"
NQ/GLOBEX/B0/30min/S-C_q0.90,2,4139393190,8090,M6_GK,M6_GK,"{""M1_EWMA"": 0.0, ""M2_HAR"": 0.0, ""M3_HARJ"": 0.0, ""M4_HARQ"": 0.0, ""M5_RGARCH"": 0.0, ""M6_PARK"": 0.0, ""M6_GK"": 1.0}"
NQ/GLOBEX/B0/30min/S-C_q0.90,3,769717545,8090,M6_GK,M6_GK,"{""M1_EWMA"": 0.0, ""M2_HAR"": 0.0, ""M3_HARJ"": 0.0, ""M4_HARQ"": 0.0, ""M5_RGARCH"": 0.0, ""M6_PARK"": 0.0, ""M6_GK"": 1.0}"
NQ/GLOBEX/B0/30min/S-C_q0.90,4,919028315,8090,M6_GK,M6_GK,"{""M1_EWMA"": 0.0, ""M2_HAR"": 0.0, ""M3_HARJ"": 0.0, ""M4_HARQ"": 0.0, ""M5_RGARCH"": 0.0, ""M6_PARK"": 0.0, ""M6_GK"": 1.0}"
NQ/GLOBEX/B0/30min/S-C_q0.90,5,611620464,8090,M6_GK,M6_GK,"{""M1_EWMA"": 0.0, ""M2_HAR"": 0.0, ""M3_HARJ"": 0.0, ""M4_HARQ"": 0.0, ""M5_RGARCH"": 0.0, ""M6_PARK"": 0.0, ""M6_GK"": 1.0}"
NQ/GLOBEX/B0/30min/S-C_q0.90,6,3477480266,8090,M6_GK,M6_GK,"{""M1_EWMA"": 0.0, ""M2_HAR"": 0.0, ""M3_HARJ"": 0.0, ""M4_HARQ"": 0.0, ""M5_RGARCH"": 0.0, ""M6_PARK"": 0.0, ""M6_GK"": 1.0}"
NQ/GLOBEX/B0/30min/S-C_q0.90,7,3198431117,8090,M6_GK,M6_GK,"{""M1_EWMA"": 0.0, ""M2_HAR"": 0.0, ""M3_HARJ"": 0.0, ""M4_HARQ"": 0.0, ""M5_RGARCH"": 0.0, ""M6_PARK"": 0.0, ""M6_GK"": 1.0}"
NQ/GLOBEX/B0/30min/S-C_q0.90,8,2621026741,8090,M6_GK,M6_GK,"{""M1_EWMA"": 0.0, ""M2_HAR"": 0.0, ""M3_HARJ"": 0.0, ""M4_HARQ"": 0.0, ""M5_RGARCH"": 0.0, ""M6_PARK"": 0.0, ""M6_GK"": 1.0}"
NQ/GLOBEX/B0/30min/S-C_q0.90,9,1169115867,8090,M6_GK,M6_GK,"{""M1_EWMA"": 0.0, ""M2_HAR"": 0.0, ""M3_HARJ"": 0.0, ""M4_HARQ"": 0.0, ""M5_RGARCH"": 0.0, ""M6_PARK"": 0.0, ""M6_GK"": 1.0}"
NQ/GLOBEX/B0/30min/S-C_q0.90,10,3689063838,8090,M6_GK,M6_GK,"{""M1_EWMA"": 0.0, ""M2_HAR"": 0.0, ""M3_HARJ"": 0.0, ""M4_HARQ"": 0.0, ""M5_RGARCH"": 0.0, ""M6_PARK"": 0.0, ""M6_GK"": 1.0}"
NQ/GLOBEX/B0/30min/S-C_q0.90,11,1498398406,8090,M6_GK,M6_GK,"{""M1_EWMA"": 0.0, ""M2_HAR"": 0.0, ""M3_HARJ"": 0.0, ""M4_HARQ"": 0.0, ""M5_RGARCH"": 0.0, ""M6_PARK"": 0.0, ""M6_GK"": 1.0}"
NQ/GLOBEX/B0/30min/S-C_q0.90,12,3833968697,8090,M6_GK,M6_GK,"{""M1_EWMA"": 0.0, ""M2_HAR"": 0.0, ""M3_HARJ"": 0.0, ""M4_HARQ"": 0.0, ""M5_RGARCH"": 0.0, ""M6_PARK"": 0.0, ""M6_GK"": 1.0}"
NQ/GLOBEX/B0/30min/S-C_q0.90,13,630741820,8090,M6_GK,M6_GK,"{""M1_EWMA"": 0.0, ""M2_HAR"": 0.0, ""M3_HARJ"": 0.0, ""M4_HARQ"": 0.0, ""M5_RGARCH"": 0.0, ""M6_PARK"": 0.0, ""M6_GK"": 1.0}"
NQ/GLOBEX/B0/30min/S-C_q0.90,14,2401719883,8090,M6_GK,M6_GK,"{""M1_EWMA"": 0.0, ""M2_HAR"": 0.0, ""M3_HARJ"": 0.0, ""M4_HARQ"": 0.0, ""M5_RGARCH"": 0.0, ""M6_PARK"": 0.0, ""M6_GK"": 1.0}"
NQ/GLOBEX/B0/30min/S-C_q0.90,15,3662131630,8090,M6_GK,M6_GK,"{""M1_EWMA"": 0.0, ""M2_HAR"": 0.0, ""M3_HARJ"": 0.0, ""M4_HARQ"": 0.0, ""M5_RGARCH"": 0.0, ""M6_PARK"": 0.0, ""M6_GK"": 1.0}"
NQ/GLOBEX/B0/30min/S-C_q0.90,16,303417529,8090,M6_GK,M6_GK,"{""M1_EWMA"": 0.0, ""M2_HAR"": 0.0, ""M3_HARJ"": 0.0, ""M4_HARQ"": 0.0, ""M5_RGARCH"": 0.0, ""M6_PARK"": 0.0, ""M6_GK"": 1.0}"
NQ/GLOBEX/B0/30min/S-C_q0.90,17,4155647398,8090,M6_GK,M6_GK,"{""M1_EWMA"": 0.0, ""M2_HAR"": 0.0, ""M3_HARJ"": 0.0, ""M4_HARQ"": 0.0, ""M5_RGARCH"": 0.0, ""M6_PARK"": 0.0, ""M6_GK"": 1.0}"
NQ/GLOBEX/B0/30min/S-C_q0.90,18,2620441196,8090,M6_GK,M6_GK,"{""M1_EWMA"": 0.0, ""M2_HAR"": 0.0, ""M3_HARJ"": 0.0, ""M4_HARQ"": 0.0, ""M5_RGARCH"": 0.0, ""M6_PARK"": 0.0, ""M6_GK"": 1.0}"
NQ/GLOBEX/B0/30min/S-C_q0.90,19,4201311651,8090,M6_GK,M6_GK,"{""M1_EWMA"": 0.0, ""M2_HAR"": 0.0, ""M3_HARJ"": 0.0, ""M4_HARQ"": 0.0, ""M5_RGARCH"": 0.0, ""M6_PARK"": 0.0, ""M6_GK"": 1.0}"
NQ/GLOBEX/B1/1day/S-B_q0.80,0,2237533746,290,M2_HAR|M3_HARJ|M4_HARQ,M2_HAR|M3_HARJ|M4_HARQ,"{""M5_RGARCH"": 0.0, ""M6_PARK"": 0.0013, ""M6_GK"": 0.0013, ""M1_EWMA"": 0.0086, ""M2_HAR"": 1.0, ""M3_HARJ"": 1.0, ""M4_HARQ"": 1.0}"
NQ/GLOBEX/B1/1day/S-B_q0.80,1,702494603,290,M2_HAR|M3_HARJ|M4_HARQ,M2_HAR|M3_HARJ|M4_HARQ,"{""M5_RGARCH"": 0.0, ""M6_PARK"": 0.0018, ""M6_GK"": 0.0018, ""M1_EWMA"": 0.0116, ""M2_HAR"": 1.0, ""M3_HARJ"": 1.0, ""M4_HARQ"": 1.0}"
NQ/GLOBEX/B1/1day/S-B_q0.80,2,4139393190,290,M2_HAR|M3_HARJ|M4_HARQ,M2_HAR|M3_HARJ|M4_HARQ,"{""M5_RGARCH"": 0.0, ""M6_PARK"": 0.0021, ""M6_GK"": 0.0021, ""M1_EWMA"": 0.0101, ""M2_HAR"": 1.0, ""M3_HARJ"": 1.0, ""M4_HARQ"": 1.0}"
NQ/GLOBEX/B1/1day/S-B_q0.80,3,769717545,290,M2_HAR|M3_HARJ|M4_HARQ,M2_HAR|M3_HARJ|M4_HARQ,"{""M5_RGARCH"": 0.0, ""M6_PARK"": 0.0021, ""M6_GK"": 0.0021, ""M1_EWMA"": 0.009, ""M2_HAR"": 1.0, ""M3_HARJ"": 1.0, ""M4_HARQ"": 1.0}"
NQ/GLOBEX/B1/1day/S-B_q0.80,4,919028315,290,M2_HAR|M3_HARJ|M4_HARQ,M2_HAR|M3_HARJ|M4_HARQ,"{""M5_RGARCH"": 0.0, ""M6_PARK"": 0.0015, ""M6_GK"": 0.0015, ""M1_EWMA"": 0.0095, ""M2_HAR"": 1.0, ""M3_HARJ"": 1.0, ""M4_HARQ"": 1.0}"
NQ/GLOBEX/B1/1day/S-B_q0.80,5,611620464,290,M2_HAR|M3_HARJ|M4_HARQ,M2_HAR|M3_HARJ|M4_HARQ,"{""M5_RGARCH"": 0.0, ""M6_PARK"": 0.0016, ""M6_GK"": 0.0016, ""M1_EWMA"": 0.0089, ""M2_HAR"": 1.0, ""M3_HARJ"": 1.0, ""M4_HARQ"": 1.0}"
NQ/GLOBEX/B1/1day/S-B_q0.80,6,3477480266,290,M2_HAR|M3_HARJ|M4_HARQ,M2_HAR|M3_HARJ|M4_HARQ,"{""M5_RGARCH"": 0.0, ""M6_PARK"": 0.0017, ""M6_GK"": 0.0017, ""M1_EWMA"": 0.0101, ""M2_HAR"": 1.0, ""M3_HARJ"": 1.0, ""M4_HARQ"": 1.0}"
NQ/GLOBEX/B1/1day/S-B_q0.80,7,3198431117,290,M2_HAR|M3_HARJ|M4_HARQ,M2_HAR|M3_HARJ|M4_HARQ,"{""M5_RGARCH"": 0.0, ""M6_PARK"": 0.0017, ""M6_GK"": 0.0017, ""M1_EWMA"": 0.0086, ""M2_HAR"": 1.0, ""M3_HARJ"": 1.0, ""M4_HARQ"": 1.0}"
NQ/GLOBEX/B1/1day/S-B_q0.80,8,2621026741,290,M2_HAR|M3_HARJ|M4_HARQ,M2_HAR|M3_HARJ|M4_HARQ,"{""M5_RGARCH"": 0.0, ""M6_PARK"": 0.0015, ""M6_GK"": 0.0015, ""M1_EWMA"": 0.0086, ""M2_HAR"": 1.0, ""M3_HARJ"": 1.0, ""M4_HARQ"": 1.0}"
NQ/GLOBEX/B1/1day/S-B_q0.80,9,1169115867,290,M2_HAR|M3_HARJ|M4_HARQ,M2_HAR|M3_HARJ|M4_HARQ,"{""M5_RGARCH"": 0.0, ""M6_PARK"": 0.0022, ""M6_GK"": 0.0022, ""M1_EWMA"": 0.0092, ""M2_HAR"": 1.0, ""M3_HARJ"": 1.0, ""M4_HARQ"": 1.0}"
NQ/GLOBEX/B1/1day/S-B_q0.80,10,3689063838,290,M2_HAR|M3_HARJ|M4_HARQ,M2_HAR|M3_HARJ|M4_HARQ,"{""M5_RGARCH"": 0.0, ""M6_PARK"": 0.0016, ""M6_GK"": 0.0016, ""M1_EWMA"": 0.0104, ""M2_HAR"": 1.0, ""M3_HARJ"": 1.0, ""M4_HARQ"": 1.0}"
NQ/GLOBEX/B1/1day/S-B_q0.80,11,1498398406,290,M2_HAR|M3_HARJ|M4_HARQ,M2_HAR|M3_HARJ|M4_HARQ,"{""M5_RGARCH"": 0.0, ""M6_PARK"": 0.0022, ""M6_GK"": 0.0022, ""M1_EWMA"": 0.0087, ""M2_HAR"": 1.0, ""M3_HARJ"": 1.0, ""M4_HARQ"": 1.0}"
NQ/GLOBEX/B1/1day/S-B_q0.80,12,3833968697,290,M2_HAR|M3_HARJ|M4_HARQ,M2_HAR|M3_HARJ|M4_HARQ,"{""M5_RGARCH"": 0.0, ""M6_PARK"": 0.0018, ""M6_GK"": 0.0018, ""M1_EWMA"": 0.0087, ""M2_HAR"": 1.0, ""M3_HARJ"": 1.0, ""M4_HARQ"": 1.0}"
NQ/GLOBEX/B1/1day/S-B_q0.80,13,630741820,290,M2_HAR|M3_HARJ|M4_HARQ,M2_HAR|M3_HARJ|M4_HARQ,"{""M5_RGARCH"": 0.0, ""M6_PARK"": 0.0026, ""M6_GK"": 0.0026, ""M1_EWMA"": 0.0091, ""M2_HAR"": 1.0, ""M3_HARJ"": 1.0, ""M4_HARQ"": 1.0}"
NQ/GLOBEX/B1/1day/S-B_q0.80,14,2401719883,290,M2_HAR|M3_HARJ|M4_HARQ,M2_HAR|M3_HARJ|M4_HARQ,"{""M5_RGARCH"": 0.0, ""M6_PARK"": 0.0014, ""M6_GK"": 0.0014, ""M1_EWMA"": 0.0098, ""M2_HAR"": 1.0, ""M3_HARJ"": 1.0, ""M4_HARQ"": 1.0}"
NQ/GLOBEX/B1/1day/S-B_q0.80,15,3662131630,290,M2_HAR|M3_HARJ|M4_HARQ,M2_HAR|M3_HARJ|M4_HARQ,"{""M5_RGARCH"": 0.0, ""M6_PARK"": 0.002, ""M6_GK"": 0.002, ""M1_EWMA"": 0.0101, ""M2_HAR"": 1.0, ""M3_HARJ"": 1.0, ""M4_HARQ"": 1.0}"
NQ/GLOBEX/B1/1day/S-B_q0.80,16,303417529,290,M2_HAR|M3_HARJ|M4_HARQ,M2_HAR|M3_HARJ|M4_HARQ,"{""M5_RGARCH"": 0.0, ""M6_PARK"": 0.0016, ""M6_GK"": 0.0016, ""M1_EWMA"": 0.0106, ""M2_HAR"": 1.0, ""M3_HARJ"": 1.0, ""M4_HARQ"": 1.0}"
NQ/GLOBEX/B1/1day/S-B_q0.80,17,4155647398,290,M2_HAR|M3_HARJ|M4_HARQ,M2_HAR|M3_HARJ|M4_HARQ,"{""M5_RGARCH"": 0.0, ""M6_PARK"": 0.0021, ""M6_GK"": 0.0021, ""M1_EWMA"": 0.0089, ""M2_HAR"": 1.0, ""M3_HARJ"": 1.0, ""M4_HARQ"": 1.0}"
NQ/GLOBEX/B1/1day/S-B_q0.80,18,2620441196,290,M2_HAR|M3_HARJ|M4_HARQ,M2_HAR|M3_HARJ|M4_HARQ,"{""M5_RGARCH"": 0.0, ""M6_PARK"": 0.0027, ""M6_GK"": 0.0027, ""M1_EWMA"": 0.0088, ""M2_HAR"": 1.0, ""M3_HARJ"": 1.0, ""M4_HARQ"": 1.0}"
NQ/GLOBEX/B1/1day/S-B_q0.80,19,4201311651,290,M2_HAR|M3_HARJ|M4_HARQ,M2_HAR|M3_HARJ|M4_HARQ,"{""M5_RGARCH"": 0.0, ""M6_PARK"": 0.0029, ""M6_GK"": 0.0029, ""M1_EWMA"": 0.0112, ""M2_HAR"": 1.0, ""M3_HARJ"": 1.0, ""M4_HARQ"": 1.0}"
NQ/GLOBEX/B1/1day/S-B_q0.90,0,2237533746,145,M2_HAR|M3_HARJ|M4_HARQ,M2_HAR|M3_HARJ|M4_HARQ,"{""M5_RGARCH"": 0.0001, ""M6_PARK"": 0.0399, ""M6_GK"": 0.0399, ""M1_EWMA"": 0.0399, ""M2_HAR"": 1.0, ""M3_HARJ"": 1.0, ""M4_HARQ"": 1.0}"
NQ/GLOBEX/B1/1day/S-B_q0.90,1,702494603,145,M2_HAR|M3_HARJ|M4_HARQ,M2_HAR|M3_HARJ|M4_HARQ,"{""M5_RGARCH"": 0.0002, ""M6_PARK"": 0.0407, ""M6_GK"": 0.0407, ""M1_EWMA"": 0.0407, ""M2_HAR"": 1.0, ""M3_HARJ"": 1.0, ""M4_HARQ"": 1.0}"
NQ/GLOBEX/B1/1day/S-B_q0.90,2,4139393190,145,M2_HAR|M3_HARJ|M4_HARQ,M2_HAR|M3_HARJ|M4_HARQ,"{""M5_RGARCH"": 0.0001, ""M6_PARK"": 0.0381, ""M6_GK"": 0.0381, ""M1_EWMA"": 0.0381, ""M2_HAR"": 1.0, ""M3_HARJ"": 1.0, ""M4_HARQ"": 1.0}"
NQ/GLOBEX/B1/1day/S-B_q0.90,3,769717545,145,M2_HAR|M3_HARJ|M4_HARQ,M2_HAR|M3_HARJ|M4_HARQ,"{""M5_RGARCH"": 0.0, ""M6_PARK"": 0.0404, ""M6_GK"": 0.0404, ""M1_EWMA"": 0.0404, ""M2_HAR"": 1.0, ""M3_HARJ"": 1.0, ""M4_HARQ"": 1.0}"
NQ/GLOBEX/B1/1day/S-B_q0.90,4,919028315,145,M2_HAR|M3_HARJ|M4_HARQ,M2_HAR|M3_HARJ|M4_HARQ,"{""M5_RGARCH"": 0.0001, ""M6_PARK"": 0.0427, ""M6_GK"": 0.0427, ""M1_EWMA"": 0.0427, ""M2_HAR"": 1.0, ""M3_HARJ"": 1.0, ""M4_HARQ"": 1.0}"
NQ/GLOBEX/B1/1day/S-B_q0.90,5,611620464,145,M2_HAR|M3_HARJ|M4_HARQ,M2_HAR|M3_HARJ|M4_HARQ,"{""M5_RGARCH"": 0.0, ""M6_PARK"": 0.041, ""M6_GK"": 0.041, ""M1_EWMA"": 0.041, ""M2_HAR"": 1.0, ""M3_HARJ"": 1.0, ""M4_HARQ"": 1.0}"
NQ/GLOBEX/B1/1day/S-B_q0.90,6,3477480266,145,M2_HAR|M3_HARJ|M4_HARQ,M2_HAR|M3_HARJ|M4_HARQ,"{""M5_RGARCH"": 0.0, ""M6_PARK"": 0.0401, ""M6_GK"": 0.0401, ""M1_EWMA"": 0.0401, ""M2_HAR"": 1.0, ""M3_HARJ"": 1.0, ""M4_HARQ"": 1.0}"
NQ/GLOBEX/B1/1day/S-B_q0.90,7,3198431117,145,M2_HAR|M3_HARJ|M4_HARQ,M2_HAR|M3_HARJ|M4_HARQ,"{""M5_RGARCH"": 0.0001, ""M6_PARK"": 0.0389, ""M6_GK"": 0.0389, ""M1_EWMA"": 0.0389, ""M2_HAR"": 1.0, ""M3_HARJ"": 1.0, ""M4_HARQ"": 1.0}"
NQ/GLOBEX/B1/1day/S-B_q0.90,8,2621026741,145,M2_HAR|M3_HARJ|M4_HARQ,M2_HAR|M3_HARJ|M4_HARQ,"{""M5_RGARCH"": 0.0, ""M6_PARK"": 0.0422, ""M6_GK"": 0.0422, ""M1_EWMA"": 0.0422, ""M2_HAR"": 1.0, ""M3_HARJ"": 1.0, ""M4_HARQ"": 1.0}"
NQ/GLOBEX/B1/1day/S-B_q0.90,9,1169115867,145,M2_HAR|M3_HARJ|M4_HARQ,M2_HAR|M3_HARJ|M4_HARQ,"{""M5_RGARCH"": 0.0001, ""M6_PARK"": 0.0403, ""M6_GK"": 0.0403, ""M1_EWMA"": 0.0403, ""M2_HAR"": 1.0, ""M3_HARJ"": 1.0, ""M4_HARQ"": 1.0}"
NQ/GLOBEX/B1/1day/S-B_q0.90,10,3689063838,145,M2_HAR|M3_HARJ|M4_HARQ,M2_HAR|M3_HARJ|M4_HARQ,"{""M5_RGARCH"": 0.0001, ""M6_PARK"": 0.0426, ""M6_GK"": 0.0426, ""M1_EWMA"": 0.0426, ""M2_HAR"": 1.0, ""M3_HARJ"": 1.0, ""M4_HARQ"": 1.0}"
NQ/GLOBEX/B1/1day/S-B_q0.90,11,1498398406,145,M2_HAR|M3_HARJ|M4_HARQ,M2_HAR|M3_HARJ|M4_HARQ,"{""M5_RGARCH"": 0.0001, ""M6_PARK"": 0.0371, ""M6_GK"": 0.0371, ""M1_EWMA"": 0.0371, ""M2_HAR"": 1.0, ""M3_HARJ"": 1.0, ""M4_HARQ"": 1.0}"
NQ/GLOBEX/B1/1day/S-B_q0.90,12,3833968697,145,M2_HAR|M3_HARJ|M4_HARQ,M2_HAR|M3_HARJ|M4_HARQ,"{""M5_RGARCH"": 0.0, ""M6_PARK"": 0.0411, ""M6_GK"": 0.0411, ""M1_EWMA"": 0.0411, ""M2_HAR"": 1.0, ""M3_HARJ"": 1.0, ""M4_HARQ"": 1.0}"
NQ/GLOBEX/B1/1day/S-B_q0.90,13,630741820,145,M2_HAR|M3_HARJ|M4_HARQ,M2_HAR|M3_HARJ|M4_HARQ,"{""M5_RGARCH"": 0.0, ""M6_PARK"": 0.0378, ""M6_GK"": 0.0378, ""M1_EWMA"": 0.0378, ""M2_HAR"": 1.0, ""M3_HARJ"": 1.0, ""M4_HARQ"": 1.0}"
NQ/GLOBEX/B1/1day/S-B_q0.90,14,2401719883,145,M2_HAR|M3_HARJ|M4_HARQ,M2_HAR|M3_HARJ|M4_HARQ,"{""M5_RGARCH"": 0.0001, ""M6_PARK"": 0.0362, ""M6_GK"": 0.0362, ""M1_EWMA"": 0.0362, ""M2_HAR"": 1.0, ""M3_HARJ"": 1.0, ""M4_HARQ"": 1.0}"
NQ/GLOBEX/B1/1day/S-B_q0.90,15,3662131630,145,M2_HAR|M3_HARJ|M4_HARQ,M2_HAR|M3_HARJ|M4_HARQ,"{""M5_RGARCH"": 0.0002, ""M6_PARK"": 0.0402, ""M6_GK"": 0.0402, ""M1_EWMA"": 0.0402, ""M2_HAR"": 1.0, ""M3_HARJ"": 1.0, ""M4_HARQ"": 1.0}"
NQ/GLOBEX/B1/1day/S-B_q0.90,16,303417529,145,M2_HAR|M3_HARJ|M4_HARQ,M2_HAR|M3_HARJ|M4_HARQ,"{""M5_RGARCH"": 0.0001, ""M6_PARK"": 0.0431, ""M6_GK"": 0.0431, ""M1_EWMA"": 0.0431, ""M2_HAR"": 1.0, ""M3_HARJ"": 1.0, ""M4_HARQ"": 1.0}"
NQ/GLOBEX/B1/1day/S-B_q0.90,17,4155647398,145,M2_HAR|M3_HARJ|M4_HARQ,M2_HAR|M3_HARJ|M4_HARQ,"{""M5_RGARCH"": 0.0, ""M6_PARK"": 0.0374, ""M6_GK"": 0.0374, ""M1_EWMA"": 0.0374, ""M2_HAR"": 1.0, ""M3_HARJ"": 1.0, ""M4_HARQ"": 1.0}"
NQ/GLOBEX/B1/1day/S-B_q0.90,18,2620441196,145,M2_HAR|M3_HARJ|M4_HARQ,M2_HAR|M3_HARJ|M4_HARQ,"{""M5_RGARCH"": 0.0, ""M6_PARK"": 0.0411, ""M6_GK"": 0.0411, ""M1_EWMA"": 0.0411, ""M2_HAR"": 1.0, ""M3_HARJ"": 1.0, ""M4_HARQ"": 1.0}"
NQ/GLOBEX/B1/1day/S-B_q0.90,19,4201311651,145,M2_HAR|M3_HARJ|M4_HARQ,M2_HAR|M3_HARJ|M4_HARQ,"{""M5_RGARCH"": 0.0, ""M6_PARK"": 0.041, ""M6_GK"": 0.041, ""M1_EWMA"": 0.041, ""M2_HAR"": 1.0, ""M3_HARJ"": 1.0, ""M4_HARQ"": 1.0}"
NQ/GLOBEX/B1/1day/S-C_q0.80,0,2237533746,290,M2_HAR|M3_HARJ|M4_HARQ,M2_HAR|M3_HARJ|M4_HARQ,"{""M5_RGARCH"": 0.0004, ""M1_EWMA"": 0.0016, ""M6_PARK"": 0.0436, ""M6_GK"": 0.0436, ""M2_HAR"": 1.0, ""M3_HARJ"": 1.0, ""M4_HARQ"": 1.0}"
NQ/GLOBEX/B1/1day/S-C_q0.80,1,702494603,290,M2_HAR|M3_HARJ|M4_HARQ,M2_HAR|M3_HARJ|M4_HARQ,"{""M5_RGARCH"": 0.0006, ""M1_EWMA"": 0.0015, ""M6_PARK"": 0.0456, ""M6_GK"": 0.0456, ""M2_HAR"": 1.0, ""M3_HARJ"": 1.0, ""M4_HARQ"": 1.0}"
NQ/GLOBEX/B1/1day/S-C_q0.80,2,4139393190,290,M2_HAR|M3_HARJ|M4_HARQ,M2_HAR|M3_HARJ|M4_HARQ,"{""M5_RGARCH"": 0.0005, ""M1_EWMA"": 0.0019, ""M6_PARK"": 0.0411, ""M6_GK"": 0.0411, ""M2_HAR"": 1.0, ""M3_HARJ"": 1.0, ""M4_HARQ"": 1.0}"
NQ/GLOBEX/B1/1day/S-C_q0.80,3,769717545,290,M2_HAR|M3_HARJ|M4_HARQ,M2_HAR|M3_HARJ|M4_HARQ,"{""M5_RGARCH"": 0.0, ""M1_EWMA"": 0.0007, ""M6_PARK"": 0.0399, ""M6_GK"": 0.0399, ""M2_HAR"": 1.0, ""M3_HARJ"": 1.0, ""M4_HARQ"": 1.0}"
NQ/GLOBEX/B1/1day/S-C_q0.80,4,919028315,290,M2_HAR|M3_HARJ|M4_HARQ,M2_HAR|M3_HARJ|M4_HARQ,"{""M5_RGARCH"": 0.0006, ""M1_EWMA"": 0.0018, ""M6_PARK"": 0.0406, ""M6_GK"": 0.0406, ""M2_HAR"": 1.0, ""M3_HARJ"": 1.0, ""M4_HARQ"": 1.0}"
NQ/GLOBEX/B1/1day/S-C_q0.80,5,611620464,290,M2_HAR|M3_HARJ|M4_HARQ,M2_HAR|M3_HARJ|M4_HARQ,"{""M5_RGARCH"": 0.0005, ""M1_EWMA"": 0.0014, ""M6_PARK"": 0.0393, ""M6_GK"": 0.0393, ""M2_HAR"": 1.0, ""M3_HARJ"": 1.0, ""M4_HARQ"": 1.0}"
NQ/GLOBEX/B1/1day/S-C_q0.80,6,3477480266,290,M2_HAR|M3_HARJ|M4_HARQ,M2_HAR|M3_HARJ|M4_HARQ,"{""M5_RGARCH"": 0.0003, ""M1_EWMA"": 0.0015, ""M6_PARK"": 0.0416, ""M6_GK"": 0.0416, ""M2_HAR"": 1.0, ""M3_HARJ"": 1.0, ""M4_HARQ"": 1.0}"
NQ/GLOBEX/B1/1day/S-C_q0.80,7,3198431117,290,M2_HAR|M3_HARJ|M4_HARQ,M2_HAR|M3_HARJ|M4_HARQ,"{""M5_RGARCH"": 0.0002, ""M1_EWMA"": 0.001, ""M6_PARK"": 0.0456, ""M6_GK"": 0.0456, ""M2_HAR"": 1.0, ""M3_HARJ"": 1.0, ""M4_HARQ"": 1.0}"
NQ/GLOBEX/B1/1day/S-C_q0.80,8,2621026741,290,M2_HAR|M3_HARJ|M4_HARQ,M2_HAR|M3_HARJ|M4_HARQ,"{""M5_RGARCH"": 0.0004, ""M1_EWMA"": 0.001, ""M6_PARK"": 0.0422, ""M6_GK"": 0.0422, ""M2_HAR"": 1.0, ""M3_HARJ"": 1.0, ""M4_HARQ"": 1.0}"
NQ/GLOBEX/B1/1day/S-C_q0.80,9,1169115867,290,M2_HAR|M3_HARJ|M4_HARQ,M2_HAR|M3_HARJ|M4_HARQ,"{""M5_RGARCH"": 0.0004, ""M1_EWMA"": 0.0014, ""M6_PARK"": 0.0416, ""M6_GK"": 0.0416, ""M2_HAR"": 1.0, ""M3_HARJ"": 1.0, ""M4_HARQ"": 1.0}"
NQ/GLOBEX/B1/1day/S-C_q0.80,10,3689063838,290,M2_HAR|M3_HARJ|M4_HARQ,M2_HAR|M3_HARJ|M4_HARQ,"{""M5_RGARCH"": 0.0004, ""M1_EWMA"": 0.0014, ""M6_PARK"": 0.0446, ""M6_GK"": 0.0446, ""M2_HAR"": 1.0, ""M3_HARJ"": 1.0, ""M4_HARQ"": 1.0}"
NQ/GLOBEX/B1/1day/S-C_q0.80,11,1498398406,290,M2_HAR|M3_HARJ|M4_HARQ,M2_HAR|M3_HARJ|M4_HARQ,"{""M5_RGARCH"": 0.0005, ""M1_EWMA"": 0.0014, ""M6_PARK"": 0.0399, ""M6_GK"": 0.0399, ""M2_HAR"": 1.0, ""M3_HARJ"": 1.0, ""M4_HARQ"": 1.0}"
NQ/GLOBEX/B1/1day/S-C_q0.80,12,3833968697,290,M2_HAR|M3_HARJ|M4_HARQ,M2_HAR|M3_HARJ|M4_HARQ,"{""M5_RGARCH"": 0.0004, ""M1_EWMA"": 0.0011, ""M6_PARK"": 0.0436, ""M6_GK"": 0.0436, ""M2_HAR"": 1.0, ""M3_HARJ"": 1.0, ""M4_HARQ"": 1.0}"
NQ/GLOBEX/B1/1day/S-C_q0.80,13,630741820,290,M2_HAR|M3_HARJ|M4_HARQ,M2_HAR|M3_HARJ|M4_HARQ,"{""M5_RGARCH"": 0.0004, ""M1_EWMA"": 0.0015, ""M6_PARK"": 0.0439, ""M6_GK"": 0.0439, ""M2_HAR"": 1.0, ""M3_HARJ"": 1.0, ""M4_HARQ"": 1.0}"
NQ/GLOBEX/B1/1day/S-C_q0.80,14,2401719883,290,M2_HAR|M3_HARJ|M4_HARQ,M2_HAR|M3_HARJ|M4_HARQ,"{""M5_RGARCH"": 0.0002, ""M1_EWMA"": 0.0015, ""M6_PARK"": 0.0446, ""M6_GK"": 0.0446, ""M2_HAR"": 1.0, ""M3_HARJ"": 1.0, ""M4_HARQ"": 1.0}"
NQ/GLOBEX/B1/1day/S-C_q0.80,15,3662131630,290,M2_HAR|M3_HARJ|M4_HARQ,M2_HAR|M3_HARJ|M4_HARQ,"{""M5_RGARCH"": 0.0004, ""M1_EWMA"": 0.0015, ""M6_PARK"": 0.0452, ""M6_GK"": 0.0452, ""M2_HAR"": 1.0, ""M3_HARJ"": 1.0, ""M4_HARQ"": 1.0}"
NQ/GLOBEX/B1/1day/S-C_q0.80,16,303417529,290,M2_HAR|M3_HARJ|M4_HARQ,M2_HAR|M3_HARJ|M4_HARQ,"{""M5_RGARCH"": 0.0003, ""M1_EWMA"": 0.0019, ""M6_PARK"": 0.0386, ""M6_GK"": 0.0386, ""M2_HAR"": 1.0, ""M3_HARJ"": 1.0, ""M4_HARQ"": 1.0}"
NQ/GLOBEX/B1/1day/S-C_q0.80,17,4155647398,290,M2_HAR|M3_HARJ|M4_HARQ,M2_HAR|M3_HARJ|M4_HARQ,"{""M5_RGARCH"": 0.0001, ""M1_EWMA"": 0.0011, ""M6_PARK"": 0.0371, ""M6_GK"": 0.0371, ""M2_HAR"": 1.0, ""M3_HARJ"": 1.0, ""M4_HARQ"": 1.0}"
NQ/GLOBEX/B1/1day/S-C_q0.80,18,2620441196,290,M2_HAR|M3_HARJ|M4_HARQ,M2_HAR|M3_HARJ|M4_HARQ,"{""M5_RGARCH"": 0.0004, ""M1_EWMA"": 0.0016, ""M6_PARK"": 0.0422, ""M6_GK"": 0.0422, ""M2_HAR"": 1.0, ""M3_HARJ"": 1.0, ""M4_HARQ"": 1.0}"
NQ/GLOBEX/B1/1day/S-C_q0.80,19,4201311651,290,M2_HAR|M3_HARJ|M4_HARQ,M2_HAR|M3_HARJ|M4_HARQ,"{""M5_RGARCH"": 0.0002, ""M1_EWMA"": 0.0019, ""M6_PARK"": 0.0425, ""M6_GK"": 0.0425, ""M2_HAR"": 1.0, ""M3_HARJ"": 1.0, ""M4_HARQ"": 1.0}"
NQ/GLOBEX/B1/1day/S-C_q0.90,0,2237533746,145,M2_HAR|M3_HARJ|M4_HARQ,M2_HAR|M3_HARJ|M4_HARQ,"{""M1_EWMA"": 0.0088, ""M5_RGARCH"": 0.0088, ""M6_PARK"": 0.0979, ""M6_GK"": 0.0979, ""M2_HAR"": 1.0, ""M3_HARJ"": 1.0, ""M4_HARQ"": 1.0}"
NQ/GLOBEX/B1/1day/S-C_q0.90,1,702494603,145,M2_HAR|M3_HARJ|M4_HARQ,M2_HAR|M3_HARJ|M4_HARQ,"{""M1_EWMA"": 0.0101, ""M5_RGARCH"": 0.0101, ""M6_PARK"": 0.0974, ""M6_GK"": 0.0974, ""M2_HAR"": 1.0, ""M3_HARJ"": 1.0, ""M4_HARQ"": 1.0}"
NQ/GLOBEX/B1/1day/S-C_q0.90,2,4139393190,145,M2_HAR|M3_HARJ|M4_HARQ,M2_HAR|M3_HARJ|M4_HARQ,"{""M1_EWMA"": 0.0088, ""M5_RGARCH"": 0.0088, ""M6_PARK"": 0.091, ""M6_GK"": 0.091, ""M2_HAR"": 1.0, ""M3_HARJ"": 1.0, ""M4_HARQ"": 1.0}"
NQ/GLOBEX/B1/1day/S-C_q0.90,3,769717545,145,M2_HAR|M3_HARJ|M4_HARQ,M2_HAR|M3_HARJ|M4_HARQ|M6_GK|M6_PARK,"{""M1_EWMA"": 0.0096, ""M5_RGARCH"": 0.0096, ""M6_PARK"": 0.1022, ""M6_GK"": 0.1022, ""M2_HAR"": 1.0, ""M3_HARJ"": 1.0, ""M4_HARQ"": 1.0}"
NQ/GLOBEX/B1/1day/S-C_q0.90,4,919028315,145,M2_HAR|M3_HARJ|M4_HARQ,M2_HAR|M3_HARJ|M4_HARQ,"{""M1_EWMA"": 0.0088, ""M5_RGARCH"": 0.0088, ""M6_PARK"": 0.0951, ""M6_GK"": 0.0951, ""M2_HAR"": 1.0, ""M3_HARJ"": 1.0, ""M4_HARQ"": 1.0}"
NQ/GLOBEX/B1/1day/S-C_q0.90,5,611620464,145,M2_HAR|M3_HARJ|M4_HARQ,M2_HAR|M3_HARJ|M4_HARQ,"{""M1_EWMA"": 0.0091, ""M5_RGARCH"": 0.0091, ""M6_PARK"": 0.0976, ""M6_GK"": 0.0976, ""M2_HAR"": 1.0, ""M3_HARJ"": 1.0, ""M4_HARQ"": 1.0}"
NQ/GLOBEX/B1/1day/S-C_q0.90,6,3477480266,145,M2_HAR|M3_HARJ|M4_HARQ,M2_HAR|M3_HARJ|M4_HARQ|M6_GK|M6_PARK,"{""M1_EWMA"": 0.0097, ""M5_RGARCH"": 0.0097, ""M6_PARK"": 0.1006, ""M6_GK"": 0.1006, ""M2_HAR"": 1.0, ""M3_HARJ"": 1.0, ""M4_HARQ"": 1.0}"
NQ/GLOBEX/B1/1day/S-C_q0.90,7,3198431117,145,M2_HAR|M3_HARJ|M4_HARQ,M2_HAR|M3_HARJ|M4_HARQ|M6_GK|M6_PARK,"{""M1_EWMA"": 0.0062, ""M5_RGARCH"": 0.0062, ""M6_PARK"": 0.1034, ""M6_GK"": 0.1034, ""M2_HAR"": 1.0, ""M3_HARJ"": 1.0, ""M4_HARQ"": 1.0}"
NQ/GLOBEX/B1/1day/S-C_q0.90,8,2621026741,145,M2_HAR|M3_HARJ|M4_HARQ,M2_HAR|M3_HARJ|M4_HARQ,"{""M1_EWMA"": 0.0099, ""M5_RGARCH"": 0.0099, ""M6_PARK"": 0.0973, ""M6_GK"": 0.0973, ""M2_HAR"": 1.0, ""M3_HARJ"": 1.0, ""M4_HARQ"": 1.0}"
NQ/GLOBEX/B1/1day/S-C_q0.90,9,1169115867,145,M2_HAR|M3_HARJ|M4_HARQ,M2_HAR|M3_HARJ|M4_HARQ,"{""M1_EWMA"": 0.0081, ""M5_RGARCH"": 0.0081, ""M6_PARK"": 0.0958, ""M6_GK"": 0.0958, ""M2_HAR"": 1.0, ""M3_HARJ"": 1.0, ""M4_HARQ"": 1.0}"
NQ/GLOBEX/B1/1day/S-C_q0.90,10,3689063838,145,M2_HAR|M3_HARJ|M4_HARQ,M2_HAR|M3_HARJ|M4_HARQ|M6_GK|M6_PARK,"{""M1_EWMA"": 0.0102, ""M5_RGARCH"": 0.0102, ""M6_PARK"": 0.1012, ""M6_GK"": 0.1012, ""M2_HAR"": 1.0, ""M3_HARJ"": 1.0, ""M4_HARQ"": 1.0}"
NQ/GLOBEX/B1/1day/S-C_q0.90,11,1498398406,145,M2_HAR|M3_HARJ|M4_HARQ,M2_HAR|M3_HARJ|M4_HARQ|M6_GK|M6_PARK,"{""M1_EWMA"": 0.0084, ""M5_RGARCH"": 0.0084, ""M6_PARK"": 0.1006, ""M6_GK"": 0.1006, ""M2_HAR"": 1.0, ""M3_HARJ"": 1.0, ""M4_HARQ"": 1.0}"
NQ/GLOBEX/B1/1day/S-C_q0.90,12,3833968697,145,M2_HAR|M3_HARJ|M4_HARQ,M2_HAR|M3_HARJ|M4_HARQ,"{""M1_EWMA"": 0.0081, ""M5_RGARCH"": 0.0081, ""M6_PARK"": 0.0971, ""M6_GK"": 0.0971, ""M2_HAR"": 1.0, ""M3_HARJ"": 1.0, ""M4_HARQ"": 1.0}"
NQ/GLOBEX/B1/1day/S-C_q0.90,13,630741820,145,M2_HAR|M3_HARJ|M4_HARQ,M2_HAR|M3_HARJ|M4_HARQ,"{""M1_EWMA"": 0.0078, ""M5_RGARCH"": 0.0078, ""M6_PARK"": 0.0986, ""M6_GK"": 0.0986, ""M2_HAR"": 1.0, ""M3_HARJ"": 1.0, ""M4_HARQ"": 1.0}"
NQ/GLOBEX/B1/1day/S-C_q0.90,14,2401719883,145,M2_HAR|M3_HARJ|M4_HARQ,M2_HAR|M3_HARJ|M4_HARQ|M6_GK|M6_PARK,"{""M1_EWMA"": 0.0086, ""M5_RGARCH"": 0.0086, ""M6_PARK"": 0.1014, ""M6_GK"": 0.1014, ""M2_HAR"": 1.0, ""M3_HARJ"": 1.0, ""M4_HARQ"": 1.0}"
NQ/GLOBEX/B1/1day/S-C_q0.90,15,3662131630,145,M2_HAR|M3_HARJ|M4_HARQ,M2_HAR|M3_HARJ|M4_HARQ,"{""M1_EWMA"": 0.0094, ""M5_RGARCH"": 0.0094, ""M6_PARK"": 0.0969, ""M6_GK"": 0.0969, ""M2_HAR"": 1.0, ""M3_HARJ"": 1.0, ""M4_HARQ"": 1.0}"
NQ/GLOBEX/B1/1day/S-C_q0.90,16,303417529,145,M2_HAR|M3_HARJ|M4_HARQ,M2_HAR|M3_HARJ|M4_HARQ|M6_GK|M6_PARK,"{""M1_EWMA"": 0.0084, ""M5_RGARCH"": 0.0084, ""M6_PARK"": 0.1008, ""M6_GK"": 0.1008, ""M2_HAR"": 1.0, ""M3_HARJ"": 1.0, ""M4_HARQ"": 1.0}"
NQ/GLOBEX/B1/1day/S-C_q0.90,17,4155647398,145,M2_HAR|M3_HARJ|M4_HARQ,M2_HAR|M3_HARJ|M4_HARQ,"{""M1_EWMA"": 0.0092, ""M5_RGARCH"": 0.0092, ""M6_PARK"": 0.0983, ""M6_GK"": 0.0983, ""M2_HAR"": 1.0, ""M3_HARJ"": 1.0, ""M4_HARQ"": 1.0}"
NQ/GLOBEX/B1/1day/S-C_q0.90,18,2620441196,145,M2_HAR|M3_HARJ|M4_HARQ,M2_HAR|M3_HARJ|M4_HARQ,"{""M1_EWMA"": 0.009, ""M5_RGARCH"": 0.009, ""M6_PARK"": 0.092, ""M6_GK"": 0.092, ""M2_HAR"": 1.0, ""M3_HARJ"": 1.0, ""M4_HARQ"": 1.0}"
NQ/GLOBEX/B1/1day/S-C_q0.90,19,4201311651,145,M2_HAR|M3_HARJ|M4_HARQ,M2_HAR|M3_HARJ|M4_HARQ,"{""M1_EWMA"": 0.0112, ""M5_RGARCH"": 0.0112, ""M6_PARK"": 0.0971, ""M6_GK"": 0.0971, ""M2_HAR"": 1.0, ""M3_HARJ"": 1.0, ""M4_HARQ"": 1.0}"
NQ/GLOBEX/B1/1h/S-B_q0.80,0,2237533746,7901,M6_GK,M6_GK,"{""M1_EWMA"": 0.0, ""M2_HAR"": 0.0, ""M3_HARJ"": 0.0, ""M4_HARQ"": 0.0, ""M5_RGARCH"": 0.0, ""M6_PARK"": 0.0, ""M6_GK"": 1.0}"
NQ/GLOBEX/B1/1h/S-B_q0.80,1,702494603,7901,M6_GK,M6_GK,"{""M1_EWMA"": 0.0, ""M2_HAR"": 0.0, ""M3_HARJ"": 0.0, ""M4_HARQ"": 0.0, ""M5_RGARCH"": 0.0, ""M6_PARK"": 0.0, ""M6_GK"": 1.0}"
NQ/GLOBEX/B1/1h/S-B_q0.80,2,4139393190,7901,M6_GK,M6_GK,"{""M1_EWMA"": 0.0, ""M2_HAR"": 0.0, ""M3_HARJ"": 0.0, ""M4_HARQ"": 0.0, ""M5_RGARCH"": 0.0, ""M6_PARK"": 0.0, ""M6_GK"": 1.0}"
NQ/GLOBEX/B1/1h/S-B_q0.80,3,769717545,7901,M6_GK,M6_GK,"{""M1_EWMA"": 0.0, ""M2_HAR"": 0.0, ""M3_HARJ"": 0.0, ""M4_HARQ"": 0.0, ""M5_RGARCH"": 0.0, ""M6_PARK"": 0.0, ""M6_GK"": 1.0}"
NQ/GLOBEX/B1/1h/S-B_q0.80,4,919028315,7901,M6_GK,M6_GK,"{""M1_EWMA"": 0.0, ""M2_HAR"": 0.0, ""M3_HARJ"": 0.0, ""M4_HARQ"": 0.0, ""M5_RGARCH"": 0.0, ""M6_PARK"": 0.0, ""M6_GK"": 1.0}"
NQ/GLOBEX/B1/1h/S-B_q0.80,5,611620464,7901,M6_GK,M6_GK,"{""M1_EWMA"": 0.0, ""M2_HAR"": 0.0, ""M3_HARJ"": 0.0, ""M4_HARQ"": 0.0, ""M5_RGARCH"": 0.0, ""M6_PARK"": 0.0, ""M6_GK"": 1.0}"
NQ/GLOBEX/B1/1h/S-B_q0.80,6,3477480266,7901,M6_GK,M6_GK,"{""M1_EWMA"": 0.0, ""M2_HAR"": 0.0, ""M3_HARJ"": 0.0, ""M4_HARQ"": 0.0, ""M5_RGARCH"": 0.0, ""M6_PARK"": 0.0, ""M6_GK"": 1.0}"
NQ/GLOBEX/B1/1h/S-B_q0.80,7,3198431117,7901,M6_GK,M6_GK,"{""M1_EWMA"": 0.0, ""M2_HAR"": 0.0, ""M3_HARJ"": 0.0, ""M4_HARQ"": 0.0, ""M5_RGARCH"": 0.0, ""M6_PARK"": 0.0, ""M6_GK"": 1.0}"
NQ/GLOBEX/B1/1h/S-B_q0.80,8,2621026741,7901,M6_GK,M6_GK,"{""M1_EWMA"": 0.0, ""M2_HAR"": 0.0, ""M3_HARJ"": 0.0, ""M4_HARQ"": 0.0, ""M5_RGARCH"": 0.0, ""M6_PARK"": 0.0, ""M6_GK"": 1.0}"
NQ/GLOBEX/B1/1h/S-B_q0.80,9,1169115867,7901,M6_GK,M6_GK,"{""M1_EWMA"": 0.0, ""M2_HAR"": 0.0, ""M3_HARJ"": 0.0, ""M4_HARQ"": 0.0, ""M5_RGARCH"": 0.0, ""M6_PARK"": 0.0, ""M6_GK"": 1.0}"
NQ/GLOBEX/B1/1h/S-B_q0.80,10,3689063838,7901,M6_GK,M6_GK,"{""M1_EWMA"": 0.0, ""M2_HAR"": 0.0, ""M3_HARJ"": 0.0, ""M4_HARQ"": 0.0, ""M5_RGARCH"": 0.0, ""M6_PARK"": 0.0, ""M6_GK"": 1.0}"
NQ/GLOBEX/B1/1h/S-B_q0.80,11,1498398406,7901,M6_GK,M6_GK,"{""M1_EWMA"": 0.0, ""M2_HAR"": 0.0, ""M3_HARJ"": 0.0, ""M4_HARQ"": 0.0, ""M5_RGARCH"": 0.0, ""M6_PARK"": 0.0, ""M6_GK"": 1.0}"
NQ/GLOBEX/B1/1h/S-B_q0.80,12,3833968697,7901,M6_GK,M6_GK,"{""M1_EWMA"": 0.0, ""M2_HAR"": 0.0, ""M3_HARJ"": 0.0, ""M4_HARQ"": 0.0, ""M5_RGARCH"": 0.0, ""M6_PARK"": 0.0, ""M6_GK"": 1.0}"
NQ/GLOBEX/B1/1h/S-B_q0.80,13,630741820,7901,M6_GK,M6_GK,"{""M1_EWMA"": 0.0, ""M2_HAR"": 0.0, ""M3_HARJ"": 0.0, ""M4_HARQ"": 0.0, ""M5_RGARCH"": 0.0, ""M6_PARK"": 0.0, ""M6_GK"": 1.0}"
NQ/GLOBEX/B1/1h/S-B_q0.80,14,2401719883,7901,M6_GK,M6_GK,"{""M1_EWMA"": 0.0, ""M2_HAR"": 0.0, ""M3_HARJ"": 0.0, ""M4_HARQ"": 0.0, ""M5_RGARCH"": 0.0, ""M6_PARK"": 0.0, ""M6_GK"": 1.0}"
NQ/GLOBEX/B1/1h/S-B_q0.80,15,3662131630,7901,M6_GK,M6_GK,"{""M1_EWMA"": 0.0, ""M2_HAR"": 0.0, ""M3_HARJ"": 0.0, ""M4_HARQ"": 0.0, ""M5_RGARCH"": 0.0, ""M6_PARK"": 0.0, ""M6_GK"": 1.0}"
NQ/GLOBEX/B1/1h/S-B_q0.80,16,303417529,7901,M6_GK,M6_GK,"{""M1_EWMA"": 0.0, ""M2_HAR"": 0.0, ""M3_HARJ"": 0.0, ""M4_HARQ"": 0.0, ""M5_RGARCH"": 0.0, ""M6_PARK"": 0.0, ""M6_GK"": 1.0}"
NQ/GLOBEX/B1/1h/S-B_q0.80,17,4155647398,7901,M6_GK,M6_GK,"{""M1_EWMA"": 0.0, ""M2_HAR"": 0.0, ""M3_HARJ"": 0.0, ""M4_HARQ"": 0.0, ""M5_RGARCH"": 0.0, ""M6_PARK"": 0.0, ""M6_GK"": 1.0}"
NQ/GLOBEX/B1/1h/S-B_q0.80,18,2620441196,7901,M6_GK,M6_GK,"{""M1_EWMA"": 0.0, ""M2_HAR"": 0.0, ""M3_HARJ"": 0.0, ""M4_HARQ"": 0.0, ""M5_RGARCH"": 0.0, ""M6_PARK"": 0.0, ""M6_GK"": 1.0}"
NQ/GLOBEX/B1/1h/S-B_q0.80,19,4201311651,7901,M6_GK,M6_GK,"{""M1_EWMA"": 0.0, ""M2_HAR"": 0.0, ""M3_HARJ"": 0.0, ""M4_HARQ"": 0.0, ""M5_RGARCH"": 0.0, ""M6_PARK"": 0.0, ""M6_GK"": 1.0}"
NQ/GLOBEX/B1/1h/S-B_q0.90,0,2237533746,3951,M6_GK,M6_GK,"{""M1_EWMA"": 0.0, ""M2_HAR"": 0.0, ""M3_HARJ"": 0.0, ""M4_HARQ"": 0.0, ""M5_RGARCH"": 0.0, ""M6_PARK"": 0.0, ""M6_GK"": 1.0}"
NQ/GLOBEX/B1/1h/S-B_q0.90,1,702494603,3951,M6_GK,M6_GK,"{""M1_EWMA"": 0.0, ""M2_HAR"": 0.0, ""M3_HARJ"": 0.0, ""M4_HARQ"": 0.0, ""M5_RGARCH"": 0.0, ""M6_PARK"": 0.0, ""M6_GK"": 1.0}"
NQ/GLOBEX/B1/1h/S-B_q0.90,2,4139393190,3951,M6_GK,M6_GK,"{""M1_EWMA"": 0.0, ""M2_HAR"": 0.0, ""M3_HARJ"": 0.0, ""M4_HARQ"": 0.0, ""M5_RGARCH"": 0.0, ""M6_PARK"": 0.0, ""M6_GK"": 1.0}"
NQ/GLOBEX/B1/1h/S-B_q0.90,3,769717545,3951,M6_GK,M6_GK,"{""M1_EWMA"": 0.0, ""M2_HAR"": 0.0, ""M3_HARJ"": 0.0, ""M4_HARQ"": 0.0, ""M5_RGARCH"": 0.0, ""M6_PARK"": 0.0, ""M6_GK"": 1.0}"
NQ/GLOBEX/B1/1h/S-B_q0.90,4,919028315,3951,M6_GK,M6_GK,"{""M1_EWMA"": 0.0, ""M2_HAR"": 0.0, ""M3_HARJ"": 0.0, ""M4_HARQ"": 0.0, ""M5_RGARCH"": 0.0, ""M6_PARK"": 0.0, ""M6_GK"": 1.0}"
NQ/GLOBEX/B1/1h/S-B_q0.90,5,611620464,3951,M6_GK,M6_GK,"{""M1_EWMA"": 0.0, ""M2_HAR"": 0.0, ""M3_HARJ"": 0.0, ""M4_HARQ"": 0.0, ""M5_RGARCH"": 0.0, ""M6_PARK"": 0.0, ""M6_GK"": 1.0}"
NQ/GLOBEX/B1/1h/S-B_q0.90,6,3477480266,3951,M6_GK,M6_GK,"{""M1_EWMA"": 0.0, ""M2_HAR"": 0.0, ""M3_HARJ"": 0.0, ""M4_HARQ"": 0.0, ""M5_RGARCH"": 0.0, ""M6_PARK"": 0.0, ""M6_GK"": 1.0}"
NQ/GLOBEX/B1/1h/S-B_q0.90,7,3198431117,3951,M6_GK,M6_GK,"{""M1_EWMA"": 0.0, ""M2_HAR"": 0.0, ""M3_HARJ"": 0.0, ""M4_HARQ"": 0.0, ""M5_RGARCH"": 0.0, ""M6_PARK"": 0.0, ""M6_GK"": 1.0}"
NQ/GLOBEX/B1/1h/S-B_q0.90,8,2621026741,3951,M6_GK,M6_GK,"{""M1_EWMA"": 0.0, ""M2_HAR"": 0.0, ""M3_HARJ"": 0.0, ""M4_HARQ"": 0.0, ""M5_RGARCH"": 0.0, ""M6_PARK"": 0.0, ""M6_GK"": 1.0}"
NQ/GLOBEX/B1/1h/S-B_q0.90,9,1169115867,3951,M6_GK,M6_GK,"{""M1_EWMA"": 0.0, ""M2_HAR"": 0.0, ""M3_HARJ"": 0.0, ""M4_HARQ"": 0.0, ""M5_RGARCH"": 0.0, ""M6_PARK"": 0.0, ""M6_GK"": 1.0}"
NQ/GLOBEX/B1/1h/S-B_q0.90,10,3689063838,3951,M6_GK,M6_GK,"{""M1_EWMA"": 0.0, ""M2_HAR"": 0.0, ""M3_HARJ"": 0.0, ""M4_HARQ"": 0.0, ""M5_RGARCH"": 0.0, ""M6_PARK"": 0.0, ""M6_GK"": 1.0}"
NQ/GLOBEX/B1/1h/S-B_q0.90,11,1498398406,3951,M6_GK,M6_GK,"{""M1_EWMA"": 0.0, ""M2_HAR"": 0.0, ""M3_HARJ"": 0.0, ""M4_HARQ"": 0.0, ""M5_RGARCH"": 0.0, ""M6_PARK"": 0.0, ""M6_GK"": 1.0}"
NQ/GLOBEX/B1/1h/S-B_q0.90,12,3833968697,3951,M6_GK,M6_GK,"{""M1_EWMA"": 0.0, ""M2_HAR"": 0.0, ""M3_HARJ"": 0.0, ""M4_HARQ"": 0.0, ""M5_RGARCH"": 0.0, ""M6_PARK"": 0.0, ""M6_GK"": 1.0}"
NQ/GLOBEX/B1/1h/S-B_q0.90,13,630741820,3951,M6_GK,M6_GK,"{""M1_EWMA"": 0.0, ""M2_HAR"": 0.0, ""M3_HARJ"": 0.0, ""M4_HARQ"": 0.0, ""M5_RGARCH"": 0.0, ""M6_PARK"": 0.0, ""M6_GK"": 1.0}"
NQ/GLOBEX/B1/1h/S-B_q0.90,14,2401719883,3951,M6_GK,M6_GK,"{""M1_EWMA"": 0.0, ""M2_HAR"": 0.0, ""M3_HARJ"": 0.0, ""M4_HARQ"": 0.0, ""M5_RGARCH"": 0.0, ""M6_PARK"": 0.0, ""M6_GK"": 1.0}"
NQ/GLOBEX/B1/1h/S-B_q0.90,15,3662131630,3951,M6_GK,M6_GK,"{""M1_EWMA"": 0.0, ""M2_HAR"": 0.0, ""M3_HARJ"": 0.0, ""M4_HARQ"": 0.0, ""M5_RGARCH"": 0.0, ""M6_PARK"": 0.0, ""M6_GK"": 1.0}"
NQ/GLOBEX/B1/1h/S-B_q0.90,16,303417529,3951,M6_GK,M6_GK,"{""M1_EWMA"": 0.0, ""M2_HAR"": 0.0, ""M3_HARJ"": 0.0, ""M4_HARQ"": 0.0, ""M5_RGARCH"": 0.0, ""M6_PARK"": 0.0, ""M6_GK"": 1.0}"
NQ/GLOBEX/B1/1h/S-B_q0.90,17,4155647398,3951,M6_GK,M6_GK,"{""M1_EWMA"": 0.0, ""M2_HAR"": 0.0, ""M3_HARJ"": 0.0, ""M4_HARQ"": 0.0, ""M5_RGARCH"": 0.0, ""M6_PARK"": 0.0, ""M6_GK"": 1.0}"
NQ/GLOBEX/B1/1h/S-B_q0.90,18,2620441196,3951,M6_GK,M6_GK,"{""M1_EWMA"": 0.0, ""M2_HAR"": 0.0, ""M3_HARJ"": 0.0, ""M4_HARQ"": 0.0, ""M5_RGARCH"": 0.0, ""M6_PARK"": 0.0, ""M6_GK"": 1.0}"
NQ/GLOBEX/B1/1h/S-B_q0.90,19,4201311651,3951,M6_GK,M6_GK,"{""M1_EWMA"": 0.0, ""M2_HAR"": 0.0, ""M3_HARJ"": 0.0, ""M4_HARQ"": 0.0, ""M5_RGARCH"": 0.0, ""M6_PARK"": 0.0, ""M6_GK"": 1.0}"
NQ/GLOBEX/B1/1h/S-C_q0.80,0,2237533746,7901,M6_GK,M6_GK,"{""M1_EWMA"": 0.0, ""M2_HAR"": 0.0, ""M3_HARJ"": 0.0, ""M4_HARQ"": 0.0, ""M5_RGARCH"": 0.0, ""M6_PARK"": 0.0, ""M6_GK"": 1.0}"
NQ/GLOBEX/B1/1h/S-C_q0.80,1,702494603,7901,M6_GK,M6_GK,"{""M1_EWMA"": 0.0, ""M2_HAR"": 0.0, ""M3_HARJ"": 0.0, ""M4_HARQ"": 0.0, ""M5_RGARCH"": 0.0, ""M6_PARK"": 0.0, ""M6_GK"": 1.0}"
NQ/GLOBEX/B1/1h/S-C_q0.80,2,4139393190,7901,M6_GK,M6_GK,"{""M1_EWMA"": 0.0, ""M2_HAR"": 0.0, ""M3_HARJ"": 0.0, ""M4_HARQ"": 0.0, ""M5_RGARCH"": 0.0, ""M6_PARK"": 0.0, ""M6_GK"": 1.0}"
NQ/GLOBEX/B1/1h/S-C_q0.80,3,769717545,7901,M6_GK,M6_GK,"{""M1_EWMA"": 0.0, ""M2_HAR"": 0.0, ""M3_HARJ"": 0.0, ""M4_HARQ"": 0.0, ""M5_RGARCH"": 0.0, ""M6_PARK"": 0.0, ""M6_GK"": 1.0}"
NQ/GLOBEX/B1/1h/S-C_q0.80,4,919028315,7901,M6_GK,M6_GK,"{""M1_EWMA"": 0.0, ""M2_HAR"": 0.0, ""M3_HARJ"": 0.0, ""M4_HARQ"": 0.0, ""M5_RGARCH"": 0.0, ""M6_PARK"": 0.0, ""M6_GK"": 1.0}"
NQ/GLOBEX/B1/1h/S-C_q0.80,5,611620464,7901,M6_GK,M6_GK,"{""M1_EWMA"": 0.0, ""M2_HAR"": 0.0, ""M3_HARJ"": 0.0, ""M4_HARQ"": 0.0, ""M5_RGARCH"": 0.0, ""M6_PARK"": 0.0, ""M6_GK"": 1.0}"
NQ/GLOBEX/B1/1h/S-C_q0.80,6,3477480266,7901,M6_GK,M6_GK,"{""M1_EWMA"": 0.0, ""M2_HAR"": 0.0, ""M3_HARJ"": 0.0, ""M4_HARQ"": 0.0, ""M5_RGARCH"": 0.0, ""M6_PARK"": 0.0, ""M6_GK"": 1.0}"
NQ/GLOBEX/B1/1h/S-C_q0.80,7,3198431117,7901,M6_GK,M6_GK,"{""M1_EWMA"": 0.0, ""M2_HAR"": 0.0, ""M3_HARJ"": 0.0, ""M4_HARQ"": 0.0, ""M5_RGARCH"": 0.0, ""M6_PARK"": 0.0, ""M6_GK"": 1.0}"
NQ/GLOBEX/B1/1h/S-C_q0.80,8,2621026741,7901,M6_GK,M6_GK,"{""M1_EWMA"": 0.0, ""M2_HAR"": 0.0, ""M3_HARJ"": 0.0, ""M4_HARQ"": 0.0, ""M5_RGARCH"": 0.0, ""M6_PARK"": 0.0, ""M6_GK"": 1.0}"
NQ/GLOBEX/B1/1h/S-C_q0.80,9,1169115867,7901,M6_GK,M6_GK,"{""M1_EWMA"": 0.0, ""M2_HAR"": 0.0, ""M3_HARJ"": 0.0, ""M4_HARQ"": 0.0, ""M5_RGARCH"": 0.0, ""M6_PARK"": 0.0, ""M6_GK"": 1.0}"
NQ/GLOBEX/B1/1h/S-C_q0.80,10,3689063838,7901,M6_GK,M6_GK,"{""M1_EWMA"": 0.0, ""M2_HAR"": 0.0, ""M3_HARJ"": 0.0, ""M4_HARQ"": 0.0, ""M5_RGARCH"": 0.0, ""M6_PARK"": 0.0, ""M6_GK"": 1.0}"
NQ/GLOBEX/B1/1h/S-C_q0.80,11,1498398406,7901,M6_GK,M6_GK,"{""M1_EWMA"": 0.0, ""M2_HAR"": 0.0, ""M3_HARJ"": 0.0, ""M4_HARQ"": 0.0, ""M5_RGARCH"": 0.0, ""M6_PARK"": 0.0, ""M6_GK"": 1.0}"
NQ/GLOBEX/B1/1h/S-C_q0.80,12,3833968697,7901,M6_GK,M6_GK,"{""M1_EWMA"": 0.0, ""M2_HAR"": 0.0, ""M3_HARJ"": 0.0, ""M4_HARQ"": 0.0, ""M5_RGARCH"": 0.0, ""M6_PARK"": 0.0, ""M6_GK"": 1.0}"
NQ/GLOBEX/B1/1h/S-C_q0.80,13,630741820,7901,M6_GK,M6_GK,"{""M1_EWMA"": 0.0, ""M2_HAR"": 0.0, ""M3_HARJ"": 0.0, ""M4_HARQ"": 0.0, ""M5_RGARCH"": 0.0, ""M6_PARK"": 0.0, ""M6_GK"": 1.0}"
NQ/GLOBEX/B1/1h/S-C_q0.80,14,2401719883,7901,M6_GK,M6_GK,"{""M1_EWMA"": 0.0, ""M2_HAR"": 0.0, ""M3_HARJ"": 0.0, ""M4_HARQ"": 0.0, ""M5_RGARCH"": 0.0, ""M6_PARK"": 0.0, ""M6_GK"": 1.0}"
NQ/GLOBEX/B1/1h/S-C_q0.80,15,3662131630,7901,M6_GK,M6_GK,"{""M1_EWMA"": 0.0, ""M2_HAR"": 0.0, ""M3_HARJ"": 0.0, ""M4_HARQ"": 0.0, ""M5_RGARCH"": 0.0, ""M6_PARK"": 0.0, ""M6_GK"": 1.0}"
NQ/GLOBEX/B1/1h/S-C_q0.80,16,303417529,7901,M6_GK,M6_GK,"{""M1_EWMA"": 0.0, ""M2_HAR"": 0.0, ""M3_HARJ"": 0.0, ""M4_HARQ"": 0.0, ""M5_RGARCH"": 0.0, ""M6_PARK"": 0.0, ""M6_GK"": 1.0}"
NQ/GLOBEX/B1/1h/S-C_q0.80,17,4155647398,7901,M6_GK,M6_GK,"{""M1_EWMA"": 0.0, ""M2_HAR"": 0.0, ""M3_HARJ"": 0.0, ""M4_HARQ"": 0.0, ""M5_RGARCH"": 0.0, ""M6_PARK"": 0.0, ""M6_GK"": 1.0}"
NQ/GLOBEX/B1/1h/S-C_q0.80,18,2620441196,7901,M6_GK,M6_GK,"{""M1_EWMA"": 0.0, ""M2_HAR"": 0.0, ""M3_HARJ"": 0.0, ""M4_HARQ"": 0.0, ""M5_RGARCH"": 0.0, ""M6_PARK"": 0.0, ""M6_GK"": 1.0}"
NQ/GLOBEX/B1/1h/S-C_q0.80,19,4201311651,7901,M6_GK,M6_GK,"{""M1_EWMA"": 0.0, ""M2_HAR"": 0.0, ""M3_HARJ"": 0.0, ""M4_HARQ"": 0.0, ""M5_RGARCH"": 0.0, ""M6_PARK"": 0.0, ""M6_GK"": 1.0}"
NQ/GLOBEX/B1/1h/S-C_q0.90,0,2237533746,3951,M6_GK,M6_GK,"{""M1_EWMA"": 0.0, ""M2_HAR"": 0.0, ""M3_HARJ"": 0.0, ""M4_HARQ"": 0.0, ""M5_RGARCH"": 0.0, ""M6_PARK"": 0.0, ""M6_GK"": 1.0}"
NQ/GLOBEX/B1/1h/S-C_q0.90,1,702494603,3951,M6_GK,M6_GK,"{""M1_EWMA"": 0.0, ""M2_HAR"": 0.0, ""M3_HARJ"": 0.0, ""M4_HARQ"": 0.0, ""M5_RGARCH"": 0.0, ""M6_PARK"": 0.0, ""M6_GK"": 1.0}"
NQ/GLOBEX/B1/1h/S-C_q0.90,2,4139393190,3951,M6_GK,M6_GK,"{""M1_EWMA"": 0.0, ""M2_HAR"": 0.0, ""M3_HARJ"": 0.0, ""M4_HARQ"": 0.0, ""M5_RGARCH"": 0.0, ""M6_PARK"": 0.0, ""M6_GK"": 1.0}"
NQ/GLOBEX/B1/1h/S-C_q0.90,3,769717545,3951,M6_GK,M6_GK,"{""M1_EWMA"": 0.0, ""M2_HAR"": 0.0, ""M3_HARJ"": 0.0, ""M4_HARQ"": 0.0, ""M5_RGARCH"": 0.0, ""M6_PARK"": 0.0, ""M6_GK"": 1.0}"
NQ/GLOBEX/B1/1h/S-C_q0.90,4,919028315,3951,M6_GK,M6_GK,"{""M1_EWMA"": 0.0, ""M2_HAR"": 0.0, ""M3_HARJ"": 0.0, ""M4_HARQ"": 0.0, ""M5_RGARCH"": 0.0, ""M6_PARK"": 0.0, ""M6_GK"": 1.0}"
NQ/GLOBEX/B1/1h/S-C_q0.90,5,611620464,3951,M6_GK,M6_GK,"{""M1_EWMA"": 0.0, ""M2_HAR"": 0.0, ""M3_HARJ"": 0.0, ""M4_HARQ"": 0.0, ""M5_RGARCH"": 0.0, ""M6_PARK"": 0.0, ""M6_GK"": 1.0}"
NQ/GLOBEX/B1/1h/S-C_q0.90,6,3477480266,3951,M6_GK,M6_GK,"{""M1_EWMA"": 0.0, ""M2_HAR"": 0.0, ""M3_HARJ"": 0.0, ""M4_HARQ"": 0.0, ""M5_RGARCH"": 0.0, ""M6_PARK"": 0.0, ""M6_GK"": 1.0}"
NQ/GLOBEX/B1/1h/S-C_q0.90,7,3198431117,3951,M6_GK,M6_GK,"{""M1_EWMA"": 0.0, ""M2_HAR"": 0.0, ""M3_HARJ"": 0.0, ""M4_HARQ"": 0.0, ""M5_RGARCH"": 0.0, ""M6_PARK"": 0.0, ""M6_GK"": 1.0}"
NQ/GLOBEX/B1/1h/S-C_q0.90,8,2621026741,3951,M6_GK,M6_GK,"{""M1_EWMA"": 0.0, ""M2_HAR"": 0.0, ""M3_HARJ"": 0.0, ""M4_HARQ"": 0.0, ""M5_RGARCH"": 0.0, ""M6_PARK"": 0.0, ""M6_GK"": 1.0}"
NQ/GLOBEX/B1/1h/S-C_q0.90,9,1169115867,3951,M6_GK,M6_GK,"{""M1_EWMA"": 0.0, ""M2_HAR"": 0.0, ""M3_HARJ"": 0.0, ""M4_HARQ"": 0.0, ""M5_RGARCH"": 0.0, ""M6_PARK"": 0.0, ""M6_GK"": 1.0}"
NQ/GLOBEX/B1/1h/S-C_q0.90,10,3689063838,3951,M6_GK,M6_GK,"{""M1_EWMA"": 0.0, ""M2_HAR"": 0.0, ""M3_HARJ"": 0.0, ""M4_HARQ"": 0.0, ""M5_RGARCH"": 0.0, ""M6_PARK"": 0.0, ""M6_GK"": 1.0}"
NQ/GLOBEX/B1/1h/S-C_q0.90,11,1498398406,3951,M6_GK,M6_GK,"{""M1_EWMA"": 0.0, ""M2_HAR"": 0.0, ""M3_HARJ"": 0.0, ""M4_HARQ"": 0.0, ""M5_RGARCH"": 0.0, ""M6_PARK"": 0.0, ""M6_GK"": 1.0}"
NQ/GLOBEX/B1/1h/S-C_q0.90,12,3833968697,3951,M6_GK,M6_GK,"{""M1_EWMA"": 0.0, ""M2_HAR"": 0.0, ""M3_HARJ"": 0.0, ""M4_HARQ"": 0.0, ""M5_RGARCH"": 0.0, ""M6_PARK"": 0.0, ""M6_GK"": 1.0}"
NQ/GLOBEX/B1/1h/S-C_q0.90,13,630741820,3951,M6_GK,M6_GK,"{""M1_EWMA"": 0.0, ""M2_HAR"": 0.0, ""M3_HARJ"": 0.0, ""M4_HARQ"": 0.0, ""M5_RGARCH"": 0.0, ""M6_PARK"": 0.0, ""M6_GK"": 1.0}"
NQ/GLOBEX/B1/1h/S-C_q0.90,14,2401719883,3951,M6_GK,M6_GK,"{""M1_EWMA"": 0.0, ""M2_HAR"": 0.0, ""M3_HARJ"": 0.0, ""M4_HARQ"": 0.0, ""M5_RGARCH"": 0.0, ""M6_PARK"": 0.0, ""M6_GK"": 1.0}"
NQ/GLOBEX/B1/1h/S-C_q0.90,15,3662131630,3951,M6_GK,M6_GK,"{""M1_EWMA"": 0.0, ""M2_HAR"": 0.0, ""M3_HARJ"": 0.0, ""M4_HARQ"": 0.0, ""M5_RGARCH"": 0.0, ""M6_PARK"": 0.0, ""M6_GK"": 1.0}"
NQ/GLOBEX/B1/1h/S-C_q0.90,16,303417529,3951,M6_GK,M6_GK,"{""M1_EWMA"": 0.0, ""M2_HAR"": 0.0, ""M3_HARJ"": 0.0, ""M4_HARQ"": 0.0, ""M5_RGARCH"": 0.0, ""M6_PARK"": 0.0, ""M6_GK"": 1.0}"
NQ/GLOBEX/B1/1h/S-C_q0.90,17,4155647398,3951,M6_GK,M6_GK,"{""M1_EWMA"": 0.0, ""M2_HAR"": 0.0, ""M3_HARJ"": 0.0, ""M4_HARQ"": 0.0, ""M5_RGARCH"": 0.0, ""M6_PARK"": 0.0, ""M6_GK"": 1.0}"
NQ/GLOBEX/B1/1h/S-C_q0.90,18,2620441196,3951,M6_GK,M6_GK,"{""M1_EWMA"": 0.0, ""M2_HAR"": 0.0, ""M3_HARJ"": 0.0, ""M4_HARQ"": 0.0, ""M5_RGARCH"": 0.0, ""M6_PARK"": 0.0, ""M6_GK"": 1.0}"
NQ/GLOBEX/B1/1h/S-C_q0.90,19,4201311651,3951,M6_GK,M6_GK,"{""M1_EWMA"": 0.0, ""M2_HAR"": 0.0, ""M3_HARJ"": 0.0, ""M4_HARQ"": 0.0, ""M5_RGARCH"": 0.0, ""M6_PARK"": 0.0, ""M6_GK"": 1.0}"
NQ/GLOBEX/B1/30min/S-B_q0.80,0,2237533746,16747,M6_GK,M6_GK,"{""M1_EWMA"": 0.0, ""M2_HAR"": 0.0, ""M3_HARJ"": 0.0, ""M4_HARQ"": 0.0, ""M5_RGARCH"": 0.0, ""M6_PARK"": 0.0, ""M6_GK"": 1.0}"
NQ/GLOBEX/B1/30min/S-B_q0.80,1,702494603,16747,M6_GK,M6_GK,"{""M1_EWMA"": 0.0, ""M2_HAR"": 0.0, ""M3_HARJ"": 0.0, ""M4_HARQ"": 0.0, ""M5_RGARCH"": 0.0, ""M6_PARK"": 0.0, ""M6_GK"": 1.0}"
NQ/GLOBEX/B1/30min/S-B_q0.80,2,4139393190,16747,M6_GK,M6_GK,"{""M1_EWMA"": 0.0, ""M2_HAR"": 0.0, ""M3_HARJ"": 0.0, ""M4_HARQ"": 0.0, ""M5_RGARCH"": 0.0, ""M6_PARK"": 0.0, ""M6_GK"": 1.0}"
NQ/GLOBEX/B1/30min/S-B_q0.80,3,769717545,16747,M6_GK,M6_GK,"{""M1_EWMA"": 0.0, ""M2_HAR"": 0.0, ""M3_HARJ"": 0.0, ""M4_HARQ"": 0.0, ""M5_RGARCH"": 0.0, ""M6_PARK"": 0.0, ""M6_GK"": 1.0}"
NQ/GLOBEX/B1/30min/S-B_q0.80,4,919028315,16747,M6_GK,M6_GK,"{""M1_EWMA"": 0.0, ""M2_HAR"": 0.0, ""M3_HARJ"": 0.0, ""M4_HARQ"": 0.0, ""M5_RGARCH"": 0.0, ""M6_PARK"": 0.0, ""M6_GK"": 1.0}"
NQ/GLOBEX/B1/30min/S-B_q0.80,5,611620464,16747,M6_GK,M6_GK,"{""M1_EWMA"": 0.0, ""M2_HAR"": 0.0, ""M3_HARJ"": 0.0, ""M4_HARQ"": 0.0, ""M5_RGARCH"": 0.0, ""M6_PARK"": 0.0, ""M6_GK"": 1.0}"
NQ/GLOBEX/B1/30min/S-B_q0.80,6,3477480266,16747,M6_GK,M6_GK,"{""M1_EWMA"": 0.0, ""M2_HAR"": 0.0, ""M3_HARJ"": 0.0, ""M4_HARQ"": 0.0, ""M5_RGARCH"": 0.0, ""M6_PARK"": 0.0, ""M6_GK"": 1.0}"
NQ/GLOBEX/B1/30min/S-B_q0.80,7,3198431117,16747,M6_GK,M6_GK,"{""M1_EWMA"": 0.0, ""M2_HAR"": 0.0, ""M3_HARJ"": 0.0, ""M4_HARQ"": 0.0, ""M5_RGARCH"": 0.0, ""M6_PARK"": 0.0, ""M6_GK"": 1.0}"
NQ/GLOBEX/B1/30min/S-B_q0.80,8,2621026741,16747,M6_GK,M6_GK,"{""M1_EWMA"": 0.0, ""M2_HAR"": 0.0, ""M3_HARJ"": 0.0, ""M4_HARQ"": 0.0, ""M5_RGARCH"": 0.0, ""M6_PARK"": 0.0, ""M6_GK"": 1.0}"
NQ/GLOBEX/B1/30min/S-B_q0.80,9,1169115867,16747,M6_GK,M6_GK,"{""M1_EWMA"": 0.0, ""M2_HAR"": 0.0, ""M3_HARJ"": 0.0, ""M4_HARQ"": 0.0, ""M5_RGARCH"": 0.0, ""M6_PARK"": 0.0, ""M6_GK"": 1.0}"
NQ/GLOBEX/B1/30min/S-B_q0.80,10,3689063838,16747,M6_GK,M6_GK,"{""M1_EWMA"": 0.0, ""M2_HAR"": 0.0, ""M3_HARJ"": 0.0, ""M4_HARQ"": 0.0, ""M5_RGARCH"": 0.0, ""M6_PARK"": 0.0, ""M6_GK"": 1.0}"
NQ/GLOBEX/B1/30min/S-B_q0.80,11,1498398406,16747,M6_GK,M6_GK,"{""M1_EWMA"": 0.0, ""M2_HAR"": 0.0, ""M3_HARJ"": 0.0, ""M4_HARQ"": 0.0, ""M5_RGARCH"": 0.0, ""M6_PARK"": 0.0, ""M6_GK"": 1.0}"
NQ/GLOBEX/B1/30min/S-B_q0.80,12,3833968697,16747,M6_GK,M6_GK,"{""M1_EWMA"": 0.0, ""M2_HAR"": 0.0, ""M3_HARJ"": 0.0, ""M4_HARQ"": 0.0, ""M5_RGARCH"": 0.0, ""M6_PARK"": 0.0, ""M6_GK"": 1.0}"
NQ/GLOBEX/B1/30min/S-B_q0.80,13,630741820,16747,M6_GK,M6_GK,"{""M1_EWMA"": 0.0, ""M2_HAR"": 0.0, ""M3_HARJ"": 0.0, ""M4_HARQ"": 0.0, ""M5_RGARCH"": 0.0, ""M6_PARK"": 0.0, ""M6_GK"": 1.0}"
NQ/GLOBEX/B1/30min/S-B_q0.80,14,2401719883,16747,M6_GK,M6_GK,"{""M1_EWMA"": 0.0, ""M2_HAR"": 0.0, ""M3_HARJ"": 0.0, ""M4_HARQ"": 0.0, ""M5_RGARCH"": 0.0, ""M6_PARK"": 0.0, ""M6_GK"": 1.0}"
NQ/GLOBEX/B1/30min/S-B_q0.80,15,3662131630,16747,M6_GK,M6_GK,"{""M1_EWMA"": 0.0, ""M2_HAR"": 0.0, ""M3_HARJ"": 0.0, ""M4_HARQ"": 0.0, ""M5_RGARCH"": 0.0, ""M6_PARK"": 0.0, ""M6_GK"": 1.0}"
NQ/GLOBEX/B1/30min/S-B_q0.80,16,303417529,16747,M6_GK,M6_GK,"{""M1_EWMA"": 0.0, ""M2_HAR"": 0.0, ""M3_HARJ"": 0.0, ""M4_HARQ"": 0.0, ""M5_RGARCH"": 0.0, ""M6_PARK"": 0.0, ""M6_GK"": 1.0}"
NQ/GLOBEX/B1/30min/S-B_q0.80,17,4155647398,16747,M6_GK,M6_GK,"{""M1_EWMA"": 0.0, ""M2_HAR"": 0.0, ""M3_HARJ"": 0.0, ""M4_HARQ"": 0.0, ""M5_RGARCH"": 0.0, ""M6_PARK"": 0.0, ""M6_GK"": 1.0}"
NQ/GLOBEX/B1/30min/S-B_q0.80,18,2620441196,16747,M6_GK,M6_GK,"{""M1_EWMA"": 0.0, ""M2_HAR"": 0.0, ""M3_HARJ"": 0.0, ""M4_HARQ"": 0.0, ""M5_RGARCH"": 0.0, ""M6_PARK"": 0.0, ""M6_GK"": 1.0}"
NQ/GLOBEX/B1/30min/S-B_q0.80,19,4201311651,16747,M6_GK,M6_GK,"{""M1_EWMA"": 0.0, ""M2_HAR"": 0.0, ""M3_HARJ"": 0.0, ""M4_HARQ"": 0.0, ""M5_RGARCH"": 0.0, ""M6_PARK"": 0.0, ""M6_GK"": 1.0}"
NQ/GLOBEX/B1/30min/S-B_q0.90,0,2237533746,8374,M6_GK,M6_GK,"{""M1_EWMA"": 0.0, ""M2_HAR"": 0.0, ""M3_HARJ"": 0.0, ""M4_HARQ"": 0.0, ""M5_RGARCH"": 0.0, ""M6_PARK"": 0.0, ""M6_GK"": 1.0}"
NQ/GLOBEX/B1/30min/S-B_q0.90,1,702494603,8374,M6_GK,M6_GK,"{""M1_EWMA"": 0.0, ""M2_HAR"": 0.0, ""M3_HARJ"": 0.0, ""M4_HARQ"": 0.0, ""M5_RGARCH"": 0.0, ""M6_PARK"": 0.0, ""M6_GK"": 1.0}"
NQ/GLOBEX/B1/30min/S-B_q0.90,2,4139393190,8374,M6_GK,M6_GK,"{""M1_EWMA"": 0.0, ""M2_HAR"": 0.0, ""M3_HARJ"": 0.0, ""M4_HARQ"": 0.0, ""M5_RGARCH"": 0.0, ""M6_PARK"": 0.0, ""M6_GK"": 1.0}"
NQ/GLOBEX/B1/30min/S-B_q0.90,3,769717545,8374,M6_GK,M6_GK,"{""M1_EWMA"": 0.0, ""M2_HAR"": 0.0, ""M3_HARJ"": 0.0, ""M4_HARQ"": 0.0, ""M5_RGARCH"": 0.0, ""M6_PARK"": 0.0, ""M6_GK"": 1.0}"
NQ/GLOBEX/B1/30min/S-B_q0.90,4,919028315,8374,M6_GK,M6_GK,"{""M1_EWMA"": 0.0, ""M2_HAR"": 0.0, ""M3_HARJ"": 0.0, ""M4_HARQ"": 0.0, ""M5_RGARCH"": 0.0, ""M6_PARK"": 0.0, ""M6_GK"": 1.0}"
NQ/GLOBEX/B1/30min/S-B_q0.90,5,611620464,8374,M6_GK,M6_GK,"{""M1_EWMA"": 0.0, ""M2_HAR"": 0.0, ""M3_HARJ"": 0.0, ""M4_HARQ"": 0.0, ""M5_RGARCH"": 0.0, ""M6_PARK"": 0.0, ""M6_GK"": 1.0}"
NQ/GLOBEX/B1/30min/S-B_q0.90,6,3477480266,8374,M6_GK,M6_GK,"{""M1_EWMA"": 0.0, ""M2_HAR"": 0.0, ""M3_HARJ"": 0.0, ""M4_HARQ"": 0.0, ""M5_RGARCH"": 0.0, ""M6_PARK"": 0.0, ""M6_GK"": 1.0}"
NQ/GLOBEX/B1/30min/S-B_q0.90,7,3198431117,8374,M6_GK,M6_GK,"{""M1_EWMA"": 0.0, ""M2_HAR"": 0.0, ""M3_HARJ"": 0.0, ""M4_HARQ"": 0.0, ""M5_RGARCH"": 0.0, ""M6_PARK"": 0.0, ""M6_GK"": 1.0}"
NQ/GLOBEX/B1/30min/S-B_q0.90,8,2621026741,8374,M6_GK,M6_GK,"{""M1_EWMA"": 0.0, ""M2_HAR"": 0.0, ""M3_HARJ"": 0.0, ""M4_HARQ"": 0.0, ""M5_RGARCH"": 0.0, ""M6_PARK"": 0.0, ""M6_GK"": 1.0}"
NQ/GLOBEX/B1/30min/S-B_q0.90,9,1169115867,8374,M6_GK,M6_GK,"{""M1_EWMA"": 0.0, ""M2_HAR"": 0.0, ""M3_HARJ"": 0.0, ""M4_HARQ"": 0.0, ""M5_RGARCH"": 0.0, ""M6_PARK"": 0.0, ""M6_GK"": 1.0}"
NQ/GLOBEX/B1/30min/S-B_q0.90,10,3689063838,8374,M6_GK,M6_GK,"{""M1_EWMA"": 0.0, ""M2_HAR"": 0.0, ""M3_HARJ"": 0.0, ""M4_HARQ"": 0.0, ""M5_RGARCH"": 0.0, ""M6_PARK"": 0.0, ""M6_GK"": 1.0}"
NQ/GLOBEX/B1/30min/S-B_q0.90,11,1498398406,8374,M6_GK,M6_GK,"{""M1_EWMA"": 0.0, ""M2_HAR"": 0.0, ""M3_HARJ"": 0.0, ""M4_HARQ"": 0.0, ""M5_RGARCH"": 0.0, ""M6_PARK"": 0.0, ""M6_GK"": 1.0}"
NQ/GLOBEX/B1/30min/S-B_q0.90,12,3833968697,8374,M6_GK,M6_GK,"{""M1_EWMA"": 0.0, ""M2_HAR"": 0.0, ""M3_HARJ"": 0.0, ""M4_HARQ"": 0.0, ""M5_RGARCH"": 0.0, ""M6_PARK"": 0.0, ""M6_GK"": 1.0}"
NQ/GLOBEX/B1/30min/S-B_q0.90,13,630741820,8374,M6_GK,M6_GK,"{""M1_EWMA"": 0.0, ""M2_HAR"": 0.0, ""M3_HARJ"": 0.0, ""M4_HARQ"": 0.0, ""M5_RGARCH"": 0.0, ""M6_PARK"": 0.0, ""M6_GK"": 1.0}"
NQ/GLOBEX/B1/30min/S-B_q0.90,14,2401719883,8374,M6_GK,M6_GK,"{""M1_EWMA"": 0.0, ""M2_HAR"": 0.0, ""M3_HARJ"": 0.0, ""M4_HARQ"": 0.0, ""M5_RGARCH"": 0.0, ""M6_PARK"": 0.0, ""M6_GK"": 1.0}"
NQ/GLOBEX/B1/30min/S-B_q0.90,15,3662131630,8374,M6_GK,M6_GK,"{""M1_EWMA"": 0.0, ""M2_HAR"": 0.0, ""M3_HARJ"": 0.0, ""M4_HARQ"": 0.0, ""M5_RGARCH"": 0.0, ""M6_PARK"": 0.0, ""M6_GK"": 1.0}"
NQ/GLOBEX/B1/30min/S-B_q0.90,16,303417529,8374,M6_GK,M6_GK,"{""M1_EWMA"": 0.0, ""M2_HAR"": 0.0, ""M3_HARJ"": 0.0, ""M4_HARQ"": 0.0, ""M5_RGARCH"": 0.0, ""M6_PARK"": 0.0, ""M6_GK"": 1.0}"
NQ/GLOBEX/B1/30min/S-B_q0.90,17,4155647398,8374,M6_GK,M6_GK,"{""M1_EWMA"": 0.0, ""M2_HAR"": 0.0, ""M3_HARJ"": 0.0, ""M4_HARQ"": 0.0, ""M5_RGARCH"": 0.0, ""M6_PARK"": 0.0, ""M6_GK"": 1.0}"
NQ/GLOBEX/B1/30min/S-B_q0.90,18,2620441196,8374,M6_GK,M6_GK,"{""M1_EWMA"": 0.0, ""M2_HAR"": 0.0, ""M3_HARJ"": 0.0, ""M4_HARQ"": 0.0, ""M5_RGARCH"": 0.0, ""M6_PARK"": 0.0, ""M6_GK"": 1.0}"
NQ/GLOBEX/B1/30min/S-B_q0.90,19,4201311651,8374,M6_GK,M6_GK,"{""M1_EWMA"": 0.0, ""M2_HAR"": 0.0, ""M3_HARJ"": 0.0, ""M4_HARQ"": 0.0, ""M5_RGARCH"": 0.0, ""M6_PARK"": 0.0, ""M6_GK"": 1.0}"
NQ/GLOBEX/B1/30min/S-C_q0.80,0,2237533746,16747,M6_GK,M6_GK,"{""M1_EWMA"": 0.0, ""M2_HAR"": 0.0, ""M3_HARJ"": 0.0, ""M4_HARQ"": 0.0, ""M5_RGARCH"": 0.0, ""M6_PARK"": 0.0, ""M6_GK"": 1.0}"
NQ/GLOBEX/B1/30min/S-C_q0.80,1,702494603,16747,M6_GK,M6_GK,"{""M1_EWMA"": 0.0, ""M2_HAR"": 0.0, ""M3_HARJ"": 0.0, ""M4_HARQ"": 0.0, ""M5_RGARCH"": 0.0, ""M6_PARK"": 0.0, ""M6_GK"": 1.0}"
NQ/GLOBEX/B1/30min/S-C_q0.80,2,4139393190,16747,M6_GK,M6_GK,"{""M1_EWMA"": 0.0, ""M2_HAR"": 0.0, ""M3_HARJ"": 0.0, ""M4_HARQ"": 0.0, ""M5_RGARCH"": 0.0, ""M6_PARK"": 0.0, ""M6_GK"": 1.0}"
NQ/GLOBEX/B1/30min/S-C_q0.80,3,769717545,16747,M6_GK,M6_GK,"{""M1_EWMA"": 0.0, ""M2_HAR"": 0.0, ""M3_HARJ"": 0.0, ""M4_HARQ"": 0.0, ""M5_RGARCH"": 0.0, ""M6_PARK"": 0.0, ""M6_GK"": 1.0}"
NQ/GLOBEX/B1/30min/S-C_q0.80,4,919028315,16747,M6_GK,M6_GK,"{""M1_EWMA"": 0.0, ""M2_HAR"": 0.0, ""M3_HARJ"": 0.0, ""M4_HARQ"": 0.0, ""M5_RGARCH"": 0.0, ""M6_PARK"": 0.0, ""M6_GK"": 1.0}"
NQ/GLOBEX/B1/30min/S-C_q0.80,5,611620464,16747,M6_GK,M6_GK,"{""M1_EWMA"": 0.0, ""M2_HAR"": 0.0, ""M3_HARJ"": 0.0, ""M4_HARQ"": 0.0, ""M5_RGARCH"": 0.0, ""M6_PARK"": 0.0, ""M6_GK"": 1.0}"
NQ/GLOBEX/B1/30min/S-C_q0.80,6,3477480266,16747,M6_GK,M6_GK,"{""M1_EWMA"": 0.0, ""M2_HAR"": 0.0, ""M3_HARJ"": 0.0, ""M4_HARQ"": 0.0, ""M5_RGARCH"": 0.0, ""M6_PARK"": 0.0, ""M6_GK"": 1.0}"
NQ/GLOBEX/B1/30min/S-C_q0.80,7,3198431117,16747,M6_GK,M6_GK,"{""M1_EWMA"": 0.0, ""M2_HAR"": 0.0, ""M3_HARJ"": 0.0, ""M4_HARQ"": 0.0, ""M5_RGARCH"": 0.0, ""M6_PARK"": 0.0, ""M6_GK"": 1.0}"
NQ/GLOBEX/B1/30min/S-C_q0.80,8,2621026741,16747,M6_GK,M6_GK,"{""M1_EWMA"": 0.0, ""M2_HAR"": 0.0, ""M3_HARJ"": 0.0, ""M4_HARQ"": 0.0, ""M5_RGARCH"": 0.0, ""M6_PARK"": 0.0, ""M6_GK"": 1.0}"
NQ/GLOBEX/B1/30min/S-C_q0.80,9,1169115867,16747,M6_GK,M6_GK,"{""M1_EWMA"": 0.0, ""M2_HAR"": 0.0, ""M3_HARJ"": 0.0, ""M4_HARQ"": 0.0, ""M5_RGARCH"": 0.0, ""M6_PARK"": 0.0, ""M6_GK"": 1.0}"
NQ/GLOBEX/B1/30min/S-C_q0.80,10,3689063838,16747,M6_GK,M6_GK,"{""M1_EWMA"": 0.0, ""M2_HAR"": 0.0, ""M3_HARJ"": 0.0, ""M4_HARQ"": 0.0, ""M5_RGARCH"": 0.0, ""M6_PARK"": 0.0, ""M6_GK"": 1.0}"
NQ/GLOBEX/B1/30min/S-C_q0.80,11,1498398406,16747,M6_GK,M6_GK,"{""M1_EWMA"": 0.0, ""M2_HAR"": 0.0, ""M3_HARJ"": 0.0, ""M4_HARQ"": 0.0, ""M5_RGARCH"": 0.0, ""M6_PARK"": 0.0, ""M6_GK"": 1.0}"
NQ/GLOBEX/B1/30min/S-C_q0.80,12,3833968697,16747,M6_GK,M6_GK,"{""M1_EWMA"": 0.0, ""M2_HAR"": 0.0, ""M3_HARJ"": 0.0, ""M4_HARQ"": 0.0, ""M5_RGARCH"": 0.0, ""M6_PARK"": 0.0, ""M6_GK"": 1.0}"
NQ/GLOBEX/B1/30min/S-C_q0.80,13,630741820,16747,M6_GK,M6_GK,"{""M1_EWMA"": 0.0, ""M2_HAR"": 0.0, ""M3_HARJ"": 0.0, ""M4_HARQ"": 0.0, ""M5_RGARCH"": 0.0, ""M6_PARK"": 0.0, ""M6_GK"": 1.0}"
NQ/GLOBEX/B1/30min/S-C_q0.80,14,2401719883,16747,M6_GK,M6_GK,"{""M1_EWMA"": 0.0, ""M2_HAR"": 0.0, ""M3_HARJ"": 0.0, ""M4_HARQ"": 0.0, ""M5_RGARCH"": 0.0, ""M6_PARK"": 0.0, ""M6_GK"": 1.0}"
NQ/GLOBEX/B1/30min/S-C_q0.80,15,3662131630,16747,M6_GK,M6_GK,"{""M1_EWMA"": 0.0, ""M2_HAR"": 0.0, ""M3_HARJ"": 0.0, ""M4_HARQ"": 0.0, ""M5_RGARCH"": 0.0, ""M6_PARK"": 0.0, ""M6_GK"": 1.0}"
NQ/GLOBEX/B1/30min/S-C_q0.80,16,303417529,16747,M6_GK,M6_GK,"{""M1_EWMA"": 0.0, ""M2_HAR"": 0.0, ""M3_HARJ"": 0.0, ""M4_HARQ"": 0.0, ""M5_RGARCH"": 0.0, ""M6_PARK"": 0.0, ""M6_GK"": 1.0}"
NQ/GLOBEX/B1/30min/S-C_q0.80,17,4155647398,16747,M6_GK,M6_GK,"{""M1_EWMA"": 0.0, ""M2_HAR"": 0.0, ""M3_HARJ"": 0.0, ""M4_HARQ"": 0.0, ""M5_RGARCH"": 0.0, ""M6_PARK"": 0.0, ""M6_GK"": 1.0}"
NQ/GLOBEX/B1/30min/S-C_q0.80,18,2620441196,16747,M6_GK,M6_GK,"{""M1_EWMA"": 0.0, ""M2_HAR"": 0.0, ""M3_HARJ"": 0.0, ""M4_HARQ"": 0.0, ""M5_RGARCH"": 0.0, ""M6_PARK"": 0.0, ""M6_GK"": 1.0}"
NQ/GLOBEX/B1/30min/S-C_q0.80,19,4201311651,16747,M6_GK,M6_GK,"{""M1_EWMA"": 0.0, ""M2_HAR"": 0.0, ""M3_HARJ"": 0.0, ""M4_HARQ"": 0.0, ""M5_RGARCH"": 0.0, ""M6_PARK"": 0.0, ""M6_GK"": 1.0}"
NQ/GLOBEX/B1/30min/S-C_q0.90,0,2237533746,8374,M6_GK,M6_GK,"{""M1_EWMA"": 0.0, ""M2_HAR"": 0.0, ""M3_HARJ"": 0.0, ""M4_HARQ"": 0.0, ""M5_RGARCH"": 0.0, ""M6_PARK"": 0.0, ""M6_GK"": 1.0}"
NQ/GLOBEX/B1/30min/S-C_q0.90,1,702494603,8374,M6_GK,M6_GK,"{""M1_EWMA"": 0.0, ""M2_HAR"": 0.0, ""M3_HARJ"": 0.0, ""M4_HARQ"": 0.0, ""M5_RGARCH"": 0.0, ""M6_PARK"": 0.0, ""M6_GK"": 1.0}"
NQ/GLOBEX/B1/30min/S-C_q0.90,2,4139393190,8374,M6_GK,M6_GK,"{""M1_EWMA"": 0.0, ""M2_HAR"": 0.0, ""M3_HARJ"": 0.0, ""M4_HARQ"": 0.0, ""M5_RGARCH"": 0.0, ""M6_PARK"": 0.0, ""M6_GK"": 1.0}"
NQ/GLOBEX/B1/30min/S-C_q0.90,3,769717545,8374,M6_GK,M6_GK,"{""M1_EWMA"": 0.0, ""M2_HAR"": 0.0, ""M3_HARJ"": 0.0, ""M4_HARQ"": 0.0, ""M5_RGARCH"": 0.0, ""M6_PARK"": 0.0, ""M6_GK"": 1.0}"
NQ/GLOBEX/B1/30min/S-C_q0.90,4,919028315,8374,M6_GK,M6_GK,"{""M1_EWMA"": 0.0, ""M2_HAR"": 0.0, ""M3_HARJ"": 0.0, ""M4_HARQ"": 0.0, ""M5_RGARCH"": 0.0, ""M6_PARK"": 0.0, ""M6_GK"": 1.0}"
NQ/GLOBEX/B1/30min/S-C_q0.90,5,611620464,8374,M6_GK,M6_GK,"{""M1_EWMA"": 0.0, ""M2_HAR"": 0.0, ""M3_HARJ"": 0.0, ""M4_HARQ"": 0.0, ""M5_RGARCH"": 0.0, ""M6_PARK"": 0.0, ""M6_GK"": 1.0}"
NQ/GLOBEX/B1/30min/S-C_q0.90,6,3477480266,8374,M6_GK,M6_GK,"{""M1_EWMA"": 0.0, ""M2_HAR"": 0.0, ""M3_HARJ"": 0.0, ""M4_HARQ"": 0.0, ""M5_RGARCH"": 0.0, ""M6_PARK"": 0.0, ""M6_GK"": 1.0}"
NQ/GLOBEX/B1/30min/S-C_q0.90,7,3198431117,8374,M6_GK,M6_GK,"{""M1_EWMA"": 0.0, ""M2_HAR"": 0.0, ""M3_HARJ"": 0.0, ""M4_HARQ"": 0.0, ""M5_RGARCH"": 0.0, ""M6_PARK"": 0.0, ""M6_GK"": 1.0}"
NQ/GLOBEX/B1/30min/S-C_q0.90,8,2621026741,8374,M6_GK,M6_GK,"{""M1_EWMA"": 0.0, ""M2_HAR"": 0.0, ""M3_HARJ"": 0.0, ""M4_HARQ"": 0.0, ""M5_RGARCH"": 0.0, ""M6_PARK"": 0.0, ""M6_GK"": 1.0}"
NQ/GLOBEX/B1/30min/S-C_q0.90,9,1169115867,8374,M6_GK,M6_GK,"{""M1_EWMA"": 0.0, ""M2_HAR"": 0.0, ""M3_HARJ"": 0.0, ""M4_HARQ"": 0.0, ""M5_RGARCH"": 0.0, ""M6_PARK"": 0.0, ""M6_GK"": 1.0}"
NQ/GLOBEX/B1/30min/S-C_q0.90,10,3689063838,8374,M6_GK,M6_GK,"{""M1_EWMA"": 0.0, ""M2_HAR"": 0.0, ""M3_HARJ"": 0.0, ""M4_HARQ"": 0.0, ""M5_RGARCH"": 0.0, ""M6_PARK"": 0.0, ""M6_GK"": 1.0}"
NQ/GLOBEX/B1/30min/S-C_q0.90,11,1498398406,8374,M6_GK,M6_GK,"{""M1_EWMA"": 0.0, ""M2_HAR"": 0.0, ""M3_HARJ"": 0.0, ""M4_HARQ"": 0.0, ""M5_RGARCH"": 0.0, ""M6_PARK"": 0.0, ""M6_GK"": 1.0}"
NQ/GLOBEX/B1/30min/S-C_q0.90,12,3833968697,8374,M6_GK,M6_GK,"{""M1_EWMA"": 0.0, ""M2_HAR"": 0.0, ""M3_HARJ"": 0.0, ""M4_HARQ"": 0.0, ""M5_RGARCH"": 0.0, ""M6_PARK"": 0.0, ""M6_GK"": 1.0}"
NQ/GLOBEX/B1/30min/S-C_q0.90,13,630741820,8374,M6_GK,M6_GK,"{""M1_EWMA"": 0.0, ""M2_HAR"": 0.0, ""M3_HARJ"": 0.0, ""M4_HARQ"": 0.0, ""M5_RGARCH"": 0.0, ""M6_PARK"": 0.0, ""M6_GK"": 1.0}"
NQ/GLOBEX/B1/30min/S-C_q0.90,14,2401719883,8374,M6_GK,M6_GK,"{""M1_EWMA"": 0.0, ""M2_HAR"": 0.0, ""M3_HARJ"": 0.0, ""M4_HARQ"": 0.0, ""M5_RGARCH"": 0.0, ""M6_PARK"": 0.0, ""M6_GK"": 1.0}"
NQ/GLOBEX/B1/30min/S-C_q0.90,15,3662131630,8374,M6_GK,M6_GK,"{""M1_EWMA"": 0.0, ""M2_HAR"": 0.0, ""M3_HARJ"": 0.0, ""M4_HARQ"": 0.0, ""M5_RGARCH"": 0.0, ""M6_PARK"": 0.0, ""M6_GK"": 1.0}"
NQ/GLOBEX/B1/30min/S-C_q0.90,16,303417529,8374,M6_GK,M6_GK,"{""M1_EWMA"": 0.0, ""M2_HAR"": 0.0, ""M3_HARJ"": 0.0, ""M4_HARQ"": 0.0, ""M5_RGARCH"": 0.0, ""M6_PARK"": 0.0, ""M6_GK"": 1.0}"
NQ/GLOBEX/B1/30min/S-C_q0.90,17,4155647398,8374,M6_GK,M6_GK,"{""M1_EWMA"": 0.0, ""M2_HAR"": 0.0, ""M3_HARJ"": 0.0, ""M4_HARQ"": 0.0, ""M5_RGARCH"": 0.0, ""M6_PARK"": 0.0, ""M6_GK"": 1.0}"
NQ/GLOBEX/B1/30min/S-C_q0.90,18,2620441196,8374,M6_GK,M6_GK,"{""M1_EWMA"": 0.0, ""M2_HAR"": 0.0, ""M3_HARJ"": 0.0, ""M4_HARQ"": 0.0, ""M5_RGARCH"": 0.0, ""M6_PARK"": 0.0, ""M6_GK"": 1.0}"
NQ/GLOBEX/B1/30min/S-C_q0.90,19,4201311651,8374,M6_GK,M6_GK,"{""M1_EWMA"": 0.0, ""M2_HAR"": 0.0, ""M3_HARJ"": 0.0, ""M4_HARQ"": 0.0, ""M5_RGARCH"": 0.0, ""M6_PARK"": 0.0, ""M6_GK"": 1.0}"
NQ/RTH/B0/1day/S-B_q0.80,0,2237533746,280,M2_HAR|M3_HARJ|M4_HARQ,M1_EWMA|M2_HAR|M3_HARJ|M4_HARQ,"{""M5_RGARCH"": 0.0, ""M6_GK"": 0.0003, ""M6_PARK"": 0.0047, ""M1_EWMA"": 0.1682, ""M3_HARJ"": 0.4776, ""M2_HAR"": 1.0, ""M4_HARQ"": 1.0}"
NQ/RTH/B0/1day/S-B_q0.80,1,702494603,280,M2_HAR|M3_HARJ|M4_HARQ,M1_EWMA|M2_HAR|M3_HARJ|M4_HARQ,"{""M5_RGARCH"": 0.0, ""M6_GK"": 0.0009, ""M6_PARK"": 0.007, ""M1_EWMA"": 0.1758, ""M3_HARJ"": 0.4715, ""M2_HAR"": 1.0, ""M4_HARQ"": 1.0}"
NQ/RTH/B0/1day/S-B_q0.80,2,4139393190,280,M2_HAR|M3_HARJ|M4_HARQ,M1_EWMA|M2_HAR|M3_HARJ|M4_HARQ,"{""M5_RGARCH"": 0.0, ""M6_GK"": 0.0005, ""M6_PARK"": 0.0045, ""M1_EWMA"": 0.1703, ""M3_HARJ"": 0.4765, ""M2_HAR"": 1.0, ""M4_HARQ"": 1.0}"
NQ/RTH/B0/1day/S-B_q0.80,3,769717545,280,M2_HAR|M3_HARJ|M4_HARQ,M1_EWMA|M2_HAR|M3_HARJ|M4_HARQ,"{""M5_RGARCH"": 0.0, ""M6_GK"": 0.0001, ""M6_PARK"": 0.0055, ""M1_EWMA"": 0.1703, ""M3_HARJ"": 0.4757, ""M2_HAR"": 1.0, ""M4_HARQ"": 1.0}"
NQ/RTH/B0/1day/S-B_q0.80,4,919028315,280,M2_HAR|M3_HARJ|M4_HARQ,M1_EWMA|M2_HAR|M3_HARJ|M4_HARQ,"{""M5_RGARCH"": 0.0, ""M6_GK"": 0.0006, ""M6_PARK"": 0.005, ""M1_EWMA"": 0.1775, ""M3_HARJ"": 0.4756, ""M2_HAR"": 1.0, ""M4_HARQ"": 1.0}"
NQ/RTH/B0/1day/S-B_q0.80,5,611620464,280,M2_HAR|M3_HARJ|M4_HARQ,M1_EWMA|M2_HAR|M3_HARJ|M4_HARQ,"{""M5_RGARCH"": 0.0, ""M6_GK"": 0.0003, ""M6_PARK"": 0.0039, ""M1_EWMA"": 0.1639, ""M3_HARJ"": 0.4838, ""M2_HAR"": 1.0, ""M4_HARQ"": 1.0}"
NQ/RTH/B0/1day/S-B_q0.80,6,3477480266,280,M2_HAR|M3_HARJ|M4_HARQ,M1_EWMA|M2_HAR|M3_HARJ|M4_HARQ,"{""M5_RGARCH"": 0.0, ""M6_GK"": 0.0004, ""M6_PARK"": 0.0049, ""M1_EWMA"": 0.1799, ""M3_HARJ"": 0.4757, ""M2_HAR"": 1.0, ""M4_HARQ"": 1.0}"
NQ/RTH/B0/1day/S-B_q0.80,7,3198431117,280,M2_HAR|M3_HARJ|M4_HARQ,M1_EWMA|M2_HAR|M3_HARJ|M4_HARQ,"{""M5_RGARCH"": 0.0, ""M6_GK"": 0.0004, ""M6_PARK"": 0.0041, ""M1_EWMA"": 0.1715, ""M3_HARJ"": 0.4788, ""M2_HAR"": 1.0, ""M4_HARQ"": 1.0}"
NQ/RTH/B0/1day/S-B_q0.80,8,2621026741,280,M2_HAR|M3_HARJ|M4_HARQ,M1_EWMA|M2_HAR|M3_HARJ|M4_HARQ,"{""M5_RGARCH"": 0.0, ""M6_GK"": 0.0008, ""M6_PARK"": 0.0049, ""M1_EWMA"": 0.1719, ""M3_HARJ"": 0.4775, ""M2_HAR"": 1.0, ""M4_HARQ"": 1.0}"
NQ/RTH/B0/1day/S-B_q0.80,9,1169115867,280,M2_HAR|M3_HARJ|M4_HARQ,M1_EWMA|M2_HAR|M3_HARJ|M4_HARQ,"{""M5_RGARCH"": 0.0, ""M6_GK"": 0.0002, ""M6_PARK"": 0.0041, ""M1_EWMA"": 0.1687, ""M3_HARJ"": 0.476, ""M2_HAR"": 1.0, ""M4_HARQ"": 1.0}"
NQ/RTH/B0/1day/S-B_q0.80,10,3689063838,280,M2_HAR|M3_HARJ|M4_HARQ,M1_EWMA|M2_HAR|M3_HARJ|M4_HARQ,"{""M5_RGARCH"": 0.0, ""M6_GK"": 0.0002, ""M6_PARK"": 0.0041, ""M1_EWMA"": 0.1797, ""M3_HARJ"": 0.4724, ""M2_HAR"": 1.0, ""M4_HARQ"": 1.0}"
NQ/RTH/B0/1day/S-B_q0.80,11,1498398406,280,M2_HAR|M3_HARJ|M4_HARQ,M1_EWMA|M2_HAR|M3_HARJ|M4_HARQ,"{""M5_RGARCH"": 0.0, ""M6_GK"": 0.0004, ""M6_PARK"": 0.0039, ""M1_EWMA"": 0.1797, ""M3_HARJ"": 0.4816, ""M2_HAR"": 1.0, ""M4_HARQ"": 1.0}"
NQ/RTH/B0/1day/S-B_q0.80,12,3833968697,280,M2_HAR|M3_HARJ|M4_HARQ,M1_EWMA|M2_HAR|M3_HARJ|M4_HARQ,"{""M5_RGARCH"": 0.0, ""M6_GK"": 0.0005, ""M6_PARK"": 0.005, ""M1_EWMA"": 0.1731, ""M3_HARJ"": 0.4755, ""M2_HAR"": 1.0, ""M4_HARQ"": 1.0}"
NQ/RTH/B0/1day/S-B_q0.80,13,630741820,280,M2_HAR|M3_HARJ|M4_HARQ,M1_EWMA|M2_HAR|M3_HARJ|M4_HARQ,"{""M5_RGARCH"": 0.0, ""M6_GK"": 0.0002, ""M6_PARK"": 0.0046, ""M1_EWMA"": 0.1691, ""M3_HARJ"": 0.4738, ""M2_HAR"": 1.0, ""M4_HARQ"": 1.0}"
NQ/RTH/B0/1day/S-B_q0.80,14,2401719883,280,M2_HAR|M3_HARJ|M4_HARQ,M1_EWMA|M2_HAR|M3_HARJ|M4_HARQ,"{""M5_RGARCH"": 0.0, ""M6_GK"": 0.0001, ""M6_PARK"": 0.004, ""M1_EWMA"": 0.174, ""M3_HARJ"": 0.4841, ""M2_HAR"": 1.0, ""M4_HARQ"": 1.0}"
NQ/RTH/B0/1day/S-B_q0.80,15,3662131630,280,M2_HAR|M3_HARJ|M4_HARQ,M1_EWMA|M2_HAR|M3_HARJ|M4_HARQ,"{""M5_RGARCH"": 0.0, ""M6_GK"": 0.0006, ""M6_PARK"": 0.0038, ""M1_EWMA"": 0.1729, ""M3_HARJ"": 0.4767, ""M2_HAR"": 1.0, ""M4_HARQ"": 1.0}"
NQ/RTH/B0/1day/S-B_q0.80,16,303417529,280,M2_HAR|M3_HARJ|M4_HARQ,M1_EWMA|M2_HAR|M3_HARJ|M4_HARQ,"{""M5_RGARCH"": 0.0, ""M6_GK"": 0.0, ""M6_PARK"": 0.0043, ""M1_EWMA"": 0.1705, ""M3_HARJ"": 0.4829, ""M2_HAR"": 1.0, ""M4_HARQ"": 1.0}"
NQ/RTH/B0/1day/S-B_q0.80,17,4155647398,280,M2_HAR|M3_HARJ|M4_HARQ,M1_EWMA|M2_HAR|M3_HARJ|M4_HARQ,"{""M5_RGARCH"": 0.0, ""M6_GK"": 0.0002, ""M6_PARK"": 0.0046, ""M1_EWMA"": 0.169, ""M3_HARJ"": 0.4767, ""M2_HAR"": 1.0, ""M4_HARQ"": 1.0}"
NQ/RTH/B0/1day/S-B_q0.80,18,2620441196,280,M2_HAR|M3_HARJ|M4_HARQ,M1_EWMA|M2_HAR|M3_HARJ|M4_HARQ,"{""M5_RGARCH"": 0.0, ""M6_GK"": 0.0002, ""M6_PARK"": 0.0058, ""M1_EWMA"": 0.1705, ""M3_HARJ"": 0.478, ""M2_HAR"": 1.0, ""M4_HARQ"": 1.0}"
NQ/RTH/B0/1day/S-B_q0.80,19,4201311651,280,M2_HAR|M3_HARJ|M4_HARQ,M1_EWMA|M2_HAR|M3_HARJ|M4_HARQ,"{""M5_RGARCH"": 0.0, ""M6_GK"": 0.0001, ""M6_PARK"": 0.0035, ""M1_EWMA"": 0.1761, ""M3_HARJ"": 0.4778, ""M2_HAR"": 1.0, ""M4_HARQ"": 1.0}"
NQ/RTH/B0/1day/S-B_q0.90,0,2237533746,140,M2_HAR|M3_HARJ|M4_HARQ,M2_HAR|M3_HARJ|M4_HARQ,"{""M5_RGARCH"": 0.0, ""M6_GK"": 0.0277, ""M1_EWMA"": 0.0897, ""M6_PARK"": 0.0897, ""M3_HARJ"": 0.5476, ""M2_HAR"": 1.0, ""M4_HARQ"": 1.0}"
NQ/RTH/B0/1day/S-B_q0.90,1,702494603,140,M2_HAR|M3_HARJ|M4_HARQ,M2_HAR|M3_HARJ|M4_HARQ,"{""M5_RGARCH"": 0.0, ""M6_GK"": 0.0241, ""M1_EWMA"": 0.0793, ""M6_PARK"": 0.0793, ""M3_HARJ"": 0.5377, ""M2_HAR"": 1.0, ""M4_HARQ"": 1.0}"
NQ/RTH/B0/1day/S-B_q0.90,2,4139393190,140,M2_HAR|M3_HARJ|M4_HARQ,M2_HAR|M3_HARJ|M4_HARQ,"{""M5_RGARCH"": 0.0, ""M6_GK"": 0.0251, ""M1_EWMA"": 0.0918, ""M6_PARK"": 0.0918, ""M3_HARJ"": 0.5356, ""M2_HAR"": 1.0, ""M4_HARQ"": 1.0}"
NQ/RTH/B0/1day/S-B_q0.90,3,769717545,140,M2_HAR|M3_HARJ|M4_HARQ,M2_HAR|M3_HARJ|M4_HARQ,"{""M5_RGARCH"": 0.0, ""M6_GK"": 0.0277, ""M1_EWMA"": 0.0873, ""M6_PARK"": 0.0873, ""M3_HARJ"": 0.5356, ""M2_HAR"": 1.0, ""M4_HARQ"": 1.0}"
NQ/RTH/B0/1day/S-B_q0.90,4,919028315,140,M2_HAR|M3_HARJ|M4_HARQ,M2_HAR|M3_HARJ|M4_HARQ,"{""M5_RGARCH"": 0.0, ""M6_GK"": 0.0294, ""M1_EWMA"": 0.0997, ""M6_PARK"": 0.0997, ""M3_HARJ"": 0.5353, ""M2_HAR"": 1.0, ""M4_HARQ"": 1.0}"
NQ/RTH/B0/1day/S-B_q0.90,5,611620464,140,M2_HAR|M3_HARJ|M4_HARQ,M2_HAR|M3_HARJ|M4_HARQ,"{""M5_RGARCH"": 0.0, ""M6_GK"": 0.0272, ""M1_EWMA"": 0.0925, ""M6_PARK"": 0.0925, ""M3_HARJ"": 0.5353, ""M2_HAR"": 1.0, ""M4_HARQ"": 1.0}"
NQ/RTH/B0/1day/S-B_q0.90,6,3477480266,140,M2_HAR|M3_HARJ|M4_HARQ,M2_HAR|M3_HARJ|M4_HARQ,"{""M5_RGARCH"": 0.0, ""M6_GK"": 0.0266, ""M1_EWMA"": 0.0836, ""M6_PARK"": 0.0836, ""M3_HARJ"": 0.5331, ""M2_HAR"": 1.0, ""M4_HARQ"": 1.0}"
NQ/RTH/B0/1day/S-B_q0.90,7,3198431117,140,M2_HAR|M3_HARJ|M4_HARQ,M2_HAR|M3_HARJ|M4_HARQ,"{""M5_RGARCH"": 0.0, ""M6_GK"": 0.0253, ""M1_EWMA"": 0.0808, ""M6_PARK"": 0.0808, ""M3_HARJ"": 0.5405, ""M2_HAR"": 1.0, ""M4_HARQ"": 1.0}"
NQ/RTH/B0/1day/S-B_q0.90,8,2621026741,140,M2_HAR|M3_HARJ|M4_HARQ,M2_HAR|M3_HARJ|M4_HARQ,"{""M5_RGARCH"": 0.0, ""M6_GK"": 0.0295, ""M1_EWMA"": 0.0905, ""M6_PARK"": 0.0905, ""M3_HARJ"": 0.5355, ""M2_HAR"": 1.0, ""M4_HARQ"": 1.0}"
NQ/RTH/B0/1day/S-B_q0.90,9,1169115867,140,M2_HAR|M3_HARJ|M4_HARQ,M2_HAR|M3_HARJ|M4_HARQ,"{""M5_RGARCH"": 0.0, ""M6_GK"": 0.0266, ""M1_EWMA"": 0.0924, ""M6_PARK"": 0.0924, ""M3_HARJ"": 0.5321, ""M2_HAR"": 1.0, ""M4_HARQ"": 1.0}"
NQ/RTH/B0/1day/S-B_q0.90,10,3689063838,140,M2_HAR|M3_HARJ|M4_HARQ,M2_HAR|M3_HARJ|M4_HARQ,"{""M5_RGARCH"": 0.0, ""M6_GK"": 0.0252, ""M1_EWMA"": 0.0888, ""M6_PARK"": 0.0888, ""M3_HARJ"": 0.5283, ""M2_HAR"": 1.0, ""M4_HARQ"": 1.0}"
NQ/RTH/B0/1day/S-B_q0.90,11,1498398406,140,M2_HAR|M3_HARJ|M4_HARQ,M2_HAR|M3_HARJ|M4_HARQ,"{""M5_RGARCH"": 0.0, ""M6_GK"": 0.0285, ""M1_EWMA"": 0.0882, ""M6_PARK"": 0.0882, ""M3_HARJ"": 0.5292, ""M2_HAR"": 1.0, ""M4_HARQ"": 1.0}"
NQ/RTH/B0/1day/S-B_q0.90,12,3833968697,140,M2_HAR|M3_HARJ|M4_HARQ,M2_HAR|M3_HARJ|M4_HARQ,"{""M5_RGARCH"": 0.0, ""M6_GK"": 0.0303, ""M1_EWMA"": 0.0874, ""M6_PARK"": 0.0874, ""M3_HARJ"": 0.5371, ""M2_HAR"": 1.0, ""M4_HARQ"": 1.0}"
NQ/RTH/B0/1day/S-B_q0.90,13,630741820,140,M2_HAR|M3_HARJ|M4_HARQ,M2_HAR|M3_HARJ|M4_HARQ,"{""M5_RGARCH"": 0.0, ""M6_GK"": 0.0259, ""M1_EWMA"": 0.091, ""M6_PARK"": 0.091, ""M3_HARJ"": 0.5424, ""M2_HAR"": 1.0, ""M4_HARQ"": 1.0}"
NQ/RTH/B0/1day/S-B_q0.90,14,2401719883,140,M2_HAR|M3_HARJ|M4_HARQ,M2_HAR|M3_HARJ|M4_HARQ,"{""M5_RGARCH"": 0.0, ""M6_GK"": 0.0256, ""M1_EWMA"": 0.0906, ""M6_PARK"": 0.0906, ""M3_HARJ"": 0.5288, ""M2_HAR"": 1.0, ""M4_HARQ"": 1.0}"
NQ/RTH/B0/1day/S-B_q0.90,15,3662131630,140,M2_HAR|M3_HARJ|M4_HARQ,M2_HAR|M3_HARJ|M4_HARQ,"{""M5_RGARCH"": 0.0, ""M6_GK"": 0.0268, ""M1_EWMA"": 0.0917, ""M6_PARK"": 0.0917, ""M3_HARJ"": 0.5318, ""M2_HAR"": 1.0, ""M4_HARQ"": 1.0}"
NQ/RTH/B0/1day/S-B_q0.90,16,303417529,140,M2_HAR|M3_HARJ|M4_HARQ,M2_HAR|M3_HARJ|M4_HARQ,"{""M5_RGARCH"": 0.0, ""M6_GK"": 0.0282, ""M1_EWMA"": 0.095, ""M6_PARK"": 0.095, ""M3_HARJ"": 0.5376, ""M2_HAR"": 1.0, ""M4_HARQ"": 1.0}"
NQ/RTH/B0/1day/S-B_q0.90,17,4155647398,140,M2_HAR|M3_HARJ|M4_HARQ,M2_HAR|M3_HARJ|M4_HARQ,"{""M5_RGARCH"": 0.0, ""M6_GK"": 0.0265, ""M1_EWMA"": 0.0894, ""M6_PARK"": 0.0894, ""M3_HARJ"": 0.5389, ""M2_HAR"": 1.0, ""M4_HARQ"": 1.0}"
NQ/RTH/B0/1day/S-B_q0.90,18,2620441196,140,M2_HAR|M3_HARJ|M4_HARQ,M2_HAR|M3_HARJ|M4_HARQ,"{""M5_RGARCH"": 0.0, ""M6_GK"": 0.0231, ""M1_EWMA"": 0.0932, ""M6_PARK"": 0.0932, ""M3_HARJ"": 0.5245, ""M2_HAR"": 1.0, ""M4_HARQ"": 1.0}"
NQ/RTH/B0/1day/S-B_q0.90,19,4201311651,140,M2_HAR|M3_HARJ|M4_HARQ,M2_HAR|M3_HARJ|M4_HARQ,"{""M5_RGARCH"": 0.0, ""M6_GK"": 0.0274, ""M1_EWMA"": 0.0919, ""M6_PARK"": 0.0919, ""M3_HARJ"": 0.5377, ""M2_HAR"": 1.0, ""M4_HARQ"": 1.0}"
NQ/RTH/B0/1day/S-C_q0.80,0,2237533746,280,M2_HAR|M3_HARJ|M4_HARQ,M2_HAR|M3_HARJ|M4_HARQ,"{""M5_RGARCH"": 0.0, ""M6_GK"": 0.0167, ""M1_EWMA"": 0.0584, ""M6_PARK"": 0.0584, ""M3_HARJ"": 0.2539, ""M2_HAR"": 1.0, ""M4_HARQ"": 1.0}"
NQ/RTH/B0/1day/S-C_q0.80,1,702494603,280,M2_HAR|M4_HARQ,M2_HAR|M3_HARJ|M4_HARQ,"{""M5_RGARCH"": 0.0, ""M6_GK"": 0.0162, ""M1_EWMA"": 0.0624, ""M6_PARK"": 0.0624, ""M3_HARJ"": 0.2483, ""M2_HAR"": 1.0, ""M4_HARQ"": 1.0}"
NQ/RTH/B0/1day/S-C_q0.80,2,4139393190,280,M2_HAR|M3_HARJ|M4_HARQ,M2_HAR|M3_HARJ|M4_HARQ,"{""M5_RGARCH"": 0.0, ""M6_GK"": 0.0154, ""M1_EWMA"": 0.0533, ""M6_PARK"": 0.0533, ""M3_HARJ"": 0.2632, ""M2_HAR"": 1.0, ""M4_HARQ"": 1.0}"
NQ/RTH/B0/1day/S-C_q0.80,3,769717545,280,M2_HAR|M3_HARJ|M4_HARQ,M2_HAR|M3_HARJ|M4_HARQ,"{""M5_RGARCH"": 0.0, ""M6_GK"": 0.0142, ""M6_PARK"": 0.0509, ""M1_EWMA"": 0.0509, ""M3_HARJ"": 0.2598, ""M2_HAR"": 1.0, ""M4_HARQ"": 1.0}"
NQ/RTH/B0/1day/S-C_q0.80,4,919028315,280,M2_HAR|M3_HARJ|M4_HARQ,M2_HAR|M3_HARJ|M4_HARQ,"{""M5_RGARCH"": 0.0, ""M6_GK"": 0.0155, ""M6_PARK"": 0.0589, ""M1_EWMA"": 0.0589, ""M3_HARJ"": 0.2503, ""M2_HAR"": 1.0, ""M4_HARQ"": 1.0}"
NQ/RTH/B0/1day/S-C_q0.80,5,611620464,280,M2_HAR|M3_HARJ|M4_HARQ,M2_HAR|M3_HARJ|M4_HARQ,"{""M5_RGARCH"": 0.0, ""M6_GK"": 0.013, ""M1_EWMA"": 0.0525, ""M6_PARK"": 0.0525, ""M3_HARJ"": 0.257, ""M2_HAR"": 1.0, ""M4_HARQ"": 1.0}"
NQ/RTH/B0/1day/S-C_q0.80,6,3477480266,280,M2_HAR|M3_HARJ|M4_HARQ,M2_HAR|M3_HARJ|M4_HARQ,"{""M5_RGARCH"": 0.0, ""M6_GK"": 0.0139, ""M1_EWMA"": 0.0554, ""M6_PARK"": 0.0554, ""M3_HARJ"": 0.2555, ""M2_HAR"": 1.0, ""M4_HARQ"": 1.0}"
NQ/RTH/B0/1day/S-C_q0.80,7,3198431117,280,M2_HAR|M3_HARJ|M4_HARQ,M2_HAR|M3_HARJ|M4_HARQ,"{""M5_RGARCH"": 0.0, ""M6_GK"": 0.0167, ""M1_EWMA"": 0.0625, ""M6_PARK"": 0.0625, ""M3_HARJ"": 0.258, ""M2_HAR"": 1.0, ""M4_HARQ"": 1.0}"
NQ/RTH/B0/1day/S-C_q0.80,8,2621026741,280,M2_HAR|M3_HARJ|M4_HARQ,M2_HAR|M3_HARJ|M4_HARQ,"{""M5_RGARCH"": 0.0, ""M6_GK"": 0.0165, ""M1_EWMA"": 0.0624, ""M6_PARK"": 0.0624, ""M3_HARJ"": 0.2532, ""M2_HAR"": 1.0, ""M4_HARQ"": 1.0}"
NQ/RTH/B0/1day/S-C_q0.80,9,1169115867,280,M2_HAR|M3_HARJ|M4_HARQ,M2_HAR|M3_HARJ|M4_HARQ,"{""M5_RGARCH"": 0.0, ""M6_GK"": 0.0124, ""M6_PARK"": 0.055, ""M1_EWMA"": 0.055, ""M3_HARJ"": 0.2552, ""M2_HAR"": 1.0, ""M4_HARQ"": 1.0}"
NQ/RTH/B0/1day/S-C_q0.80,10,3689063838,280,M2_HAR|M3_HARJ|M4_HARQ,M2_HAR|M3_HARJ|M4_HARQ,"{""M5_RGARCH"": 0.0, ""M6_GK"": 0.0143, ""M6_PARK"": 0.0552, ""M1_EWMA"": 0.0552, ""M3_HARJ"": 0.264, ""M2_HAR"": 1.0, ""M4_HARQ"": 1.0}"
NQ/RTH/B0/1day/S-C_q0.80,11,1498398406,280,M2_HAR|M4_HARQ,M2_HAR|M3_HARJ|M4_HARQ,"{""M5_RGARCH"": 0.0, ""M6_GK"": 0.0138, ""M1_EWMA"": 0.0559, ""M6_PARK"": 0.0559, ""M3_HARJ"": 0.25, ""M2_HAR"": 1.0, ""M4_HARQ"": 1.0}"
NQ/RTH/B0/1day/S-C_q0.80,12,3833968697,280,M2_HAR|M3_HARJ|M4_HARQ,M2_HAR|M3_HARJ|M4_HARQ,"{""M5_RGARCH"": 0.0001, ""M6_GK"": 0.0156, ""M1_EWMA"": 0.0586, ""M6_PARK"": 0.0586, ""M3_HARJ"": 0.2587, ""M2_HAR"": 1.0, ""M4_HARQ"": 1.0}"
NQ/RTH/B0/1day/S-C_q0.80,13,630741820,280,M2_HAR|M3_HARJ|M4_HARQ,M2_HAR|M3_HARJ|M4_HARQ,"{""M5_RGARCH"": 0.0, ""M6_GK"": 0.0161, ""M1_EWMA"": 0.0583, ""M6_PARK"": 0.0583, ""M3_HARJ"": 0.2605, ""M2_HAR"": 1.0, ""M4_HARQ"": 1.0}"
NQ/RTH/B0/1day/S-C_q0.80,14,2401719883,280,M2_HAR|M3_HARJ|M4_HARQ,M2_HAR|M3_HARJ|M4_HARQ,"{""M5_RGARCH"": 0.0, ""M6_GK"": 0.016, ""M1_EWMA"": 0.0559, ""M6_PARK"": 0.0559, ""M3_HARJ"": 0.2542, ""M2_HAR"": 1.0, ""M4_HARQ"": 1.0}"
NQ/RTH/B0/1day/S-C_q0.80,15,3662131630,280,M2_HAR|M3_HARJ|M4_HARQ,M2_HAR|M3_HARJ|M4_HARQ,"{""M5_RGARCH"": 0.0, ""M6_GK"": 0.0151, ""M1_EWMA"": 0.0611, ""M6_PARK"": 0.0611, ""M3_HARJ"": 0.2681, ""M2_HAR"": 1.0, ""M4_HARQ"": 1.0}"
NQ/RTH/B0/1day/S-C_q0.80,16,303417529,280,M2_HAR|M3_HARJ|M4_HARQ,M2_HAR|M3_HARJ|M4_HARQ,"{""M5_RGARCH"": 0.0, ""M6_GK"": 0.0159, ""M1_EWMA"": 0.0588, ""M6_PARK"": 0.0588, ""M3_HARJ"": 0.2584, ""M2_HAR"": 1.0, ""M4_HARQ"": 1.0}"
NQ/RTH/B0/1day/S-C_q0.80,17,4155647398,280,M2_HAR|M3_HARJ|M4_HARQ,M2_HAR|M3_HARJ|M4_HARQ,"{""M5_RGARCH"": 0.0, ""M6_GK"": 0.0126, ""M6_PARK"": 0.05, ""M1_EWMA"": 0.05, ""M3_HARJ"": 0.2507, ""M2_HAR"": 1.0, ""M4_HARQ"": 1.0}"
NQ/RTH/B0/1day/S-C_q0.80,18,2620441196,280,M2_HAR|M3_HARJ|M4_HARQ,M2_HAR|M3_HARJ|M4_HARQ,"{""M5_RGARCH"": 0.0, ""M6_GK"": 0.0167, ""M1_EWMA"": 0.0622, ""M6_PARK"": 0.0622, ""M3_HARJ"": 0.2654, ""M2_HAR"": 1.0, ""M4_HARQ"": 1.0}"
NQ/RTH/B0/1day/S-C_q0.80,19,4201311651,280,M2_HAR|M3_HARJ|M4_HARQ,M2_HAR|M3_HARJ|M4_HARQ,"{""M5_RGARCH"": 0.0, ""M6_GK"": 0.0119, ""M1_EWMA"": 0.0578, ""M6_PARK"": 0.0578, ""M3_HARJ"": 0.2533, ""M2_HAR"": 1.0, ""M4_HARQ"": 1.0}"
NQ/RTH/B0/1day/S-C_q0.90,0,2237533746,140,M2_HAR|M3_HARJ|M4_HARQ,M2_HAR|M3_HARJ|M4_HARQ|M6_PARK,"{""M5_RGARCH"": 0.0021, ""M1_EWMA"": 0.0452, ""M6_GK"": 0.0452, ""M6_PARK"": 0.1383, ""M3_HARJ"": 0.4619, ""M2_HAR"": 1.0, ""M4_HARQ"": 1.0}"
NQ/RTH/B0/1day/S-C_q0.90,1,702494603,140,M2_HAR|M3_HARJ|M4_HARQ,M2_HAR|M3_HARJ|M4_HARQ|M6_PARK,"{""M5_RGARCH"": 0.0011, ""M1_EWMA"": 0.0446, ""M6_GK"": 0.0446, ""M6_PARK"": 0.136, ""M3_HARJ"": 0.4692, ""M2_HAR"": 1.0, ""M4_HARQ"": 1.0}"
NQ/RTH/B0/1day/S-C_q0.90,2,4139393190,140,M2_HAR|M3_HARJ|M4_HARQ,M2_HAR|M3_HARJ|M4_HARQ|M6_PARK,"{""M5_RGARCH"": 0.0022, ""M1_EWMA"": 0.0472, ""M6_GK"": 0.0472, ""M6_PARK"": 0.1394, ""M3_HARJ"": 0.4549, ""M2_HAR"": 1.0, ""M4_HARQ"": 1.0}"
NQ/RTH/B0/1day/S-C_q0.90,3,769717545,140,M2_HAR|M3_HARJ|M4_HARQ,M2_HAR|M3_HARJ|M4_HARQ|M6_PARK,"{""M5_RGARCH"": 0.0021, ""M1_EWMA"": 0.0503, ""M6_GK"": 0.0503, ""M6_PARK"": 0.1349, ""M3_HARJ"": 0.4557, ""M2_HAR"": 1.0, ""M4_HARQ"": 1.0}"
NQ/RTH/B0/1day/S-C_q0.90,4,919028315,140,M2_HAR|M3_HARJ|M4_HARQ,M2_HAR|M3_HARJ|M4_HARQ|M6_PARK,"{""M5_RGARCH"": 0.0016, ""M1_EWMA"": 0.0423, ""M6_GK"": 0.0423, ""M6_PARK"": 0.1404, ""M3_HARJ"": 0.454, ""M2_HAR"": 1.0, ""M4_HARQ"": 1.0}"
NQ/RTH/B0/1day/S-C_q0.90,5,611620464,140,M2_HAR|M3_HARJ|M4_HARQ,M2_HAR|M3_HARJ|M4_HARQ|M6_PARK,"{""M5_RGARCH"": 0.001, ""M1_EWMA"": 0.0492, ""M6_GK"": 0.0492, ""M6_PARK"": 0.1434, ""M3_HARJ"": 0.4671, ""M2_HAR"": 1.0, ""M4_HARQ"": 1.0}"
NQ/RTH/B0/1day/S-C_q0.90,6,3477480266,140,M2_HAR|M3_HARJ|M4_HARQ,M2_HAR|M3_HARJ|M4_HARQ|M6_PARK,"{""M5_RGARCH"": 0.0023, ""M1_EWMA"": 0.0483, ""M6_GK"": 0.0483, ""M6_PARK"": 0.1338, ""M3_HARJ"": 0.4463, ""M2_HAR"": 1.0, ""M4_HARQ"": 1.0}"
NQ/RTH/B0/1day/S-C_q0.90,7,3198431117,140,M2_HAR|M3_HARJ|M4_HARQ,M2_HAR|M3_HARJ|M4_HARQ|M6_PARK,"{""M5_RGARCH"": 0.0014, ""M1_EWMA"": 0.0502, ""M6_GK"": 0.0502, ""M6_PARK"": 0.143, ""M3_HARJ"": 0.4544, ""M2_HAR"": 1.0, ""M4_HARQ"": 1.0}"
NQ/RTH/B0/1day/S-C_q0.90,8,2621026741,140,M2_HAR|M3_HARJ|M4_HARQ,M2_HAR|M3_HARJ|M4_HARQ|M6_PARK,"{""M5_RGARCH"": 0.0021, ""M1_EWMA"": 0.0473, ""M6_GK"": 0.0473, ""M6_PARK"": 0.1367, ""M3_HARJ"": 0.4542, ""M2_HAR"": 1.0, ""M4_HARQ"": 1.0}"
NQ/RTH/B0/1day/S-C_q0.90,9,1169115867,140,M2_HAR|M3_HARJ|M4_HARQ,M2_HAR|M3_HARJ|M4_HARQ|M6_PARK,"{""M5_RGARCH"": 0.0021, ""M1_EWMA"": 0.0486, ""M6_GK"": 0.0486, ""M6_PARK"": 0.1416, ""M3_HARJ"": 0.457, ""M2_HAR"": 1.0, ""M4_HARQ"": 1.0}"
NQ/RTH/B0/1day/S-C_q0.90,10,3689063838,140,M2_HAR|M3_HARJ|M4_HARQ,M2_HAR|M3_HARJ|M4_HARQ|M6_PARK,"{""M5_RGARCH"": 0.0035, ""M1_EWMA"": 0.0461, ""M6_GK"": 0.0461, ""M6_PARK"": 0.1403, ""M3_HARJ"": 0.4629, ""M2_HAR"": 1.0, ""M4_HARQ"": 1.0}"
NQ/RTH/B0/1day/S-C_q0.90,11,1498398406,140,M2_HAR|M3_HARJ|M4_HARQ,M2_HAR|M3_HARJ|M4_HARQ|M6_PARK,"{""M5_RGARCH"": 0.0023, ""M1_EWMA"": 0.0461, ""M6_GK"": 0.0461, ""M6_PARK"": 0.1385, ""M3_HARJ"": 0.4631, ""M2_HAR"": 1.0, ""M4_HARQ"": 1.0}"
NQ/RTH/B0/1day/S-C_q0.90,12,3833968697,140,M2_HAR|M3_HARJ|M4_HARQ,M2_HAR|M3_HARJ|M4_HARQ|M6_PARK,"{""M5_RGARCH"": 0.0018, ""M1_EWMA"": 0.0492, ""M6_GK"": 0.0492, ""M6_PARK"": 0.1369, ""M3_HARJ"": 0.4612, ""M2_HAR"": 1.0, ""M4_HARQ"": 1.0}"
NQ/RTH/B0/1day/S-C_q0.90,13,630741820,140,M2_HAR|M3_HARJ|M4_HARQ,M2_HAR|M3_HARJ|M4_HARQ|M6_PARK,"{""M5_RGARCH"": 0.002, ""M1_EWMA"": 0.0465, ""M6_GK"": 0.0465, ""M6_PARK"": 0.1377, ""M3_HARJ"": 0.447, ""M2_HAR"": 1.0, ""M4_HARQ"": 1.0}"
NQ/RTH/B0/1day/S-C_q0.90,14,2401719883,140,M2_HAR|M3_HARJ|M4_HARQ,M2_HAR|M3_HARJ|M4_HARQ|M6_PARK,"{""M5_RGARCH"": 0.0018, ""M1_EWMA"": 0.0456, ""M6_GK"": 0.0456, ""M6_PARK"": 0.1317, ""M3_HARJ"": 0.4535, ""M2_HAR"": 1.0, ""M4_HARQ"": 1.0}"
NQ/RTH/B0/1day/S-C_q0.90,15,3662131630,140,M2_HAR|M3_HARJ|M4_HARQ,M2_HAR|M3_HARJ|M4_HARQ|M6_PARK,"{""M5_RGARCH"": 0.0014, ""M1_EWMA"": 0.0461, ""M6_GK"": 0.0461, ""M6_PARK"": 0.1437, ""M3_HARJ"": 0.451, ""M2_HAR"": 1.0, ""M4_HARQ"": 1.0}"
NQ/RTH/B0/1day/S-C_q0.90,16,303417529,140,M2_HAR|M3_HARJ|M4_HARQ,M2_HAR|M3_HARJ|M4_HARQ|M6_PARK,"{""M5_RGARCH"": 0.0019, ""M1_EWMA"": 0.0466, ""M6_GK"": 0.0466, ""M6_PARK"": 0.1397, ""M3_HARJ"": 0.4519, ""M2_HAR"": 1.0, ""M4_HARQ"": 1.0}"
NQ/RTH/B0/1day/S-C_q0.90,17,4155647398,140,M2_HAR|M3_HARJ|M4_HARQ,M2_HAR|M3_HARJ|M4_HARQ|M6_PARK,"{""M5_RGARCH"": 0.0018, ""M1_EWMA"": 0.0507, ""M6_GK"": 0.0507, ""M6_PARK"": 0.1467, ""M3_HARJ"": 0.4563, ""M2_HAR"": 1.0, ""M4_HARQ"": 1.0}"
NQ/RTH/B0/1day/S-C_q0.90,18,2620441196,140,M2_HAR|M3_HARJ|M4_HARQ,M2_HAR|M3_HARJ|M4_HARQ|M6_PARK,"{""M5_RGARCH"": 0.0015, ""M1_EWMA"": 0.0447, ""M6_GK"": 0.0447, ""M6_PARK"": 0.1449, ""M3_HARJ"": 0.4567, ""M2_HAR"": 1.0, ""M4_HARQ"": 1.0}"
NQ/RTH/B0/1day/S-C_q0.90,19,4201311651,140,M2_HAR|M3_HARJ|M4_HARQ,M2_HAR|M3_HARJ|M4_HARQ|M6_PARK,"{""M5_RGARCH"": 0.0025, ""M1_EWMA"": 0.0435, ""M6_GK"": 0.0435, ""M6_PARK"": 0.1322, ""M3_HARJ"": 0.4604, ""M2_HAR"": 1.0, ""M4_HARQ"": 1.0}"
NQ/RTH/B0/1h/S-B_q0.80,0,2237533746,2181,M2_HAR|M4_HARQ,M1_EWMA|M2_HAR|M4_HARQ,"{""M5_RGARCH"": 0.0, ""M6_GK"": 0.0, ""M6_PARK"": 0.0, ""M3_HARJ"": 0.0016, ""M1_EWMA"": 0.1894, ""M2_HAR"": 1.0, ""M4_HARQ"": 1.0}"
NQ/RTH/B0/1h/S-B_q0.80,1,702494603,2181,M2_HAR|M4_HARQ,M1_EWMA|M2_HAR|M4_HARQ,"{""M5_RGARCH"": 0.0, ""M6_GK"": 0.0, ""M6_PARK"": 0.0, ""M3_HARJ"": 0.0021, ""M1_EWMA"": 0.1958, ""M2_HAR"": 1.0, ""M4_HARQ"": 1.0}"
NQ/RTH/B0/1h/S-B_q0.80,2,4139393190,2181,M2_HAR|M4_HARQ,M1_EWMA|M2_HAR|M4_HARQ,"{""M5_RGARCH"": 0.0, ""M6_GK"": 0.0, ""M6_PARK"": 0.0, ""M3_HARJ"": 0.0011, ""M1_EWMA"": 0.1934, ""M2_HAR"": 1.0, ""M4_HARQ"": 1.0}"
NQ/RTH/B0/1h/S-B_q0.80,3,769717545,2181,M2_HAR|M4_HARQ,M1_EWMA|M2_HAR|M4_HARQ,"{""M5_RGARCH"": 0.0, ""M6_GK"": 0.0, ""M6_PARK"": 0.0, ""M3_HARJ"": 0.0014, ""M1_EWMA"": 0.198, ""M2_HAR"": 1.0, ""M4_HARQ"": 1.0}"
NQ/RTH/B0/1h/S-B_q0.80,4,919028315,2181,M2_HAR|M4_HARQ,M1_EWMA|M2_HAR|M4_HARQ,"{""M5_RGARCH"": 0.0, ""M6_GK"": 0.0, ""M6_PARK"": 0.0, ""M3_HARJ"": 0.0017, ""M1_EWMA"": 0.1968, ""M2_HAR"": 1.0, ""M4_HARQ"": 1.0}"
NQ/RTH/B0/1h/S-B_q0.80,5,611620464,2181,M2_HAR|M4_HARQ,M1_EWMA|M2_HAR|M4_HARQ,"{""M5_RGARCH"": 0.0, ""M6_GK"": 0.0, ""M6_PARK"": 0.0, ""M3_HARJ"": 0.0017, ""M1_EWMA"": 0.1981, ""M2_HAR"": 1.0, ""M4_HARQ"": 1.0}"
NQ/RTH/B0/1h/S-B_q0.80,6,3477480266,2181,M2_HAR|M4_HARQ,M1_EWMA|M2_HAR|M4_HARQ,"{""M5_RGARCH"": 0.0, ""M6_GK"": 0.0, ""M6_PARK"": 0.0, ""M3_HARJ"": 0.0009, ""M1_EWMA"": 0.1979, ""M2_HAR"": 1.0, ""M4_HARQ"": 1.0}"
NQ/RTH/B0/1h/S-B_q0.80,7,3198431117,2181,M2_HAR|M4_HARQ,M1_EWMA|M2_HAR|M4_HARQ,"{""M5_RGARCH"": 0.0, ""M6_GK"": 0.0, ""M6_PARK"": 0.0, ""M3_HARJ"": 0.0007, ""M1_EWMA"": 0.199, ""M2_HAR"": 1.0, ""M4_HARQ"": 1.0}"
NQ/RTH/B0/1h/S-B_q0.80,8,2621026741,2181,M2_HAR|M4_HARQ,M1_EWMA|M2_HAR|M4_HARQ,"{""M5_RGARCH"": 0.0, ""M6_GK"": 0.0, ""M6_PARK"": 0.0, ""M3_HARJ"": 0.0026, ""M1_EWMA"": 0.198, ""M2_HAR"": 1.0, ""M4_HARQ"": 1.0}"
NQ/RTH/B0/1h/S-B_q0.80,9,1169115867,2181,M2_HAR|M4_HARQ,M1_EWMA|M2_HAR|M4_HARQ,"{""M5_RGARCH"": 0.0, ""M6_GK"": 0.0, ""M6_PARK"": 0.0, ""M3_HARJ"": 0.0011, ""M1_EWMA"": 0.1888, ""M2_HAR"": 1.0, ""M4_HARQ"": 1.0}"
NQ/RTH/B0/1h/S-B_q0.80,10,3689063838,2181,M2_HAR|M4_HARQ,M1_EWMA|M2_HAR|M4_HARQ,"{""M5_RGARCH"": 0.0, ""M6_GK"": 0.0, ""M6_PARK"": 0.0, ""M3_HARJ"": 0.001, ""M1_EWMA"": 0.194, ""M2_HAR"": 1.0, ""M4_HARQ"": 1.0}"
NQ/RTH/B0/1h/S-B_q0.80,11,1498398406,2181,M2_HAR|M4_HARQ,M1_EWMA|M2_HAR|M4_HARQ,"{""M5_RGARCH"": 0.0, ""M6_GK"": 0.0, ""M6_PARK"": 0.0, ""M3_HARJ"": 0.0009, ""M1_EWMA"": 0.1946, ""M2_HAR"": 1.0, ""M4_HARQ"": 1.0}"
NQ/RTH/B0/1h/S-B_q0.80,12,3833968697,2181,M2_HAR|M4_HARQ,M1_EWMA|M2_HAR|M4_HARQ,"{""M5_RGARCH"": 0.0, ""M6_GK"": 0.0, ""M6_PARK"": 0.0, ""M3_HARJ"": 0.0012, ""M1_EWMA"": 0.1955, ""M2_HAR"": 1.0, ""M4_HARQ"": 1.0}"
NQ/RTH/B0/1h/S-B_q0.80,13,630741820,2181,M2_HAR|M4_HARQ,M1_EWMA|M2_HAR|M4_HARQ,"{""M5_RGARCH"": 0.0, ""M6_GK"": 0.0, ""M6_PARK"": 0.0, ""M3_HARJ"": 0.0017, ""M1_EWMA"": 0.1991, ""M2_HAR"": 1.0, ""M4_HARQ"": 1.0}"
NQ/RTH/B0/1h/S-B_q0.80,14,2401719883,2181,M2_HAR|M4_HARQ,M1_EWMA|M2_HAR|M4_HARQ,"{""M5_RGARCH"": 0.0, ""M6_GK"": 0.0, ""M6_PARK"": 0.0, ""M3_HARJ"": 0.0014, ""M1_EWMA"": 0.1914, ""M2_HAR"": 1.0, ""M4_HARQ"": 1.0}"
NQ/RTH/B0/1h/S-B_q0.80,15,3662131630,2181,M2_HAR|M4_HARQ,M1_EWMA|M2_HAR|M4_HARQ,"{""M5_RGARCH"": 0.0, ""M6_GK"": 0.0, ""M6_PARK"": 0.0, ""M3_HARJ"": 0.0014, ""M1_EWMA"": 0.2019, ""M2_HAR"": 1.0, ""M4_HARQ"": 1.0}"
NQ/RTH/B0/1h/S-B_q0.80,16,303417529,2181,M2_HAR|M4_HARQ,M1_EWMA|M2_HAR|M4_HARQ,"{""M5_RGARCH"": 0.0, ""M6_GK"": 0.0, ""M6_PARK"": 0.0, ""M3_HARJ"": 0.0016, ""M1_EWMA"": 0.1905, ""M2_HAR"": 1.0, ""M4_HARQ"": 1.0}"
NQ/RTH/B0/1h/S-B_q0.80,17,4155647398,2181,M2_HAR|M4_HARQ,M1_EWMA|M2_HAR|M4_HARQ,"{""M5_RGARCH"": 0.0, ""M6_GK"": 0.0, ""M6_PARK"": 0.0, ""M3_HARJ"": 0.0017, ""M1_EWMA"": 0.1906, ""M2_HAR"": 1.0, ""M4_HARQ"": 1.0}"
NQ/RTH/B0/1h/S-B_q0.80,18,2620441196,2181,M2_HAR|M4_HARQ,M1_EWMA|M2_HAR|M4_HARQ,"{""M5_RGARCH"": 0.0, ""M6_GK"": 0.0, ""M6_PARK"": 0.0, ""M3_HARJ"": 0.0017, ""M1_EWMA"": 0.1928, ""M2_HAR"": 1.0, ""M4_HARQ"": 1.0}"
NQ/RTH/B0/1h/S-B_q0.80,19,4201311651,2181,M2_HAR|M4_HARQ,M1_EWMA|M2_HAR|M4_HARQ,"{""M5_RGARCH"": 0.0, ""M6_GK"": 0.0, ""M6_PARK"": 0.0, ""M3_HARJ"": 0.0014, ""M1_EWMA"": 0.1908, ""M2_HAR"": 1.0, ""M4_HARQ"": 1.0}"
NQ/RTH/B0/1h/S-B_q0.90,0,2237533746,1091,M2_HAR|M4_HARQ,M2_HAR|M4_HARQ,"{""M5_RGARCH"": 0.0, ""M6_GK"": 0.0, ""M6_PARK"": 0.0, ""M1_EWMA"": 0.0333, ""M3_HARJ"": 0.0333, ""M2_HAR"": 1.0, ""M4_HARQ"": 1.0}"
NQ/RTH/B0/1h/S-B_q0.90,1,702494603,1091,M2_HAR|M4_HARQ,M2_HAR|M4_HARQ,"{""M5_RGARCH"": 0.0, ""M6_GK"": 0.0, ""M6_PARK"": 0.0, ""M1_EWMA"": 0.0322, ""M3_HARJ"": 0.0322, ""M2_HAR"": 1.0, ""M4_HARQ"": 1.0}"
NQ/RTH/B0/1h/S-B_q0.90,2,4139393190,1091,M2_HAR|M4_HARQ,M2_HAR|M4_HARQ,"{""M5_RGARCH"": 0.0, ""M6_GK"": 0.0, ""M6_PARK"": 0.0, ""M1_EWMA"": 0.0293, ""M3_HARJ"": 0.0293, ""M2_HAR"": 1.0, ""M4_HARQ"": 1.0}"
NQ/RTH/B0/1h/S-B_q0.90,3,769717545,1091,M2_HAR|M4_HARQ,M2_HAR|M4_HARQ,"{""M5_RGARCH"": 0.0, ""M6_GK"": 0.0, ""M6_PARK"": 0.0, ""M1_EWMA"": 0.0354, ""M3_HARJ"": 0.0354, ""M2_HAR"": 1.0, ""M4_HARQ"": 1.0}"
NQ/RTH/B0/1h/S-B_q0.90,4,919028315,1091,M2_HAR|M4_HARQ,M2_HAR|M4_HARQ,"{""M5_RGARCH"": 0.0, ""M6_GK"": 0.0, ""M6_PARK"": 0.0, ""M1_EWMA"": 0.0297, ""M3_HARJ"": 0.0297, ""M2_HAR"": 1.0, ""M4_HARQ"": 1.0}"
NQ/RTH/B0/1h/S-B_q0.90,5,611620464,1091,M2_HAR|M4_HARQ,M2_HAR|M4_HARQ,"{""M5_RGARCH"": 0.0, ""M6_GK"": 0.0, ""M6_PARK"": 0.0, ""M1_EWMA"": 0.0339, ""M3_HARJ"": 0.0339, ""M2_HAR"": 1.0, ""M4_HARQ"": 1.0}"
NQ/RTH/B0/1h/S-B_q0.90,6,3477480266,1091,M2_HAR|M4_HARQ,M2_HAR|M4_HARQ,"{""M5_RGARCH"": 0.0, ""M6_GK"": 0.0, ""M6_PARK"": 0.0, ""M1_EWMA"": 0.0301, ""M3_HARJ"": 0.0301, ""M2_HAR"": 1.0, ""M4_HARQ"": 1.0}"
NQ/RTH/B0/1h/S-B_q0.90,7,3198431117,1091,M2_HAR|M4_HARQ,M2_HAR|M4_HARQ,"{""M5_RGARCH"": 0.0, ""M6_GK"": 0.0, ""M6_PARK"": 0.0, ""M1_EWMA"": 0.03, ""M3_HARJ"": 0.03, ""M2_HAR"": 1.0, ""M4_HARQ"": 1.0}"
NQ/RTH/B0/1h/S-B_q0.90,8,2621026741,1091,M2_HAR|M4_HARQ,M2_HAR|M4_HARQ,"{""M5_RGARCH"": 0.0, ""M6_GK"": 0.0, ""M6_PARK"": 0.0, ""M1_EWMA"": 0.0341, ""M3_HARJ"": 0.0341, ""M2_HAR"": 1.0, ""M4_HARQ"": 1.0}"
NQ/RTH/B0/1h/S-B_q0.90,9,1169115867,1091,M2_HAR|M4_HARQ,M2_HAR|M4_HARQ,"{""M5_RGARCH"": 0.0, ""M6_GK"": 0.0, ""M6_PARK"": 0.0, ""M1_EWMA"": 0.0333, ""M3_HARJ"": 0.0333, ""M2_HAR"": 1.0, ""M4_HARQ"": 1.0}"
NQ/RTH/B0/1h/S-B_q0.90,10,3689063838,1091,M2_HAR|M4_HARQ,M2_HAR|M4_HARQ,"{""M5_RGARCH"": 0.0, ""M6_GK"": 0.0, ""M6_PARK"": 0.0, ""M1_EWMA"": 0.031, ""M3_HARJ"": 0.031, ""M2_HAR"": 1.0, ""M4_HARQ"": 1.0}"
NQ/RTH/B0/1h/S-B_q0.90,11,1498398406,1091,M2_HAR|M4_HARQ,M2_HAR|M4_HARQ,"{""M5_RGARCH"": 0.0, ""M6_GK"": 0.0, ""M6_PARK"": 0.0, ""M1_EWMA"": 0.0352, ""M3_HARJ"": 0.0352, ""M2_HAR"": 1.0, ""M4_HARQ"": 1.0}"
NQ/RTH/B0/1h/S-B_q0.90,12,3833968697,1091,M2_HAR|M4_HARQ,M2_HAR|M4_HARQ,"{""M5_RGARCH"": 0.0, ""M6_GK"": 0.0, ""M6_PARK"": 0.0, ""M1_EWMA"": 0.0299, ""M3_HARJ"": 0.0299, ""M2_HAR"": 1.0, ""M4_HARQ"": 1.0}"
NQ/RTH/B0/1h/S-B_q0.90,13,630741820,1091,M2_HAR|M4_HARQ,M2_HAR|M4_HARQ,"{""M5_RGARCH"": 0.0, ""M6_GK"": 0.0, ""M6_PARK"": 0.0, ""M1_EWMA"": 0.0308, ""M3_HARJ"": 0.0308, ""M2_HAR"": 1.0, ""M4_HARQ"": 1.0}"
NQ/RTH/B0/1h/S-B_q0.90,14,2401719883,1091,M2_HAR|M4_HARQ,M2_HAR|M4_HARQ,"{""M5_RGARCH"": 0.0, ""M6_GK"": 0.0, ""M6_PARK"": 0.0, ""M1_EWMA"": 0.0308, ""M3_HARJ"": 0.0308, ""M2_HAR"": 1.0, ""M4_HARQ"": 1.0}"
NQ/RTH/B0/1h/S-B_q0.90,15,3662131630,1091,M2_HAR|M4_HARQ,M2_HAR|M4_HARQ,"{""M5_RGARCH"": 0.0, ""M6_GK"": 0.0, ""M6_PARK"": 0.0, ""M1_EWMA"": 0.0329, ""M3_HARJ"": 0.0329, ""M2_HAR"": 1.0, ""M4_HARQ"": 1.0}"
NQ/RTH/B0/1h/S-B_q0.90,16,303417529,1091,M2_HAR|M4_HARQ,M2_HAR|M4_HARQ,"{""M5_RGARCH"": 0.0, ""M6_GK"": 0.0, ""M6_PARK"": 0.0, ""M1_EWMA"": 0.0303, ""M3_HARJ"": 0.0303, ""M2_HAR"": 1.0, ""M4_HARQ"": 1.0}"
NQ/RTH/B0/1h/S-B_q0.90,17,4155647398,1091,M2_HAR|M4_HARQ,M2_HAR|M4_HARQ,"{""M5_RGARCH"": 0.0, ""M6_GK"": 0.0, ""M6_PARK"": 0.0, ""M1_EWMA"": 0.0321, ""M3_HARJ"": 0.0321, ""M2_HAR"": 1.0, ""M4_HARQ"": 1.0}"
NQ/RTH/B0/1h/S-B_q0.90,18,2620441196,1091,M2_HAR|M4_HARQ,M2_HAR|M4_HARQ,"{""M5_RGARCH"": 0.0, ""M6_GK"": 0.0, ""M6_PARK"": 0.0, ""M1_EWMA"": 0.0297, ""M3_HARJ"": 0.0297, ""M2_HAR"": 1.0, ""M4_HARQ"": 1.0}"
NQ/RTH/B0/1h/S-B_q0.90,19,4201311651,1091,M2_HAR|M4_HARQ,M2_HAR|M4_HARQ,"{""M5_RGARCH"": 0.0, ""M6_GK"": 0.0, ""M6_PARK"": 0.0, ""M1_EWMA"": 0.0328, ""M3_HARJ"": 0.0328, ""M2_HAR"": 1.0, ""M4_HARQ"": 1.0}"
NQ/RTH/B0/1h/S-C_q0.80,0,2237533746,2181,M2_HAR|M4_HARQ,M2_HAR|M4_HARQ,"{""M5_RGARCH"": 0.0, ""M6_GK"": 0.0, ""M6_PARK"": 0.0, ""M1_EWMA"": 0.0, ""M3_HARJ"": 0.0732, ""M2_HAR"": 1.0, ""M4_HARQ"": 1.0}"
NQ/RTH/B0/1h/S-C_q0.80,1,702494603,2181,M2_HAR|M4_HARQ,M2_HAR|M4_HARQ,"{""M5_RGARCH"": 0.0, ""M6_GK"": 0.0, ""M6_PARK"": 0.0, ""M1_EWMA"": 0.0, ""M3_HARJ"": 0.0736, ""M2_HAR"": 1.0, ""M4_HARQ"": 1.0}"
NQ/RTH/B0/1h/S-C_q0.80,2,4139393190,2181,M2_HAR|M4_HARQ,M2_HAR|M4_HARQ,"{""M5_RGARCH"": 0.0, ""M6_GK"": 0.0, ""M6_PARK"": 0.0, ""M1_EWMA"": 0.0, ""M3_HARJ"": 0.0688, ""M2_HAR"": 1.0, ""M4_HARQ"": 1.0}"
NQ/RTH/B0/1h/S-C_q0.80,3,769717545,2181,M2_HAR|M4_HARQ,M2_HAR|M4_HARQ,"{""M5_RGARCH"": 0.0, ""M6_GK"": 0.0, ""M6_PARK"": 0.0, ""M1_EWMA"": 0.0, ""M3_HARJ"": 0.0725, ""M2_HAR"": 1.0, ""M4_HARQ"": 1.0}"
NQ/RTH/B0/1h/S-C_q0.80,4,919028315,2181,M2_HAR|M4_HARQ,M2_HAR|M4_HARQ,"{""M5_RGARCH"": 0.0, ""M6_GK"": 0.0, ""M6_PARK"": 0.0, ""M1_EWMA"": 0.0, ""M3_HARJ"": 0.0734, ""M2_HAR"": 1.0, ""M4_HARQ"": 1.0}"
NQ/RTH/B0/1h/S-C_q0.80,5,611620464,2181,M2_HAR|M4_HARQ,M2_HAR|M4_HARQ,"{""M5_RGARCH"": 0.0, ""M6_GK"": 0.0, ""M6_PARK"": 0.0, ""M1_EWMA"": 0.0, ""M3_HARJ"": 0.072, ""M2_HAR"": 1.0, ""M4_HARQ"": 1.0}"
NQ/RTH/B0/1h/S-C_q0.80,6,3477480266,2181,M2_HAR|M4_HARQ,M2_HAR|M4_HARQ,"{""M5_RGARCH"": 0.0, ""M6_GK"": 0.0, ""M6_PARK"": 0.0, ""M1_EWMA"": 0.0, ""M3_HARJ"": 0.0688, ""M2_HAR"": 1.0, ""M4_HARQ"": 1.0}"
NQ/RTH/B0/1h/S-C_q0.80,7,3198431117,2181,M2_HAR|M4_HARQ,M2_HAR|M4_HARQ,"{""M5_RGARCH"": 0.0, ""M6_GK"": 0.0, ""M6_PARK"": 0.0, ""M1_EWMA"": 0.0, ""M3_HARJ"": 0.0676, ""M2_HAR"": 1.0, ""M4_HARQ"": 1.0}"
NQ/RTH/B0/1h/S-C_q0.80,8,2621026741,2181,M2_HAR|M4_HARQ,M2_HAR|M4_HARQ,"{""M5_RGARCH"": 0.0, ""M6_GK"": 0.0, ""M6_PARK"": 0.0, ""M1_EWMA"": 0.0, ""M3_HARJ"": 0.072, ""M2_HAR"": 1.0, ""M4_HARQ"": 1.0}"
NQ/RTH/B0/1h/S-C_q0.80,9,1169115867,2181,M2_HAR|M4_HARQ,M2_HAR|M4_HARQ,"{""M5_RGARCH"": 0.0, ""M6_GK"": 0.0, ""M6_PARK"": 0.0, ""M1_EWMA"": 0.0, ""M3_HARJ"": 0.067, ""M2_HAR"": 1.0, ""M4_HARQ"": 1.0}"
NQ/RTH/B0/1h/S-C_q0.80,10,3689063838,2181,M2_HAR|M4_HARQ,M2_HAR|M4_HARQ,"{""M5_RGARCH"": 0.0, ""M6_GK"": 0.0, ""M6_PARK"": 0.0, ""M1_EWMA"": 0.0, ""M3_HARJ"": 0.0654, ""M2_HAR"": 1.0, ""M4_HARQ"": 1.0}"
NQ/RTH/B0/1h/S-C_q0.80,11,1498398406,2181,M2_HAR|M4_HARQ,M2_HAR|M4_HARQ,"{""M5_RGARCH"": 0.0, ""M6_GK"": 0.0, ""M6_PARK"": 0.0, ""M1_EWMA"": 0.0, ""M3_HARJ"": 0.0711, ""M2_HAR"": 1.0, ""M4_HARQ"": 1.0}"
NQ/RTH/B0/1h/S-C_q0.80,12,3833968697,2181,M2_HAR|M4_HARQ,M2_HAR|M4_HARQ,"{""M5_RGARCH"": 0.0, ""M6_GK"": 0.0, ""M6_PARK"": 0.0, ""M1_EWMA"": 0.0, ""M3_HARJ"": 0.0662, ""M2_HAR"": 1.0, ""M4_HARQ"": 1.0}"
NQ/RTH/B0/1h/S-C_q0.80,13,630741820,2181,M2_HAR|M4_HARQ,M2_HAR|M4_HARQ,"{""M5_RGARCH"": 0.0, ""M6_GK"": 0.0, ""M6_PARK"": 0.0, ""M1_EWMA"": 0.0, ""M3_HARJ"": 0.0737, ""M2_HAR"": 1.0, ""M4_HARQ"": 1.0}"
NQ/RTH/B0/1h/S-C_q0.80,14,2401719883,2181,M2_HAR|M4_HARQ,M2_HAR|M4_HARQ,"{""M5_RGARCH"": 0.0, ""M6_GK"": 0.0, ""M6_PARK"": 0.0, ""M1_EWMA"": 0.0, ""M3_HARJ"": 0.0694, ""M2_HAR"": 1.0, ""M4_HARQ"": 1.0}"
NQ/RTH/B0/1h/S-C_q0.80,15,3662131630,2181,M2_HAR|M4_HARQ,M2_HAR|M4_HARQ,"{""M5_RGARCH"": 0.0, ""M6_GK"": 0.0, ""M6_PARK"": 0.0, ""M1_EWMA"": 0.0, ""M3_HARJ"": 0.0698, ""M2_HAR"": 1.0, ""M4_HARQ"": 1.0}"
NQ/RTH/B0/1h/S-C_q0.80,16,303417529,2181,M2_HAR|M4_HARQ,M2_HAR|M4_HARQ,"{""M5_RGARCH"": 0.0, ""M6_GK"": 0.0, ""M6_PARK"": 0.0, ""M1_EWMA"": 0.0, ""M3_HARJ"": 0.0701, ""M2_HAR"": 1.0, ""M4_HARQ"": 1.0}"
NQ/RTH/B0/1h/S-C_q0.80,17,4155647398,2181,M2_HAR|M4_HARQ,M2_HAR|M4_HARQ,"{""M5_RGARCH"": 0.0, ""M6_GK"": 0.0, ""M6_PARK"": 0.0, ""M1_EWMA"": 0.0, ""M3_HARJ"": 0.0722, ""M2_HAR"": 1.0, ""M4_HARQ"": 1.0}"
NQ/RTH/B0/1h/S-C_q0.80,18,2620441196,2181,M2_HAR|M4_HARQ,M2_HAR|M4_HARQ,"{""M5_RGARCH"": 0.0, ""M6_GK"": 0.0, ""M6_PARK"": 0.0, ""M1_EWMA"": 0.0, ""M3_HARJ"": 0.0683, ""M2_HAR"": 1.0, ""M4_HARQ"": 1.0}"
NQ/RTH/B0/1h/S-C_q0.80,19,4201311651,2181,M2_HAR|M4_HARQ,M2_HAR|M4_HARQ,"{""M5_RGARCH"": 0.0, ""M6_GK"": 0.0, ""M6_PARK"": 0.0, ""M1_EWMA"": 0.0, ""M3_HARJ"": 0.067, ""M2_HAR"": 1.0, ""M4_HARQ"": 1.0}"
NQ/RTH/B0/1h/S-C_q0.90,0,2237533746,1091,M2_HAR|M3_HARJ|M4_HARQ,M2_HAR|M3_HARJ|M4_HARQ,"{""M5_RGARCH"": 0.0, ""M6_GK"": 0.0, ""M6_PARK"": 0.0, ""M1_EWMA"": 0.0, ""M3_HARJ"": 0.7877, ""M2_HAR"": 1.0, ""M4_HARQ"": 1.0}"
NQ/RTH/B0/1h/S-C_q0.90,1,702494603,1091,M2_HAR|M3_HARJ|M4_HARQ,M2_HAR|M3_HARJ|M4_HARQ,"{""M5_RGARCH"": 0.0, ""M6_GK"": 0.0, ""M6_PARK"": 0.0, ""M1_EWMA"": 0.0, ""M3_HARJ"": 0.7855, ""M2_HAR"": 1.0, ""M4_HARQ"": 1.0}"
NQ/RTH/B0/1h/S-C_q0.90,2,4139393190,1091,M2_HAR|M3_HARJ|M4_HARQ,M2_HAR|M3_HARJ|M4_HARQ,"{""M5_RGARCH"": 0.0, ""M6_GK"": 0.0, ""M6_PARK"": 0.0, ""M1_EWMA"": 0.0, ""M3_HARJ"": 0.7803, ""M2_HAR"": 1.0, ""M4_HARQ"": 1.0}"
NQ/RTH/B0/1h/S-C_q0.90,3,769717545,1091,M2_HAR|M3_HARJ|M4_HARQ,M2_HAR|M3_HARJ|M4_HARQ,"{""M5_RGARCH"": 0.0, ""M6_GK"": 0.0, ""M6_PARK"": 0.0, ""M1_EWMA"": 0.0, ""M3_HARJ"": 0.789, ""M2_HAR"": 1.0, ""M4_HARQ"": 1.0}"
NQ/RTH/B0/1h/S-C_q0.90,4,919028315,1091,M2_HAR|M3_HARJ|M4_HARQ,M2_HAR|M3_HARJ|M4_HARQ,"{""M5_RGARCH"": 0.0, ""M6_GK"": 0.0, ""M6_PARK"": 0.0, ""M1_EWMA"": 0.0, ""M3_HARJ"": 0.7868, ""M2_HAR"": 1.0, ""M4_HARQ"": 1.0}"
NQ/RTH/B0/1h/S-C_q0.90,5,611620464,1091,M2_HAR|M3_HARJ|M4_HARQ,M2_HAR|M3_HARJ|M4_HARQ,"{""M5_RGARCH"": 0.0, ""M6_GK"": 0.0, ""M6_PARK"": 0.0, ""M1_EWMA"": 0.0, ""M3_HARJ"": 0.7905, ""M2_HAR"": 1.0, ""M4_HARQ"": 1.0}"
NQ/RTH/B0/1h/S-C_q0.90,6,3477480266,1091,M2_HAR|M3_HARJ|M4_HARQ,M2_HAR|M3_HARJ|M4_HARQ,"{""M5_RGARCH"": 0.0, ""M6_GK"": 0.0, ""M6_PARK"": 0.0, ""M1_EWMA"": 0.0, ""M3_HARJ"": 0.7886, ""M2_HAR"": 1.0, ""M4_HARQ"": 1.0}"
NQ/RTH/B0/1h/S-C_q0.90,7,3198431117,1091,M2_HAR|M3_HARJ|M4_HARQ,M2_HAR|M3_HARJ|M4_HARQ,"{""M5_RGARCH"": 0.0, ""M6_GK"": 0.0, ""M6_PARK"": 0.0, ""M1_EWMA"": 0.0, ""M3_HARJ"": 0.7873, ""M2_HAR"": 1.0, ""M4_HARQ"": 1.0}"
NQ/RTH/B0/1h/S-C_q0.90,8,2621026741,1091,M2_HAR|M3_HARJ|M4_HARQ,M2_HAR|M3_HARJ|M4_HARQ,"{""M5_RGARCH"": 0.0, ""M6_GK"": 0.0, ""M6_PARK"": 0.0, ""M1_EWMA"": 0.0, ""M3_HARJ"": 0.7799, ""M2_HAR"": 1.0, ""M4_HARQ"": 1.0}"
NQ/RTH/B0/1h/S-C_q0.90,9,1169115867,1091,M2_HAR|M3_HARJ|M4_HARQ,M2_HAR|M3_HARJ|M4_HARQ,"{""M5_RGARCH"": 0.0, ""M6_GK"": 0.0, ""M6_PARK"": 0.0, ""M1_EWMA"": 0.0, ""M3_HARJ"": 0.7852, ""M2_HAR"": 1.0, ""M4_HARQ"": 1.0}"
NQ/RTH/B0/1h/S-C_q0.90,10,3689063838,1091,M2_HAR|M3_HARJ|M4_HARQ,M2_HAR|M3_HARJ|M4_HARQ,"{""M5_RGARCH"": 0.0, ""M6_GK"": 0.0, ""M6_PARK"": 0.0, ""M1_EWMA"": 0.0, ""M3_HARJ"": 0.7858, ""M2_HAR"": 1.0, ""M4_HARQ"": 1.0}"
NQ/RTH/B0/1h/S-C_q0.90,11,1498398406,1091,M2_HAR|M3_HARJ|M4_HARQ,M2_HAR|M3_HARJ|M4_HARQ,"{""M5_RGARCH"": 0.0, ""M6_GK"": 0.0, ""M6_PARK"": 0.0, ""M1_EWMA"": 0.0, ""M3_HARJ"": 0.7846, ""M2_HAR"": 1.0, ""M4_HARQ"": 1.0}"
NQ/RTH/B0/1h/S-C_q0.90,12,3833968697,1091,M2_HAR|M3_HARJ|M4_HARQ,M2_HAR|M3_HARJ|M4_HARQ,"{""M5_RGARCH"": 0.0, ""M6_GK"": 0.0, ""M6_PARK"": 0.0, ""M1_EWMA"": 0.0, ""M3_HARJ"": 0.7782, ""M2_HAR"": 1.0, ""M4_HARQ"": 1.0}"
NQ/RTH/B0/1h/S-C_q0.90,13,630741820,1091,M2_HAR|M3_HARJ|M4_HARQ,M2_HAR|M3_HARJ|M4_HARQ,"{""M5_RGARCH"": 0.0, ""M6_GK"": 0.0, ""M6_PARK"": 0.0, ""M1_EWMA"": 0.0, ""M3_HARJ"": 0.7795, ""M2_HAR"": 1.0, ""M4_HARQ"": 1.0}"
NQ/RTH/B0/1h/S-C_q0.90,14,2401719883,1091,M2_HAR|M3_HARJ|M4_HARQ,M2_HAR|M3_HARJ|M4_HARQ,"{""M5_RGARCH"": 0.0, ""M6_GK"": 0.0, ""M6_PARK"": 0.0, ""M1_EWMA"": 0.0, ""M3_HARJ"": 0.7878, ""M2_HAR"": 1.0, ""M4_HARQ"": 1.0}"
NQ/RTH/B0/1h/S-C_q0.90,15,3662131630,1091,M2_HAR|M3_HARJ|M4_HARQ,M2_HAR|M3_HARJ|M4_HARQ,"{""M5_RGARCH"": 0.0, ""M6_GK"": 0.0, ""M6_PARK"": 0.0, ""M1_EWMA"": 0.0, ""M3_HARJ"": 0.7881, ""M2_HAR"": 1.0, ""M4_HARQ"": 1.0}"
NQ/RTH/B0/1h/S-C_q0.90,16,303417529,1091,M2_HAR|M3_HARJ|M4_HARQ,M2_HAR|M3_HARJ|M4_HARQ,"{""M5_RGARCH"": 0.0, ""M6_GK"": 0.0, ""M6_PARK"": 0.0, ""M1_EWMA"": 0.0, ""M3_HARJ"": 0.7894, ""M2_HAR"": 1.0, ""M4_HARQ"": 1.0}"
NQ/RTH/B0/1h/S-C_q0.90,17,4155647398,1091,M2_HAR|M3_HARJ|M4_HARQ,M2_HAR|M3_HARJ|M4_HARQ,"{""M5_RGARCH"": 0.0, ""M6_GK"": 0.0, ""M6_PARK"": 0.0, ""M1_EWMA"": 0.0, ""M3_HARJ"": 0.7907, ""M2_HAR"": 1.0, ""M4_HARQ"": 1.0}"
NQ/RTH/B0/1h/S-C_q0.90,18,2620441196,1091,M2_HAR|M3_HARJ|M4_HARQ,M2_HAR|M3_HARJ|M4_HARQ,"{""M5_RGARCH"": 0.0, ""M6_GK"": 0.0, ""M6_PARK"": 0.0, ""M1_EWMA"": 0.0, ""M3_HARJ"": 0.7751, ""M2_HAR"": 1.0, ""M4_HARQ"": 1.0}"
NQ/RTH/B0/1h/S-C_q0.90,19,4201311651,1091,M2_HAR|M3_HARJ|M4_HARQ,M2_HAR|M3_HARJ|M4_HARQ,"{""M5_RGARCH"": 0.0, ""M6_GK"": 0.0, ""M6_PARK"": 0.0, ""M1_EWMA"": 0.0, ""M3_HARJ"": 0.7833, ""M2_HAR"": 1.0, ""M4_HARQ"": 1.0}"
NQ/RTH/B0/30min/S-B_q0.80,0,2237533746,4463,M2_HAR|M3_HARJ|M4_HARQ,M2_HAR|M3_HARJ|M4_HARQ,"{""M5_RGARCH"": 0.0, ""M6_GK"": 0.0, ""M6_PARK"": 0.0, ""M1_EWMA"": 0.0, ""M2_HAR"": 0.4683, ""M3_HARJ"": 1.0, ""M4_HARQ"": 1.0}"
NQ/RTH/B0/30min/S-B_q0.80,1,702494603,4463,M2_HAR|M3_HARJ|M4_HARQ,M2_HAR|M3_HARJ|M4_HARQ,"{""M5_RGARCH"": 0.0, ""M6_GK"": 0.0, ""M6_PARK"": 0.0, ""M1_EWMA"": 0.0, ""M2_HAR"": 0.4785, ""M3_HARJ"": 1.0, ""M4_HARQ"": 1.0}"
NQ/RTH/B0/30min/S-B_q0.80,2,4139393190,4463,M2_HAR|M3_HARJ|M4_HARQ,M2_HAR|M3_HARJ|M4_HARQ,"{""M5_RGARCH"": 0.0, ""M6_GK"": 0.0, ""M6_PARK"": 0.0, ""M1_EWMA"": 0.0, ""M2_HAR"": 0.4792, ""M3_HARJ"": 1.0, ""M4_HARQ"": 1.0}"
NQ/RTH/B0/30min/S-B_q0.80,3,769717545,4463,M2_HAR|M3_HARJ|M4_HARQ,M2_HAR|M3_HARJ|M4_HARQ,"{""M5_RGARCH"": 0.0, ""M6_GK"": 0.0, ""M6_PARK"": 0.0, ""M1_EWMA"": 0.0, ""M2_HAR"": 0.4751, ""M3_HARJ"": 1.0, ""M4_HARQ"": 1.0}"
NQ/RTH/B0/30min/S-B_q0.80,4,919028315,4463,M2_HAR|M3_HARJ|M4_HARQ,M2_HAR|M3_HARJ|M4_HARQ,"{""M5_RGARCH"": 0.0, ""M6_GK"": 0.0, ""M6_PARK"": 0.0, ""M1_EWMA"": 0.0, ""M2_HAR"": 0.4765, ""M3_HARJ"": 1.0, ""M4_HARQ"": 1.0}"
NQ/RTH/B0/30min/S-B_q0.80,5,611620464,4463,M2_HAR|M3_HARJ|M4_HARQ,M2_HAR|M3_HARJ|M4_HARQ,"{""M5_RGARCH"": 0.0, ""M6_GK"": 0.0, ""M6_PARK"": 0.0, ""M1_EWMA"": 0.0, ""M2_HAR"": 0.4752, ""M3_HARJ"": 1.0, ""M4_HARQ"": 1.0}"
NQ/RTH/B0/30min/S-B_q0.80,6,3477480266,4463,M2_HAR|M3_HARJ|M4_HARQ,M2_HAR|M3_HARJ|M4_HARQ,"{""M5_RGARCH"": 0.0, ""M6_GK"": 0.0, ""M6_PARK"": 0.0, ""M1_EWMA"": 0.0, ""M2_HAR"": 0.4743, ""M3_HARJ"": 1.0, ""M4_HARQ"": 1.0}"
NQ/RTH/B0/30min/S-B_q0.80,7,3198431117,4463,M2_HAR|M3_HARJ|M4_HARQ,M2_HAR|M3_HARJ|M4_HARQ,"{""M5_RGARCH"": 0.0, ""M6_GK"": 0.0, ""M6_PARK"": 0.0, ""M1_EWMA"": 0.0, ""M2_HAR"": 0.4765, ""M3_HARJ"": 1.0, ""M4_HARQ"": 1.0}"
NQ/RTH/B0/30min/S-B_q0.80,8,2621026741,4463,M2_HAR|M3_HARJ|M4_HARQ,M2_HAR|M3_HARJ|M4_HARQ,"{""M5_RGARCH"": 0.0, ""M6_GK"": 0.0, ""M6_PARK"": 0.0, ""M1_EWMA"": 0.0, ""M2_HAR"": 0.478, ""M3_HARJ"": 1.0, ""M4_HARQ"": 1.0}"
NQ/RTH/B0/30min/S-B_q0.80,9,1169115867,4463,M2_HAR|M3_HARJ|M4_HARQ,M2_HAR|M3_HARJ|M4_HARQ,"{""M5_RGARCH"": 0.0, ""M6_GK"": 0.0, ""M6_PARK"": 0.0, ""M1_EWMA"": 0.0001, ""M2_HAR"": 0.4862, ""M3_HARJ"": 1.0, ""M4_HARQ"": 1.0}"
NQ/RTH/B0/30min/S-B_q0.80,10,3689063838,4463,M2_HAR|M3_HARJ|M4_HARQ,M2_HAR|M3_HARJ|M4_HARQ,"{""M5_RGARCH"": 0.0, ""M6_GK"": 0.0, ""M6_PARK"": 0.0, ""M1_EWMA"": 0.0, ""M2_HAR"": 0.4785, ""M3_HARJ"": 1.0, ""M4_HARQ"": 1.0}"
NQ/RTH/B0/30min/S-B_q0.80,11,1498398406,4463,M2_HAR|M3_HARJ|M4_HARQ,M2_HAR|M3_HARJ|M4_HARQ,"{""M5_RGARCH"": 0.0, ""M6_GK"": 0.0, ""M6_PARK"": 0.0, ""M1_EWMA"": 0.0, ""M2_HAR"": 0.4704, ""M3_HARJ"": 1.0, ""M4_HARQ"": 1.0}"
NQ/RTH/B0/30min/S-B_q0.80,12,3833968697,4463,M2_HAR|M3_HARJ|M4_HARQ,M2_HAR|M3_HARJ|M4_HARQ,"{""M5_RGARCH"": 0.0, ""M6_GK"": 0.0, ""M6_PARK"": 0.0, ""M1_EWMA"": 0.0, ""M2_HAR"": 0.4787, ""M3_HARJ"": 1.0, ""M4_HARQ"": 1.0}"
NQ/RTH/B0/30min/S-B_q0.80,13,630741820,4463,M2_HAR|M3_HARJ|M4_HARQ,M2_HAR|M3_HARJ|M4_HARQ,"{""M5_RGARCH"": 0.0, ""M6_GK"": 0.0, ""M6_PARK"": 0.0, ""M1_EWMA"": 0.0, ""M2_HAR"": 0.4854, ""M3_HARJ"": 1.0, ""M4_HARQ"": 1.0}"
NQ/RTH/B0/30min/S-B_q0.80,14,2401719883,4463,M2_HAR|M3_HARJ|M4_HARQ,M2_HAR|M3_HARJ|M4_HARQ,"{""M5_RGARCH"": 0.0, ""M6_GK"": 0.0, ""M6_PARK"": 0.0, ""M1_EWMA"": 0.0, ""M2_HAR"": 0.4774, ""M3_HARJ"": 1.0, ""M4_HARQ"": 1.0}"
NQ/RTH/B0/30min/S-B_q0.80,15,3662131630,4463,M2_HAR|M3_HARJ|M4_HARQ,M2_HAR|M3_HARJ|M4_HARQ,"{""M5_RGARCH"": 0.0, ""M6_GK"": 0.0, ""M6_PARK"": 0.0, ""M1_EWMA"": 0.0, ""M2_HAR"": 0.4786, ""M3_HARJ"": 1.0, ""M4_HARQ"": 1.0}"
NQ/RTH/B0/30min/S-B_q0.80,16,303417529,4463,M2_HAR|M3_HARJ|M4_HARQ,M2_HAR|M3_HARJ|M4_HARQ,"{""M5_RGARCH"": 0.0, ""M6_GK"": 0.0, ""M6_PARK"": 0.0, ""M1_EWMA"": 0.0, ""M2_HAR"": 0.4775, ""M3_HARJ"": 1.0, ""M4_HARQ"": 1.0}"
NQ/RTH/B0/30min/S-B_q0.80,17,4155647398,4463,M2_HAR|M3_HARJ|M4_HARQ,M2_HAR|M3_HARJ|M4_HARQ,"{""M5_RGARCH"": 0.0, ""M6_GK"": 0.0, ""M6_PARK"": 0.0, ""M1_EWMA"": 0.0, ""M2_HAR"": 0.4851, ""M3_HARJ"": 1.0, ""M4_HARQ"": 1.0}"
NQ/RTH/B0/30min/S-B_q0.80,18,2620441196,4463,M2_HAR|M3_HARJ|M4_HARQ,M2_HAR|M3_HARJ|M4_HARQ,"{""M5_RGARCH"": 0.0, ""M6_GK"": 0.0, ""M6_PARK"": 0.0, ""M1_EWMA"": 0.0, ""M2_HAR"": 0.4782, ""M3_HARJ"": 1.0, ""M4_HARQ"": 1.0}"
NQ/RTH/B0/30min/S-B_q0.80,19,4201311651,4463,M2_HAR|M3_HARJ|M4_HARQ,M2_HAR|M3_HARJ|M4_HARQ,"{""M5_RGARCH"": 0.0, ""M6_GK"": 0.0, ""M6_PARK"": 0.0, ""M1_EWMA"": 0.0, ""M2_HAR"": 0.4779, ""M3_HARJ"": 1.0, ""M4_HARQ"": 1.0}"
NQ/RTH/B0/30min/S-B_q0.90,0,2237533746,2232,M2_HAR|M3_HARJ|M4_HARQ,M2_HAR|M3_HARJ|M4_HARQ,"{""M5_RGARCH"": 0.0, ""M6_GK"": 0.0, ""M6_PARK"": 0.0, ""M1_EWMA"": 0.0003, ""M2_HAR"": 0.8099, ""M3_HARJ"": 1.0, ""M4_HARQ"": 1.0}"
NQ/RTH/B0/30min/S-B_q0.90,1,702494603,2232,M2_HAR|M3_HARJ|M4_HARQ,M2_HAR|M3_HARJ|M4_HARQ,"{""M5_RGARCH"": 0.0, ""M6_GK"": 0.0, ""M6_PARK"": 0.0, ""M1_EWMA"": 0.0011, ""M2_HAR"": 0.8042, ""M3_HARJ"": 1.0, ""M4_HARQ"": 1.0}"
NQ/RTH/B0/30min/S-B_q0.90,2,4139393190,2232,M2_HAR|M3_HARJ|M4_HARQ,M2_HAR|M3_HARJ|M4_HARQ,"{""M5_RGARCH"": 0.0, ""M6_GK"": 0.0, ""M6_PARK"": 0.0, ""M1_EWMA"": 0.0009, ""M2_HAR"": 0.8015, ""M3_HARJ"": 1.0, ""M4_HARQ"": 1.0}"
NQ/RTH/B0/30min/S-B_q0.90,3,769717545,2232,M2_HAR|M3_HARJ|M4_HARQ,M2_HAR|M3_HARJ|M4_HARQ,"{""M5_RGARCH"": 0.0, ""M6_GK"": 0.0, ""M6_PARK"": 0.0, ""M1_EWMA"": 0.0005, ""M2_HAR"": 0.8058, ""M3_HARJ"": 1.0, ""M4_HARQ"": 1.0}"
NQ/RTH/B0/30min/S-B_q0.90,4,919028315,2232,M2_HAR|M3_HARJ|M4_HARQ,M2_HAR|M3_HARJ|M4_HARQ,"{""M5_RGARCH"": 0.0, ""M6_GK"": 0.0, ""M6_PARK"": 0.0, ""M1_EWMA"": 0.0004, ""M2_HAR"": 0.8029, ""M3_HARJ"": 1.0, ""M4_HARQ"": 1.0}"
NQ/RTH/B0/30min/S-B_q0.90,5,611620464,2232,M2_HAR|M3_HARJ|M4_HARQ,M2_HAR|M3_HARJ|M4_HARQ,"{""M5_RGARCH"": 0.0, ""M6_GK"": 0.0, ""M6_PARK"": 0.0, ""M1_EWMA"": 0.0001, ""M2_HAR"": 0.8066, ""M3_HARJ"": 1.0, ""M4_HARQ"": 1.0}"
NQ/RTH/B0/30min/S-B_q0.90,6,3477480266,2232,M2_HAR|M3_HARJ|M4_HARQ,M2_HAR|M3_HARJ|M4_HARQ,"{""M5_RGARCH"": 0.0, ""M6_GK"": 0.0, ""M6_PARK"": 0.0, ""M1_EWMA"": 0.0008, ""M2_HAR"": 0.8038, ""M3_HARJ"": 1.0, ""M4_HARQ"": 1.0}"
NQ/RTH/B0/30min/S-B_q0.90,7,3198431117,2232,M2_HAR|M3_HARJ|M4_HARQ,M2_HAR|M3_HARJ|M4_HARQ,"{""M5_RGARCH"": 0.0, ""M6_GK"": 0.0, ""M6_PARK"": 0.0, ""M1_EWMA"": 0.0004, ""M2_HAR"": 0.8026, ""M3_HARJ"": 1.0, ""M4_HARQ"": 1.0}"
NQ/RTH/B0/30min/S-B_q0.90,8,2621026741,2232,M2_HAR|M3_HARJ|M4_HARQ,M2_HAR|M3_HARJ|M4_HARQ,"{""M5_RGARCH"": 0.0, ""M6_GK"": 0.0, ""M6_PARK"": 0.0, ""M1_EWMA"": 0.0006, ""M2_HAR"": 0.8007, ""M3_HARJ"": 1.0, ""M4_HARQ"": 1.0}"
NQ/RTH/B0/30min/S-B_q0.90,9,1169115867,2232,M2_HAR|M3_HARJ|M4_HARQ,M2_HAR|M3_HARJ|M4_HARQ,"{""M5_RGARCH"": 0.0, ""M6_GK"": 0.0, ""M6_PARK"": 0.0, ""M1_EWMA"": 0.0003, ""M2_HAR"": 0.8054, ""M3_HARJ"": 1.0, ""M4_HARQ"": 1.0}"
NQ/RTH/B0/30min/S-B_q0.90,10,3689063838,2232,M2_HAR|M3_HARJ|M4_HARQ,M2_HAR|M3_HARJ|M4_HARQ,"{""M5_RGARCH"": 0.0, ""M6_GK"": 0.0, ""M6_PARK"": 0.0, ""M1_EWMA"": 0.0009, ""M2_HAR"": 0.8075, ""M3_HARJ"": 1.0, ""M4_HARQ"": 1.0}"
NQ/RTH/B0/30min/S-B_q0.90,11,1498398406,2232,M2_HAR|M3_HARJ|M4_HARQ,M2_HAR|M3_HARJ|M4_HARQ,"{""M5_RGARCH"": 0.0, ""M6_GK"": 0.0, ""M6_PARK"": 0.0, ""M1_EWMA"": 0.0004, ""M2_HAR"": 0.799, ""M3_HARJ"": 1.0, ""M4_HARQ"": 1.0}"
NQ/RTH/B0/30min/S-B_q0.90,12,3833968697,2232,M2_HAR|M3_HARJ|M4_HARQ,M2_HAR|M3_HARJ|M4_HARQ,"{""M5_RGARCH"": 0.0, ""M6_GK"": 0.0, ""M6_PARK"": 0.0, ""M1_EWMA"": 0.0011, ""M2_HAR"": 0.8006, ""M3_HARJ"": 1.0, ""M4_HARQ"": 1.0}"
NQ/RTH/B0/30min/S-B_q0.90,13,630741820,2232,M2_HAR|M3_HARJ|M4_HARQ,M2_HAR|M3_HARJ|M4_HARQ,"{""M5_RGARCH"": 0.0, ""M6_GK"": 0.0, ""M6_PARK"": 0.0, ""M1_EWMA"": 0.0007, ""M2_HAR"": 0.8023, ""M3_HARJ"": 1.0, ""M4_HARQ"": 1.0}"
NQ/RTH/B0/30min/S-B_q0.90,14,2401719883,2232,M2_HAR|M3_HARJ|M4_HARQ,M2_HAR|M3_HARJ|M4_HARQ,"{""M5_RGARCH"": 0.0, ""M6_GK"": 0.0, ""M6_PARK"": 0.0, ""M1_EWMA"": 0.0009, ""M2_HAR"": 0.8036, ""M3_HARJ"": 1.0, ""M4_HARQ"": 1.0}"
NQ/RTH/B0/30min/S-B_q0.90,15,3662131630,2232,M2_HAR|M3_HARJ|M4_HARQ,M2_HAR|M3_HARJ|M4_HARQ,"{""M5_RGARCH"": 0.0, ""M6_GK"": 0.0, ""M6_PARK"": 0.0, ""M1_EWMA"": 0.001, ""M2_HAR"": 0.8047, ""M3_HARJ"": 1.0, ""M4_HARQ"": 1.0}"
NQ/RTH/B0/30min/S-B_q0.90,16,303417529,2232,M2_HAR|M3_HARJ|M4_HARQ,M2_HAR|M3_HARJ|M4_HARQ,"{""M5_RGARCH"": 0.0, ""M6_GK"": 0.0, ""M6_PARK"": 0.0, ""M1_EWMA"": 0.001, ""M2_HAR"": 0.8042, ""M3_HARJ"": 1.0, ""M4_HARQ"": 1.0}"
NQ/RTH/B0/30min/S-B_q0.90,17,4155647398,2232,M2_HAR|M3_HARJ|M4_HARQ,M2_HAR|M3_HARJ|M4_HARQ,"{""M5_RGARCH"": 0.0, ""M6_GK"": 0.0, ""M6_PARK"": 0.0, ""M1_EWMA"": 0.0007, ""M2_HAR"": 0.8024, ""M3_HARJ"": 1.0, ""M4_HARQ"": 1.0}"
NQ/RTH/B0/30min/S-B_q0.90,18,2620441196,2232,M2_HAR|M3_HARJ|M4_HARQ,M2_HAR|M3_HARJ|M4_HARQ,"{""M5_RGARCH"": 0.0, ""M6_GK"": 0.0, ""M6_PARK"": 0.0, ""M1_EWMA"": 0.0007, ""M2_HAR"": 0.8007, ""M3_HARJ"": 1.0, ""M4_HARQ"": 1.0}"
NQ/RTH/B0/30min/S-B_q0.90,19,4201311651,2232,M2_HAR|M3_HARJ|M4_HARQ,M2_HAR|M3_HARJ|M4_HARQ,"{""M5_RGARCH"": 0.0, ""M6_GK"": 0.0, ""M6_PARK"": 0.0, ""M1_EWMA"": 0.0009, ""M2_HAR"": 0.8002, ""M3_HARJ"": 1.0, ""M4_HARQ"": 1.0}"
NQ/RTH/B0/30min/S-C_q0.80,0,2237533746,4463,M2_HAR|M3_HARJ|M4_HARQ,M2_HAR|M3_HARJ|M4_HARQ,"{""M5_RGARCH"": 0.0, ""M6_GK"": 0.0, ""M6_PARK"": 0.0, ""M1_EWMA"": 0.0, ""M3_HARJ"": 0.3604, ""M2_HAR"": 1.0, ""M4_HARQ"": 1.0}"
NQ/RTH/B0/30min/S-C_q0.80,1,702494603,4463,M2_HAR|M3_HARJ|M4_HARQ,M2_HAR|M3_HARJ|M4_HARQ,"{""M5_RGARCH"": 0.0, ""M6_GK"": 0.0, ""M6_PARK"": 0.0, ""M1_EWMA"": 0.0, ""M3_HARJ"": 0.3618, ""M2_HAR"": 1.0, ""M4_HARQ"": 1.0}"
NQ/RTH/B0/30min/S-C_q0.80,2,4139393190,4463,M2_HAR|M3_HARJ|M4_HARQ,M2_HAR|M3_HARJ|M4_HARQ,"{""M5_RGARCH"": 0.0, ""M6_GK"": 0.0, ""M6_PARK"": 0.0, ""M1_EWMA"": 0.0, ""M3_HARJ"": 0.3597, ""M2_HAR"": 1.0, ""M4_HARQ"": 1.0}"
NQ/RTH/B0/30min/S-C_q0.80,3,769717545,4463,M2_HAR|M3_HARJ|M4_HARQ,M2_HAR|M3_HARJ|M4_HARQ,"{""M5_RGARCH"": 0.0, ""M6_GK"": 0.0, ""M6_PARK"": 0.0, ""M1_EWMA"": 0.0, ""M3_HARJ"": 0.3706, ""M2_HAR"": 1.0, ""M4_HARQ"": 1.0}"
NQ/RTH/B0/30min/S-C_q0.80,4,919028315,4463,M2_HAR|M3_HARJ|M4_HARQ,M2_HAR|M3_HARJ|M4_HARQ,"{""M5_RGARCH"": 0.0, ""M6_GK"": 0.0, ""M6_PARK"": 0.0, ""M1_EWMA"": 0.0, ""M3_HARJ"": 0.3709, ""M2_HAR"": 1.0, ""M4_HARQ"": 1.0}"
NQ/RTH/B0/30min/S-C_q0.80,5,611620464,4463,M2_HAR|M3_HARJ|M4_HARQ,M2_HAR|M3_HARJ|M4_HARQ,"{""M5_RGARCH"": 0.0, ""M6_GK"": 0.0, ""M6_PARK"": 0.0, ""M1_EWMA"": 0.0, ""M3_HARJ"": 0.3647, ""M2_HAR"": 1.0, ""M4_HARQ"": 1.0}"
NQ/RTH/B0/30min/S-C_q0.80,6,3477480266,4463,M2_HAR|M3_HARJ|M4_HARQ,M2_HAR|M3_HARJ|M4_HARQ,"{""M5_RGARCH"": 0.0, ""M6_GK"": 0.0, ""M6_PARK"": 0.0, ""M1_EWMA"": 0.0, ""M3_HARJ"": 0.3672, ""M2_HAR"": 1.0, ""M4_HARQ"": 1.0}"
NQ/RTH/B0/30min/S-C_q0.80,7,3198431117,4463,M2_HAR|M3_HARJ|M4_HARQ,M2_HAR|M3_HARJ|M4_HARQ,"{""M5_RGARCH"": 0.0, ""M6_GK"": 0.0, ""M6_PARK"": 0.0, ""M1_EWMA"": 0.0, ""M3_HARJ"": 0.3581, ""M2_HAR"": 1.0, ""M4_HARQ"": 1.0}"
NQ/RTH/B0/30min/S-C_q0.80,8,2621026741,4463,M2_HAR|M3_HARJ|M4_HARQ,M2_HAR|M3_HARJ|M4_HARQ,"{""M5_RGARCH"": 0.0, ""M6_GK"": 0.0, ""M6_PARK"": 0.0, ""M1_EWMA"": 0.0, ""M3_HARJ"": 0.3714, ""M2_HAR"": 1.0, ""M4_HARQ"": 1.0}"
NQ/RTH/B0/30min/S-C_q0.80,9,1169115867,4463,M2_HAR|M3_HARJ|M4_HARQ,M2_HAR|M3_HARJ|M4_HARQ,"{""M5_RGARCH"": 0.0, ""M6_GK"": 0.0, ""M6_PARK"": 0.0, ""M1_EWMA"": 0.0, ""M3_HARJ"": 0.3736, ""M2_HAR"": 1.0, ""M4_HARQ"": 1.0}"
NQ/RTH/B0/30min/S-C_q0.80,10,3689063838,4463,M2_HAR|M3_HARJ|M4_HARQ,M2_HAR|M3_HARJ|M4_HARQ,"{""M5_RGARCH"": 0.0, ""M6_GK"": 0.0, ""M6_PARK"": 0.0, ""M1_EWMA"": 0.0, ""M3_HARJ"": 0.365, ""M2_HAR"": 1.0, ""M4_HARQ"": 1.0}"
NQ/RTH/B0/30min/S-C_q0.80,11,1498398406,4463,M2_HAR|M3_HARJ|M4_HARQ,M2_HAR|M3_HARJ|M4_HARQ,"{""M5_RGARCH"": 0.0, ""M6_GK"": 0.0, ""M6_PARK"": 0.0, ""M1_EWMA"": 0.0, ""M3_HARJ"": 0.3725, ""M2_HAR"": 1.0, ""M4_HARQ"": 1.0}"
NQ/RTH/B0/30min/S-C_q0.80,12,3833968697,4463,M2_HAR|M3_HARJ|M4_HARQ,M2_HAR|M3_HARJ|M4_HARQ,"{""M5_RGARCH"": 0.0, ""M6_GK"": 0.0, ""M6_PARK"": 0.0, ""M1_EWMA"": 0.0, ""M3_HARJ"": 0.3649, ""M2_HAR"": 1.0, ""M4_HARQ"": 1.0}"
NQ/RTH/B0/30min/S-C_q0.80,13,630741820,4463,M2_HAR|M3_HARJ|M4_HARQ,M2_HAR|M3_HARJ|M4_HARQ,"{""M5_RGARCH"": 0.0, ""M6_GK"": 0.0, ""M6_PARK"": 0.0, ""M1_EWMA"": 0.0, ""M3_HARJ"": 0.3599, ""M2_HAR"": 1.0, ""M4_HARQ"": 1.0}"
NQ/RTH/B0/30min/S-C_q0.80,14,2401719883,4463,M2_HAR|M3_HARJ|M4_HARQ,M2_HAR|M3_HARJ|M4_HARQ,"{""M5_RGARCH"": 0.0, ""M6_GK"": 0.0, ""M6_PARK"": 0.0, ""M1_EWMA"": 0.0, ""M3_HARJ"": 0.3741, ""M2_HAR"": 1.0, ""M4_HARQ"": 1.0}"
NQ/RTH/B0/30min/S-C_q0.80,15,3662131630,4463,M2_HAR|M3_HARJ|M4_HARQ,M2_HAR|M3_HARJ|M4_HARQ,"{""M5_RGARCH"": 0.0, ""M6_GK"": 0.0, ""M6_PARK"": 0.0, ""M1_EWMA"": 0.0, ""M3_HARJ"": 0.3749, ""M2_HAR"": 1.0, ""M4_HARQ"": 1.0}"
NQ/RTH/B0/30min/S-C_q0.80,16,303417529,4463,M2_HAR|M3_HARJ|M4_HARQ,M2_HAR|M3_HARJ|M4_HARQ,"{""M5_RGARCH"": 0.0, ""M6_GK"": 0.0, ""M6_PARK"": 0.0, ""M1_EWMA"": 0.0, ""M3_HARJ"": 0.3719, ""M2_HAR"": 1.0, ""M4_HARQ"": 1.0}"
NQ/RTH/B0/30min/S-C_q0.80,17,4155647398,4463,M2_HAR|M3_HARJ|M4_HARQ,M2_HAR|M3_HARJ|M4_HARQ,"{""M5_RGARCH"": 0.0, ""M6_GK"": 0.0, ""M6_PARK"": 0.0, ""M1_EWMA"": 0.0, ""M3_HARJ"": 0.3665, ""M2_HAR"": 1.0, ""M4_HARQ"": 1.0}"
NQ/RTH/B0/30min/S-C_q0.80,18,2620441196,4463,M2_HAR|M3_HARJ|M4_HARQ,M2_HAR|M3_HARJ|M4_HARQ,"{""M5_RGARCH"": 0.0, ""M6_GK"": 0.0, ""M6_PARK"": 0.0, ""M1_EWMA"": 0.0, ""M3_HARJ"": 0.3623, ""M2_HAR"": 1.0, ""M4_HARQ"": 1.0}"
NQ/RTH/B0/30min/S-C_q0.80,19,4201311651,4463,M2_HAR|M3_HARJ|M4_HARQ,M2_HAR|M3_HARJ|M4_HARQ,"{""M5_RGARCH"": 0.0, ""M6_GK"": 0.0, ""M6_PARK"": 0.0, ""M1_EWMA"": 0.0, ""M3_HARJ"": 0.3674, ""M2_HAR"": 1.0, ""M4_HARQ"": 1.0}"
NQ/RTH/B0/30min/S-C_q0.90,0,2237533746,2232,M2_HAR|M3_HARJ|M4_HARQ,M2_HAR|M3_HARJ|M4_HARQ,"{""M5_RGARCH"": 0.0, ""M6_GK"": 0.0, ""M6_PARK"": 0.0, ""M1_EWMA"": 0.0, ""M3_HARJ"": 0.9583, ""M2_HAR"": 1.0, ""M4_HARQ"": 1.0}"
NQ/RTH/B0/30min/S-C_q0.90,1,702494603,2232,M2_HAR|M3_HARJ|M4_HARQ,M2_HAR|M3_HARJ|M4_HARQ,"{""M5_RGARCH"": 0.0, ""M6_GK"": 0.0, ""M6_PARK"": 0.0, ""M1_EWMA"": 0.0, ""M3_HARJ"": 0.9592, ""M2_HAR"": 1.0, ""M4_HARQ"": 1.0}"
NQ/RTH/B0/30min/S-C_q0.90,2,4139393190,2232,M2_HAR|M3_HARJ|M4_HARQ,M2_HAR|M3_HARJ|M4_HARQ,"{""M5_RGARCH"": 0.0, ""M6_GK"": 0.0, ""M6_PARK"": 0.0, ""M1_EWMA"": 0.0, ""M3_HARJ"": 0.9575, ""M2_HAR"": 1.0, ""M4_HARQ"": 1.0}"
NQ/RTH/B0/30min/S-C_q0.90,3,769717545,2232,M2_HAR|M3_HARJ|M4_HARQ,M2_HAR|M3_HARJ|M4_HARQ,"{""M5_RGARCH"": 0.0, ""M6_GK"": 0.0, ""M6_PARK"": 0.0, ""M1_EWMA"": 0.0, ""M3_HARJ"": 0.9566, ""M2_HAR"": 1.0, ""M4_HARQ"": 1.0}"
NQ/RTH/B0/30min/S-C_q0.90,4,919028315,2232,M2_HAR|M3_HARJ|M4_HARQ,M2_HAR|M3_HARJ|M4_HARQ,"{""M5_RGARCH"": 0.0, ""M6_GK"": 0.0, ""M6_PARK"": 0.0, ""M1_EWMA"": 0.0, ""M3_HARJ"": 0.9566, ""M2_HAR"": 1.0, ""M4_HARQ"": 1.0}"
NQ/RTH/B0/30min/S-C_q0.90,5,611620464,2232,M2_HAR|M3_HARJ|M4_HARQ,M2_HAR|M3_HARJ|M4_HARQ,"{""M5_RGARCH"": 0.0, ""M6_GK"": 0.0, ""M6_PARK"": 0.0, ""M1_EWMA"": 0.0, ""M3_HARJ"": 0.9554, ""M2_HAR"": 1.0, ""M4_HARQ"": 1.0}"
NQ/RTH/B0/30min/S-C_q0.90,6,3477480266,2232,M2_HAR|M3_HARJ|M4_HARQ,M2_HAR|M3_HARJ|M4_HARQ,"{""M5_RGARCH"": 0.0, ""M6_GK"": 0.0, ""M6_PARK"": 0.0, ""M1_EWMA"": 0.0, ""M3_HARJ"": 0.9608, ""M2_HAR"": 1.0, ""M4_HARQ"": 1.0}"
NQ/RTH/B0/30min/S-C_q0.90,7,3198431117,2232,M2_HAR|M3_HARJ|M4_HARQ,M2_HAR|M3_HARJ|M4_HARQ,"{""M5_RGARCH"": 0.0, ""M6_GK"": 0.0, ""M6_PARK"": 0.0, ""M1_EWMA"": 0.0, ""M3_HARJ"": 0.957, ""M2_HAR"": 1.0, ""M4_HARQ"": 1.0}"
NQ/RTH/B0/30min/S-C_q0.90,8,2621026741,2232,M2_HAR|M3_HARJ|M4_HARQ,M2_HAR|M3_HARJ|M4_HARQ,"{""M5_RGARCH"": 0.0, ""M6_GK"": 0.0, ""M6_PARK"": 0.0, ""M1_EWMA"": 0.0, ""M3_HARJ"": 0.957, ""M2_HAR"": 1.0, ""M4_HARQ"": 1.0}"
NQ/RTH/B0/30min/S-C_q0.90,9,1169115867,2232,M2_HAR|M3_HARJ|M4_HARQ,M2_HAR|M3_HARJ|M4_HARQ,"{""M5_RGARCH"": 0.0, ""M6_GK"": 0.0, ""M6_PARK"": 0.0, ""M1_EWMA"": 0.0, ""M3_HARJ"": 0.9562, ""M2_HAR"": 1.0, ""M4_HARQ"": 1.0}"
NQ/RTH/B0/30min/S-C_q0.90,10,3689063838,2232,M2_HAR|M3_HARJ|M4_HARQ,M2_HAR|M3_HARJ|M4_HARQ,"{""M5_RGARCH"": 0.0, ""M6_GK"": 0.0, ""M6_PARK"": 0.0, ""M1_EWMA"": 0.0, ""M3_HARJ"": 0.9558, ""M2_HAR"": 1.0, ""M4_HARQ"": 1.0}"
NQ/RTH/B0/30min/S-C_q0.90,11,1498398406,2232,M2_HAR|M3_HARJ|M4_HARQ,M2_HAR|M3_HARJ|M4_HARQ,"{""M5_RGARCH"": 0.0, ""M6_GK"": 0.0, ""M6_PARK"": 0.0, ""M1_EWMA"": 0.0, ""M3_HARJ"": 0.9583, ""M2_HAR"": 1.0, ""M4_HARQ"": 1.0}"
NQ/RTH/B0/30min/S-C_q0.90,12,3833968697,2232,M2_HAR|M3_HARJ|M4_HARQ,M2_HAR|M3_HARJ|M4_HARQ,"{""M5_RGARCH"": 0.0, ""M6_GK"": 0.0, ""M6_PARK"": 0.0, ""M1_EWMA"": 0.0, ""M3_HARJ"": 0.9583, ""M2_HAR"": 1.0, ""M4_HARQ"": 1.0}"
NQ/RTH/B0/30min/S-C_q0.90,13,630741820,2232,M2_HAR|M3_HARJ|M4_HARQ,M2_HAR|M3_HARJ|M4_HARQ,"{""M5_RGARCH"": 0.0, ""M6_GK"": 0.0, ""M6_PARK"": 0.0, ""M1_EWMA"": 0.0, ""M3_HARJ"": 0.9541, ""M2_HAR"": 1.0, ""M4_HARQ"": 1.0}"
NQ/RTH/B0/30min/S-C_q0.90,14,2401719883,2232,M2_HAR|M3_HARJ|M4_HARQ,M2_HAR|M3_HARJ|M4_HARQ,"{""M5_RGARCH"": 0.0, ""M6_GK"": 0.0, ""M6_PARK"": 0.0, ""M1_EWMA"": 0.0, ""M3_HARJ"": 0.9594, ""M2_HAR"": 1.0, ""M4_HARQ"": 1.0}"
NQ/RTH/B0/30min/S-C_q0.90,15,3662131630,2232,M2_HAR|M3_HARJ|M4_HARQ,M2_HAR|M3_HARJ|M4_HARQ,"{""M5_RGARCH"": 0.0, ""M6_GK"": 0.0, ""M6_PARK"": 0.0, ""M1_EWMA"": 0.0, ""M3_HARJ"": 0.9561, ""M2_HAR"": 1.0, ""M4_HARQ"": 1.0}"
NQ/RTH/B0/30min/S-C_q0.90,16,303417529,2232,M2_HAR|M3_HARJ|M4_HARQ,M2_HAR|M3_HARJ|M4_HARQ,"{""M5_RGARCH"": 0.0, ""M6_GK"": 0.0, ""M6_PARK"": 0.0, ""M1_EWMA"": 0.0, ""M3_HARJ"": 0.9559, ""M2_HAR"": 1.0, ""M4_HARQ"": 1.0}"
NQ/RTH/B0/30min/S-C_q0.90,17,4155647398,2232,M2_HAR|M3_HARJ|M4_HARQ,M2_HAR|M3_HARJ|M4_HARQ,"{""M5_RGARCH"": 0.0, ""M6_GK"": 0.0, ""M6_PARK"": 0.0, ""M1_EWMA"": 0.0, ""M3_HARJ"": 0.9577, ""M2_HAR"": 1.0, ""M4_HARQ"": 1.0}"
NQ/RTH/B0/30min/S-C_q0.90,18,2620441196,2232,M2_HAR|M3_HARJ|M4_HARQ,M2_HAR|M3_HARJ|M4_HARQ,"{""M5_RGARCH"": 0.0, ""M6_GK"": 0.0, ""M6_PARK"": 0.0, ""M1_EWMA"": 0.0, ""M3_HARJ"": 0.9583, ""M2_HAR"": 1.0, ""M4_HARQ"": 1.0}"
NQ/RTH/B0/30min/S-C_q0.90,19,4201311651,2232,M2_HAR|M3_HARJ|M4_HARQ,M2_HAR|M3_HARJ|M4_HARQ,"{""M5_RGARCH"": 0.0, ""M6_GK"": 0.0, ""M6_PARK"": 0.0, ""M1_EWMA"": 0.0, ""M3_HARJ"": 0.9581, ""M2_HAR"": 1.0, ""M4_HARQ"": 1.0}"
NQ/RTH/B1/1day/S-B_q0.80,0,2237533746,280,M2_HAR|M4_HARQ,M1_EWMA|M2_HAR|M3_HARJ|M4_HARQ,"{""M5_RGARCH"": 0.0, ""M6_GK"": 0.0001, ""M6_PARK"": 0.0044, ""M1_EWMA"": 0.1286, ""M3_HARJ"": 0.1842, ""M2_HAR"": 1.0, ""M4_HARQ"": 1.0}"
NQ/RTH/B1/1day/S-B_q0.80,1,702494603,280,M2_HAR|M4_HARQ,M1_EWMA|M2_HAR|M3_HARJ|M4_HARQ,"{""M5_RGARCH"": 0.0, ""M6_GK"": 0.0004, ""M6_PARK"": 0.0057, ""M1_EWMA"": 0.1315, ""M3_HARJ"": 0.1791, ""M2_HAR"": 1.0, ""M4_HARQ"": 1.0}"
NQ/RTH/B1/1day/S-B_q0.80,2,4139393190,280,M2_HAR|M4_HARQ,M1_EWMA|M2_HAR|M3_HARJ|M4_HARQ,"{""M5_RGARCH"": 0.0, ""M6_GK"": 0.0001, ""M6_PARK"": 0.0033, ""M1_EWMA"": 0.1235, ""M3_HARJ"": 0.1786, ""M2_HAR"": 1.0, ""M4_HARQ"": 1.0}"
NQ/RTH/B1/1day/S-B_q0.80,3,769717545,280,M2_HAR|M4_HARQ,M1_EWMA|M2_HAR|M3_HARJ|M4_HARQ,"{""M5_RGARCH"": 0.0, ""M6_GK"": 0.0003, ""M6_PARK"": 0.005, ""M1_EWMA"": 0.1263, ""M3_HARJ"": 0.1795, ""M2_HAR"": 1.0, ""M4_HARQ"": 1.0}"
NQ/RTH/B1/1day/S-B_q0.80,4,919028315,280,M2_HAR|M4_HARQ,M1_EWMA|M2_HAR|M3_HARJ|M4_HARQ,"{""M5_RGARCH"": 0.0, ""M6_GK"": 0.0007, ""M6_PARK"": 0.0044, ""M1_EWMA"": 0.1287, ""M3_HARJ"": 0.1752, ""M2_HAR"": 1.0, ""M4_HARQ"": 1.0}"
NQ/RTH/B1/1day/S-B_q0.80,5,611620464,280,M2_HAR|M4_HARQ,M1_EWMA|M2_HAR|M3_HARJ|M4_HARQ,"{""M5_RGARCH"": 0.0, ""M6_GK"": 0.0003, ""M6_PARK"": 0.0037, ""M1_EWMA"": 0.122, ""M3_HARJ"": 0.1842, ""M2_HAR"": 1.0, ""M4_HARQ"": 1.0}"
NQ/RTH/B1/1day/S-B_q0.80,6,3477480266,280,M2_HAR|M4_HARQ,M1_EWMA|M2_HAR|M3_HARJ|M4_HARQ,"{""M5_RGARCH"": 0.0, ""M6_GK"": 0.0004, ""M6_PARK"": 0.0051, ""M1_EWMA"": 0.136, ""M3_HARJ"": 0.1803, ""M2_HAR"": 1.0, ""M4_HARQ"": 1.0}"
NQ/RTH/B1/1day/S-B_q0.80,7,3198431117,280,M2_HAR|M4_HARQ,M1_EWMA|M2_HAR|M3_HARJ|M4_HARQ,"{""M5_RGARCH"": 0.0, ""M6_GK"": 0.0005, ""M6_PARK"": 0.0052, ""M1_EWMA"": 0.1279, ""M3_HARJ"": 0.1762, ""M2_HAR"": 1.0, ""M4_HARQ"": 1.0}"
NQ/RTH/B1/1day/S-B_q0.80,8,2621026741,280,M2_HAR|M4_HARQ,M1_EWMA|M2_HAR|M3_HARJ|M4_HARQ,"{""M5_RGARCH"": 0.0, ""M6_GK"": 0.0004, ""M6_PARK"": 0.0047, ""M1_EWMA"": 0.131, ""M3_HARJ"": 0.1821, ""M2_HAR"": 1.0, ""M4_HARQ"": 1.0}"
NQ/RTH/B1/1day/S-B_q0.80,9,1169115867,280,M2_HAR|M4_HARQ,M1_EWMA|M2_HAR|M3_HARJ|M4_HARQ,"{""M5_RGARCH"": 0.0, ""M6_GK"": 0.0005, ""M6_PARK"": 0.0034, ""M1_EWMA"": 0.1261, ""M3_HARJ"": 0.1807, ""M2_HAR"": 1.0, ""M4_HARQ"": 1.0}"
NQ/RTH/B1/1day/S-B_q0.80,10,3689063838,280,M2_HAR|M4_HARQ,M1_EWMA|M2_HAR|M3_HARJ|M4_HARQ,"{""M5_RGARCH"": 0.0, ""M6_GK"": 0.0, ""M6_PARK"": 0.0038, ""M1_EWMA"": 0.1343, ""M3_HARJ"": 0.174, ""M2_HAR"": 1.0, ""M4_HARQ"": 1.0}"
NQ/RTH/B1/1day/S-B_q0.80,11,1498398406,280,M2_HAR|M4_HARQ,M1_EWMA|M2_HAR|M3_HARJ|M4_HARQ,"{""M5_RGARCH"": 0.0, ""M6_GK"": 0.0002, ""M6_PARK"": 0.0033, ""M1_EWMA"": 0.1323, ""M3_HARJ"": 0.1842, ""M2_HAR"": 1.0, ""M4_HARQ"": 1.0}"
NQ/RTH/B1/1day/S-B_q0.80,12,3833968697,280,M2_HAR|M4_HARQ,M1_EWMA|M2_HAR|M3_HARJ|M4_HARQ,"{""M5_RGARCH"": 0.0, ""M6_GK"": 0.0004, ""M6_PARK"": 0.004, ""M1_EWMA"": 0.1308, ""M3_HARJ"": 0.1794, ""M2_HAR"": 1.0, ""M4_HARQ"": 1.0}"
NQ/RTH/B1/1day/S-B_q0.80,13,630741820,280,M2_HAR|M4_HARQ,M1_EWMA|M2_HAR|M3_HARJ|M4_HARQ,"{""M5_RGARCH"": 0.0, ""M6_GK"": 0.0003, ""M6_PARK"": 0.0041, ""M1_EWMA"": 0.1315, ""M3_HARJ"": 0.1737, ""M2_HAR"": 1.0, ""M4_HARQ"": 1.0}"
NQ/RTH/B1/1day/S-B_q0.80,14,2401719883,280,M2_HAR|M4_HARQ,M1_EWMA|M2_HAR|M3_HARJ|M4_HARQ,"{""M5_RGARCH"": 0.0, ""M6_GK"": 0.0002, ""M6_PARK"": 0.0044, ""M1_EWMA"": 0.1269, ""M3_HARJ"": 0.1844, ""M2_HAR"": 1.0, ""M4_HARQ"": 1.0}"
NQ/RTH/B1/1day/S-B_q0.80,15,3662131630,280,M2_HAR|M4_HARQ,M1_EWMA|M2_HAR|M3_HARJ|M4_HARQ,"{""M5_RGARCH"": 0.0, ""M6_GK"": 0.0005, ""M6_PARK"": 0.0046, ""M1_EWMA"": 0.1314, ""M3_HARJ"": 0.18, ""M2_HAR"": 1.0, ""M4_HARQ"": 1.0}"
NQ/RTH/B1/1day/S-B_q0.80,16,303417529,280,M2_HAR|M4_HARQ,M1_EWMA|M2_HAR|M3_HARJ|M4_HARQ,"{""M5_RGARCH"": 0.0, ""M6_GK"": 0.0004, ""M6_PARK"": 0.0055, ""M1_EWMA"": 0.1308, ""M3_HARJ"": 0.1771, ""M2_HAR"": 1.0, ""M4_HARQ"": 1.0}"
NQ/RTH/B1/1day/S-B_q0.80,17,4155647398,280,M2_HAR|M4_HARQ,M1_EWMA|M2_HAR|M3_HARJ|M4_HARQ,"{""M5_RGARCH"": 0.0, ""M6_GK"": 0.0002, ""M6_PARK"": 0.0037, ""M1_EWMA"": 0.1269, ""M3_HARJ"": 0.178, ""M2_HAR"": 1.0, ""M4_HARQ"": 1.0}"
NQ/RTH/B1/1day/S-B_q0.80,18,2620441196,280,M2_HAR|M4_HARQ,M1_EWMA|M2_HAR|M3_HARJ|M4_HARQ,"{""M5_RGARCH"": 0.0, ""M6_GK"": 0.0007, ""M6_PARK"": 0.0054, ""M1_EWMA"": 0.1287, ""M3_HARJ"": 0.1795, ""M2_HAR"": 1.0, ""M4_HARQ"": 1.0}"
NQ/RTH/B1/1day/S-B_q0.80,19,4201311651,280,M2_HAR|M4_HARQ,M1_EWMA|M2_HAR|M3_HARJ|M4_HARQ,"{""M5_RGARCH"": 0.0, ""M6_GK"": 0.0003, ""M6_PARK"": 0.0032, ""M1_EWMA"": 0.1301, ""M3_HARJ"": 0.1812, ""M2_HAR"": 1.0, ""M4_HARQ"": 1.0}"
NQ/RTH/B1/1day/S-B_q0.90,0,2237533746,140,M2_HAR|M3_HARJ|M4_HARQ,M2_HAR|M3_HARJ|M4_HARQ,"{""M5_RGARCH"": 0.0, ""M6_GK"": 0.0107, ""M1_EWMA"": 0.0843, ""M6_PARK"": 0.0843, ""M3_HARJ"": 0.3057, ""M2_HAR"": 1.0, ""M4_HARQ"": 1.0}"
NQ/RTH/B1/1day/S-B_q0.90,1,702494603,140,M2_HAR|M3_HARJ|M4_HARQ,M2_HAR|M3_HARJ|M4_HARQ,"{""M5_RGARCH"": 0.0, ""M6_GK"": 0.0087, ""M1_EWMA"": 0.0756, ""M6_PARK"": 0.0756, ""M3_HARJ"": 0.2892, ""M2_HAR"": 1.0, ""M4_HARQ"": 1.0}"
NQ/RTH/B1/1day/S-B_q0.90,2,4139393190,140,M2_HAR|M3_HARJ|M4_HARQ,M2_HAR|M3_HARJ|M4_HARQ,"{""M5_RGARCH"": 0.0, ""M6_GK"": 0.008, ""M1_EWMA"": 0.0825, ""M6_PARK"": 0.0825, ""M3_HARJ"": 0.2922, ""M2_HAR"": 1.0, ""M4_HARQ"": 1.0}"
NQ/RTH/B1/1day/S-B_q0.90,3,769717545,140,M2_HAR|M3_HARJ|M4_HARQ,M2_HAR|M3_HARJ|M4_HARQ,"{""M5_RGARCH"": 0.0, ""M6_GK"": 0.01, ""M1_EWMA"": 0.0794, ""M6_PARK"": 0.0794, ""M3_HARJ"": 0.2945, ""M2_HAR"": 1.0, ""M4_HARQ"": 1.0}"
NQ/RTH/B1/1day/S-B_q0.90,4,919028315,140,M2_HAR|M3_HARJ|M4_HARQ,M2_HAR|M3_HARJ|M4_HARQ,"{""M5_RGARCH"": 0.0, ""M6_GK"": 0.0113, ""M1_EWMA"": 0.0856, ""M6_PARK"": 0.0856, ""M3_HARJ"": 0.2919, ""M2_HAR"": 1.0, ""M4_HARQ"": 1.0}"
NQ/RTH/B1/1day/S-B_q0.90,5,611620464,140,M2_HAR|M3_HARJ|M4_HARQ,M2_HAR|M3_HARJ|M4_HARQ,"{""M5_RGARCH"": 0.0, ""M6_GK"": 0.0123, ""M1_EWMA"": 0.0837, ""M6_PARK"": 0.0837, ""M3_HARJ"": 0.2902, ""M2_HAR"": 1.0, ""M4_HARQ"": 1.0}"
NQ/RTH/B1/1day/S-B_q0.90,6,3477480266,140,M2_HAR|M3_HARJ|M4_HARQ,M2_HAR|M3_HARJ|M4_HARQ,"{""M5_RGARCH"": 0.0, ""M6_GK"": 0.0103, ""M1_EWMA"": 0.0747, ""M6_PARK"": 0.0747, ""M3_HARJ"": 0.2813, ""M2_HAR"": 1.0, ""M4_HARQ"": 1.0}"
NQ/RTH/B1/1day/S-B_q0.90,7,3198431117,140,M2_HAR|M3_HARJ|M4_HARQ,M2_HAR|M3_HARJ|M4_HARQ,"{""M5_RGARCH"": 0.0, ""M6_GK"": 0.0102, ""M1_EWMA"": 0.0792, ""M6_PARK"": 0.0792, ""M3_HARJ"": 0.2857, ""M2_HAR"": 1.0, ""M4_HARQ"": 1.0}"
NQ/RTH/B1/1day/S-B_q0.90,8,2621026741,140,M2_HAR|M3_HARJ|M4_HARQ,M2_HAR|M3_HARJ|M4_HARQ,"{""M5_RGARCH"": 0.0, ""M6_GK"": 0.01, ""M1_EWMA"": 0.0855, ""M6_PARK"": 0.0855, ""M3_HARJ"": 0.2889, ""M2_HAR"": 1.0, ""M4_HARQ"": 1.0}"
NQ/RTH/B1/1day/S-B_q0.90,9,1169115867,140,M2_HAR|M3_HARJ|M4_HARQ,M2_HAR|M3_HARJ|M4_HARQ,"{""M5_RGARCH"": 0.0, ""M6_GK"": 0.0092, ""M1_EWMA"": 0.0808, ""M6_PARK"": 0.0808, ""M3_HARJ"": 0.2939, ""M2_HAR"": 1.0, ""M4_HARQ"": 1.0}"
NQ/RTH/B1/1day/S-B_q0.90,10,3689063838,140,M2_HAR|M3_HARJ|M4_HARQ,M2_HAR|M3_HARJ|M4_HARQ,"{""M5_RGARCH"": 0.0, ""M6_GK"": 0.0096, ""M1_EWMA"": 0.0799, ""M6_PARK"": 0.0799, ""M3_HARJ"": 0.2888, ""M2_HAR"": 1.0, ""M4_HARQ"": 1.0}"
NQ/RTH/B1/1day/S-B_q0.90,11,1498398406,140,M2_HAR|M3_HARJ|M4_HARQ,M2_HAR|M3_HARJ|M4_HARQ,"{""M5_RGARCH"": 0.0, ""M6_GK"": 0.011, ""M1_EWMA"": 0.0787, ""M6_PARK"": 0.0787, ""M3_HARJ"": 0.2846, ""M2_HAR"": 1.0, ""M4_HARQ"": 1.0}"
NQ/RTH/B1/1day/S-B_q0.90,12,3833968697,140,M2_HAR|M3_HARJ|M4_HARQ,M2_HAR|M3_HARJ|M4_HARQ,"{""M5_RGARCH"": 0.0, ""M6_GK"": 0.0105, ""M1_EWMA"": 0.0795, ""M6_PARK"": 0.0795, ""M3_HARJ"": 0.2932, ""M2_HAR"": 1.0, ""M4_HARQ"": 1.0}"
NQ/RTH/B1/1day/S-B_q0.90,13,630741820,140,M2_HAR|M3_HARJ|M4_HARQ,M2_HAR|M3_HARJ|M4_HARQ,"{""M5_RGARCH"": 0.0, ""M6_GK"": 0.0084, ""M1_EWMA"": 0.0764, ""M6_PARK"": 0.0764, ""M3_HARJ"": 0.2827, ""M2_HAR"": 1.0, ""M4_HARQ"": 1.0}"
NQ/RTH/B1/1day/S-B_q0.90,14,2401719883,140,M2_HAR|M3_HARJ|M4_HARQ,M2_HAR|M3_HARJ|M4_HARQ,"{""M5_RGARCH"": 0.0, ""M6_GK"": 0.0083, ""M1_EWMA"": 0.0824, ""M6_PARK"": 0.0824, ""M3_HARJ"": 0.2843, ""M2_HAR"": 1.0, ""M4_HARQ"": 1.0}"
NQ/RTH/B1/1day/S-B_q0.90,15,3662131630,140,M2_HAR|M3_HARJ|M4_HARQ,M2_HAR|M3_HARJ|M4_HARQ,"{""M5_RGARCH"": 0.0, ""M6_GK"": 0.0084, ""M1_EWMA"": 0.0855, ""M6_PARK"": 0.0855, ""M3_HARJ"": 0.2851, ""M2_HAR"": 1.0, ""M4_HARQ"": 1.0}"
NQ/RTH/B1/1day/S-B_q0.90,16,303417529,140,M2_HAR|M3_HARJ|M4_HARQ,M2_HAR|M3_HARJ|M4_HARQ,"{""M5_RGARCH"": 0.0, ""M6_GK"": 0.0113, ""M1_EWMA"": 0.0838, ""M6_PARK"": 0.0838, ""M3_HARJ"": 0.2827, ""M2_HAR"": 1.0, ""M4_HARQ"": 1.0}"
NQ/RTH/B1/1day/S-B_q0.90,17,4155647398,140,M2_HAR|M3_HARJ|M4_HARQ,M2_HAR|M3_HARJ|M4_HARQ,"{""M5_RGARCH"": 0.0, ""M6_GK"": 0.0097, ""M1_EWMA"": 0.0823, ""M6_PARK"": 0.0823, ""M3_HARJ"": 0.2914, ""M2_HAR"": 1.0, ""M4_HARQ"": 1.0}"
NQ/RTH/B1/1day/S-B_q0.90,18,2620441196,140,M2_HAR|M3_HARJ|M4_HARQ,M2_HAR|M3_HARJ|M4_HARQ,"{""M5_RGARCH"": 0.0, ""M6_GK"": 0.0091, ""M1_EWMA"": 0.0768, ""M6_PARK"": 0.0768, ""M3_HARJ"": 0.2806, ""M2_HAR"": 1.0, ""M4_HARQ"": 1.0}"
NQ/RTH/B1/1day/S-B_q0.90,19,4201311651,140,M2_HAR|M3_HARJ|M4_HARQ,M2_HAR|M3_HARJ|M4_HARQ,"{""M5_RGARCH"": 0.0, ""M6_GK"": 0.0101, ""M1_EWMA"": 0.0885, ""M6_PARK"": 0.0885, ""M3_HARJ"": 0.2864, ""M2_HAR"": 1.0, ""M4_HARQ"": 1.0}"
NQ/RTH/B1/1day/S-C_q0.80,0,2237533746,280,M2_HAR|M4_HARQ,M2_HAR|M3_HARJ|M4_HARQ,"{""M5_RGARCH"": 0.0, ""M6_GK"": 0.0137, ""M1_EWMA"": 0.0627, ""M6_PARK"": 0.0627, ""M3_HARJ"": 0.1219, ""M2_HAR"": 1.0, ""M4_HARQ"": 1.0}"
NQ/RTH/B1/1day/S-C_q0.80,1,702494603,280,M2_HAR|M4_HARQ,M2_HAR|M3_HARJ|M4_HARQ,"{""M5_RGARCH"": 0.0, ""M6_GK"": 0.0152, ""M1_EWMA"": 0.0732, ""M6_PARK"": 0.0732, ""M3_HARJ"": 0.1145, ""M2_HAR"": 1.0, ""M4_HARQ"": 1.0}"
NQ/RTH/B1/1day/S-C_q0.80,2,4139393190,280,M2_HAR|M4_HARQ,M2_HAR|M3_HARJ|M4_HARQ,"{""M5_RGARCH"": 0.0, ""M6_GK"": 0.0145, ""M1_EWMA"": 0.0669, ""M6_PARK"": 0.0669, ""M3_HARJ"": 0.116, ""M2_HAR"": 1.0, ""M4_HARQ"": 1.0}"
NQ/RTH/B1/1day/S-C_q0.80,3,769717545,280,M2_HAR|M4_HARQ,M2_HAR|M3_HARJ|M4_HARQ,"{""M5_RGARCH"": 0.0, ""M6_GK"": 0.0145, ""M1_EWMA"": 0.0655, ""M6_PARK"": 0.0655, ""M3_HARJ"": 0.11, ""M2_HAR"": 1.0, ""M4_HARQ"": 1.0}"
NQ/RTH/B1/1day/S-C_q0.80,4,919028315,280,M2_HAR|M4_HARQ,M2_HAR|M3_HARJ|M4_HARQ,"{""M5_RGARCH"": 0.0, ""M6_GK"": 0.0148, ""M1_EWMA"": 0.0708, ""M6_PARK"": 0.0708, ""M3_HARJ"": 0.1203, ""M2_HAR"": 1.0, ""M4_HARQ"": 1.0}"
NQ/RTH/B1/1day/S-C_q0.80,5,611620464,280,M2_HAR|M4_HARQ,M2_HAR|M3_HARJ|M4_HARQ,"{""M5_RGARCH"": 0.0, ""M6_GK"": 0.0141, ""M1_EWMA"": 0.0649, ""M6_PARK"": 0.0649, ""M3_HARJ"": 0.1166, ""M2_HAR"": 1.0, ""M4_HARQ"": 1.0}"
NQ/RTH/B1/1day/S-C_q0.80,6,3477480266,280,M2_HAR|M4_HARQ,M2_HAR|M3_HARJ|M4_HARQ,"{""M5_RGARCH"": 0.0, ""M6_GK"": 0.0146, ""M1_EWMA"": 0.0658, ""M6_PARK"": 0.0658, ""M3_HARJ"": 0.1125, ""M2_HAR"": 1.0, ""M4_HARQ"": 1.0}"
NQ/RTH/B1/1day/S-C_q0.80,7,3198431117,280,M2_HAR|M4_HARQ,M2_HAR|M3_HARJ|M4_HARQ,"{""M5_RGARCH"": 0.0, ""M6_GK"": 0.0152, ""M1_EWMA"": 0.0729, ""M6_PARK"": 0.0729, ""M3_HARJ"": 0.118, ""M2_HAR"": 1.0, ""M4_HARQ"": 1.0}"
NQ/RTH/B1/1day/S-C_q0.80,8,2621026741,280,M2_HAR|M4_HARQ,M2_HAR|M3_HARJ|M4_HARQ,"{""M5_RGARCH"": 0.0001, ""M6_GK"": 0.0173, ""M1_EWMA"": 0.0699, ""M6_PARK"": 0.0699, ""M3_HARJ"": 0.1131, ""M2_HAR"": 1.0, ""M4_HARQ"": 1.0}"
NQ/RTH/B1/1day/S-C_q0.80,9,1169115867,280,M2_HAR|M4_HARQ,M2_HAR|M3_HARJ|M4_HARQ,"{""M5_RGARCH"": 0.0001, ""M6_GK"": 0.0124, ""M1_EWMA"": 0.0642, ""M6_PARK"": 0.0642, ""M3_HARJ"": 0.1185, ""M2_HAR"": 1.0, ""M4_HARQ"": 1.0}"
NQ/RTH/B1/1day/S-C_q0.80,10,3689063838,280,M2_HAR|M4_HARQ,M2_HAR|M3_HARJ|M4_HARQ,"{""M5_RGARCH"": 0.0, ""M6_GK"": 0.0143, ""M1_EWMA"": 0.0659, ""M6_PARK"": 0.0659, ""M3_HARJ"": 0.1135, ""M2_HAR"": 1.0, ""M4_HARQ"": 1.0}"
NQ/RTH/B1/1day/S-C_q0.80,11,1498398406,280,M2_HAR|M4_HARQ,M2_HAR|M3_HARJ|M4_HARQ,"{""M5_RGARCH"": 0.0, ""M6_GK"": 0.0134, ""M1_EWMA"": 0.0649, ""M6_PARK"": 0.0649, ""M3_HARJ"": 0.1158, ""M2_HAR"": 1.0, ""M4_HARQ"": 1.0}"
NQ/RTH/B1/1day/S-C_q0.80,12,3833968697,280,M2_HAR|M4_HARQ,M2_HAR|M3_HARJ|M4_HARQ,"{""M5_RGARCH"": 0.0, ""M6_GK"": 0.0154, ""M1_EWMA"": 0.0745, ""M6_PARK"": 0.0745, ""M3_HARJ"": 0.1122, ""M2_HAR"": 1.0, ""M4_HARQ"": 1.0}"
NQ/RTH/B1/1day/S-C_q0.80,13,630741820,280,M2_HAR|M4_HARQ,M2_HAR|M3_HARJ|M4_HARQ,"{""M5_RGARCH"": 0.0001, ""M6_GK"": 0.0148, ""M1_EWMA"": 0.0697, ""M6_PARK"": 0.0697, ""M3_HARJ"": 0.1172, ""M2_HAR"": 1.0, ""M4_HARQ"": 1.0}"
NQ/RTH/B1/1day/S-C_q0.80,14,2401719883,280,M2_HAR|M4_HARQ,M2_HAR|M3_HARJ|M4_HARQ,"{""M5_RGARCH"": 0.0, ""M6_GK"": 0.0143, ""M1_EWMA"": 0.066, ""M6_PARK"": 0.066, ""M3_HARJ"": 0.118, ""M2_HAR"": 1.0, ""M4_HARQ"": 1.0}"
NQ/RTH/B1/1day/S-C_q0.80,15,3662131630,280,M2_HAR|M4_HARQ,M2_HAR|M3_HARJ|M4_HARQ,"{""M5_RGARCH"": 0.0, ""M6_GK"": 0.0152, ""M1_EWMA"": 0.0685, ""M6_PARK"": 0.0685, ""M3_HARJ"": 0.1173, ""M2_HAR"": 1.0, ""M4_HARQ"": 1.0}"
NQ/RTH/B1/1day/S-C_q0.80,16,303417529,280,M2_HAR|M4_HARQ,M2_HAR|M3_HARJ|M4_HARQ,"{""M5_RGARCH"": 0.0, ""M6_GK"": 0.0148, ""M1_EWMA"": 0.0707, ""M6_PARK"": 0.0707, ""M3_HARJ"": 0.1207, ""M2_HAR"": 1.0, ""M4_HARQ"": 1.0}"
NQ/RTH/B1/1day/S-C_q0.80,17,4155647398,280,M2_HAR|M4_HARQ,M2_HAR|M3_HARJ|M4_HARQ,"{""M5_RGARCH"": 0.0, ""M6_GK"": 0.0122, ""M1_EWMA"": 0.057, ""M6_PARK"": 0.057, ""M3_HARJ"": 0.1082, ""M2_HAR"": 1.0, ""M4_HARQ"": 1.0}"
NQ/RTH/B1/1day/S-C_q0.80,18,2620441196,280,M2_HAR|M4_HARQ,M2_HAR|M3_HARJ|M4_HARQ,"{""M5_RGARCH"": 0.0, ""M6_GK"": 0.0167, ""M1_EWMA"": 0.0763, ""M6_PARK"": 0.0763, ""M3_HARJ"": 0.1173, ""M2_HAR"": 1.0, ""M4_HARQ"": 1.0}"
NQ/RTH/B1/1day/S-C_q0.80,19,4201311651,280,M2_HAR|M4_HARQ,M2_HAR|M3_HARJ|M4_HARQ,"{""M5_RGARCH"": 0.0, ""M6_GK"": 0.0109, ""M1_EWMA"": 0.0656, ""M6_PARK"": 0.0656, ""M3_HARJ"": 0.1169, ""M2_HAR"": 1.0, ""M4_HARQ"": 1.0}"
NQ/RTH/B1/1day/S-C_q0.90,0,2237533746,140,M2_HAR|M3_HARJ|M4_HARQ,M2_HAR|M3_HARJ|M4_HARQ|M6_PARK,"{""M5_RGARCH"": 0.0023, ""M1_EWMA"": 0.0402, ""M6_GK"": 0.0402, ""M6_PARK"": 0.1405, ""M3_HARJ"": 0.4514, ""M2_HAR"": 1.0, ""M4_HARQ"": 1.0}"
NQ/RTH/B1/1day/S-C_q0.90,1,702494603,140,M2_HAR|M3_HARJ|M4_HARQ,M2_HAR|M3_HARJ|M4_HARQ|M6_PARK,"{""M5_RGARCH"": 0.002, ""M1_EWMA"": 0.0383, ""M6_GK"": 0.0383, ""M6_PARK"": 0.1354, ""M3_HARJ"": 0.454, ""M2_HAR"": 1.0, ""M4_HARQ"": 1.0}"
NQ/RTH/B1/1day/S-C_q0.90,2,4139393190,140,M2_HAR|M3_HARJ|M4_HARQ,M2_HAR|M3_HARJ|M4_HARQ|M6_PARK,"{""M5_RGARCH"": 0.0022, ""M1_EWMA"": 0.042, ""M6_GK"": 0.042, ""M6_PARK"": 0.1348, ""M3_HARJ"": 0.4409, ""M2_HAR"": 1.0, ""M4_HARQ"": 1.0}"
NQ/RTH/B1/1day/S-C_q0.90,3,769717545,140,M2_HAR|M3_HARJ|M4_HARQ,M2_HAR|M3_HARJ|M4_HARQ|M6_PARK,"{""M5_RGARCH"": 0.0022, ""M1_EWMA"": 0.0453, ""M6_GK"": 0.0453, ""M6_PARK"": 0.1361, ""M3_HARJ"": 0.4495, ""M2_HAR"": 1.0, ""M4_HARQ"": 1.0}"
NQ/RTH/B1/1day/S-C_q0.90,4,919028315,140,M2_HAR|M3_HARJ|M4_HARQ,M2_HAR|M3_HARJ|M4_HARQ|M6_PARK,"{""M5_RGARCH"": 0.0021, ""M1_EWMA"": 0.0399, ""M6_GK"": 0.0399, ""M6_PARK"": 0.1429, ""M3_HARJ"": 0.4465, ""M2_HAR"": 1.0, ""M4_HARQ"": 1.0}"
NQ/RTH/B1/1day/S-C_q0.90,5,611620464,140,M2_HAR|M3_HARJ|M4_HARQ,M2_HAR|M3_HARJ|M4_HARQ|M6_PARK,"{""M5_RGARCH"": 0.0019, ""M1_EWMA"": 0.0418, ""M6_GK"": 0.0418, ""M6_PARK"": 0.1431, ""M3_HARJ"": 0.4514, ""M2_HAR"": 1.0, ""M4_HARQ"": 1.0}"
NQ/RTH/B1/1day/S-C_q0.90,6,3477480266,140,M2_HAR|M3_HARJ|M4_HARQ,M2_HAR|M3_HARJ|M4_HARQ|M6_PARK,"{""M5_RGARCH"": 0.0031, ""M1_EWMA"": 0.0428, ""M6_GK"": 0.0428, ""M6_PARK"": 0.1331, ""M3_HARJ"": 0.4361, ""M2_HAR"": 1.0, ""M4_HARQ"": 1.0}"
NQ/RTH/B1/1day/S-C_q0.90,7,3198431117,140,M2_HAR|M3_HARJ|M4_HARQ,M2_HAR|M3_HARJ|M4_HARQ|M6_PARK,"{""M5_RGARCH"": 0.0017, ""M1_EWMA"": 0.045, ""M6_GK"": 0.045, ""M6_PARK"": 0.144, ""M3_HARJ"": 0.4387, ""M2_HAR"": 1.0, ""M4_HARQ"": 1.0}"
NQ/RTH/B1/1day/S-C_q0.90,8,2621026741,140,M2_HAR|M3_HARJ|M4_HARQ,M2_HAR|M3_HARJ|M4_HARQ|M6_PARK,"{""M5_RGARCH"": 0.0022, ""M1_EWMA"": 0.042, ""M6_GK"": 0.042, ""M6_PARK"": 0.1353, ""M3_HARJ"": 0.4469, ""M2_HAR"": 1.0, ""M4_HARQ"": 1.0}"
NQ/RTH/B1/1day/S-C_q0.90,9,1169115867,140,M2_HAR|M3_HARJ|M4_HARQ,M2_HAR|M3_HARJ|M4_HARQ|M6_PARK,"{""M5_RGARCH"": 0.003, ""M1_EWMA"": 0.0424, ""M6_GK"": 0.0424, ""M6_PARK"": 0.1411, ""M3_HARJ"": 0.4444, ""M2_HAR"": 1.0, ""M4_HARQ"": 1.0}"
NQ/RTH/B1/1day/S-C_q0.90,10,3689063838,140,M2_HAR|M3_HARJ|M4_HARQ,M2_HAR|M3_HARJ|M4_HARQ|M6_PARK,"{""M5_RGARCH"": 0.0045, ""M1_EWMA"": 0.0439, ""M6_GK"": 0.0439, ""M6_PARK"": 0.1412, ""M3_HARJ"": 0.4495, ""M2_HAR"": 1.0, ""M4_HARQ"": 1.0}"
NQ/RTH/B1/1day/S-C_q0.90,11,1498398406,140,M2_HAR|M3_HARJ|M4_HARQ,M2_HAR|M3_HARJ|M4_HARQ|M6_PARK,"{""M5_RGARCH"": 0.0033, ""M1_EWMA"": 0.0398, ""M6_GK"": 0.0398, ""M6_PARK"": 0.1406, ""M3_HARJ"": 0.4459, ""M2_HAR"": 1.0, ""M4_HARQ"": 1.0}"
NQ/RTH/B1/1day/S-C_q0.90,12,3833968697,140,M2_HAR|M3_HARJ|M4_HARQ,M2_HAR|M3_HARJ|M4_HARQ|M6_PARK,"{""M5_RGARCH"": 0.0021, ""M1_EWMA"": 0.0446, ""M6_GK"": 0.0446, ""M6_PARK"": 0.138, ""M3_HARJ"": 0.4498, ""M2_HAR"": 1.0, ""M4_HARQ"": 1.0}"
NQ/RTH/B1/1day/S-C_q0.90,13,630741820,140,M2_HAR|M3_HARJ|M4_HARQ,M2_HAR|M3_HARJ|M4_HARQ|M6_PARK,"{""M5_RGARCH"": 0.0026, ""M1_EWMA"": 0.0429, ""M6_GK"": 0.0429, ""M6_PARK"": 0.1395, ""M3_HARJ"": 0.4361, ""M2_HAR"": 1.0, ""M4_HARQ"": 1.0}"
NQ/RTH/B1/1day/S-C_q0.90,14,2401719883,140,M2_HAR|M3_HARJ|M4_HARQ,M2_HAR|M3_HARJ|M4_HARQ|M6_PARK,"{""M5_RGARCH"": 0.0023, ""M1_EWMA"": 0.0382, ""M6_GK"": 0.0382, ""M6_PARK"": 0.133, ""M3_HARJ"": 0.447, ""M2_HAR"": 1.0, ""M4_HARQ"": 1.0}"
NQ/RTH/B1/1day/S-C_q0.90,15,3662131630,140,M2_HAR|M3_HARJ|M4_HARQ,M2_HAR|M3_HARJ|M4_HARQ|M6_PARK,"{""M5_RGARCH"": 0.0015, ""M1_EWMA"": 0.0407, ""M6_GK"": 0.0407, ""M6_PARK"": 0.1419, ""M3_HARJ"": 0.4475, ""M2_HAR"": 1.0, ""M4_HARQ"": 1.0}"
NQ/RTH/B1/1day/S-C_q0.90,16,303417529,140,M2_HAR|M3_HARJ|M4_HARQ,M2_HAR|M3_HARJ|M4_HARQ|M6_PARK,"{""M5_RGARCH"": 0.002, ""M1_EWMA"": 0.0434, ""M6_GK"": 0.0434, ""M6_PARK"": 0.142, ""M3_HARJ"": 0.442, ""M2_HAR"": 1.0, ""M4_HARQ"": 1.0}"
NQ/RTH/B1/1day/S-C_q0.90,17,4155647398,140,M2_HAR|M3_HARJ|M4_HARQ,M2_HAR|M3_HARJ|M4_HARQ|M6_PARK,"{""M5_RGARCH"": 0.0022, ""M1_EWMA"": 0.0424, ""M6_GK"": 0.0424, ""M6_PARK"": 0.145, ""M3_HARJ"": 0.4443, ""M2_HAR"": 1.0, ""M4_HARQ"": 1.0}"
NQ/RTH/B1/1day/S-C_q0.90,18,2620441196,140,M2_HAR|M3_HARJ|M4_HARQ,M2_HAR|M3_HARJ|M4_HARQ|M6_PARK,"{""M5_RGARCH"": 0.0021, ""M1_EWMA"": 0.0383, ""M6_GK"": 0.0383, ""M6_PARK"": 0.1453, ""M3_HARJ"": 0.4521, ""M2_HAR"": 1.0, ""M4_HARQ"": 1.0}"
NQ/RTH/B1/1day/S-C_q0.90,19,4201311651,140,M2_HAR|M3_HARJ|M4_HARQ,M2_HAR|M3_HARJ|M4_HARQ|M6_PARK,"{""M5_RGARCH"": 0.0033, ""M1_EWMA"": 0.039, ""M6_GK"": 0.039, ""M6_PARK"": 0.1326, ""M3_HARJ"": 0.4447, ""M2_HAR"": 1.0, ""M4_HARQ"": 1.0}"
NQ/RTH/B1/1h/S-B_q0.80,0,2237533746,2181,M2_HAR|M4_HARQ,M2_HAR|M4_HARQ,"{""M5_RGARCH"": 0.0, ""M6_GK"": 0.0, ""M6_PARK"": 0.0, ""M1_EWMA"": 0.0012, ""M3_HARJ"": 0.0012, ""M2_HAR"": 1.0, ""M4_HARQ"": 1.0}"
NQ/RTH/B1/1h/S-B_q0.80,1,702494603,2181,M2_HAR|M4_HARQ,M2_HAR|M4_HARQ,"{""M5_RGARCH"": 0.0, ""M6_GK"": 0.0, ""M6_PARK"": 0.0, ""M1_EWMA"": 0.0019, ""M3_HARJ"": 0.0019, ""M2_HAR"": 1.0, ""M4_HARQ"": 1.0}"
NQ/RTH/B1/1h/S-B_q0.80,2,4139393190,2181,M2_HAR|M4_HARQ,M2_HAR|M4_HARQ,"{""M5_RGARCH"": 0.0, ""M6_GK"": 0.0, ""M6_PARK"": 0.0, ""M1_EWMA"": 0.0023, ""M3_HARJ"": 0.0023, ""M2_HAR"": 1.0, ""M4_HARQ"": 1.0}"
NQ/RTH/B1/1h/S-B_q0.80,3,769717545,2181,M2_HAR|M4_HARQ,M2_HAR|M4_HARQ,"{""M5_RGARCH"": 0.0, ""M6_GK"": 0.0, ""M6_PARK"": 0.0, ""M1_EWMA"": 0.0028, ""M3_HARJ"": 0.0028, ""M2_HAR"": 1.0, ""M4_HARQ"": 1.0}"
NQ/RTH/B1/1h/S-B_q0.80,4,919028315,2181,M2_HAR|M4_HARQ,M2_HAR|M4_HARQ,"{""M5_RGARCH"": 0.0, ""M6_GK"": 0.0, ""M6_PARK"": 0.0, ""M1_EWMA"": 0.0021, ""M3_HARJ"": 0.0021, ""M2_HAR"": 1.0, ""M4_HARQ"": 1.0}"
NQ/RTH/B1/1h/S-B_q0.80,5,611620464,2181,M2_HAR|M4_HARQ,M2_HAR|M4_HARQ,"{""M5_RGARCH"": 0.0, ""M6_GK"": 0.0, ""M6_PARK"": 0.0, ""M1_EWMA"": 0.0023, ""M3_HARJ"": 0.0023, ""M2_HAR"": 1.0, ""M4_HARQ"": 1.0}"
NQ/RTH/B1/1h/S-B_q0.80,6,3477480266,2181,M2_HAR|M4_HARQ,M2_HAR|M4_HARQ,"{""M5_RGARCH"": 0.0, ""M6_GK"": 0.0, ""M6_PARK"": 0.0, ""M1_EWMA"": 0.0029, ""M3_HARJ"": 0.0029, ""M2_HAR"": 1.0, ""M4_HARQ"": 1.0}"
NQ/RTH/B1/1h/S-B_q0.80,7,3198431117,2181,M2_HAR|M4_HARQ,M2_HAR|M4_HARQ,"{""M5_RGARCH"": 0.0, ""M6_GK"": 0.0, ""M6_PARK"": 0.0, ""M1_EWMA"": 0.0023, ""M3_HARJ"": 0.0023, ""M2_HAR"": 1.0, ""M4_HARQ"": 1.0}"
NQ/RTH/B1/1h/S-B_q0.80,8,2621026741,2181,M2_HAR|M4_HARQ,M2_HAR|M4_HARQ,"{""M5_RGARCH"": 0.0, ""M6_GK"": 0.0, ""M6_PARK"": 0.0, ""M1_EWMA"": 0.0023, ""M3_HARJ"": 0.0023, ""M2_HAR"": 1.0, ""M4_HARQ"": 1.0}"
NQ/RTH/B1/1h/S-B_q0.80,9,1169115867,2181,M2_HAR|M4_HARQ,M2_HAR|M4_HARQ,"{""M5_RGARCH"": 0.0, ""M6_GK"": 0.0, ""M6_PARK"": 0.0, ""M1_EWMA"": 0.0028, ""M3_HARJ"": 0.0028, ""M2_HAR"": 1.0, ""M4_HARQ"": 1.0}"
NQ/RTH/B1/1h/S-B_q0.80,10,3689063838,2181,M2_HAR|M4_HARQ,M2_HAR|M4_HARQ,"{""M5_RGARCH"": 0.0, ""M6_GK"": 0.0, ""M6_PARK"": 0.0, ""M1_EWMA"": 0.0024, ""M3_HARJ"": 0.0024, ""M2_HAR"": 1.0, ""M4_HARQ"": 1.0}"
NQ/RTH/B1/1h/S-B_q0.80,11,1498398406,2181,M2_HAR|M4_HARQ,M2_HAR|M4_HARQ,"{""M5_RGARCH"": 0.0, ""M6_GK"": 0.0, ""M6_PARK"": 0.0, ""M1_EWMA"": 0.0027, ""M3_HARJ"": 0.0027, ""M2_HAR"": 1.0, ""M4_HARQ"": 1.0}"
NQ/RTH/B1/1h/S-B_q0.80,12,3833968697,2181,M2_HAR|M4_HARQ,M2_HAR|M4_HARQ,"{""M5_RGARCH"": 0.0, ""M6_GK"": 0.0, ""M6_PARK"": 0.0, ""M1_EWMA"": 0.0018, ""M3_HARJ"": 0.0018, ""M2_HAR"": 1.0, ""M4_HARQ"": 1.0}"
NQ/RTH/B1/1h/S-B_q0.80,13,630741820,2181,M2_HAR|M4_HARQ,M2_HAR|M4_HARQ,"{""M5_RGARCH"": 0.0, ""M6_GK"": 0.0, ""M6_PARK"": 0.0, ""M1_EWMA"": 0.0021, ""M3_HARJ"": 0.0021, ""M2_HAR"": 1.0, ""M4_HARQ"": 1.0}"
NQ/RTH/B1/1h/S-B_q0.80,14,2401719883,2181,M2_HAR|M4_HARQ,M2_HAR|M4_HARQ,"{""M5_RGARCH"": 0.0, ""M6_GK"": 0.0, ""M6_PARK"": 0.0, ""M1_EWMA"": 0.0027, ""M3_HARJ"": 0.0027, ""M2_HAR"": 1.0, ""M4_HARQ"": 1.0}"
NQ/RTH/B1/1h/S-B_q0.80,15,3662131630,2181,M2_HAR|M4_HARQ,M2_HAR|M4_HARQ,"{""M5_RGARCH"": 0.0, ""M6_GK"": 0.0, ""M6_PARK"": 0.0, ""M1_EWMA"": 0.002, ""M3_HARJ"": 0.002, ""M2_HAR"": 1.0, ""M4_HARQ"": 1.0}"
NQ/RTH/B1/1h/S-B_q0.80,16,303417529,2181,M2_HAR|M4_HARQ,M2_HAR|M4_HARQ,"{""M5_RGARCH"": 0.0, ""M6_GK"": 0.0, ""M6_PARK"": 0.0, ""M1_EWMA"": 0.0021, ""M3_HARJ"": 0.0021, ""M2_HAR"": 1.0, ""M4_HARQ"": 1.0}"
NQ/RTH/B1/1h/S-B_q0.80,17,4155647398,2181,M2_HAR|M4_HARQ,M2_HAR|M4_HARQ,"{""M5_RGARCH"": 0.0, ""M6_GK"": 0.0, ""M6_PARK"": 0.0, ""M1_EWMA"": 0.0023, ""M3_HARJ"": 0.0023, ""M2_HAR"": 1.0, ""M4_HARQ"": 1.0}"
NQ/RTH/B1/1h/S-B_q0.80,18,2620441196,2181,M2_HAR|M4_HARQ,M2_HAR|M4_HARQ,"{""M5_RGARCH"": 0.0, ""M6_GK"": 0.0, ""M6_PARK"": 0.0, ""M1_EWMA"": 0.002, ""M3_HARJ"": 0.002, ""M2_HAR"": 1.0, ""M4_HARQ"": 1.0}"
NQ/RTH/B1/1h/S-B_q0.80,19,4201311651,2181,M2_HAR|M4_HARQ,M2_HAR|M4_HARQ,"{""M5_RGARCH"": 0.0, ""M6_GK"": 0.0, ""M6_PARK"": 0.0, ""M1_EWMA"": 0.0021, ""M3_HARJ"": 0.0021, ""M2_HAR"": 1.0, ""M4_HARQ"": 1.0}"
NQ/RTH/B1/1h/S-B_q0.90,0,2237533746,1091,M2_HAR|M4_HARQ,M2_HAR|M4_HARQ,"{""M5_RGARCH"": 0.0, ""M6_GK"": 0.0, ""M6_PARK"": 0.0, ""M1_EWMA"": 0.0388, ""M3_HARJ"": 0.0388, ""M2_HAR"": 1.0, ""M4_HARQ"": 1.0}"
NQ/RTH/B1/1h/S-B_q0.90,1,702494603,1091,M2_HAR|M4_HARQ,M2_HAR|M4_HARQ,"{""M5_RGARCH"": 0.0, ""M6_GK"": 0.0, ""M6_PARK"": 0.0, ""M1_EWMA"": 0.0383, ""M3_HARJ"": 0.0383, ""M2_HAR"": 1.0, ""M4_HARQ"": 1.0}"
NQ/RTH/B1/1h/S-B_q0.90,2,4139393190,1091,M2_HAR|M4_HARQ,M2_HAR|M4_HARQ,"{""M5_RGARCH"": 0.0, ""M6_GK"": 0.0, ""M6_PARK"": 0.0, ""M1_EWMA"": 0.0359, ""M3_HARJ"": 0.0359, ""M2_HAR"": 1.0, ""M4_HARQ"": 1.0}"
NQ/RTH/B1/1h/S-B_q0.90,3,769717545,1091,M2_HAR|M4_HARQ,M2_HAR|M4_HARQ,"{""M5_RGARCH"": 0.0, ""M6_GK"": 0.0, ""M6_PARK"": 0.0, ""M1_EWMA"": 0.0409, ""M3_HARJ"": 0.0409, ""M2_HAR"": 1.0, ""M4_HARQ"": 1.0}"
NQ/RTH/B1/1h/S-B_q0.90,4,919028315,1091,M2_HAR|M4_HARQ,M2_HAR|M4_HARQ,"{""M5_RGARCH"": 0.0, ""M6_GK"": 0.0, ""M6_PARK"": 0.0, ""M1_EWMA"": 0.0364, ""M3_HARJ"": 0.0364, ""M2_HAR"": 1.0, ""M4_HARQ"": 1.0}"
NQ/RTH/B1/1h/S-B_q0.90,5,611620464,1091,M2_HAR|M4_HARQ,M2_HAR|M4_HARQ,"{""M5_RGARCH"": 0.0, ""M6_GK"": 0.0, ""M6_PARK"": 0.0, ""M1_EWMA"": 0.0406, ""M3_HARJ"": 0.0406, ""M2_HAR"": 1.0, ""M4_HARQ"": 1.0}"
NQ/RTH/B1/1h/S-B_q0.90,6,3477480266,1091,M2_HAR|M4_HARQ,M2_HAR|M4_HARQ,"{""M5_RGARCH"": 0.0, ""M6_GK"": 0.0, ""M6_PARK"": 0.0, ""M1_EWMA"": 0.0388, ""M3_HARJ"": 0.0388, ""M2_HAR"": 1.0, ""M4_HARQ"": 1.0}"
NQ/RTH/B1/1h/S-B_q0.90,7,3198431117,1091,M2_HAR|M4_HARQ,M2_HAR|M4_HARQ,"{""M5_RGARCH"": 0.0, ""M6_GK"": 0.0, ""M6_PARK"": 0.0, ""M1_EWMA"": 0.0362, ""M3_HARJ"": 0.0362, ""M2_HAR"": 1.0, ""M4_HARQ"": 1.0}"
NQ/RTH/B1/1h/S-B_q0.90,8,2621026741,1091,M2_HAR|M4_HARQ,M2_HAR|M4_HARQ,"{""M5_RGARCH"": 0.0, ""M6_GK"": 0.0, ""M6_PARK"": 0.0, ""M1_EWMA"": 0.0403, ""M3_HARJ"": 0.0403, ""M2_HAR"": 1.0, ""M4_HARQ"": 1.0}"
NQ/RTH/B1/1h/S-B_q0.90,9,1169115867,1091,M2_HAR|M4_HARQ,M2_HAR|M4_HARQ,"{""M5_RGARCH"": 0.0, ""M6_GK"": 0.0, ""M6_PARK"": 0.0, ""M1_EWMA"": 0.0427, ""M3_HARJ"": 0.0427, ""M2_HAR"": 1.0, ""M4_HARQ"": 1.0}"
NQ/RTH/B1/1h/S-B_q0.90,10,3689063838,1091,M2_HAR|M4_HARQ,M2_HAR|M4_HARQ,"{""M5_RGARCH"": 0.0, ""M6_GK"": 0.0, ""M6_PARK"": 0.0, ""M1_EWMA"": 0.0359, ""M3_HARJ"": 0.0359, ""M2_HAR"": 1.0, ""M4_HARQ"": 1.0}"
NQ/RTH/B1/1h/S-B_q0.90,11,1498398406,1091,M2_HAR|M4_HARQ,M2_HAR|M4_HARQ,"{""M5_RGARCH"": 0.0, ""M6_GK"": 0.0, ""M6_PARK"": 0.0, ""M1_EWMA"": 0.0428, ""M3_HARJ"": 0.0428, ""M2_HAR"": 1.0, ""M4_HARQ"": 1.0}"
NQ/RTH/B1/1h/S-B_q0.90,12,3833968697,1091,M2_HAR|M4_HARQ,M2_HAR|M4_HARQ,"{""M5_RGARCH"": 0.0, ""M6_GK"": 0.0, ""M6_PARK"": 0.0, ""M1_EWMA"": 0.0396, ""M3_HARJ"": 0.0396, ""M2_HAR"": 1.0, ""M4_HARQ"": 1.0}"
NQ/RTH/B1/1h/S-B_q0.90,13,630741820,1091,M2_HAR|M4_HARQ,M2_HAR|M4_HARQ,"{""M5_RGARCH"": 0.0, ""M6_GK"": 0.0, ""M6_PARK"": 0.0, ""M1_EWMA"": 0.0375, ""M3_HARJ"": 0.0375, ""M2_HAR"": 1.0, ""M4_HARQ"": 1.0}"
NQ/RTH/B1/1h/S-B_q0.90,14,2401719883,1091,M2_HAR|M4_HARQ,M2_HAR|M4_HARQ,"{""M5_RGARCH"": 0.0, ""M6_GK"": 0.0, ""M6_PARK"": 0.0, ""M1_EWMA"": 0.0366, ""M3_HARJ"": 0.0366, ""M2_HAR"": 1.0, ""M4_HARQ"": 1.0}"
NQ/RTH/B1/1h/S-B_q0.90,15,3662131630,1091,M2_HAR|M4_HARQ,M2_HAR|M4_HARQ,"{""M5_RGARCH"": 0.0, ""M6_GK"": 0.0, ""M6_PARK"": 0.0, ""M1_EWMA"": 0.0362, ""M3_HARJ"": 0.0362, ""M2_HAR"": 1.0, ""M4_HARQ"": 1.0}"
NQ/RTH/B1/1h/S-B_q0.90,16,303417529,1091,M2_HAR|M4_HARQ,M2_HAR|M4_HARQ,"{""M5_RGARCH"": 0.0, ""M6_GK"": 0.0, ""M6_PARK"": 0.0, ""M1_EWMA"": 0.0388, ""M3_HARJ"": 0.0388, ""M2_HAR"": 1.0, ""M4_HARQ"": 1.0}"
NQ/RTH/B1/1h/S-B_q0.90,17,4155647398,1091,M2_HAR|M4_HARQ,M2_HAR|M4_HARQ,"{""M5_RGARCH"": 0.0, ""M6_GK"": 0.0, ""M6_PARK"": 0.0, ""M1_EWMA"": 0.0375, ""M3_HARJ"": 0.0375, ""M2_HAR"": 1.0, ""M4_HARQ"": 1.0}"
NQ/RTH/B1/1h/S-B_q0.90,18,2620441196,1091,M2_HAR|M4_HARQ,M2_HAR|M4_HARQ,"{""M5_RGARCH"": 0.0, ""M6_GK"": 0.0, ""M6_PARK"": 0.0, ""M1_EWMA"": 0.0344, ""M3_HARJ"": 0.0344, ""M2_HAR"": 1.0, ""M4_HARQ"": 1.0}"
NQ/RTH/B1/1h/S-B_q0.90,19,4201311651,1091,M2_HAR|M4_HARQ,M2_HAR|M4_HARQ,"{""M5_RGARCH"": 0.0, ""M6_GK"": 0.0, ""M6_PARK"": 0.0, ""M1_EWMA"": 0.0405, ""M3_HARJ"": 0.0405, ""M2_HAR"": 1.0, ""M4_HARQ"": 1.0}"
NQ/RTH/B1/1h/S-C_q0.80,0,2237533746,2181,M2_HAR|M4_HARQ,M2_HAR|M4_HARQ,"{""M5_RGARCH"": 0.0, ""M6_GK"": 0.0, ""M6_PARK"": 0.0, ""M1_EWMA"": 0.0, ""M3_HARJ"": 0.0527, ""M2_HAR"": 1.0, ""M4_HARQ"": 1.0}"
NQ/RTH/B1/1h/S-C_q0.80,1,702494603,2181,M2_HAR|M4_HARQ,M2_HAR|M4_HARQ,"{""M5_RGARCH"": 0.0, ""M6_GK"": 0.0, ""M6_PARK"": 0.0, ""M1_EWMA"": 0.0, ""M3_HARJ"": 0.054, ""M2_HAR"": 1.0, ""M4_HARQ"": 1.0}"
NQ/RTH/B1/1h/S-C_q0.80,2,4139393190,2181,M2_HAR|M4_HARQ,M2_HAR|M4_HARQ,"{""M5_RGARCH"": 0.0, ""M6_GK"": 0.0, ""M6_PARK"": 0.0, ""M1_EWMA"": 0.0, ""M3_HARJ"": 0.0531, ""M2_HAR"": 1.0, ""M4_HARQ"": 1.0}"
NQ/RTH/B1/1h/S-C_q0.80,3,769717545,2181,M2_HAR|M4_HARQ,M2_HAR|M4_HARQ,"{""M5_RGARCH"": 0.0, ""M6_GK"": 0.0, ""M6_PARK"": 0.0, ""M1_EWMA"": 0.0, ""M3_HARJ"": 0.0529, ""M2_HAR"": 1.0, ""M4_HARQ"": 1.0}"
NQ/RTH/B1/1h/S-C_q0.80,4,919028315,2181,M2_HAR|M4_HARQ,M2_HAR|M4_HARQ,"{""M5_RGARCH"": 0.0, ""M6_GK"": 0.0, ""M6_PARK"": 0.0, ""M1_EWMA"": 0.0, ""M3_HARJ"": 0.0543, ""M2_HAR"": 1.0, ""M4_HARQ"": 1.0}"
NQ/RTH/B1/1h/S-C_q0.80,5,611620464,2181,M2_HAR|M4_HARQ,M2_HAR|M4_HARQ,"{""M5_RGARCH"": 0.0, ""M6_GK"": 0.0, ""M6_PARK"": 0.0, ""M1_EWMA"": 0.0, ""M3_HARJ"": 0.057, ""M2_HAR"": 1.0, ""M4_HARQ"": 1.0}"
NQ/RTH/B1/1h/S-C_q0.80,6,3477480266,2181,M2_HAR|M4_HARQ,M2_HAR|M4_HARQ,"{""M5_RGARCH"": 0.0, ""M6_GK"": 0.0, ""M6_PARK"": 0.0, ""M1_EWMA"": 0.0, ""M3_HARJ"": 0.0527, ""M2_HAR"": 1.0, ""M4_HARQ"": 1.0}"
NQ/RTH/B1/1h/S-C_q0.80,7,3198431117,2181,M2_HAR|M4_HARQ,M2_HAR|M4_HARQ,"{""M5_RGARCH"": 0.0, ""M6_GK"": 0.0, ""M6_PARK"": 0.0, ""M1_EWMA"": 0.0, ""M3_HARJ"": 0.053, ""M2_HAR"": 1.0, ""M4_HARQ"": 1.0}"
NQ/RTH/B1/1h/S-C_q0.80,8,2621026741,2181,M2_HAR|M4_HARQ,M2_HAR|M4_HARQ,"{""M5_RGARCH"": 0.0, ""M6_GK"": 0.0, ""M6_PARK"": 0.0, ""M1_EWMA"": 0.0, ""M3_HARJ"": 0.0532, ""M2_HAR"": 1.0, ""M4_HARQ"": 1.0}"
NQ/RTH/B1/1h/S-C_q0.80,9,1169115867,2181,M2_HAR|M4_HARQ,M2_HAR|M4_HARQ,"{""M5_RGARCH"": 0.0, ""M6_GK"": 0.0, ""M6_PARK"": 0.0, ""M1_EWMA"": 0.0, ""M3_HARJ"": 0.051, ""M2_HAR"": 1.0, ""M4_HARQ"": 1.0}"
NQ/RTH/B1/1h/S-C_q0.80,10,3689063838,2181,M2_HAR|M4_HARQ,M2_HAR|M4_HARQ,"{""M5_RGARCH"": 0.0, ""M6_GK"": 0.0, ""M6_PARK"": 0.0, ""M1_EWMA"": 0.0, ""M3_HARJ"": 0.0492, ""M2_HAR"": 1.0, ""M4_HARQ"": 1.0}"
NQ/RTH/B1/1h/S-C_q0.80,11,1498398406,2181,M2_HAR|M4_HARQ,M2_HAR|M4_HARQ,"{""M5_RGARCH"": 0.0, ""M6_GK"": 0.0, ""M6_PARK"": 0.0, ""M1_EWMA"": 0.0, ""M3_HARJ"": 0.0541, ""M2_HAR"": 1.0, ""M4_HARQ"": 1.0}"
NQ/RTH/B1/1h/S-C_q0.80,12,3833968697,2181,M2_HAR|M4_HARQ,M2_HAR|M4_HARQ,"{""M5_RGARCH"": 0.0, ""M6_GK"": 0.0, ""M6_PARK"": 0.0, ""M1_EWMA"": 0.0, ""M3_HARJ"": 0.0509, ""M2_HAR"": 1.0, ""M4_HARQ"": 1.0}"
NQ/RTH/B1/1h/S-C_q0.80,13,630741820,2181,M2_HAR|M4_HARQ,M2_HAR|M4_HARQ,"{""M5_RGARCH"": 0.0, ""M6_GK"": 0.0, ""M6_PARK"": 0.0, ""M1_EWMA"": 0.0, ""M3_HARJ"": 0.0566, ""M2_HAR"": 1.0, ""M4_HARQ"": 1.0}"
NQ/RTH/B1/1h/S-C_q0.80,14,2401719883,2181,M2_HAR|M4_HARQ,M2_HAR|M4_HARQ,"{""M5_RGARCH"": 0.0, ""M6_GK"": 0.0, ""M6_PARK"": 0.0, ""M1_EWMA"": 0.0, ""M3_HARJ"": 0.0537, ""M2_HAR"": 1.0, ""M4_HARQ"": 1.0}"
NQ/RTH/B1/1h/S-C_q0.80,15,3662131630,2181,M2_HAR|M4_HARQ,M2_HAR|M4_HARQ,"{""M5_RGARCH"": 0.0, ""M6_GK"": 0.0, ""M6_PARK"": 0.0, ""M1_EWMA"": 0.0, ""M3_HARJ"": 0.0533, ""M2_HAR"": 1.0, ""M4_HARQ"": 1.0}"
NQ/RTH/B1/1h/S-C_q0.80,16,303417529,2181,M2_HAR|M4_HARQ,M2_HAR|M4_HARQ,"{""M5_RGARCH"": 0.0, ""M6_GK"": 0.0, ""M6_PARK"": 0.0, ""M1_EWMA"": 0.0, ""M3_HARJ"": 0.0541, ""M2_HAR"": 1.0, ""M4_HARQ"": 1.0}"
NQ/RTH/B1/1h/S-C_q0.80,17,4155647398,2181,M2_HAR|M4_HARQ,M2_HAR|M4_HARQ,"{""M5_RGARCH"": 0.0, ""M6_GK"": 0.0, ""M6_PARK"": 0.0, ""M1_EWMA"": 0.0, ""M3_HARJ"": 0.0512, ""M2_HAR"": 1.0, ""M4_HARQ"": 1.0}"
NQ/RTH/B1/1h/S-C_q0.80,18,2620441196,2181,M2_HAR|M4_HARQ,M2_HAR|M4_HARQ,"{""M5_RGARCH"": 0.0, ""M6_GK"": 0.0, ""M6_PARK"": 0.0, ""M1_EWMA"": 0.0, ""M3_HARJ"": 0.0525, ""M2_HAR"": 1.0, ""M4_HARQ"": 1.0}"
NQ/RTH/B1/1h/S-C_q0.80,19,4201311651,2181,M2_HAR|M4_HARQ,M2_HAR|M4_HARQ,"{""M5_RGARCH"": 0.0, ""M6_GK"": 0.0, ""M6_PARK"": 0.0, ""M1_EWMA"": 0.0, ""M3_HARJ"": 0.0529, ""M2_HAR"": 1.0, ""M4_HARQ"": 1.0}"
NQ/RTH/B1/1h/S-C_q0.90,0,2237533746,1091,M2_HAR|M3_HARJ|M4_HARQ,M2_HAR|M3_HARJ|M4_HARQ,"{""M5_RGARCH"": 0.0, ""M6_GK"": 0.0, ""M6_PARK"": 0.0, ""M1_EWMA"": 0.0, ""M3_HARJ"": 0.9087, ""M2_HAR"": 1.0, ""M4_HARQ"": 1.0}"
NQ/RTH/B1/1h/S-C_q0.90,1,702494603,1091,M2_HAR|M3_HARJ|M4_HARQ,M2_HAR|M3_HARJ|M4_HARQ,"{""M5_RGARCH"": 0.0, ""M6_GK"": 0.0, ""M6_PARK"": 0.0, ""M1_EWMA"": 0.0, ""M3_HARJ"": 0.9099, ""M2_HAR"": 1.0, ""M4_HARQ"": 1.0}"
NQ/RTH/B1/1h/S-C_q0.90,2,4139393190,1091,M2_HAR|M3_HARJ|M4_HARQ,M2_HAR|M3_HARJ|M4_HARQ,"{""M5_RGARCH"": 0.0, ""M6_GK"": 0.0, ""M6_PARK"": 0.0, ""M1_EWMA"": 0.0, ""M3_HARJ"": 0.9158, ""M2_HAR"": 1.0, ""M4_HARQ"": 1.0}"
NQ/RTH/B1/1h/S-C_q0.90,3,769717545,1091,M2_HAR|M3_HARJ|M4_HARQ,M2_HAR|M3_HARJ|M4_HARQ,"{""M5_RGARCH"": 0.0, ""M6_GK"": 0.0, ""M6_PARK"": 0.0, ""M1_EWMA"": 0.0, ""M3_HARJ"": 0.9107, ""M2_HAR"": 1.0, ""M4_HARQ"": 1.0}"
NQ/RTH/B1/1h/S-C_q0.90,4,919028315,1091,M2_HAR|M3_HARJ|M4_HARQ,M2_HAR|M3_HARJ|M4_HARQ,"{""M5_RGARCH"": 0.0, ""M6_GK"": 0.0, ""M6_PARK"": 0.0, ""M1_EWMA"": 0.0, ""M3_HARJ"": 0.9078, ""M2_HAR"": 1.0, ""M4_HARQ"": 1.0}"
NQ/RTH/B1/1h/S-C_q0.90,5,611620464,1091,M2_HAR|M3_HARJ|M4_HARQ,M2_HAR|M3_HARJ|M4_HARQ,"{""M5_RGARCH"": 0.0, ""M6_GK"": 0.0, ""M6_PARK"": 0.0, ""M1_EWMA"": 0.0, ""M3_HARJ"": 0.9068, ""M2_HAR"": 1.0, ""M4_HARQ"": 1.0}"
NQ/RTH/B1/1h/S-C_q0.90,6,3477480266,1091,M2_HAR|M3_HARJ|M4_HARQ,M2_HAR|M3_HARJ|M4_HARQ,"{""M5_RGARCH"": 0.0, ""M6_GK"": 0.0, ""M6_PARK"": 0.0, ""M1_EWMA"": 0.0, ""M3_HARJ"": 0.9074, ""M2_HAR"": 1.0, ""M4_HARQ"": 1.0}"
NQ/RTH/B1/1h/S-C_q0.90,7,3198431117,1091,M2_HAR|M3_HARJ|M4_HARQ,M2_HAR|M3_HARJ|M4_HARQ,"{""M5_RGARCH"": 0.0, ""M6_GK"": 0.0, ""M6_PARK"": 0.0, ""M1_EWMA"": 0.0, ""M3_HARJ"": 0.9102, ""M2_HAR"": 1.0, ""M4_HARQ"": 1.0}"
NQ/RTH/B1/1h/S-C_q0.90,8,2621026741,1091,M2_HAR|M3_HARJ|M4_HARQ,M2_HAR|M3_HARJ|M4_HARQ,"{""M5_RGARCH"": 0.0, ""M6_GK"": 0.0, ""M6_PARK"": 0.0, ""M1_EWMA"": 0.0, ""M3_HARJ"": 0.9082, ""M2_HAR"": 1.0, ""M4_HARQ"": 1.0}"
NQ/RTH/B1/1h/S-C_q0.90,9,1169115867,1091,M2_HAR|M3_HARJ|M4_HARQ,M2_HAR|M3_HARJ|M4_HARQ,"{""M5_RGARCH"": 0.0, ""M6_GK"": 0.0, ""M6_PARK"": 0.0, ""M1_EWMA"": 0.0, ""M3_HARJ"": 0.9057, ""M2_HAR"": 1.0, ""M4_HARQ"": 1.0}"
NQ/RTH/B1/1h/S-C_q0.90,10,3689063838,1091,M2_HAR|M3_HARJ|M4_HARQ,M2_HAR|M3_HARJ|M4_HARQ,"{""M5_RGARCH"": 0.0, ""M6_GK"": 0.0, ""M6_PARK"": 0.0, ""M1_EWMA"": 0.0, ""M3_HARJ"": 0.9063, ""M2_HAR"": 1.0, ""M4_HARQ"": 1.0}"
NQ/RTH/B1/1h/S-C_q0.90,11,1498398406,1091,M2_HAR|M3_HARJ|M4_HARQ,M2_HAR|M3_HARJ|M4_HARQ,"{""M5_RGARCH"": 0.0, ""M6_GK"": 0.0, ""M6_PARK"": 0.0, ""M1_EWMA"": 0.0, ""M3_HARJ"": 0.9059, ""M2_HAR"": 1.0, ""M4_HARQ"": 1.0}"
NQ/RTH/B1/1h/S-C_q0.90,12,3833968697,1091,M2_HAR|M3_HARJ|M4_HARQ,M2_HAR|M3_HARJ|M4_HARQ,"{""M5_RGARCH"": 0.0, ""M6_GK"": 0.0, ""M6_PARK"": 0.0, ""M1_EWMA"": 0.0, ""M3_HARJ"": 0.9025, ""M2_HAR"": 1.0, ""M4_HARQ"": 1.0}"
NQ/RTH/B1/1h/S-C_q0.90,13,630741820,1091,M2_HAR|M3_HARJ|M4_HARQ,M2_HAR|M3_HARJ|M4_HARQ,"{""M5_RGARCH"": 0.0, ""M6_GK"": 0.0, ""M6_PARK"": 0.0, ""M1_EWMA"": 0.0, ""M3_HARJ"": 0.9005, ""M2_HAR"": 1.0, ""M4_HARQ"": 1.0}"
NQ/RTH/B1/1h/S-C_q0.90,14,2401719883,1091,M2_HAR|M3_HARJ|M4_HARQ,M2_HAR|M3_HARJ|M4_HARQ,"{""M5_RGARCH"": 0.0, ""M6_GK"": 0.0, ""M6_PARK"": 0.0, ""M1_EWMA"": 0.0, ""M3_HARJ"": 0.9111, ""M2_HAR"": 1.0, ""M4_HARQ"": 1.0}"
NQ/RTH/B1/1h/S-C_q0.90,15,3662131630,1091,M2_HAR|M3_HARJ|M4_HARQ,M2_HAR|M3_HARJ|M4_HARQ,"{""M5_RGARCH"": 0.0, ""M6_GK"": 0.0, ""M6_PARK"": 0.0, ""M1_EWMA"": 0.0, ""M3_HARJ"": 0.9088, ""M2_HAR"": 1.0, ""M4_HARQ"": 1.0}"
NQ/RTH/B1/1h/S-C_q0.90,16,303417529,1091,M2_HAR|M3_HARJ|M4_HARQ,M2_HAR|M3_HARJ|M4_HARQ,"{""M5_RGARCH"": 0.0, ""M6_GK"": 0.0, ""M6_PARK"": 0.0, ""M1_EWMA"": 0.0, ""M3_HARJ"": 0.907, ""M2_HAR"": 1.0, ""M4_HARQ"": 1.0}"
NQ/RTH/B1/1h/S-C_q0.90,17,4155647398,1091,M2_HAR|M3_HARJ|M4_HARQ,M2_HAR|M3_HARJ|M4_HARQ,"{""M5_RGARCH"": 0.0, ""M6_GK"": 0.0, ""M6_PARK"": 0.0, ""M1_EWMA"": 0.0, ""M3_HARJ"": 0.9093, ""M2_HAR"": 1.0, ""M4_HARQ"": 1.0}"
NQ/RTH/B1/1h/S-C_q0.90,18,2620441196,1091,M2_HAR|M3_HARJ|M4_HARQ,M2_HAR|M3_HARJ|M4_HARQ,"{""M5_RGARCH"": 0.0, ""M6_GK"": 0.0, ""M6_PARK"": 0.0, ""M1_EWMA"": 0.0, ""M3_HARJ"": 0.909, ""M2_HAR"": 1.0, ""M4_HARQ"": 1.0}"
NQ/RTH/B1/1h/S-C_q0.90,19,4201311651,1091,M2_HAR|M3_HARJ|M4_HARQ,M2_HAR|M3_HARJ|M4_HARQ,"{""M5_RGARCH"": 0.0, ""M6_GK"": 0.0, ""M6_PARK"": 0.0, ""M1_EWMA"": 0.0, ""M3_HARJ"": 0.9083, ""M2_HAR"": 1.0, ""M4_HARQ"": 1.0}"
NQ/RTH/B1/30min/S-B_q0.80,0,2237533746,4463,M2_HAR|M3_HARJ|M4_HARQ,M2_HAR|M3_HARJ|M4_HARQ,"{""M5_RGARCH"": 0.0, ""M6_GK"": 0.0, ""M6_PARK"": 0.0, ""M1_EWMA"": 0.0, ""M2_HAR"": 0.9839, ""M3_HARJ"": 1.0, ""M4_HARQ"": 1.0}"
NQ/RTH/B1/30min/S-B_q0.80,1,702494603,4463,M2_HAR|M3_HARJ|M4_HARQ,M2_HAR|M3_HARJ|M4_HARQ,"{""M5_RGARCH"": 0.0, ""M6_GK"": 0.0, ""M6_PARK"": 0.0, ""M1_EWMA"": 0.0, ""M2_HAR"": 0.9807, ""M3_HARJ"": 1.0, ""M4_HARQ"": 1.0}"
NQ/RTH/B1/30min/S-B_q0.80,2,4139393190,4463,M2_HAR|M3_HARJ|M4_HARQ,M2_HAR|M3_HARJ|M4_HARQ,"{""M5_RGARCH"": 0.0, ""M6_GK"": 0.0, ""M6_PARK"": 0.0, ""M1_EWMA"": 0.0, ""M2_HAR"": 0.984, ""M3_HARJ"": 1.0, ""M4_HARQ"": 1.0}"
NQ/RTH/B1/30min/S-B_q0.80,3,769717545,4463,M2_HAR|M3_HARJ|M4_HARQ,M2_HAR|M3_HARJ|M4_HARQ,"{""M5_RGARCH"": 0.0, ""M6_GK"": 0.0, ""M6_PARK"": 0.0, ""M1_EWMA"": 0.0, ""M2_HAR"": 0.9816, ""M3_HARJ"": 1.0, ""M4_HARQ"": 1.0}"
NQ/RTH/B1/30min/S-B_q0.80,4,919028315,4463,M2_HAR|M3_HARJ|M4_HARQ,M2_HAR|M3_HARJ|M4_HARQ,"{""M5_RGARCH"": 0.0, ""M6_GK"": 0.0, ""M6_PARK"": 0.0, ""M1_EWMA"": 0.0, ""M2_HAR"": 0.982, ""M3_HARJ"": 1.0, ""M4_HARQ"": 1.0}"
NQ/RTH/B1/30min/S-B_q0.80,5,611620464,4463,M2_HAR|M3_HARJ|M4_HARQ,M2_HAR|M3_HARJ|M4_HARQ,"{""M5_RGARCH"": 0.0, ""M6_GK"": 0.0, ""M6_PARK"": 0.0, ""M1_EWMA"": 0.0, ""M2_HAR"": 0.9827, ""M3_HARJ"": 1.0, ""M4_HARQ"": 1.0}"
NQ/RTH/B1/30min/S-B_q0.80,6,3477480266,4463,M2_HAR|M3_HARJ|M4_HARQ,M2_HAR|M3_HARJ|M4_HARQ,"{""M5_RGARCH"": 0.0, ""M6_GK"": 0.0, ""M6_PARK"": 0.0, ""M1_EWMA"": 0.0, ""M2_HAR"": 0.9844, ""M3_HARJ"": 1.0, ""M4_HARQ"": 1.0}"
NQ/RTH/B1/30min/S-B_q0.80,7,3198431117,4463,M2_HAR|M3_HARJ|M4_HARQ,M2_HAR|M3_HARJ|M4_HARQ,"{""M5_RGARCH"": 0.0, ""M6_GK"": 0.0, ""M6_PARK"": 0.0, ""M1_EWMA"": 0.0, ""M2_HAR"": 0.9816, ""M3_HARJ"": 1.0, ""M4_HARQ"": 1.0}"
NQ/RTH/B1/30min/S-B_q0.80,8,2621026741,4463,M2_HAR|M3_HARJ|M4_HARQ,M2_HAR|M3_HARJ|M4_HARQ,"{""M5_RGARCH"": 0.0, ""M6_GK"": 0.0, ""M6_PARK"": 0.0, ""M1_EWMA"": 0.0, ""M2_HAR"": 0.9824, ""M3_HARJ"": 1.0, ""M4_HARQ"": 1.0}"
NQ/RTH/B1/30min/S-B_q0.80,9,1169115867,4463,M2_HAR|M3_HARJ|M4_HARQ,M2_HAR|M3_HARJ|M4_HARQ,"{""M5_RGARCH"": 0.0, ""M6_GK"": 0.0, ""M6_PARK"": 0.0, ""M1_EWMA"": 0.0, ""M2_HAR"": 0.9816, ""M3_HARJ"": 1.0, ""M4_HARQ"": 1.0}"
NQ/RTH/B1/30min/S-B_q0.80,10,3689063838,4463,M2_HAR|M3_HARJ|M4_HARQ,M2_HAR|M3_HARJ|M4_HARQ,"{""M5_RGARCH"": 0.0, ""M6_GK"": 0.0, ""M6_PARK"": 0.0, ""M1_EWMA"": 0.0, ""M2_HAR"": 0.9814, ""M3_HARJ"": 1.0, ""M4_HARQ"": 1.0}"
NQ/RTH/B1/30min/S-B_q0.80,11,1498398406,4463,M2_HAR|M3_HARJ|M4_HARQ,M2_HAR|M3_HARJ|M4_HARQ,"{""M5_RGARCH"": 0.0, ""M6_GK"": 0.0, ""M6_PARK"": 0.0, ""M1_EWMA"": 0.0, ""M2_HAR"": 0.9818, ""M3_HARJ"": 1.0, ""M4_HARQ"": 1.0}"
NQ/RTH/B1/30min/S-B_q0.80,12,3833968697,4463,M2_HAR|M3_HARJ|M4_HARQ,M2_HAR|M3_HARJ|M4_HARQ,"{""M5_RGARCH"": 0.0, ""M6_GK"": 0.0, ""M6_PARK"": 0.0, ""M1_EWMA"": 0.0, ""M2_HAR"": 0.9846, ""M3_HARJ"": 1.0, ""M4_HARQ"": 1.0}"
NQ/RTH/B1/30min/S-B_q0.80,13,630741820,4463,M2_HAR|M3_HARJ|M4_HARQ,M2_HAR|M3_HARJ|M4_HARQ,"{""M5_RGARCH"": 0.0, ""M6_GK"": 0.0, ""M6_PARK"": 0.0, ""M1_EWMA"": 0.0, ""M2_HAR"": 0.9815, ""M3_HARJ"": 1.0, ""M4_HARQ"": 1.0}"
NQ/RTH/B1/30min/S-B_q0.80,14,2401719883,4463,M2_HAR|M3_HARJ|M4_HARQ,M2_HAR|M3_HARJ|M4_HARQ,"{""M5_RGARCH"": 0.0, ""M6_GK"": 0.0, ""M6_PARK"": 0.0, ""M1_EWMA"": 0.0, ""M2_HAR"": 0.9836, ""M3_HARJ"": 1.0, ""M4_HARQ"": 1.0}"
NQ/RTH/B1/30min/S-B_q0.80,15,3662131630,4463,M2_HAR|M3_HARJ|M4_HARQ,M2_HAR|M3_HARJ|M4_HARQ,"{""M5_RGARCH"": 0.0, ""M6_GK"": 0.0, ""M6_PARK"": 0.0, ""M1_EWMA"": 0.0, ""M2_HAR"": 0.9822, ""M3_HARJ"": 1.0, ""M4_HARQ"": 1.0}"
NQ/RTH/B1/30min/S-B_q0.80,16,303417529,4463,M2_HAR|M3_HARJ|M4_HARQ,M2_HAR|M3_HARJ|M4_HARQ,"{""M5_RGARCH"": 0.0, ""M6_GK"": 0.0, ""M6_PARK"": 0.0, ""M1_EWMA"": 0.0, ""M2_HAR"": 0.9844, ""M3_HARJ"": 1.0, ""M4_HARQ"": 1.0}"
NQ/RTH/B1/30min/S-B_q0.80,17,4155647398,4463,M2_HAR|M3_HARJ|M4_HARQ,M2_HAR|M3_HARJ|M4_HARQ,"{""M5_RGARCH"": 0.0, ""M6_GK"": 0.0, ""M6_PARK"": 0.0, ""M1_EWMA"": 0.0, ""M2_HAR"": 0.9837, ""M3_HARJ"": 1.0, ""M4_HARQ"": 1.0}"
NQ/RTH/B1/30min/S-B_q0.80,18,2620441196,4463,M2_HAR|M3_HARJ|M4_HARQ,M2_HAR|M3_HARJ|M4_HARQ,"{""M5_RGARCH"": 0.0, ""M6_GK"": 0.0, ""M6_PARK"": 0.0, ""M1_EWMA"": 0.0, ""M2_HAR"": 0.984, ""M3_HARJ"": 1.0, ""M4_HARQ"": 1.0}"
NQ/RTH/B1/30min/S-B_q0.80,19,4201311651,4463,M2_HAR|M3_HARJ|M4_HARQ,M2_HAR|M3_HARJ|M4_HARQ,"{""M5_RGARCH"": 0.0, ""M6_GK"": 0.0, ""M6_PARK"": 0.0, ""M1_EWMA"": 0.0, ""M2_HAR"": 0.9826, ""M3_HARJ"": 1.0, ""M4_HARQ"": 1.0}"
NQ/RTH/B1/30min/S-B_q0.90,0,2237533746,2232,M2_HAR|M3_HARJ|M4_HARQ,M2_HAR|M3_HARJ|M4_HARQ,"{""M5_RGARCH"": 0.0, ""M6_GK"": 0.0, ""M6_PARK"": 0.0, ""M1_EWMA"": 0.0002, ""M2_HAR"": 0.8961, ""M3_HARJ"": 1.0, ""M4_HARQ"": 1.0}"
NQ/RTH/B1/30min/S-B_q0.90,1,702494603,2232,M2_HAR|M3_HARJ|M4_HARQ,M2_HAR|M3_HARJ|M4_HARQ,"{""M5_RGARCH"": 0.0, ""M6_GK"": 0.0, ""M6_PARK"": 0.0, ""M1_EWMA"": 0.0006, ""M2_HAR"": 0.8921, ""M3_HARJ"": 1.0, ""M4_HARQ"": 1.0}"
NQ/RTH/B1/30min/S-B_q0.90,2,4139393190,2232,M2_HAR|M3_HARJ|M4_HARQ,M2_HAR|M3_HARJ|M4_HARQ,"{""M5_RGARCH"": 0.0, ""M6_GK"": 0.0, ""M6_PARK"": 0.0, ""M1_EWMA"": 0.0003, ""M2_HAR"": 0.8947, ""M3_HARJ"": 1.0, ""M4_HARQ"": 1.0}"
NQ/RTH/B1/30min/S-B_q0.90,3,769717545,2232,M2_HAR|M3_HARJ|M4_HARQ,M2_HAR|M3_HARJ|M4_HARQ,"{""M5_RGARCH"": 0.0, ""M6_GK"": 0.0, ""M6_PARK"": 0.0, ""M1_EWMA"": 0.0003, ""M2_HAR"": 0.8972, ""M3_HARJ"": 1.0, ""M4_HARQ"": 1.0}"
NQ/RTH/B1/30min/S-B_q0.90,4,919028315,2232,M2_HAR|M3_HARJ|M4_HARQ,M2_HAR|M3_HARJ|M4_HARQ,"{""M5_RGARCH"": 0.0, ""M6_GK"": 0.0, ""M6_PARK"": 0.0, ""M1_EWMA"": 0.0003, ""M2_HAR"": 0.8925, ""M3_HARJ"": 1.0, ""M4_HARQ"": 1.0}"
NQ/RTH/B1/30min/S-B_q0.90,5,611620464,2232,M2_HAR|M3_HARJ|M4_HARQ,M2_HAR|M3_HARJ|M4_HARQ,"{""M5_RGARCH"": 0.0, ""M6_GK"": 0.0, ""M6_PARK"": 0.0, ""M1_EWMA"": 0.0, ""M2_HAR"": 0.8924, ""M3_HARJ"": 1.0, ""M4_HARQ"": 1.0}"
NQ/RTH/B1/30min/S-B_q0.90,6,3477480266,2232,M2_HAR|M3_HARJ|M4_HARQ,M2_HAR|M3_HARJ|M4_HARQ,"{""M5_RGARCH"": 0.0, ""M6_GK"": 0.0, ""M6_PARK"": 0.0, ""M1_EWMA"": 0.0005, ""M2_HAR"": 0.8964, ""M3_HARJ"": 1.0, ""M4_HARQ"": 1.0}"
NQ/RTH/B1/30min/S-B_q0.90,7,3198431117,2232,M2_HAR|M3_HARJ|M4_HARQ,M2_HAR|M3_HARJ|M4_HARQ,"{""M5_RGARCH"": 0.0, ""M6_GK"": 0.0, ""M6_PARK"": 0.0, ""M1_EWMA"": 0.0006, ""M2_HAR"": 0.8918, ""M3_HARJ"": 1.0, ""M4_HARQ"": 1.0}"
NQ/RTH/B1/30min/S-B_q0.90,8,2621026741,2232,M2_HAR|M3_HARJ|M4_HARQ,M2_HAR|M3_HARJ|M4_HARQ,"{""M5_RGARCH"": 0.0, ""M6_GK"": 0.0, ""M6_PARK"": 0.0, ""M1_EWMA"": 0.0002, ""M2_HAR"": 0.8982, ""M3_HARJ"": 1.0, ""M4_HARQ"": 1.0}"
NQ/RTH/B1/30min/S-B_q0.90,9,1169115867,2232,M2_HAR|M3_HARJ|M4_HARQ,M2_HAR|M3_HARJ|M4_HARQ,"{""M5_RGARCH"": 0.0, ""M6_GK"": 0.0, ""M6_PARK"": 0.0, ""M1_EWMA"": 0.0007, ""M2_HAR"": 0.8932, ""M3_HARJ"": 1.0, ""M4_HARQ"": 1.0}"
NQ/RTH/B1/30min/S-B_q0.90,10,3689063838,2232,M2_HAR|M3_HARJ|M4_HARQ,M2_HAR|M3_HARJ|M4_HARQ,"{""M5_RGARCH"": 0.0, ""M6_GK"": 0.0, ""M6_PARK"": 0.0, ""M1_EWMA"": 0.0004, ""M2_HAR"": 0.8947, ""M3_HARJ"": 1.0, ""M4_HARQ"": 1.0}"
NQ/RTH/B1/30min/S-B_q0.90,11,1498398406,2232,M2_HAR|M3_HARJ|M4_HARQ,M2_HAR|M3_HARJ|M4_HARQ,"{""M5_RGARCH"": 0.0, ""M6_GK"": 0.0, ""M6_PARK"": 0.0, ""M1_EWMA"": 0.0005, ""M2_HAR"": 0.8922, ""M3_HARJ"": 1.0, ""M4_HARQ"": 1.0}"
NQ/RTH/B1/30min/S-B_q0.90,12,3833968697,2232,M2_HAR|M3_HARJ|M4_HARQ,M2_HAR|M3_HARJ|M4_HARQ,"{""M5_RGARCH"": 0.0, ""M6_GK"": 0.0, ""M6_PARK"": 0.0, ""M1_EWMA"": 0.0007, ""M2_HAR"": 0.8938, ""M3_HARJ"": 1.0, ""M4_HARQ"": 1.0}"
NQ/RTH/B1/30min/S-B_q0.90,13,630741820,2232,M2_HAR|M3_HARJ|M4_HARQ,M2_HAR|M3_HARJ|M4_HARQ,"{""M5_RGARCH"": 0.0, ""M6_GK"": 0.0, ""M6_PARK"": 0.0, ""M1_EWMA"": 0.0005, ""M2_HAR"": 0.8908, ""M3_HARJ"": 1.0, ""M4_HARQ"": 1.0}"
NQ/RTH/B1/30min/S-B_q0.90,14,2401719883,2232,M2_HAR|M3_HARJ|M4_HARQ,M2_HAR|M3_HARJ|M4_HARQ,"{""M5_RGARCH"": 0.0, ""M6_GK"": 0.0, ""M6_PARK"": 0.0, ""M1_EWMA"": 0.0005, ""M2_HAR"": 0.8928, ""M3_HARJ"": 1.0, ""M4_HARQ"": 1.0}"
NQ/RTH/B1/30min/S-B_q0.90,15,3662131630,2232,M2_HAR|M3_HARJ|M4_HARQ,M2_HAR|M3_HARJ|M4_HARQ,"{""M5_RGARCH"": 0.0, ""M6_GK"": 0.0, ""M6_PARK"": 0.0, ""M1_EWMA"": 0.0009, ""M2_HAR"": 0.8979, ""M3_HARJ"": 1.0, ""M4_HARQ"": 1.0}"
NQ/RTH/B1/30min/S-B_q0.90,16,303417529,2232,M2_HAR|M3_HARJ|M4_HARQ,M2_HAR|M3_HARJ|M4_HARQ,"{""M5_RGARCH"": 0.0, ""M6_GK"": 0.0, ""M6_PARK"": 0.0, ""M1_EWMA"": 0.0006, ""M2_HAR"": 0.8933, ""M3_HARJ"": 1.0, ""M4_HARQ"": 1.0}"
NQ/RTH/B1/30min/S-B_q0.90,17,4155647398,2232,M2_HAR|M3_HARJ|M4_HARQ,M2_HAR|M3_HARJ|M4_HARQ,"{""M5_RGARCH"": 0.0, ""M6_GK"": 0.0, ""M6_PARK"": 0.0, ""M1_EWMA"": 0.0003, ""M2_HAR"": 0.8975, ""M3_HARJ"": 1.0, ""M4_HARQ"": 1.0}"
NQ/RTH/B1/30min/S-B_q0.90,18,2620441196,2232,M2_HAR|M3_HARJ|M4_HARQ,M2_HAR|M3_HARJ|M4_HARQ,"{""M5_RGARCH"": 0.0, ""M6_GK"": 0.0, ""M6_PARK"": 0.0, ""M1_EWMA"": 0.0005, ""M2_HAR"": 0.8917, ""M3_HARJ"": 1.0, ""M4_HARQ"": 1.0}"
NQ/RTH/B1/30min/S-B_q0.90,19,4201311651,2232,M2_HAR|M3_HARJ|M4_HARQ,M2_HAR|M3_HARJ|M4_HARQ,"{""M5_RGARCH"": 0.0, ""M6_GK"": 0.0, ""M6_PARK"": 0.0, ""M1_EWMA"": 0.0008, ""M2_HAR"": 0.8911, ""M3_HARJ"": 1.0, ""M4_HARQ"": 1.0}"
NQ/RTH/B1/30min/S-C_q0.80,0,2237533746,4463,M2_HAR|M3_HARJ|M4_HARQ,M2_HAR|M3_HARJ|M4_HARQ,"{""M5_RGARCH"": 0.0, ""M6_GK"": 0.0, ""M6_PARK"": 0.0, ""M1_EWMA"": 0.0, ""M3_HARJ"": 0.3194, ""M2_HAR"": 1.0, ""M4_HARQ"": 1.0}"
NQ/RTH/B1/30min/S-C_q0.80,1,702494603,4463,M2_HAR|M3_HARJ|M4_HARQ,M2_HAR|M3_HARJ|M4_HARQ,"{""M5_RGARCH"": 0.0, ""M6_GK"": 0.0, ""M6_PARK"": 0.0, ""M1_EWMA"": 0.0, ""M3_HARJ"": 0.3247, ""M2_HAR"": 1.0, ""M4_HARQ"": 1.0}"
NQ/RTH/B1/30min/S-C_q0.80,2,4139393190,4463,M2_HAR|M3_HARJ|M4_HARQ,M2_HAR|M3_HARJ|M4_HARQ,"{""M5_RGARCH"": 0.0, ""M6_GK"": 0.0, ""M6_PARK"": 0.0, ""M1_EWMA"": 0.0, ""M3_HARJ"": 0.3138, ""M2_HAR"": 1.0, ""M4_HARQ"": 1.0}"
NQ/RTH/B1/30min/S-C_q0.80,3,769717545,4463,M2_HAR|M3_HARJ|M4_HARQ,M2_HAR|M3_HARJ|M4_HARQ,"{""M5_RGARCH"": 0.0, ""M6_GK"": 0.0, ""M6_PARK"": 0.0, ""M1_EWMA"": 0.0, ""M3_HARJ"": 0.3322, ""M2_HAR"": 1.0, ""M4_HARQ"": 1.0}"
NQ/RTH/B1/30min/S-C_q0.80,4,919028315,4463,M2_HAR|M3_HARJ|M4_HARQ,M2_HAR|M3_HARJ|M4_HARQ,"{""M5_RGARCH"": 0.0, ""M6_GK"": 0.0, ""M6_PARK"": 0.0, ""M1_EWMA"": 0.0, ""M3_HARJ"": 0.3303, ""M2_HAR"": 1.0, ""M4_HARQ"": 1.0}"
NQ/RTH/B1/30min/S-C_q0.80,5,611620464,4463,M2_HAR|M3_HARJ|M4_HARQ,M2_HAR|M3_HARJ|M4_HARQ,"{""M5_RGARCH"": 0.0, ""M6_GK"": 0.0, ""M6_PARK"": 0.0, ""M1_EWMA"": 0.0, ""M3_HARJ"": 0.3226, ""M2_HAR"": 1.0, ""M4_HARQ"": 1.0}"
NQ/RTH/B1/30min/S-C_q0.80,6,3477480266,4463,M2_HAR|M3_HARJ|M4_HARQ,M2_HAR|M3_HARJ|M4_HARQ,"{""M5_RGARCH"": 0.0, ""M6_GK"": 0.0, ""M6_PARK"": 0.0, ""M1_EWMA"": 0.0, ""M3_HARJ"": 0.3282, ""M2_HAR"": 1.0, ""M4_HARQ"": 1.0}"
NQ/RTH/B1/30min/S-C_q0.80,7,3198431117,4463,M2_HAR|M3_HARJ|M4_HARQ,M2_HAR|M3_HARJ|M4_HARQ,"{""M5_RGARCH"": 0.0, ""M6_GK"": 0.0, ""M6_PARK"": 0.0, ""M1_EWMA"": 0.0, ""M3_HARJ"": 0.3301, ""M2_HAR"": 1.0, ""M4_HARQ"": 1.0}"
NQ/RTH/B1/30min/S-C_q0.80,8,2621026741,4463,M2_HAR|M3_HARJ|M4_HARQ,M2_HAR|M3_HARJ|M4_HARQ,"{""M5_RGARCH"": 0.0, ""M6_GK"": 0.0, ""M6_PARK"": 0.0, ""M1_EWMA"": 0.0, ""M3_HARJ"": 0.3306, ""M2_HAR"": 1.0, ""M4_HARQ"": 1.0}"
NQ/RTH/B1/30min/S-C_q0.80,9,1169115867,4463,M2_HAR|M3_HARJ|M4_HARQ,M2_HAR|M3_HARJ|M4_HARQ,"{""M5_RGARCH"": 0.0, ""M6_GK"": 0.0, ""M6_PARK"": 0.0, ""M1_EWMA"": 0.0, ""M3_HARJ"": 0.3299, ""M2_HAR"": 1.0, ""M4_HARQ"": 1.0}"
NQ/RTH/B1/30min/S-C_q0.80,10,3689063838,4463,M2_HAR|M3_HARJ|M4_HARQ,M2_HAR|M3_HARJ|M4_HARQ,"{""M5_RGARCH"": 0.0, ""M6_GK"": 0.0, ""M6_PARK"": 0.0, ""M1_EWMA"": 0.0, ""M3_HARJ"": 0.3249, ""M2_HAR"": 1.0, ""M4_HARQ"": 1.0}"
NQ/RTH/B1/30min/S-C_q0.80,11,1498398406,4463,M2_HAR|M3_HARJ|M4_HARQ,M2_HAR|M3_HARJ|M4_HARQ,"{""M5_RGARCH"": 0.0, ""M6_GK"": 0.0, ""M6_PARK"": 0.0, ""M1_EWMA"": 0.0, ""M3_HARJ"": 0.3257, ""M2_HAR"": 1.0, ""M4_HARQ"": 1.0}"
NQ/RTH/B1/30min/S-C_q0.80,12,3833968697,4463,M2_HAR|M3_HARJ|M4_HARQ,M2_HAR|M3_HARJ|M4_HARQ,"{""M5_RGARCH"": 0.0, ""M6_GK"": 0.0, ""M6_PARK"": 0.0, ""M1_EWMA"": 0.0, ""M3_HARJ"": 0.3237, ""M2_HAR"": 1.0, ""M4_HARQ"": 1.0}"
NQ/RTH/B1/30min/S-C_q0.80,13,630741820,4463,M2_HAR|M3_HARJ|M4_HARQ,M2_HAR|M3_HARJ|M4_HARQ,"{""M5_RGARCH"": 0.0, ""M6_GK"": 0.0, ""M6_PARK"": 0.0, ""M1_EWMA"": 0.0, ""M3_HARJ"": 0.3279, ""M2_HAR"": 1.0, ""M4_HARQ"": 1.0}"
NQ/RTH/B1/30min/S-C_q0.80,14,2401719883,4463,M2_HAR|M3_HARJ|M4_HARQ,M2_HAR|M3_HARJ|M4_HARQ,"{""M5_RGARCH"": 0.0, ""M6_GK"": 0.0, ""M6_PARK"": 0.0, ""M1_EWMA"": 0.0, ""M3_HARJ"": 0.3316, ""M2_HAR"": 1.0, ""M4_HARQ"": 1.0}"
NQ/RTH/B1/30min/S-C_q0.80,15,3662131630,4463,M2_HAR|M3_HARJ|M4_HARQ,M2_HAR|M3_HARJ|M4_HARQ,"{""M5_RGARCH"": 0.0, ""M6_GK"": 0.0, ""M6_PARK"": 0.0, ""M1_EWMA"": 0.0, ""M3_HARJ"": 0.3345, ""M2_HAR"": 1.0, ""M4_HARQ"": 1.0}"
NQ/RTH/B1/30min/S-C_q0.80,16,303417529,4463,M2_HAR|M3_HARJ|M4_HARQ,M2_HAR|M3_HARJ|M4_HARQ,"{""M5_RGARCH"": 0.0, ""M6_GK"": 0.0, ""M6_PARK"": 0.0, ""M1_EWMA"": 0.0, ""M3_HARJ"": 0.3287, ""M2_HAR"": 1.0, ""M4_HARQ"": 1.0}"
NQ/RTH/B1/30min/S-C_q0.80,17,4155647398,4463,M2_HAR|M3_HARJ|M4_HARQ,M2_HAR|M3_HARJ|M4_HARQ,"{""M5_RGARCH"": 0.0, ""M6_GK"": 0.0, ""M6_PARK"": 0.0, ""M1_EWMA"": 0.0, ""M3_HARJ"": 0.326, ""M2_HAR"": 1.0, ""M4_HARQ"": 1.0}"
NQ/RTH/B1/30min/S-C_q0.80,18,2620441196,4463,M2_HAR|M3_HARJ|M4_HARQ,M2_HAR|M3_HARJ|M4_HARQ,"{""M5_RGARCH"": 0.0, ""M6_GK"": 0.0, ""M6_PARK"": 0.0, ""M1_EWMA"": 0.0, ""M3_HARJ"": 0.3202, ""M2_HAR"": 1.0, ""M4_HARQ"": 1.0}"
NQ/RTH/B1/30min/S-C_q0.80,19,4201311651,4463,M2_HAR|M3_HARJ|M4_HARQ,M2_HAR|M3_HARJ|M4_HARQ,"{""M5_RGARCH"": 0.0, ""M6_GK"": 0.0, ""M6_PARK"": 0.0, ""M1_EWMA"": 0.0, ""M3_HARJ"": 0.328, ""M2_HAR"": 1.0, ""M4_HARQ"": 1.0}"
NQ/RTH/B1/30min/S-C_q0.90,0,2237533746,2232,M2_HAR|M3_HARJ|M4_HARQ,M2_HAR|M3_HARJ|M4_HARQ,"{""M5_RGARCH"": 0.0, ""M6_GK"": 0.0, ""M6_PARK"": 0.0, ""M1_EWMA"": 0.0, ""M2_HAR"": 0.9023, ""M3_HARJ"": 1.0, ""M4_HARQ"": 1.0}"
NQ/RTH/B1/30min/S-C_q0.90,1,702494603,2232,M2_HAR|M3_HARJ|M4_HARQ,M2_HAR|M3_HARJ|M4_HARQ,"{""M5_RGARCH"": 0.0, ""M6_GK"": 0.0, ""M6_PARK"": 0.0, ""M1_EWMA"": 0.0, ""M2_HAR"": 0.8986, ""M3_HARJ"": 1.0, ""M4_HARQ"": 1.0}"
NQ/RTH/B1/30min/S-C_q0.90,2,4139393190,2232,M2_HAR|M3_HARJ|M4_HARQ,M2_HAR|M3_HARJ|M4_HARQ,"{""M5_RGARCH"": 0.0, ""M6_GK"": 0.0, ""M6_PARK"": 0.0, ""M1_EWMA"": 0.0, ""M2_HAR"": 0.897, ""M3_HARJ"": 1.0, ""M4_HARQ"": 1.0}"
NQ/RTH/B1/30min/S-C_q0.90,3,769717545,2232,M2_HAR|M3_HARJ|M4_HARQ,M2_HAR|M3_HARJ|M4_HARQ,"{""M5_RGARCH"": 0.0, ""M6_GK"": 0.0, ""M6_PARK"": 0.0, ""M1_EWMA"": 0.0, ""M2_HAR"": 0.899, ""M3_HARJ"": 1.0, ""M4_HARQ"": 1.0}"
NQ/RTH/B1/30min/S-C_q0.90,4,919028315,2232,M2_HAR|M3_HARJ|M4_HARQ,M2_HAR|M3_HARJ|M4_HARQ,"{""M5_RGARCH"": 0.0, ""M6_GK"": 0.0, ""M6_PARK"": 0.0, ""M1_EWMA"": 0.0, ""M2_HAR"": 0.8999, ""M3_HARJ"": 1.0, ""M4_HARQ"": 1.0}"
NQ/RTH/B1/30min/S-C_q0.90,5,611620464,2232,M2_HAR|M3_HARJ|M4_HARQ,M2_HAR|M3_HARJ|M4_HARQ,"{""M5_RGARCH"": 0.0, ""M6_GK"": 0.0, ""M6_PARK"": 0.0, ""M1_EWMA"": 0.0, ""M2_HAR"": 0.9016, ""M3_HARJ"": 1.0, ""M4_HARQ"": 1.0}"
NQ/RTH/B1/30min/S-C_q0.90,6,3477480266,2232,M2_HAR|M3_HARJ|M4_HARQ,M2_HAR|M3_HARJ|M4_HARQ,"{""M5_RGARCH"": 0.0, ""M6_GK"": 0.0, ""M6_PARK"": 0.0, ""M1_EWMA"": 0.0, ""M2_HAR"": 0.9025, ""M3_HARJ"": 1.0, ""M4_HARQ"": 1.0}"
NQ/RTH/B1/30min/S-C_q0.90,7,3198431117,2232,M2_HAR|M3_HARJ|M4_HARQ,M2_HAR|M3_HARJ|M4_HARQ,"{""M5_RGARCH"": 0.0, ""M6_GK"": 0.0, ""M6_PARK"": 0.0, ""M1_EWMA"": 0.0, ""M2_HAR"": 0.8957, ""M3_HARJ"": 1.0, ""M4_HARQ"": 1.0}"
NQ/RTH/B1/30min/S-C_q0.90,8,2621026741,2232,M2_HAR|M3_HARJ|M4_HARQ,M2_HAR|M3_HARJ|M4_HARQ,"{""M5_RGARCH"": 0.0, ""M6_GK"": 0.0, ""M6_PARK"": 0.0, ""M1_EWMA"": 0.0, ""M2_HAR"": 0.9, ""M3_HARJ"": 1.0, ""M4_HARQ"": 1.0}"
NQ/RTH/B1/30min/S-C_q0.90,9,1169115867,2232,M2_HAR|M3_HARJ|M4_HARQ,M2_HAR|M3_HARJ|M4_HARQ,"{""M5_RGARCH"": 0.0, ""M6_GK"": 0.0, ""M6_PARK"": 0.0, ""M1_EWMA"": 0.0, ""M2_HAR"": 0.8994, ""M3_HARJ"": 1.0, ""M4_HARQ"": 1.0}"
NQ/RTH/B1/30min/S-C_q0.90,10,3689063838,2232,M2_HAR|M3_HARJ|M4_HARQ,M2_HAR|M3_HARJ|M4_HARQ,"{""M5_RGARCH"": 0.0, ""M6_GK"": 0.0, ""M6_PARK"": 0.0, ""M1_EWMA"": 0.0, ""M2_HAR"": 0.8979, ""M3_HARJ"": 1.0, ""M4_HARQ"": 1.0}"
NQ/RTH/B1/30min/S-C_q0.90,11,1498398406,2232,M2_HAR|M3_HARJ|M4_HARQ,M2_HAR|M3_HARJ|M4_HARQ,"{""M5_RGARCH"": 0.0, ""M6_GK"": 0.0, ""M6_PARK"": 0.0, ""M1_EWMA"": 0.0, ""M2_HAR"": 0.9036, ""M3_HARJ"": 1.0, ""M4_HARQ"": 1.0}"
NQ/RTH/B1/30min/S-C_q0.90,12,3833968697,2232,M2_HAR|M3_HARJ|M4_HARQ,M2_HAR|M3_HARJ|M4_HARQ,"{""M5_RGARCH"": 0.0, ""M6_GK"": 0.0, ""M6_PARK"": 0.0, ""M1_EWMA"": 0.0, ""M2_HAR"": 0.8953, ""M3_HARJ"": 1.0, ""M4_HARQ"": 1.0}"
NQ/RTH/B1/30min/S-C_q0.90,13,630741820,2232,M2_HAR|M3_HARJ|M4_HARQ,M2_HAR|M3_HARJ|M4_HARQ,"{""M5_RGARCH"": 0.0, ""M6_GK"": 0.0, ""M6_PARK"": 0.0, ""M1_EWMA"": 0.0, ""M2_HAR"": 0.9005, ""M3_HARJ"": 1.0, ""M4_HARQ"": 1.0}"
NQ/RTH/B1/30min/S-C_q0.90,14,2401719883,2232,M2_HAR|M3_HARJ|M4_HARQ,M2_HAR|M3_HARJ|M4_HARQ,"{""M5_RGARCH"": 0.0, ""M6_GK"": 0.0, ""M6_PARK"": 0.0, ""M1_EWMA"": 0.0, ""M2_HAR"": 0.8999, ""M3_HARJ"": 1.0, ""M4_HARQ"": 1.0}"
NQ/RTH/B1/30min/S-C_q0.90,15,3662131630,2232,M2_HAR|M3_HARJ|M4_HARQ,M2_HAR|M3_HARJ|M4_HARQ,"{""M5_RGARCH"": 0.0, ""M6_GK"": 0.0, ""M6_PARK"": 0.0, ""M1_EWMA"": 0.0, ""M2_HAR"": 0.8972, ""M3_HARJ"": 1.0, ""M4_HARQ"": 1.0}"
NQ/RTH/B1/30min/S-C_q0.90,16,303417529,2232,M2_HAR|M3_HARJ|M4_HARQ,M2_HAR|M3_HARJ|M4_HARQ,"{""M5_RGARCH"": 0.0, ""M6_GK"": 0.0, ""M6_PARK"": 0.0, ""M1_EWMA"": 0.0, ""M2_HAR"": 0.9041, ""M3_HARJ"": 1.0, ""M4_HARQ"": 1.0}"
NQ/RTH/B1/30min/S-C_q0.90,17,4155647398,2232,M2_HAR|M3_HARJ|M4_HARQ,M2_HAR|M3_HARJ|M4_HARQ,"{""M5_RGARCH"": 0.0, ""M6_GK"": 0.0, ""M6_PARK"": 0.0, ""M1_EWMA"": 0.0, ""M2_HAR"": 0.9005, ""M3_HARJ"": 1.0, ""M4_HARQ"": 1.0}"
NQ/RTH/B1/30min/S-C_q0.90,18,2620441196,2232,M2_HAR|M3_HARJ|M4_HARQ,M2_HAR|M3_HARJ|M4_HARQ,"{""M5_RGARCH"": 0.0, ""M6_GK"": 0.0, ""M6_PARK"": 0.0, ""M1_EWMA"": 0.0, ""M2_HAR"": 0.8983, ""M3_HARJ"": 1.0, ""M4_HARQ"": 1.0}"
NQ/RTH/B1/30min/S-C_q0.90,19,4201311651,2232,M2_HAR|M3_HARJ|M4_HARQ,M2_HAR|M3_HARJ|M4_HARQ,"{""M5_RGARCH"": 0.0, ""M6_GK"": 0.0, ""M6_PARK"": 0.0, ""M1_EWMA"": 0.0, ""M2_HAR"": 0.8994, ""M3_HARJ"": 1.0, ""M4_HARQ"": 1.0}"
ES/GLOBEX/B0/1day/S-A,0,2237533746,1453,M2_HAR|M3_HARJ|M4_HARQ|M5_RGARCH,M2_HAR|M3_HARJ|M4_HARQ|M5_RGARCH,"{""M6_PARK"": 0.0, ""M6_GK"": 0.0, ""M1_EWMA"": 0.0, ""M5_RGARCH"": 0.8277, ""M3_HARJ"": 0.8277, ""M2_HAR"": 1.0, ""M4_HARQ"": 1.0}"
ES/GLOBEX/B0/1day/S-A,1,702494603,1453,M2_HAR|M3_HARJ|M4_HARQ|M5_RGARCH,M2_HAR|M3_HARJ|M4_HARQ|M5_RGARCH,"{""M6_PARK"": 0.0, ""M6_GK"": 0.0, ""M1_EWMA"": 0.0, ""M5_RGARCH"": 0.8332, ""M3_HARJ"": 0.8332, ""M2_HAR"": 1.0, ""M4_HARQ"": 1.0}"
ES/GLOBEX/B0/1day/S-A,2,4139393190,1453,M2_HAR|M3_HARJ|M4_HARQ|M5_RGARCH,M2_HAR|M3_HARJ|M4_HARQ|M5_RGARCH,"{""M6_PARK"": 0.0, ""M6_GK"": 0.0, ""M1_EWMA"": 0.0, ""M5_RGARCH"": 0.8307, ""M3_HARJ"": 0.8307, ""M2_HAR"": 1.0, ""M4_HARQ"": 1.0}"
ES/GLOBEX/B0/1day/S-A,3,769717545,1453,M2_HAR|M3_HARJ|M4_HARQ|M5_RGARCH,M2_HAR|M3_HARJ|M4_HARQ|M5_RGARCH,"{""M6_PARK"": 0.0, ""M6_GK"": 0.0, ""M1_EWMA"": 0.0, ""M5_RGARCH"": 0.8332, ""M3_HARJ"": 0.8332, ""M2_HAR"": 1.0, ""M4_HARQ"": 1.0}"
ES/GLOBEX/B0/1day/S-A,4,919028315,1453,M2_HAR|M3_HARJ|M4_HARQ|M5_RGARCH,M2_HAR|M3_HARJ|M4_HARQ|M5_RGARCH,"{""M6_PARK"": 0.0, ""M6_GK"": 0.0, ""M1_EWMA"": 0.0, ""M5_RGARCH"": 0.8286, ""M3_HARJ"": 0.8286, ""M2_HAR"": 1.0, ""M4_HARQ"": 1.0}"
ES/GLOBEX/B0/1day/S-A,5,611620464,1453,M2_HAR|M3_HARJ|M4_HARQ|M5_RGARCH,M2_HAR|M3_HARJ|M4_HARQ|M5_RGARCH,"{""M6_PARK"": 0.0, ""M6_GK"": 0.0, ""M1_EWMA"": 0.0, ""M5_RGARCH"": 0.829, ""M3_HARJ"": 0.829, ""M2_HAR"": 1.0, ""M4_HARQ"": 1.0}"
ES/GLOBEX/B0/1day/S-A,6,3477480266,1453,M2_HAR|M3_HARJ|M4_HARQ|M5_RGARCH,M2_HAR|M3_HARJ|M4_HARQ|M5_RGARCH,"{""M6_PARK"": 0.0, ""M6_GK"": 0.0, ""M1_EWMA"": 0.0, ""M5_RGARCH"": 0.8336, ""M3_HARJ"": 0.8336, ""M2_HAR"": 1.0, ""M4_HARQ"": 1.0}"
ES/GLOBEX/B0/1day/S-A,7,3198431117,1453,M2_HAR|M3_HARJ|M4_HARQ|M5_RGARCH,M2_HAR|M3_HARJ|M4_HARQ|M5_RGARCH,"{""M6_PARK"": 0.0, ""M6_GK"": 0.0, ""M1_EWMA"": 0.0, ""M5_RGARCH"": 0.8292, ""M3_HARJ"": 0.8292, ""M2_HAR"": 1.0, ""M4_HARQ"": 1.0}"
ES/GLOBEX/B0/1day/S-A,8,2621026741,1453,M2_HAR|M3_HARJ|M4_HARQ|M5_RGARCH,M2_HAR|M3_HARJ|M4_HARQ|M5_RGARCH,"{""M6_PARK"": 0.0, ""M6_GK"": 0.0, ""M1_EWMA"": 0.0, ""M5_RGARCH"": 0.8391, ""M3_HARJ"": 0.8391, ""M2_HAR"": 1.0, ""M4_HARQ"": 1.0}"
ES/GLOBEX/B0/1day/S-A,9,1169115867,1453,M2_HAR|M3_HARJ|M4_HARQ|M5_RGARCH,M2_HAR|M3_HARJ|M4_HARQ|M5_RGARCH,"{""M6_PARK"": 0.0, ""M6_GK"": 0.0, ""M1_EWMA"": 0.0, ""M5_RGARCH"": 0.8323, ""M3_HARJ"": 0.8323, ""M2_HAR"": 1.0, ""M4_HARQ"": 1.0}"
ES/GLOBEX/B0/1day/S-A,10,3689063838,1453,M2_HAR|M3_HARJ|M4_HARQ|M5_RGARCH,M2_HAR|M3_HARJ|M4_HARQ|M5_RGARCH,"{""M6_PARK"": 0.0, ""M6_GK"": 0.0, ""M1_EWMA"": 0.0, ""M5_RGARCH"": 0.8366, ""M3_HARJ"": 0.8366, ""M2_HAR"": 1.0, ""M4_HARQ"": 1.0}"
ES/GLOBEX/B0/1day/S-A,11,1498398406,1453,M2_HAR|M3_HARJ|M4_HARQ|M5_RGARCH,M2_HAR|M3_HARJ|M4_HARQ|M5_RGARCH,"{""M6_PARK"": 0.0, ""M6_GK"": 0.0, ""M1_EWMA"": 0.0, ""M5_RGARCH"": 0.8289, ""M3_HARJ"": 0.8289, ""M2_HAR"": 1.0, ""M4_HARQ"": 1.0}"
ES/GLOBEX/B0/1day/S-A,12,3833968697,1453,M2_HAR|M3_HARJ|M4_HARQ|M5_RGARCH,M2_HAR|M3_HARJ|M4_HARQ|M5_RGARCH,"{""M6_PARK"": 0.0, ""M6_GK"": 0.0, ""M1_EWMA"": 0.0, ""M5_RGARCH"": 0.8292, ""M3_HARJ"": 0.8292, ""M2_HAR"": 1.0, ""M4_HARQ"": 1.0}"
ES/GLOBEX/B0/1day/S-A,13,630741820,1453,M2_HAR|M3_HARJ|M4_HARQ|M5_RGARCH,M2_HAR|M3_HARJ|M4_HARQ|M5_RGARCH,"{""M6_PARK"": 0.0, ""M6_GK"": 0.0, ""M1_EWMA"": 0.0, ""M5_RGARCH"": 0.8347, ""M3_HARJ"": 0.8347, ""M2_HAR"": 1.0, ""M4_HARQ"": 1.0}"
ES/GLOBEX/B0/1day/S-A,14,2401719883,1453,M2_HAR|M3_HARJ|M4_HARQ|M5_RGARCH,M2_HAR|M3_HARJ|M4_HARQ|M5_RGARCH,"{""M6_PARK"": 0.0, ""M6_GK"": 0.0, ""M1_EWMA"": 0.0, ""M5_RGARCH"": 0.8334, ""M3_HARJ"": 0.8334, ""M2_HAR"": 1.0, ""M4_HARQ"": 1.0}"
ES/GLOBEX/B0/1day/S-A,15,3662131630,1453,M2_HAR|M3_HARJ|M4_HARQ|M5_RGARCH,M2_HAR|M3_HARJ|M4_HARQ|M5_RGARCH,"{""M6_PARK"": 0.0, ""M6_GK"": 0.0, ""M1_EWMA"": 0.0, ""M5_RGARCH"": 0.8285, ""M3_HARJ"": 0.8285, ""M2_HAR"": 1.0, ""M4_HARQ"": 1.0}"
ES/GLOBEX/B0/1day/S-A,16,303417529,1453,M2_HAR|M3_HARJ|M4_HARQ|M5_RGARCH,M2_HAR|M3_HARJ|M4_HARQ|M5_RGARCH,"{""M6_PARK"": 0.0, ""M6_GK"": 0.0, ""M1_EWMA"": 0.0, ""M5_RGARCH"": 0.8301, ""M3_HARJ"": 0.8301, ""M2_HAR"": 1.0, ""M4_HARQ"": 1.0}"
ES/GLOBEX/B0/1day/S-A,17,4155647398,1453,M2_HAR|M3_HARJ|M4_HARQ|M5_RGARCH,M2_HAR|M3_HARJ|M4_HARQ|M5_RGARCH,"{""M6_PARK"": 0.0, ""M6_GK"": 0.0, ""M1_EWMA"": 0.0, ""M5_RGARCH"": 0.8368, ""M3_HARJ"": 0.8368, ""M2_HAR"": 1.0, ""M4_HARQ"": 1.0}"
ES/GLOBEX/B0/1day/S-A,18,2620441196,1453,M2_HAR|M3_HARJ|M4_HARQ|M5_RGARCH,M2_HAR|M3_HARJ|M4_HARQ|M5_RGARCH,"{""M6_PARK"": 0.0, ""M6_GK"": 0.0, ""M1_EWMA"": 0.0, ""M5_RGARCH"": 0.8239, ""M3_HARJ"": 0.8239, ""M2_HAR"": 1.0, ""M4_HARQ"": 1.0}"
ES/GLOBEX/B0/1day/S-A,19,4201311651,1453,M2_HAR|M3_HARJ|M4_HARQ|M5_RGARCH,M2_HAR|M3_HARJ|M4_HARQ|M5_RGARCH,"{""M6_PARK"": 0.0, ""M6_GK"": 0.0, ""M1_EWMA"": 0.0, ""M5_RGARCH"": 0.8278, ""M3_HARJ"": 0.8278, ""M2_HAR"": 1.0, ""M4_HARQ"": 1.0}"
ES/GLOBEX/B0/1h/S-A,0,2237533746,40996,M6_GK,M6_GK,"{""M1_EWMA"": 0.0, ""M2_HAR"": 0.0, ""M3_HARJ"": 0.0, ""M4_HARQ"": 0.0, ""M5_RGARCH"": 0.0, ""M6_PARK"": 0.0, ""M6_GK"": 1.0}"
ES/GLOBEX/B0/1h/S-A,1,702494603,40996,M6_GK,M6_GK,"{""M1_EWMA"": 0.0, ""M2_HAR"": 0.0, ""M3_HARJ"": 0.0, ""M4_HARQ"": 0.0, ""M5_RGARCH"": 0.0, ""M6_PARK"": 0.0, ""M6_GK"": 1.0}"
ES/GLOBEX/B0/1h/S-A,2,4139393190,40996,M6_GK,M6_GK,"{""M1_EWMA"": 0.0, ""M2_HAR"": 0.0, ""M3_HARJ"": 0.0, ""M4_HARQ"": 0.0, ""M5_RGARCH"": 0.0, ""M6_PARK"": 0.0, ""M6_GK"": 1.0}"
ES/GLOBEX/B0/1h/S-A,3,769717545,40996,M6_GK,M6_GK,"{""M1_EWMA"": 0.0, ""M2_HAR"": 0.0, ""M3_HARJ"": 0.0, ""M4_HARQ"": 0.0, ""M5_RGARCH"": 0.0, ""M6_PARK"": 0.0, ""M6_GK"": 1.0}"
ES/GLOBEX/B0/1h/S-A,4,919028315,40996,M6_GK,M6_GK,"{""M1_EWMA"": 0.0, ""M2_HAR"": 0.0, ""M3_HARJ"": 0.0, ""M4_HARQ"": 0.0, ""M5_RGARCH"": 0.0, ""M6_PARK"": 0.0, ""M6_GK"": 1.0}"
ES/GLOBEX/B0/1h/S-A,5,611620464,40996,M6_GK,M6_GK,"{""M1_EWMA"": 0.0, ""M2_HAR"": 0.0, ""M3_HARJ"": 0.0, ""M4_HARQ"": 0.0, ""M5_RGARCH"": 0.0, ""M6_PARK"": 0.0, ""M6_GK"": 1.0}"
ES/GLOBEX/B0/1h/S-A,6,3477480266,40996,M6_GK,M6_GK,"{""M1_EWMA"": 0.0, ""M2_HAR"": 0.0, ""M3_HARJ"": 0.0, ""M4_HARQ"": 0.0, ""M5_RGARCH"": 0.0, ""M6_PARK"": 0.0, ""M6_GK"": 1.0}"
ES/GLOBEX/B0/1h/S-A,7,3198431117,40996,M6_GK,M6_GK,"{""M1_EWMA"": 0.0, ""M2_HAR"": 0.0, ""M3_HARJ"": 0.0, ""M4_HARQ"": 0.0, ""M5_RGARCH"": 0.0, ""M6_PARK"": 0.0, ""M6_GK"": 1.0}"
ES/GLOBEX/B0/1h/S-A,8,2621026741,40996,M6_GK,M6_GK,"{""M1_EWMA"": 0.0, ""M2_HAR"": 0.0, ""M3_HARJ"": 0.0, ""M4_HARQ"": 0.0, ""M5_RGARCH"": 0.0, ""M6_PARK"": 0.0, ""M6_GK"": 1.0}"
ES/GLOBEX/B0/1h/S-A,9,1169115867,40996,M6_GK,M6_GK,"{""M1_EWMA"": 0.0, ""M2_HAR"": 0.0, ""M3_HARJ"": 0.0, ""M4_HARQ"": 0.0, ""M5_RGARCH"": 0.0, ""M6_PARK"": 0.0, ""M6_GK"": 1.0}"
ES/GLOBEX/B0/1h/S-A,10,3689063838,40996,M6_GK,M6_GK,"{""M1_EWMA"": 0.0, ""M2_HAR"": 0.0, ""M3_HARJ"": 0.0, ""M4_HARQ"": 0.0, ""M5_RGARCH"": 0.0, ""M6_PARK"": 0.0, ""M6_GK"": 1.0}"
ES/GLOBEX/B0/1h/S-A,11,1498398406,40996,M6_GK,M6_GK,"{""M1_EWMA"": 0.0, ""M2_HAR"": 0.0, ""M3_HARJ"": 0.0, ""M4_HARQ"": 0.0, ""M5_RGARCH"": 0.0, ""M6_PARK"": 0.0, ""M6_GK"": 1.0}"
ES/GLOBEX/B0/1h/S-A,12,3833968697,40996,M6_GK,M6_GK,"{""M1_EWMA"": 0.0, ""M2_HAR"": 0.0, ""M3_HARJ"": 0.0, ""M4_HARQ"": 0.0, ""M5_RGARCH"": 0.0, ""M6_PARK"": 0.0, ""M6_GK"": 1.0}"
ES/GLOBEX/B0/1h/S-A,13,630741820,40996,M6_GK,M6_GK,"{""M1_EWMA"": 0.0, ""M2_HAR"": 0.0, ""M3_HARJ"": 0.0, ""M4_HARQ"": 0.0, ""M5_RGARCH"": 0.0, ""M6_PARK"": 0.0, ""M6_GK"": 1.0}"
ES/GLOBEX/B0/1h/S-A,14,2401719883,40996,M6_GK,M6_GK,"{""M1_EWMA"": 0.0, ""M2_HAR"": 0.0, ""M3_HARJ"": 0.0, ""M4_HARQ"": 0.0, ""M5_RGARCH"": 0.0, ""M6_PARK"": 0.0, ""M6_GK"": 1.0}"
ES/GLOBEX/B0/1h/S-A,15,3662131630,40996,M6_GK,M6_GK,"{""M1_EWMA"": 0.0, ""M2_HAR"": 0.0, ""M3_HARJ"": 0.0, ""M4_HARQ"": 0.0, ""M5_RGARCH"": 0.0, ""M6_PARK"": 0.0, ""M6_GK"": 1.0}"
ES/GLOBEX/B0/1h/S-A,16,303417529,40996,M6_GK,M6_GK,"{""M1_EWMA"": 0.0, ""M2_HAR"": 0.0, ""M3_HARJ"": 0.0, ""M4_HARQ"": 0.0, ""M5_RGARCH"": 0.0, ""M6_PARK"": 0.0, ""M6_GK"": 1.0}"
ES/GLOBEX/B0/1h/S-A,17,4155647398,40996,M6_GK,M6_GK,"{""M1_EWMA"": 0.0, ""M2_HAR"": 0.0, ""M3_HARJ"": 0.0, ""M4_HARQ"": 0.0, ""M5_RGARCH"": 0.0, ""M6_PARK"": 0.0, ""M6_GK"": 1.0}"
ES/GLOBEX/B0/1h/S-A,18,2620441196,40996,M6_GK,M6_GK,"{""M1_EWMA"": 0.0, ""M2_HAR"": 0.0, ""M3_HARJ"": 0.0, ""M4_HARQ"": 0.0, ""M5_RGARCH"": 0.0, ""M6_PARK"": 0.0, ""M6_GK"": 1.0}"
ES/GLOBEX/B0/1h/S-A,19,4201311651,40996,M6_GK,M6_GK,"{""M1_EWMA"": 0.0, ""M2_HAR"": 0.0, ""M3_HARJ"": 0.0, ""M4_HARQ"": 0.0, ""M5_RGARCH"": 0.0, ""M6_PARK"": 0.0, ""M6_GK"": 1.0}"
ES/GLOBEX/B0/30min/S-A,0,2237533746,21604,M6_GK,M6_GK,"{""M1_EWMA"": 0.0, ""M2_HAR"": 0.0, ""M3_HARJ"": 0.0, ""M4_HARQ"": 0.0, ""M5_RGARCH"": 0.0, ""M6_PARK"": 0.0, ""M6_GK"": 1.0}"
ES/GLOBEX/B0/30min/S-A,1,702494603,21604,M6_GK,M6_GK,"{""M1_EWMA"": 0.0, ""M2_HAR"": 0.0, ""M3_HARJ"": 0.0, ""M4_HARQ"": 0.0, ""M5_RGARCH"": 0.0, ""M6_PARK"": 0.0, ""M6_GK"": 1.0}"
ES/GLOBEX/B0/30min/S-A,2,4139393190,21604,M6_GK,M6_GK,"{""M1_EWMA"": 0.0, ""M2_HAR"": 0.0, ""M3_HARJ"": 0.0, ""M4_HARQ"": 0.0, ""M5_RGARCH"": 0.0, ""M6_PARK"": 0.0, ""M6_GK"": 1.0}"
ES/GLOBEX/B0/30min/S-A,3,769717545,21604,M6_GK,M6_GK,"{""M1_EWMA"": 0.0, ""M2_HAR"": 0.0, ""M3_HARJ"": 0.0, ""M4_HARQ"": 0.0, ""M5_RGARCH"": 0.0, ""M6_PARK"": 0.0, ""M6_GK"": 1.0}"
ES/GLOBEX/B0/30min/S-A,4,919028315,21604,M6_GK,M6_GK,"{""M1_EWMA"": 0.0, ""M2_HAR"": 0.0, ""M3_HARJ"": 0.0, ""M4_HARQ"": 0.0, ""M5_RGARCH"": 0.0, ""M6_PARK"": 0.0, ""M6_GK"": 1.0}"
ES/GLOBEX/B0/30min/S-A,5,611620464,21604,M6_GK,M6_GK,"{""M1_EWMA"": 0.0, ""M2_HAR"": 0.0, ""M3_HARJ"": 0.0, ""M4_HARQ"": 0.0, ""M5_RGARCH"": 0.0, ""M6_PARK"": 0.0, ""M6_GK"": 1.0}"
ES/GLOBEX/B0/30min/S-A,6,3477480266,21604,M6_GK,M6_GK,"{""M1_EWMA"": 0.0, ""M2_HAR"": 0.0, ""M3_HARJ"": 0.0, ""M4_HARQ"": 0.0, ""M5_RGARCH"": 0.0, ""M6_PARK"": 0.0, ""M6_GK"": 1.0}"
ES/GLOBEX/B0/30min/S-A,7,3198431117,21604,M6_GK,M6_GK,"{""M1_EWMA"": 0.0, ""M2_HAR"": 0.0, ""M3_HARJ"": 0.0, ""M4_HARQ"": 0.0, ""M5_RGARCH"": 0.0, ""M6_PARK"": 0.0, ""M6_GK"": 1.0}"
ES/GLOBEX/B0/30min/S-A,8,2621026741,21604,M6_GK,M6_GK,"{""M1_EWMA"": 0.0, ""M2_HAR"": 0.0, ""M3_HARJ"": 0.0, ""M4_HARQ"": 0.0, ""M5_RGARCH"": 0.0, ""M6_PARK"": 0.0, ""M6_GK"": 1.0}"
ES/GLOBEX/B0/30min/S-A,9,1169115867,21604,M6_GK,M6_GK,"{""M1_EWMA"": 0.0, ""M2_HAR"": 0.0, ""M3_HARJ"": 0.0, ""M4_HARQ"": 0.0, ""M5_RGARCH"": 0.0, ""M6_PARK"": 0.0, ""M6_GK"": 1.0}"
ES/GLOBEX/B0/30min/S-A,10,3689063838,21604,M6_GK,M6_GK,"{""M1_EWMA"": 0.0, ""M2_HAR"": 0.0, ""M3_HARJ"": 0.0, ""M4_HARQ"": 0.0, ""M5_RGARCH"": 0.0, ""M6_PARK"": 0.0, ""M6_GK"": 1.0}"
ES/GLOBEX/B0/30min/S-A,11,1498398406,21604,M6_GK,M6_GK,"{""M1_EWMA"": 0.0, ""M2_HAR"": 0.0, ""M3_HARJ"": 0.0, ""M4_HARQ"": 0.0, ""M5_RGARCH"": 0.0, ""M6_PARK"": 0.0, ""M6_GK"": 1.0}"
ES/GLOBEX/B0/30min/S-A,12,3833968697,21604,M6_GK,M6_GK,"{""M1_EWMA"": 0.0, ""M2_HAR"": 0.0, ""M3_HARJ"": 0.0, ""M4_HARQ"": 0.0, ""M5_RGARCH"": 0.0, ""M6_PARK"": 0.0, ""M6_GK"": 1.0}"
ES/GLOBEX/B0/30min/S-A,13,630741820,21604,M6_GK,M6_GK,"{""M1_EWMA"": 0.0, ""M2_HAR"": 0.0, ""M3_HARJ"": 0.0, ""M4_HARQ"": 0.0, ""M5_RGARCH"": 0.0, ""M6_PARK"": 0.0, ""M6_GK"": 1.0}"
ES/GLOBEX/B0/30min/S-A,14,2401719883,21604,M6_GK,M6_GK,"{""M1_EWMA"": 0.0, ""M2_HAR"": 0.0, ""M3_HARJ"": 0.0, ""M4_HARQ"": 0.0, ""M5_RGARCH"": 0.0, ""M6_PARK"": 0.0, ""M6_GK"": 1.0}"
ES/GLOBEX/B0/30min/S-A,15,3662131630,21604,M6_GK,M6_GK,"{""M1_EWMA"": 0.0, ""M2_HAR"": 0.0, ""M3_HARJ"": 0.0, ""M4_HARQ"": 0.0, ""M5_RGARCH"": 0.0, ""M6_PARK"": 0.0, ""M6_GK"": 1.0}"
ES/GLOBEX/B0/30min/S-A,16,303417529,21604,M6_GK,M6_GK,"{""M1_EWMA"": 0.0, ""M2_HAR"": 0.0, ""M3_HARJ"": 0.0, ""M4_HARQ"": 0.0, ""M5_RGARCH"": 0.0, ""M6_PARK"": 0.0, ""M6_GK"": 1.0}"
ES/GLOBEX/B0/30min/S-A,17,4155647398,21604,M6_GK,M6_GK,"{""M1_EWMA"": 0.0, ""M2_HAR"": 0.0, ""M3_HARJ"": 0.0, ""M4_HARQ"": 0.0, ""M5_RGARCH"": 0.0, ""M6_PARK"": 0.0, ""M6_GK"": 1.0}"
ES/GLOBEX/B0/30min/S-A,18,2620441196,21604,M6_GK,M6_GK,"{""M1_EWMA"": 0.0, ""M2_HAR"": 0.0, ""M3_HARJ"": 0.0, ""M4_HARQ"": 0.0, ""M5_RGARCH"": 0.0, ""M6_PARK"": 0.0, ""M6_GK"": 1.0}"
ES/GLOBEX/B0/30min/S-A,19,4201311651,21604,M6_GK,M6_GK,"{""M1_EWMA"": 0.0, ""M2_HAR"": 0.0, ""M3_HARJ"": 0.0, ""M4_HARQ"": 0.0, ""M5_RGARCH"": 0.0, ""M6_PARK"": 0.0, ""M6_GK"": 1.0}"
ES/GLOBEX/B1/1day/S-A,0,2237533746,1453,M2_HAR|M3_HARJ|M4_HARQ|M5_RGARCH,M2_HAR|M3_HARJ|M4_HARQ|M5_RGARCH,"{""M6_PARK"": 0.0, ""M6_GK"": 0.0, ""M1_EWMA"": 0.0, ""M2_HAR"": 0.7052, ""M3_HARJ"": 1.0, ""M4_HARQ"": 1.0, ""M5_RGARCH"": 1.0}"
ES/GLOBEX/B1/1day/S-A,1,702494603,1453,M2_HAR|M3_HARJ|M4_HARQ|M5_RGARCH,M2_HAR|M3_HARJ|M4_HARQ|M5_RGARCH,"{""M6_PARK"": 0.0, ""M6_GK"": 0.0, ""M1_EWMA"": 0.0, ""M2_HAR"": 0.7204, ""M3_HARJ"": 1.0, ""M4_HARQ"": 1.0, ""M5_RGARCH"": 1.0}"
ES/GLOBEX/B1/1day/S-A,2,4139393190,1453,M2_HAR|M3_HARJ|M4_HARQ|M5_RGARCH,M2_HAR|M3_HARJ|M4_HARQ|M5_RGARCH,"{""M6_PARK"": 0.0, ""M6_GK"": 0.0, ""M1_EWMA"": 0.0, ""M2_HAR"": 0.7067, ""M3_HARJ"": 1.0, ""M4_HARQ"": 1.0, ""M5_RGARCH"": 1.0}"
ES/GLOBEX/B1/1day/S-A,3,769717545,1453,M2_HAR|M3_HARJ|M4_HARQ|M5_RGARCH,M2_HAR|M3_HARJ|M4_HARQ|M5_RGARCH,"{""M6_PARK"": 0.0, ""M6_GK"": 0.0, ""M1_EWMA"": 0.0, ""M2_HAR"": 0.7097, ""M3_HARJ"": 1.0, ""M4_HARQ"": 1.0, ""M5_RGARCH"": 1.0}"
ES/GLOBEX/B1/1day/S-A,4,919028315,1453,M2_HAR|M3_HARJ|M4_HARQ|M5_RGARCH,M2_HAR|M3_HARJ|M4_HARQ|M5_RGARCH,"{""M6_PARK"": 0.0, ""M6_GK"": 0.0, ""M1_EWMA"": 0.0, ""M2_HAR"": 0.7041, ""M3_HARJ"": 1.0, ""M4_HARQ"": 1.0, ""M5_RGARCH"": 1.0}"
ES/GLOBEX/B1/1day/S-A,5,611620464,1453,M2_HAR|M3_HARJ|M4_HARQ|M5_RGARCH,M2_HAR|M3_HARJ|M4_HARQ|M5_RGARCH,"{""M6_PARK"": 0.0, ""M6_GK"": 0.0, ""M1_EWMA"": 0.0, ""M2_HAR"": 0.7104, ""M3_HARJ"": 1.0, ""M4_HARQ"": 1.0, ""M5_RGARCH"": 1.0}"
ES/GLOBEX/B1/1day/S-A,6,3477480266,1453,M2_HAR|M3_HARJ|M4_HARQ|M5_RGARCH,M2_HAR|M3_HARJ|M4_HARQ|M5_RGARCH,"{""M6_PARK"": 0.0, ""M6_GK"": 0.0, ""M1_EWMA"": 0.0, ""M2_HAR"": 0.7101, ""M3_HARJ"": 1.0, ""M4_HARQ"": 1.0, ""M5_RGARCH"": 1.0}"
ES/GLOBEX/B1/1day/S-A,7,3198431117,1453,M2_HAR|M3_HARJ|M4_HARQ|M5_RGARCH,M2_HAR|M3_HARJ|M4_HARQ|M5_RGARCH,"{""M6_PARK"": 0.0, ""M6_GK"": 0.0, ""M1_EWMA"": 0.0, ""M2_HAR"": 0.7072, ""M3_HARJ"": 1.0, ""M4_HARQ"": 1.0, ""M5_RGARCH"": 1.0}"
ES/GLOBEX/B1/1day/S-A,8,2621026741,1453,M2_HAR|M3_HARJ|M4_HARQ|M5_RGARCH,M2_HAR|M3_HARJ|M4_HARQ|M5_RGARCH,"{""M6_PARK"": 0.0, ""M6_GK"": 0.0, ""M1_EWMA"": 0.0, ""M2_HAR"": 0.7181, ""M3_HARJ"": 1.0, ""M4_HARQ"": 1.0, ""M5_RGARCH"": 1.0}"
ES/GLOBEX/B1/1day/S-A,9,1169115867,1453,M2_HAR|M3_HARJ|M4_HARQ|M5_RGARCH,M2_HAR|M3_HARJ|M4_HARQ|M5_RGARCH,"{""M6_PARK"": 0.0, ""M6_GK"": 0.0, ""M1_EWMA"": 0.0, ""M2_HAR"": 0.7129, ""M3_HARJ"": 1.0, ""M4_HARQ"": 1.0, ""M5_RGARCH"": 1.0}"
ES/GLOBEX/B1/1day/S-A,10,3689063838,1453,M2_HAR|M3_HARJ|M4_HARQ|M5_RGARCH,M2_HAR|M3_HARJ|M4_HARQ|M5_RGARCH,"{""M6_PARK"": 0.0, ""M6_GK"": 0.0, ""M1_EWMA"": 0.0, ""M2_HAR"": 0.7054, ""M3_HARJ"": 1.0, ""M4_HARQ"": 1.0, ""M5_RGARCH"": 1.0}"
ES/GLOBEX/B1/1day/S-A,11,1498398406,1453,M2_HAR|M3_HARJ|M4_HARQ|M5_RGARCH,M2_HAR|M3_HARJ|M4_HARQ|M5_RGARCH,"{""M6_PARK"": 0.0, ""M6_GK"": 0.0, ""M1_EWMA"": 0.0, ""M2_HAR"": 0.7022, ""M3_HARJ"": 1.0, ""M4_HARQ"": 1.0, ""M5_RGARCH"": 1.0}"
ES/GLOBEX/B1/1day/S-A,12,3833968697,1453,M2_HAR|M3_HARJ|M4_HARQ|M5_RGARCH,M2_HAR|M3_HARJ|M4_HARQ|M5_RGARCH,"{""M6_PARK"": 0.0, ""M6_GK"": 0.0, ""M1_EWMA"": 0.0, ""M2_HAR"": 0.7051, ""M3_HARJ"": 1.0, ""M4_HARQ"": 1.0, ""M5_RGARCH"": 1.0}"
ES/GLOBEX/B1/1day/S-A,13,630741820,1453,M2_HAR|M3_HARJ|M4_HARQ|M5_RGARCH,M2_HAR|M3_HARJ|M4_HARQ|M5_RGARCH,"{""M6_PARK"": 0.0, ""M6_GK"": 0.0, ""M1_EWMA"": 0.0, ""M2_HAR"": 0.7177, ""M3_HARJ"": 1.0, ""M4_HARQ"": 1.0, ""M5_RGARCH"": 1.0}"
ES/GLOBEX/B1/1day/S-A,14,2401719883,1453,M2_HAR|M3_HARJ|M4_HARQ|M5_RGARCH,M2_HAR|M3_HARJ|M4_HARQ|M5_RGARCH,"{""M6_PARK"": 0.0, ""M6_GK"": 0.0, ""M1_EWMA"": 0.0, ""M2_HAR"": 0.7116, ""M3_HARJ"": 1.0, ""M4_HARQ"": 1.0, ""M5_RGARCH"": 1.0}"
ES/GLOBEX/B1/1day/S-A,15,3662131630,1453,M2_HAR|M3_HARJ|M4_HARQ|M5_RGARCH,M2_HAR|M3_HARJ|M4_HARQ|M5_RGARCH,"{""M6_PARK"": 0.0, ""M6_GK"": 0.0, ""M1_EWMA"": 0.0, ""M2_HAR"": 0.7093, ""M3_HARJ"": 1.0, ""M4_HARQ"": 1.0, ""M5_RGARCH"": 1.0}"
ES/GLOBEX/B1/1day/S-A,16,303417529,1453,M2_HAR|M3_HARJ|M4_HARQ|M5_RGARCH,M2_HAR|M3_HARJ|M4_HARQ|M5_RGARCH,"{""M6_PARK"": 0.0, ""M6_GK"": 0.0, ""M1_EWMA"": 0.0, ""M2_HAR"": 0.7119, ""M3_HARJ"": 1.0, ""M4_HARQ"": 1.0, ""M5_RGARCH"": 1.0}"
ES/GLOBEX/B1/1day/S-A,17,4155647398,1453,M2_HAR|M3_HARJ|M4_HARQ|M5_RGARCH,M2_HAR|M3_HARJ|M4_HARQ|M5_RGARCH,"{""M6_PARK"": 0.0, ""M6_GK"": 0.0, ""M1_EWMA"": 0.0, ""M2_HAR"": 0.7021, ""M3_HARJ"": 1.0, ""M4_HARQ"": 1.0, ""M5_RGARCH"": 1.0}"
ES/GLOBEX/B1/1day/S-A,18,2620441196,1453,M2_HAR|M3_HARJ|M4_HARQ|M5_RGARCH,M2_HAR|M3_HARJ|M4_HARQ|M5_RGARCH,"{""M6_PARK"": 0.0, ""M6_GK"": 0.0, ""M1_EWMA"": 0.0, ""M2_HAR"": 0.7055, ""M3_HARJ"": 1.0, ""M4_HARQ"": 1.0, ""M5_RGARCH"": 1.0}"
ES/GLOBEX/B1/1day/S-A,19,4201311651,1453,M2_HAR|M3_HARJ|M4_HARQ|M5_RGARCH,M2_HAR|M3_HARJ|M4_HARQ|M5_RGARCH,"{""M6_PARK"": 0.0, ""M6_GK"": 0.0, ""M1_EWMA"": 0.0, ""M2_HAR"": 0.7044, ""M3_HARJ"": 1.0, ""M4_HARQ"": 1.0, ""M5_RGARCH"": 1.0}"
ES/GLOBEX/B1/1h/S-A,0,2237533746,1403,M6_GK,M6_GK,"{""M1_EWMA"": 0.0, ""M2_HAR"": 0.0, ""M3_HARJ"": 0.0, ""M4_HARQ"": 0.0, ""M5_RGARCH"": 0.0, ""M6_PARK"": 0.0, ""M6_GK"": 1.0}"
ES/GLOBEX/B1/1h/S-A,1,702494603,1403,M6_GK,M6_GK,"{""M1_EWMA"": 0.0, ""M2_HAR"": 0.0, ""M3_HARJ"": 0.0, ""M4_HARQ"": 0.0, ""M5_RGARCH"": 0.0, ""M6_PARK"": 0.0, ""M6_GK"": 1.0}"
ES/GLOBEX/B1/1h/S-A,2,4139393190,1403,M6_GK,M6_GK,"{""M1_EWMA"": 0.0, ""M2_HAR"": 0.0, ""M3_HARJ"": 0.0, ""M4_HARQ"": 0.0, ""M5_RGARCH"": 0.0, ""M6_PARK"": 0.0, ""M6_GK"": 1.0}"
ES/GLOBEX/B1/1h/S-A,3,769717545,1403,M6_GK,M6_GK,"{""M1_EWMA"": 0.0, ""M2_HAR"": 0.0, ""M3_HARJ"": 0.0, ""M4_HARQ"": 0.0, ""M5_RGARCH"": 0.0, ""M6_PARK"": 0.0, ""M6_GK"": 1.0}"
ES/GLOBEX/B1/1h/S-A,4,919028315,1403,M6_GK,M6_GK,"{""M1_EWMA"": 0.0, ""M2_HAR"": 0.0, ""M3_HARJ"": 0.0, ""M4_HARQ"": 0.0, ""M5_RGARCH"": 0.0, ""M6_PARK"": 0.0, ""M6_GK"": 1.0}"
ES/GLOBEX/B1/1h/S-A,5,611620464,1403,M6_GK,M6_GK,"{""M1_EWMA"": 0.0, ""M2_HAR"": 0.0, ""M3_HARJ"": 0.0, ""M4_HARQ"": 0.0, ""M5_RGARCH"": 0.0, ""M6_PARK"": 0.0, ""M6_GK"": 1.0}"
ES/GLOBEX/B1/1h/S-A,6,3477480266,1403,M6_GK,M6_GK,"{""M1_EWMA"": 0.0, ""M2_HAR"": 0.0, ""M3_HARJ"": 0.0, ""M4_HARQ"": 0.0, ""M5_RGARCH"": 0.0, ""M6_PARK"": 0.0, ""M6_GK"": 1.0}"
ES/GLOBEX/B1/1h/S-A,7,3198431117,1403,M6_GK,M6_GK,"{""M1_EWMA"": 0.0, ""M2_HAR"": 0.0, ""M3_HARJ"": 0.0, ""M4_HARQ"": 0.0, ""M5_RGARCH"": 0.0, ""M6_PARK"": 0.0, ""M6_GK"": 1.0}"
ES/GLOBEX/B1/1h/S-A,8,2621026741,1403,M6_GK,M6_GK,"{""M1_EWMA"": 0.0, ""M2_HAR"": 0.0, ""M3_HARJ"": 0.0, ""M4_HARQ"": 0.0, ""M5_RGARCH"": 0.0, ""M6_PARK"": 0.0, ""M6_GK"": 1.0}"
ES/GLOBEX/B1/1h/S-A,9,1169115867,1403,M6_GK,M6_GK,"{""M1_EWMA"": 0.0, ""M2_HAR"": 0.0, ""M3_HARJ"": 0.0, ""M4_HARQ"": 0.0, ""M5_RGARCH"": 0.0, ""M6_PARK"": 0.0, ""M6_GK"": 1.0}"
ES/GLOBEX/B1/1h/S-A,10,3689063838,1403,M6_GK,M6_GK,"{""M1_EWMA"": 0.0, ""M2_HAR"": 0.0, ""M3_HARJ"": 0.0, ""M4_HARQ"": 0.0, ""M5_RGARCH"": 0.0, ""M6_PARK"": 0.0, ""M6_GK"": 1.0}"
ES/GLOBEX/B1/1h/S-A,11,1498398406,1403,M6_GK,M6_GK,"{""M1_EWMA"": 0.0, ""M2_HAR"": 0.0, ""M3_HARJ"": 0.0, ""M4_HARQ"": 0.0, ""M5_RGARCH"": 0.0, ""M6_PARK"": 0.0, ""M6_GK"": 1.0}"
ES/GLOBEX/B1/1h/S-A,12,3833968697,1403,M6_GK,M6_GK,"{""M1_EWMA"": 0.0, ""M2_HAR"": 0.0, ""M3_HARJ"": 0.0, ""M4_HARQ"": 0.0, ""M5_RGARCH"": 0.0, ""M6_PARK"": 0.0, ""M6_GK"": 1.0}"
ES/GLOBEX/B1/1h/S-A,13,630741820,1403,M6_GK,M6_GK,"{""M1_EWMA"": 0.0, ""M2_HAR"": 0.0, ""M3_HARJ"": 0.0, ""M4_HARQ"": 0.0, ""M5_RGARCH"": 0.0, ""M6_PARK"": 0.0, ""M6_GK"": 1.0}"
ES/GLOBEX/B1/1h/S-A,14,2401719883,1403,M6_GK,M6_GK,"{""M1_EWMA"": 0.0, ""M2_HAR"": 0.0, ""M3_HARJ"": 0.0, ""M4_HARQ"": 0.0, ""M5_RGARCH"": 0.0, ""M6_PARK"": 0.0, ""M6_GK"": 1.0}"
ES/GLOBEX/B1/1h/S-A,15,3662131630,1403,M6_GK,M6_GK,"{""M1_EWMA"": 0.0, ""M2_HAR"": 0.0, ""M3_HARJ"": 0.0, ""M4_HARQ"": 0.0, ""M5_RGARCH"": 0.0, ""M6_PARK"": 0.0, ""M6_GK"": 1.0}"
ES/GLOBEX/B1/1h/S-A,16,303417529,1403,M6_GK,M6_GK,"{""M1_EWMA"": 0.0, ""M2_HAR"": 0.0, ""M3_HARJ"": 0.0, ""M4_HARQ"": 0.0, ""M5_RGARCH"": 0.0, ""M6_PARK"": 0.0, ""M6_GK"": 1.0}"
ES/GLOBEX/B1/1h/S-A,17,4155647398,1403,M6_GK,M6_GK,"{""M1_EWMA"": 0.0, ""M2_HAR"": 0.0, ""M3_HARJ"": 0.0, ""M4_HARQ"": 0.0, ""M5_RGARCH"": 0.0, ""M6_PARK"": 0.0, ""M6_GK"": 1.0}"
ES/GLOBEX/B1/1h/S-A,18,2620441196,1403,M6_GK,M6_GK,"{""M1_EWMA"": 0.0, ""M2_HAR"": 0.0, ""M3_HARJ"": 0.0, ""M4_HARQ"": 0.0, ""M5_RGARCH"": 0.0, ""M6_PARK"": 0.0, ""M6_GK"": 1.0}"
ES/GLOBEX/B1/1h/S-A,19,4201311651,1403,M6_GK,M6_GK,"{""M1_EWMA"": 0.0, ""M2_HAR"": 0.0, ""M3_HARJ"": 0.0, ""M4_HARQ"": 0.0, ""M5_RGARCH"": 0.0, ""M6_PARK"": 0.0, ""M6_GK"": 1.0}"
ES/GLOBEX/B1/30min/S-A,0,2237533746,79538,M6_GK,M6_GK,"{""M1_EWMA"": 0.0, ""M2_HAR"": 0.0, ""M3_HARJ"": 0.0, ""M4_HARQ"": 0.0, ""M5_RGARCH"": 0.0, ""M6_PARK"": 0.0, ""M6_GK"": 1.0}"
ES/GLOBEX/B1/30min/S-A,1,702494603,79538,M6_GK,M6_GK,"{""M1_EWMA"": 0.0, ""M2_HAR"": 0.0, ""M3_HARJ"": 0.0, ""M4_HARQ"": 0.0, ""M5_RGARCH"": 0.0, ""M6_PARK"": 0.0, ""M6_GK"": 1.0}"
ES/GLOBEX/B1/30min/S-A,2,4139393190,79538,M6_GK,M6_GK,"{""M1_EWMA"": 0.0, ""M2_HAR"": 0.0, ""M3_HARJ"": 0.0, ""M4_HARQ"": 0.0, ""M5_RGARCH"": 0.0, ""M6_PARK"": 0.0, ""M6_GK"": 1.0}"
ES/GLOBEX/B1/30min/S-A,3,769717545,79538,M6_GK,M6_GK,"{""M1_EWMA"": 0.0, ""M2_HAR"": 0.0, ""M3_HARJ"": 0.0, ""M4_HARQ"": 0.0, ""M5_RGARCH"": 0.0, ""M6_PARK"": 0.0, ""M6_GK"": 1.0}"
ES/GLOBEX/B1/30min/S-A,4,919028315,79538,M6_GK,M6_GK,"{""M1_EWMA"": 0.0, ""M2_HAR"": 0.0, ""M3_HARJ"": 0.0, ""M4_HARQ"": 0.0, ""M5_RGARCH"": 0.0, ""M6_PARK"": 0.0, ""M6_GK"": 1.0}"
ES/GLOBEX/B1/30min/S-A,5,611620464,79538,M6_GK,M6_GK,"{""M1_EWMA"": 0.0, ""M2_HAR"": 0.0, ""M3_HARJ"": 0.0, ""M4_HARQ"": 0.0, ""M5_RGARCH"": 0.0, ""M6_PARK"": 0.0, ""M6_GK"": 1.0}"
ES/GLOBEX/B1/30min/S-A,6,3477480266,79538,M6_GK,M6_GK,"{""M1_EWMA"": 0.0, ""M2_HAR"": 0.0, ""M3_HARJ"": 0.0, ""M4_HARQ"": 0.0, ""M5_RGARCH"": 0.0, ""M6_PARK"": 0.0, ""M6_GK"": 1.0}"
ES/GLOBEX/B1/30min/S-A,7,3198431117,79538,M6_GK,M6_GK,"{""M1_EWMA"": 0.0, ""M2_HAR"": 0.0, ""M3_HARJ"": 0.0, ""M4_HARQ"": 0.0, ""M5_RGARCH"": 0.0, ""M6_PARK"": 0.0, ""M6_GK"": 1.0}"
ES/GLOBEX/B1/30min/S-A,8,2621026741,79538,M6_GK,M6_GK,"{""M1_EWMA"": 0.0, ""M2_HAR"": 0.0, ""M3_HARJ"": 0.0, ""M4_HARQ"": 0.0, ""M5_RGARCH"": 0.0, ""M6_PARK"": 0.0, ""M6_GK"": 1.0}"
ES/GLOBEX/B1/30min/S-A,9,1169115867,79538,M6_GK,M6_GK,"{""M1_EWMA"": 0.0, ""M2_HAR"": 0.0, ""M3_HARJ"": 0.0, ""M4_HARQ"": 0.0, ""M5_RGARCH"": 0.0, ""M6_PARK"": 0.0, ""M6_GK"": 1.0}"
ES/GLOBEX/B1/30min/S-A,10,3689063838,79538,M6_GK,M6_GK,"{""M1_EWMA"": 0.0, ""M2_HAR"": 0.0, ""M3_HARJ"": 0.0, ""M4_HARQ"": 0.0, ""M5_RGARCH"": 0.0, ""M6_PARK"": 0.0, ""M6_GK"": 1.0}"
ES/GLOBEX/B1/30min/S-A,11,1498398406,79538,M6_GK,M6_GK,"{""M1_EWMA"": 0.0, ""M2_HAR"": 0.0, ""M3_HARJ"": 0.0, ""M4_HARQ"": 0.0, ""M5_RGARCH"": 0.0, ""M6_PARK"": 0.0, ""M6_GK"": 1.0}"
ES/GLOBEX/B1/30min/S-A,12,3833968697,79538,M6_GK,M6_GK,"{""M1_EWMA"": 0.0, ""M2_HAR"": 0.0, ""M3_HARJ"": 0.0, ""M4_HARQ"": 0.0, ""M5_RGARCH"": 0.0, ""M6_PARK"": 0.0, ""M6_GK"": 1.0}"
ES/GLOBEX/B1/30min/S-A,13,630741820,79538,M6_GK,M6_GK,"{""M1_EWMA"": 0.0, ""M2_HAR"": 0.0, ""M3_HARJ"": 0.0, ""M4_HARQ"": 0.0, ""M5_RGARCH"": 0.0, ""M6_PARK"": 0.0, ""M6_GK"": 1.0}"
ES/GLOBEX/B1/30min/S-A,14,2401719883,79538,M6_GK,M6_GK,"{""M1_EWMA"": 0.0, ""M2_HAR"": 0.0, ""M3_HARJ"": 0.0, ""M4_HARQ"": 0.0, ""M5_RGARCH"": 0.0, ""M6_PARK"": 0.0, ""M6_GK"": 1.0}"
ES/GLOBEX/B1/30min/S-A,15,3662131630,79538,M6_GK,M6_GK,"{""M1_EWMA"": 0.0, ""M2_HAR"": 0.0, ""M3_HARJ"": 0.0, ""M4_HARQ"": 0.0, ""M5_RGARCH"": 0.0, ""M6_PARK"": 0.0, ""M6_GK"": 1.0}"
ES/GLOBEX/B1/30min/S-A,16,303417529,79538,M6_GK,M6_GK,"{""M1_EWMA"": 0.0, ""M2_HAR"": 0.0, ""M3_HARJ"": 0.0, ""M4_HARQ"": 0.0, ""M5_RGARCH"": 0.0, ""M6_PARK"": 0.0, ""M6_GK"": 1.0}"
ES/GLOBEX/B1/30min/S-A,17,4155647398,79538,M6_GK,M6_GK,"{""M1_EWMA"": 0.0, ""M2_HAR"": 0.0, ""M3_HARJ"": 0.0, ""M4_HARQ"": 0.0, ""M5_RGARCH"": 0.0, ""M6_PARK"": 0.0, ""M6_GK"": 1.0}"
ES/GLOBEX/B1/30min/S-A,18,2620441196,79538,M6_GK,M6_GK,"{""M1_EWMA"": 0.0, ""M2_HAR"": 0.0, ""M3_HARJ"": 0.0, ""M4_HARQ"": 0.0, ""M5_RGARCH"": 0.0, ""M6_PARK"": 0.0, ""M6_GK"": 1.0}"
ES/GLOBEX/B1/30min/S-A,19,4201311651,79538,M6_GK,M6_GK,"{""M1_EWMA"": 0.0, ""M2_HAR"": 0.0, ""M3_HARJ"": 0.0, ""M4_HARQ"": 0.0, ""M5_RGARCH"": 0.0, ""M6_PARK"": 0.0, ""M6_GK"": 1.0}"
ES/RTH/B0/1day/S-A,0,2237533746,1401,M2_HAR|M4_HARQ,M2_HAR|M4_HARQ,"{""M6_PARK"": 0.0, ""M6_GK"": 0.0, ""M1_EWMA"": 0.0, ""M5_RGARCH"": 0.0, ""M3_HARJ"": 0.077, ""M2_HAR"": 1.0, ""M4_HARQ"": 1.0}"
ES/RTH/B0/1day/S-A,1,702494603,1401,M2_HAR|M4_HARQ,M2_HAR|M4_HARQ,"{""M6_PARK"": 0.0, ""M6_GK"": 0.0, ""M1_EWMA"": 0.0, ""M5_RGARCH"": 0.0, ""M3_HARJ"": 0.0832, ""M2_HAR"": 1.0, ""M4_HARQ"": 1.0}"
ES/RTH/B0/1day/S-A,2,4139393190,1401,M2_HAR|M4_HARQ,M2_HAR|M4_HARQ,"{""M6_PARK"": 0.0, ""M6_GK"": 0.0, ""M1_EWMA"": 0.0, ""M5_RGARCH"": 0.0, ""M3_HARJ"": 0.0769, ""M2_HAR"": 1.0, ""M4_HARQ"": 1.0}"
ES/RTH/B0/1day/S-A,3,769717545,1401,M2_HAR|M4_HARQ,M2_HAR|M4_HARQ,"{""M6_PARK"": 0.0, ""M6_GK"": 0.0, ""M1_EWMA"": 0.0, ""M5_RGARCH"": 0.0, ""M3_HARJ"": 0.0852, ""M2_HAR"": 1.0, ""M4_HARQ"": 1.0}"
ES/RTH/B0/1day/S-A,4,919028315,1401,M2_HAR|M4_HARQ,M2_HAR|M4_HARQ,"{""M6_PARK"": 0.0, ""M6_GK"": 0.0, ""M1_EWMA"": 0.0, ""M5_RGARCH"": 0.0, ""M3_HARJ"": 0.0779, ""M2_HAR"": 1.0, ""M4_HARQ"": 1.0}"
ES/RTH/B0/1day/S-A,5,611620464,1401,M2_HAR|M4_HARQ,M2_HAR|M4_HARQ,"{""M6_PARK"": 0.0, ""M6_GK"": 0.0, ""M1_EWMA"": 0.0, ""M5_RGARCH"": 0.0, ""M3_HARJ"": 0.0828, ""M2_HAR"": 1.0, ""M4_HARQ"": 1.0}"
ES/RTH/B0/1day/S-A,6,3477480266,1401,M2_HAR|M4_HARQ,M2_HAR|M4_HARQ,"{""M6_PARK"": 0.0, ""M6_GK"": 0.0, ""M1_EWMA"": 0.0, ""M5_RGARCH"": 0.0, ""M3_HARJ"": 0.079, ""M2_HAR"": 1.0, ""M4_HARQ"": 1.0}"
ES/RTH/B0/1day/S-A,7,3198431117,1401,M2_HAR|M4_HARQ,M2_HAR|M4_HARQ,"{""M6_PARK"": 0.0, ""M6_GK"": 0.0, ""M1_EWMA"": 0.0, ""M5_RGARCH"": 0.0, ""M3_HARJ"": 0.0841, ""M2_HAR"": 1.0, ""M4_HARQ"": 1.0}"
ES/RTH/B0/1day/S-A,8,2621026741,1401,M2_HAR|M4_HARQ,M2_HAR|M4_HARQ,"{""M6_PARK"": 0.0, ""M6_GK"": 0.0, ""M1_EWMA"": 0.0, ""M5_RGARCH"": 0.0, ""M3_HARJ"": 0.0797, ""M2_HAR"": 1.0, ""M4_HARQ"": 1.0}"
ES/RTH/B0/1day/S-A,9,1169115867,1401,M2_HAR|M4_HARQ,M2_HAR|M4_HARQ,"{""M6_PARK"": 0.0, ""M6_GK"": 0.0, ""M1_EWMA"": 0.0, ""M5_RGARCH"": 0.0, ""M3_HARJ"": 0.0798, ""M2_HAR"": 1.0, ""M4_HARQ"": 1.0}"
ES/RTH/B0/1day/S-A,10,3689063838,1401,M2_HAR|M4_HARQ,M2_HAR|M4_HARQ,"{""M6_PARK"": 0.0, ""M6_GK"": 0.0, ""M1_EWMA"": 0.0, ""M5_RGARCH"": 0.0, ""M3_HARJ"": 0.0829, ""M2_HAR"": 1.0, ""M4_HARQ"": 1.0}"
ES/RTH/B0/1day/S-A,11,1498398406,1401,M2_HAR|M4_HARQ,M2_HAR|M4_HARQ,"{""M6_PARK"": 0.0, ""M6_GK"": 0.0, ""M1_EWMA"": 0.0, ""M5_RGARCH"": 0.0, ""M3_HARJ"": 0.0817, ""M2_HAR"": 1.0, ""M4_HARQ"": 1.0}"
ES/RTH/B0/1day/S-A,12,3833968697,1401,M2_HAR|M4_HARQ,M2_HAR|M4_HARQ,"{""M6_PARK"": 0.0, ""M6_GK"": 0.0, ""M1_EWMA"": 0.0, ""M5_RGARCH"": 0.0, ""M3_HARJ"": 0.0799, ""M2_HAR"": 1.0, ""M4_HARQ"": 1.0}"
ES/RTH/B0/1day/S-A,13,630741820,1401,M2_HAR|M4_HARQ,M2_HAR|M4_HARQ,"{""M6_PARK"": 0.0, ""M6_GK"": 0.0, ""M1_EWMA"": 0.0, ""M5_RGARCH"": 0.0, ""M3_HARJ"": 0.0797, ""M2_HAR"": 1.0, ""M4_HARQ"": 1.0}"
ES/RTH/B0/1day/S-A,14,2401719883,1401,M2_HAR|M4_HARQ,M2_HAR|M4_HARQ,"{""M6_PARK"": 0.0, ""M6_GK"": 0.0, ""M1_EWMA"": 0.0, ""M5_RGARCH"": 0.0, ""M3_HARJ"": 0.0788, ""M2_HAR"": 1.0, ""M4_HARQ"": 1.0}"
ES/RTH/B0/1day/S-A,15,3662131630,1401,M2_HAR|M4_HARQ,M2_HAR|M4_HARQ,"{""M6_PARK"": 0.0, ""M6_GK"": 0.0, ""M1_EWMA"": 0.0, ""M5_RGARCH"": 0.0, ""M3_HARJ"": 0.079, ""M2_HAR"": 1.0, ""M4_HARQ"": 1.0}"
ES/RTH/B0/1day/S-A,16,303417529,1401,M2_HAR|M4_HARQ,M2_HAR|M4_HARQ,"{""M6_PARK"": 0.0, ""M6_GK"": 0.0, ""M1_EWMA"": 0.0, ""M5_RGARCH"": 0.0, ""M3_HARJ"": 0.073, ""M2_HAR"": 1.0, ""M4_HARQ"": 1.0}"
ES/RTH/B0/1day/S-A,17,4155647398,1401,M2_HAR|M4_HARQ,M2_HAR|M4_HARQ,"{""M6_PARK"": 0.0, ""M6_GK"": 0.0, ""M1_EWMA"": 0.0, ""M5_RGARCH"": 0.0, ""M3_HARJ"": 0.0824, ""M2_HAR"": 1.0, ""M4_HARQ"": 1.0}"
ES/RTH/B0/1day/S-A,18,2620441196,1401,M2_HAR|M4_HARQ,M2_HAR|M4_HARQ,"{""M6_PARK"": 0.0, ""M6_GK"": 0.0, ""M1_EWMA"": 0.0, ""M5_RGARCH"": 0.0, ""M3_HARJ"": 0.0787, ""M2_HAR"": 1.0, ""M4_HARQ"": 1.0}"
ES/RTH/B0/1day/S-A,19,4201311651,1401,M2_HAR|M4_HARQ,M2_HAR|M4_HARQ,"{""M6_PARK"": 0.0, ""M6_GK"": 0.0, ""M1_EWMA"": 0.0, ""M5_RGARCH"": 0.0, ""M3_HARJ"": 0.0786, ""M2_HAR"": 1.0, ""M4_HARQ"": 1.0}"
ES/RTH/B0/1h/S-A,0,2237533746,10906,M2_HAR|M4_HARQ,M2_HAR|M4_HARQ,"{""M6_GK"": 0.0, ""M6_PARK"": 0.0, ""M5_RGARCH"": 0.0, ""M1_EWMA"": 0.0, ""M3_HARJ"": 0.0, ""M2_HAR"": 1.0, ""M4_HARQ"": 1.0}"
ES/RTH/B0/1h/S-A,1,702494603,10906,M2_HAR|M4_HARQ,M2_HAR|M4_HARQ,"{""M6_GK"": 0.0, ""M6_PARK"": 0.0, ""M5_RGARCH"": 0.0, ""M1_EWMA"": 0.0, ""M3_HARJ"": 0.0003, ""M2_HAR"": 1.0, ""M4_HARQ"": 1.0}"
ES/RTH/B0/1h/S-A,2,4139393190,10906,M2_HAR|M4_HARQ,M2_HAR|M4_HARQ,"{""M6_GK"": 0.0, ""M6_PARK"": 0.0, ""M5_RGARCH"": 0.0, ""M1_EWMA"": 0.0, ""M3_HARJ"": 0.0, ""M2_HAR"": 1.0, ""M4_HARQ"": 1.0}"
ES/RTH/B0/1h/S-A,3,769717545,10906,M2_HAR|M4_HARQ,M2_HAR|M4_HARQ,"{""M6_GK"": 0.0, ""M6_PARK"": 0.0, ""M5_RGARCH"": 0.0, ""M1_EWMA"": 0.0, ""M3_HARJ"": 0.0004, ""M2_HAR"": 1.0, ""M4_HARQ"": 1.0}"
ES/RTH/B0/1h/S-A,4,919028315,10906,M2_HAR|M4_HARQ,M2_HAR|M4_HARQ,"{""M6_GK"": 0.0, ""M6_PARK"": 0.0, ""M5_RGARCH"": 0.0, ""M1_EWMA"": 0.0, ""M3_HARJ"": 0.0002, ""M2_HAR"": 1.0, ""M4_HARQ"": 1.0}"
ES/RTH/B0/1h/S-A,5,611620464,10906,M2_HAR|M4_HARQ,M2_HAR|M4_HARQ,"{""M6_GK"": 0.0, ""M6_PARK"": 0.0, ""M5_RGARCH"": 0.0, ""M1_EWMA"": 0.0, ""M3_HARJ"": 0.0001, ""M2_HAR"": 1.0, ""M4_HARQ"": 1.0}"
ES/RTH/B0/1h/S-A,6,3477480266,10906,M2_HAR|M4_HARQ,M2_HAR|M4_HARQ,"{""M6_GK"": 0.0, ""M6_PARK"": 0.0, ""M5_RGARCH"": 0.0, ""M1_EWMA"": 0.0, ""M3_HARJ"": 0.0001, ""M2_HAR"": 1.0, ""M4_HARQ"": 1.0}"
ES/RTH/B0/1h/S-A,7,3198431117,10906,M2_HAR|M4_HARQ,M2_HAR|M4_HARQ,"{""M6_GK"": 0.0, ""M6_PARK"": 0.0, ""M5_RGARCH"": 0.0, ""M1_EWMA"": 0.0, ""M3_HARJ"": 0.0002, ""M2_HAR"": 1.0, ""M4_HARQ"": 1.0}"
ES/RTH/B0/1h/S-A,8,2621026741,10906,M2_HAR|M4_HARQ,M2_HAR|M4_HARQ,"{""M6_GK"": 0.0, ""M6_PARK"": 0.0, ""M5_RGARCH"": 0.0, ""M1_EWMA"": 0.0, ""M3_HARJ"": 0.0001, ""M2_HAR"": 1.0, ""M4_HARQ"": 1.0}"
ES/RTH/B0/1h/S-A,9,1169115867,10906,M2_HAR|M4_HARQ,M2_HAR|M4_HARQ,"{""M6_GK"": 0.0, ""M6_PARK"": 0.0, ""M5_RGARCH"": 0.0, ""M1_EWMA"": 0.0, ""M3_HARJ"": 0.0, ""M2_HAR"": 1.0, ""M4_HARQ"": 1.0}"
ES/RTH/B0/1h/S-A,10,3689063838,10906,M2_HAR|M4_HARQ,M2_HAR|M4_HARQ,"{""M6_GK"": 0.0, ""M6_PARK"": 0.0, ""M5_RGARCH"": 0.0, ""M1_EWMA"": 0.0, ""M3_HARJ"": 0.0, ""M2_HAR"": 1.0, ""M4_HARQ"": 1.0}"
ES/RTH/B0/1h/S-A,11,1498398406,10906,M2_HAR|M4_HARQ,M2_HAR|M4_HARQ,"{""M6_GK"": 0.0, ""M6_PARK"": 0.0, ""M5_RGARCH"": 0.0, ""M1_EWMA"": 0.0, ""M3_HARJ"": 0.0002, ""M2_HAR"": 1.0, ""M4_HARQ"": 1.0}"
ES/RTH/B0/1h/S-A,12,3833968697,10906,M2_HAR|M4_HARQ,M2_HAR|M4_HARQ,"{""M6_GK"": 0.0, ""M6_PARK"": 0.0, ""M5_RGARCH"": 0.0, ""M1_EWMA"": 0.0, ""M3_HARJ"": 0.0005, ""M2_HAR"": 1.0, ""M4_HARQ"": 1.0}"
ES/RTH/B0/1h/S-A,13,630741820,10906,M2_HAR|M4_HARQ,M2_HAR|M4_HARQ,"{""M6_GK"": 0.0, ""M6_PARK"": 0.0, ""M5_RGARCH"": 0.0, ""M1_EWMA"": 0.0, ""M3_HARJ"": 0.0002, ""M2_HAR"": 1.0, ""M4_HARQ"": 1.0}"
ES/RTH/B0/1h/S-A,14,2401719883,10906,M2_HAR|M4_HARQ,M2_HAR|M4_HARQ,"{""M6_GK"": 0.0, ""M6_PARK"": 0.0, ""M5_RGARCH"": 0.0, ""M1_EWMA"": 0.0, ""M3_HARJ"": 0.0005, ""M2_HAR"": 1.0, ""M4_HARQ"": 1.0}"
ES/RTH/B0/1h/S-A,15,3662131630,10906,M2_HAR|M4_HARQ,M2_HAR|M4_HARQ,"{""M6_GK"": 0.0, ""M6_PARK"": 0.0, ""M5_RGARCH"": 0.0, ""M1_EWMA"": 0.0, ""M3_HARJ"": 0.0002, ""M2_HAR"": 1.0, ""M4_HARQ"": 1.0}"
ES/RTH/B0/1h/S-A,16,303417529,10906,M2_HAR|M4_HARQ,M2_HAR|M4_HARQ,"{""M6_GK"": 0.0, ""M6_PARK"": 0.0, ""M5_RGARCH"": 0.0, ""M1_EWMA"": 0.0, ""M3_HARJ"": 0.0004, ""M2_HAR"": 1.0, ""M4_HARQ"": 1.0}"
ES/RTH/B0/1h/S-A,17,4155647398,10906,M2_HAR|M4_HARQ,M2_HAR|M4_HARQ,"{""M6_GK"": 0.0, ""M6_PARK"": 0.0, ""M5_RGARCH"": 0.0, ""M1_EWMA"": 0.0, ""M3_HARJ"": 0.0006, ""M2_HAR"": 1.0, ""M4_HARQ"": 1.0}"
ES/RTH/B0/1h/S-A,18,2620441196,10906,M2_HAR|M4_HARQ,M2_HAR|M4_HARQ,"{""M6_GK"": 0.0, ""M6_PARK"": 0.0, ""M5_RGARCH"": 0.0, ""M1_EWMA"": 0.0, ""M3_HARJ"": 0.0002, ""M2_HAR"": 1.0, ""M4_HARQ"": 1.0}"
ES/RTH/B0/1h/S-A,19,4201311651,10906,M2_HAR|M4_HARQ,M2_HAR|M4_HARQ,"{""M6_GK"": 0.0, ""M6_PARK"": 0.0, ""M5_RGARCH"": 0.0, ""M1_EWMA"": 0.0, ""M3_HARJ"": 0.0001, ""M2_HAR"": 1.0, ""M4_HARQ"": 1.0}"
ES/RTH/B0/30min/S-A,0,2237533746,22312,M2_HAR|M3_HARJ|M4_HARQ,M2_HAR|M3_HARJ|M4_HARQ,"{""M6_GK"": 0.0, ""M6_PARK"": 0.0, ""M5_RGARCH"": 0.0, ""M1_EWMA"": 0.0, ""M2_HAR"": 0.7525, ""M3_HARJ"": 1.0, ""M4_HARQ"": 1.0}"
ES/RTH/B0/30min/S-A,1,702494603,22312,M2_HAR|M3_HARJ|M4_HARQ,M2_HAR|M3_HARJ|M4_HARQ,"{""M6_GK"": 0.0, ""M6_PARK"": 0.0, ""M5_RGARCH"": 0.0, ""M1_EWMA"": 0.0, ""M2_HAR"": 0.7536, ""M3_HARJ"": 1.0, ""M4_HARQ"": 1.0}"
ES/RTH/B0/30min/S-A,2,4139393190,22312,M2_HAR|M3_HARJ|M4_HARQ,M2_HAR|M3_HARJ|M4_HARQ,"{""M6_GK"": 0.0, ""M6_PARK"": 0.0, ""M5_RGARCH"": 0.0, ""M1_EWMA"": 0.0, ""M2_HAR"": 0.7484, ""M3_HARJ"": 1.0, ""M4_HARQ"": 1.0}"
ES/RTH/B0/30min/S-A,3,769717545,22312,M2_HAR|M3_HARJ|M4_HARQ,M2_HAR|M3_HARJ|M4_HARQ,"{""M6_GK"": 0.0, ""M6_PARK"": 0.0, ""M5_RGARCH"": 0.0, ""M1_EWMA"": 0.0, ""M2_HAR"": 0.7444, ""M3_HARJ"": 1.0, ""M4_HARQ"": 1.0}"
ES/RTH/B0/30min/S-A,4,919028315,22312,M2_HAR|M3_HARJ|M4_HARQ,M2_HAR|M3_HARJ|M4_HARQ,"{""M6_GK"": 0.0, ""M6_PARK"": 0.0, ""M5_RGARCH"": 0.0, ""M1_EWMA"": 0.0, ""M2_HAR"": 0.7448, ""M3_HARJ"": 1.0, ""M4_HARQ"": 1.0}"
ES/RTH/B0/30min/S-A,5,611620464,22312,M2_HAR|M3_HARJ|M4_HARQ,M2_HAR|M3_HARJ|M4_HARQ,"{""M6_GK"": 0.0, ""M6_PARK"": 0.0, ""M5_RGARCH"": 0.0, ""M1_EWMA"": 0.0, ""M2_HAR"": 0.7518, ""M3_HARJ"": 1.0, ""M4_HARQ"": 1.0}"
ES/RTH/B0/30min/S-A,6,3477480266,22312,M2_HAR|M3_HARJ|M4_HARQ,M2_HAR|M3_HARJ|M4_HARQ,"{""M6_GK"": 0.0, ""M6_PARK"": 0.0, ""M5_RGARCH"": 0.0, ""M1_EWMA"": 0.0, ""M2_HAR"": 0.7488, ""M3_HARJ"": 1.0, ""M4_HARQ"": 1.0}"
ES/RTH/B0/30min/S-A,7,3198431117,22312,M2_HAR|M3_HARJ|M4_HARQ,M2_HAR|M3_HARJ|M4_HARQ,"{""M6_GK"": 0.0, ""M6_PARK"": 0.0, ""M5_RGARCH"": 0.0, ""M1_EWMA"": 0.0, ""M2_HAR"": 0.7472, ""M3_HARJ"": 1.0, ""M4_HARQ"": 1.0}"
ES/RTH/B0/30min/S-A,8,2621026741,22312,M2_HAR|M3_HARJ|M4_HARQ,M2_HAR|M3_HARJ|M4_HARQ,"{""M6_GK"": 0.0, ""M6_PARK"": 0.0, ""M5_RGARCH"": 0.0, ""M1_EWMA"": 0.0, ""M2_HAR"": 0.7526, ""M3_HARJ"": 1.0, ""M4_HARQ"": 1.0}"
ES/RTH/B0/30min/S-A,9,1169115867,22312,M2_HAR|M3_HARJ|M4_HARQ,M2_HAR|M3_HARJ|M4_HARQ,"{""M6_GK"": 0.0, ""M6_PARK"": 0.0, ""M5_RGARCH"": 0.0, ""M1_EWMA"": 0.0, ""M2_HAR"": 0.7427, ""M3_HARJ"": 1.0, ""M4_HARQ"": 1.0}"
ES/RTH/B0/30min/S-A,10,3689063838,22312,M2_HAR|M3_HARJ|M4_HARQ,M2_HAR|M3_HARJ|M4_HARQ,"{""M6_GK"": 0.0, ""M6_PARK"": 0.0, ""M5_RGARCH"": 0.0, ""M1_EWMA"": 0.0, ""M2_HAR"": 0.7501, ""M3_HARJ"": 1.0, ""M4_HARQ"": 1.0}"
ES/RTH/B0/30min/S-A,11,1498398406,22312,M2_HAR|M3_HARJ|M4_HARQ,M2_HAR|M3_HARJ|M4_HARQ,"{""M6_GK"": 0.0, ""M6_PARK"": 0.0, ""M5_RGARCH"": 0.0, ""M1_EWMA"": 0.0, ""M2_HAR"": 0.7543, ""M3_HARJ"": 1.0, ""M4_HARQ"": 1.0}"
ES/RTH/B0/30min/S-A,12,3833968697,22312,M2_HAR|M3_HARJ|M4_HARQ,M2_HAR|M3_HARJ|M4_HARQ,"{""M6_GK"": 0.0, ""M6_PARK"": 0.0, ""M5_RGARCH"": 0.0, ""M1_EWMA"": 0.0, ""M2_HAR"": 0.7489, ""M3_HARJ"": 1.0, ""M4_HARQ"": 1.0}"
ES/RTH/B0/30min/S-A,13,630741820,22312,M2_HAR|M3_HARJ|M4_HARQ,M2_HAR|M3_HARJ|M4_HARQ,"{""M6_GK"": 0.0, ""M6_PARK"": 0.0, ""M5_RGARCH"": 0.0, ""M1_EWMA"": 0.0, ""M2_HAR"": 0.751, ""M3_HARJ"": 1.0, ""M4_HARQ"": 1.0}"
ES/RTH/B0/30min/S-A,14,2401719883,22312,M2_HAR|M3_HARJ|M4_HARQ,M2_HAR|M3_HARJ|M4_HARQ,"{""M6_GK"": 0.0, ""M6_PARK"": 0.0, ""M5_RGARCH"": 0.0, ""M1_EWMA"": 0.0, ""M2_HAR"": 0.7495, ""M3_HARJ"": 1.0, ""M4_HARQ"": 1.0}"
ES/RTH/B0/30min/S-A,15,3662131630,22312,M2_HAR|M3_HARJ|M4_HARQ,M2_HAR|M3_HARJ|M4_HARQ,"{""M6_GK"": 0.0, ""M6_PARK"": 0.0, ""M5_RGARCH"": 0.0, ""M1_EWMA"": 0.0, ""M2_HAR"": 0.7504, ""M3_HARJ"": 1.0, ""M4_HARQ"": 1.0}"
ES/RTH/B0/30min/S-A,16,303417529,22312,M2_HAR|M3_HARJ|M4_HARQ,M2_HAR|M3_HARJ|M4_HARQ,"{""M6_GK"": 0.0, ""M6_PARK"": 0.0, ""M5_RGARCH"": 0.0, ""M1_EWMA"": 0.0, ""M2_HAR"": 0.7439, ""M3_HARJ"": 1.0, ""M4_HARQ"": 1.0}"
ES/RTH/B0/30min/S-A,17,4155647398,22312,M2_HAR|M3_HARJ|M4_HARQ,M2_HAR|M3_HARJ|M4_HARQ,"{""M6_GK"": 0.0, ""M6_PARK"": 0.0, ""M5_RGARCH"": 0.0, ""M1_EWMA"": 0.0, ""M2_HAR"": 0.7553, ""M3_HARJ"": 1.0, ""M4_HARQ"": 1.0}"
ES/RTH/B0/30min/S-A,18,2620441196,22312,M2_HAR|M3_HARJ|M4_HARQ,M2_HAR|M3_HARJ|M4_HARQ,"{""M6_GK"": 0.0, ""M6_PARK"": 0.0, ""M5_RGARCH"": 0.0, ""M1_EWMA"": 0.0, ""M2_HAR"": 0.7535, ""M3_HARJ"": 1.0, ""M4_HARQ"": 1.0}"
ES/RTH/B0/30min/S-A,19,4201311651,22312,M2_HAR|M3_HARJ|M4_HARQ,M2_HAR|M3_HARJ|M4_HARQ,"{""M6_GK"": 0.0, ""M6_PARK"": 0.0, ""M5_RGARCH"": 0.0, ""M1_EWMA"": 0.0, ""M2_HAR"": 0.7403, ""M3_HARJ"": 1.0, ""M4_HARQ"": 1.0}"
ES/RTH/B1/1day/S-A,0,2237533746,1401,M2_HAR|M4_HARQ,M2_HAR|M4_HARQ,"{""M6_PARK"": 0.0, ""M6_GK"": 0.0, ""M5_RGARCH"": 0.0, ""M1_EWMA"": 0.0011, ""M3_HARJ"": 0.0235, ""M2_HAR"": 1.0, ""M4_HARQ"": 1.0}"
ES/RTH/B1/1day/S-A,1,702494603,1401,M2_HAR|M4_HARQ,M2_HAR|M4_HARQ,"{""M6_PARK"": 0.0, ""M6_GK"": 0.0, ""M5_RGARCH"": 0.0, ""M1_EWMA"": 0.0014, ""M3_HARJ"": 0.0265, ""M2_HAR"": 1.0, ""M4_HARQ"": 1.0}"
ES/RTH/B1/1day/S-A,2,4139393190,1401,M2_HAR|M4_HARQ,M2_HAR|M4_HARQ,"{""M6_PARK"": 0.0, ""M6_GK"": 0.0, ""M5_RGARCH"": 0.0, ""M1_EWMA"": 0.0014, ""M3_HARJ"": 0.0233, ""M2_HAR"": 1.0, ""M4_HARQ"": 1.0}"
ES/RTH/B1/1day/S-A,3,769717545,1401,M2_HAR|M4_HARQ,M2_HAR|M4_HARQ,"{""M6_PARK"": 0.0, ""M6_GK"": 0.0, ""M5_RGARCH"": 0.0, ""M1_EWMA"": 0.0013, ""M3_HARJ"": 0.0231, ""M2_HAR"": 1.0, ""M4_HARQ"": 1.0}"
ES/RTH/B1/1day/S-A,4,919028315,1401,M2_HAR|M4_HARQ,M2_HAR|M4_HARQ,"{""M6_PARK"": 0.0, ""M6_GK"": 0.0, ""M5_RGARCH"": 0.0, ""M1_EWMA"": 0.0007, ""M3_HARJ"": 0.0213, ""M2_HAR"": 1.0, ""M4_HARQ"": 1.0}"
ES/RTH/B1/1day/S-A,5,611620464,1401,M2_HAR|M4_HARQ,M2_HAR|M4_HARQ,"{""M6_PARK"": 0.0, ""M6_GK"": 0.0, ""M5_RGARCH"": 0.0, ""M1_EWMA"": 0.0012, ""M3_HARJ"": 0.0261, ""M2_HAR"": 1.0, ""M4_HARQ"": 1.0}"
ES/RTH/B1/1day/S-A,6,3477480266,1401,M2_HAR|M4_HARQ,M2_HAR|M4_HARQ,"{""M6_PARK"": 0.0, ""M6_GK"": 0.0, ""M5_RGARCH"": 0.0, ""M1_EWMA"": 0.0014, ""M3_HARJ"": 0.0217, ""M2_HAR"": 1.0, ""M4_HARQ"": 1.0}"
ES/RTH/B1/1day/S-A,7,3198431117,1401,M2_HAR|M4_HARQ,M2_HAR|M4_HARQ,"{""M6_PARK"": 0.0, ""M6_GK"": 0.0, ""M5_RGARCH"": 0.0, ""M1_EWMA"": 0.001, ""M3_HARJ"": 0.024, ""M2_HAR"": 1.0, ""M4_HARQ"": 1.0}"
ES/RTH/B1/1day/S-A,8,2621026741,1401,M2_HAR|M4_HARQ,M2_HAR|M4_HARQ,"{""M6_PARK"": 0.0, ""M6_GK"": 0.0, ""M5_RGARCH"": 0.0, ""M1_EWMA"": 0.0012, ""M3_HARJ"": 0.0237, ""M2_HAR"": 1.0, ""M4_HARQ"": 1.0}"
ES/RTH/B1/1day/S-A,9,1169115867,1401,M2_HAR|M4_HARQ,M2_HAR|M4_HARQ,"{""M6_PARK"": 0.0, ""M6_GK"": 0.0, ""M5_RGARCH"": 0.0, ""M1_EWMA"": 0.0019, ""M3_HARJ"": 0.0231, ""M2_HAR"": 1.0, ""M4_HARQ"": 1.0}"
ES/RTH/B1/1day/S-A,10,3689063838,1401,M2_HAR|M4_HARQ,M2_HAR|M4_HARQ,"{""M6_PARK"": 0.0, ""M6_GK"": 0.0, ""M5_RGARCH"": 0.0, ""M1_EWMA"": 0.0015, ""M3_HARJ"": 0.0234, ""M2_HAR"": 1.0, ""M4_HARQ"": 1.0}"
ES/RTH/B1/1day/S-A,11,1498398406,1401,M2_HAR|M4_HARQ,M2_HAR|M4_HARQ,"{""M6_PARK"": 0.0, ""M6_GK"": 0.0, ""M5_RGARCH"": 0.0, ""M1_EWMA"": 0.0012, ""M3_HARJ"": 0.0248, ""M2_HAR"": 1.0, ""M4_HARQ"": 1.0}"
ES/RTH/B1/1day/S-A,12,3833968697,1401,M2_HAR|M4_HARQ,M2_HAR|M4_HARQ,"{""M6_PARK"": 0.0, ""M6_GK"": 0.0, ""M5_RGARCH"": 0.0, ""M1_EWMA"": 0.0012, ""M3_HARJ"": 0.0251, ""M2_HAR"": 1.0, ""M4_HARQ"": 1.0}"
ES/RTH/B1/1day/S-A,13,630741820,1401,M2_HAR|M4_HARQ,M2_HAR|M4_HARQ,"{""M6_PARK"": 0.0, ""M6_GK"": 0.0, ""M5_RGARCH"": 0.0, ""M1_EWMA"": 0.0011, ""M3_HARJ"": 0.0238, ""M2_HAR"": 1.0, ""M4_HARQ"": 1.0}"
ES/RTH/B1/1day/S-A,14,2401719883,1401,M2_HAR|M4_HARQ,M2_HAR|M4_HARQ,"{""M6_PARK"": 0.0, ""M6_GK"": 0.0, ""M5_RGARCH"": 0.0, ""M1_EWMA"": 0.0016, ""M3_HARJ"": 0.0241, ""M2_HAR"": 1.0, ""M4_HARQ"": 1.0}"
ES/RTH/B1/1day/S-A,15,3662131630,1401,M2_HAR|M4_HARQ,M2_HAR|M4_HARQ,"{""M6_PARK"": 0.0, ""M6_GK"": 0.0, ""M5_RGARCH"": 0.0, ""M1_EWMA"": 0.0011, ""M3_HARJ"": 0.0225, ""M2_HAR"": 1.0, ""M4_HARQ"": 1.0}"
ES/RTH/B1/1day/S-A,16,303417529,1401,M2_HAR|M4_HARQ,M2_HAR|M4_HARQ,"{""M6_PARK"": 0.0, ""M6_GK"": 0.0, ""M5_RGARCH"": 0.0, ""M1_EWMA"": 0.0011, ""M3_HARJ"": 0.0214, ""M2_HAR"": 1.0, ""M4_HARQ"": 1.0}"
ES/RTH/B1/1day/S-A,17,4155647398,1401,M2_HAR|M4_HARQ,M2_HAR|M4_HARQ,"{""M6_PARK"": 0.0, ""M6_GK"": 0.0, ""M5_RGARCH"": 0.0, ""M1_EWMA"": 0.0021, ""M3_HARJ"": 0.0263, ""M2_HAR"": 1.0, ""M4_HARQ"": 1.0}"
ES/RTH/B1/1day/S-A,18,2620441196,1401,M2_HAR|M4_HARQ,M2_HAR|M4_HARQ,"{""M6_PARK"": 0.0, ""M6_GK"": 0.0, ""M5_RGARCH"": 0.0, ""M1_EWMA"": 0.0009, ""M3_HARJ"": 0.0235, ""M2_HAR"": 1.0, ""M4_HARQ"": 1.0}"
ES/RTH/B1/1day/S-A,19,4201311651,1401,M2_HAR|M4_HARQ,M2_HAR|M4_HARQ,"{""M6_PARK"": 0.0, ""M6_GK"": 0.0, ""M5_RGARCH"": 0.0, ""M1_EWMA"": 0.0012, ""M3_HARJ"": 0.0264, ""M2_HAR"": 1.0, ""M4_HARQ"": 1.0}"
ES/RTH/B1/1h/S-A,0,2237533746,10906,M2_HAR|M4_HARQ,M2_HAR|M4_HARQ,"{""M6_GK"": 0.0, ""M6_PARK"": 0.0, ""M5_RGARCH"": 0.0, ""M1_EWMA"": 0.0, ""M3_HARJ"": 0.0008, ""M2_HAR"": 1.0, ""M4_HARQ"": 1.0}"
ES/RTH/B1/1h/S-A,1,702494603,10906,M2_HAR|M4_HARQ,M2_HAR|M4_HARQ,"{""M6_GK"": 0.0, ""M6_PARK"": 0.0, ""M5_RGARCH"": 0.0, ""M1_EWMA"": 0.0, ""M3_HARJ"": 0.0005, ""M2_HAR"": 1.0, ""M4_HARQ"": 1.0}"
ES/RTH/B1/1h/S-A,2,4139393190,10906,M2_HAR|M4_HARQ,M2_HAR|M4_HARQ,"{""M6_GK"": 0.0, ""M6_PARK"": 0.0, ""M5_RGARCH"": 0.0, ""M1_EWMA"": 0.0, ""M3_HARJ"": 0.0007, ""M2_HAR"": 1.0, ""M4_HARQ"": 1.0}"
ES/RTH/B1/1h/S-A,3,769717545,10906,M2_HAR|M4_HARQ,M2_HAR|M4_HARQ,"{""M6_GK"": 0.0, ""M6_PARK"": 0.0, ""M5_RGARCH"": 0.0, ""M1_EWMA"": 0.0, ""M3_HARJ"": 0.0015, ""M2_HAR"": 1.0, ""M4_HARQ"": 1.0}"
ES/RTH/B1/1h/S-A,4,919028315,10906,M2_HAR|M4_HARQ,M2_HAR|M4_HARQ,"{""M6_GK"": 0.0, ""M6_PARK"": 0.0, ""M5_RGARCH"": 0.0, ""M1_EWMA"": 0.0, ""M3_HARJ"": 0.0012, ""M2_HAR"": 1.0, ""M4_HARQ"": 1.0}"
ES/RTH/B1/1h/S-A,5,611620464,10906,M2_HAR|M4_HARQ,M2_HAR|M4_HARQ,"{""M6_GK"": 0.0, ""M6_PARK"": 0.0, ""M5_RGARCH"": 0.0, ""M1_EWMA"": 0.0, ""M3_HARJ"": 0.001, ""M2_HAR"": 1.0, ""M4_HARQ"": 1.0}"
ES/RTH/B1/1h/S-A,6,3477480266,10906,M2_HAR|M4_HARQ,M2_HAR|M4_HARQ,"{""M6_GK"": 0.0, ""M6_PARK"": 0.0, ""M5_RGARCH"": 0.0, ""M1_EWMA"": 0.0, ""M3_HARJ"": 0.0009, ""M2_HAR"": 1.0, ""M4_HARQ"": 1.0}"
ES/RTH/B1/1h/S-A,7,3198431117,10906,M2_HAR|M4_HARQ,M2_HAR|M4_HARQ,"{""M6_GK"": 0.0, ""M6_PARK"": 0.0, ""M5_RGARCH"": 0.0, ""M1_EWMA"": 0.0, ""M3_HARJ"": 0.0012, ""M2_HAR"": 1.0, ""M4_HARQ"": 1.0}"
ES/RTH/B1/1h/S-A,8,2621026741,10906,M2_HAR|M4_HARQ,M2_HAR|M4_HARQ,"{""M6_GK"": 0.0, ""M6_PARK"": 0.0, ""M5_RGARCH"": 0.0, ""M1_EWMA"": 0.0, ""M3_HARJ"": 0.0008, ""M2_HAR"": 1.0, ""M4_HARQ"": 1.0}"
ES/RTH/B1/1h/S-A,9,1169115867,10906,M2_HAR|M4_HARQ,M2_HAR|M4_HARQ,"{""M6_GK"": 0.0, ""M6_PARK"": 0.0, ""M5_RGARCH"": 0.0, ""M1_EWMA"": 0.0, ""M3_HARJ"": 0.0008, ""M2_HAR"": 1.0, ""M4_HARQ"": 1.0}"
ES/RTH/B1/1h/S-A,10,3689063838,10906,M2_HAR|M4_HARQ,M2_HAR|M4_HARQ,"{""M6_GK"": 0.0, ""M6_PARK"": 0.0, ""M5_RGARCH"": 0.0, ""M1_EWMA"": 0.0, ""M3_HARJ"": 0.0005, ""M2_HAR"": 1.0, ""M4_HARQ"": 1.0}"
ES/RTH/B1/1h/S-A,11,1498398406,10906,M2_HAR|M4_HARQ,M2_HAR|M4_HARQ,"{""M6_GK"": 0.0, ""M6_PARK"": 0.0, ""M5_RGARCH"": 0.0, ""M1_EWMA"": 0.0, ""M3_HARJ"": 0.001, ""M2_HAR"": 1.0, ""M4_HARQ"": 1.0}"
ES/RTH/B1/1h/S-A,12,3833968697,10906,M2_HAR|M4_HARQ,M2_HAR|M4_HARQ,"{""M6_GK"": 0.0, ""M6_PARK"": 0.0, ""M5_RGARCH"": 0.0, ""M1_EWMA"": 0.0, ""M3_HARJ"": 0.0013, ""M2_HAR"": 1.0, ""M4_HARQ"": 1.0}"
ES/RTH/B1/1h/S-A,13,630741820,10906,M2_HAR|M4_HARQ,M2_HAR|M4_HARQ,"{""M6_GK"": 0.0, ""M6_PARK"": 0.0, ""M5_RGARCH"": 0.0, ""M1_EWMA"": 0.0, ""M3_HARJ"": 0.0011, ""M2_HAR"": 1.0, ""M4_HARQ"": 1.0}"
ES/RTH/B1/1h/S-A,14,2401719883,10906,M2_HAR|M4_HARQ,M2_HAR|M4_HARQ,"{""M6_GK"": 0.0, ""M6_PARK"": 0.0, ""M5_RGARCH"": 0.0, ""M1_EWMA"": 0.0, ""M3_HARJ"": 0.0011, ""M2_HAR"": 1.0, ""M4_HARQ"": 1.0}"
ES/RTH/B1/1h/S-A,15,3662131630,10906,M2_HAR|M4_HARQ,M2_HAR|M4_HARQ,"{""M6_GK"": 0.0, ""M6_PARK"": 0.0, ""M5_RGARCH"": 0.0, ""M1_EWMA"": 0.0, ""M3_HARJ"": 0.0008, ""M2_HAR"": 1.0, ""M4_HARQ"": 1.0}"
ES/RTH/B1/1h/S-A,16,303417529,10906,M2_HAR|M4_HARQ,M2_HAR|M4_HARQ,"{""M6_GK"": 0.0, ""M6_PARK"": 0.0, ""M5_RGARCH"": 0.0, ""M1_EWMA"": 0.0, ""M3_HARJ"": 0.0015, ""M2_HAR"": 1.0, ""M4_HARQ"": 1.0}"
ES/RTH/B1/1h/S-A,17,4155647398,10906,M2_HAR|M4_HARQ,M2_HAR|M4_HARQ,"{""M6_GK"": 0.0, ""M6_PARK"": 0.0, ""M5_RGARCH"": 0.0, ""M1_EWMA"": 0.0, ""M3_HARJ"": 0.0009, ""M2_HAR"": 1.0, ""M4_HARQ"": 1.0}"
ES/RTH/B1/1h/S-A,18,2620441196,10906,M2_HAR|M4_HARQ,M2_HAR|M4_HARQ,"{""M6_GK"": 0.0, ""M6_PARK"": 0.0, ""M5_RGARCH"": 0.0, ""M1_EWMA"": 0.0, ""M3_HARJ"": 0.0013, ""M2_HAR"": 1.0, ""M4_HARQ"": 1.0}"
ES/RTH/B1/1h/S-A,19,4201311651,10906,M2_HAR|M4_HARQ,M2_HAR|M4_HARQ,"{""M6_GK"": 0.0, ""M6_PARK"": 0.0, ""M5_RGARCH"": 0.0, ""M1_EWMA"": 0.0, ""M3_HARJ"": 0.0015, ""M2_HAR"": 1.0, ""M4_HARQ"": 1.0}"
ES/RTH/B1/30min/S-A,0,2237533746,22312,M2_HAR|M3_HARJ|M4_HARQ,M2_HAR|M3_HARJ|M4_HARQ,"{""M6_GK"": 0.0, ""M6_PARK"": 0.0, ""M5_RGARCH"": 0.0, ""M1_EWMA"": 0.0, ""M2_HAR"": 0.9526, ""M3_HARJ"": 1.0, ""M4_HARQ"": 1.0}"
ES/RTH/B1/30min/S-A,1,702494603,22312,M2_HAR|M3_HARJ|M4_HARQ,M2_HAR|M3_HARJ|M4_HARQ,"{""M6_GK"": 0.0, ""M6_PARK"": 0.0, ""M5_RGARCH"": 0.0, ""M1_EWMA"": 0.0, ""M2_HAR"": 0.9454, ""M3_HARJ"": 1.0, ""M4_HARQ"": 1.0}"
ES/RTH/B1/30min/S-A,2,4139393190,22312,M2_HAR|M3_HARJ|M4_HARQ,M2_HAR|M3_HARJ|M4_HARQ,"{""M6_GK"": 0.0, ""M6_PARK"": 0.0, ""M5_RGARCH"": 0.0, ""M1_EWMA"": 0.0, ""M2_HAR"": 0.9433, ""M3_HARJ"": 1.0, ""M4_HARQ"": 1.0}"
ES/RTH/B1/30min/S-A,3,769717545,22312,M2_HAR|M3_HARJ|M4_HARQ,M2_HAR|M3_HARJ|M4_HARQ,"{""M6_GK"": 0.0, ""M6_PARK"": 0.0, ""M5_RGARCH"": 0.0, ""M1_EWMA"": 0.0, ""M2_HAR"": 0.9462, ""M3_HARJ"": 1.0, ""M4_HARQ"": 1.0}"
ES/RTH/B1/30min/S-A,4,919028315,22312,M2_HAR|M3_HARJ|M4_HARQ,M2_HAR|M3_HARJ|M4_HARQ,"{""M6_GK"": 0.0, ""M6_PARK"": 0.0, ""M5_RGARCH"": 0.0, ""M1_EWMA"": 0.0, ""M2_HAR"": 0.9456, ""M3_HARJ"": 1.0, ""M4_HARQ"": 1.0}"
ES/RTH/B1/30min/S-A,5,611620464,22312,M2_HAR|M3_HARJ|M4_HARQ,M2_HAR|M3_HARJ|M4_HARQ,"{""M6_GK"": 0.0, ""M6_PARK"": 0.0, ""M5_RGARCH"": 0.0, ""M1_EWMA"": 0.0, ""M2_HAR"": 0.9472, ""M3_HARJ"": 1.0, ""M4_HARQ"": 1.0}"
ES/RTH/B1/30min/S-A,6,3477480266,22312,M2_HAR|M3_HARJ|M4_HARQ,M2_HAR|M3_HARJ|M4_HARQ,"{""M6_GK"": 0.0, ""M6_PARK"": 0.0, ""M5_RGARCH"": 0.0, ""M1_EWMA"": 0.0, ""M2_HAR"": 0.9471, ""M3_HARJ"": 1.0, ""M4_HARQ"": 1.0}"
ES/RTH/B1/30min/S-A,7,3198431117,22312,M2_HAR|M3_HARJ|M4_HARQ,M2_HAR|M3_HARJ|M4_HARQ,"{""M6_GK"": 0.0, ""M6_PARK"": 0.0, ""M5_RGARCH"": 0.0, ""M1_EWMA"": 0.0, ""M2_HAR"": 0.9506, ""M3_HARJ"": 1.0, ""M4_HARQ"": 1.0}"
ES/RTH/B1/30min/S-A,8,2621026741,22312,M2_HAR|M3_HARJ|M4_HARQ,M2_HAR|M3_HARJ|M4_HARQ,"{""M6_GK"": 0.0, ""M6_PARK"": 0.0, ""M5_RGARCH"": 0.0, ""M1_EWMA"": 0.0, ""M2_HAR"": 0.9487, ""M3_HARJ"": 1.0, ""M4_HARQ"": 1.0}"
ES/RTH/B1/30min/S-A,9,1169115867,22312,M2_HAR|M3_HARJ|M4_HARQ,M2_HAR|M3_HARJ|M4_HARQ,"{""M6_PARK"": 0.0, ""M6_GK"": 0.0, ""M5_RGARCH"": 0.0, ""M1_EWMA"": 0.0, ""M2_HAR"": 0.9449, ""M3_HARJ"": 1.0, ""M4_HARQ"": 1.0}"
ES/RTH/B1/30min/S-A,10,3689063838,22312,M2_HAR|M3_HARJ|M4_HARQ,M2_HAR|M3_HARJ|M4_HARQ,"{""M6_GK"": 0.0, ""M6_PARK"": 0.0, ""M5_RGARCH"": 0.0, ""M1_EWMA"": 0.0, ""M2_HAR"": 0.9481, ""M3_HARJ"": 1.0, ""M4_HARQ"": 1.0}"
ES/RTH/B1/30min/S-A,11,1498398406,22312,M2_HAR|M3_HARJ|M4_HARQ,M2_HAR|M3_HARJ|M4_HARQ,"{""M6_GK"": 0.0, ""M6_PARK"": 0.0, ""M5_RGARCH"": 0.0, ""M1_EWMA"": 0.0, ""M2_HAR"": 0.9482, ""M3_HARJ"": 1.0, ""M4_HARQ"": 1.0}"
ES/RTH/B1/30min/S-A,12,3833968697,22312,M2_HAR|M3_HARJ|M4_HARQ,M2_HAR|M3_HARJ|M4_HARQ,"{""M6_GK"": 0.0, ""M6_PARK"": 0.0, ""M5_RGARCH"": 0.0, ""M1_EWMA"": 0.0, ""M2_HAR"": 0.953, ""M3_HARJ"": 1.0, ""M4_HARQ"": 1.0}"
ES/RTH/B1/30min/S-A,13,630741820,22312,M2_HAR|M3_HARJ|M4_HARQ,M2_HAR|M3_HARJ|M4_HARQ,"{""M6_GK"": 0.0, ""M6_PARK"": 0.0, ""M5_RGARCH"": 0.0, ""M1_EWMA"": 0.0, ""M2_HAR"": 0.9432, ""M3_HARJ"": 1.0, ""M4_HARQ"": 1.0}"
ES/RTH/B1/30min/S-A,14,2401719883,22312,M2_HAR|M3_HARJ|M4_HARQ,M2_HAR|M3_HARJ|M4_HARQ,"{""M6_GK"": 0.0, ""M6_PARK"": 0.0, ""M5_RGARCH"": 0.0, ""M1_EWMA"": 0.0, ""M2_HAR"": 0.9459, ""M3_HARJ"": 1.0, ""M4_HARQ"": 1.0}"
ES/RTH/B1/30min/S-A,15,3662131630,22312,M2_HAR|M3_HARJ|M4_HARQ,M2_HAR|M3_HARJ|M4_HARQ,"{""M6_GK"": 0.0, ""M6_PARK"": 0.0, ""M5_RGARCH"": 0.0, ""M1_EWMA"": 0.0, ""M2_HAR"": 0.9512, ""M3_HARJ"": 1.0, ""M4_HARQ"": 1.0}"
ES/RTH/B1/30min/S-A,16,303417529,22312,M2_HAR|M3_HARJ|M4_HARQ,M2_HAR|M3_HARJ|M4_HARQ,"{""M6_GK"": 0.0, ""M6_PARK"": 0.0, ""M5_RGARCH"": 0.0, ""M1_EWMA"": 0.0, ""M2_HAR"": 0.9484, ""M3_HARJ"": 1.0, ""M4_HARQ"": 1.0}"
ES/RTH/B1/30min/S-A,17,4155647398,22312,M2_HAR|M3_HARJ|M4_HARQ,M2_HAR|M3_HARJ|M4_HARQ,"{""M6_GK"": 0.0, ""M6_PARK"": 0.0, ""M5_RGARCH"": 0.0, ""M1_EWMA"": 0.0, ""M2_HAR"": 0.9469, ""M3_HARJ"": 1.0, ""M4_HARQ"": 1.0}"
ES/RTH/B1/30min/S-A,18,2620441196,22312,M2_HAR|M3_HARJ|M4_HARQ,M2_HAR|M3_HARJ|M4_HARQ,"{""M6_GK"": 0.0, ""M6_PARK"": 0.0, ""M5_RGARCH"": 0.0, ""M1_EWMA"": 0.0, ""M2_HAR"": 0.9466, ""M3_HARJ"": 1.0, ""M4_HARQ"": 1.0}"
ES/RTH/B1/30min/S-A,19,4201311651,22312,M2_HAR|M3_HARJ|M4_HARQ,M2_HAR|M3_HARJ|M4_HARQ,"{""M6_GK"": 0.0, ""M6_PARK"": 0.0, ""M5_RGARCH"": 0.0, ""M1_EWMA"": 0.0, ""M2_HAR"": 0.9435, ""M3_HARJ"": 1.0, ""M4_HARQ"": 1.0}"
NQ/GLOBEX/B0/1day/S-A,0,2237533746,1448,M2_HAR|M4_HARQ,M2_HAR|M4_HARQ,"{""M6_PARK"": 0.0, ""M6_GK"": 0.0, ""M5_RGARCH"": 0.0, ""M1_EWMA"": 0.0, ""M3_HARJ"": 0.0986, ""M2_HAR"": 1.0, ""M4_HARQ"": 1.0}"
NQ/GLOBEX/B0/1day/S-A,1,702494603,1448,M2_HAR|M4_HARQ,M2_HAR|M4_HARQ,"{""M6_PARK"": 0.0, ""M6_GK"": 0.0, ""M5_RGARCH"": 0.0, ""M1_EWMA"": 0.0, ""M3_HARJ"": 0.0999, ""M2_HAR"": 1.0, ""M4_HARQ"": 1.0}"
NQ/GLOBEX/B0/1day/S-A,2,4139393190,1448,M2_HAR|M4_HARQ,M2_HAR|M4_HARQ,"{""M6_PARK"": 0.0, ""M6_GK"": 0.0, ""M5_RGARCH"": 0.0, ""M1_EWMA"": 0.0, ""M3_HARJ"": 0.0962, ""M2_HAR"": 1.0, ""M4_HARQ"": 1.0}"
NQ/GLOBEX/B0/1day/S-A,3,769717545,1448,M2_HAR|M4_HARQ,M2_HAR|M4_HARQ,"{""M6_PARK"": 0.0, ""M6_GK"": 0.0, ""M5_RGARCH"": 0.0, ""M1_EWMA"": 0.0, ""M3_HARJ"": 0.0952, ""M2_HAR"": 1.0, ""M4_HARQ"": 1.0}"
NQ/GLOBEX/B0/1day/S-A,4,919028315,1448,M2_HAR|M4_HARQ,M2_HAR|M4_HARQ,"{""M6_PARK"": 0.0, ""M6_GK"": 0.0, ""M5_RGARCH"": 0.0, ""M1_EWMA"": 0.0, ""M3_HARJ"": 0.0934, ""M2_HAR"": 1.0, ""M4_HARQ"": 1.0}"
NQ/GLOBEX/B0/1day/S-A,5,611620464,1448,M2_HAR|M4_HARQ,M2_HAR|M3_HARJ|M4_HARQ,"{""M6_PARK"": 0.0, ""M6_GK"": 0.0, ""M5_RGARCH"": 0.0, ""M1_EWMA"": 0.0, ""M3_HARJ"": 0.1046, ""M2_HAR"": 1.0, ""M4_HARQ"": 1.0}"
NQ/GLOBEX/B0/1day/S-A,6,3477480266,1448,M2_HAR|M4_HARQ,M2_HAR|M4_HARQ,"{""M6_PARK"": 0.0, ""M6_GK"": 0.0, ""M5_RGARCH"": 0.0, ""M1_EWMA"": 0.0, ""M3_HARJ"": 0.0998, ""M2_HAR"": 1.0, ""M4_HARQ"": 1.0}"
NQ/GLOBEX/B0/1day/S-A,7,3198431117,1448,M2_HAR|M4_HARQ,M2_HAR|M4_HARQ,"{""M6_PARK"": 0.0, ""M6_GK"": 0.0, ""M5_RGARCH"": 0.0, ""M1_EWMA"": 0.0, ""M3_HARJ"": 0.0934, ""M2_HAR"": 1.0, ""M4_HARQ"": 1.0}"
NQ/GLOBEX/B0/1day/S-A,8,2621026741,1448,M2_HAR|M4_HARQ,M2_HAR|M4_HARQ,"{""M6_PARK"": 0.0, ""M6_GK"": 0.0, ""M5_RGARCH"": 0.0, ""M1_EWMA"": 0.0, ""M3_HARJ"": 0.0962, ""M2_HAR"": 1.0, ""M4_HARQ"": 1.0}"
NQ/GLOBEX/B0/1day/S-A,9,1169115867,1448,M2_HAR|M4_HARQ,M2_HAR|M4_HARQ,"{""M6_PARK"": 0.0, ""M6_GK"": 0.0, ""M5_RGARCH"": 0.0, ""M1_EWMA"": 0.0, ""M3_HARJ"": 0.099, ""M2_HAR"": 1.0, ""M4_HARQ"": 1.0}"
NQ/GLOBEX/B0/1day/S-A,10,3689063838,1448,M2_HAR|M4_HARQ,M2_HAR|M4_HARQ,"{""M6_PARK"": 0.0, ""M6_GK"": 0.0, ""M5_RGARCH"": 0.0, ""M1_EWMA"": 0.0, ""M3_HARJ"": 0.0979, ""M2_HAR"": 1.0, ""M4_HARQ"": 1.0}"
NQ/GLOBEX/B0/1day/S-A,11,1498398406,1448,M2_HAR|M4_HARQ,M2_HAR|M3_HARJ|M4_HARQ,"{""M6_PARK"": 0.0, ""M6_GK"": 0.0, ""M5_RGARCH"": 0.0, ""M1_EWMA"": 0.0, ""M3_HARJ"": 0.1011, ""M2_HAR"": 1.0, ""M4_HARQ"": 1.0}"
NQ/GLOBEX/B0/1day/S-A,12,3833968697,1448,M2_HAR|M4_HARQ,M2_HAR|M4_HARQ,"{""M6_PARK"": 0.0, ""M6_GK"": 0.0, ""M5_RGARCH"": 0.0, ""M1_EWMA"": 0.0, ""M3_HARJ"": 0.0992, ""M2_HAR"": 1.0, ""M4_HARQ"": 1.0}"
NQ/GLOBEX/B0/1day/S-A,13,630741820,1448,M2_HAR|M4_HARQ,M2_HAR|M4_HARQ,"{""M6_PARK"": 0.0, ""M6_GK"": 0.0, ""M5_RGARCH"": 0.0, ""M1_EWMA"": 0.0, ""M3_HARJ"": 0.0998, ""M2_HAR"": 1.0, ""M4_HARQ"": 1.0}"
NQ/GLOBEX/B0/1day/S-A,14,2401719883,1448,M2_HAR|M4_HARQ,M2_HAR|M3_HARJ|M4_HARQ,"{""M6_PARK"": 0.0, ""M6_GK"": 0.0, ""M5_RGARCH"": 0.0, ""M1_EWMA"": 0.0, ""M3_HARJ"": 0.1014, ""M2_HAR"": 1.0, ""M4_HARQ"": 1.0}"
NQ/GLOBEX/B0/1day/S-A,15,3662131630,1448,M2_HAR|M4_HARQ,M2_HAR|M4_HARQ,"{""M6_PARK"": 0.0, ""M6_GK"": 0.0, ""M5_RGARCH"": 0.0, ""M1_EWMA"": 0.0, ""M3_HARJ"": 0.0976, ""M2_HAR"": 1.0, ""M4_HARQ"": 1.0}"
NQ/GLOBEX/B0/1day/S-A,16,303417529,1448,M2_HAR|M4_HARQ,M2_HAR|M4_HARQ,"{""M6_PARK"": 0.0, ""M6_GK"": 0.0, ""M5_RGARCH"": 0.0, ""M1_EWMA"": 0.0, ""M3_HARJ"": 0.0972, ""M2_HAR"": 1.0, ""M4_HARQ"": 1.0}"
NQ/GLOBEX/B0/1day/S-A,17,4155647398,1448,M2_HAR|M4_HARQ,M2_HAR|M4_HARQ,"{""M6_PARK"": 0.0, ""M6_GK"": 0.0, ""M5_RGARCH"": 0.0, ""M1_EWMA"": 0.0, ""M3_HARJ"": 0.0965, ""M2_HAR"": 1.0, ""M4_HARQ"": 1.0}"
NQ/GLOBEX/B0/1day/S-A,18,2620441196,1448,M2_HAR|M4_HARQ,M2_HAR|M4_HARQ,"{""M6_PARK"": 0.0, ""M6_GK"": 0.0, ""M5_RGARCH"": 0.0, ""M1_EWMA"": 0.0, ""M3_HARJ"": 0.0984, ""M2_HAR"": 1.0, ""M4_HARQ"": 1.0}"
NQ/GLOBEX/B0/1day/S-A,19,4201311651,1448,M2_HAR|M4_HARQ,M2_HAR|M4_HARQ,"{""M6_PARK"": 0.0, ""M6_GK"": 0.0, ""M5_RGARCH"": 0.0, ""M1_EWMA"": 0.0, ""M3_HARJ"": 0.0986, ""M2_HAR"": 1.0, ""M4_HARQ"": 1.0}"
NQ/GLOBEX/B0/1h/S-A,0,2237533746,22259,M6_GK,M6_GK,"{""M1_EWMA"": 0.0, ""M2_HAR"": 0.0, ""M3_HARJ"": 0.0, ""M4_HARQ"": 0.0, ""M5_RGARCH"": 0.0, ""M6_PARK"": 0.0, ""M6_GK"": 1.0}"
NQ/GLOBEX/B0/1h/S-A,1,702494603,22259,M6_GK,M6_GK,"{""M1_EWMA"": 0.0, ""M2_HAR"": 0.0, ""M3_HARJ"": 0.0, ""M4_HARQ"": 0.0, ""M5_RGARCH"": 0.0, ""M6_PARK"": 0.0, ""M6_GK"": 1.0}"
NQ/GLOBEX/B0/1h/S-A,2,4139393190,22259,M6_GK,M6_GK,"{""M1_EWMA"": 0.0, ""M2_HAR"": 0.0, ""M3_HARJ"": 0.0, ""M4_HARQ"": 0.0, ""M5_RGARCH"": 0.0, ""M6_PARK"": 0.0, ""M6_GK"": 1.0}"
NQ/GLOBEX/B0/1h/S-A,3,769717545,22259,M6_GK,M6_GK,"{""M1_EWMA"": 0.0, ""M2_HAR"": 0.0, ""M3_HARJ"": 0.0, ""M4_HARQ"": 0.0, ""M5_RGARCH"": 0.0, ""M6_PARK"": 0.0, ""M6_GK"": 1.0}"
NQ/GLOBEX/B0/1h/S-A,4,919028315,22259,M6_GK,M6_GK,"{""M1_EWMA"": 0.0, ""M2_HAR"": 0.0, ""M3_HARJ"": 0.0, ""M4_HARQ"": 0.0, ""M5_RGARCH"": 0.0, ""M6_PARK"": 0.0, ""M6_GK"": 1.0}"
NQ/GLOBEX/B0/1h/S-A,5,611620464,22259,M6_GK,M6_GK,"{""M1_EWMA"": 0.0, ""M2_HAR"": 0.0, ""M3_HARJ"": 0.0, ""M4_HARQ"": 0.0, ""M5_RGARCH"": 0.0, ""M6_PARK"": 0.0, ""M6_GK"": 1.0}"
NQ/GLOBEX/B0/1h/S-A,6,3477480266,22259,M6_GK,M6_GK,"{""M1_EWMA"": 0.0, ""M2_HAR"": 0.0, ""M3_HARJ"": 0.0, ""M4_HARQ"": 0.0, ""M5_RGARCH"": 0.0, ""M6_PARK"": 0.0, ""M6_GK"": 1.0}"
NQ/GLOBEX/B0/1h/S-A,7,3198431117,22259,M6_GK,M6_GK,"{""M1_EWMA"": 0.0, ""M2_HAR"": 0.0, ""M3_HARJ"": 0.0, ""M4_HARQ"": 0.0, ""M5_RGARCH"": 0.0, ""M6_PARK"": 0.0, ""M6_GK"": 1.0}"
NQ/GLOBEX/B0/1h/S-A,8,2621026741,22259,M6_GK,M6_GK,"{""M1_EWMA"": 0.0, ""M2_HAR"": 0.0, ""M3_HARJ"": 0.0, ""M4_HARQ"": 0.0, ""M5_RGARCH"": 0.0, ""M6_PARK"": 0.0, ""M6_GK"": 1.0}"
NQ/GLOBEX/B0/1h/S-A,9,1169115867,22259,M6_GK,M6_GK,"{""M1_EWMA"": 0.0, ""M2_HAR"": 0.0, ""M3_HARJ"": 0.0, ""M4_HARQ"": 0.0, ""M5_RGARCH"": 0.0, ""M6_PARK"": 0.0, ""M6_GK"": 1.0}"
NQ/GLOBEX/B0/1h/S-A,10,3689063838,22259,M6_GK,M6_GK,"{""M1_EWMA"": 0.0, ""M2_HAR"": 0.0, ""M3_HARJ"": 0.0, ""M4_HARQ"": 0.0, ""M5_RGARCH"": 0.0, ""M6_PARK"": 0.0, ""M6_GK"": 1.0}"
NQ/GLOBEX/B0/1h/S-A,11,1498398406,22259,M6_GK,M6_GK,"{""M1_EWMA"": 0.0, ""M2_HAR"": 0.0, ""M3_HARJ"": 0.0, ""M4_HARQ"": 0.0, ""M5_RGARCH"": 0.0, ""M6_PARK"": 0.0, ""M6_GK"": 1.0}"
NQ/GLOBEX/B0/1h/S-A,12,3833968697,22259,M6_GK,M6_GK,"{""M1_EWMA"": 0.0, ""M2_HAR"": 0.0, ""M3_HARJ"": 0.0, ""M4_HARQ"": 0.0, ""M5_RGARCH"": 0.0, ""M6_PARK"": 0.0, ""M6_GK"": 1.0}"
NQ/GLOBEX/B0/1h/S-A,13,630741820,22259,M6_GK,M6_GK,"{""M1_EWMA"": 0.0, ""M2_HAR"": 0.0, ""M3_HARJ"": 0.0, ""M4_HARQ"": 0.0, ""M5_RGARCH"": 0.0, ""M6_PARK"": 0.0, ""M6_GK"": 1.0}"
NQ/GLOBEX/B0/1h/S-A,14,2401719883,22259,M6_GK,M6_GK,"{""M1_EWMA"": 0.0, ""M2_HAR"": 0.0, ""M3_HARJ"": 0.0, ""M4_HARQ"": 0.0, ""M5_RGARCH"": 0.0, ""M6_PARK"": 0.0, ""M6_GK"": 1.0}"
NQ/GLOBEX/B0/1h/S-A,15,3662131630,22259,M6_GK,M6_GK,"{""M1_EWMA"": 0.0, ""M2_HAR"": 0.0, ""M3_HARJ"": 0.0, ""M4_HARQ"": 0.0, ""M5_RGARCH"": 0.0, ""M6_PARK"": 0.0, ""M6_GK"": 1.0}"
NQ/GLOBEX/B0/1h/S-A,16,303417529,22259,M6_GK,M6_GK,"{""M1_EWMA"": 0.0, ""M2_HAR"": 0.0, ""M3_HARJ"": 0.0, ""M4_HARQ"": 0.0, ""M5_RGARCH"": 0.0, ""M6_PARK"": 0.0, ""M6_GK"": 1.0}"
NQ/GLOBEX/B0/1h/S-A,17,4155647398,22259,M6_GK,M6_GK,"{""M1_EWMA"": 0.0, ""M2_HAR"": 0.0, ""M3_HARJ"": 0.0, ""M4_HARQ"": 0.0, ""M5_RGARCH"": 0.0, ""M6_PARK"": 0.0, ""M6_GK"": 1.0}"
NQ/GLOBEX/B0/1h/S-A,18,2620441196,22259,M6_GK,M6_GK,"{""M1_EWMA"": 0.0, ""M2_HAR"": 0.0, ""M3_HARJ"": 0.0, ""M4_HARQ"": 0.0, ""M5_RGARCH"": 0.0, ""M6_PARK"": 0.0, ""M6_GK"": 1.0}"
NQ/GLOBEX/B0/1h/S-A,19,4201311651,22259,M6_GK,M6_GK,"{""M1_EWMA"": 0.0, ""M2_HAR"": 0.0, ""M3_HARJ"": 0.0, ""M4_HARQ"": 0.0, ""M5_RGARCH"": 0.0, ""M6_PARK"": 0.0, ""M6_GK"": 1.0}"
NQ/GLOBEX/B0/30min/S-A,0,2237533746,80900,M6_GK,M6_GK,"{""M1_EWMA"": 0.0, ""M2_HAR"": 0.0, ""M3_HARJ"": 0.0, ""M4_HARQ"": 0.0, ""M5_RGARCH"": 0.0, ""M6_PARK"": 0.0, ""M6_GK"": 1.0}"
NQ/GLOBEX/B0/30min/S-A,1,702494603,80900,M6_GK,M6_GK,"{""M1_EWMA"": 0.0, ""M2_HAR"": 0.0, ""M3_HARJ"": 0.0, ""M4_HARQ"": 0.0, ""M5_RGARCH"": 0.0, ""M6_PARK"": 0.0, ""M6_GK"": 1.0}"
NQ/GLOBEX/B0/30min/S-A,2,4139393190,80900,M6_GK,M6_GK,"{""M1_EWMA"": 0.0, ""M2_HAR"": 0.0, ""M3_HARJ"": 0.0, ""M4_HARQ"": 0.0, ""M5_RGARCH"": 0.0, ""M6_PARK"": 0.0, ""M6_GK"": 1.0}"
NQ/GLOBEX/B0/30min/S-A,3,769717545,80900,M6_GK,M6_GK,"{""M1_EWMA"": 0.0, ""M2_HAR"": 0.0, ""M3_HARJ"": 0.0, ""M4_HARQ"": 0.0, ""M5_RGARCH"": 0.0, ""M6_PARK"": 0.0, ""M6_GK"": 1.0}"
NQ/GLOBEX/B0/30min/S-A,4,919028315,80900,M6_GK,M6_GK,"{""M1_EWMA"": 0.0, ""M2_HAR"": 0.0, ""M3_HARJ"": 0.0, ""M4_HARQ"": 0.0, ""M5_RGARCH"": 0.0, ""M6_PARK"": 0.0, ""M6_GK"": 1.0}"
NQ/GLOBEX/B0/30min/S-A,5,611620464,80900,M6_GK,M6_GK,"{""M1_EWMA"": 0.0, ""M2_HAR"": 0.0, ""M3_HARJ"": 0.0, ""M4_HARQ"": 0.0, ""M5_RGARCH"": 0.0, ""M6_PARK"": 0.0, ""M6_GK"": 1.0}"
NQ/GLOBEX/B0/30min/S-A,6,3477480266,80900,M6_GK,M6_GK,"{""M1_EWMA"": 0.0, ""M2_HAR"": 0.0, ""M3_HARJ"": 0.0, ""M4_HARQ"": 0.0, ""M5_RGARCH"": 0.0, ""M6_PARK"": 0.0, ""M6_GK"": 1.0}"
NQ/GLOBEX/B0/30min/S-A,7,3198431117,80900,M6_GK,M6_GK,"{""M1_EWMA"": 0.0, ""M2_HAR"": 0.0, ""M3_HARJ"": 0.0, ""M4_HARQ"": 0.0, ""M5_RGARCH"": 0.0, ""M6_PARK"": 0.0, ""M6_GK"": 1.0}"
NQ/GLOBEX/B0/30min/S-A,8,2621026741,80900,M6_GK,M6_GK,"{""M1_EWMA"": 0.0, ""M2_HAR"": 0.0, ""M3_HARJ"": 0.0, ""M4_HARQ"": 0.0, ""M5_RGARCH"": 0.0, ""M6_PARK"": 0.0, ""M6_GK"": 1.0}"
NQ/GLOBEX/B0/30min/S-A,9,1169115867,80900,M6_GK,M6_GK,"{""M1_EWMA"": 0.0, ""M2_HAR"": 0.0, ""M3_HARJ"": 0.0, ""M4_HARQ"": 0.0, ""M5_RGARCH"": 0.0, ""M6_PARK"": 0.0, ""M6_GK"": 1.0}"
NQ/GLOBEX/B0/30min/S-A,10,3689063838,80900,M6_GK,M6_GK,"{""M1_EWMA"": 0.0, ""M2_HAR"": 0.0, ""M3_HARJ"": 0.0, ""M4_HARQ"": 0.0, ""M5_RGARCH"": 0.0, ""M6_PARK"": 0.0, ""M6_GK"": 1.0}"
NQ/GLOBEX/B0/30min/S-A,11,1498398406,80900,M6_GK,M6_GK,"{""M1_EWMA"": 0.0, ""M2_HAR"": 0.0, ""M3_HARJ"": 0.0, ""M4_HARQ"": 0.0, ""M5_RGARCH"": 0.0, ""M6_PARK"": 0.0, ""M6_GK"": 1.0}"
NQ/GLOBEX/B0/30min/S-A,12,3833968697,80900,M6_GK,M6_GK,"{""M1_EWMA"": 0.0, ""M2_HAR"": 0.0, ""M3_HARJ"": 0.0, ""M4_HARQ"": 0.0, ""M5_RGARCH"": 0.0, ""M6_PARK"": 0.0, ""M6_GK"": 1.0}"
NQ/GLOBEX/B0/30min/S-A,13,630741820,80900,M6_GK,M6_GK,"{""M1_EWMA"": 0.0, ""M2_HAR"": 0.0, ""M3_HARJ"": 0.0, ""M4_HARQ"": 0.0, ""M5_RGARCH"": 0.0, ""M6_PARK"": 0.0, ""M6_GK"": 1.0}"
NQ/GLOBEX/B0/30min/S-A,14,2401719883,80900,M6_GK,M6_GK,"{""M1_EWMA"": 0.0, ""M2_HAR"": 0.0, ""M3_HARJ"": 0.0, ""M4_HARQ"": 0.0, ""M5_RGARCH"": 0.0, ""M6_PARK"": 0.0, ""M6_GK"": 1.0}"
NQ/GLOBEX/B0/30min/S-A,15,3662131630,80900,M6_GK,M6_GK,"{""M1_EWMA"": 0.0, ""M2_HAR"": 0.0, ""M3_HARJ"": 0.0, ""M4_HARQ"": 0.0, ""M5_RGARCH"": 0.0, ""M6_PARK"": 0.0, ""M6_GK"": 1.0}"
NQ/GLOBEX/B0/30min/S-A,16,303417529,80900,M6_GK,M6_GK,"{""M1_EWMA"": 0.0, ""M2_HAR"": 0.0, ""M3_HARJ"": 0.0, ""M4_HARQ"": 0.0, ""M5_RGARCH"": 0.0, ""M6_PARK"": 0.0, ""M6_GK"": 1.0}"
NQ/GLOBEX/B0/30min/S-A,17,4155647398,80900,M6_GK,M6_GK,"{""M1_EWMA"": 0.0, ""M2_HAR"": 0.0, ""M3_HARJ"": 0.0, ""M4_HARQ"": 0.0, ""M5_RGARCH"": 0.0, ""M6_PARK"": 0.0, ""M6_GK"": 1.0}"
NQ/GLOBEX/B0/30min/S-A,18,2620441196,80900,M6_GK,M6_GK,"{""M1_EWMA"": 0.0, ""M2_HAR"": 0.0, ""M3_HARJ"": 0.0, ""M4_HARQ"": 0.0, ""M5_RGARCH"": 0.0, ""M6_PARK"": 0.0, ""M6_GK"": 1.0}"
NQ/GLOBEX/B0/30min/S-A,19,4201311651,80900,M6_GK,M6_GK,"{""M1_EWMA"": 0.0, ""M2_HAR"": 0.0, ""M3_HARJ"": 0.0, ""M4_HARQ"": 0.0, ""M5_RGARCH"": 0.0, ""M6_PARK"": 0.0, ""M6_GK"": 1.0}"
NQ/GLOBEX/B1/1day/S-A,0,2237533746,1448,M2_HAR|M3_HARJ|M4_HARQ,M2_HAR|M3_HARJ|M4_HARQ,"{""M6_PARK"": 0.0, ""M6_GK"": 0.0, ""M5_RGARCH"": 0.0, ""M1_EWMA"": 0.0, ""M2_HAR"": 1.0, ""M3_HARJ"": 1.0, ""M4_HARQ"": 1.0}"
NQ/GLOBEX/B1/1day/S-A,1,702494603,1448,M2_HAR|M3_HARJ|M4_HARQ,M2_HAR|M3_HARJ|M4_HARQ,"{""M6_PARK"": 0.0, ""M6_GK"": 0.0, ""M5_RGARCH"": 0.0, ""M1_EWMA"": 0.0, ""M2_HAR"": 1.0, ""M3_HARJ"": 1.0, ""M4_HARQ"": 1.0}"
NQ/GLOBEX/B1/1day/S-A,2,4139393190,1448,M2_HAR|M3_HARJ|M4_HARQ,M2_HAR|M3_HARJ|M4_HARQ,"{""M6_PARK"": 0.0, ""M6_GK"": 0.0, ""M5_RGARCH"": 0.0, ""M1_EWMA"": 0.0, ""M2_HAR"": 1.0, ""M3_HARJ"": 1.0, ""M4_HARQ"": 1.0}"
NQ/GLOBEX/B1/1day/S-A,3,769717545,1448,M2_HAR|M3_HARJ|M4_HARQ,M2_HAR|M3_HARJ|M4_HARQ,"{""M6_PARK"": 0.0, ""M6_GK"": 0.0, ""M5_RGARCH"": 0.0, ""M1_EWMA"": 0.0, ""M2_HAR"": 1.0, ""M3_HARJ"": 1.0, ""M4_HARQ"": 1.0}"
NQ/GLOBEX/B1/1day/S-A,4,919028315,1448,M2_HAR|M3_HARJ|M4_HARQ,M2_HAR|M3_HARJ|M4_HARQ,"{""M6_PARK"": 0.0, ""M6_GK"": 0.0, ""M5_RGARCH"": 0.0, ""M1_EWMA"": 0.0, ""M2_HAR"": 1.0, ""M3_HARJ"": 1.0, ""M4_HARQ"": 1.0}"
NQ/GLOBEX/B1/1day/S-A,5,611620464,1448,M2_HAR|M3_HARJ|M4_HARQ,M2_HAR|M3_HARJ|M4_HARQ,"{""M6_PARK"": 0.0, ""M6_GK"": 0.0, ""M5_RGARCH"": 0.0, ""M1_EWMA"": 0.0, ""M2_HAR"": 1.0, ""M3_HARJ"": 1.0, ""M4_HARQ"": 1.0}"
NQ/GLOBEX/B1/1day/S-A,6,3477480266,1448,M2_HAR|M3_HARJ|M4_HARQ,M2_HAR|M3_HARJ|M4_HARQ,"{""M6_PARK"": 0.0, ""M6_GK"": 0.0, ""M5_RGARCH"": 0.0, ""M1_EWMA"": 0.0, ""M2_HAR"": 1.0, ""M3_HARJ"": 1.0, ""M4_HARQ"": 1.0}"
NQ/GLOBEX/B1/1day/S-A,7,3198431117,1448,M2_HAR|M3_HARJ|M4_HARQ,M2_HAR|M3_HARJ|M4_HARQ,"{""M6_PARK"": 0.0, ""M6_GK"": 0.0, ""M5_RGARCH"": 0.0, ""M1_EWMA"": 0.0, ""M2_HAR"": 1.0, ""M3_HARJ"": 1.0, ""M4_HARQ"": 1.0}"
NQ/GLOBEX/B1/1day/S-A,8,2621026741,1448,M2_HAR|M3_HARJ|M4_HARQ,M2_HAR|M3_HARJ|M4_HARQ,"{""M6_PARK"": 0.0, ""M6_GK"": 0.0, ""M5_RGARCH"": 0.0, ""M1_EWMA"": 0.0, ""M2_HAR"": 1.0, ""M3_HARJ"": 1.0, ""M4_HARQ"": 1.0}"
NQ/GLOBEX/B1/1day/S-A,9,1169115867,1448,M2_HAR|M3_HARJ|M4_HARQ,M2_HAR|M3_HARJ|M4_HARQ,"{""M6_PARK"": 0.0, ""M6_GK"": 0.0, ""M5_RGARCH"": 0.0, ""M1_EWMA"": 0.0, ""M2_HAR"": 1.0, ""M3_HARJ"": 1.0, ""M4_HARQ"": 1.0}"
NQ/GLOBEX/B1/1day/S-A,10,3689063838,1448,M2_HAR|M3_HARJ|M4_HARQ,M2_HAR|M3_HARJ|M4_HARQ,"{""M6_PARK"": 0.0, ""M6_GK"": 0.0, ""M5_RGARCH"": 0.0, ""M1_EWMA"": 0.0, ""M2_HAR"": 1.0, ""M3_HARJ"": 1.0, ""M4_HARQ"": 1.0}"
NQ/GLOBEX/B1/1day/S-A,11,1498398406,1448,M2_HAR|M3_HARJ|M4_HARQ,M2_HAR|M3_HARJ|M4_HARQ,"{""M6_PARK"": 0.0, ""M6_GK"": 0.0, ""M5_RGARCH"": 0.0, ""M1_EWMA"": 0.0, ""M2_HAR"": 1.0, ""M3_HARJ"": 1.0, ""M4_HARQ"": 1.0}"
NQ/GLOBEX/B1/1day/S-A,12,3833968697,1448,M2_HAR|M3_HARJ|M4_HARQ,M2_HAR|M3_HARJ|M4_HARQ,"{""M6_PARK"": 0.0, ""M6_GK"": 0.0, ""M5_RGARCH"": 0.0, ""M1_EWMA"": 0.0, ""M2_HAR"": 1.0, ""M3_HARJ"": 1.0, ""M4_HARQ"": 1.0}"
NQ/GLOBEX/B1/1day/S-A,13,630741820,1448,M2_HAR|M3_HARJ|M4_HARQ,M2_HAR|M3_HARJ|M4_HARQ,"{""M6_PARK"": 0.0, ""M6_GK"": 0.0, ""M5_RGARCH"": 0.0, ""M1_EWMA"": 0.0, ""M2_HAR"": 1.0, ""M3_HARJ"": 1.0, ""M4_HARQ"": 1.0}"
NQ/GLOBEX/B1/1day/S-A,14,2401719883,1448,M2_HAR|M3_HARJ|M4_HARQ,M2_HAR|M3_HARJ|M4_HARQ,"{""M6_PARK"": 0.0, ""M6_GK"": 0.0, ""M5_RGARCH"": 0.0, ""M1_EWMA"": 0.0, ""M2_HAR"": 1.0, ""M3_HARJ"": 1.0, ""M4_HARQ"": 1.0}"
NQ/GLOBEX/B1/1day/S-A,15,3662131630,1448,M2_HAR|M3_HARJ|M4_HARQ,M2_HAR|M3_HARJ|M4_HARQ,"{""M6_PARK"": 0.0, ""M6_GK"": 0.0, ""M5_RGARCH"": 0.0, ""M1_EWMA"": 0.0, ""M2_HAR"": 1.0, ""M3_HARJ"": 1.0, ""M4_HARQ"": 1.0}"
NQ/GLOBEX/B1/1day/S-A,16,303417529,1448,M2_HAR|M3_HARJ|M4_HARQ,M2_HAR|M3_HARJ|M4_HARQ,"{""M6_PARK"": 0.0, ""M6_GK"": 0.0, ""M5_RGARCH"": 0.0, ""M1_EWMA"": 0.0, ""M2_HAR"": 1.0, ""M3_HARJ"": 1.0, ""M4_HARQ"": 1.0}"
NQ/GLOBEX/B1/1day/S-A,17,4155647398,1448,M2_HAR|M3_HARJ|M4_HARQ,M2_HAR|M3_HARJ|M4_HARQ,"{""M6_PARK"": 0.0, ""M6_GK"": 0.0, ""M5_RGARCH"": 0.0, ""M1_EWMA"": 0.0, ""M2_HAR"": 1.0, ""M3_HARJ"": 1.0, ""M4_HARQ"": 1.0}"
NQ/GLOBEX/B1/1day/S-A,18,2620441196,1448,M2_HAR|M3_HARJ|M4_HARQ,M2_HAR|M3_HARJ|M4_HARQ,"{""M6_PARK"": 0.0, ""M6_GK"": 0.0, ""M5_RGARCH"": 0.0, ""M1_EWMA"": 0.0, ""M2_HAR"": 1.0, ""M3_HARJ"": 1.0, ""M4_HARQ"": 1.0}"
NQ/GLOBEX/B1/1day/S-A,19,4201311651,1448,M2_HAR|M3_HARJ|M4_HARQ,M2_HAR|M3_HARJ|M4_HARQ,"{""M6_PARK"": 0.0, ""M6_GK"": 0.0, ""M5_RGARCH"": 0.0, ""M1_EWMA"": 0.0, ""M2_HAR"": 1.0, ""M3_HARJ"": 1.0, ""M4_HARQ"": 1.0}"
NQ/GLOBEX/B1/1h/S-A,0,2237533746,39503,M6_GK,M6_GK,"{""M1_EWMA"": 0.0, ""M2_HAR"": 0.0, ""M3_HARJ"": 0.0, ""M4_HARQ"": 0.0, ""M5_RGARCH"": 0.0, ""M6_PARK"": 0.0, ""M6_GK"": 1.0}"
NQ/GLOBEX/B1/1h/S-A,1,702494603,39503,M6_GK,M6_GK,"{""M1_EWMA"": 0.0, ""M2_HAR"": 0.0, ""M3_HARJ"": 0.0, ""M4_HARQ"": 0.0, ""M5_RGARCH"": 0.0, ""M6_PARK"": 0.0, ""M6_GK"": 1.0}"
NQ/GLOBEX/B1/1h/S-A,2,4139393190,39503,M6_GK,M6_GK,"{""M1_EWMA"": 0.0, ""M2_HAR"": 0.0, ""M3_HARJ"": 0.0, ""M4_HARQ"": 0.0, ""M5_RGARCH"": 0.0, ""M6_PARK"": 0.0, ""M6_GK"": 1.0}"
NQ/GLOBEX/B1/1h/S-A,3,769717545,39503,M6_GK,M6_GK,"{""M1_EWMA"": 0.0, ""M2_HAR"": 0.0, ""M3_HARJ"": 0.0, ""M4_HARQ"": 0.0, ""M5_RGARCH"": 0.0, ""M6_PARK"": 0.0, ""M6_GK"": 1.0}"
NQ/GLOBEX/B1/1h/S-A,4,919028315,39503,M6_GK,M6_GK,"{""M1_EWMA"": 0.0, ""M2_HAR"": 0.0, ""M3_HARJ"": 0.0, ""M4_HARQ"": 0.0, ""M5_RGARCH"": 0.0, ""M6_PARK"": 0.0, ""M6_GK"": 1.0}"
NQ/GLOBEX/B1/1h/S-A,5,611620464,39503,M6_GK,M6_GK,"{""M1_EWMA"": 0.0, ""M2_HAR"": 0.0, ""M3_HARJ"": 0.0, ""M4_HARQ"": 0.0, ""M5_RGARCH"": 0.0, ""M6_PARK"": 0.0, ""M6_GK"": 1.0}"
NQ/GLOBEX/B1/1h/S-A,6,3477480266,39503,M6_GK,M6_GK,"{""M1_EWMA"": 0.0, ""M2_HAR"": 0.0, ""M3_HARJ"": 0.0, ""M4_HARQ"": 0.0, ""M5_RGARCH"": 0.0, ""M6_PARK"": 0.0, ""M6_GK"": 1.0}"
NQ/GLOBEX/B1/1h/S-A,7,3198431117,39503,M6_GK,M6_GK,"{""M1_EWMA"": 0.0, ""M2_HAR"": 0.0, ""M3_HARJ"": 0.0, ""M4_HARQ"": 0.0, ""M5_RGARCH"": 0.0, ""M6_PARK"": 0.0, ""M6_GK"": 1.0}"
NQ/GLOBEX/B1/1h/S-A,8,2621026741,39503,M6_GK,M6_GK,"{""M1_EWMA"": 0.0, ""M2_HAR"": 0.0, ""M3_HARJ"": 0.0, ""M4_HARQ"": 0.0, ""M5_RGARCH"": 0.0, ""M6_PARK"": 0.0, ""M6_GK"": 1.0}"
NQ/GLOBEX/B1/1h/S-A,9,1169115867,39503,M6_GK,M6_GK,"{""M1_EWMA"": 0.0, ""M2_HAR"": 0.0, ""M3_HARJ"": 0.0, ""M4_HARQ"": 0.0, ""M5_RGARCH"": 0.0, ""M6_PARK"": 0.0, ""M6_GK"": 1.0}"
NQ/GLOBEX/B1/1h/S-A,10,3689063838,39503,M6_GK,M6_GK,"{""M1_EWMA"": 0.0, ""M2_HAR"": 0.0, ""M3_HARJ"": 0.0, ""M4_HARQ"": 0.0, ""M5_RGARCH"": 0.0, ""M6_PARK"": 0.0, ""M6_GK"": 1.0}"
NQ/GLOBEX/B1/1h/S-A,11,1498398406,39503,M6_GK,M6_GK,"{""M1_EWMA"": 0.0, ""M2_HAR"": 0.0, ""M3_HARJ"": 0.0, ""M4_HARQ"": 0.0, ""M5_RGARCH"": 0.0, ""M6_PARK"": 0.0, ""M6_GK"": 1.0}"
NQ/GLOBEX/B1/1h/S-A,12,3833968697,39503,M6_GK,M6_GK,"{""M1_EWMA"": 0.0, ""M2_HAR"": 0.0, ""M3_HARJ"": 0.0, ""M4_HARQ"": 0.0, ""M5_RGARCH"": 0.0, ""M6_PARK"": 0.0, ""M6_GK"": 1.0}"
NQ/GLOBEX/B1/1h/S-A,13,630741820,39503,M6_GK,M6_GK,"{""M1_EWMA"": 0.0, ""M2_HAR"": 0.0, ""M3_HARJ"": 0.0, ""M4_HARQ"": 0.0, ""M5_RGARCH"": 0.0, ""M6_PARK"": 0.0, ""M6_GK"": 1.0}"
NQ/GLOBEX/B1/1h/S-A,14,2401719883,39503,M6_GK,M6_GK,"{""M1_EWMA"": 0.0, ""M2_HAR"": 0.0, ""M3_HARJ"": 0.0, ""M4_HARQ"": 0.0, ""M5_RGARCH"": 0.0, ""M6_PARK"": 0.0, ""M6_GK"": 1.0}"
NQ/GLOBEX/B1/1h/S-A,15,3662131630,39503,M6_GK,M6_GK,"{""M1_EWMA"": 0.0, ""M2_HAR"": 0.0, ""M3_HARJ"": 0.0, ""M4_HARQ"": 0.0, ""M5_RGARCH"": 0.0, ""M6_PARK"": 0.0, ""M6_GK"": 1.0}"
NQ/GLOBEX/B1/1h/S-A,16,303417529,39503,M6_GK,M6_GK,"{""M1_EWMA"": 0.0, ""M2_HAR"": 0.0, ""M3_HARJ"": 0.0, ""M4_HARQ"": 0.0, ""M5_RGARCH"": 0.0, ""M6_PARK"": 0.0, ""M6_GK"": 1.0}"
NQ/GLOBEX/B1/1h/S-A,17,4155647398,39503,M6_GK,M6_GK,"{""M1_EWMA"": 0.0, ""M2_HAR"": 0.0, ""M3_HARJ"": 0.0, ""M4_HARQ"": 0.0, ""M5_RGARCH"": 0.0, ""M6_PARK"": 0.0, ""M6_GK"": 1.0}"
NQ/GLOBEX/B1/1h/S-A,18,2620441196,39503,M6_GK,M6_GK,"{""M1_EWMA"": 0.0, ""M2_HAR"": 0.0, ""M3_HARJ"": 0.0, ""M4_HARQ"": 0.0, ""M5_RGARCH"": 0.0, ""M6_PARK"": 0.0, ""M6_GK"": 1.0}"
NQ/GLOBEX/B1/1h/S-A,19,4201311651,39503,M6_GK,M6_GK,"{""M1_EWMA"": 0.0, ""M2_HAR"": 0.0, ""M3_HARJ"": 0.0, ""M4_HARQ"": 0.0, ""M5_RGARCH"": 0.0, ""M6_PARK"": 0.0, ""M6_GK"": 1.0}"
NQ/GLOBEX/B1/30min/S-A,0,2237533746,83735,M6_GK,M6_GK,"{""M1_EWMA"": 0.0, ""M2_HAR"": 0.0, ""M3_HARJ"": 0.0, ""M4_HARQ"": 0.0, ""M5_RGARCH"": 0.0, ""M6_PARK"": 0.0, ""M6_GK"": 1.0}"
NQ/GLOBEX/B1/30min/S-A,1,702494603,83735,M6_GK,M6_GK,"{""M1_EWMA"": 0.0, ""M2_HAR"": 0.0, ""M3_HARJ"": 0.0, ""M4_HARQ"": 0.0, ""M5_RGARCH"": 0.0, ""M6_PARK"": 0.0, ""M6_GK"": 1.0}"
NQ/GLOBEX/B1/30min/S-A,2,4139393190,83735,M6_GK,M6_GK,"{""M1_EWMA"": 0.0, ""M2_HAR"": 0.0, ""M3_HARJ"": 0.0, ""M4_HARQ"": 0.0, ""M5_RGARCH"": 0.0, ""M6_PARK"": 0.0, ""M6_GK"": 1.0}"
NQ/GLOBEX/B1/30min/S-A,3,769717545,83735,M6_GK,M6_GK,"{""M1_EWMA"": 0.0, ""M2_HAR"": 0.0, ""M3_HARJ"": 0.0, ""M4_HARQ"": 0.0, ""M5_RGARCH"": 0.0, ""M6_PARK"": 0.0, ""M6_GK"": 1.0}"
NQ/GLOBEX/B1/30min/S-A,4,919028315,83735,M6_GK,M6_GK,"{""M1_EWMA"": 0.0, ""M2_HAR"": 0.0, ""M3_HARJ"": 0.0, ""M4_HARQ"": 0.0, ""M5_RGARCH"": 0.0, ""M6_PARK"": 0.0, ""M6_GK"": 1.0}"
NQ/GLOBEX/B1/30min/S-A,5,611620464,83735,M6_GK,M6_GK,"{""M1_EWMA"": 0.0, ""M2_HAR"": 0.0, ""M3_HARJ"": 0.0, ""M4_HARQ"": 0.0, ""M5_RGARCH"": 0.0, ""M6_PARK"": 0.0, ""M6_GK"": 1.0}"
NQ/GLOBEX/B1/30min/S-A,6,3477480266,83735,M6_GK,M6_GK,"{""M1_EWMA"": 0.0, ""M2_HAR"": 0.0, ""M3_HARJ"": 0.0, ""M4_HARQ"": 0.0, ""M5_RGARCH"": 0.0, ""M6_PARK"": 0.0, ""M6_GK"": 1.0}"
NQ/GLOBEX/B1/30min/S-A,7,3198431117,83735,M6_GK,M6_GK,"{""M1_EWMA"": 0.0, ""M2_HAR"": 0.0, ""M3_HARJ"": 0.0, ""M4_HARQ"": 0.0, ""M5_RGARCH"": 0.0, ""M6_PARK"": 0.0, ""M6_GK"": 1.0}"
NQ/GLOBEX/B1/30min/S-A,8,2621026741,83735,M6_GK,M6_GK,"{""M1_EWMA"": 0.0, ""M2_HAR"": 0.0, ""M3_HARJ"": 0.0, ""M4_HARQ"": 0.0, ""M5_RGARCH"": 0.0, ""M6_PARK"": 0.0, ""M6_GK"": 1.0}"
NQ/GLOBEX/B1/30min/S-A,9,1169115867,83735,M6_GK,M6_GK,"{""M1_EWMA"": 0.0, ""M2_HAR"": 0.0, ""M3_HARJ"": 0.0, ""M4_HARQ"": 0.0, ""M5_RGARCH"": 0.0, ""M6_PARK"": 0.0, ""M6_GK"": 1.0}"
NQ/GLOBEX/B1/30min/S-A,10,3689063838,83735,M6_GK,M6_GK,"{""M1_EWMA"": 0.0, ""M2_HAR"": 0.0, ""M3_HARJ"": 0.0, ""M4_HARQ"": 0.0, ""M5_RGARCH"": 0.0, ""M6_PARK"": 0.0, ""M6_GK"": 1.0}"
NQ/GLOBEX/B1/30min/S-A,11,1498398406,83735,M6_GK,M6_GK,"{""M1_EWMA"": 0.0, ""M2_HAR"": 0.0, ""M3_HARJ"": 0.0, ""M4_HARQ"": 0.0, ""M5_RGARCH"": 0.0, ""M6_PARK"": 0.0, ""M6_GK"": 1.0}"
NQ/GLOBEX/B1/30min/S-A,12,3833968697,83735,M6_GK,M6_GK,"{""M1_EWMA"": 0.0, ""M2_HAR"": 0.0, ""M3_HARJ"": 0.0, ""M4_HARQ"": 0.0, ""M5_RGARCH"": 0.0, ""M6_PARK"": 0.0, ""M6_GK"": 1.0}"
NQ/GLOBEX/B1/30min/S-A,13,630741820,83735,M6_GK,M6_GK,"{""M1_EWMA"": 0.0, ""M2_HAR"": 0.0, ""M3_HARJ"": 0.0, ""M4_HARQ"": 0.0, ""M5_RGARCH"": 0.0, ""M6_PARK"": 0.0, ""M6_GK"": 1.0}"
NQ/GLOBEX/B1/30min/S-A,14,2401719883,83735,M6_GK,M6_GK,"{""M1_EWMA"": 0.0, ""M2_HAR"": 0.0, ""M3_HARJ"": 0.0, ""M4_HARQ"": 0.0, ""M5_RGARCH"": 0.0, ""M6_PARK"": 0.0, ""M6_GK"": 1.0}"
NQ/GLOBEX/B1/30min/S-A,15,3662131630,83735,M6_GK,M6_GK,"{""M1_EWMA"": 0.0, ""M2_HAR"": 0.0, ""M3_HARJ"": 0.0, ""M4_HARQ"": 0.0, ""M5_RGARCH"": 0.0, ""M6_PARK"": 0.0, ""M6_GK"": 1.0}"
NQ/GLOBEX/B1/30min/S-A,16,303417529,83735,M6_GK,M6_GK,"{""M1_EWMA"": 0.0, ""M2_HAR"": 0.0, ""M3_HARJ"": 0.0, ""M4_HARQ"": 0.0, ""M5_RGARCH"": 0.0, ""M6_PARK"": 0.0, ""M6_GK"": 1.0}"
NQ/GLOBEX/B1/30min/S-A,17,4155647398,83735,M6_GK,M6_GK,"{""M1_EWMA"": 0.0, ""M2_HAR"": 0.0, ""M3_HARJ"": 0.0, ""M4_HARQ"": 0.0, ""M5_RGARCH"": 0.0, ""M6_PARK"": 0.0, ""M6_GK"": 1.0}"
NQ/GLOBEX/B1/30min/S-A,18,2620441196,83735,M6_GK,M6_GK,"{""M1_EWMA"": 0.0, ""M2_HAR"": 0.0, ""M3_HARJ"": 0.0, ""M4_HARQ"": 0.0, ""M5_RGARCH"": 0.0, ""M6_PARK"": 0.0, ""M6_GK"": 1.0}"
NQ/GLOBEX/B1/30min/S-A,19,4201311651,83735,M6_GK,M6_GK,"{""M1_EWMA"": 0.0, ""M2_HAR"": 0.0, ""M3_HARJ"": 0.0, ""M4_HARQ"": 0.0, ""M5_RGARCH"": 0.0, ""M6_PARK"": 0.0, ""M6_GK"": 1.0}"
NQ/RTH/B0/1day/S-A,0,2237533746,1401,M2_HAR|M4_HARQ,M2_HAR|M4_HARQ,"{""M5_RGARCH"": 0.0, ""M6_GK"": 0.0, ""M6_PARK"": 0.0, ""M1_EWMA"": 0.0, ""M3_HARJ"": 0.0058, ""M2_HAR"": 1.0, ""M4_HARQ"": 1.0}"
NQ/RTH/B0/1day/S-A,1,702494603,1401,M2_HAR|M4_HARQ,M2_HAR|M4_HARQ,"{""M5_RGARCH"": 0.0, ""M6_GK"": 0.0, ""M6_PARK"": 0.0, ""M1_EWMA"": 0.0, ""M3_HARJ"": 0.0068, ""M2_HAR"": 1.0, ""M4_HARQ"": 1.0}"
NQ/RTH/B0/1day/S-A,2,4139393190,1401,M2_HAR|M4_HARQ,M2_HAR|M4_HARQ,"{""M5_RGARCH"": 0.0, ""M6_GK"": 0.0, ""M6_PARK"": 0.0, ""M1_EWMA"": 0.0, ""M3_HARJ"": 0.0079, ""M2_HAR"": 1.0, ""M4_HARQ"": 1.0}"
NQ/RTH/B0/1day/S-A,3,769717545,1401,M2_HAR|M4_HARQ,M2_HAR|M4_HARQ,"{""M5_RGARCH"": 0.0, ""M6_GK"": 0.0, ""M6_PARK"": 0.0, ""M1_EWMA"": 0.0, ""M3_HARJ"": 0.0079, ""M2_HAR"": 1.0, ""M4_HARQ"": 1.0}"
NQ/RTH/B0/1day/S-A,4,919028315,1401,M2_HAR|M4_HARQ,M2_HAR|M4_HARQ,"{""M5_RGARCH"": 0.0, ""M6_GK"": 0.0, ""M6_PARK"": 0.0, ""M1_EWMA"": 0.0, ""M3_HARJ"": 0.0065, ""M2_HAR"": 1.0, ""M4_HARQ"": 1.0}"
NQ/RTH/B0/1day/S-A,5,611620464,1401,M2_HAR|M4_HARQ,M2_HAR|M4_HARQ,"{""M5_RGARCH"": 0.0, ""M6_GK"": 0.0, ""M6_PARK"": 0.0, ""M1_EWMA"": 0.0, ""M3_HARJ"": 0.008, ""M2_HAR"": 1.0, ""M4_HARQ"": 1.0}"
NQ/RTH/B0/1day/S-A,6,3477480266,1401,M2_HAR|M4_HARQ,M2_HAR|M4_HARQ,"{""M5_RGARCH"": 0.0, ""M6_GK"": 0.0, ""M6_PARK"": 0.0, ""M1_EWMA"": 0.0, ""M3_HARJ"": 0.0082, ""M2_HAR"": 1.0, ""M4_HARQ"": 1.0}"
NQ/RTH/B0/1day/S-A,7,3198431117,1401,M2_HAR|M4_HARQ,M2_HAR|M4_HARQ,"{""M5_RGARCH"": 0.0, ""M6_GK"": 0.0, ""M6_PARK"": 0.0, ""M1_EWMA"": 0.0, ""M3_HARJ"": 0.0073, ""M2_HAR"": 1.0, ""M4_HARQ"": 1.0}"
NQ/RTH/B0/1day/S-A,8,2621026741,1401,M2_HAR|M4_HARQ,M2_HAR|M4_HARQ,"{""M5_RGARCH"": 0.0, ""M6_GK"": 0.0, ""M6_PARK"": 0.0, ""M1_EWMA"": 0.0, ""M3_HARJ"": 0.0083, ""M2_HAR"": 1.0, ""M4_HARQ"": 1.0}"
NQ/RTH/B0/1day/S-A,9,1169115867,1401,M2_HAR|M4_HARQ,M2_HAR|M4_HARQ,"{""M5_RGARCH"": 0.0, ""M6_GK"": 0.0, ""M6_PARK"": 0.0, ""M1_EWMA"": 0.0001, ""M3_HARJ"": 0.0085, ""M2_HAR"": 1.0, ""M4_HARQ"": 1.0}"
NQ/RTH/B0/1day/S-A,10,3689063838,1401,M2_HAR|M4_HARQ,M2_HAR|M4_HARQ,"{""M5_RGARCH"": 0.0, ""M6_GK"": 0.0, ""M6_PARK"": 0.0, ""M1_EWMA"": 0.0, ""M3_HARJ"": 0.0081, ""M2_HAR"": 1.0, ""M4_HARQ"": 1.0}"
NQ/RTH/B0/1day/S-A,11,1498398406,1401,M2_HAR|M4_HARQ,M2_HAR|M4_HARQ,"{""M5_RGARCH"": 0.0, ""M6_GK"": 0.0, ""M6_PARK"": 0.0, ""M1_EWMA"": 0.0, ""M3_HARJ"": 0.0088, ""M2_HAR"": 1.0, ""M4_HARQ"": 1.0}"
NQ/RTH/B0/1day/S-A,12,3833968697,1401,M2_HAR|M4_HARQ,M2_HAR|M4_HARQ,"{""M5_RGARCH"": 0.0, ""M6_GK"": 0.0, ""M6_PARK"": 0.0, ""M1_EWMA"": 0.0, ""M3_HARJ"": 0.0081, ""M2_HAR"": 1.0, ""M4_HARQ"": 1.0}"
NQ/RTH/B0/1day/S-A,13,630741820,1401,M2_HAR|M4_HARQ,M2_HAR|M4_HARQ,"{""M5_RGARCH"": 0.0, ""M6_GK"": 0.0, ""M6_PARK"": 0.0, ""M1_EWMA"": 0.0, ""M3_HARJ"": 0.0074, ""M2_HAR"": 1.0, ""M4_HARQ"": 1.0}"
NQ/RTH/B0/1day/S-A,14,2401719883,1401,M2_HAR|M4_HARQ,M2_HAR|M4_HARQ,"{""M5_RGARCH"": 0.0, ""M6_GK"": 0.0, ""M6_PARK"": 0.0, ""M1_EWMA"": 0.0, ""M3_HARJ"": 0.0064, ""M2_HAR"": 1.0, ""M4_HARQ"": 1.0}"
NQ/RTH/B0/1day/S-A,15,3662131630,1401,M2_HAR|M4_HARQ,M2_HAR|M4_HARQ,"{""M5_RGARCH"": 0.0, ""M6_GK"": 0.0, ""M6_PARK"": 0.0, ""M1_EWMA"": 0.0, ""M3_HARJ"": 0.0076, ""M2_HAR"": 1.0, ""M4_HARQ"": 1.0}"
NQ/RTH/B0/1day/S-A,16,303417529,1401,M2_HAR|M4_HARQ,M2_HAR|M4_HARQ,"{""M5_RGARCH"": 0.0, ""M6_GK"": 0.0, ""M6_PARK"": 0.0, ""M1_EWMA"": 0.0, ""M3_HARJ"": 0.008, ""M2_HAR"": 1.0, ""M4_HARQ"": 1.0}"
NQ/RTH/B0/1day/S-A,17,4155647398,1401,M2_HAR|M4_HARQ,M2_HAR|M4_HARQ,"{""M5_RGARCH"": 0.0, ""M6_GK"": 0.0, ""M6_PARK"": 0.0, ""M1_EWMA"": 0.0, ""M3_HARJ"": 0.0077, ""M2_HAR"": 1.0, ""M4_HARQ"": 1.0}"
NQ/RTH/B0/1day/S-A,18,2620441196,1401,M2_HAR|M4_HARQ,M2_HAR|M4_HARQ,"{""M5_RGARCH"": 0.0, ""M6_GK"": 0.0, ""M6_PARK"": 0.0, ""M1_EWMA"": 0.0, ""M3_HARJ"": 0.0077, ""M2_HAR"": 1.0, ""M4_HARQ"": 1.0}"
NQ/RTH/B0/1day/S-A,19,4201311651,1401,M2_HAR|M4_HARQ,M2_HAR|M4_HARQ,"{""M5_RGARCH"": 0.0, ""M6_GK"": 0.0, ""M6_PARK"": 0.0, ""M1_EWMA"": 0.0, ""M3_HARJ"": 0.0079, ""M2_HAR"": 1.0, ""M4_HARQ"": 1.0}"
NQ/RTH/B0/1h/S-A,0,2237533746,10906,M2_HAR|M4_HARQ,M2_HAR|M4_HARQ,"{""M6_PARK"": 0.0, ""M6_GK"": 0.0, ""M5_RGARCH"": 0.0, ""M1_EWMA"": 0.0, ""M3_HARJ"": 0.0001, ""M2_HAR"": 1.0, ""M4_HARQ"": 1.0}"
NQ/RTH/B0/1h/S-A,1,702494603,10906,M2_HAR|M4_HARQ,M2_HAR|M4_HARQ,"{""M6_PARK"": 0.0, ""M6_GK"": 0.0, ""M5_RGARCH"": 0.0, ""M1_EWMA"": 0.0, ""M3_HARJ"": 0.0, ""M2_HAR"": 1.0, ""M4_HARQ"": 1.0}"
NQ/RTH/B0/1h/S-A,2,4139393190,10906,M2_HAR|M4_HARQ,M2_HAR|M4_HARQ,"{""M6_PARK"": 0.0, ""M6_GK"": 0.0, ""M5_RGARCH"": 0.0, ""M1_EWMA"": 0.0, ""M3_HARJ"": 0.0, ""M2_HAR"": 1.0, ""M4_HARQ"": 1.0}"
NQ/RTH/B0/1h/S-A,3,769717545,10906,M2_HAR|M4_HARQ,M2_HAR|M4_HARQ,"{""M6_PARK"": 0.0, ""M6_GK"": 0.0, ""M5_RGARCH"": 0.0, ""M1_EWMA"": 0.0, ""M3_HARJ"": 0.0, ""M2_HAR"": 1.0, ""M4_HARQ"": 1.0}"
NQ/RTH/B0/1h/S-A,4,919028315,10906,M2_HAR|M4_HARQ,M2_HAR|M4_HARQ,"{""M6_GK"": 0.0, ""M6_PARK"": 0.0, ""M5_RGARCH"": 0.0, ""M1_EWMA"": 0.0, ""M3_HARJ"": 0.0, ""M2_HAR"": 1.0, ""M4_HARQ"": 1.0}"
NQ/RTH/B0/1h/S-A,5,611620464,10906,M2_HAR|M4_HARQ,M2_HAR|M4_HARQ,"{""M6_PARK"": 0.0, ""M6_GK"": 0.0, ""M5_RGARCH"": 0.0, ""M1_EWMA"": 0.0, ""M3_HARJ"": 0.0, ""M2_HAR"": 1.0, ""M4_HARQ"": 1.0}"
NQ/RTH/B0/1h/S-A,6,3477480266,10906,M2_HAR|M4_HARQ,M2_HAR|M4_HARQ,"{""M6_PARK"": 0.0, ""M6_GK"": 0.0, ""M5_RGARCH"": 0.0, ""M1_EWMA"": 0.0, ""M3_HARJ"": 0.0, ""M2_HAR"": 1.0, ""M4_HARQ"": 1.0}"
NQ/RTH/B0/1h/S-A,7,3198431117,10906,M2_HAR|M4_HARQ,M2_HAR|M4_HARQ,"{""M6_PARK"": 0.0, ""M6_GK"": 0.0, ""M5_RGARCH"": 0.0, ""M1_EWMA"": 0.0, ""M3_HARJ"": 0.0001, ""M2_HAR"": 1.0, ""M4_HARQ"": 1.0}"
NQ/RTH/B0/1h/S-A,8,2621026741,10906,M2_HAR|M4_HARQ,M2_HAR|M4_HARQ,"{""M6_PARK"": 0.0, ""M6_GK"": 0.0, ""M5_RGARCH"": 0.0, ""M1_EWMA"": 0.0, ""M3_HARJ"": 0.0002, ""M2_HAR"": 1.0, ""M4_HARQ"": 1.0}"
NQ/RTH/B0/1h/S-A,9,1169115867,10906,M2_HAR|M4_HARQ,M2_HAR|M4_HARQ,"{""M6_PARK"": 0.0, ""M6_GK"": 0.0, ""M5_RGARCH"": 0.0, ""M1_EWMA"": 0.0, ""M3_HARJ"": 0.0, ""M2_HAR"": 1.0, ""M4_HARQ"": 1.0}"
NQ/RTH/B0/1h/S-A,10,3689063838,10906,M2_HAR|M4_HARQ,M2_HAR|M4_HARQ,"{""M6_PARK"": 0.0, ""M6_GK"": 0.0, ""M5_RGARCH"": 0.0, ""M1_EWMA"": 0.0, ""M3_HARJ"": 0.0001, ""M2_HAR"": 1.0, ""M4_HARQ"": 1.0}"
NQ/RTH/B0/1h/S-A,11,1498398406,10906,M2_HAR|M4_HARQ,M2_HAR|M4_HARQ,"{""M6_PARK"": 0.0, ""M6_GK"": 0.0, ""M5_RGARCH"": 0.0, ""M1_EWMA"": 0.0, ""M3_HARJ"": 0.0, ""M2_HAR"": 1.0, ""M4_HARQ"": 1.0}"
NQ/RTH/B0/1h/S-A,12,3833968697,10906,M2_HAR|M4_HARQ,M2_HAR|M4_HARQ,"{""M6_PARK"": 0.0, ""M6_GK"": 0.0, ""M5_RGARCH"": 0.0, ""M1_EWMA"": 0.0, ""M3_HARJ"": 0.0, ""M2_HAR"": 1.0, ""M4_HARQ"": 1.0}"
NQ/RTH/B0/1h/S-A,13,630741820,10906,M2_HAR|M4_HARQ,M2_HAR|M4_HARQ,"{""M6_PARK"": 0.0, ""M6_GK"": 0.0, ""M5_RGARCH"": 0.0, ""M1_EWMA"": 0.0, ""M3_HARJ"": 0.0, ""M2_HAR"": 1.0, ""M4_HARQ"": 1.0}"
NQ/RTH/B0/1h/S-A,14,2401719883,10906,M2_HAR|M4_HARQ,M2_HAR|M4_HARQ,"{""M6_PARK"": 0.0, ""M6_GK"": 0.0, ""M5_RGARCH"": 0.0, ""M1_EWMA"": 0.0, ""M3_HARJ"": 0.0001, ""M2_HAR"": 1.0, ""M4_HARQ"": 1.0}"
NQ/RTH/B0/1h/S-A,15,3662131630,10906,M2_HAR|M4_HARQ,M2_HAR|M4_HARQ,"{""M6_PARK"": 0.0, ""M6_GK"": 0.0, ""M5_RGARCH"": 0.0, ""M1_EWMA"": 0.0, ""M3_HARJ"": 0.0, ""M2_HAR"": 1.0, ""M4_HARQ"": 1.0}"
NQ/RTH/B0/1h/S-A,16,303417529,10906,M2_HAR|M4_HARQ,M2_HAR|M4_HARQ,"{""M6_PARK"": 0.0, ""M6_GK"": 0.0, ""M5_RGARCH"": 0.0, ""M1_EWMA"": 0.0, ""M3_HARJ"": 0.0, ""M2_HAR"": 1.0, ""M4_HARQ"": 1.0}"
NQ/RTH/B0/1h/S-A,17,4155647398,10906,M2_HAR|M4_HARQ,M2_HAR|M4_HARQ,"{""M6_PARK"": 0.0, ""M6_GK"": 0.0, ""M5_RGARCH"": 0.0, ""M1_EWMA"": 0.0, ""M3_HARJ"": 0.0, ""M2_HAR"": 1.0, ""M4_HARQ"": 1.0}"
NQ/RTH/B0/1h/S-A,18,2620441196,10906,M2_HAR|M4_HARQ,M2_HAR|M4_HARQ,"{""M6_PARK"": 0.0, ""M6_GK"": 0.0, ""M5_RGARCH"": 0.0, ""M1_EWMA"": 0.0, ""M3_HARJ"": 0.0001, ""M2_HAR"": 1.0, ""M4_HARQ"": 1.0}"
NQ/RTH/B0/1h/S-A,19,4201311651,10906,M2_HAR|M4_HARQ,M2_HAR|M4_HARQ,"{""M6_PARK"": 0.0, ""M6_GK"": 0.0, ""M5_RGARCH"": 0.0, ""M1_EWMA"": 0.0, ""M3_HARJ"": 0.0, ""M2_HAR"": 1.0, ""M4_HARQ"": 1.0}"
NQ/RTH/B0/30min/S-A,0,2237533746,22312,M2_HAR|M3_HARJ|M4_HARQ,M2_HAR|M3_HARJ|M4_HARQ,"{""M5_RGARCH"": 0.0, ""M6_GK"": 0.0, ""M6_PARK"": 0.0, ""M1_EWMA"": 0.0, ""M3_HARJ"": 0.7441, ""M2_HAR"": 1.0, ""M4_HARQ"": 1.0}"
NQ/RTH/B0/30min/S-A,1,702494603,22312,M2_HAR|M3_HARJ|M4_HARQ,M2_HAR|M3_HARJ|M4_HARQ,"{""M5_RGARCH"": 0.0, ""M6_GK"": 0.0, ""M6_PARK"": 0.0, ""M1_EWMA"": 0.0, ""M3_HARJ"": 0.7383, ""M2_HAR"": 1.0, ""M4_HARQ"": 1.0}"
NQ/RTH/B0/30min/S-A,2,4139393190,22312,M2_HAR|M3_HARJ|M4_HARQ,M2_HAR|M3_HARJ|M4_HARQ,"{""M5_RGARCH"": 0.0, ""M6_GK"": 0.0, ""M6_PARK"": 0.0, ""M1_EWMA"": 0.0, ""M3_HARJ"": 0.7405, ""M2_HAR"": 1.0, ""M4_HARQ"": 1.0}"
NQ/RTH/B0/30min/S-A,3,769717545,22312,M2_HAR|M3_HARJ|M4_HARQ,M2_HAR|M3_HARJ|M4_HARQ,"{""M5_RGARCH"": 0.0, ""M6_GK"": 0.0, ""M6_PARK"": 0.0, ""M1_EWMA"": 0.0, ""M3_HARJ"": 0.7407, ""M2_HAR"": 1.0, ""M4_HARQ"": 1.0}"
NQ/RTH/B0/30min/S-A,4,919028315,22312,M2_HAR|M3_HARJ|M4_HARQ,M2_HAR|M3_HARJ|M4_HARQ,"{""M5_RGARCH"": 0.0, ""M6_GK"": 0.0, ""M6_PARK"": 0.0, ""M1_EWMA"": 0.0, ""M3_HARJ"": 0.7381, ""M2_HAR"": 1.0, ""M4_HARQ"": 1.0}"
NQ/RTH/B0/30min/S-A,5,611620464,22312,M2_HAR|M3_HARJ|M4_HARQ,M2_HAR|M3_HARJ|M4_HARQ,"{""M5_RGARCH"": 0.0, ""M6_GK"": 0.0, ""M6_PARK"": 0.0, ""M1_EWMA"": 0.0, ""M3_HARJ"": 0.7299, ""M2_HAR"": 1.0, ""M4_HARQ"": 1.0}"
NQ/RTH/B0/30min/S-A,6,3477480266,22312,M2_HAR|M3_HARJ|M4_HARQ,M2_HAR|M3_HARJ|M4_HARQ,"{""M5_RGARCH"": 0.0, ""M6_GK"": 0.0, ""M6_PARK"": 0.0, ""M1_EWMA"": 0.0, ""M3_HARJ"": 0.7377, ""M2_HAR"": 1.0, ""M4_HARQ"": 1.0}"
NQ/RTH/B0/30min/S-A,7,3198431117,22312,M2_HAR|M3_HARJ|M4_HARQ,M2_HAR|M3_HARJ|M4_HARQ,"{""M5_RGARCH"": 0.0, ""M6_GK"": 0.0, ""M6_PARK"": 0.0, ""M1_EWMA"": 0.0, ""M3_HARJ"": 0.7375, ""M2_HAR"": 1.0, ""M4_HARQ"": 1.0}"
NQ/RTH/B0/30min/S-A,8,2621026741,22312,M2_HAR|M3_HARJ|M4_HARQ,M2_HAR|M3_HARJ|M4_HARQ,"{""M5_RGARCH"": 0.0, ""M6_GK"": 0.0, ""M6_PARK"": 0.0, ""M1_EWMA"": 0.0, ""M3_HARJ"": 0.7387, ""M2_HAR"": 1.0, ""M4_HARQ"": 1.0}"
NQ/RTH/B0/30min/S-A,9,1169115867,22312,M2_HAR|M3_HARJ|M4_HARQ,M2_HAR|M3_HARJ|M4_HARQ,"{""M5_RGARCH"": 0.0, ""M6_GK"": 0.0, ""M6_PARK"": 0.0, ""M1_EWMA"": 0.0, ""M3_HARJ"": 0.7326, ""M2_HAR"": 1.0, ""M4_HARQ"": 1.0}"
NQ/RTH/B0/30min/S-A,10,3689063838,22312,M2_HAR|M3_HARJ|M4_HARQ,M2_HAR|M3_HARJ|M4_HARQ,"{""M5_RGARCH"": 0.0, ""M6_GK"": 0.0, ""M6_PARK"": 0.0, ""M1_EWMA"": 0.0, ""M3_HARJ"": 0.7357, ""M2_HAR"": 1.0, ""M4_HARQ"": 1.0}"
NQ/RTH/B0/30min/S-A,11,1498398406,22312,M2_HAR|M3_HARJ|M4_HARQ,M2_HAR|M3_HARJ|M4_HARQ,"{""M5_RGARCH"": 0.0, ""M6_GK"": 0.0, ""M6_PARK"": 0.0, ""M1_EWMA"": 0.0, ""M3_HARJ"": 0.7446, ""M2_HAR"": 1.0, ""M4_HARQ"": 1.0}"
NQ/RTH/B0/30min/S-A,12,3833968697,22312,M2_HAR|M3_HARJ|M4_HARQ,M2_HAR|M3_HARJ|M4_HARQ,"{""M5_RGARCH"": 0.0, ""M6_GK"": 0.0, ""M6_PARK"": 0.0, ""M1_EWMA"": 0.0, ""M3_HARJ"": 0.7418, ""M2_HAR"": 1.0, ""M4_HARQ"": 1.0}"
NQ/RTH/B0/30min/S-A,13,630741820,22312,M2_HAR|M3_HARJ|M4_HARQ,M2_HAR|M3_HARJ|M4_HARQ,"{""M5_RGARCH"": 0.0, ""M6_GK"": 0.0, ""M6_PARK"": 0.0, ""M1_EWMA"": 0.0, ""M3_HARJ"": 0.7366, ""M2_HAR"": 1.0, ""M4_HARQ"": 1.0}"
NQ/RTH/B0/30min/S-A,14,2401719883,22312,M2_HAR|M3_HARJ|M4_HARQ,M2_HAR|M3_HARJ|M4_HARQ,"{""M5_RGARCH"": 0.0, ""M6_GK"": 0.0, ""M6_PARK"": 0.0, ""M1_EWMA"": 0.0, ""M3_HARJ"": 0.7374, ""M2_HAR"": 1.0, ""M4_HARQ"": 1.0}"
NQ/RTH/B0/30min/S-A,15,3662131630,22312,M2_HAR|M3_HARJ|M4_HARQ,M2_HAR|M3_HARJ|M4_HARQ,"{""M5_RGARCH"": 0.0, ""M6_GK"": 0.0, ""M6_PARK"": 0.0, ""M1_EWMA"": 0.0, ""M3_HARJ"": 0.7452, ""M2_HAR"": 1.0, ""M4_HARQ"": 1.0}"
NQ/RTH/B0/30min/S-A,16,303417529,22312,M2_HAR|M3_HARJ|M4_HARQ,M2_HAR|M3_HARJ|M4_HARQ,"{""M5_RGARCH"": 0.0, ""M6_GK"": 0.0, ""M6_PARK"": 0.0, ""M1_EWMA"": 0.0, ""M3_HARJ"": 0.7451, ""M2_HAR"": 1.0, ""M4_HARQ"": 1.0}"
NQ/RTH/B0/30min/S-A,17,4155647398,22312,M2_HAR|M3_HARJ|M4_HARQ,M2_HAR|M3_HARJ|M4_HARQ,"{""M5_RGARCH"": 0.0, ""M6_GK"": 0.0, ""M6_PARK"": 0.0, ""M1_EWMA"": 0.0, ""M3_HARJ"": 0.74, ""M2_HAR"": 1.0, ""M4_HARQ"": 1.0}"
NQ/RTH/B0/30min/S-A,18,2620441196,22312,M2_HAR|M3_HARJ|M4_HARQ,M2_HAR|M3_HARJ|M4_HARQ,"{""M5_RGARCH"": 0.0, ""M6_GK"": 0.0, ""M6_PARK"": 0.0, ""M1_EWMA"": 0.0, ""M3_HARJ"": 0.7474, ""M2_HAR"": 1.0, ""M4_HARQ"": 1.0}"
NQ/RTH/B0/30min/S-A,19,4201311651,22312,M2_HAR|M3_HARJ|M4_HARQ,M2_HAR|M3_HARJ|M4_HARQ,"{""M5_RGARCH"": 0.0, ""M6_GK"": 0.0, ""M6_PARK"": 0.0, ""M1_EWMA"": 0.0, ""M3_HARJ"": 0.7366, ""M2_HAR"": 1.0, ""M4_HARQ"": 1.0}"
NQ/RTH/B1/1day/S-A,0,2237533746,1401,M2_HAR|M3_HARJ|M4_HARQ,M2_HAR|M3_HARJ|M4_HARQ,"{""M5_RGARCH"": 0.0, ""M6_GK"": 0.0, ""M6_PARK"": 0.0, ""M1_EWMA"": 0.0, ""M2_HAR"": 1.0, ""M3_HARJ"": 1.0, ""M4_HARQ"": 1.0}"
NQ/RTH/B1/1day/S-A,1,702494603,1401,M2_HAR|M3_HARJ|M4_HARQ,M2_HAR|M3_HARJ|M4_HARQ,"{""M5_RGARCH"": 0.0, ""M6_GK"": 0.0, ""M6_PARK"": 0.0, ""M1_EWMA"": 0.0, ""M2_HAR"": 1.0, ""M3_HARJ"": 1.0, ""M4_HARQ"": 1.0}"
NQ/RTH/B1/1day/S-A,2,4139393190,1401,M2_HAR|M3_HARJ|M4_HARQ,M2_HAR|M3_HARJ|M4_HARQ,"{""M5_RGARCH"": 0.0, ""M6_GK"": 0.0, ""M6_PARK"": 0.0, ""M1_EWMA"": 0.0, ""M2_HAR"": 1.0, ""M3_HARJ"": 1.0, ""M4_HARQ"": 1.0}"
NQ/RTH/B1/1day/S-A,3,769717545,1401,M2_HAR|M3_HARJ|M4_HARQ,M2_HAR|M3_HARJ|M4_HARQ,"{""M5_RGARCH"": 0.0, ""M6_GK"": 0.0, ""M6_PARK"": 0.0, ""M1_EWMA"": 0.0, ""M2_HAR"": 1.0, ""M3_HARJ"": 1.0, ""M4_HARQ"": 1.0}"
NQ/RTH/B1/1day/S-A,4,919028315,1401,M2_HAR|M3_HARJ|M4_HARQ,M2_HAR|M3_HARJ|M4_HARQ,"{""M5_RGARCH"": 0.0, ""M6_GK"": 0.0, ""M6_PARK"": 0.0, ""M1_EWMA"": 0.0, ""M2_HAR"": 1.0, ""M3_HARJ"": 1.0, ""M4_HARQ"": 1.0}"
NQ/RTH/B1/1day/S-A,5,611620464,1401,M2_HAR|M3_HARJ|M4_HARQ,M2_HAR|M3_HARJ|M4_HARQ,"{""M5_RGARCH"": 0.0, ""M6_GK"": 0.0, ""M6_PARK"": 0.0, ""M1_EWMA"": 0.0, ""M2_HAR"": 1.0, ""M3_HARJ"": 1.0, ""M4_HARQ"": 1.0}"
NQ/RTH/B1/1day/S-A,6,3477480266,1401,M2_HAR|M3_HARJ|M4_HARQ,M2_HAR|M3_HARJ|M4_HARQ,"{""M5_RGARCH"": 0.0, ""M6_GK"": 0.0, ""M6_PARK"": 0.0, ""M1_EWMA"": 0.0, ""M2_HAR"": 1.0, ""M3_HARJ"": 1.0, ""M4_HARQ"": 1.0}"
NQ/RTH/B1/1day/S-A,7,3198431117,1401,M2_HAR|M3_HARJ|M4_HARQ,M2_HAR|M3_HARJ|M4_HARQ,"{""M5_RGARCH"": 0.0, ""M6_GK"": 0.0, ""M6_PARK"": 0.0, ""M1_EWMA"": 0.0, ""M2_HAR"": 1.0, ""M3_HARJ"": 1.0, ""M4_HARQ"": 1.0}"
NQ/RTH/B1/1day/S-A,8,2621026741,1401,M2_HAR|M3_HARJ|M4_HARQ,M2_HAR|M3_HARJ|M4_HARQ,"{""M5_RGARCH"": 0.0, ""M6_GK"": 0.0, ""M6_PARK"": 0.0, ""M1_EWMA"": 0.0, ""M2_HAR"": 1.0, ""M3_HARJ"": 1.0, ""M4_HARQ"": 1.0}"
NQ/RTH/B1/1day/S-A,9,1169115867,1401,M2_HAR|M3_HARJ|M4_HARQ,M2_HAR|M3_HARJ|M4_HARQ,"{""M5_RGARCH"": 0.0, ""M6_GK"": 0.0, ""M6_PARK"": 0.0, ""M1_EWMA"": 0.0001, ""M2_HAR"": 1.0, ""M3_HARJ"": 1.0, ""M4_HARQ"": 1.0}"
NQ/RTH/B1/1day/S-A,10,3689063838,1401,M2_HAR|M3_HARJ|M4_HARQ,M2_HAR|M3_HARJ|M4_HARQ,"{""M5_RGARCH"": 0.0, ""M6_GK"": 0.0, ""M6_PARK"": 0.0, ""M1_EWMA"": 0.0001, ""M2_HAR"": 1.0, ""M3_HARJ"": 1.0, ""M4_HARQ"": 1.0}"
NQ/RTH/B1/1day/S-A,11,1498398406,1401,M2_HAR|M3_HARJ|M4_HARQ,M2_HAR|M3_HARJ|M4_HARQ,"{""M5_RGARCH"": 0.0, ""M6_GK"": 0.0, ""M6_PARK"": 0.0, ""M1_EWMA"": 0.0, ""M2_HAR"": 1.0, ""M3_HARJ"": 1.0, ""M4_HARQ"": 1.0}"
NQ/RTH/B1/1day/S-A,12,3833968697,1401,M2_HAR|M3_HARJ|M4_HARQ,M2_HAR|M3_HARJ|M4_HARQ,"{""M5_RGARCH"": 0.0, ""M6_GK"": 0.0, ""M6_PARK"": 0.0, ""M1_EWMA"": 0.0, ""M2_HAR"": 1.0, ""M3_HARJ"": 1.0, ""M4_HARQ"": 1.0}"
NQ/RTH/B1/1day/S-A,13,630741820,1401,M2_HAR|M3_HARJ|M4_HARQ,M2_HAR|M3_HARJ|M4_HARQ,"{""M5_RGARCH"": 0.0, ""M6_GK"": 0.0, ""M6_PARK"": 0.0, ""M1_EWMA"": 0.0001, ""M2_HAR"": 1.0, ""M3_HARJ"": 1.0, ""M4_HARQ"": 1.0}"
NQ/RTH/B1/1day/S-A,14,2401719883,1401,M2_HAR|M3_HARJ|M4_HARQ,M2_HAR|M3_HARJ|M4_HARQ,"{""M5_RGARCH"": 0.0, ""M6_GK"": 0.0, ""M6_PARK"": 0.0, ""M1_EWMA"": 0.0, ""M2_HAR"": 1.0, ""M3_HARJ"": 1.0, ""M4_HARQ"": 1.0}"
NQ/RTH/B1/1day/S-A,15,3662131630,1401,M2_HAR|M3_HARJ|M4_HARQ,M2_HAR|M3_HARJ|M4_HARQ,"{""M5_RGARCH"": 0.0, ""M6_GK"": 0.0, ""M6_PARK"": 0.0, ""M1_EWMA"": 0.0001, ""M2_HAR"": 1.0, ""M3_HARJ"": 1.0, ""M4_HARQ"": 1.0}"
NQ/RTH/B1/1day/S-A,16,303417529,1401,M2_HAR|M3_HARJ|M4_HARQ,M2_HAR|M3_HARJ|M4_HARQ,"{""M5_RGARCH"": 0.0, ""M6_GK"": 0.0, ""M6_PARK"": 0.0, ""M1_EWMA"": 0.0, ""M2_HAR"": 1.0, ""M3_HARJ"": 1.0, ""M4_HARQ"": 1.0}"
NQ/RTH/B1/1day/S-A,17,4155647398,1401,M2_HAR|M3_HARJ|M4_HARQ,M2_HAR|M3_HARJ|M4_HARQ,"{""M5_RGARCH"": 0.0, ""M6_GK"": 0.0, ""M6_PARK"": 0.0, ""M1_EWMA"": 0.0, ""M2_HAR"": 1.0, ""M3_HARJ"": 1.0, ""M4_HARQ"": 1.0}"
NQ/RTH/B1/1day/S-A,18,2620441196,1401,M2_HAR|M3_HARJ|M4_HARQ,M2_HAR|M3_HARJ|M4_HARQ,"{""M5_RGARCH"": 0.0, ""M6_GK"": 0.0, ""M6_PARK"": 0.0, ""M1_EWMA"": 0.0001, ""M2_HAR"": 1.0, ""M3_HARJ"": 1.0, ""M4_HARQ"": 1.0}"
NQ/RTH/B1/1day/S-A,19,4201311651,1401,M2_HAR|M3_HARJ|M4_HARQ,M2_HAR|M3_HARJ|M4_HARQ,"{""M5_RGARCH"": 0.0, ""M6_GK"": 0.0, ""M6_PARK"": 0.0, ""M1_EWMA"": 0.0, ""M2_HAR"": 1.0, ""M3_HARJ"": 1.0, ""M4_HARQ"": 1.0}"
NQ/RTH/B1/1h/S-A,0,2237533746,10906,M2_HAR|M4_HARQ,M2_HAR|M4_HARQ,"{""M6_PARK"": 0.0, ""M6_GK"": 0.0, ""M5_RGARCH"": 0.0, ""M1_EWMA"": 0.0, ""M3_HARJ"": 0.0001, ""M2_HAR"": 1.0, ""M4_HARQ"": 1.0}"
NQ/RTH/B1/1h/S-A,1,702494603,10906,M2_HAR|M4_HARQ,M2_HAR|M4_HARQ,"{""M6_PARK"": 0.0, ""M6_GK"": 0.0, ""M5_RGARCH"": 0.0, ""M1_EWMA"": 0.0, ""M3_HARJ"": 0.0, ""M2_HAR"": 1.0, ""M4_HARQ"": 1.0}"
NQ/RTH/B1/1h/S-A,2,4139393190,10906,M2_HAR|M4_HARQ,M2_HAR|M4_HARQ,"{""M6_PARK"": 0.0, ""M6_GK"": 0.0, ""M5_RGARCH"": 0.0, ""M1_EWMA"": 0.0, ""M3_HARJ"": 0.0001, ""M2_HAR"": 1.0, ""M4_HARQ"": 1.0}"
NQ/RTH/B1/1h/S-A,3,769717545,10906,M2_HAR|M4_HARQ,M2_HAR|M4_HARQ,"{""M6_PARK"": 0.0, ""M6_GK"": 0.0, ""M5_RGARCH"": 0.0, ""M1_EWMA"": 0.0, ""M3_HARJ"": 0.0, ""M2_HAR"": 1.0, ""M4_HARQ"": 1.0}"
NQ/RTH/B1/1h/S-A,4,919028315,10906,M2_HAR|M4_HARQ,M2_HAR|M4_HARQ,"{""M6_GK"": 0.0, ""M6_PARK"": 0.0, ""M5_RGARCH"": 0.0, ""M1_EWMA"": 0.0, ""M3_HARJ"": 0.0001, ""M2_HAR"": 1.0, ""M4_HARQ"": 1.0}"
NQ/RTH/B1/1h/S-A,5,611620464,10906,M2_HAR|M4_HARQ,M2_HAR|M4_HARQ,"{""M6_PARK"": 0.0, ""M6_GK"": 0.0, ""M5_RGARCH"": 0.0, ""M1_EWMA"": 0.0, ""M3_HARJ"": 0.0, ""M2_HAR"": 1.0, ""M4_HARQ"": 1.0}"
NQ/RTH/B1/1h/S-A,6,3477480266,10906,M2_HAR|M4_HARQ,M2_HAR|M4_HARQ,"{""M6_PARK"": 0.0, ""M6_GK"": 0.0, ""M5_RGARCH"": 0.0, ""M1_EWMA"": 0.0, ""M3_HARJ"": 0.0001, ""M2_HAR"": 1.0, ""M4_HARQ"": 1.0}"
NQ/RTH/B1/1h/S-A,7,3198431117,10906,M2_HAR|M4_HARQ,M2_HAR|M4_HARQ,"{""M6_PARK"": 0.0, ""M6_GK"": 0.0, ""M5_RGARCH"": 0.0, ""M1_EWMA"": 0.0, ""M3_HARJ"": 0.0, ""M2_HAR"": 1.0, ""M4_HARQ"": 1.0}"
NQ/RTH/B1/1h/S-A,8,2621026741,10906,M2_HAR|M4_HARQ,M2_HAR|M4_HARQ,"{""M6_PARK"": 0.0, ""M6_GK"": 0.0, ""M5_RGARCH"": 0.0, ""M1_EWMA"": 0.0, ""M3_HARJ"": 0.0001, ""M2_HAR"": 1.0, ""M4_HARQ"": 1.0}"
NQ/RTH/B1/1h/S-A,9,1169115867,10906,M2_HAR|M4_HARQ,M2_HAR|M4_HARQ,"{""M6_PARK"": 0.0, ""M6_GK"": 0.0, ""M5_RGARCH"": 0.0, ""M1_EWMA"": 0.0, ""M3_HARJ"": 0.0, ""M2_HAR"": 1.0, ""M4_HARQ"": 1.0}"
NQ/RTH/B1/1h/S-A,10,3689063838,10906,M2_HAR|M4_HARQ,M2_HAR|M4_HARQ,"{""M6_PARK"": 0.0, ""M6_GK"": 0.0, ""M5_RGARCH"": 0.0, ""M1_EWMA"": 0.0, ""M3_HARJ"": 0.0001, ""M2_HAR"": 1.0, ""M4_HARQ"": 1.0}"
NQ/RTH/B1/1h/S-A,11,1498398406,10906,M2_HAR|M4_HARQ,M2_HAR|M4_HARQ,"{""M6_PARK"": 0.0, ""M6_GK"": 0.0, ""M5_RGARCH"": 0.0, ""M1_EWMA"": 0.0, ""M3_HARJ"": 0.0, ""M2_HAR"": 1.0, ""M4_HARQ"": 1.0}"
NQ/RTH/B1/1h/S-A,12,3833968697,10906,M2_HAR|M4_HARQ,M2_HAR|M4_HARQ,"{""M6_GK"": 0.0, ""M6_PARK"": 0.0, ""M5_RGARCH"": 0.0, ""M1_EWMA"": 0.0, ""M3_HARJ"": 0.0, ""M2_HAR"": 1.0, ""M4_HARQ"": 1.0}"
NQ/RTH/B1/1h/S-A,13,630741820,10906,M2_HAR|M4_HARQ,M2_HAR|M4_HARQ,"{""M6_PARK"": 0.0, ""M6_GK"": 0.0, ""M5_RGARCH"": 0.0, ""M1_EWMA"": 0.0, ""M3_HARJ"": 0.0, ""M2_HAR"": 1.0, ""M4_HARQ"": 1.0}"
NQ/RTH/B1/1h/S-A,14,2401719883,10906,M2_HAR|M4_HARQ,M2_HAR|M4_HARQ,"{""M6_PARK"": 0.0, ""M6_GK"": 0.0, ""M5_RGARCH"": 0.0, ""M1_EWMA"": 0.0, ""M3_HARJ"": 0.0001, ""M2_HAR"": 1.0, ""M4_HARQ"": 1.0}"
NQ/RTH/B1/1h/S-A,15,3662131630,10906,M2_HAR|M4_HARQ,M2_HAR|M4_HARQ,"{""M6_PARK"": 0.0, ""M6_GK"": 0.0, ""M5_RGARCH"": 0.0, ""M1_EWMA"": 0.0, ""M3_HARJ"": 0.0, ""M2_HAR"": 1.0, ""M4_HARQ"": 1.0}"
NQ/RTH/B1/1h/S-A,16,303417529,10906,M2_HAR|M4_HARQ,M2_HAR|M4_HARQ,"{""M6_PARK"": 0.0, ""M6_GK"": 0.0, ""M5_RGARCH"": 0.0, ""M1_EWMA"": 0.0, ""M3_HARJ"": 0.0, ""M2_HAR"": 1.0, ""M4_HARQ"": 1.0}"
NQ/RTH/B1/1h/S-A,17,4155647398,10906,M2_HAR|M4_HARQ,M2_HAR|M4_HARQ,"{""M6_PARK"": 0.0, ""M6_GK"": 0.0, ""M5_RGARCH"": 0.0, ""M1_EWMA"": 0.0, ""M3_HARJ"": 0.0, ""M2_HAR"": 1.0, ""M4_HARQ"": 1.0}"
NQ/RTH/B1/1h/S-A,18,2620441196,10906,M2_HAR|M4_HARQ,M2_HAR|M4_HARQ,"{""M6_PARK"": 0.0, ""M6_GK"": 0.0, ""M5_RGARCH"": 0.0, ""M1_EWMA"": 0.0, ""M3_HARJ"": 0.0001, ""M2_HAR"": 1.0, ""M4_HARQ"": 1.0}"
NQ/RTH/B1/1h/S-A,19,4201311651,10906,M2_HAR|M4_HARQ,M2_HAR|M4_HARQ,"{""M6_PARK"": 0.0, ""M6_GK"": 0.0, ""M5_RGARCH"": 0.0, ""M1_EWMA"": 0.0, ""M3_HARJ"": 0.0, ""M2_HAR"": 1.0, ""M4_HARQ"": 1.0}"
NQ/RTH/B1/30min/S-A,0,2237533746,22312,M2_HAR|M4_HARQ,M2_HAR|M3_HARJ|M4_HARQ,"{""M5_RGARCH"": 0.0, ""M6_GK"": 0.0, ""M6_PARK"": 0.0, ""M1_EWMA"": 0.0, ""M3_HARJ"": 0.2088, ""M2_HAR"": 1.0, ""M4_HARQ"": 1.0}"
NQ/RTH/B1/30min/S-A,1,702494603,22312,M2_HAR|M4_HARQ,M2_HAR|M3_HARJ|M4_HARQ,"{""M5_RGARCH"": 0.0, ""M6_GK"": 0.0, ""M6_PARK"": 0.0, ""M1_EWMA"": 0.0, ""M3_HARJ"": 0.2056, ""M2_HAR"": 1.0, ""M4_HARQ"": 1.0}"
NQ/RTH/B1/30min/S-A,2,4139393190,22312,M2_HAR|M4_HARQ,M2_HAR|M3_HARJ|M4_HARQ,"{""M5_RGARCH"": 0.0, ""M6_GK"": 0.0, ""M6_PARK"": 0.0, ""M1_EWMA"": 0.0, ""M3_HARJ"": 0.2095, ""M2_HAR"": 1.0, ""M4_HARQ"": 1.0}"
NQ/RTH/B1/30min/S-A,3,769717545,22312,M2_HAR|M4_HARQ,M2_HAR|M3_HARJ|M4_HARQ,"{""M5_RGARCH"": 0.0, ""M6_GK"": 0.0, ""M6_PARK"": 0.0, ""M1_EWMA"": 0.0, ""M3_HARJ"": 0.2055, ""M2_HAR"": 1.0, ""M4_HARQ"": 1.0}"
NQ/RTH/B1/30min/S-A,4,919028315,22312,M2_HAR|M4_HARQ,M2_HAR|M3_HARJ|M4_HARQ,"{""M5_RGARCH"": 0.0, ""M6_GK"": 0.0, ""M6_PARK"": 0.0, ""M1_EWMA"": 0.0, ""M3_HARJ"": 0.2156, ""M2_HAR"": 1.0, ""M4_HARQ"": 1.0}"
NQ/RTH/B1/30min/S-A,5,611620464,22312,M2_HAR|M4_HARQ,M2_HAR|M3_HARJ|M4_HARQ,"{""M5_RGARCH"": 0.0, ""M6_GK"": 0.0, ""M6_PARK"": 0.0, ""M1_EWMA"": 0.0, ""M3_HARJ"": 0.2081, ""M2_HAR"": 1.0, ""M4_HARQ"": 1.0}"
NQ/RTH/B1/30min/S-A,6,3477480266,22312,M2_HAR|M4_HARQ,M2_HAR|M3_HARJ|M4_HARQ,"{""M5_RGARCH"": 0.0, ""M6_GK"": 0.0, ""M6_PARK"": 0.0, ""M1_EWMA"": 0.0, ""M3_HARJ"": 0.2096, ""M2_HAR"": 1.0, ""M4_HARQ"": 1.0}"
NQ/RTH/B1/30min/S-A,7,3198431117,22312,M2_HAR|M4_HARQ,M2_HAR|M3_HARJ|M4_HARQ,"{""M5_RGARCH"": 0.0, ""M6_GK"": 0.0, ""M6_PARK"": 0.0, ""M1_EWMA"": 0.0, ""M3_HARJ"": 0.2103, ""M2_HAR"": 1.0, ""M4_HARQ"": 1.0}"
NQ/RTH/B1/30min/S-A,8,2621026741,22312,M2_HAR|M4_HARQ,M2_HAR|M3_HARJ|M4_HARQ,"{""M5_RGARCH"": 0.0, ""M6_GK"": 0.0, ""M6_PARK"": 0.0, ""M1_EWMA"": 0.0, ""M3_HARJ"": 0.2107, ""M2_HAR"": 1.0, ""M4_HARQ"": 1.0}"
NQ/RTH/B1/30min/S-A,9,1169115867,22312,M2_HAR|M4_HARQ,M2_HAR|M3_HARJ|M4_HARQ,"{""M5_RGARCH"": 0.0, ""M6_GK"": 0.0, ""M6_PARK"": 0.0, ""M1_EWMA"": 0.0, ""M3_HARJ"": 0.2138, ""M2_HAR"": 1.0, ""M4_HARQ"": 1.0}"
NQ/RTH/B1/30min/S-A,10,3689063838,22312,M2_HAR|M4_HARQ,M2_HAR|M3_HARJ|M4_HARQ,"{""M5_RGARCH"": 0.0, ""M6_GK"": 0.0, ""M6_PARK"": 0.0, ""M1_EWMA"": 0.0, ""M3_HARJ"": 0.2081, ""M2_HAR"": 1.0, ""M4_HARQ"": 1.0}"
NQ/RTH/B1/30min/S-A,11,1498398406,22312,M2_HAR|M4_HARQ,M2_HAR|M3_HARJ|M4_HARQ,"{""M5_RGARCH"": 0.0, ""M6_GK"": 0.0, ""M6_PARK"": 0.0, ""M1_EWMA"": 0.0, ""M3_HARJ"": 0.2088, ""M2_HAR"": 1.0, ""M4_HARQ"": 1.0}"
NQ/RTH/B1/30min/S-A,12,3833968697,22312,M2_HAR|M4_HARQ,M2_HAR|M3_HARJ|M4_HARQ,"{""M5_RGARCH"": 0.0, ""M6_GK"": 0.0, ""M6_PARK"": 0.0, ""M1_EWMA"": 0.0, ""M3_HARJ"": 0.2094, ""M2_HAR"": 1.0, ""M4_HARQ"": 1.0}"
NQ/RTH/B1/30min/S-A,13,630741820,22312,M2_HAR|M4_HARQ,M2_HAR|M3_HARJ|M4_HARQ,"{""M5_RGARCH"": 0.0, ""M6_GK"": 0.0, ""M6_PARK"": 0.0, ""M1_EWMA"": 0.0, ""M3_HARJ"": 0.2129, ""M2_HAR"": 1.0, ""M4_HARQ"": 1.0}"
NQ/RTH/B1/30min/S-A,14,2401719883,22312,M2_HAR|M4_HARQ,M2_HAR|M3_HARJ|M4_HARQ,"{""M5_RGARCH"": 0.0, ""M6_GK"": 0.0, ""M6_PARK"": 0.0, ""M1_EWMA"": 0.0, ""M3_HARJ"": 0.2053, ""M2_HAR"": 1.0, ""M4_HARQ"": 1.0}"
NQ/RTH/B1/30min/S-A,15,3662131630,22312,M2_HAR|M4_HARQ,M2_HAR|M3_HARJ|M4_HARQ,"{""M5_RGARCH"": 0.0, ""M6_GK"": 0.0, ""M6_PARK"": 0.0, ""M1_EWMA"": 0.0, ""M3_HARJ"": 0.2166, ""M2_HAR"": 1.0, ""M4_HARQ"": 1.0}"
NQ/RTH/B1/30min/S-A,16,303417529,22312,M2_HAR|M4_HARQ,M2_HAR|M3_HARJ|M4_HARQ,"{""M5_RGARCH"": 0.0, ""M6_GK"": 0.0, ""M6_PARK"": 0.0, ""M1_EWMA"": 0.0, ""M3_HARJ"": 0.2127, ""M2_HAR"": 1.0, ""M4_HARQ"": 1.0}"
NQ/RTH/B1/30min/S-A,17,4155647398,22312,M2_HAR|M4_HARQ,M2_HAR|M3_HARJ|M4_HARQ,"{""M5_RGARCH"": 0.0, ""M6_GK"": 0.0, ""M6_PARK"": 0.0, ""M1_EWMA"": 0.0, ""M3_HARJ"": 0.2097, ""M2_HAR"": 1.0, ""M4_HARQ"": 1.0}"
NQ/RTH/B1/30min/S-A,18,2620441196,22312,M2_HAR|M4_HARQ,M2_HAR|M3_HARJ|M4_HARQ,"{""M5_RGARCH"": 0.0, ""M6_GK"": 0.0, ""M6_PARK"": 0.0, ""M1_EWMA"": 0.0, ""M3_HARJ"": 0.2172, ""M2_HAR"": 1.0, ""M4_HARQ"": 1.0}"
NQ/RTH/B1/30min/S-A,19,4201311651,22312,M2_HAR|M4_HARQ,M2_HAR|M3_HARJ|M4_HARQ,"{""M5_RGARCH"": 0.0, ""M6_GK"": 0.0, ""M6_PARK"": 0.0, ""M1_EWMA"": 0.0, ""M3_HARJ"": 0.2074, ""M2_HAR"": 1.0, ""M4_HARQ"": 1.0}"
