arm,grid,seed_index,M,lam_true,var_log_rv,trv_over_rv,estimator,lam
A0,RTH_1day,0,5,0.6705066440747842,1.5803649744941464,0.951383292501882,E1_a_exp_L1-5,-0.022178803581655998
A0,RTH_1day,0,5,0.6705066440747842,1.5803649744941464,0.951383292501882,E1_a_exp_L1-10,-0.012093993933468305
A0,RTH_1day,0,5,0.6705066440747842,1.5803649744941464,0.951383292501882,E1_d_model_L1-5,-0.03535416332033757
A0,RTH_1day,0,5,0.6705066440747842,1.5803649744941464,0.951383292501882,E1_d_model_L1-10,-0.012046707397748768
A0,RTH_1day,0,5,0.6705066440747842,1.5803649744941464,0.951383292501882,E2,0.7275322045186221
A0,RTH_1day,0,5,0.6705066440747842,1.5803649744941464,0.951383292501882,E4,0.8468299184193782
A0,RTH_1day,0,6,0.7093814704666541,1.4937593658378658,0.9522945891652743,E1_a_exp_L1-5,-0.029702827260372128
A0,RTH_1day,0,6,0.7093814704666541,1.4937593658378658,0.9522945891652743,E1_a_exp_L1-10,-0.010739607597617565
A0,RTH_1day,0,6,0.7093814704666541,1.4937593658378658,0.9522945891652743,E1_d_model_L1-5,0.0749900984760052
A0,RTH_1day,0,6,0.7093814704666541,1.4937593658378658,0.9522945891652743,E1_d_model_L1-10,-0.0146010089588242
A0,RTH_1day,0,6,0.7093814704666541,1.4937593658378658,0.9522945891652743,E2,0.7322269942087872
A0,RTH_1day,0,6,0.7093814704666541,1.4937593658378658,0.9522945891652743,E4,0.8547799321567506
A0,RTH_1day,0,10,0.8158061094364291,1.298893454222132,0.9635380444856785,E1_a_exp_L1-5,0.003407686533631761
A0,RTH_1day,0,10,0.8158061094364291,1.298893454222132,0.9635380444856785,E1_a_exp_L1-10,-0.0065322930121095015
A0,RTH_1day,0,10,0.8158061094364291,1.298893454222132,0.9635380444856785,E1_d_model_L1-5,-0.036597218078138635
A0,RTH_1day,0,10,0.8158061094364291,1.298893454222132,0.9635380444856785,E1_d_model_L1-10,-0.007225499724469827
A0,RTH_1day,0,10,0.8158061094364291,1.298893454222132,0.9635380444856785,E2,0.8308179211776149
A0,RTH_1day,0,10,0.8158061094364291,1.298893454222132,0.9635380444856785,E4,0.8813821238350756
A0,RTH_1day,0,13,0.8787316464463395,1.2058803387208044,0.9658955904736174,E1_a_exp_L1-5,0.0019205913284605
A0,RTH_1day,0,13,0.8787316464463395,1.2058803387208044,0.9658955904736174,E1_a_exp_L1-10,-0.008722680828639013
A0,RTH_1day,0,13,0.8787316464463395,1.2058803387208044,0.9658955904736174,E1_d_model_L1-5,-0.008743725673614096
A0,RTH_1day,0,13,0.8787316464463395,1.2058803387208044,0.9658955904736174,E1_d_model_L1-10,-0.009646299123902387
A0,RTH_1day,0,13,0.8787316464463395,1.2058803387208044,0.9658955904736174,E2,0.873549897387743
A0,RTH_1day,0,13,0.8787316464463395,1.2058803387208044,0.9658955904736174,E4,0.8970719504093864
A0,RTH_1day,0,26,0.9366979058273976,1.1312560953420765,0.9722791807306514,E1_a_exp_L1-5,0.0044601597671797355
A0,RTH_1day,0,26,0.9366979058273976,1.1312560953420765,0.9722791807306514,E1_a_exp_L1-10,-0.00707248714244061
A0,RTH_1day,0,26,0.9366979058273976,1.1312560953420765,0.9722791807306514,E1_d_model_L1-5,0.004799539882482183
A0,RTH_1day,0,26,0.9366979058273976,1.1312560953420765,0.9722791807306514,E1_d_model_L1-10,-0.007778365457594873
A0,RTH_1day,0,26,0.9366979058273976,1.1312560953420765,0.9722791807306514,E2,0.9320279902082274
A0,RTH_1day,0,26,0.9366979058273976,1.1312560953420765,0.9722791807306514,E4,0.940967818672421
A0,RTH_1day,0,78,0.9840222154278156,1.0768509072741903,0.9716274668693561,E1_a_exp_L1-5,0.005430749762848334
A0,RTH_1day,0,78,0.9840222154278156,1.0768509072741903,0.9716274668693561,E1_a_exp_L1-10,-0.004043893008430648
A0,RTH_1day,0,78,0.9840222154278156,1.0768509072741903,0.9716274668693561,E1_d_model_L1-5,0.0058075977577071985
A0,RTH_1day,0,78,0.9840222154278156,1.0768509072741903,0.9716274668693561,E1_d_model_L1-10,-0.004427010530357166
A0,RTH_1day,0,78,0.9840222154278156,1.0768509072741903,0.9716274668693561,E2,0.9763447636753098
A0,RTH_1day,0,78,0.9840222154278156,1.0768509072741903,0.9716274668693561,E4,0.9779077785988981
A0,RTH_1day,0,195,0.9946463422580262,1.065348727926568,0.9713714005784249,E1_a_exp_L1-5,0.002987257161299198
A0,RTH_1day,0,195,0.9946463422580262,1.065348727926568,0.9713714005784249,E1_a_exp_L1-10,-0.006778725685840138
A0,RTH_1day,0,195,0.9946463422580262,1.065348727926568,0.9713714005784249,E1_d_model_L1-5,-0.013279092152221738
A0,RTH_1day,0,195,0.9946463422580262,1.065348727926568,0.9713714005784249,E1_d_model_L1-10,-0.007467964226774959
A0,RTH_1day,0,195,0.9946463422580262,1.065348727926568,0.9713714005784249,E2,0.9899403383602664
A0,RTH_1day,0,195,0.9946463422580262,1.065348727926568,0.9713714005784249,E4,0.9910085994374485
A0,RTH_1day,0,389,1.0002337163046005,1.0593976169652624,0.9718476280584777,E1_a_exp_L1-5,0.003373243368803091
A0,RTH_1day,0,389,1.0002337163046005,1.0593976169652624,0.9718476280584777,E1_a_exp_L1-10,-0.006207347823717891
A0,RTH_1day,0,389,1.0002337163046005,1.0593976169652624,0.9718476280584777,E1_d_model_L1-5,-0.01562808485530487
A0,RTH_1day,0,389,1.0002337163046005,1.0593976169652624,0.9718476280584777,E1_d_model_L1-10,-0.0068347457601850535
A0,RTH_1day,0,389,1.0002337163046005,1.0593976169652624,0.9718476280584777,E2,0.9949025511013089
A0,RTH_1day,0,389,1.0002337163046005,1.0593976169652624,0.9718476280584777,E4,0.9954212912138849
A0,RTH_1day,1,5,0.6617793125442323,1.5324227967893713,0.9520685930679488,E1_a_exp_L1-5,-0.004903033653480966
A0,RTH_1day,1,5,0.6617793125442323,1.5324227967893713,0.9520685930679488,E1_a_exp_L1-10,-0.007166906189603294
A0,RTH_1day,1,5,0.6617793125442323,1.5324227967893713,0.9520685930679488,E1_d_model_L1-5,0.03295832326613399
A0,RTH_1day,1,5,0.6617793125442323,1.5324227967893713,0.9520685930679488,E1_d_model_L1-10,-0.007969439135178882
A0,RTH_1day,1,5,0.6617793125442323,1.5324227967893713,0.9520685930679488,E2,0.6806858542936378
A0,RTH_1day,1,5,0.6617793125442323,1.5324227967893713,0.9520685930679488,E4,0.8447591602083306
A0,RTH_1day,1,6,0.7084758376868217,1.431418901027743,0.9527857271447294,E1_a_exp_L1-5,-0.06407099211092437
A0,RTH_1day,1,6,0.7084758376868217,1.431418901027743,0.9527857271447294,E1_a_exp_L1-10,-0.008468671856335756
A0,RTH_1day,1,6,0.7084758376868217,1.431418901027743,0.9527857271447294,E1_d_model_L1-5,0.047294442025668695
A0,RTH_1day,1,6,0.7084758376868217,1.431418901027743,0.9527857271447294,E1_d_model_L1-10,0.047359656872522304
A0,RTH_1day,1,6,0.7084758376868217,1.431418901027743,0.9527857271447294,E2,0.7199311308478831
A0,RTH_1day,1,6,0.7084758376868217,1.431418901027743,0.9527857271447294,E4,0.8470898158694826
A0,RTH_1day,1,10,0.8317338916564132,1.219291067924057,0.957198036733592,E1_a_exp_L1-5,-0.013634674224646183
A0,RTH_1day,1,10,0.8317338916564132,1.219291067924057,0.957198036733592,E1_a_exp_L1-10,-0.00727042569736887
A0,RTH_1day,1,10,0.8317338916564132,1.219291067924057,0.957198036733592,E1_d_model_L1-5,-0.16667308903587735
A0,RTH_1day,1,10,0.8317338916564132,1.219291067924057,0.957198036733592,E1_d_model_L1-10,-0.008154443801946184
A0,RTH_1day,1,10,0.8317338916564132,1.219291067924057,0.957198036733592,E2,0.8122317792397185
A0,RTH_1day,1,10,0.8317338916564132,1.219291067924057,0.957198036733592,E4,0.8733828314251283
A0,RTH_1day,1,13,0.8822309768068446,1.149501356954067,0.9657705923384949,E1_a_exp_L1-5,-0.002379534885355561
A0,RTH_1day,1,13,0.8822309768068446,1.149501356954067,0.9657705923384949,E1_a_exp_L1-10,-0.005630938828155297
A0,RTH_1day,1,13,0.8822309768068446,1.149501356954067,0.9657705923384949,E1_d_model_L1-5,-0.0025236642248932396
A0,RTH_1day,1,13,0.8822309768068446,1.149501356954067,0.9657705923384949,E1_d_model_L1-10,-0.006152423258997163
A0,RTH_1day,1,13,0.8822309768068446,1.149501356954067,0.9657705923384949,E2,0.8445381824807217
A0,RTH_1day,1,13,0.8822309768068446,1.149501356954067,0.9657705923384949,E4,0.8902323458265714
A0,RTH_1day,1,26,0.940385158137576,1.0784152601842913,0.9717179218558901,E1_a_exp_L1-5,-0.0019052475899498259
A0,RTH_1day,1,26,0.940385158137576,1.0784152601842913,0.9717179218558901,E1_a_exp_L1-10,-0.006570046893425563
A0,RTH_1day,1,26,0.940385158137576,1.0784152601842913,0.9717179218558901,E1_d_model_L1-5,-0.002033833794951993
A0,RTH_1day,1,26,0.940385158137576,1.0784152601842913,0.9717179218558901,E1_d_model_L1-10,-0.007193178138807998
A0,RTH_1day,1,26,0.940385158137576,1.0784152601842913,0.9717179218558901,E2,0.9234918318071677
A0,RTH_1day,1,26,0.940385158137576,1.0784152601842913,0.9717179218558901,E4,0.9373007449604862
A0,RTH_1day,1,78,0.9769204444021001,1.0380842276333466,0.9707795577884041,E1_a_exp_L1-5,-0.0020640269265462755
A0,RTH_1day,1,78,0.9769204444021001,1.0380842276333466,0.9707795577884041,E1_a_exp_L1-10,-0.008982209041320707
A0,RTH_1day,1,78,0.9769204444021001,1.0380842276333466,0.9707795577884041,E1_d_model_L1-5,-0.002203035025621034
A0,RTH_1day,1,78,0.9769204444021001,1.0380842276333466,0.9707795577884041,E1_d_model_L1-10,-0.009841129951288712
A0,RTH_1day,1,78,0.9769204444021001,1.0380842276333466,0.9707795577884041,E2,0.9747856086978373
A0,RTH_1day,1,78,0.9769204444021001,1.0380842276333466,0.9707795577884041,E4,0.9772272137396517
A0,RTH_1day,1,195,0.9863970228556617,1.0281110764613244,0.9710410317594593,E1_a_exp_L1-5,0.01389639594738842
A0,RTH_1day,1,195,0.9863970228556617,1.0281110764613244,0.9710410317594593,E1_a_exp_L1-10,-0.007746921477558059
A0,RTH_1day,1,195,0.9863970228556617,1.0281110764613244,0.9710410317594593,E1_d_model_L1-5,-0.0018901523165353634
A0,RTH_1day,1,195,0.9863970228556617,1.0281110764613244,0.9710410317594593,E1_d_model_L1-10,-0.008450631692867795
A0,RTH_1day,1,195,0.9863970228556617,1.0281110764613244,0.9710410317594593,E2,0.990185166844335
A0,RTH_1day,1,195,0.9863970228556617,1.0281110764613244,0.9710410317594593,E4,0.9906462614434373
A0,RTH_1day,1,389,0.9945782848752349,1.0196539783830059,0.9711865568924426,E1_a_exp_L1-5,-0.001545002565979897
A0,RTH_1day,1,389,0.9945782848752349,1.0196539783830059,0.9711865568924426,E1_a_exp_L1-10,-0.006981209442984837
A0,RTH_1day,1,389,0.9945782848752349,1.0196539783830059,0.9711865568924426,E1_d_model_L1-5,-0.0016523815361641674
A0,RTH_1day,1,389,0.9945782848752349,1.0196539783830059,0.9711865568924426,E1_d_model_L1-10,-0.007639417966278599
A0,RTH_1day,1,389,0.9945782848752349,1.0196539783830059,0.9711865568924426,E2,0.9951336261535894
A0,RTH_1day,1,389,0.9945782848752349,1.0196539783830059,0.9711865568924426,E4,0.995251580794157
A0,RTH_1day,2,5,0.6799751878763618,1.5194245868692482,0.9465840844760388,E1_a_exp_L1-5,0.015868290479959066
A0,RTH_1day,2,5,0.6799751878763618,1.5194245868692482,0.9465840844760388,E1_a_exp_L1-10,0.022621491289927572
A0,RTH_1day,2,5,0.6799751878763618,1.5194245868692482,0.9465840844760388,E1_d_model_L1-5,0.017309395883164023
A0,RTH_1day,2,5,0.6799751878763618,1.5194245868692482,0.9465840844760388,E1_d_model_L1-10,0.05163913941141376
A0,RTH_1day,2,5,0.6799751878763618,1.5194245868692482,0.9465840844760388,E2,0.6647597061332634
A0,RTH_1day,2,5,0.6799751878763618,1.5194245868692482,0.9465840844760388,E4,0.8515164881099125
A0,RTH_1day,2,6,0.7323457464581429,1.4107694677235778,0.9633180745546979,E1_a_exp_L1-5,0.024594388738654126
A0,RTH_1day,2,6,0.7323457464581429,1.4107694677235778,0.9633180745546979,E1_a_exp_L1-10,0.035098456958655995
A0,RTH_1day,2,6,0.7323457464581429,1.4107694677235778,0.9633180745546979,E1_d_model_L1-5,0.02688815328576579
A0,RTH_1day,2,6,0.7323457464581429,1.4107694677235778,0.9633180745546979,E1_d_model_L1-10,0.06157676904665882
A0,RTH_1day,2,6,0.7323457464581429,1.4107694677235778,0.9633180745546979,E2,0.7148985557239811
A0,RTH_1day,2,6,0.7323457464581429,1.4107694677235778,0.9633180745546979,E4,0.844218851403661
A0,RTH_1day,2,10,0.8103820061910922,1.2749185088356385,0.9627353900381662,E1_a_exp_L1-5,0.016419852204310977
A0,RTH_1day,2,10,0.8103820061910922,1.2749185088356385,0.9627353900381662,E1_a_exp_L1-10,0.01976276803197076
A0,RTH_1day,2,10,0.8103820061910922,1.2749185088356385,0.9627353900381662,E1_d_model_L1-5,0.01790117266503953
A0,RTH_1day,2,10,0.8103820061910922,1.2749185088356385,0.9627353900381662,E1_d_model_L1-10,0.024597937235974882
A0,RTH_1day,2,10,0.8103820061910922,1.2749185088356385,0.9627353900381662,E2,0.8198924757724576
A0,RTH_1day,2,10,0.8103820061910922,1.2749185088356385,0.9627353900381662,E4,0.8768271970823757
A0,RTH_1day,2,13,0.8532990668713194,1.2107959085301407,0.9683707548916353,E1_a_exp_L1-5,0.016297649984685917
A0,RTH_1day,2,13,0.8532990668713194,1.2107959085301407,0.9683707548916353,E1_a_exp_L1-10,0.017545606094664556
A0,RTH_1day,2,13,0.8532990668713194,1.2107959085301407,0.9683707548916353,E1_d_model_L1-5,0.01768506663938417
A0,RTH_1day,2,13,0.8532990668713194,1.2107959085301407,0.9683707548916353,E1_d_model_L1-10,0.029131143646595546
A0,RTH_1day,2,13,0.8532990668713194,1.2107959085301407,0.9683707548916353,E2,0.8632575020425153
A0,RTH_1day,2,13,0.8532990668713194,1.2107959085301407,0.9683707548916353,E4,0.897753145351163
A0,RTH_1day,2,26,0.9286849291671676,1.1125097290497807,0.9694386558682303,E1_a_exp_L1-5,0.014878544789283892
A0,RTH_1day,2,26,0.9286849291671676,1.1125097290497807,0.9694386558682303,E1_a_exp_L1-10,0.018569259950879567
A0,RTH_1day,2,26,0.9286849291671676,1.1125097290497807,0.9694386558682303,E1_d_model_L1-5,0.016263933959540223
A0,RTH_1day,2,26,0.9286849291671676,1.1125097290497807,0.9694386558682303,E1_d_model_L1-10,0.03605992414256801
A0,RTH_1day,2,26,0.9286849291671676,1.1125097290497807,0.9694386558682303,E2,0.9259304227417796
A0,RTH_1day,2,26,0.9286849291671676,1.1125097290497807,0.9694386558682303,E4,0.9395182221806383
A0,RTH_1day,2,78,0.9778806019594486,1.0565410714254302,0.9720011110167169,E1_a_exp_L1-5,0.017880291727201795
A0,RTH_1day,2,78,0.9778806019594486,1.0565410714254302,0.9720011110167169,E1_a_exp_L1-10,0.021784423332584128
A0,RTH_1day,2,78,0.9778806019594486,1.0565410714254302,0.9720011110167169,E1_d_model_L1-5,0.019571145351023434
A0,RTH_1day,2,78,0.9778806019594486,1.0565410714254302,0.9720011110167169,E1_d_model_L1-10,0.029409601939658754
A0,RTH_1day,2,78,0.9778806019594486,1.0565410714254302,0.9720011110167169,E2,0.9761842262604202
A0,RTH_1day,2,78,0.9778806019594486,1.0565410714254302,0.9720011110167169,E4,0.977601292922873
A0,RTH_1day,2,195,0.9934404332996495,1.0399929218592083,0.9712180890325036,E1_a_exp_L1-5,0.014287756686591895
A0,RTH_1day,2,195,0.9934404332996495,1.0399929218592083,0.9712180890325036,E1_a_exp_L1-10,0.013862010536963712
A0,RTH_1day,2,195,0.9934404332996495,1.0399929218592083,0.9712180890325036,E1_d_model_L1-5,0.01563958758255322
A0,RTH_1day,2,195,0.9934404332996495,1.0399929218592083,0.9712180890325036,E1_d_model_L1-10,0.01784657867032315
A0,RTH_1day,2,195,0.9934404332996495,1.0399929218592083,0.9712180890325036,E2,0.989464026808824
A0,RTH_1day,2,195,0.9934404332996495,1.0399929218592083,0.9712180890325036,E4,0.9907474764031873
A0,RTH_1day,2,389,0.995680059178617,1.0376536211568719,0.9707303395901374,E1_a_exp_L1-5,0.014347945801449243
A0,RTH_1day,2,389,0.995680059178617,1.0376536211568719,0.9707303395901374,E1_a_exp_L1-10,0.013174969960600866
A0,RTH_1day,2,389,0.995680059178617,1.0376536211568719,0.9707303395901374,E1_d_model_L1-5,0.01568285319468699
A0,RTH_1day,2,389,0.995680059178617,1.0376536211568719,0.9707303395901374,E1_d_model_L1-10,0.016674943054994614
A0,RTH_1day,2,389,0.995680059178617,1.0376536211568719,0.9707303395901374,E2,0.9952302186610581
A0,RTH_1day,2,389,0.995680059178617,1.0376536211568719,0.9707303395901374,E4,0.9953382840479332
A0,RTH_1day,3,5,0.6820654494969576,1.5357507645439834,0.9497735825772262,E1_a_exp_L1-5,-0.007627895351886865
A0,RTH_1day,3,5,0.6820654494969576,1.5357507645439834,0.9497735825772262,E1_a_exp_L1-10,-0.004872265538861289
A0,RTH_1day,3,5,0.6820654494969576,1.5357507645439834,0.9497735825772262,E1_d_model_L1-5,-0.00817460009148463
A0,RTH_1day,3,5,0.6820654494969576,1.5357507645439834,0.9497735825772262,E1_d_model_L1-10,-0.0053844948140818185
A0,RTH_1day,3,5,0.6820654494969576,1.5357507645439834,0.9497735825772262,E2,0.6687515739177305
A0,RTH_1day,3,5,0.6820654494969576,1.5357507645439834,0.9497735825772262,E4,0.8476818157925492
A0,RTH_1day,3,6,0.7310684528619145,1.4328104727175783,0.9503650283069545,E1_a_exp_L1-5,-0.009278842293742906
A0,RTH_1day,3,6,0.7310684528619145,1.4328104727175783,0.9503650283069545,E1_a_exp_L1-10,0.05732851619160939
A0,RTH_1day,3,6,0.7310684528619145,1.4328104727175783,0.9503650283069545,E1_d_model_L1-5,-0.009729241900369803
A0,RTH_1day,3,6,0.7310684528619145,1.4328104727175783,0.9503650283069545,E1_d_model_L1-10,-0.03205956871967491
A0,RTH_1day,3,6,0.7310684528619145,1.4328104727175783,0.9503650283069545,E2,0.7045611600328555
A0,RTH_1day,3,6,0.7310684528619145,1.4328104727175783,0.9503650283069545,E4,0.8559152207650093
A0,RTH_1day,3,10,0.8180808718088154,1.2804144084410078,0.9700583315725405,E1_a_exp_L1-5,-0.014635272016823232
A0,RTH_1day,3,10,0.8180808718088154,1.2804144084410078,0.9700583315725405,E1_a_exp_L1-10,-0.013372933580595847
A0,RTH_1day,3,10,0.8180808718088154,1.2804144084410078,0.9700583315725405,E1_d_model_L1-5,-0.0157712906300221
A0,RTH_1day,3,10,0.8180808718088154,1.2804144084410078,0.9700583315725405,E1_d_model_L1-10,-0.008851332755459481
A0,RTH_1day,3,10,0.8180808718088154,1.2804144084410078,0.9700583315725405,E2,0.8182171463607961
A0,RTH_1day,3,10,0.8180808718088154,1.2804144084410078,0.9700583315725405,E4,0.8791350178487575
A0,RTH_1day,3,13,0.8778441695026555,1.193244281758392,0.962877318169313,E1_a_exp_L1-5,0.07732355428615863
A0,RTH_1day,3,13,0.8778441695026555,1.193244281758392,0.962877318169313,E1_a_exp_L1-10,0.07720359032566777
A0,RTH_1day,3,13,0.8778441695026555,1.193244281758392,0.962877318169313,E1_d_model_L1-5,-0.05705284741055774
A0,RTH_1day,3,13,0.8778441695026555,1.193244281758392,0.962877318169313,E1_d_model_L1-10,-0.05701964697874837
A0,RTH_1day,3,13,0.8778441695026555,1.193244281758392,0.962877318169313,E2,0.8597410006310705
A0,RTH_1day,3,13,0.8778441695026555,1.193244281758392,0.962877318169313,E4,0.8958974732210139
A0,RTH_1day,3,26,0.9378663872594171,1.1168782139584783,0.9699276879158383,E1_a_exp_L1-5,-0.009777895772360925
A0,RTH_1day,3,26,0.9378663872594171,1.1168782139584783,0.9699276879158383,E1_a_exp_L1-10,-0.005746210775037988
A0,RTH_1day,3,26,0.9378663872594171,1.1168782139584783,0.9699276879158383,E1_d_model_L1-5,-0.01039182860038405
A0,RTH_1day,3,26,0.9378663872594171,1.1168782139584783,0.9699276879158383,E1_d_model_L1-10,-0.006344371280730627
A0,RTH_1day,3,26,0.9378663872594171,1.1168782139584783,0.9699276879158383,E2,0.9226920637158544
A0,RTH_1day,3,26,0.9378663872594171,1.1168782139584783,0.9699276879158383,E4,0.9390094538488485
A0,RTH_1day,3,78,0.97224529691027,1.0773850373592109,0.9727731007892177,E1_a_exp_L1-5,-0.01155436104805942
A0,RTH_1day,3,78,0.97224529691027,1.0773850373592109,0.9727731007892177,E1_a_exp_L1-10,-0.006930058778824535
A0,RTH_1day,3,78,0.97224529691027,1.0773850373592109,0.9727731007892177,E1_d_model_L1-5,-0.012387446830915807
A0,RTH_1day,3,78,0.97224529691027,1.0773850373592109,0.9727731007892177,E1_d_model_L1-10,-0.007695825826270543
A0,RTH_1day,3,78,0.97224529691027,1.0773850373592109,0.9727731007892177,E2,0.9768137815519771
A0,RTH_1day,3,78,0.97224529691027,1.0773850373592109,0.9727731007892177,E4,0.9781024611963414
A0,RTH_1day,3,195,0.9842910756779761,1.064199972363344,0.9703017330766108,E1_a_exp_L1-5,-0.008971608229846013
A0,RTH_1day,3,195,0.9842910756779761,1.064199972363344,0.9703017330766108,E1_a_exp_L1-10,-0.005199847103352142
A0,RTH_1day,3,195,0.9842910756779761,1.064199972363344,0.9703017330766108,E1_d_model_L1-5,-0.009503606831471691
A0,RTH_1day,3,195,0.9842910756779761,1.064199972363344,0.9703017330766108,E1_d_model_L1-10,-0.005710177132890639
A0,RTH_1day,3,195,0.9842910756779761,1.064199972363344,0.9703017330766108,E2,0.9898052497249963
A0,RTH_1day,3,195,0.9842910756779761,1.064199972363344,0.9703017330766108,E4,0.9909311410482344
A0,RTH_1day,3,389,0.9859245183694819,1.062436845841212,0.9702574371159342,E1_a_exp_L1-5,-0.008323612080645642
A0,RTH_1day,3,389,0.9859245183694819,1.062436845841212,0.9702574371159342,E1_a_exp_L1-10,-0.004832034161808523
A0,RTH_1day,3,389,0.9859245183694819,1.062436845841212,0.9702574371159342,E1_d_model_L1-5,-0.008801116251900243
A0,RTH_1day,3,389,0.9859245183694819,1.062436845841212,0.9702574371159342,E1_d_model_L1-10,-0.005297486779092726
A0,RTH_1day,3,389,0.9859245183694819,1.062436845841212,0.9702574371159342,E2,0.9950519959022541
A0,RTH_1day,3,389,0.9859245183694819,1.062436845841212,0.9702574371159342,E4,0.9954619352584517
A0,RTH_1day,4,5,0.6559451080253714,1.620454068891747,0.9476250078692968,E1_a_exp_L1-5,0.10109865187617098
A0,RTH_1day,4,5,0.6559451080253714,1.620454068891747,0.9476250078692968,E1_a_exp_L1-10,0.10088524291311105
A0,RTH_1day,4,5,0.6559451080253714,1.620454068891747,0.9476250078692968,E1_d_model_L1-5,-0.09802355224119658
A0,RTH_1day,4,5,0.6559451080253714,1.620454068891747,0.9476250078692968,E1_d_model_L1-10,-0.0978659730776625
A0,RTH_1day,4,5,0.6559451080253714,1.620454068891747,0.9476250078692968,E2,0.6830772990515926
A0,RTH_1day,4,5,0.6559451080253714,1.620454068891747,0.9476250078692968,E4,0.8563071583607893
A0,RTH_1day,4,6,0.7412481071621667,1.4339718496398226,0.9523004057774134,E1_a_exp_L1-5,0.05250156008486668
A0,RTH_1day,4,6,0.7412481071621667,1.4339718496398226,0.9523004057774134,E1_a_exp_L1-10,0.008014680405327743
A0,RTH_1day,4,6,0.7412481071621667,1.4339718496398226,0.9523004057774134,E1_d_model_L1-5,-0.0530098234745372
A0,RTH_1day,4,6,0.7412481071621667,1.4339718496398226,0.9523004057774134,E1_d_model_L1-10,0.008937458810331063
A0,RTH_1day,4,6,0.7412481071621667,1.4339718496398226,0.9523004057774134,E2,0.7161672858062295
A0,RTH_1day,4,6,0.7412481071621667,1.4339718496398226,0.9523004057774134,E4,0.8527680411968359
A0,RTH_1day,4,10,0.8311231878430142,1.27890658667331,0.9661728129135473,E1_a_exp_L1-5,0.03857638977956552
A0,RTH_1day,4,10,0.8311231878430142,1.27890658667331,0.9661728129135473,E1_a_exp_L1-10,0.005346510459924376
A0,RTH_1day,4,10,0.8311231878430142,1.27890658667331,0.9661728129135473,E1_d_model_L1-5,-0.029933081237007574
A0,RTH_1day,4,10,0.8311231878430142,1.27890658667331,0.9661728129135473,E1_d_model_L1-10,0.0059114591873870685
A0,RTH_1day,4,10,0.8311231878430142,1.27890658667331,0.9661728129135473,E2,0.832009093540367
A0,RTH_1day,4,10,0.8311231878430142,1.27890658667331,0.9661728129135473,E4,0.8802575492874644
A0,RTH_1day,4,13,0.8649909666614122,1.2288323927496196,0.9658359267764837,E1_a_exp_L1-5,-0.009594429094631011
A0,RTH_1day,4,13,0.8649909666614122,1.2288323927496196,0.9658359267764837,E1_a_exp_L1-10,-0.011442262204104447
A0,RTH_1day,4,13,0.8649909666614122,1.2288323927496196,0.9658359267764837,E1_d_model_L1-5,-0.01040781654190248
A0,RTH_1day,4,13,0.8649909666614122,1.2288323927496196,0.9658359267764837,E1_d_model_L1-10,-0.07756294059559823
A0,RTH_1day,4,13,0.8649909666614122,1.2288323927496196,0.9658359267764837,E2,0.8658854795312773
A0,RTH_1day,4,13,0.8649909666614122,1.2288323927496196,0.9658359267764837,E4,0.8993846743751532
A0,RTH_1day,4,26,0.9271620635062179,1.1464327123671418,0.9724667308798373,E1_a_exp_L1-5,-0.01470402265284902
A0,RTH_1day,4,26,0.9271620635062179,1.1464327123671418,0.9724667308798373,E1_a_exp_L1-10,-0.023433032719227184
A0,RTH_1day,4,26,0.9271620635062179,1.1464327123671418,0.9724667308798373,E1_d_model_L1-5,-0.016070201576130032
A0,RTH_1day,4,26,0.9271620635062179,1.1464327123671418,0.9724667308798373,E1_d_model_L1-10,-0.21585553899711835
A0,RTH_1day,4,26,0.9271620635062179,1.1464327123671418,0.9724667308798373,E2,0.9290505976783735
A0,RTH_1day,4,26,0.9271620635062179,1.1464327123671418,0.9724667308798373,E4,0.9409030194531557
A0,RTH_1day,4,78,0.9650067970848402,1.1014729870093345,0.9689662345784956,E1_a_exp_L1-5,-0.012652734229920427
A0,RTH_1day,4,78,0.9650067970848402,1.1014729870093345,0.9689662345784956,E1_a_exp_L1-10,-0.026714411015844448
A0,RTH_1day,4,78,0.9650067970848402,1.1014729870093345,0.9689662345784956,E1_d_model_L1-5,-0.013904513837218623
A0,RTH_1day,4,78,0.9650067970848402,1.1014729870093345,0.9689662345784956,E1_d_model_L1-10,0.16897495473292498
A0,RTH_1day,4,78,0.9650067970848402,1.1014729870093345,0.9689662345784956,E2,0.9773620894761303
A0,RTH_1day,4,78,0.9650067970848402,1.1014729870093345,0.9689662345784956,E4,0.978423435428628
A0,RTH_1day,4,195,0.9927730594668115,1.0706665628499394,0.9714089524170146,E1_a_exp_L1-5,-0.01165602774979383
A0,RTH_1day,4,195,0.9927730594668115,1.0706665628499394,0.9714089524170146,E1_a_exp_L1-10,-0.021838535594105393
A0,RTH_1day,4,195,0.9927730594668115,1.0706665628499394,0.9714089524170146,E1_d_model_L1-5,-0.01278360804869891
A0,RTH_1day,4,195,0.9927730594668115,1.0706665628499394,0.9714089524170146,E1_d_model_L1-10,0.366761140425277
A0,RTH_1day,4,195,0.9927730594668115,1.0706665628499394,0.9714089524170146,E2,0.9900166205277376
A0,RTH_1day,4,195,0.9927730594668115,1.0706665628499394,0.9714089524170146,E4,0.9910082992739869
A0,RTH_1day,4,389,0.9981044158764308,1.0649476170646903,0.9713849150161094,E1_a_exp_L1-5,-0.011232954239962721
A0,RTH_1day,4,389,0.9981044158764308,1.0649476170646903,0.9713849150161094,E1_a_exp_L1-10,-0.020612971780299243
A0,RTH_1day,4,389,0.9981044158764308,1.0649476170646903,0.9713849150161094,E1_d_model_L1-5,-0.012314178580891427
A0,RTH_1day,4,389,0.9981044158764308,1.0649476170646903,0.9713849150161094,E1_d_model_L1-10,0.300079956264166
A0,RTH_1day,4,389,0.9981044158764308,1.0649476170646903,0.9713849150161094,E2,0.9951597896207792
A0,RTH_1day,4,389,0.9981044158764308,1.0649476170646903,0.9713849150161094,E4,0.9954485960450267
A0,GLOBEX_1day,0,5,0.6817108818996938,1.555221806942223,0.947554573631641,E1_a_exp_L1-5,0.004530231266767858
A0,GLOBEX_1day,0,5,0.6817108818996938,1.555221806942223,0.947554573631641,E1_a_exp_L1-10,-0.0021759062669387736
A0,GLOBEX_1day,0,5,0.6817108818996938,1.555221806942223,0.947554573631641,E1_d_model_L1-5,0.004847103018509387
A0,GLOBEX_1day,0,5,0.6817108818996938,1.555221806942223,0.947554573631641,E1_d_model_L1-10,-0.0023461761505254855
A0,GLOBEX_1day,0,5,0.6817108818996938,1.555221806942223,0.947554573631641,E2,0.686005142265477
A0,GLOBEX_1day,0,5,0.6817108818996938,1.555221806942223,0.947554573631641,E4,0.8490717046582964
A0,GLOBEX_1day,0,6,0.721182288423432,1.4701021455725627,0.9533595670091947,E1_a_exp_L1-5,-0.02360800486330808
A0,GLOBEX_1day,0,6,0.721182288423432,1.4701021455725627,0.9533595670091947,E1_a_exp_L1-10,-0.016109663829630343
A0,GLOBEX_1day,0,6,0.721182288423432,1.4701021455725627,0.9533595670091947,E1_d_model_L1-5,-0.07320622489796363
A0,GLOBEX_1day,0,6,0.721182288423432,1.4701021455725627,0.9533595670091947,E1_d_model_L1-10,-0.0446868362535074
A0,GLOBEX_1day,0,6,0.721182288423432,1.4701021455725627,0.9533595670091947,E2,0.7245055584784479
A0,GLOBEX_1day,0,6,0.721182288423432,1.4701021455725627,0.9533595670091947,E4,0.8547082639479239
A0,GLOBEX_1day,0,10,0.8330407525661525,1.272700796802886,0.966789271893323,E1_a_exp_L1-5,-0.050574059070413145
A0,GLOBEX_1day,0,10,0.8330407525661525,1.272700796802886,0.966789271893323,E1_a_exp_L1-10,-0.005810241829861431
A0,GLOBEX_1day,0,10,0.8330407525661525,1.272700796802886,0.966789271893323,E1_d_model_L1-5,0.03457057225555029
A0,GLOBEX_1day,0,10,0.8330407525661525,1.272700796802886,0.966789271893323,E1_d_model_L1-10,-0.006489980088622176
A0,GLOBEX_1day,0,10,0.8330407525661525,1.272700796802886,0.966789271893323,E2,0.8302046861819383
A0,GLOBEX_1day,0,10,0.8330407525661525,1.272700796802886,0.966789271893323,E4,0.878855168039995
A0,GLOBEX_1day,0,12,0.8526018624816406,1.2435014233657602,0.9648562468405726,E1_a_exp_L1-5,-0.05635944158884304
A0,GLOBEX_1day,0,12,0.8526018624816406,1.2435014233657602,0.9648562468405726,E1_a_exp_L1-10,-0.05439900910782757
A0,GLOBEX_1day,0,12,0.8526018624816406,1.2435014233657602,0.9648562468405726,E1_d_model_L1-5,0.11661319421483178
A0,GLOBEX_1day,0,12,0.8526018624816406,1.2435014233657602,0.9648562468405726,E1_d_model_L1-10,0.2845671449928425
A0,GLOBEX_1day,0,12,0.8526018624816406,1.2435014233657602,0.9648562468405726,E2,0.8531750696645938
A0,GLOBEX_1day,0,12,0.8526018624816406,1.2435014233657602,0.9648562468405726,E4,0.8910669268437476
A0,GLOBEX_1day,0,23,0.9167400026864332,1.1565019814269617,0.9686605993486327,E1_a_exp_L1-5,-0.020481692185417382
A0,GLOBEX_1day,0,23,0.9167400026864332,1.1565019814269617,0.9686605993486327,E1_a_exp_L1-10,-0.004936919648190507
A0,GLOBEX_1day,0,23,0.9167400026864332,1.1565019814269617,0.9686605993486327,E1_d_model_L1-5,0.46238340613057655
A0,GLOBEX_1day,0,23,0.9167400026864332,1.1565019814269617,0.9686605993486327,E1_d_model_L1-10,-0.010655458411114982
A0,GLOBEX_1day,0,23,0.9167400026864332,1.1565019814269617,0.9686605993486327,E2,0.9194941322485102
A0,GLOBEX_1day,0,23,0.9167400026864332,1.1565019814269617,0.9686605993486327,E4,0.9344750551747368
A0,GLOBEX_1day,0,46,0.9619136652080775,1.1021900071779074,0.9729592992626434,E1_a_exp_L1-5,0.0031439632897605537
A0,GLOBEX_1day,0,46,0.9619136652080775,1.1021900071779074,0.9729592992626434,E1_a_exp_L1-10,-0.005750987183823007
A0,GLOBEX_1day,0,46,0.9619136652080775,1.1021900071779074,0.9729592992626434,E1_d_model_L1-5,-0.014942862804621914
A0,GLOBEX_1day,0,46,0.9619136652080775,1.1021900071779074,0.9729592992626434,E1_d_model_L1-10,-0.006302624144138922
A0,GLOBEX_1day,0,46,0.9619136652080775,1.1021900071779074,0.9729592992626434,E2,0.9586846191323741
A0,GLOBEX_1day,0,46,0.9619136652080775,1.1021900071779074,0.9729592992626434,E4,0.9642205050138504
A0,GLOBEX_1day,0,138,0.9900372728015377,1.0708805200435596,0.9708049502368855,E1_a_exp_L1-5,0.00401307278862947
A0,GLOBEX_1day,0,138,0.9900372728015377,1.0708805200435596,0.9708049502368855,E1_a_exp_L1-10,-0.004818361789209166
A0,GLOBEX_1day,0,138,0.9900372728015377,1.0708805200435596,0.9708049502368855,E1_d_model_L1-5,-0.02989387993835081
A0,GLOBEX_1day,0,138,0.9900372728015377,1.0708805200435596,0.9708049502368855,E1_d_model_L1-10,-0.005252445319283015
A0,GLOBEX_1day,0,138,0.9900372728015377,1.0708805200435596,0.9708049502368855,E2,0.9870005226217287
A0,GLOBEX_1day,0,138,0.9900372728015377,1.0708805200435596,0.9708049502368855,E4,0.9873500584433913
A0,GLOBEX_1day,0,345,0.9961701763519601,1.0642876636226775,0.9711301675922227,E1_a_exp_L1-5,0.0031998363991418617
A0,GLOBEX_1day,0,345,0.9961701763519601,1.0642876636226775,0.9711301675922227,E1_a_exp_L1-10,-0.005738700082985777
A0,GLOBEX_1day,0,345,0.9961701763519601,1.0642876636226775,0.9711301675922227,E1_d_model_L1-5,-0.020276177872719146
A0,GLOBEX_1day,0,345,0.9961701763519601,1.0642876636226775,0.9711301675922227,E1_d_model_L1-10,-0.006312161120788849
A0,GLOBEX_1day,0,345,0.9961701763519601,1.0642876636226775,0.9711301675922227,E2,0.9942825843246507
A0,GLOBEX_1day,0,345,0.9961701763519601,1.0642876636226775,0.9711301675922227,E4,0.994878914274856
A0,GLOBEX_1day,0,1379,0.999740896203085,1.0604864056144896,0.9711556832468681,E1_a_exp_L1-5,0.002423670593534019
A0,GLOBEX_1day,0,1379,0.999740896203085,1.0604864056144896,0.9711556832468681,E1_a_exp_L1-10,-0.006206237074747114
A0,GLOBEX_1day,0,1379,0.999740896203085,1.0604864056144896,0.9711556832468681,E1_d_model_L1-5,-0.019023727992420622
A0,GLOBEX_1day,0,1379,0.999740896203085,1.0604864056144896,0.9711556832468681,E1_d_model_L1-10,-0.006844901045081845
A0,GLOBEX_1day,0,1379,0.999740896203085,1.0604864056144896,0.9711556832468681,E2,0.9986339721437715
A0,GLOBEX_1day,0,1379,0.999740896203085,1.0604864056144896,0.9711556832468681,E4,0.998709119376699
A0,GLOBEX_1day,1,5,0.6664589712934926,1.5200359539989952,0.9451789210610462,E1_a_exp_L1-5,-0.005445627862006724
A0,GLOBEX_1day,1,5,0.6664589712934926,1.5200359539989952,0.9451789210610462,E1_a_exp_L1-10,-0.00694110278817704
A0,GLOBEX_1day,1,5,0.6664589712934926,1.5200359539989952,0.9451789210610462,E1_d_model_L1-5,-0.005812403371911096
A0,GLOBEX_1day,1,5,0.6664589712934926,1.5200359539989952,0.9451789210610462,E1_d_model_L1-10,-0.007645733074572237
A0,GLOBEX_1day,1,5,0.6664589712934926,1.5200359539989952,0.9451789210610462,E2,0.6600869697859177
A0,GLOBEX_1day,1,5,0.6664589712934926,1.5200359539989952,0.9451789210610462,E4,0.8447087451113819
A0,GLOBEX_1day,1,6,0.7101626842989613,1.4264922962424016,0.9453451819804363,E1_a_exp_L1-5,-0.003816309009032171
A0,GLOBEX_1day,1,6,0.7101626842989613,1.4264922962424016,0.9453451819804363,E1_a_exp_L1-10,-0.005294867913660335
A0,GLOBEX_1day,1,6,0.7101626842989613,1.4264922962424016,0.9453451819804363,E1_d_model_L1-5,-0.004142396747640649
A0,GLOBEX_1day,1,6,0.7101626842989613,1.4264922962424016,0.9453451819804363,E1_d_model_L1-10,-0.005826741995587381
A0,GLOBEX_1day,1,6,0.7101626842989613,1.4264922962424016,0.9453451819804363,E2,0.7209881582588695
A0,GLOBEX_1day,1,6,0.7101626842989613,1.4264922962424016,0.9453451819804363,E4,0.8481551340632167
A0,GLOBEX_1day,1,10,0.8412347442223315,1.2042317619296456,0.9652515111307705,E1_a_exp_L1-5,0.01864008860270564
A0,GLOBEX_1day,1,10,0.8412347442223315,1.2042317619296456,0.9652515111307705,E1_a_exp_L1-10,-0.005260920904619438
A0,GLOBEX_1day,1,10,0.8412347442223315,1.2042317619296456,0.9652515111307705,E1_d_model_L1-5,-0.013056128264184336
A0,GLOBEX_1day,1,10,0.8412347442223315,1.2042317619296456,0.9652515111307705,E1_d_model_L1-10,-0.005730969908797972
A0,GLOBEX_1day,1,10,0.8412347442223315,1.2042317619296456,0.9652515111307705,E2,0.8173141101394564
A0,GLOBEX_1day,1,10,0.8412347442223315,1.2042317619296456,0.9652515111307705,E4,0.8692245821610196
A0,GLOBEX_1day,1,12,0.8527999795800257,1.1879005892216141,0.9705776907203081,E1_a_exp_L1-5,-0.005004055880097138
A0,GLOBEX_1day,1,12,0.8527999795800257,1.1879005892216141,0.9705776907203081,E1_a_exp_L1-10,-0.006655148495511426
A0,GLOBEX_1day,1,12,0.8527999795800257,1.1879005892216141,0.9705776907203081,E1_d_model_L1-5,-0.005383628171416552
A0,GLOBEX_1day,1,12,0.8527999795800257,1.1879005892216141,0.9705776907203081,E1_d_model_L1-10,-0.0073602244419702905
A0,GLOBEX_1day,1,12,0.8527999795800257,1.1879005892216141,0.9705776907203081,E2,0.8459997927720883
A0,GLOBEX_1day,1,12,0.8527999795800257,1.1879005892216141,0.9705776907203081,E4,0.8872552870924562
A0,GLOBEX_1day,1,23,0.9222446310065797,1.0984521505163043,0.9621239197828715,E1_a_exp_L1-5,0.028004979760243815
A0,GLOBEX_1day,1,23,0.9222446310065797,1.0984521505163043,0.9621239197828715,E1_a_exp_L1-10,-0.003884718755913958
A0,GLOBEX_1day,1,23,0.9222446310065797,1.0984521505163043,0.9621239197828715,E1_d_model_L1-5,-0.029632446072548363
A0,GLOBEX_1day,1,23,0.9222446310065797,1.0984521505163043,0.9621239197828715,E1_d_model_L1-10,-0.004138635186911821
A0,GLOBEX_1day,1,23,0.9222446310065797,1.0984521505163043,0.9621239197828715,E2,0.9159878677564242
A0,GLOBEX_1day,1,23,0.9222446310065797,1.0984521505163043,0.9621239197828715,E4,0.9310694941308074
A0,GLOBEX_1day,1,46,0.959419352314581,1.0558903109337427,0.9699358262744009,E1_a_exp_L1-5,0.013637291581634509
A0,GLOBEX_1day,1,46,0.959419352314581,1.0558903109337427,0.9699358262744009,E1_a_exp_L1-10,-0.005310866873988631
A0,GLOBEX_1day,1,46,0.959419352314581,1.0558903109337427,0.9699358262744009,E1_d_model_L1-5,-0.01734653552533605
A0,GLOBEX_1day,1,46,0.959419352314581,1.0558903109337427,0.9699358262744009,E1_d_model_L1-10,-0.005762354384674517
A0,GLOBEX_1day,1,46,0.959419352314581,1.0558903109337427,0.9699358262744009,E2,0.9544453983979164
A0,GLOBEX_1day,1,46,0.959419352314581,1.0558903109337427,0.9699358262744009,E4,0.9624465383868523
A0,GLOBEX_1day,1,138,0.9862923348602186,1.0271210293597846,0.9699514006081984,E1_a_exp_L1-5,-0.0033822661419558825
A0,GLOBEX_1day,1,138,0.9862923348602186,1.0271210293597846,0.9699514006081984,E1_a_exp_L1-10,-0.006568941754237199
A0,GLOBEX_1day,1,138,0.9862923348602186,1.0271210293597846,0.9699514006081984,E1_d_model_L1-5,-0.003581697698848587
A0,GLOBEX_1day,1,138,0.9862923348602186,1.0271210293597846,0.9699514006081984,E1_d_model_L1-10,-0.007194111179849443
A0,GLOBEX_1day,1,138,0.9862923348602186,1.0271210293597846,0.9699514006081984,E2,0.9856593467282101
A0,GLOBEX_1day,1,138,0.9862923348602186,1.0271210293597846,0.9699514006081984,E4,0.9868699724831826
A0,GLOBEX_1day,1,345,0.9958580801674888,1.01725498683599,0.9703296560039134,E1_a_exp_L1-5,-0.004439960406718223
A0,GLOBEX_1day,1,345,0.9958580801674888,1.01725498683599,0.9703296560039134,E1_a_exp_L1-10,-0.008191774899694141
A0,GLOBEX_1day,1,345,0.9958580801674888,1.01725498683599,0.9703296560039134,E1_d_model_L1-5,-0.0047371042663152335
A0,GLOBEX_1day,1,345,0.9958580801674888,1.01725498683599,0.9703296560039134,E1_d_model_L1-10,-0.008986010126208564
A0,GLOBEX_1day,1,345,0.9958580801674888,1.01725498683599,0.9703296560039134,E2,0.9943163753450037
A0,GLOBEX_1day,1,345,0.9958580801674888,1.01725498683599,0.9703296560039134,E4,0.9946252900823382
A0,GLOBEX_1day,1,1379,0.9993718033630016,1.013678387585372,0.9712234153493895,E1_a_exp_L1-5,-0.004136355200573619
A0,GLOBEX_1day,1,1379,0.9993718033630016,1.013678387585372,0.9712234153493895,E1_a_exp_L1-10,-0.008273436570660264
A0,GLOBEX_1day,1,1379,0.9993718033630016,1.013678387585372,0.9712234153493895,E1_d_model_L1-5,-0.004439776283887468
A0,GLOBEX_1day,1,1379,0.9993718033630016,1.013678387585372,0.9712234153493895,E1_d_model_L1-10,-0.00908873080982441
A0,GLOBEX_1day,1,1379,0.9993718033630016,1.013678387585372,0.9712234153493895,E2,0.9984657110785001
A0,GLOBEX_1day,1,1379,0.9993718033630016,1.013678387585372,0.9712234153493895,E4,0.9986500527719683
A0,GLOBEX_1day,2,5,0.6651979644153315,1.5635989774386765,0.9482168448202902,E1_a_exp_L1-5,0.0076840364178016405
A0,GLOBEX_1day,2,5,0.6651979644153315,1.5635989774386765,0.9482168448202902,E1_a_exp_L1-10,0.007107360047967683
A0,GLOBEX_1day,2,5,0.6651979644153315,1.5635989774386765,0.9482168448202902,E1_d_model_L1-5,0.006162311231279059
A0,GLOBEX_1day,2,5,0.6651979644153315,1.5635989774386765,0.9482168448202902,E1_d_model_L1-10,0.007909417798473041
A0,GLOBEX_1day,2,5,0.6651979644153315,1.5635989774386765,0.9482168448202902,E2,0.6809489344997454
A0,GLOBEX_1day,2,5,0.6651979644153315,1.5635989774386765,0.9482168448202902,E4,0.8548377764670039
A0,GLOBEX_1day,2,6,0.7149056533813588,1.454881286830823,0.956508089220667,E1_a_exp_L1-5,-0.021382629887978462
A0,GLOBEX_1day,2,6,0.7149056533813588,1.454881286830823,0.956508089220667,E1_a_exp_L1-10,0.0072475300040326564
A0,GLOBEX_1day,2,6,0.7149056533813588,1.454881286830823,0.956508089220667,E1_d_model_L1-5,0.015641890730270953
A0,GLOBEX_1day,2,6,0.7149056533813588,1.454881286830823,0.956508089220667,E1_d_model_L1-10,0.007880489986065685
A0,GLOBEX_1day,2,6,0.7149056533813588,1.454881286830823,0.956508089220667,E2,0.7302951800600138
A0,GLOBEX_1day,2,6,0.7149056533813588,1.454881286830823,0.956508089220667,E4,0.8506431189638143
A0,GLOBEX_1day,2,10,0.8038786793351727,1.2938555079160603,0.9683723519378471,E1_a_exp_L1-5,0.011492174837059232
A0,GLOBEX_1day,2,10,0.8038786793351727,1.2938555079160603,0.9683723519378471,E1_a_exp_L1-10,0.009635262769919365
A0,GLOBEX_1day,2,10,0.8038786793351727,1.2938555079160603,0.9683723519378471,E1_d_model_L1-5,0.012427842596460634
A0,GLOBEX_1day,2,10,0.8038786793351727,1.2938555079160603,0.9683723519378471,E1_d_model_L1-10,0.010725023050983
A0,GLOBEX_1day,2,10,0.8038786793351727,1.2938555079160603,0.9683723519378471,E2,0.8290270174177623
A0,GLOBEX_1day,2,10,0.8038786793351727,1.2938555079160603,0.9683723519378471,E4,0.878887172412534
A0,GLOBEX_1day,2,12,0.8378454729948772,1.2414017745256243,0.9658903263421961,E1_a_exp_L1-5,0.018967877687183846
A0,GLOBEX_1day,2,12,0.8378454729948772,1.2414017745256243,0.9658903263421961,E1_a_exp_L1-10,0.018902423086864444
A0,GLOBEX_1day,2,12,0.8378454729948772,1.2414017745256243,0.9658903263421961,E1_d_model_L1-5,0.02094221230536244
A0,GLOBEX_1day,2,12,0.8378454729948772,1.2414017745256243,0.9658903263421961,E1_d_model_L1-10,0.02985310101152509
A0,GLOBEX_1day,2,12,0.8378454729948772,1.2414017745256243,0.9658903263421961,E2,0.8464526810253659
A0,GLOBEX_1day,2,12,0.8378454729948772,1.2414017745256243,0.9658903263421961,E4,0.8926714057892988
A0,GLOBEX_1day,2,23,0.9185945393901884,1.132276333413191,0.9705542107861633,E1_a_exp_L1-5,0.014099961330475702
A0,GLOBEX_1day,2,23,0.9185945393901884,1.132276333413191,0.9705542107861633,E1_a_exp_L1-10,0.0170319700764044
A0,GLOBEX_1day,2,23,0.9185945393901884,1.132276333413191,0.9705542107861633,E1_d_model_L1-5,0.015411440127198174
A0,GLOBEX_1day,2,23,0.9185945393901884,1.132276333413191,0.9705542107861633,E1_d_model_L1-10,0.024413106492293876
A0,GLOBEX_1day,2,23,0.9185945393901884,1.132276333413191,0.9705542107861633,E2,0.9175932723570319
A0,GLOBEX_1day,2,23,0.9185945393901884,1.132276333413191,0.9705542107861633,E4,0.9334697467369434
A0,GLOBEX_1day,2,46,0.9617835012668281,1.081431377835151,0.9734170698833106,E1_a_exp_L1-5,0.017643212490793553
A0,GLOBEX_1day,2,46,0.9617835012668281,1.081431377835151,0.9734170698833106,E1_a_exp_L1-10,0.017643628467052336
A0,GLOBEX_1day,2,46,0.9617835012668281,1.081431377835151,0.9734170698833106,E1_d_model_L1-5,0.019269070987662167
A0,GLOBEX_1day,2,46,0.9617835012668281,1.081431377835151,0.9734170698833106,E1_d_model_L1-10,0.020428267855886126
A0,GLOBEX_1day,2,46,0.9617835012668281,1.081431377835151,0.9734170698833106,E2,0.9558868455160897
A0,GLOBEX_1day,2,46,0.9617835012668281,1.081431377835151,0.9734170698833106,E4,0.9637232253188491
A0,GLOBEX_1day,2,138,0.9917016804852673,1.0488061857928386,0.9709556336329953,E1_a_exp_L1-5,0.017212681564452364
A0,GLOBEX_1day,2,138,0.9917016804852673,1.0488061857928386,0.9709556336329953,E1_a_exp_L1-10,0.01274406982238869
A0,GLOBEX_1day,2,138,0.9917016804852673,1.0488061857928386,0.9709556336329953,E1_d_model_L1-5,0.018713016728895318
A0,GLOBEX_1day,2,138,0.9917016804852673,1.0488061857928386,0.9709556336329953,E1_d_model_L1-10,0.013177624360396812
A0,GLOBEX_1day,2,138,0.9917016804852673,1.0488061857928386,0.9709556336329953,E2,0.985430808072115
A0,GLOBEX_1day,2,138,0.9917016804852673,1.0488061857928386,0.9709556336329953,E4,0.9871246558383238
A0,GLOBEX_1day,2,345,0.9944024888563723,1.0459576163674809,0.972589051737834,E1_a_exp_L1-5,0.01776325372593113
A0,GLOBEX_1day,2,345,0.9944024888563723,1.0459576163674809,0.972589051737834,E1_a_exp_L1-10,0.014924187024881243
A0,GLOBEX_1day,2,345,0.9944024888563723,1.0459576163674809,0.972589051737834,E1_d_model_L1-5,0.019309306737016686
A0,GLOBEX_1day,2,345,0.9944024888563723,1.0459576163674809,0.972589051737834,E1_d_model_L1-10,0.013389351921242234
A0,GLOBEX_1day,2,345,0.9944024888563723,1.0459576163674809,0.972589051737834,E2,0.9944526456038171
A0,GLOBEX_1day,2,345,0.9944024888563723,1.0459576163674809,0.972589051737834,E4,0.9947859979858045
A0,GLOBEX_1day,2,1379,0.9972547553467447,1.0429660539371994,0.9710766506700302,E1_a_exp_L1-5,0.01628820372251221
A0,GLOBEX_1day,2,1379,0.9972547553467447,1.0429660539371994,0.9710766506700302,E1_a_exp_L1-10,0.013113654537637649
A0,GLOBEX_1day,2,1379,0.9972547553467447,1.0429660539371994,0.9710766506700302,E1_d_model_L1-5,0.017713583385249587
A0,GLOBEX_1day,2,1379,0.9972547553467447,1.0429660539371994,0.9710766506700302,E1_d_model_L1-10,0.011782781378363721
A0,GLOBEX_1day,2,1379,0.9972547553467447,1.0429660539371994,0.9710766506700302,E2,0.9986339541959407
A0,GLOBEX_1day,2,1379,0.9972547553467447,1.0429660539371994,0.9710766506700302,E4,0.9986865525113602
A0,GLOBEX_1day,3,5,0.6929702987751125,1.5135644806601474,0.9418586264861836,E1_a_exp_L1-5,-0.014024709037898627
A0,GLOBEX_1day,3,5,0.6929702987751125,1.5135644806601474,0.9418586264861836,E1_a_exp_L1-10,-0.017969356097592478
A0,GLOBEX_1day,3,5,0.6929702987751125,1.5135644806601474,0.9418586264861836,E1_d_model_L1-5,-0.015280383748745659
A0,GLOBEX_1day,3,5,0.6929702987751125,1.5135644806601474,0.9418586264861836,E1_d_model_L1-10,-0.05063581469015959
A0,GLOBEX_1day,3,5,0.6929702987751125,1.5135644806601474,0.9418586264861836,E2,0.6962298175320639
A0,GLOBEX_1day,3,5,0.6929702987751125,1.5135644806601474,0.9418586264861836,E4,0.8516654478930228
A0,GLOBEX_1day,3,6,0.7199435771308109,1.4568575423069405,0.9464908292201765,E1_a_exp_L1-5,-0.00857505373145066
A0,GLOBEX_1day,3,6,0.7199435771308109,1.4568575423069405,0.9464908292201765,E1_a_exp_L1-10,-0.010144355178098412
A0,GLOBEX_1day,3,6,0.7199435771308109,1.4568575423069405,0.9464908292201765,E1_d_model_L1-5,-0.009186008283970272
A0,GLOBEX_1day,3,6,0.7199435771308109,1.4568575423069405,0.9464908292201765,E1_d_model_L1-10,-0.2232713045751613
A0,GLOBEX_1day,3,6,0.7199435771308109,1.4568575423069405,0.9464908292201765,E2,0.7277500278063387
A0,GLOBEX_1day,3,6,0.7199435771308109,1.4568575423069405,0.9464908292201765,E4,0.8509589994942791
A0,GLOBEX_1day,3,10,0.833469563140651,1.2584205551864434,0.9676446969109438,E1_a_exp_L1-5,-0.00799682212577989
A0,GLOBEX_1day,3,10,0.833469563140651,1.2584205551864434,0.9676446969109438,E1_a_exp_L1-10,-0.0072274305531287945
A0,GLOBEX_1day,3,10,0.833469563140651,1.2584205551864434,0.9676446969109438,E1_d_model_L1-5,-0.0086722036906036
A0,GLOBEX_1day,3,10,0.833469563140651,1.2584205551864434,0.9676446969109438,E1_d_model_L1-10,0.007831215807597873
A0,GLOBEX_1day,3,10,0.833469563140651,1.2584205551864434,0.9676446969109438,E2,0.8342536827396039
A0,GLOBEX_1day,3,10,0.833469563140651,1.2584205551864434,0.9676446969109438,E4,0.8765614810417772
A0,GLOBEX_1day,3,12,0.8640445811381633,1.2138901779776863,0.9647631697719108,E1_a_exp_L1-5,-0.010006383314105088
A0,GLOBEX_1day,3,12,0.8640445811381633,1.2138901779776863,0.9647631697719108,E1_a_exp_L1-10,-0.006841027003013272
A0,GLOBEX_1day,3,12,0.8640445811381633,1.2138901779776863,0.9647631697719108,E1_d_model_L1-5,-0.01081781662728815
A0,GLOBEX_1day,3,12,0.8640445811381633,1.2138901779776863,0.9647631697719108,E1_d_model_L1-10,-0.005438848070715816
A0,GLOBEX_1day,3,12,0.8640445811381633,1.2138901779776863,0.9647631697719108,E2,0.8536478540654564
A0,GLOBEX_1day,3,12,0.8640445811381633,1.2138901779776863,0.9647631697719108,E4,0.8899838670141327
A0,GLOBEX_1day,3,23,0.9211535976195047,1.1386322900860066,0.9716611495641118,E1_a_exp_L1-5,0.053924368578593895
A0,GLOBEX_1day,3,23,0.9211535976195047,1.1386322900860066,0.9716611495641118,E1_a_exp_L1-10,0.053881952011912086
A0,GLOBEX_1day,3,23,0.9211535976195047,1.1386322900860066,0.9716611495641118,E1_d_model_L1-5,-0.040442610183266926
A0,GLOBEX_1day,3,23,0.9211535976195047,1.1386322900860066,0.9716611495641118,E1_d_model_L1-10,-0.04045960490028935
A0,GLOBEX_1day,3,23,0.9211535976195047,1.1386322900860066,0.9716611495641118,E2,0.9202987417243772
A0,GLOBEX_1day,3,23,0.9211535976195047,1.1386322900860066,0.9716611495641118,E4,0.9333063726504048
A0,GLOBEX_1day,3,46,0.959857688843434,1.092719517246627,0.9692560810323079,E1_a_exp_L1-5,-0.00976753489803779
A0,GLOBEX_1day,3,46,0.959857688843434,1.092719517246627,0.9692560810323079,E1_a_exp_L1-10,0.043694068511451384
A0,GLOBEX_1day,3,46,0.959857688843434,1.092719517246627,0.9692560810323079,E1_d_model_L1-5,-0.010400247629989326
A0,GLOBEX_1day,3,46,0.959857688843434,1.092719517246627,0.9692560810323079,E1_d_model_L1-10,-0.03731271182565062
A0,GLOBEX_1day,3,46,0.959857688843434,1.092719517246627,0.9692560810323079,E2,0.9580357317544705
A0,GLOBEX_1day,3,46,0.959857688843434,1.092719517246627,0.9692560810323079,E4,0.9640444477854582
A0,GLOBEX_1day,3,138,0.994400754513751,1.0547610966881626,0.9708404848649632,E1_a_exp_L1-5,-0.010843705792982765
A0,GLOBEX_1day,3,138,0.994400754513751,1.0547610966881626,0.9708404848649632,E1_a_exp_L1-10,0.05237981659560312
A0,GLOBEX_1day,3,138,0.994400754513751,1.0547610966881626,0.9708404848649632,E1_d_model_L1-5,-0.011517271723971063
A0,GLOBEX_1day,3,138,0.994400754513751,1.0547610966881626,0.9708404848649632,E1_d_model_L1-10,-0.040700240887109135
A0,GLOBEX_1day,3,138,0.994400754513751,1.0547610966881626,0.9708404848649632,E2,0.9863276886999233
A0,GLOBEX_1day,3,138,0.994400754513751,1.0547610966881626,0.9708404848649632,E4,0.9870991832676073
A0,GLOBEX_1day,3,345,0.9943590134361928,1.054805373316772,0.9714256112929426,E1_a_exp_L1-5,0.055258886356078805
A0,GLOBEX_1day,3,345,0.9943590134361928,1.054805373316772,0.9714256112929426,E1_a_exp_L1-10,0.05520777122515342
A0,GLOBEX_1day,3,345,0.9943590134361928,1.054805373316772,0.9714256112929426,E1_d_model_L1-5,-0.037549562685683685
A0,GLOBEX_1day,3,345,0.9943590134361928,1.054805373316772,0.9714256112929426,E1_d_model_L1-10,-0.037557550857901606
A0,GLOBEX_1day,3,345,0.9943590134361928,1.054805373316772,0.9714256112929426,E2,0.9942443851075824
A0,GLOBEX_1day,3,345,0.9943590134361928,1.054805373316772,0.9714256112929426,E4,0.994837452908468
A0,GLOBEX_1day,3,1379,0.9985339991029328,1.0503951105528058,0.9707556504697309,E1_a_exp_L1-5,0.05303824587324059
A0,GLOBEX_1day,3,1379,0.9985339991029328,1.0503951105528058,0.9707556504697309,E1_a_exp_L1-10,0.05300468601331798
A0,GLOBEX_1day,3,1379,0.9985339991029328,1.0503951105528058,0.9707556504697309,E1_d_model_L1-5,-0.03492992127920086
A0,GLOBEX_1day,3,1379,0.9985339991029328,1.0503951105528058,0.9707556504697309,E1_d_model_L1-10,-0.03493478022493702
A0,GLOBEX_1day,3,1379,0.9985339991029328,1.0503951105528058,0.9707556504697309,E2,0.9986821099476542
A0,GLOBEX_1day,3,1379,0.9985339991029328,1.0503951105528058,0.9707556504697309,E4,0.9986982685252568
A0,GLOBEX_1day,4,5,0.6829914891271287,1.550224620467834,0.95333523876213,E1_a_exp_L1-5,-0.010714620495694245
A0,GLOBEX_1day,4,5,0.6829914891271287,1.550224620467834,0.95333523876213,E1_a_exp_L1-10,0.006097216262717883
A0,GLOBEX_1day,4,5,0.6829914891271287,1.550224620467834,0.95333523876213,E1_d_model_L1-5,0.0017086082407189744
A0,GLOBEX_1day,4,5,0.6829914891271287,1.550224620467834,0.95333523876213,E1_d_model_L1-10,0.00665007133300945
A0,GLOBEX_1day,4,5,0.6829914891271287,1.550224620467834,0.95333523876213,E2,0.6725302608957832
A0,GLOBEX_1day,4,5,0.6829914891271287,1.550224620467834,0.95333523876213,E4,0.849334485461216
A0,GLOBEX_1day,4,6,0.732302998682361,1.4458362507322162,0.9563142373461776,E1_a_exp_L1-5,0.04933726473119331
A0,GLOBEX_1day,4,6,0.732302998682361,1.4458362507322162,0.9563142373461776,E1_a_exp_L1-10,0.007944034992162284
A0,GLOBEX_1day,4,6,0.732302998682361,1.4458362507322162,0.9563142373461776,E1_d_model_L1-5,-0.040007486426040566
A0,GLOBEX_1day,4,6,0.732302998682361,1.4458362507322162,0.9563142373461776,E1_d_model_L1-10,0.008843673255346548
A0,GLOBEX_1day,4,6,0.732302998682361,1.4458362507322162,0.9563142373461776,E2,0.7480215917000814
A0,GLOBEX_1day,4,6,0.732302998682361,1.4458362507322162,0.9563142373461776,E4,0.8481898904221528
A0,GLOBEX_1day,4,10,0.8286943267034933,1.2776607584930395,0.9696385585920778,E1_a_exp_L1-5,0.018505184945768822
A0,GLOBEX_1day,4,10,0.8286943267034933,1.2776607584930395,0.9696385585920778,E1_a_exp_L1-10,0.018417934545321243
A0,GLOBEX_1day,4,10,0.8286943267034933,1.2776607584930395,0.9696385585920778,E1_d_model_L1-5,-0.019810094975597256
A0,GLOBEX_1day,4,10,0.8286943267034933,1.2776607584930395,0.9696385585920778,E1_d_model_L1-10,-0.019813809140866886
A0,GLOBEX_1day,4,10,0.8286943267034933,1.2776607584930395,0.9696385585920778,E2,0.8327786881665546
A0,GLOBEX_1day,4,10,0.8286943267034933,1.2776607584930395,0.9696385585920778,E4,0.8791124136700419
A0,GLOBEX_1day,4,12,0.8767524284347814,1.207627361700115,0.9645250805989579,E1_a_exp_L1-5,0.01886822634022571
A0,GLOBEX_1day,4,12,0.8767524284347814,1.207627361700115,0.9645250805989579,E1_a_exp_L1-10,0.018705867445313492
A0,GLOBEX_1day,4,12,0.8767524284347814,1.207627361700115,0.9645250805989579,E1_d_model_L1-5,-0.015394884877979407
A0,GLOBEX_1day,4,12,0.8767524284347814,1.207627361700115,0.9645250805989579,E1_d_model_L1-10,-0.01537446381480715
A0,GLOBEX_1day,4,12,0.8767524284347814,1.207627361700115,0.9645250805989579,E2,0.8568894588575754
A0,GLOBEX_1day,4,12,0.8767524284347814,1.207627361700115,0.9645250805989579,E4,0.8909344971579868
A0,GLOBEX_1day,4,23,0.9293627619908459,1.139264736351996,0.9711058148249998,E1_a_exp_L1-5,-0.00752552165614709
A0,GLOBEX_1day,4,23,0.9293627619908459,1.139264736351996,0.9711058148249998,E1_a_exp_L1-10,-0.011298857313969866
A0,GLOBEX_1day,4,23,0.9293627619908459,1.139264736351996,0.9711058148249998,E1_d_model_L1-5,-0.00765595815982763
A0,GLOBEX_1day,4,23,0.9293627619908459,1.139264736351996,0.9711058148249998,E1_d_model_L1-10,-0.014812857568808381
A0,GLOBEX_1day,4,23,0.9293627619908459,1.139264736351996,0.9711058148249998,E2,0.9236012640441399
A0,GLOBEX_1day,4,23,0.9293627619908459,1.139264736351996,0.9711058148249998,E4,0.9333466445843228
A0,GLOBEX_1day,4,46,0.9531868274626647,1.110789817389011,0.9715641144346261,E1_a_exp_L1-5,-0.0034329433474164037
A0,GLOBEX_1day,4,46,0.9531868274626647,1.110789817389011,0.9715641144346261,E1_a_exp_L1-10,0.0009961135900322358
A0,GLOBEX_1day,4,46,0.9531868274626647,1.110789817389011,0.9715641144346261,E1_d_model_L1-5,-0.003678124017551787
A0,GLOBEX_1day,4,46,0.9531868274626647,1.110789817389011,0.9715641144346261,E1_d_model_L1-10,-0.009294871535491644
A0,GLOBEX_1day,4,46,0.9531868274626647,1.110789817389011,0.9715641144346261,E2,0.9611529362169078
A0,GLOBEX_1day,4,46,0.9531868274626647,1.110789817389011,0.9715641144346261,E4,0.9649182012567337
A0,GLOBEX_1day,4,138,0.9904932358792367,1.0689525013010328,0.9716778239500129,E1_a_exp_L1-5,-0.007842603543618652
A0,GLOBEX_1day,4,138,0.9904932358792367,1.0689525013010328,0.9716778239500129,E1_a_exp_L1-10,-0.00976655155182765
A0,GLOBEX_1day,4,138,0.9904932358792367,1.0689525013010328,0.9716778239500129,E1_d_model_L1-5,-0.008518585501274094
A0,GLOBEX_1day,4,138,0.9904932358792367,1.0689525013010328,0.9716778239500129,E1_d_model_L1-10,-0.025187319260584675
A0,GLOBEX_1day,4,138,0.9904932358792367,1.0689525013010328,0.9716778239500129,E2,0.986828018709822
A0,GLOBEX_1day,4,138,0.9904932358792367,1.0689525013010328,0.9716778239500129,E4,0.9874055821397655
A0,GLOBEX_1day,4,345,0.994971223277133,1.0641415522828193,0.9704394444481255,E1_a_exp_L1-5,-0.009320025023307432
A0,GLOBEX_1day,4,345,0.994971223277133,1.0641415522828193,0.9704394444481255,E1_a_exp_L1-10,-0.011313962651506712
A0,GLOBEX_1day,4,345,0.994971223277133,1.0641415522828193,0.9704394444481255,E1_d_model_L1-5,-0.01011821308422969
A0,GLOBEX_1day,4,345,0.994971223277133,1.0641415522828193,0.9704394444481255,E1_d_model_L1-10,-0.02354610773000816
A0,GLOBEX_1day,4,345,0.994971223277133,1.0641415522828193,0.9704394444481255,E2,0.9946517954161069
A0,GLOBEX_1day,4,345,0.994971223277133,1.0641415522828193,0.9704394444481255,E4,0.9948822723171634
A0,GLOBEX_1day,4,1379,0.9979744701037653,1.0609391860543038,0.9705500975336401,E1_a_exp_L1-5,-0.009927273341246736
A0,GLOBEX_1day,4,1379,0.9979744701037653,1.0609391860543038,0.9705500975336401,E1_a_exp_L1-10,-0.011894524599972872
A0,GLOBEX_1day,4,1379,0.9979744701037653,1.0609391860543038,0.9705500975336401,E1_d_model_L1-5,-0.010771459231086385
A0,GLOBEX_1day,4,1379,0.9979744701037653,1.0609391860543038,0.9705500975336401,E1_d_model_L1-10,-0.024294289731035066
A0,GLOBEX_1day,4,1379,0.9979744701037653,1.0609391860543038,0.9705500975336401,E2,0.998657097470494
A0,GLOBEX_1day,4,1379,0.9979744701037653,1.0609391860543038,0.9705500975336401,E4,0.9987100030096108
A2,RTH_1day,0,5,0.7215379834144182,1.4685924231556227,0.9155668178140972,E1_a_exp_L1-5,-0.01621460788718083
A2,RTH_1day,0,5,0.7215379834144182,1.4685924231556227,0.9155668178140972,E1_a_exp_L1-10,-0.01041964823881141
A2,RTH_1day,0,5,0.7215379834144182,1.4685924231556227,0.9155668178140972,E1_d_model_L1-5,-0.01738097769291186
A2,RTH_1day,0,5,0.7215379834144182,1.4685924231556227,0.9155668178140972,E1_d_model_L1-10,-0.010587935481718366
A2,RTH_1day,0,5,0.7215379834144182,1.4685924231556227,0.9155668178140972,E2,0.6555071833986278
A2,RTH_1day,0,5,0.7215379834144182,1.4685924231556227,0.9155668178140972,E4,0.8382480755203471
A2,RTH_1day,0,6,0.7811008501445476,1.3566048676880944,0.9180117984356073,E1_a_exp_L1-5,-0.04574306017462337
A2,RTH_1day,0,6,0.7811008501445476,1.3566048676880944,0.9180117984356073,E1_a_exp_L1-10,-0.014080775763961245
A2,RTH_1day,0,6,0.7811008501445476,1.3566048676880944,0.9180117984356073,E1_d_model_L1-5,0.04134943592389426
A2,RTH_1day,0,6,0.7811008501445476,1.3566048676880944,0.9180117984356073,E1_d_model_L1-10,-0.07203661358080624
A2,RTH_1day,0,6,0.7811008501445476,1.3566048676880944,0.9180117984356073,E2,0.6631565626676956
A2,RTH_1day,0,6,0.7811008501445476,1.3566048676880944,0.9180117984356073,E4,0.8468574853476609
A2,RTH_1day,0,10,0.9055502919426457,1.170167162320915,0.9247771749248249,E1_a_exp_L1-5,0.004930268383984936
A2,RTH_1day,0,10,0.9055502919426457,1.170167162320915,0.9247771749248249,E1_a_exp_L1-10,0.012124640721647583
A2,RTH_1day,0,10,0.9055502919426457,1.170167162320915,0.9247771749248249,E1_d_model_L1-5,-0.023130641968307625
A2,RTH_1day,0,10,0.9055502919426457,1.170167162320915,0.9247771749248249,E1_d_model_L1-10,-0.023039515400220045
A2,RTH_1day,0,10,0.9055502919426457,1.170167162320915,0.9247771749248249,E2,0.7806901695647765
A2,RTH_1day,0,10,0.9055502919426457,1.170167162320915,0.9247771749248249,E4,0.8713794689570877
A2,RTH_1day,0,13,0.981191275316075,1.0799578452428191,0.9226786682825755,E1_a_exp_L1-5,0.0024406105363245522
A2,RTH_1day,0,13,0.981191275316075,1.0799578452428191,0.9226786682825755,E1_a_exp_L1-10,-0.0045079595171803495
A2,RTH_1day,0,13,0.981191275316075,1.0799578452428191,0.9226786682825755,E1_d_model_L1-5,-0.015064018371623147
A2,RTH_1day,0,13,0.981191275316075,1.0799578452428191,0.9226786682825755,E1_d_model_L1-10,-0.004297442066109863
A2,RTH_1day,0,13,0.981191275316075,1.0799578452428191,0.9226786682825755,E2,0.8151090097889979
A2,RTH_1day,0,13,0.981191275316075,1.0799578452428191,0.9226786682825755,E4,0.8880809558057137
A2,RTH_1day,0,26,1.0581254278946235,1.0014363019040213,0.8953626857147606,E1_a_exp_L1-5,0.002338841195001423
A2,RTH_1day,0,26,1.0581254278946235,1.0014363019040213,0.8953626857147606,E1_a_exp_L1-10,-0.004079065482810912
A2,RTH_1day,0,26,1.0581254278946235,1.0014363019040213,0.8953626857147606,E1_d_model_L1-5,0.002464385507761178
A2,RTH_1day,0,26,1.0581254278946235,1.0014363019040213,0.8953626857147606,E1_d_model_L1-10,-0.003372109939836682
A2,RTH_1day,0,26,1.0581254278946235,1.0014363019040213,0.8953626857147606,E2,0.8957404767626689
A2,RTH_1day,0,26,1.0581254278946235,1.0014363019040213,0.8953626857147606,E4,0.9360397636949886
A2,RTH_1day,0,78,1.1132742501653,0.951827651905238,0.8635639888775992,E1_a_exp_L1-5,0.001891144405903987
A2,RTH_1day,0,78,1.1132742501653,0.951827651905238,0.8635639888775992,E1_a_exp_L1-10,-0.005143223170667219
A2,RTH_1day,0,78,1.1132742501653,0.951827651905238,0.8635639888775992,E1_d_model_L1-5,0.0019486772679671628
A2,RTH_1day,0,78,1.1132742501653,0.951827651905238,0.8635639888775992,E1_d_model_L1-10,-0.005052219123520258
A2,RTH_1day,0,78,1.1132742501653,0.951827651905238,0.8635639888775992,E2,0.9476528300039992
A2,RTH_1day,0,78,1.1132742501653,0.951827651905238,0.8635639888775992,E4,0.9761973488561163
A2,RTH_1day,0,195,1.1359134130179094,0.9328573844780326,0.8458600876769501,E1_a_exp_L1-5,-0.013237994553032798
A2,RTH_1day,0,195,1.1359134130179094,0.9328573844780326,0.8458600876769501,E1_a_exp_L1-10,-0.00584823894780555
A2,RTH_1day,0,195,1.1359134130179094,0.9328573844780326,0.8458600876769501,E1_d_model_L1-5,0.1333435064661088
A2,RTH_1day,0,195,1.1359134130179094,0.9328573844780326,0.8458600876769501,E1_d_model_L1-10,-0.009541914176487483
A2,RTH_1day,0,195,1.1359134130179094,0.9328573844780326,0.8458600876769501,E2,0.9658505051295917
A2,RTH_1day,0,195,1.1359134130179094,0.9328573844780326,0.8458600876769501,E4,0.9903471346569932
A2,RTH_1day,0,389,1.143172006197506,0.9269341881333009,0.8350716923032084,E1_a_exp_L1-5,-0.009216255370520163
A2,RTH_1day,0,389,1.143172006197506,0.9269341881333009,0.8350716923032084,E1_a_exp_L1-10,-0.005276623245300759
A2,RTH_1day,0,389,1.143172006197506,0.9269341881333009,0.8350716923032084,E1_d_model_L1-5,-0.04175173456385333
A2,RTH_1day,0,389,1.143172006197506,0.9269341881333009,0.8350716923032084,E1_d_model_L1-10,-0.006543475371451809
A2,RTH_1day,0,389,1.143172006197506,0.9269341881333009,0.8350716923032084,E2,0.972263809148401
A2,RTH_1day,0,389,1.143172006197506,0.9269341881333009,0.8350716923032084,E4,0.9951119427965021
A2,RTH_1day,1,5,0.7351440248266937,1.3794925494027577,0.9230345583489704,E1_a_exp_L1-5,0.013156969553662788
A2,RTH_1day,1,5,0.7351440248266937,1.3794925494027577,0.9230345583489704,E1_a_exp_L1-10,0.01872407915985276
A2,RTH_1day,1,5,0.7351440248266937,1.3794925494027577,0.9230345583489704,E1_d_model_L1-5,0.01382258623253443
A2,RTH_1day,1,5,0.7351440248266937,1.3794925494027577,0.9230345583489704,E1_d_model_L1-10,-0.003189765046556363
A2,RTH_1day,1,5,0.7351440248266937,1.3794925494027577,0.9230345583489704,E2,0.5946455276738604
A2,RTH_1day,1,5,0.7351440248266937,1.3794925494027577,0.9230345583489704,E4,0.8350476249114077
A2,RTH_1day,1,6,0.7933086990808083,1.2783494069350658,0.9177780720354879,E1_a_exp_L1-5,-0.012603986289581965
A2,RTH_1day,1,6,0.7933086990808083,1.2783494069350658,0.9177780720354879,E1_a_exp_L1-10,-0.003709930679269974
A2,RTH_1day,1,6,0.7933086990808083,1.2783494069350658,0.9177780720354879,E1_d_model_L1-5,0.014425684514855484
A2,RTH_1day,1,6,0.7933086990808083,1.2783494069350658,0.9177780720354879,E1_d_model_L1-10,-0.0041118478525582975
A2,RTH_1day,1,6,0.7933086990808083,1.2783494069350658,0.9177780720354879,E2,0.6435867767229813
A2,RTH_1day,1,6,0.7933086990808083,1.2783494069350658,0.9177780720354879,E4,0.841304757116417
A2,RTH_1day,1,10,0.9099979871774206,1.1144263166250912,0.9185484413365487,E1_a_exp_L1-5,-0.02034885199181186
A2,RTH_1day,1,10,0.9099979871774206,1.1144263166250912,0.9185484413365487,E1_a_exp_L1-10,-0.003258407176562475
A2,RTH_1day,1,10,0.9099979871774206,1.1144263166250912,0.9185484413365487,E1_d_model_L1-5,0.02335701057161018
A2,RTH_1day,1,10,0.9099979871774206,1.1144263166250912,0.9185484413365487,E1_d_model_L1-10,0.023398933095083216
A2,RTH_1day,1,10,0.9099979871774206,1.1144263166250912,0.9185484413365487,E2,0.7550844739832744
A2,RTH_1day,1,10,0.9099979871774206,1.1144263166250912,0.9185484413365487,E4,0.8618610388713552
A2,RTH_1day,1,13,0.9812499148513554,1.0335039928538539,0.92374737104854,E1_a_exp_L1-5,-0.015008321608637768
A2,RTH_1day,1,13,0.9812499148513554,1.0335039928538539,0.92374737104854,E1_a_exp_L1-10,-0.0033275283004831667
A2,RTH_1day,1,13,0.9812499148513554,1.0335039928538539,0.92374737104854,E1_d_model_L1-5,0.01236115750278698
A2,RTH_1day,1,13,0.9812499148513554,1.0335039928538539,0.92374737104854,E1_d_model_L1-10,-0.0036875203898065114
A2,RTH_1day,1,13,0.9812499148513554,1.0335039928538539,0.92374737104854,E2,0.7907301678537373
A2,RTH_1day,1,13,0.9812499148513554,1.0335039928538539,0.92374737104854,E4,0.881137248958894
A2,RTH_1day,1,26,1.0546177542993656,0.9616049993963107,0.8944393689923649,E1_a_exp_L1-5,-0.0065165546322350125
A2,RTH_1day,1,26,1.0546177542993656,0.9616049993963107,0.8944393689923649,E1_a_exp_L1-10,-0.006582586016314877
A2,RTH_1day,1,26,1.0546177542993656,0.9616049993963107,0.8944393689923649,E1_d_model_L1-5,0.014083994479544486
A2,RTH_1day,1,26,1.0546177542993656,0.9616049993963107,0.8944393689923649,E1_d_model_L1-10,-0.007283862164504822
A2,RTH_1day,1,26,1.0546177542993656,0.9616049993963107,0.8944393689923649,E2,0.8832926471358868
A2,RTH_1day,1,26,1.0546177542993656,0.9616049993963107,0.8944393689923649,E4,0.9323508311747012
A2,RTH_1day,1,78,1.107457771792805,0.9157240400639974,0.8609366807730957,E1_a_exp_L1-5,-0.011559193990868015
A2,RTH_1day,1,78,1.107457771792805,0.9157240400639974,0.8609366807730957,E1_a_exp_L1-10,-0.007292498639405986
A2,RTH_1day,1,78,1.107457771792805,0.9157240400639974,0.8609366807730957,E1_d_model_L1-5,0.011716246365036265
A2,RTH_1day,1,78,1.107457771792805,0.9157240400639974,0.8609366807730957,E1_d_model_L1-10,-0.008020697587099838
A2,RTH_1day,1,78,1.107457771792805,0.9157240400639974,0.8609366807730957,E2,0.9458663760161581
A2,RTH_1day,1,78,1.107457771792805,0.9157240400639974,0.8609366807730957,E4,0.9757109928994279
A2,RTH_1day,1,195,1.1236660388986708,0.9025152223879136,0.8438635377274678,E1_a_exp_L1-5,-0.003122559832639796
A2,RTH_1day,1,195,1.1236660388986708,0.9025152223879136,0.8438635377274678,E1_a_exp_L1-10,-0.006455801108470948
A2,RTH_1day,1,195,1.1236660388986708,0.9025152223879136,0.8438635377274678,E1_d_model_L1-5,0.008433535218107894
A2,RTH_1day,1,195,1.1236660388986708,0.9025152223879136,0.8438635377274678,E1_d_model_L1-10,-0.007111370658436453
A2,RTH_1day,1,195,1.1236660388986708,0.9025152223879136,0.8438635377274678,E2,0.9618154096132646
A2,RTH_1day,1,195,1.1236660388986708,0.9025152223879136,0.8438635377274678,E4,0.9899804145540759
A2,RTH_1day,1,389,1.1349867397357016,0.8935132627386766,0.8313116491214735,E1_a_exp_L1-5,-0.014692303934165688
A2,RTH_1day,1,389,1.1349867397357016,0.8935132627386766,0.8313116491214735,E1_a_exp_L1-10,-0.004987984784820904
A2,RTH_1day,1,389,1.1349867397357016,0.8935132627386766,0.8313116491214735,E1_d_model_L1-5,0.010921045818615136
A2,RTH_1day,1,389,1.1349867397357016,0.8935132627386766,0.8313116491214735,E1_d_model_L1-10,-0.0054896761638520844
A2,RTH_1day,1,389,1.1349867397357016,0.8935132627386766,0.8313116491214735,E2,0.9676294169874482
A2,RTH_1day,1,389,1.1349867397357016,0.8935132627386766,0.8313116491214735,E4,0.9949248680737222
A2,RTH_1day,2,5,0.7238491715114653,1.4273291447761443,0.9192642973561806,E1_a_exp_L1-5,0.024012559675694455
A2,RTH_1day,2,5,0.7238491715114653,1.4273291447761443,0.9192642973561806,E1_a_exp_L1-10,0.03932621848159588
A2,RTH_1day,2,5,0.7238491715114653,1.4273291447761443,0.9192642973561806,E1_d_model_L1-5,0.024716673949736284
A2,RTH_1day,2,5,0.7238491715114653,1.4273291447761443,0.9192642973561806,E1_d_model_L1-10,0.14541131686054123
A2,RTH_1day,2,5,0.7238491715114653,1.4273291447761443,0.9192642973561806,E2,0.6065482518340396
A2,RTH_1day,2,5,0.7238491715114653,1.4273291447761443,0.9192642973561806,E4,0.8363522189361281
A2,RTH_1day,2,6,0.7649389493237776,1.350658140540138,0.9330128248951604,E1_a_exp_L1-5,0.0295514183961048
A2,RTH_1day,2,6,0.7649389493237776,1.350658140540138,0.9330128248951604,E1_a_exp_L1-10,0.03942976301741558
A2,RTH_1day,2,6,0.7649389493237776,1.350658140540138,0.9330128248951604,E1_d_model_L1-5,0.03220394837019547
A2,RTH_1day,2,6,0.7649389493237776,1.350658140540138,0.9330128248951604,E1_d_model_L1-10,0.06543390337552848
A2,RTH_1day,2,6,0.7649389493237776,1.350658140540138,0.9330128248951604,E2,0.6702447965143177
A2,RTH_1day,2,6,0.7649389493237776,1.350658140540138,0.9330128248951604,E4,0.8390301899666318
A2,RTH_1day,2,10,0.8951886978190166,1.1541376934690257,0.9241087417439593,E1_a_exp_L1-5,0.02370340184593933
A2,RTH_1day,2,10,0.8951886978190166,1.1541376934690257,0.9241087417439593,E1_a_exp_L1-10,0.03828226991078147
A2,RTH_1day,2,10,0.8951886978190166,1.1541376934690257,0.9241087417439593,E1_d_model_L1-5,0.02597436242341959
A2,RTH_1day,2,10,0.8951886978190166,1.1541376934690257,0.9241087417439593,E1_d_model_L1-10,0.07108888326630387
A2,RTH_1day,2,10,0.8951886978190166,1.1541376934690257,0.9241087417439593,E2,0.7663934464544732
A2,RTH_1day,2,10,0.8951886978190166,1.1541376934690257,0.9241087417439593,E4,0.8711790728015347
A2,RTH_1day,2,13,0.9207481024834869,1.122099536380972,0.9178930583982519,E1_a_exp_L1-5,0.019025651855578994
A2,RTH_1day,2,13,0.9207481024834869,1.122099536380972,0.9178930583982519,E1_a_exp_L1-10,0.022523520752742558
A2,RTH_1day,2,13,0.9207481024834869,1.122099536380972,0.9178930583982519,E1_d_model_L1-5,0.020666808269179396
A2,RTH_1day,2,13,0.9207481024834869,1.122099536380972,0.9178930583982519,E1_d_model_L1-10,0.029863301088764227
A2,RTH_1day,2,13,0.9207481024834869,1.122099536380972,0.9178930583982519,E2,0.8151687269259943
A2,RTH_1day,2,13,0.9207481024834869,1.122099536380972,0.9178930583982519,E4,0.8923270923996521
A2,RTH_1day,2,26,1.0216746260605576,1.0112524991485317,0.8881589361341197,E1_a_exp_L1-5,0.015600011757423113
A2,RTH_1day,2,26,1.0216746260605576,1.0112524991485317,0.8881589361341197,E1_a_exp_L1-10,0.016101870909221553
A2,RTH_1day,2,26,1.0216746260605576,1.0112524991485317,0.8881589361341197,E1_d_model_L1-5,0.016976796589986094
A2,RTH_1day,2,26,1.0216746260605576,1.0112524991485317,0.8881589361341197,E1_d_model_L1-10,0.01808333853346897
A2,RTH_1day,2,26,1.0216746260605576,1.0112524991485317,0.8881589361341197,E2,0.8800037236768871
A2,RTH_1day,2,26,1.0216746260605576,1.0112524991485317,0.8881589361341197,E4,0.9345914403878675
A2,RTH_1day,2,78,1.0961279781099431,0.9425642256681381,0.8592427711350148,E1_a_exp_L1-5,0.015389213089591056
A2,RTH_1day,2,78,1.0961279781099431,0.9425642256681381,0.8592427711350148,E1_a_exp_L1-10,0.013907471683139244
A2,RTH_1day,2,78,1.0961279781099431,0.9425642256681381,0.8592427711350148,E1_d_model_L1-5,0.016781597170770463
A2,RTH_1day,2,78,1.0961279781099431,0.9425642256681381,0.8592427711350148,E1_d_model_L1-10,0.013910264808353685
A2,RTH_1day,2,78,1.0961279781099431,0.9425642256681381,0.8592427711350148,E2,0.9424068703143447
A2,RTH_1day,2,78,1.0961279781099431,0.9425642256681381,0.8592427711350148,E4,0.9760525570660352
A2,RTH_1day,2,195,1.120111350326987,0.9223824208359047,0.8424764138280256,E1_a_exp_L1-5,0.013762823829770496
A2,RTH_1day,2,195,1.120111350326987,0.9223824208359047,0.8424764138280256,E1_a_exp_L1-10,0.01112766370510126
A2,RTH_1day,2,195,1.120111350326987,0.9223824208359047,0.8424764138280256,E1_d_model_L1-5,0.015010668656939981
A2,RTH_1day,2,195,1.120111350326987,0.9223824208359047,0.8424764138280256,E1_d_model_L1-10,0.012445636789484951
A2,RTH_1day,2,195,1.120111350326987,0.9223824208359047,0.8424764138280256,E2,0.9597004401852534
A2,RTH_1day,2,195,1.120111350326987,0.9223824208359047,0.8424764138280256,E4,0.9901428598009638
A2,RTH_1day,2,389,1.1254359176938316,0.9180185230248256,0.832158371419619,E1_a_exp_L1-5,0.01425801254278742
A2,RTH_1day,2,389,1.1254359176938316,0.9180185230248256,0.832158371419619,E1_a_exp_L1-10,0.010513618782838087
A2,RTH_1day,2,389,1.1254359176938316,0.9180185230248256,0.832158371419619,E1_d_model_L1-5,0.015554204637509601
A2,RTH_1day,2,389,1.1254359176938316,0.9180185230248256,0.832158371419619,E1_d_model_L1-10,0.0115986812950512
A2,RTH_1day,2,389,1.1254359176938316,0.9180185230248256,0.832158371419619,E2,0.9657044128491201
A2,RTH_1day,2,389,1.1254359176938316,0.9180185230248256,0.832158371419619,E4,0.9950018966789068
A2,RTH_1day,3,5,0.7899037023411419,1.326088904798681,0.9226222501184096,E1_a_exp_L1-5,0.059820366401796735
A2,RTH_1day,3,5,0.7899037023411419,1.326088904798681,0.9226222501184096,E1_a_exp_L1-10,0.060389378133768566
A2,RTH_1day,3,5,0.7899037023411419,1.326088904798681,0.9226222501184096,E1_d_model_L1-5,-0.06341729641716633
A2,RTH_1day,3,5,0.7899037023411419,1.326088904798681,0.9226222501184096,E1_d_model_L1-10,-0.05151859235675732
A2,RTH_1day,3,5,0.7899037023411419,1.326088904798681,0.9226222501184096,E2,0.5801411930056596
A2,RTH_1day,3,5,0.7899037023411419,1.326088904798681,0.9226222501184096,E4,0.8385255103938938
A2,RTH_1day,3,6,0.8230857226420523,1.2726287271411254,0.9263649241950742,E1_a_exp_L1-5,0.07339200760265499
A2,RTH_1day,3,6,0.8230857226420523,1.2726287271411254,0.9263649241950742,E1_a_exp_L1-10,0.07342858430297321
A2,RTH_1day,3,6,0.8230857226420523,1.2726287271411254,0.9263649241950742,E1_d_model_L1-5,-0.0468029329824774
A2,RTH_1day,3,6,0.8230857226420523,1.2726287271411254,0.9263649241950742,E1_d_model_L1-10,-0.046809837518211835
A2,RTH_1day,3,6,0.8230857226420523,1.2726287271411254,0.9263649241950742,E2,0.6254551280997895
A2,RTH_1day,3,6,0.8230857226420523,1.2726287271411254,0.9263649241950742,E4,0.84350984515352
A2,RTH_1day,3,10,0.9421918651190135,1.1117507742456203,0.9242716466110289,E1_a_exp_L1-5,0.07290253722697372
A2,RTH_1day,3,10,0.9421918651190135,1.1117507742456203,0.9242716466110289,E1_a_exp_L1-10,-0.007735552256409926
A2,RTH_1day,3,10,0.9421918651190135,1.1117507742456203,0.9242716466110289,E1_d_model_L1-5,-0.04902880397742694
A2,RTH_1day,3,10,0.9421918651190135,1.1117507742456203,0.9242716466110289,E1_d_model_L1-10,-0.048940374295451
A2,RTH_1day,3,10,0.9421918651190135,1.1117507742456203,0.9242716466110289,E2,0.7570379857669438
A2,RTH_1day,3,10,0.9421918651190135,1.1117507742456203,0.9242716466110289,E4,0.8706817453528102
A2,RTH_1day,3,13,1.0196357995749845,1.027310472985169,0.9102406226054339,E1_a_exp_L1-5,0.07077784953425133
A2,RTH_1day,3,13,1.0196357995749845,1.027310472985169,0.9102406226054339,E1_a_exp_L1-10,-0.00824350831301717
A2,RTH_1day,3,13,1.0196357995749845,1.027310472985169,0.9102406226054339,E1_d_model_L1-5,-0.04635651136742605
A2,RTH_1day,3,13,1.0196357995749845,1.027310472985169,0.9102406226054339,E1_d_model_L1-10,-0.008910530713880944
A2,RTH_1day,3,13,1.0196357995749845,1.027310472985169,0.9102406226054339,E2,0.7969878232201353
A2,RTH_1day,3,13,1.0196357995749845,1.027310472985169,0.9102406226054339,E4,0.8851017882622911
A2,RTH_1day,3,26,1.1102668864155487,0.9434511182403564,0.8853173875963347,E1_a_exp_L1-5,-0.00878425065378722
A2,RTH_1day,3,26,1.1102668864155487,0.9434511182403564,0.8853173875963347,E1_a_exp_L1-10,-0.009850259431100808
A2,RTH_1day,3,26,1.1102668864155487,0.9434511182403564,0.8853173875963347,E1_d_model_L1-5,-0.009338373277050121
A2,RTH_1day,3,26,1.1102668864155487,0.9434511182403564,0.8853173875963347,E1_d_model_L1-10,-0.010838792357557352
A2,RTH_1day,3,26,1.1102668864155487,0.9434511182403564,0.8853173875963347,E2,0.8799290209715795
A2,RTH_1day,3,26,1.1102668864155487,0.9434511182403564,0.8853173875963347,E4,0.9335145234374969
A2,RTH_1day,3,78,1.1473677574102759,0.9129440223231141,0.8542078665196382,E1_a_exp_L1-5,-0.013366072501925128
A2,RTH_1day,3,78,1.1473677574102759,0.9129440223231141,0.8542078665196382,E1_a_exp_L1-10,-0.010635796644547618
A2,RTH_1day,3,78,1.1473677574102759,0.9129440223231141,0.8542078665196382,E1_d_model_L1-5,-0.014436484961850156
A2,RTH_1day,3,78,1.1473677574102759,0.9129440223231141,0.8542078665196382,E1_d_model_L1-10,-0.011834192470728226
A2,RTH_1day,3,78,1.1473677574102759,0.9129440223231141,0.8542078665196382,E2,0.94544382609251
A2,RTH_1day,3,78,1.1473677574102759,0.9129440223231141,0.8542078665196382,E4,0.9765792969731784
A2,RTH_1day,3,195,1.1628026882551752,0.9008256913352783,0.832823297380736,E1_a_exp_L1-5,-0.00987061929533656
A2,RTH_1day,3,195,1.1628026882551752,0.9008256913352783,0.832823297380736,E1_a_exp_L1-10,-0.009276409438686694
A2,RTH_1day,3,195,1.1628026882551752,0.9008256913352783,0.832823297380736,E1_d_model_L1-5,-0.010542070048189148
A2,RTH_1day,3,195,1.1628026882551752,0.9008256913352783,0.832823297380736,E1_d_model_L1-10,-0.0102312679679685
A2,RTH_1day,3,195,1.1628026882551752,0.9008256913352783,0.832823297380736,E2,0.9599835434165161
A2,RTH_1day,3,195,1.1628026882551752,0.9008256913352783,0.832823297380736,E4,0.9903012132143172
A2,RTH_1day,3,389,1.1684048159661538,0.8965065200179144,0.8238098311189211,E1_a_exp_L1-5,-0.009545087885984595
A2,RTH_1day,3,389,1.1684048159661538,0.8965065200179144,0.8238098311189211,E1_a_exp_L1-10,-0.00828989135618423
A2,RTH_1day,3,389,1.1684048159661538,0.8965065200179144,0.8238098311189211,E1_d_model_L1-5,-0.010191600805905157
A2,RTH_1day,3,389,1.1684048159661538,0.8965065200179144,0.8238098311189211,E1_d_model_L1-10,-0.009145733577956115
A2,RTH_1day,3,389,1.1684048159661538,0.8965065200179144,0.8238098311189211,E2,0.967267355285058
A2,RTH_1day,3,389,1.1684048159661538,0.8965065200179144,0.8238098311189211,E4,0.9951181122522401
A2,RTH_1day,4,5,0.7303649026362807,1.4553395370350712,0.9184207282182932,E1_a_exp_L1-5,-0.006475339555523492
A2,RTH_1day,4,5,0.7303649026362807,1.4553395370350712,0.9184207282182932,E1_a_exp_L1-10,-0.005888676875061029
A2,RTH_1day,4,5,0.7303649026362807,1.4553395370350712,0.9184207282182932,E1_d_model_L1-5,-0.006823209813411304
A2,RTH_1day,4,5,0.7303649026362807,1.4553395370350712,0.9184207282182932,E1_d_model_L1-10,-0.005797005217892428
A2,RTH_1day,4,5,0.7303649026362807,1.4553395370350712,0.9184207282182932,E2,0.6090819717864037
A2,RTH_1day,4,5,0.7303649026362807,1.4553395370350712,0.9184207282182932,E4,0.8506540435032579
A2,RTH_1day,4,6,0.8154647923291638,1.3034639009163949,0.9242089365170353,E1_a_exp_L1-5,-0.007922065148923194
A2,RTH_1day,4,6,0.8154647923291638,1.3034639009163949,0.9242089365170353,E1_a_exp_L1-10,-0.005693573817175048
A2,RTH_1day,4,6,0.8154647923291638,1.3034639009163949,0.9242089365170353,E1_d_model_L1-5,-0.008515460228195956
A2,RTH_1day,4,6,0.8154647923291638,1.3034639009163949,0.9242089365170353,E1_d_model_L1-10,-0.007971266525934531
A2,RTH_1day,4,6,0.8154647923291638,1.3034639009163949,0.9242089365170353,E2,0.6399705796096302
A2,RTH_1day,4,6,0.8154647923291638,1.3034639009163949,0.9242089365170353,E4,0.8387430668479233
A2,RTH_1day,4,10,0.9143843960270347,1.1624530382273968,0.9253818363135115,E1_a_exp_L1-5,-0.009229710433268723
A2,RTH_1day,4,10,0.9143843960270347,1.1624530382273968,0.9253818363135115,E1_a_exp_L1-10,-0.005673627071448378
A2,RTH_1day,4,10,0.9143843960270347,1.1624530382273968,0.9253818363135115,E1_d_model_L1-5,-0.00986749416641946
A2,RTH_1day,4,10,0.9143843960270347,1.1624530382273968,0.9253818363135115,E1_d_model_L1-10,-0.01252254881407541
A2,RTH_1day,4,10,0.9143843960270347,1.1624530382273968,0.9253818363135115,E2,0.7795770912911072
A2,RTH_1day,4,10,0.9143843960270347,1.1624530382273968,0.9253818363135115,E4,0.8689000498796855
A2,RTH_1day,4,13,0.9674203505487806,1.0987249944312114,0.9169988691493565,E1_a_exp_L1-5,-0.013483335448414522
A2,RTH_1day,4,13,0.9674203505487806,1.0987249944312114,0.9169988691493565,E1_a_exp_L1-10,-0.013678080915818732
A2,RTH_1day,4,13,0.9674203505487806,1.0987249944312114,0.9169988691493565,E1_d_model_L1-5,-0.01458506229347702
A2,RTH_1day,4,13,0.9674203505487806,1.0987249944312114,0.9169988691493565,E1_d_model_L1-10,-0.0228899595192751
A2,RTH_1day,4,13,0.9674203505487806,1.0987249944312114,0.9169988691493565,E2,0.809857169381223
A2,RTH_1day,4,13,0.9674203505487806,1.0987249944312114,0.9169988691493565,E4,0.890946511294034
A2,RTH_1day,4,26,1.0536107069225353,1.0088440752220824,0.886154378364348,E1_a_exp_L1-5,-0.018989917682699017
A2,RTH_1day,4,26,1.0536107069225353,1.0088440752220824,0.886154378364348,E1_a_exp_L1-10,-0.022496652989363347
A2,RTH_1day,4,26,1.0536107069225353,1.0088440752220824,0.886154378364348,E1_d_model_L1-5,-0.02064300882928178
A2,RTH_1day,4,26,1.0536107069225353,1.0088440752220824,0.886154378364348,E1_d_model_L1-10,-0.045620211081823674
A2,RTH_1day,4,26,1.0536107069225353,1.0088440752220824,0.886154378364348,E2,0.8939314334398032
A2,RTH_1day,4,26,1.0536107069225353,1.0088440752220824,0.886154378364348,E4,0.9379371724026782
A2,RTH_1day,4,78,1.1134487109514946,0.9546276436577187,0.8599201607764263,E1_a_exp_L1-5,-0.014403800091205185
A2,RTH_1day,4,78,1.1134487109514946,0.9546276436577187,0.8599201607764263,E1_a_exp_L1-10,-0.02406926925484472
A2,RTH_1day,4,78,1.1134487109514946,0.9546276436577187,0.8599201607764263,E1_d_model_L1-5,-0.01574545206216067
A2,RTH_1day,4,78,1.1134487109514946,0.9546276436577187,0.8599201607764263,E1_d_model_L1-10,0.22105076688196587
A2,RTH_1day,4,78,1.1134487109514946,0.9546276436577187,0.8599201607764263,E2,0.9495020189065204
A2,RTH_1day,4,78,1.1134487109514946,0.9546276436577187,0.8599201607764263,E4,0.9768499697101167
A2,RTH_1day,4,195,1.1513850879640795,0.9231741233932939,0.8415691569772538,E1_a_exp_L1-5,-0.01533212095292026
A2,RTH_1day,4,195,1.1513850879640795,0.9231741233932939,0.8415691569772538,E1_a_exp_L1-10,-0.023725178854300175
A2,RTH_1day,4,195,1.1513850879640795,0.9231741233932939,0.8415691569772538,E1_d_model_L1-5,-0.01673772521739335
A2,RTH_1day,4,195,1.1513850879640795,0.9231741233932939,0.8415691569772538,E1_d_model_L1-10,0.2276091848911455
A2,RTH_1day,4,195,1.1513850879640795,0.9231741233932939,0.8415691569772538,E2,0.9649743902038902
A2,RTH_1day,4,195,1.1513850879640795,0.9231741233932939,0.8415691569772538,E4,0.9903945078774952
A2,RTH_1day,4,389,1.157565533855598,0.9182451344495076,0.8315411395010931,E1_a_exp_L1-5,-0.014789757956076267
A2,RTH_1day,4,389,1.157565533855598,0.9182451344495076,0.8315411395010931,E1_a_exp_L1-10,-0.020451861315583394
A2,RTH_1day,4,389,1.157565533855598,0.9182451344495076,0.8315411395010931,E1_d_model_L1-5,-0.016107673030178814
A2,RTH_1day,4,389,1.157565533855598,0.9182451344495076,0.8315411395010931,E1_d_model_L1-10,0.23169441444959046
A2,RTH_1day,4,389,1.157565533855598,0.9182451344495076,0.8315411395010931,E2,0.9724884448083212
A2,RTH_1day,4,389,1.157565533855598,0.9182451344495076,0.8315411395010931,E4,0.9951270003017764
A2,GLOBEX_1day,0,5,0.7517450730380589,1.410333991648978,0.9107625302228785,E1_a_exp_L1-5,-0.011123976012203341
A2,GLOBEX_1day,0,5,0.7517450730380589,1.410333991648978,0.9107625302228785,E1_a_exp_L1-10,-0.010815345787890484
A2,GLOBEX_1day,0,5,0.7517450730380589,1.410333991648978,0.9107625302228785,E1_d_model_L1-5,-0.014640510325791717
A2,GLOBEX_1day,0,5,0.7517450730380589,1.410333991648978,0.9107625302228785,E1_d_model_L1-10,-0.014599075236428947
A2,GLOBEX_1day,0,5,0.7517450730380589,1.410333991648978,0.9107625302228785,E2,0.5440449685903501
A2,GLOBEX_1day,0,5,0.7517450730380589,1.410333991648978,0.9107625302228785,E4,0.8471417187445417
A2,GLOBEX_1day,0,6,0.8256131243909537,1.2841506490613572,0.8996940928299112,E1_a_exp_L1-5,-0.043297978768496906
A2,GLOBEX_1day,0,6,0.8256131243909537,1.2841506490613572,0.8996940928299112,E1_a_exp_L1-10,-0.04123443541958717
A2,GLOBEX_1day,0,6,0.8256131243909537,1.2841506490613572,0.8996940928299112,E1_d_model_L1-5,-0.07856991742556012
A2,GLOBEX_1day,0,6,0.8256131243909537,1.2841506490613572,0.8996940928299112,E1_d_model_L1-10,-0.1102250238627049
A2,GLOBEX_1day,0,6,0.8256131243909537,1.2841506490613572,0.8996940928299112,E2,0.5921243508710466
A2,GLOBEX_1day,0,6,0.8256131243909537,1.2841506490613572,0.8996940928299112,E4,0.8441174399495421
A2,GLOBEX_1day,0,10,0.9143112837052981,1.1595740405430093,0.890336212863384,E1_a_exp_L1-5,0.004828940095457599
A2,GLOBEX_1day,0,10,0.9143112837052981,1.1595740405430093,0.890336212863384,E1_a_exp_L1-10,-0.0023579323197885586
A2,GLOBEX_1day,0,10,0.9143112837052981,1.1595740405430093,0.890336212863384,E1_d_model_L1-5,0.005082083744716679
A2,GLOBEX_1day,0,10,0.9143112837052981,1.1595740405430093,0.890336212863384,E1_d_model_L1-10,-0.0026309870881440437
A2,GLOBEX_1day,0,10,0.9143112837052981,1.1595740405430093,0.890336212863384,E2,0.6883969427914459
A2,GLOBEX_1day,0,10,0.9143112837052981,1.1595740405430093,0.890336212863384,E4,0.8668388315999724
A2,GLOBEX_1day,0,12,0.9698235571895355,1.0932005329223178,0.8662923651075727,E1_a_exp_L1-5,-0.05392586072237708
A2,GLOBEX_1day,0,12,0.9698235571895355,1.0932005329223178,0.8662923651075727,E1_a_exp_L1-10,-0.05050787008965591
A2,GLOBEX_1day,0,12,0.9698235571895355,1.0932005329223178,0.8662923651075727,E1_d_model_L1-5,0.45500834059849693
A2,GLOBEX_1day,0,12,0.9698235571895355,1.0932005329223178,0.8662923651075727,E1_d_model_L1-10,-0.27334970532928565
A2,GLOBEX_1day,0,12,0.9698235571895355,1.0932005329223178,0.8662923651075727,E2,0.7116509151505875
A2,GLOBEX_1day,0,12,0.9698235571895355,1.0932005329223178,0.8662923651075727,E4,0.8759793037430115
A2,GLOBEX_1day,0,23,1.0433259165753488,1.016184504493376,0.8212438448516539,E1_a_exp_L1-5,-0.0193484311120546
A2,GLOBEX_1day,0,23,1.0433259165753488,1.016184504493376,0.8212438448516539,E1_a_exp_L1-10,-0.009610505650040343
A2,GLOBEX_1day,0,23,1.0433259165753488,1.016184504493376,0.8212438448516539,E1_d_model_L1-5,-0.02598664973007611
A2,GLOBEX_1day,0,23,1.0433259165753488,1.016184504493376,0.8212438448516539,E1_d_model_L1-10,-0.010197222137232266
A2,GLOBEX_1day,0,23,1.0433259165753488,1.016184504493376,0.8212438448516539,E2,0.7894048821282671
A2,GLOBEX_1day,0,23,1.0433259165753488,1.016184504493376,0.8212438448516539,E4,0.9233656390905403
A2,GLOBEX_1day,0,46,1.111228474292743,0.9540896891028687,0.7697398880951354,E1_a_exp_L1-5,-0.005159220559392143
A2,GLOBEX_1day,0,46,1.111228474292743,0.9540896891028687,0.7697398880951354,E1_a_exp_L1-10,-0.0073801539075955234
A2,GLOBEX_1day,0,46,1.111228474292743,0.9540896891028687,0.7697398880951354,E1_d_model_L1-5,-0.02213979966084507
A2,GLOBEX_1day,0,46,1.111228474292743,0.9540896891028687,0.7697398880951354,E1_d_model_L1-10,-0.00815230541621659
A2,GLOBEX_1day,0,46,1.111228474292743,0.9540896891028687,0.7697398880951354,E2,0.8479094071788601
A2,GLOBEX_1day,0,46,1.111228474292743,0.9540896891028687,0.7697398880951354,E4,0.9554881538127842
A2,GLOBEX_1day,0,138,1.1611101936669945,0.9131016464612024,0.7288507362128969,E1_a_exp_L1-5,0.005025872885976281
A2,GLOBEX_1day,0,138,1.1611101936669945,0.9131016464612024,0.7288507362128969,E1_a_exp_L1-10,-0.005170537100483887
A2,GLOBEX_1day,0,138,1.1611101936669945,0.9131016464612024,0.7288507362128969,E1_d_model_L1-5,-0.02576539298403823
A2,GLOBEX_1day,0,138,1.1611101936669945,0.9131016464612024,0.7288507362128969,E1_d_model_L1-10,-0.0056625716157162505
A2,GLOBEX_1day,0,138,1.1611101936669945,0.9131016464612024,0.7288507362128969,E2,0.8870714886304081
A2,GLOBEX_1day,0,138,1.1611101936669945,0.9131016464612024,0.7288507362128969,E4,0.9839600737598211
A2,GLOBEX_1day,0,345,1.1677092683194539,0.9079414357017613,0.7164127776444323,E1_a_exp_L1-5,0.0032717514071050175
A2,GLOBEX_1day,0,345,1.1677092683194539,0.9079414357017613,0.7164127776444323,E1_a_exp_L1-10,-0.005804502590842211
A2,GLOBEX_1day,0,345,1.1677092683194539,0.9079414357017613,0.7164127776444323,E1_d_model_L1-5,-0.021355924245147134
A2,GLOBEX_1day,0,345,1.1677092683194539,0.9079414357017613,0.7164127776444323,E1_d_model_L1-10,-0.006402817336694741
A2,GLOBEX_1day,0,345,1.1677092683194539,0.9079414357017613,0.7164127776444323,E2,0.8992739300709655
A2,GLOBEX_1day,0,345,1.1677092683194539,0.9079414357017613,0.7164127776444323,E4,0.9935306691076404
A2,GLOBEX_1day,0,1379,1.1791865356924194,0.8991042532025358,0.7012802142013628,E1_a_exp_L1-5,0.0037124393328614343
A2,GLOBEX_1day,0,1379,1.1791865356924194,0.8991042532025358,0.7012802142013628,E1_a_exp_L1-10,-0.005240069418790214
A2,GLOBEX_1day,0,1379,1.1791865356924194,0.8991042532025358,0.7012802142013628,E1_d_model_L1-5,-0.01975866834426962
A2,GLOBEX_1day,0,1379,1.1791865356924194,0.8991042532025358,0.7012802142013628,E1_d_model_L1-10,-0.0057905386175826235
A2,GLOBEX_1day,0,1379,1.1791865356924194,0.8991042532025358,0.7012802142013628,E2,0.9085873474007681
A2,GLOBEX_1day,0,1379,1.1791865356924194,0.8991042532025358,0.7012802142013628,E4,0.9983726239132924
A2,GLOBEX_1day,1,5,0.7278976813460064,1.3917362621048703,0.9170073574673968,E1_a_exp_L1-5,0.05646117815941236
A2,GLOBEX_1day,1,5,0.7278976813460064,1.3917362621048703,0.9170073574673968,E1_a_exp_L1-10,0.07915584680909087
A2,GLOBEX_1day,1,5,0.7278976813460064,1.3917362621048703,0.9170073574673968,E1_d_model_L1-5,0.31714460563671215
A2,GLOBEX_1day,1,5,0.7278976813460064,1.3917362621048703,0.9170073574673968,E1_d_model_L1-10,-0.33488951945630063
A2,GLOBEX_1day,1,5,0.7278976813460064,1.3917362621048703,0.9170073574673968,E2,0.5269172278517432
A2,GLOBEX_1day,1,5,0.7278976813460064,1.3917362621048703,0.9170073574673968,E4,0.8411524915831385
A2,GLOBEX_1day,1,6,0.7742217388815298,1.3084644196309594,0.9102459043821821,E1_a_exp_L1-5,0.029731761759872653
A2,GLOBEX_1day,1,6,0.7742217388815298,1.3084644196309594,0.9102459043821821,E1_a_exp_L1-10,0.04780239036515092
A2,GLOBEX_1day,1,6,0.7742217388815298,1.3084644196309594,0.9102459043821821,E1_d_model_L1-5,0.03506120402789292
A2,GLOBEX_1day,1,6,0.7742217388815298,1.3084644196309594,0.9102459043821821,E1_d_model_L1-10,0.27385667910183636
A2,GLOBEX_1day,1,6,0.7742217388815298,1.3084644196309594,0.9102459043821821,E2,0.581756258945684
A2,GLOBEX_1day,1,6,0.7742217388815298,1.3084644196309594,0.9102459043821821,E4,0.841059595372126
A2,GLOBEX_1day,1,10,0.9560365677526292,1.0596264122121044,0.8929721165882986,E1_a_exp_L1-5,0.044192230046852736
A2,GLOBEX_1day,1,10,0.9560365677526292,1.0596264122121044,0.8929721165882986,E1_a_exp_L1-10,0.0608134509299664
A2,GLOBEX_1day,1,10,0.9560365677526292,1.0596264122121044,0.8929721165882986,E1_d_model_L1-5,0.2088040404888811
A2,GLOBEX_1day,1,10,0.9560365677526292,1.0596264122121044,0.8929721165882986,E1_d_model_L1-10,-0.1642979526636704
A2,GLOBEX_1day,1,10,0.9560365677526292,1.0596264122121044,0.8929721165882986,E2,0.6840667366061014
A2,GLOBEX_1day,1,10,0.9560365677526292,1.0596264122121044,0.8929721165882986,E4,0.8577517973874134
A2,GLOBEX_1day,1,12,0.9544809608444063,1.061353384498188,0.8738220819228408,E1_a_exp_L1-5,0.03409506448598154
A2,GLOBEX_1day,1,12,0.9544809608444063,1.061353384498188,0.8738220819228408,E1_a_exp_L1-10,0.04068022820092248
A2,GLOBEX_1day,1,12,0.9544809608444063,1.061353384498188,0.8738220819228408,E1_d_model_L1-5,0.0764092971187399
A2,GLOBEX_1day,1,12,0.9544809608444063,1.061353384498188,0.8738220819228408,E1_d_model_L1-10,-0.20260168000599513
A2,GLOBEX_1day,1,12,0.9544809608444063,1.061353384498188,0.8738220819228408,E2,0.716901348972809
A2,GLOBEX_1day,1,12,0.9544809608444063,1.061353384498188,0.8738220819228408,E4,0.8722337805685777
A2,GLOBEX_1day,1,23,1.0640721440701344,0.9520422124352896,0.8243100631432351,E1_a_exp_L1-5,0.0703566045080369
A2,GLOBEX_1day,1,23,1.0640721440701344,0.9520422124352896,0.8243100631432351,E1_a_exp_L1-10,0.07255770465648803
A2,GLOBEX_1day,1,23,1.0640721440701344,0.9520422124352896,0.8243100631432351,E1_d_model_L1-5,-0.3350366945349029
A2,GLOBEX_1day,1,23,1.0640721440701344,0.9520422124352896,0.8243100631432351,E1_d_model_L1-10,-0.1405558989598636
A2,GLOBEX_1day,1,23,1.0640721440701344,0.9520422124352896,0.8243100631432351,E2,0.8001795092220281
A2,GLOBEX_1day,1,23,1.0640721440701344,0.9520422124352896,0.8243100631432351,E4,0.918590894943747
A2,GLOBEX_1day,1,46,1.1242511573418394,0.9010812144739184,0.7593483736867657,E1_a_exp_L1-5,0.07980321757171262
A2,GLOBEX_1day,1,46,1.1242511573418394,0.9010812144739184,0.7593483736867657,E1_a_exp_L1-10,0.08425455277643816
A2,GLOBEX_1day,1,46,1.1242511573418394,0.9010812144739184,0.7593483736867657,E1_d_model_L1-5,-0.3302507469724124
A2,GLOBEX_1day,1,46,1.1242511573418394,0.9010812144739184,0.7593483736867657,E1_d_model_L1-10,-0.14000923078157965
A2,GLOBEX_1day,1,46,1.1242511573418394,0.9010812144739184,0.7593483736867657,E2,0.8463211363107702
A2,GLOBEX_1day,1,46,1.1242511573418394,0.9010812144739184,0.7593483736867657,E4,0.954395253311677
A2,GLOBEX_1day,1,138,1.174380809006795,0.8626176368532871,0.7201696601283866,E1_a_exp_L1-5,0.09903913422495976
A2,GLOBEX_1day,1,138,1.174380809006795,0.8626176368532871,0.7201696601283866,E1_a_exp_L1-10,0.10090009739548952
A2,GLOBEX_1day,1,138,1.174380809006795,0.8626176368532871,0.7201696601283866,E1_d_model_L1-5,-0.14797927275223163
A2,GLOBEX_1day,1,138,1.174380809006795,0.8626176368532871,0.7201696601283866,E1_d_model_L1-10,-0.10052605579863358
A2,GLOBEX_1day,1,138,1.174380809006795,0.8626176368532871,0.7201696601283866,E2,0.892344924419329
A2,GLOBEX_1day,1,138,1.174380809006795,0.8626176368532871,0.7201696601283866,E4,0.9834988247509372
A2,GLOBEX_1day,1,345,1.1963507792975712,0.8467763934805921,0.7109124967837225,E1_a_exp_L1-5,0.07345249077227907
A2,GLOBEX_1day,1,345,1.1963507792975712,0.8467763934805921,0.7109124967837225,E1_a_exp_L1-10,0.07411208348587131
A2,GLOBEX_1day,1,345,1.1963507792975712,0.8467763934805921,0.7109124967837225,E1_d_model_L1-5,-0.13945147808858968
A2,GLOBEX_1day,1,345,1.1963507792975712,0.8467763934805921,0.7109124967837225,E1_d_model_L1-10,-0.08679153841520211
A2,GLOBEX_1day,1,345,1.1963507792975712,0.8467763934805921,0.7109124967837225,E2,0.9052675397683935
A2,GLOBEX_1day,1,345,1.1963507792975712,0.8467763934805921,0.7109124967837225,E4,0.9931814057967326
A2,GLOBEX_1day,1,1379,1.2000902156475197,0.8441378698223093,0.693190885314682,E1_a_exp_L1-5,0.060348211053201296
A2,GLOBEX_1day,1,1379,1.2000902156475197,0.8441378698223093,0.693190885314682,E1_a_exp_L1-10,0.06135739017373364
A2,GLOBEX_1day,1,1379,1.2000902156475197,0.8441378698223093,0.693190885314682,E1_d_model_L1-5,-0.14416125109292205
A2,GLOBEX_1day,1,1379,1.2000902156475197,0.8441378698223093,0.693190885314682,E1_d_model_L1-10,-0.07697289002834097
A2,GLOBEX_1day,1,1379,1.2000902156475197,0.8441378698223093,0.693190885314682,E2,0.9072666904071166
A2,GLOBEX_1day,1,1379,1.2000902156475197,0.8441378698223093,0.693190885314682,E4,0.9982929419568504
A2,GLOBEX_1day,2,5,0.7242303579893128,1.4361492106485958,0.9255224392215661,E1_a_exp_L1-5,-0.05015630197315348
A2,GLOBEX_1day,2,5,0.7242303579893128,1.4361492106485958,0.9255224392215661,E1_a_exp_L1-10,-0.0393686143260122
A2,GLOBEX_1day,2,5,0.7242303579893128,1.4361492106485958,0.9255224392215661,E1_d_model_L1-5,3.1950878543788823
A2,GLOBEX_1day,2,5,0.7242303579893128,1.4361492106485958,0.9255224392215661,E1_d_model_L1-10,0.6573010276516895
A2,GLOBEX_1day,2,5,0.7242303579893128,1.4361492106485958,0.9255224392215661,E2,0.5301597515826771
A2,GLOBEX_1day,2,5,0.7242303579893128,1.4361492106485958,0.9255224392215661,E4,0.8356882470282402
A2,GLOBEX_1day,2,6,0.7971986094006707,1.3046972795600396,0.9097007330495053,E1_a_exp_L1-5,-0.054003056198440015
A2,GLOBEX_1day,2,6,0.7971986094006707,1.3046972795600396,0.9097007330495053,E1_a_exp_L1-10,-0.05084186505604712
A2,GLOBEX_1day,2,6,0.7971986094006707,1.3046972795600396,0.9097007330495053,E1_d_model_L1-5,-0.17294839928252947
A2,GLOBEX_1day,2,6,0.7971986094006707,1.3046972795600396,0.9097007330495053,E1_d_model_L1-10,-0.7611117016335606
A2,GLOBEX_1day,2,6,0.7971986094006707,1.3046972795600396,0.9097007330495053,E2,0.5614504100249776
A2,GLOBEX_1day,2,6,0.7971986094006707,1.3046972795600396,0.9097007330495053,E4,0.8391678140970978
A2,GLOBEX_1day,2,10,0.9293328221218954,1.1191930729179358,0.8835171015172466,E1_a_exp_L1-5,-0.07403935128894422
A2,GLOBEX_1day,2,10,0.9293328221218954,1.1191930729179358,0.8835171015172466,E1_a_exp_L1-10,-0.07193105141007218
A2,GLOBEX_1day,2,10,0.9293328221218954,1.1191930729179358,0.8835171015172466,E1_d_model_L1-5,0.1864707310747398
A2,GLOBEX_1day,2,10,0.9293328221218954,1.1191930729179358,0.8835171015172466,E1_d_model_L1-10,0.1557842320632799
A2,GLOBEX_1day,2,10,0.9293328221218954,1.1191930729179358,0.8835171015172466,E2,0.6793537390944326
A2,GLOBEX_1day,2,10,0.9293328221218954,1.1191930729179358,0.8835171015172466,E4,0.8667054741507295
A2,GLOBEX_1day,2,12,0.9505844571209954,1.094171958275257,0.8712656016976359,E1_a_exp_L1-5,-0.0419280234011507
A2,GLOBEX_1day,2,12,0.9505844571209954,1.094171958275257,0.8712656016976359,E1_a_exp_L1-10,-0.04316853322260577
A2,GLOBEX_1day,2,12,0.9505844571209954,1.094171958275257,0.8712656016976359,E1_d_model_L1-5,-0.11119561404726978
A2,GLOBEX_1day,2,12,0.9505844571209954,1.094171958275257,0.8712656016976359,E1_d_model_L1-10,-0.7339985513658038
A2,GLOBEX_1day,2,12,0.9505844571209954,1.094171958275257,0.8712656016976359,E2,0.6938042054091428
A2,GLOBEX_1day,2,12,0.9505844571209954,1.094171958275257,0.8712656016976359,E4,0.8777237233789426
A2,GLOBEX_1day,2,23,1.0534544773889023,0.9873258686337408,0.8265352570316408,E1_a_exp_L1-5,-0.039623341828058344
A2,GLOBEX_1day,2,23,1.0534544773889023,0.9873258686337408,0.8265352570316408,E1_a_exp_L1-10,-0.039307560055493254
A2,GLOBEX_1day,2,23,1.0534544773889023,0.9873258686337408,0.8265352570316408,E1_d_model_L1-5,0.7339835811460187
A2,GLOBEX_1day,2,23,1.0534544773889023,0.9873258686337408,0.8265352570316408,E1_d_model_L1-10,0.2040001991595827
A2,GLOBEX_1day,2,23,1.0534544773889023,0.9873258686337408,0.8265352570316408,E2,0.7841548162356756
A2,GLOBEX_1day,2,23,1.0534544773889023,0.9873258686337408,0.8265352570316408,E4,0.9216413109586178
A2,GLOBEX_1day,2,46,1.1242073472834515,0.9251877418052986,0.770733942195615,E1_a_exp_L1-5,-0.049580477240741244
A2,GLOBEX_1day,2,46,1.1242073472834515,0.9251877418052986,0.770733942195615,E1_a_exp_L1-10,-0.05002945111759006
A2,GLOBEX_1day,2,46,1.1242073472834515,0.9251877418052986,0.770733942195615,E1_d_model_L1-5,0.04837998379674714
A2,GLOBEX_1day,2,46,1.1242073472834515,0.9251877418052986,0.770733942195615,E1_d_model_L1-10,0.039794556504889396
A2,GLOBEX_1day,2,46,1.1242073472834515,0.9251877418052986,0.770733942195615,E2,0.8263222502782439
A2,GLOBEX_1day,2,46,1.1242073472834515,0.9251877418052986,0.770733942195615,E4,0.9550776904668554
A2,GLOBEX_1day,2,138,1.1901801947138608,0.8739036841426854,0.7325729031793154,E1_a_exp_L1-5,-0.08333456220481475
A2,GLOBEX_1day,2,138,1.1901801947138608,0.8739036841426854,0.7325729031793154,E1_a_exp_L1-10,-0.08413178923866124
A2,GLOBEX_1day,2,138,1.1901801947138608,0.8739036841426854,0.7325729031793154,E1_d_model_L1-5,0.08473698049944522
A2,GLOBEX_1day,2,138,1.1901801947138608,0.8739036841426854,0.7325729031793154,E1_d_model_L1-10,0.0703878356802392
A2,GLOBEX_1day,2,138,1.1901801947138608,0.8739036841426854,0.7325729031793154,E2,0.872257423889744
A2,GLOBEX_1day,2,138,1.1901801947138608,0.8739036841426854,0.7325729031793154,E4,0.9838135171774557
A2,GLOBEX_1day,2,345,1.2023837722413644,0.8650340107428804,0.7147456755569003,E1_a_exp_L1-5,-0.09893544075905591
A2,GLOBEX_1day,2,345,1.2023837722413644,0.8650340107428804,0.7147456755569003,E1_a_exp_L1-10,-0.09889636251910387
A2,GLOBEX_1day,2,345,1.2023837722413644,0.8650340107428804,0.7147456755569003,E1_d_model_L1-5,0.07375003814259005
A2,GLOBEX_1day,2,345,1.2023837722413644,0.8650340107428804,0.7147456755569003,E1_d_model_L1-10,0.07041012584617158
A2,GLOBEX_1day,2,345,1.2023837722413644,0.8650340107428804,0.7147456755569003,E2,0.8853245619182973
A2,GLOBEX_1day,2,345,1.2023837722413644,0.8650340107428804,0.7147456755569003,E4,0.993395303313799
A2,GLOBEX_1day,2,1379,1.2042317545741612,0.863706552333775,0.6989355824926833,E1_a_exp_L1-5,-0.10060172906507786
A2,GLOBEX_1day,2,1379,1.2042317545741612,0.863706552333775,0.6989355824926833,E1_a_exp_L1-10,-0.10051402702630573
A2,GLOBEX_1day,2,1379,1.2042317545741612,0.863706552333775,0.6989355824926833,E1_d_model_L1-5,0.08185448717081834
A2,GLOBEX_1day,2,1379,1.2042317545741612,0.863706552333775,0.6989355824926833,E1_d_model_L1-10,0.07375116534553108
A2,GLOBEX_1day,2,1379,1.2042317545741612,0.863706552333775,0.6989355824926833,E2,0.8922377789357264
A2,GLOBEX_1day,2,1379,1.2042317545741612,0.863706552333775,0.6989355824926833,E4,0.9983390406283288
A2,GLOBEX_1day,3,5,0.725140973035366,1.446415620383523,0.8985110729505869,E1_a_exp_L1-5,0.0021310369028412343
A2,GLOBEX_1day,3,5,0.725140973035366,1.446415620383523,0.8985110729505869,E1_a_exp_L1-10,0.002968323975777947
A2,GLOBEX_1day,3,5,0.725140973035366,1.446415620383523,0.8985110729505869,E1_d_model_L1-5,0.002292577931199351
A2,GLOBEX_1day,3,5,0.725140973035366,1.446415620383523,0.8985110729505869,E1_d_model_L1-10,0.0037340144960193067
A2,GLOBEX_1day,3,5,0.725140973035366,1.446415620383523,0.8985110729505869,E2,0.5284422354823469
A2,GLOBEX_1day,3,5,0.725140973035366,1.446415620383523,0.8985110729505869,E4,0.8544234840762663
A2,GLOBEX_1day,3,6,0.7781028178220978,1.347964827211648,0.9011069656849017,E1_a_exp_L1-5,-0.010613276348435
A2,GLOBEX_1day,3,6,0.7781028178220978,1.347964827211648,0.9011069656849017,E1_a_exp_L1-10,-0.013359938325974484
A2,GLOBEX_1day,3,6,0.7781028178220978,1.347964827211648,0.9011069656849017,E1_d_model_L1-5,-0.009979980912285575
A2,GLOBEX_1day,3,6,0.7781028178220978,1.347964827211648,0.9011069656849017,E1_d_model_L1-10,-0.016968216727681798
A2,GLOBEX_1day,3,6,0.7781028178220978,1.347964827211648,0.9011069656849017,E2,0.564642174700746
A2,GLOBEX_1day,3,6,0.7781028178220978,1.347964827211648,0.9011069656849017,E4,0.8422900826705029
A2,GLOBEX_1day,3,10,0.9007840666459754,1.1643803095716607,0.8906293395267048,E1_a_exp_L1-5,0.05349553403238753
A2,GLOBEX_1day,3,10,0.9007840666459754,1.1643803095716607,0.8906293395267048,E1_a_exp_L1-10,0.05359413194182235
A2,GLOBEX_1day,3,10,0.9007840666459754,1.1643803095716607,0.8906293395267048,E1_d_model_L1-5,-0.0368120593746018
A2,GLOBEX_1day,3,10,0.9007840666459754,1.1643803095716607,0.8906293395267048,E1_d_model_L1-10,-0.03684125607415582
A2,GLOBEX_1day,3,10,0.9007840666459754,1.1643803095716607,0.8906293395267048,E2,0.7014133285219211
A2,GLOBEX_1day,3,10,0.9007840666459754,1.1643803095716607,0.8906293395267048,E4,0.8659284732189341
A2,GLOBEX_1day,3,12,0.9440828141813261,1.1109779932685133,0.8731192690250825,E1_a_exp_L1-5,0.05064059818230761
A2,GLOBEX_1day,3,12,0.9440828141813261,1.1109779932685133,0.8731192690250825,E1_a_exp_L1-10,0.050650373032491085
A2,GLOBEX_1day,3,12,0.9440828141813261,1.1109779932685133,0.8731192690250825,E1_d_model_L1-5,-0.03441087731202309
A2,GLOBEX_1day,3,12,0.9440828141813261,1.1109779932685133,0.8731192690250825,E1_d_model_L1-10,-0.03438444618992479
A2,GLOBEX_1day,3,12,0.9440828141813261,1.1109779932685133,0.8731192690250825,E2,0.7199945995212842
A2,GLOBEX_1day,3,12,0.9440828141813261,1.1109779932685133,0.8731192690250825,E4,0.8781951052995449
A2,GLOBEX_1day,3,23,1.0117892278098715,1.0366341146454212,0.8208881677956802,E1_a_exp_L1-5,0.07736289268038356
A2,GLOBEX_1day,3,23,1.0117892278098715,1.0366341146454212,0.8208881677956802,E1_a_exp_L1-10,0.07730941842518906
A2,GLOBEX_1day,3,23,1.0117892278098715,1.0366341146454212,0.8208881677956802,E1_d_model_L1-5,-0.056785319086805834
A2,GLOBEX_1day,3,23,1.0117892278098715,1.0366341146454212,0.8208881677956802,E1_d_model_L1-10,-0.056786327390940874
A2,GLOBEX_1day,3,23,1.0117892278098715,1.0366341146454212,0.8208881677956802,E2,0.8014245920653433
A2,GLOBEX_1day,3,23,1.0117892278098715,1.0366341146454212,0.8208881677956802,E4,0.9218352339931823
A2,GLOBEX_1day,3,46,1.0752009083584824,0.9754969719842925,0.7581618632340138,E1_a_exp_L1-5,0.07156732059874846
A2,GLOBEX_1day,3,46,1.0752009083584824,0.9754969719842925,0.7581618632340138,E1_a_exp_L1-10,0.07154153432956063
A2,GLOBEX_1day,3,46,1.0752009083584824,0.9754969719842925,0.7581618632340138,E1_d_model_L1-5,-0.05627676904472483
A2,GLOBEX_1day,3,46,1.0752009083584824,0.9754969719842925,0.7581618632340138,E1_d_model_L1-10,-0.056289853935926754
A2,GLOBEX_1day,3,46,1.0752009083584824,0.9754969719842925,0.7581618632340138,E2,0.8377207640572175
A2,GLOBEX_1day,3,46,1.0752009083584824,0.9754969719842925,0.7581618632340138,E4,0.9565146893814273
A2,GLOBEX_1day,3,138,1.1413963620206644,0.9189228783957447,0.7236992603733962,E1_a_exp_L1-5,0.07052223171161891
A2,GLOBEX_1day,3,138,1.1413963620206644,0.9189228783957447,0.7236992603733962,E1_a_exp_L1-10,0.07046470500527997
A2,GLOBEX_1day,3,138,1.1413963620206644,0.9189228783957447,0.7236992603733962,E1_d_model_L1-5,-0.06006564809389946
A2,GLOBEX_1day,3,138,1.1413963620206644,0.9189228783957447,0.7236992603733962,E1_d_model_L1-10,-0.060068626328297126
A2,GLOBEX_1day,3,138,1.1413963620206644,0.9189228783957447,0.7236992603733962,E2,0.8803297566909682
A2,GLOBEX_1day,3,138,1.1413963620206644,0.9189228783957447,0.7236992603733962,E4,0.9839052269973084
A2,GLOBEX_1day,3,345,1.1587692434991972,0.9051459004997202,0.7121822491406056,E1_a_exp_L1-5,0.07698843065459852
A2,GLOBEX_1day,3,345,1.1587692434991972,0.9051459004997202,0.7121822491406056,E1_a_exp_L1-10,0.0769560643930025
A2,GLOBEX_1day,3,345,1.1587692434991972,0.9051459004997202,0.7121822491406056,E1_d_model_L1-5,-0.06144621444972988
A2,GLOBEX_1day,3,345,1.1587692434991972,0.9051459004997202,0.7121822491406056,E1_d_model_L1-10,-0.061452640519377585
A2,GLOBEX_1day,3,345,1.1587692434991972,0.9051459004997202,0.7121822491406056,E2,0.8971818086312187
A2,GLOBEX_1day,3,345,1.1587692434991972,0.9051459004997202,0.7121822491406056,E4,0.9934892442019769
A2,GLOBEX_1day,3,1379,1.1699532656791511,0.8964932712672125,0.696370382662076,E1_a_exp_L1-5,0.07233615878861756
A2,GLOBEX_1day,3,1379,1.1699532656791511,0.8964932712672125,0.696370382662076,E1_a_exp_L1-10,0.07227334550049276
A2,GLOBEX_1day,3,1379,1.1699532656791511,0.8964932712672125,0.696370382662076,E1_d_model_L1-5,-0.057222340481263304
A2,GLOBEX_1day,3,1379,1.1699532656791511,0.8964932712672125,0.696370382662076,E1_d_model_L1-10,-0.057204925763422836
A2,GLOBEX_1day,3,1379,1.1699532656791511,0.8964932712672125,0.696370382662076,E2,0.9059436744701598
A2,GLOBEX_1day,3,1379,1.1699532656791511,0.8964932712672125,0.696370382662076,E4,0.9983535439160395
A2,GLOBEX_1day,4,5,0.7297730374795688,1.4508486442190687,0.9121785538476016,E1_a_exp_L1-5,-0.02910095910519289
A2,GLOBEX_1day,4,5,0.7297730374795688,1.4508486442190687,0.9121785538476016,E1_a_exp_L1-10,-0.03059190548559467
A2,GLOBEX_1day,4,5,0.7297730374795688,1.4508486442190687,0.9121785538476016,E1_d_model_L1-5,0.05467909866529839
A2,GLOBEX_1day,4,5,0.7297730374795688,1.4508486442190687,0.9121785538476016,E1_d_model_L1-10,0.003822190180823953
A2,GLOBEX_1day,4,5,0.7297730374795688,1.4508486442190687,0.9121785538476016,E2,0.5173239863138696
A2,GLOBEX_1day,4,5,0.7297730374795688,1.4508486442190687,0.9121785538476016,E4,0.8488382201488137
A2,GLOBEX_1day,4,6,0.7808192209620625,1.3559991782865028,0.9108240647198294,E1_a_exp_L1-5,0.07158201721126335
A2,GLOBEX_1day,4,6,0.7808192209620625,1.3559991782865028,0.9108240647198294,E1_a_exp_L1-10,0.07160772556590812
A2,GLOBEX_1day,4,6,0.7808192209620625,1.3559991782865028,0.9108240647198294,E1_d_model_L1-5,-0.06807417476763132
A2,GLOBEX_1day,4,6,0.7808192209620625,1.3559991782865028,0.9108240647198294,E1_d_model_L1-10,-0.06810506329549565
A2,GLOBEX_1day,4,6,0.7808192209620625,1.3559991782865028,0.9108240647198294,E2,0.5946292790733003
A2,GLOBEX_1day,4,6,0.7808192209620625,1.3559991782865028,0.9108240647198294,E4,0.8452257017144276
A2,GLOBEX_1day,4,10,0.9241890237313826,1.1456424982629998,0.8979673758052219,E1_a_exp_L1-5,0.020351351575218793
A2,GLOBEX_1day,4,10,0.9241890237313826,1.1456424982629998,0.8979673758052219,E1_a_exp_L1-10,0.02056311638527821
A2,GLOBEX_1day,4,10,0.9241890237313826,1.1456424982629998,0.8979673758052219,E1_d_model_L1-5,-0.025434119682508537
A2,GLOBEX_1day,4,10,0.9241890237313826,1.1456424982629998,0.8979673758052219,E1_d_model_L1-10,-0.02548357037020607
A2,GLOBEX_1day,4,10,0.9241890237313826,1.1456424982629998,0.8979673758052219,E2,0.7000929971393878
A2,GLOBEX_1day,4,10,0.9241890237313826,1.1456424982629998,0.8979673758052219,E4,0.8673234965935893
A2,GLOBEX_1day,4,12,0.9744233682659141,1.0865813120831547,0.8775494615869,E1_a_exp_L1-5,0.006176494121579027
A2,GLOBEX_1day,4,12,0.9744233682659141,1.0865813120831547,0.8775494615869,E1_a_exp_L1-10,0.002781113780395642
A2,GLOBEX_1day,4,12,0.9744233682659141,1.0865813120831547,0.8775494615869,E1_d_model_L1-5,0.0066202979218484255
A2,GLOBEX_1day,4,12,0.9744233682659141,1.0865813120831547,0.8775494615869,E1_d_model_L1-10,-0.01970304391791468
A2,GLOBEX_1day,4,12,0.9744233682659141,1.0865813120831547,0.8775494615869,E2,0.7146880103385416
A2,GLOBEX_1day,4,12,0.9744233682659141,1.0865813120831547,0.8775494615869,E4,0.8772127503122832
A2,GLOBEX_1day,4,23,1.0723520960840482,0.9873531518997269,0.8305721425065204,E1_a_exp_L1-5,-0.006630067687586507
A2,GLOBEX_1day,4,23,1.0723520960840482,0.9873531518997269,0.8305721425065204,E1_a_exp_L1-10,-0.006980997831682409
A2,GLOBEX_1day,4,23,1.0723520960840482,0.9873531518997269,0.8305721425065204,E1_d_model_L1-5,-0.010434405758869681
A2,GLOBEX_1day,4,23,1.0723520960840482,0.9873531518997269,0.8305721425065204,E1_d_model_L1-10,-0.010427561127539089
A2,GLOBEX_1day,4,23,1.0723520960840482,0.9873531518997269,0.8305721425065204,E2,0.8096238635752852
A2,GLOBEX_1day,4,23,1.0723520960840482,0.9873531518997269,0.8305721425065204,E4,0.920590182794188
A2,GLOBEX_1day,4,46,1.1149973952430476,0.949589861404177,0.7775705343875446,E1_a_exp_L1-5,-0.006189166031251855
A2,GLOBEX_1day,4,46,1.1149973952430476,0.949589861404177,0.7775705343875446,E1_a_exp_L1-10,-0.006425648063740453
A2,GLOBEX_1day,4,46,1.1149973952430476,0.949589861404177,0.7775705343875446,E1_d_model_L1-5,-0.004924933880013858
A2,GLOBEX_1day,4,46,1.1149973952430476,0.949589861404177,0.7775705343875446,E1_d_model_L1-10,-0.006592384563946515
A2,GLOBEX_1day,4,46,1.1149973952430476,0.949589861404177,0.7775705343875446,E2,0.8604957300602192
A2,GLOBEX_1day,4,46,1.1149973952430476,0.949589861404177,0.7775705343875446,E4,0.956685836641774
A2,GLOBEX_1day,4,138,1.1745128156104594,0.9014718340595986,0.7308235599380463,E1_a_exp_L1-5,-0.008079440535578122
A2,GLOBEX_1day,4,138,1.1745128156104594,0.9014718340595986,0.7308235599380463,E1_a_exp_L1-10,-0.010751735656976584
A2,GLOBEX_1day,4,138,1.1745128156104594,0.9014718340595986,0.7308235599380463,E1_d_model_L1-5,-0.006562598909888263
A2,GLOBEX_1day,4,138,1.1745128156104594,0.9014718340595986,0.7308235599380463,E1_d_model_L1-10,-0.01850391697102041
A2,GLOBEX_1day,4,138,1.1745128156104594,0.9014718340595986,0.7308235599380463,E2,0.8936278589654538
A2,GLOBEX_1day,4,138,1.1745128156104594,0.9014718340595986,0.7308235599380463,E4,0.984004683788161
A2,GLOBEX_1day,4,345,1.184501275162445,0.8938700567204194,0.721841754022559,E1_a_exp_L1-5,-0.00939022843093357
A2,GLOBEX_1day,4,345,1.184501275162445,0.8938700567204194,0.721841754022559,E1_a_exp_L1-10,-0.012596068112243418
A2,GLOBEX_1day,4,345,1.184501275162445,0.8938700567204194,0.721841754022559,E1_d_model_L1-5,-0.008155143886052648
A2,GLOBEX_1day,4,345,1.184501275162445,0.8938700567204194,0.721841754022559,E1_d_model_L1-10,-0.020365004031173323
A2,GLOBEX_1day,4,345,1.184501275162445,0.8938700567204194,0.721841754022559,E2,0.9104604397332902
A2,GLOBEX_1day,4,345,1.184501275162445,0.8938700567204194,0.721841754022559,E4,0.9935380887970525
A2,GLOBEX_1day,4,1379,1.18748432703588,0.8916245864547503,0.7073081656158884,E1_a_exp_L1-5,-0.010534266194029912
A2,GLOBEX_1day,4,1379,1.18748432703588,0.8916245864547503,0.7073081656158884,E1_a_exp_L1-10,-0.01571741896608155
A2,GLOBEX_1day,4,1379,1.18748432703588,0.8916245864547503,0.7073081656158884,E1_d_model_L1-5,-0.009853016987563263
A2,GLOBEX_1day,4,1379,1.18748432703588,0.8916245864547503,0.7073081656158884,E1_d_model_L1-10,-0.03487498378961941
A2,GLOBEX_1day,4,1379,1.18748432703588,0.8916245864547503,0.7073081656158884,E2,0.9151283098971352
A2,GLOBEX_1day,4,1379,1.18748432703588,0.8916245864547503,0.7073081656158884,E4,0.9983775108506799
