root,geom,btag,horizon,scheme,model,n,ic_pearson_log,r2_oos,ic_ir,ic_ir_n_blocks,ic_ir_block_len_windows,hit_rate,qlike_mean,lam_E2,ic_corrected_E2,r2_corrected_E2,lam_E4,ic_corrected_E4,r2_corrected_E4,lam_INT,ic_corrected_INT,r2_corrected_INT
ES,GLOBEX,B0,1day,S-A,M1_EWMA,1453,0.7045304150663971,0.45679847755265734,1.2404342421529033,23,63,0.5179063360881543,0.2934477716219317,0.8460494955211045,0.7659525409489004,0.539919330926736,0.9980149611159255,0.7052307179698653,0.45770704383217903,0.9932567898516397,0.7069178946542122,0.4598996777267319
ES,GLOBEX,B0,1day,S-A,M2_HAR,1453,0.8385490478795845,0.6822516929753322,4.104616793786671,23,63,0.400137741046832,0.16203603169093175,0.8460494955211045,0.9116551396480415,0.8063969030028381,0.9980149611159255,0.8393825652414646,0.6836086827921656,0.9932567898516397,0.8413906835171397,0.6868834927141434
ES,GLOBEX,B0,1day,S-A,M3_HARJ,1453,0.8112814622302527,0.6359362393638683,3.4196317589270437,23,63,0.4297520661157025,0.2137159286814528,0.8460494955211045,0.8820103208197739,0.7516537067044502,0.9980149611159255,0.812087875624735,0.6372011083409004,0.9932567898516397,0.8140306947539684,0.6402536039636403
ES,GLOBEX,B0,1day,S-A,M4_HARQ,1453,0.7838842495314428,0.5649069647818717,3.686545501974707,23,63,0.4035812672176309,0.890886288201179,0.8460494955211045,0.852224573841635,0.6676996650579295,0.9980149611159255,0.7846634301093005,0.5660305574479804,0.9932567898516397,0.7865406396672606,0.5687421123657765
ES,GLOBEX,B0,1day,S-A,M5_RGARCH,1453,0.8327314570230117,0.6591622208732474,3.7676823304458735,23,63,0.4049586776859504,0.1642178442038731,0.8460494955211045,0.9053303616065241,0.7791059794524807,0.9980149611159255,0.833559191702298,0.6604732860279052,0.9932567898516397,0.8355533782818497,0.6636372664230212
ES,GLOBEX,B0,1day,S-A,M6_PARK,1453,0.762120401203652,0.3188170369663601,3.2561403505745727,23,63,0.5082644628099173,0.5459487006020989,0.8460494955211045,0.828563317249999,0.37683024297531453,0.9980149611159255,0.7628779485264384,0.3194511599404045,0.9932567898516397,0.7647030390322256,0.320981482556974
ES,GLOBEX,B0,1day,S-A,M6_GK,1453,0.7723841906226847,0.3921773945054089,3.5070575815471203,23,63,0.49173553719008267,0.468315943654783,0.8460494955211045,0.8397219207923764,0.4635395406315517,0.9980149611159255,0.7731519401473591,0.39295743028430924,0.9932567898516397,0.7750016098988829,0.3948398828101517
ES,GLOBEX,B0,1day,S-B_q0.80,M1_EWMA,291,0.4492290076567435,-0.7664062911349814,2.1529927621527745,4,63,0.5344827586206896,0.5699179787917978,0.8460494955211045,0.4883935349337726,-0.9058646038940443,0.9980149611159255,0.44967554108050556,-0.7679306633620282,0.9932567898516397,0.450751333823363,-0.7716094155766684
ES,GLOBEX,B0,1day,S-B_q0.80,M2_HAR,291,0.6951132666936553,-0.022658092831709276,2.1108418935186437,4,63,0.43103448275862066,0.3130017666546417,0.8460494955211045,0.7557143900183765,-0.026781048805842676,0.9980149611159255,0.6958042089560399,-0.022703159486080492,0.9932567898516397,0.6974688338912675,-0.022811918391309118
ES,GLOBEX,B0,1day,S-B_q0.80,M3_HARJ,291,0.6927395411904734,-0.11947085417987635,1.9354133189177807,4,63,0.44482758620689655,0.42024509049216413,0.8460494955211045,0.7531337192030421,-0.14121024220490913,0.9980149611159255,0.6934281239708168,-0.11970848016776282,0.9932567898516397,0.6950870644185639,-0.12028194058227522
ES,GLOBEX,B0,1day,S-B_q0.80,M4_HARQ,291,0.5432180971278512,-0.44427641964888154,1.5568924288652748,4,63,0.4482758620689655,1.5425686370423026,0.8460494955211045,0.5905767485500134,-0.5251187099582629,0.9980149611159255,0.5437580556626423,-0.44516007971675703,0.9932567898516397,0.5450589291074077,-0.4472926077004135
ES,GLOBEX,B0,1day,S-B_q0.80,M5_RGARCH,291,0.6765590173178727,0.18413643626450205,2.2583049989075317,4,63,0.4689655172413793,0.23891623094958062,0.8460494955211045,0.7355425505195228,0.21764262875789256,0.9980149611159255,0.6772315166650451,0.18450268126102118,0.9932567898516397,0.6788517087464555,0.18538653663974053
ES,GLOBEX,B0,1day,S-B_q0.80,M6_PARK,291,0.6231613128174105,-0.6267647402183834,2.6632605590256837,4,63,0.5413793103448276,0.5788402542793156,0.8460494955211045,0.6774895458964179,-0.740813325386291,0.9980149611159255,0.6237807348712531,-0.62801136720192,0.9932567898516397,0.6252730526123877,-0.6310198396046219
ES,GLOBEX,B0,1day,S-B_q0.80,M6_GK,291,0.604868159966363,-0.5734147683514554,2.633747270352582,4,63,0.503448275862069,0.5560194509542857,0.8460494955211045,0.6576015657488099,-0.67775558213444,0.9980149611159255,0.605469398634817,-0.5745552829291202,0.9932567898516397,0.6069179087839536,-0.577307675326443
ES,GLOBEX,B0,1day,S-C_q0.80,M1_EWMA,291,0.4979058673877393,0.10566712318810934,1.9559658940028897,4,63,0.5758620689655173,0.41788840142678263,0.8460494955211045,0.5413141237388076,0.12489472985623155,0.9980149611159255,0.49840078558733547,0.10587729373311014,0.9932567898516397,0.4995931474108871,0.10638449620253045
ES,GLOBEX,B0,1day,S-C_q0.80,M2_HAR,291,0.7232245279045781,0.5046488266415062,2.934834890296083,4,63,0.43103448275862066,0.1807136705663044,0.8460494955211045,0.786276437437941,0.5964767183398407,0.9980149611159255,0.7239434127474748,0.5056525666481348,0.9932567898516397,0.7256753572241563,0.508074882344257
ES,GLOBEX,B0,1day,S-C_q0.80,M3_HARJ,291,0.6449375394141443,0.3335639590285402,2.142940872689401,4,63,0.44482758620689655,0.4063266885049442,0.8460494955211045,0.7011642599149395,0.39426057316314483,0.9980149611159255,0.6455786070270517,0.3342274134403429,0.9932567898516397,0.6471230734632625,0.335828521321625
ES,GLOBEX,B0,1day,S-C_q0.80,M4_HARQ,291,0.5276081978209214,0.12949234705424917,4.058173324352556,4,63,0.46551724137931033,1.4469042491152937,0.8460494955211045,0.5736059524248063,0.1530552854647013,0.9980149611159255,0.5281326401230932,0.12974990566219363,0.9932567898516397,0.5293961317067035,0.1303714692688797
ES,GLOBEX,B0,1day,S-C_q0.80,M5_RGARCH,291,0.7293767091638849,0.4561689076708636,3.00735431321332,4,63,0.46206896551724136,0.17349337058001868,0.8460494955211045,0.7929649760264419,0.539175202025145,0.9980149611159255,0.7301017092720794,0.45707622174401136,0.9932567898516397,0.7318483867064255,0.45926583370147456
ES,GLOBEX,B0,1day,S-C_q0.80,M6_PARK,291,0.6521518380343301,0.27973027050952226,2.696267914670091,4,63,0.5758620689655173,0.30890374715637825,0.8460494955211045,0.709007513011081,0.3306310942685793,0.9980149611159255,0.6528000766566959,0.28028665040927164,0.9932567898516397,0.6543618195598492,0.2816293564439714
ES,GLOBEX,B0,1day,S-C_q0.80,M6_GK,291,0.6209240796833728,0.2679938967588583,2.4771540330441146,4,63,0.5482758620689655,0.28906325635736546,0.8460494955211045,0.6750572670805348,0.3167591236418074,0.9980149611159255,0.6215412779285253,0.2685269331626074,0.9932567898516397,0.6230282380477596,0.26981330457241365
ES,GLOBEX,B0,1day,S-B_q0.90,M1_EWMA,146,0.4700419192909958,-1.5003984916616386,,2,63,0.5724137931034483,0.8784151376618563,0.8460494955211045,0.5110209505994229,-1.773416921355769,0.9980149611159255,0.47050914073919997,-1.5033827649076277,0.9932567898516397,0.47163477527524583,-1.510584681616674
ES,GLOBEX,B0,1day,S-B_q0.90,M2_HAR,146,0.7186242463118304,-0.37241432894579285,,2,63,0.43448275862068964,0.4637663563088845,0.8460494955211045,0.7812750956935771,-0.44018030968319755,0.9980149611159255,0.7193385584769728,-0.37315505624222267,0.9932567898516397,0.7210594864131634,-0.3749426460013623
ES,GLOBEX,B0,1day,S-B_q0.90,M3_HARJ,146,0.7311165548502258,-0.37810493065358664,,2,63,0.47586206896551725,0.4601076278646905,0.8460494955211045,0.7948565043349624,-0.44690639573125884,0.9980149611159255,0.7318432843642197,-0.3788569764834091,0.9932567898516397,0.73359412830013,-0.3806718811457239
ES,GLOBEX,B0,1day,S-B_q0.90,M4_HARQ,146,0.5445901789156635,-1.0293271662625467,,2,63,0.45517241379310347,2.87237506225974,0.8460494955211045,0.5920684506955702,-1.216627598871809,0.9980149611159255,0.5451315012991108,-1.0313744847187558,0.9932567898516397,0.5464356605415536,-1.0363152578260197
ES,GLOBEX,B0,1day,S-B_q0.90,M5_RGARCH,146,0.6960427873524582,-0.02628657092402631,,2,63,0.45517241379310347,0.34083672088309697,0.8460494955211045,0.7567249478243265,-0.031069779088793978,0.9980149611159255,0.6967346535579434,-0.026338854574518712,0.9932567898516397,0.6984015044660312,-0.02646503018414067
ES,GLOBEX,B0,1day,S-B_q0.90,M6_PARK,146,0.6544806771796566,-0.6898890418378323,,2,63,0.5517241379310345,0.666965836444199,0.8460494955211045,0.7115393842017038,-0.815423973999194,0.9980149611159255,0.655131230667045,-0.6912612222430377,0.9932567898516397,0.6566985505659156,-0.6945726914596569
ES,GLOBEX,B0,1day,S-B_q0.90,M6_GK,146,0.6228522494791171,-0.715531051167346,,2,63,0.5172413793103449,0.6741350691760258,0.8460494955211045,0.6771535379055383,-0.8457319045224787,0.9980149611159255,0.6234713643241458,-0.7169542331983466,0.9932567898516397,0.6249629419347663,-0.7203887841272378
ES,GLOBEX,B0,1day,S-C_q0.90,M1_EWMA,146,0.5017691607918309,0.031934877104381476,,2,63,0.5655172413793104,0.5133444567200415,0.8460494955211045,0.545514225446292,0.03774587334835763,0.9980149611159255,0.5022679191032661,0.03199839516300803,0.9932567898516397,0.5034695325622571,0.03215168265716211
ES,GLOBEX,B0,1day,S-C_q0.90,M2_HAR,146,0.7515524643534297,0.5407350724368629,,2,63,0.4482758620689655,0.16073781960486572,0.8460494955211045,0.8170740502007511,0.6391293598063192,0.9980149611159255,0.7522995071519236,0.5418105875208952,0.9932567898516397,0.7540992900538458,0.5444061172918145
ES,GLOBEX,B0,1day,S-C_q0.90,M3_HARJ,146,0.6477698173693207,0.22442174339331722,,2,63,0.4413793103448276,0.6166654939679644,0.8460494955211045,0.7042434605428307,0.2652584093263833,0.9980149611159255,0.6484137002651925,0.2248681153460677,0.9932567898516397,0.6499649493089775,0.22594534030503688
ES,GLOBEX,B0,1day,S-C_q0.90,M4_HARQ,146,0.5691767260848912,0.18828194687932043,,2,63,0.4896551724137931,0.7953490851823679,0.8460494955211045,0.6187984936783918,0.2225424728412048,0.9980149611159255,0.5697424874847395,0.1886564372429787,0.9932567898516397,0.5711055254473134,0.1895601910835602
ES,GLOBEX,B0,1day,S-C_q0.90,M5_RGARCH,146,0.7756351924331365,0.5238912886219782,,2,63,0.45517241379310347,0.15234295172192494,0.8460494955211045,0.8432563503132231,0.6192206146276342,0.9980149611159255,0.7764061734520918,0.5249333016372738,0.9932567898516397,0.778263628551612,0.5274479812015487
ES,GLOBEX,B0,1day,S-C_q0.90,M6_PARK,146,0.695146006696968,0.3752281711518819,,2,63,0.6068965517241379,0.3121015116188408,0.8460494955211045,0.7557499843492838,0.4435061697197382,0.9980149611159255,0.6958369815029006,0.37597449514416337,0.9932567898516397,0.6975016848423661,0.3777755913532983
ES,GLOBEX,B0,1day,S-C_q0.90,M6_GK,146,0.664388046181559,0.36040158007016965,,2,63,0.5517241379310345,0.2941709354164159,0.8460494955211045,0.7223104940059701,0.42598167362323014,0.9980149611159255,0.6650484475891073,0.3611184141640406,0.9932567898516397,0.6666394931946695,0.36284834269695954
ES,GLOBEX,B0,1h,S-B_q0.80,M1_EWMA,8167,0.5373757643103916,-0.8949810864155687,0.9263941247340356,129,63,0.4752632867989224,1.1627531234771769,,,,,,,,,
ES,GLOBEX,B0,1h,S-B_q0.80,M2_HAR,8167,0.667719368806322,0.003544925795494147,2.4605399711999114,129,63,0.4942444281165809,0.5512519327029323,,,,,,,,,
ES,GLOBEX,B0,1h,S-B_q0.80,M3_HARJ,8167,0.6662306602747383,0.0017606449438575256,2.3885318541960574,129,63,0.49510164095028164,0.5565748125213408,,,,,,,,,
ES,GLOBEX,B0,1h,S-B_q0.80,M4_HARQ,8167,0.6517554692824453,-0.038684404834317565,2.355362733965565,129,63,0.49485672299779576,0.6654815691228679,,,,,,,,,
ES,GLOBEX,B0,1h,S-B_q0.80,M6_PARK,8167,0.5772660913882179,-0.9448502928506621,2.0044765562420266,129,63,0.5135929463629684,1.5412890688935241,,,,,,,,,
ES,GLOBEX,B0,1h,S-B_q0.80,M6_GK,8167,0.5879805153272389,-0.7906343088744925,2.0629868593585483,129,63,0.5110213078618663,1.4130625227868063,,,,,,,,,
ES,GLOBEX,B0,1h,S-B_q0.90,M1_EWMA,4084,0.5405341653357464,-1.631547684767444,0.9268226319332089,64,63,0.48273328434974283,1.5388363956752156,,,,,,,,,
ES,GLOBEX,B0,1h,S-B_q0.90,M2_HAR,4084,0.630284243876498,-0.5442592529937287,1.9880420094652795,64,63,0.49155033063923587,0.8251577189059586,,,,,,,,,
ES,GLOBEX,B0,1h,S-B_q0.90,M3_HARJ,4084,0.6284497247747389,-0.5493155660945142,1.9442775720803334,64,63,0.4917952485917218,0.8333967159140272,,,,,,,,,
ES,GLOBEX,B0,1h,S-B_q0.90,M4_HARQ,4084,0.5993705574184139,-0.5534681313638949,1.8633323144065395,64,63,0.491060494734264,1.0122079861074773,,,,,,,,,
ES,GLOBEX,B0,1h,S-B_q0.90,M6_PARK,4084,0.5178394505861462,-1.5442018542814777,1.7285623340888203,64,63,0.5069801616458487,2.061474020503435,,,,,,,,,
ES,GLOBEX,B0,1h,S-B_q0.90,M6_GK,4084,0.5303942892939075,-1.36652462675006,1.8239602944855529,64,63,0.5052657359784473,1.9197482275320772,,,,,,,,,
ES,GLOBEX,B0,30min,S-A,M1_EWMA,13019,0.45766390620720804,0.026541945011451462,0.8470679168633789,206,63,0.47180826547856813,0.8135405288064455,,,,,,,,,
ES,GLOBEX,B0,30min,S-A,M2_HAR,13019,0.7450464089594865,0.22076643926997175,9.710268363441584,206,63,0.3957597173144876,0.5060036701730647,,,,,,,,,
ES,GLOBEX,B0,30min,S-A,M3_HARJ,13019,0.7511636703954343,0.2299849788392766,10.161225828398933,206,63,0.39906283607312953,0.5033562122823256,,,,,,,,,
ES,GLOBEX,B0,30min,S-A,M4_HARQ,13019,0.7959775829203045,0.4408018732309812,11.078960550060122,206,63,0.3956060838838531,0.42130842771444094,,,,,,,,,
ES,GLOBEX,B0,30min,S-A,M6_GK,13019,0.8096879367462215,0.527740902434966,11.20275446273461,206,63,0.4465355661391919,0.7487012610233121,,,,,,,,,
ES,GLOBEX,B0,30min,S-B_q0.80,M1_EWMA,2604,0.2560815866405042,-2.684782649102442,0.4398894553644444,41,63,0.4552439492892816,1.924397434300205,,,,,,,,,
ES,GLOBEX,B0,30min,S-B_q0.80,M2_HAR,2604,0.4793296493337922,-0.5172280946996928,2.0927275848670366,41,63,0.4517864003073377,0.6723722776625533,,,,,,,,,
ES,GLOBEX,B0,30min,S-B_q0.80,M3_HARJ,2604,0.46781018834117355,-0.524947272242452,1.967682980850432,41,63,0.4529389166346523,0.6789720761823888,,,,,,,,,
ES,GLOBEX,B0,30min,S-B_q0.80,M4_HARQ,2604,0.4719119647160456,-0.5339896171778025,2.033513402483154,41,63,0.4506338839800231,0.737294959714356,,,,,,,,,
ES,GLOBEX,B0,30min,S-B_q0.80,M6_GK,2604,0.4059668099057439,-1.7325760246820723,1.8850574294024005,41,63,0.4809834805993085,1.7583246844541933,,,,,,,,,
ES,GLOBEX,B0,30min,S-C_q0.80,M1_EWMA,2604,0.13486899936185429,-0.35124230767780773,0.5398260337454814,41,63,0.4587014982712255,1.0406049710117564,,,,,,,,,
ES,GLOBEX,B0,30min,S-C_q0.80,M2_HAR,2604,0.5415247990932887,0.21678380451883872,3.701630064276199,41,63,0.4494813676527084,0.39224331101605264,,,,,,,,,
ES,GLOBEX,B0,30min,S-C_q0.80,M3_HARJ,2604,0.544887738590499,0.2182846417741069,3.4786120473303006,41,63,0.4421820975797157,0.39710517044358545,,,,,,,,,
ES,GLOBEX,B0,30min,S-C_q0.80,M4_HARQ,2604,0.6152677557341236,0.27264991346262224,3.584335021001517,41,63,0.4479446792162889,0.37052451346773163,,,,,,,,,
ES,GLOBEX,B0,30min,S-C_q0.80,M6_GK,2604,0.6043875251053737,0.16080236626415279,2.776802852185278,41,63,0.4756050710718402,0.6651490165513999,,,,,,,,,
ES,GLOBEX,B0,30min,S-B_q0.90,M1_EWMA,1302,0.19167669763054354,-4.936068466984744,0.09918253193824479,20,63,0.46272098385857036,3.1039357377515433,,,,,,,,,
ES,GLOBEX,B0,30min,S-B_q0.90,M2_HAR,1302,0.37808790344324855,-1.7391525874675358,2.1318409754779934,20,63,0.4573405073020753,1.1800637743279767,,,,,,,,,
ES,GLOBEX,B0,30min,S-B_q0.90,M3_HARJ,1302,0.3616039281015223,-1.762403025678699,1.8828583876453835,20,63,0.45349730976172176,1.1945171567750412,,,,,,,,,
ES,GLOBEX,B0,30min,S-B_q0.90,M4_HARQ,1302,0.35449070397149696,-1.672313735717335,1.9107419290368375,20,63,0.45810914681014603,1.2844643348716485,,,,,,,,,
ES,GLOBEX,B0,30min,S-B_q0.90,M6_GK,1302,0.2839497991570175,-3.175737631983715,1.5695129760256092,20,63,0.4573405073020753,2.9376195683620296,,,,,,,,,
ES,GLOBEX,B0,30min,S-C_q0.90,M1_EWMA,1302,0.0813715775526631,-0.5303530852248983,1.0397321010061915,20,63,0.4558032282859339,1.0235508255412118,,,,,,,,,
ES,GLOBEX,B0,30min,S-C_q0.90,M2_HAR,1302,0.530724835642435,0.2512298677011191,3.8043093616477788,20,63,0.4827056110684089,0.30726363079038893,,,,,,,,,
ES,GLOBEX,B0,30min,S-C_q0.90,M3_HARJ,1302,0.5233292365207651,0.24320906335139003,3.196313391854974,20,63,0.48501152959262106,0.3189382561001631,,,,,,,,,
ES,GLOBEX,B0,30min,S-C_q0.90,M4_HARQ,1302,0.576074669422418,0.24481932798234574,3.7078651004014733,20,63,0.4819369715603382,0.27970378341675534,,,,,,,,,
ES,GLOBEX,B0,30min,S-C_q0.90,M6_GK,1302,0.5387231693371249,0.006826860619124853,2.958260137992934,20,63,0.5011529592621061,0.40134696204911846,,,,,,,,,
ES,GLOBEX,B1,1day,S-A,M1_EWMA,1453,0.7055659049166827,0.45118432906793426,1.2234440100469925,23,63,0.5241046831955923,0.29280227384611673,0.8460494955211045,0.7670783065155697,0.5332836098318784,0.9980149611159255,0.7062672370965782,0.4520817288785378,0.9932567898516397,0.7079568935238787,0.45424741484558745
ES,GLOBEX,B1,1day,S-A,M2_HAR,1453,0.8388568247650383,0.6822051379477445,4.132680589211416,23,63,0.40289256198347106,0.16278953121491713,0.8460494955211045,0.9119897490309968,0.8063418766387375,0.9980149611159255,0.8396906480569988,0.6835620351672286,0.9932567898516397,0.8416995033824506,0.6868366216249514
ES,GLOBEX,B1,1day,S-A,M3_HARJ,1453,0.8148971892642398,0.6432436683289191,3.5799769553171323,23,63,0.41597796143250687,0.19845964074027883,0.8460494955211045,0.8859412729118835,0.7602908242770455,0.9980149611159255,0.8157071966897048,0.6445230716879028,0.9932567898516397,0.8176586745939439,0.647610642988908
ES,GLOBEX,B1,1day,S-A,M4_HARQ,1453,0.7916523691923945,0.5824579143823876,3.816302384920663,23,63,0.4056473829201102,0.48638191642799455,0.8460494955211045,0.8606699310121133,0.6884442546988769,0.9980149611159255,0.7924392712775664,0.5836164156608586,0.9932567898516397,0.7943350835673503,0.5864122151829316
ES,GLOBEX,B1,1day,S-A,M5_RGARCH,1453,0.8390886218537355,0.6729997378618368,3.7936069351140116,23,63,0.41046831955922863,0.15625506211656387,0.8460494955211045,0.9122417545729512,0.7954614256312725,0.9980149611159255,0.8399226755518938,0.6743383256592922,0.9932567898516397,0.8419320859742374,0.6775687261723738
ES,GLOBEX,B1,1day,S-A,M6_PARK,1453,0.7629449247702378,0.334575134711135,3.275925227732246,23,63,0.5117079889807162,0.5268628355333752,0.8460494955211045,0.8294597241437157,0.39545574636276004,0.9980149611159255,0.7637032916690643,0.33524060033832703,0.9932567898516397,0.7655303567055565,0.336846561865547
ES,GLOBEX,B1,1day,S-A,M6_GK,1453,0.7732014217556686,0.40594855699208376,3.5246059719299985,23,63,0.49104683195592286,0.4513081465609067,0.8460494955211045,0.8406103994860785,0.4798165581814444,0.9980149611159255,0.7739699836077075,0.40675598343553326,0.9932567898516397,0.7758216104263554,0.40870453757755765
ES,GLOBEX,B1,1day,S-B_q0.80,M1_EWMA,291,0.4539006991358788,-0.7239249741905378,2.6725207361777104,4,63,0.5275862068965518,0.5550913257885545,0.8460494955211045,0.4934725121964303,-0.855653218899035,0.9980149611159255,0.45435187621878886,-0.7253648516261567,0.9932567898516397,0.45543885651121335,-0.7288396934076521
ES,GLOBEX,B1,1day,S-B_q0.80,M2_HAR,291,0.6999160020115164,-0.02393703776024081,2.4242395887567114,4,63,0.44482758620689655,0.3129883279629711,0.8460494955211045,0.7609358357381814,-0.028292715599927576,0.9980149611159255,0.7006117181905634,-0.02398464821957752,0.9932567898516397,0.7022878444930508,-0.0240995460638293
ES,GLOBEX,B1,1day,S-B_q0.80,M3_HARJ,291,0.7081121092755163,-0.06829862327406566,2.2493827711273564,4,63,0.4482758620689655,0.3493504630497889,0.8460494955211045,0.7698464931782278,-0.08072651025221486,0.9980149611159255,0.7088159723813551,-0.06843446835476083,0.9932567898516397,0.7105117263404809,-0.06876230192623929
ES,GLOBEX,B1,1day,S-B_q0.80,M4_HARQ,291,0.5480674615243333,-0.44311298485389417,2.0400349764881467,4,63,0.4482758620689655,1.5205339867938732,0.8460494955211045,0.5958488885485719,-0.5237435719773924,0.9980149611159255,0.5486122403250692,-0.44399433086496976,0.9932567898516397,0.5499247268022441,-0.44612127435854815
ES,GLOBEX,B1,1day,S-B_q0.80,M5_RGARCH,291,0.6924784706893106,0.24351179165977654,2.6245142269070527,4,63,0.4724137931034483,0.20777027013579838,0.8460494955211045,0.7528498881441463,0.2878221580993806,0.9980149611159255,0.6931667939656977,0.24399613347228286,0.9932567898516397,0.6948251092139458,0.2451649907131763
ES,GLOBEX,B1,1day,S-B_q0.80,M6_PARK,291,0.6266422015940254,-0.6246870551862231,2.7470769600550247,4,63,0.5482758620689655,0.5690320912547053,0.8460494955211045,0.6812739043090457,-0.7383575765877168,0.9980149611159255,0.6272650836496859,-0.6259295496810312,0.9932567898516397,0.6287657372614361,-0.6289280491901104
ES,GLOBEX,B1,1day,S-B_q0.80,M6_GK,291,0.6096679919158914,-0.559932303409052,2.7925099970354936,4,63,0.503448275862069,0.540020295369687,0.8460494955211045,0.6628198549798326,-0.6618197946730938,0.9980149611159255,0.6102740016150611,-0.5610460015378592,0.9932567898516397,0.611734006178606,-0.5637336780679725
ES,GLOBEX,B1,1day,S-C_q0.80,M1_EWMA,291,0.4872774532179842,0.11337416793505062,1.8982490950055309,4,63,0.5620689655172414,0.4139273041735872,0.8460494955211045,0.529759106857366,0.13400417887516194,0.9980149611159255,0.48776180677886055,0.11359966769263845,0.9932567898516397,0.48892871617027395,0.11414386399712911
ES,GLOBEX,B1,1day,S-C_q0.80,M2_HAR,291,0.7155761497240549,0.49486688746331053,2.7684786654331424,4,63,0.42758620689655175,0.18655810623383653,0.8460494955211045,0.777961261008038,0.5849148189119937,0.9980149611159255,0.7162874320826129,0.49585117131909284,0.9932567898516397,0.7180010605788013,0.49822653368141345
ES,GLOBEX,B1,1day,S-C_q0.80,M3_HARJ,291,0.6475504216577657,0.35054021831604465,2.188696559939005,4,63,0.42758620689655175,0.33605572137202233,0.8460494955211045,0.704004937550572,0.41432589957415855,0.9980149611159255,0.6481940864744027,0.3512374382885902,0.9932567898516397,0.6497448101195373,0.3529200322591341
ES,GLOBEX,B1,1day,S-C_q0.80,M4_HARQ,291,0.5203894970312222,0.12080006975499347,3.7709312918941356,4,63,0.4517241379310345,1.4300432593822774,0.8460494955211045,0.5657579133707381,0.14278132709078617,0.9980149611159255,0.5209067639481811,0.12104033953551305,0.9932567898516397,0.522152968522738,0.12162018018828452
ES,GLOBEX,B1,1day,S-C_q0.80,M5_RGARCH,291,0.7260986147374761,0.4478638737899534,2.94053367155154,4,63,0.45517241379310347,0.1695258196184997,0.8460494955211045,0.7894010919106061,0.5293589514099315,0.9980149611159255,0.726820356421342,0.44875466925784024,0.9932567898516397,0.7285591836275546,0.4509044170308161
ES,GLOBEX,B1,1day,S-C_q0.80,M6_PARK,291,0.6514928533135519,0.27914128475545097,2.7072500819989918,4,63,0.5827586206896552,0.3053612032950059,0.8460494955211045,0.7082910769133165,0.3299349343427247,0.9980149611159255,0.6521404369054131,0.27969649317013295,0.9932567898516397,0.6537006017025933,0.281036372071663
ES,GLOBEX,B1,1day,S-C_q0.80,M6_GK,291,0.6192676670592031,0.26398136354872004,2.4810612825422806,4,63,0.5482758620689655,0.2869955105518321,0.8460494955211045,0.673256445666426,0.31201645405642237,0.9980149611159255,0.6198832188309809,0.26450641907567257,0.9932567898516397,0.6213662122502697,0.26577353031550915
ES,GLOBEX,B1,1day,S-B_q0.90,M1_EWMA,146,0.4633006207213829,-1.4452538557094643,,2,63,0.5448275862068965,0.8519656966291149,0.8460494955211045,0.5036919344799363,-1.7082379498604792,0.9980149611159255,0.4637611413219579,-1.4481284469858657,0.9932567898516397,0.46487063210959256,-1.4550656692972
ES,GLOBEX,B1,1day,S-B_q0.90,M2_HAR,146,0.7154923099273596,-0.37669677233277454,,2,63,0.4206896551724138,0.46187272739619695,0.8460494955211045,0.7778701119193142,-0.44524200336619424,0.9980149611159255,0.7162035089491988,-0.377446017353861,0.9932567898516397,0.7179169366697398,-0.3792541628525296
ES,GLOBEX,B1,1day,S-B_q0.90,M3_HARJ,146,0.7286666374116183,-0.37016381852206126,,2,63,0.4413793103448276,0.450944161162065,0.8460494955211045,0.7921929990453581,-0.4375202875028812,0.9980149611159255,0.7293909317088227,-0.37090006958228805,0.9932567898516397,0.7311359086963478,-0.3726768568854704
ES,GLOBEX,B1,1day,S-B_q0.90,M4_HARQ,146,0.5400506229565208,-1.0355442067464096,,2,63,0.43448275862068964,2.8266829140983347,0.8460494955211045,0.5871331287459034,-1.2239759165728126,0.9980149611159255,0.5405874330234652,-1.0376038908159462,0.9932567898516397,0.5418807211483413,-1.0425745057338962
ES,GLOBEX,B1,1day,S-B_q0.90,M5_RGARCH,146,0.7089032974934532,0.06440724470042614,,2,63,0.43448275862068964,0.28470221226290615,0.8460494955211045,0.770706658492511,0.07612704107902811,0.9980149611159255,0.7096079470400111,0.06453534987933397,0.9932567898516397,0.7113055956998988,0.0648445048234168
ES,GLOBEX,B1,1day,S-B_q0.90,M6_PARK,146,0.6540283891965306,-0.6604755802018245,,2,63,0.5586206896551724,0.6420455598362944,0.8460494955211045,0.7110476650047641,-0.7806583228266332,0.9980149611159255,0.6546784931098751,-0.6617892576112456,0.9932567898516397,0.6562447298905106,-0.6649595421345955
ES,GLOBEX,B1,1day,S-B_q0.90,M6_GK,146,0.6238880372042913,-0.6841590388205299,,2,63,0.5241379310344828,0.6440909954397338,0.8460494955211045,0.6782796273163214,-0.8086513170238793,0.9980149611159255,0.624508181621835,-0.6855198223236462,0.9932567898516397,0.6260022396887459,-0.688803787510701
ES,GLOBEX,B1,1day,S-C_q0.90,M1_EWMA,146,0.5069969068817856,0.054945723010699554,,2,63,0.5586206896551724,0.5091408074252325,0.8460494955211045,0.5511977350796683,0.06494386357012956,0.9980149611159255,0.5075008615703921,0.05505500934501249,0.9932567898516397,0.5087149941926812,0.05531874896008177
ES,GLOBEX,B1,1day,S-C_q0.90,M2_HAR,146,0.7510460171298113,0.538751418974162,,2,63,0.45517241379310347,0.16366041850402108,0.8460494955211045,0.8165234500712302,0.6367847529326054,0.9980149611159255,0.7517925565200015,0.5398229885970445,0.9932567898516397,0.7535911266056573,0.5424089968261219
ES,GLOBEX,B1,1day,S-C_q0.90,M3_HARJ,146,0.6561401810393275,0.2775579905207164,,2,63,0.4206896551724138,0.46761006287463763,0.8460494955211045,0.7133435663503335,0.32806353764180307,0.9980149611159255,0.6567923840727772,0.2781100497835887,0.9932567898516397,0.6583636780743405,0.27944232886862475
ES,GLOBEX,B1,1day,S-C_q0.90,M4_HARQ,146,0.566905965705566,0.18451678851800024,,2,63,0.47586206896551725,0.7999438511947207,0.8460494955211045,0.6163297646565704,0.21809219140820055,0.9980149611159255,0.567469469970658,0.18488379003024535,0.9932567898516397,0.5688270700218432,0.18576947110078257
ES,GLOBEX,B1,1day,S-C_q0.90,M5_RGARCH,146,0.7596265536036194,0.4938290464444044,,2,63,0.4482758620689655,0.16181623328838343,0.8460494955211045,0.8258520518948982,0.583688128246258,0.9980149611159255,0.7603816220430564,0.4948112660477874,0.9932567898516397,0.76220074039855,0.49718164677048565
ES,GLOBEX,B1,1day,S-C_q0.90,M6_PARK,146,0.704432817326227,0.40702518034647195,,2,63,0.6068965517241379,0.2878330406529282,0.8460494955211045,0.7658464344764536,0.48108908816945073,0.9980149611159255,0.7051330232175869,0.40783474817988574,0.9932567898516397,0.706819966179403,0.4097884701168449
ES,GLOBEX,B1,1day,S-C_q0.90,M6_GK,146,0.6738738568032661,0.38603835648788853,,2,63,0.5655172413793104,0.2752710233765891,0.8460494955211045,0.7326232932737943,0.4562834190334422,0.9980149611159255,0.6745436871021412,0.38680618179936066,0.9932567898516397,0.6761574488859845,0.388659166926561
ES,GLOBEX,B1,1h,S-A,M1_EWMA,1384,0.444092951394939,0.14553729268740367,0.07213888275594195,21,63,0.4345625451916124,0.43296068234570717,,,,,,,,,
ES,GLOBEX,B1,1h,S-A,M2_HAR,1384,0.7026576819274976,0.4325127780598791,7.606754081106026,21,63,0.49023861171366595,0.22261632881167345,,,,,,,,,
ES,GLOBEX,B1,1h,S-A,M3_HARJ,1384,0.7032574463150337,0.4359451538135185,7.352602982458986,21,63,0.48734634851771513,0.22377959068977543,,,,,,,,,
ES,GLOBEX,B1,1h,S-A,M4_HARQ,1384,0.7204132750968362,0.47026556178873946,8.268683795712214,21,63,0.4909616775126536,0.22351936258353405,,,,,,,,,
ES,GLOBEX,B1,1h,S-A,M6_PARK,1384,0.6440425988796944,-0.24587196286556545,6.527207083226061,21,63,0.48590021691973967,0.9110525758208573,,,,,,,,,
ES,GLOBEX,B1,1h,S-A,M6_GK,1384,0.6536257795640777,-0.13287178295159574,6.660864001997889,21,63,0.4924078091106291,0.7950706016285806,,,,,,,,,
ES,GLOBEX,B1,1h,S-B_q0.80,M1_EWMA,277,0.42996470747040294,-3.7118252216368477,0.5402648688022404,4,63,0.4492753623188406,1.0975375494087976,,,,,,,,,
ES,GLOBEX,B1,1h,S-B_q0.80,M2_HAR,277,0.49925905067970916,-0.9526396903689973,1.2627068553485663,4,63,0.5144927536231884,0.4008035515578671,,,,,,,,,
ES,GLOBEX,B1,1h,S-B_q0.80,M3_HARJ,277,0.5064497547423982,-0.9596753417078774,1.353461960658808,4,63,0.5144927536231884,0.40572478276879176,,,,,,,,,
ES,GLOBEX,B1,1h,S-B_q0.80,M4_HARQ,277,0.4915936510884902,-0.9918309175758766,1.225125918058102,4,63,0.5181159420289855,0.4353996803748469,,,,,,,,,
ES,GLOBEX,B1,1h,S-B_q0.80,M6_PARK,277,0.4090779513152608,-3.442575977628919,1.0688255049407287,4,63,0.5289855072463768,1.383752997029061,,,,,,,,,
ES,GLOBEX,B1,1h,S-B_q0.80,M6_GK,277,0.4141607184421505,-3.0259870668769633,0.976348476311559,4,63,0.5,1.13971336498838,,,,,,,,,
ES,GLOBEX,B1,1h,S-C_q0.80,M1_EWMA,277,0.29388099382825045,-0.19316034644257862,0.6136992798548144,4,63,0.391304347826087,0.6074964499523103,,,,,,,,,
ES,GLOBEX,B1,1h,S-C_q0.80,M2_HAR,277,0.5069571467912797,0.02610677297032349,2.710113179315721,4,63,0.5144927536231884,0.2548452902751719,,,,,,,,,
ES,GLOBEX,B1,1h,S-C_q0.80,M3_HARJ,277,0.5127872495201821,0.0278199888905567,3.2025698673961633,4,63,0.5108695652173914,0.25194487024367035,,,,,,,,,
ES,GLOBEX,B1,1h,S-C_q0.80,M4_HARQ,277,0.5524873677621388,0.06751694790111562,2.900250459508954,4,63,0.5217391304347826,0.24201930413209202,,,,,,,,,
ES,GLOBEX,B1,1h,S-C_q0.80,M6_PARK,277,0.4056990810394668,-0.2875821163125849,1.4940328423764317,4,63,0.5036231884057971,0.5154823845621938,,,,,,,,,
ES,GLOBEX,B1,1h,S-C_q0.80,M6_GK,277,0.4307609934130793,-0.18072699038127604,1.5954225540786255,4,63,0.5108695652173914,0.4381820191709814,,,,,,,,,
ES,GLOBEX,B1,1h,S-B_q0.90,M1_EWMA,139,0.4942687477001452,-6.4411839711738805,,2,63,0.4492753623188406,1.539063504073872,,,,,,,,,
ES,GLOBEX,B1,1h,S-B_q0.90,M2_HAR,139,0.47368011745403144,-2.0083853108885563,,2,63,0.5,0.5692079186902088,,,,,,,,,
ES,GLOBEX,B1,1h,S-B_q0.90,M3_HARJ,139,0.4720480649422005,-1.996137837809266,,2,63,0.4855072463768116,0.5726361284588395,,,,,,,,,
ES,GLOBEX,B1,1h,S-B_q0.90,M4_HARQ,139,0.45766522932917286,-1.9938448026393845,,2,63,0.5144927536231884,0.6124773249787919,,,,,,,,,
ES,GLOBEX,B1,1h,S-B_q0.90,M6_PARK,139,0.37212858413235045,-5.714461486448826,,2,63,0.5072463768115942,1.9586280773501898,,,,,,,,,
ES,GLOBEX,B1,1h,S-B_q0.90,M6_GK,139,0.390919647955807,-4.9814496665106525,,2,63,0.5072463768115942,1.5363724354944688,,,,,,,,,
ES,GLOBEX,B1,1h,S-C_q0.90,M1_EWMA,139,0.2909281127063673,-0.28679774510212863,,2,63,0.41304347826086957,0.6316540653745935,,,,,,,,,
ES,GLOBEX,B1,1h,S-C_q0.90,M2_HAR,139,0.49557358733689155,-0.007239005633333795,,2,63,0.4927536231884058,0.2500296905073797,,,,,,,,,
ES,GLOBEX,B1,1h,S-C_q0.90,M3_HARJ,139,0.5045099988176899,-0.014263451933723026,,2,63,0.5,0.24600361547035646,,,,,,,,,
ES,GLOBEX,B1,1h,S-C_q0.90,M4_HARQ,139,0.4966328753325806,-0.012699713418787617,,2,63,0.4927536231884058,0.2508698338775037,,,,,,,,,
ES,GLOBEX,B1,1h,S-C_q0.90,M6_PARK,139,0.2820927413373923,-0.4903758941263605,,2,63,0.5072463768115942,0.5162868131728201,,,,,,,,,
ES,GLOBEX,B1,1h,S-C_q0.90,M6_GK,139,0.3111929851075887,-0.4064869310928272,,2,63,0.5217391304347826,0.44906306313957317,,,,,,,,,
ES,GLOBEX,B1,30min,S-B_q0.80,M1_EWMA,15874,0.5234530522475803,-0.8561685995303334,0.8698448480223077,251,63,0.4583884583884584,1.3253792404935496,,,,,,,,,
ES,GLOBEX,B1,30min,S-B_q0.80,M2_HAR,15874,0.6564409470089798,0.027708560219369738,2.1719044081236127,251,63,0.43753543753543755,0.5940980170122309,,,,,,,,,
ES,GLOBEX,B1,30min,S-B_q0.80,M3_HARJ,15874,0.6551083306545901,0.027180351114859946,2.1195470737611126,251,63,0.43942543942543943,0.5972230977957974,,,,,,,,,
ES,GLOBEX,B1,30min,S-B_q0.80,M4_HARQ,15874,0.6430281015538986,-0.011151485052708576,2.0805380881864983,251,63,0.4377874377874378,0.7404361820070466,,,,,,,,,
ES,GLOBEX,B1,30min,S-B_q0.80,M6_PARK,15874,0.5779467207761588,-0.7623877763834537,1.941719957533989,251,63,0.4747684747684748,1.8061930960106576,,,,,,,,,
ES,GLOBEX,B1,30min,S-B_q0.80,M6_GK,15874,0.5881501237251637,-0.6168234113509667,1.9743967122705324,251,63,0.478044478044478,1.6711871298211456,,,,,,,,,
ES,GLOBEX,B1,30min,S-B_q0.90,M1_EWMA,7937,0.5059966096169537,-1.6924595045589528,0.6413644444550689,125,63,0.46849798387096775,1.8301509165754353,,,,,,,,,
ES,GLOBEX,B1,30min,S-B_q0.90,M2_HAR,7937,0.6121854931311304,-0.580848524052749,1.7827307974680977,125,63,0.4453125,0.9142215543491085,,,,,,,,,
ES,GLOBEX,B1,30min,S-B_q0.90,M3_HARJ,7937,0.6109975444668062,-0.5825522846979823,1.7364042599010967,125,63,0.44606854838709675,0.9193775994654365,,,,,,,,,
ES,GLOBEX,B1,30min,S-B_q0.90,M4_HARQ,7937,0.5822400296354648,-0.5928463760022515,1.652996074917259,125,63,0.4461945564516129,1.1648909364495874,,,,,,,,,
ES,GLOBEX,B1,30min,S-B_q0.90,M6_PARK,7937,0.5043955876030699,-1.4628876913085023,1.5152968827332023,125,63,0.4782006048387097,2.75971667550518,,,,,,,,,
ES,GLOBEX,B1,30min,S-B_q0.90,M6_GK,7937,0.5116276416422113,-1.2903404141615606,1.5049712744689623,125,63,0.4808467741935484,2.5874759516098593,,,,,,,,,
NQ,GLOBEX,B0,1day,S-A,M1_EWMA,1448,0.6846324260932485,0.4008970343138978,1.1396377762161343,22,63,0.5362819626814098,0.2649812686706012,0.876663905181723,0.7312079453269921,0.4572984377984584,0.9979670117204541,0.6853294138484495,0.40171371358534963,1.0097942758620828,0.6813041156061804,0.39700862234700574
NQ,GLOBEX,B0,1day,S-A,M2_HAR,1448,0.822690882606971,0.6626620282077564,2.8643563527558933,22,63,0.40497581202487903,0.15448680047183694,0.876663905181723,0.8786585136538061,0.755890626146395,0.9979670117204541,0.8235284203128092,0.6640119567332735,1.0097942758620828,0.8186914069937269,0.656234684675775
NQ,GLOBEX,B0,1day,S-A,M3_HARJ,1448,0.8174998409543022,0.6540595797662758,2.7688205282769447,22,63,0.4091223220456116,0.1577554506475699,0.876663905181723,0.8731143256248888,0.7460779164059416,0.9979670117204541,0.8183320939375203,0.6553919839882323,1.0097942758620828,0.8135256013621884,0.647715673777108
NQ,GLOBEX,B0,1day,S-A,M4_HARQ,1448,0.7960834841780148,0.6219514499866763,2.6609092323627714,22,63,0.4105044920525225,0.3120058507928465,0.876663905181723,0.8502410148701831,0.7094525579420912,0.9979670117204541,0.7968939343107321,0.623218445782549,1.0097942758620828,0.792213359264284,0.6159189696888538
NQ,GLOBEX,B0,1day,S-A,M5_RGARCH,1448,0.8048609873954781,0.4152889053587412,2.699357898776439,22,63,0.39668279198341394,0.4171101677501196,0.876663905181723,0.8596156513146863,0.4737150724514616,0.9979670117204541,0.8056803734360353,0.416134902738719,1.0097942758620828,0.8009481910351498,0.411260902627122
NQ,GLOBEX,B0,1day,S-A,M6_PARK,1448,0.7346184365004711,0.33250126790488244,2.3337281495234232,22,63,0.5418106427090532,0.4863588758932519,0.876663905181723,0.7845945022178582,0.3792802075453973,0.9979670117204541,0.7353663123466496,0.3331786161264629,1.0097942758620828,0.7310471212179767,0.32927624552141477
NQ,GLOBEX,B0,1day,S-A,M6_GK,1448,0.7435074435225328,0.39039205401363597,2.5245501238560277,22,63,0.5051831375259157,0.42911526206415074,0.876663905181723,0.7940882280667617,0.44531553278985736,0.9979670117204541,0.7442643687926273,0.39118733327729555,1.0097942758620828,0.7398929147225893,0.38660553277582205
NQ,GLOBEX,B0,1day,S-B_q0.80,M1_EWMA,290,0.3412078243011638,-0.9219378376044469,1.599717800513142,4,63,0.532871972318339,0.4516046432709567,0.876663905181723,0.3644201802716918,-1.0516434315991818,0.9979670117204541,0.3415551897873032,-0.9238159445922606,1.0097942758620828,0.3395490574408624,-0.9129957058009356
NQ,GLOBEX,B0,1day,S-B_q0.80,M2_HAR,290,0.5954493424254115,-0.36855561117217905,2.1749271932331284,4,63,0.4290657439446367,0.28692779193048545,0.876663905181723,0.6359577396965004,-0.4204069643950739,0.9979670117204541,0.5960555376400922,-0.369306406768701,1.0097942758620828,0.5925545915848454,-0.3649808876739129
NQ,GLOBEX,B0,1day,S-B_q0.80,M3_HARJ,290,0.6094148568743947,-0.35293709361769676,2.1311380742766977,4,63,0.4429065743944637,0.2883115129779946,0.876663905181723,0.6508733275893306,-0.4025911087836298,0.9979670117204541,0.6100352696344253,-0.35365607226760704,1.0097942758620828,0.6064522132983601,-0.3495138584702185
NQ,GLOBEX,B0,1day,S-B_q0.80,M4_HARQ,290,0.4753652813383772,-0.8927939896920951,1.9555274356173045,4,63,0.43944636678200694,1.021379739401262,0.876663905181723,0.5077043642684252,-1.018399393901165,0.9979670117204541,0.47584922537566327,-0.8946127268805759,1.0097942758620828,0.47305431388961794,-0.8841345321846847
NQ,GLOBEX,B0,1day,S-B_q0.80,M5_RGARCH,290,0.548554054753768,-2.2044722040543547,2.191778699369941,4,63,0.4532871972318339,0.8128695284266536,0.876663905181723,0.5858721672973481,-2.5146149978621413,0.9979670117204541,0.5491125083774313,-2.2089629999431897,1.0097942758620828,0.5458872832957185,-2.183090414304785
NQ,GLOBEX,B0,1day,S-B_q0.80,M6_PARK,290,0.4793894998212677,-1.2333503158505161,2.8097710311257305,4,63,0.5847750865051903,0.5920176426320518,0.876663905181723,0.5120023501894434,-1.4068679097662358,0.9979670117204541,0.4798775407007423,-1.2358628104593066,1.0097942758620828,0.4770589688109996,-1.22138770770668
NQ,GLOBEX,B0,1day,S-B_q0.80,M6_GK,290,0.47607952136880816,-1.157821776886661,3.1966433980048237,4,63,0.5155709342560554,0.5613444527204174,0.876663905181723,0.5084671940223443,-1.320713411426078,0.9979670117204541,0.47656419253577215,-1.1601804100624769,1.0097942758620828,0.47376508167349296,-1.1465917410734023
NQ,GLOBEX,B0,1day,S-C_q0.80,M1_EWMA,290,0.3459627188666349,-0.03594562981152194,1.925069117839277,4,63,0.5640138408304498,0.35210836340224416,0.876663905181723,0.369498550142813,-0.04100274871482338,0.9979670117204541,0.3463149250573087,-0.03601885572304955,1.0097942758620828,0.34428083629512257,-0.03559698313880259
NQ,GLOBEX,B0,1day,S-C_q0.80,M2_HAR,290,0.6357199423408154,0.37768300899992535,3.989493781379238,4,63,0.4013840830449827,0.1595276916642885,0.876663905181723,0.6789679470704895,0.4308184776030396,0.9979670117204541,0.636367134905265,0.378452398290015,1.0097942758620828,0.6326294177464646,0.3740197563285743
NQ,GLOBEX,B0,1day,S-C_q0.80,M3_HARJ,290,0.6339104369453579,0.3766834212708041,3.9231028774955776,4,63,0.44982698961937717,0.159807982467266,0.876663905181723,0.6770353410882972,0.4296782598716913,0.9979670117204541,0.6345557873488821,0.3774507742710026,1.0097942758620828,0.6308287091820577,0.37302986387917625
NQ,GLOBEX,B0,1day,S-C_q0.80,M4_HARQ,290,0.44479373539172484,-0.017056474024854662,2.6274956051204317,4,63,0.4359861591695502,0.9150724836955579,0.876663905181723,0.4750530371545723,-0.01945611530717583,0.9979670117204541,0.4452465561687471,-0.017091220275357602,1.0097942758620828,0.4426313901716274,-0.016891038533856997
NQ,GLOBEX,B0,1day,S-C_q0.80,M5_RGARCH,290,0.5822842793083945,-7.500633019197345e-05,3.586461149190626,4,63,0.43252595155709345,0.37192075031502586,0.876663905181723,0.621897057810856,-8.55588210585965e-05,0.9979670117204541,0.582877071874531,-7.515912781792819e-05,1.0097942758620828,0.5794535298442828,-7.427882290968519e-05
NQ,GLOBEX,B0,1day,S-C_q0.80,M6_PARK,290,0.5734548071939422,0.08906530714660243,3.104841822504197,4,63,0.6262975778546713,0.32226831993086563,0.876663905181723,0.6124669170271775,0.10159572741635822,0.9979670117204541,0.5740386109454766,0.0892467447326315,1.0097942758620828,0.5706669818209393,0.08820143793206343
NQ,GLOBEX,B0,1day,S-C_q0.80,M6_GK,290,0.5461944170580985,0.11835830914434542,3.380851252018962,4,63,0.5847750865051903,0.28704659741222277,0.876663905181723,0.5833520035344187,0.1350099033902976,0.9979670117204541,0.5467504684604853,0.11859942037593062,1.0097942758620828,0.5435391168751286,0.11721031894669874
NQ,GLOBEX,B0,1day,S-B_q0.90,M1_EWMA,145,0.3089847716192407,-2.005870151328755,,2,63,0.5486111111111112,0.6887742466141571,0.876663905181723,0.33000499447898257,-2.2880720187891845,0.9979670117204541,0.3092993325341993,-2.009956369069472,1.0097942758620828,0.30748265571510064,-1.9864146581899578
NQ,GLOBEX,B0,1day,S-B_q0.90,M2_HAR,145,0.6157282962331345,-0.9267984019166509,,2,63,0.4652777777777778,0.4036146447870605,0.876663905181723,0.6576162699997474,-1.057187819001782,0.9979670117204541,0.6163551363690221,-0.9286864105045802,1.0097942758620828,0.6127349601487899,-0.9178091261464355
NQ,GLOBEX,B0,1day,S-B_q0.90,M3_HARJ,145,0.6188202894709863,-0.9414379076253989,,2,63,0.4444444444444444,0.4123516766689579,0.876663905181723,0.6609186114259578,-1.073886927545225,0.9979670117204541,0.6194502774002646,-0.9433557387857928,1.0097942758620828,0.615811921797241,-0.9323066392128965
NQ,GLOBEX,B0,1day,S-B_q0.90,M4_HARQ,145,0.477378710817365,-2.049950661275669,,2,63,0.4722222222222222,1.8757129749137567,0.876663905181723,0.5098547672821893,-2.338354127686751,0.9979670117204541,0.47786470461980873,-2.054126676734172,1.0097942758620828,0.4750579551695744,-2.030067618996535
NQ,GLOBEX,B0,1day,S-B_q0.90,M5_RGARCH,145,0.5893405478931448,-3.5345302639466842,,2,63,0.4930555555555556,1.122052887817512,0.876663905181723,0.6294333640927147,-4.0317962711308555,0.9979670117204541,0.589940524069951,-3.5417305606658274,1.0097942758620828,0.5864754946890478,-3.5002478707152314
NQ,GLOBEX,B0,1day,S-B_q0.90,M6_PARK,145,0.5197606845407713,-1.6220741357870678,,2,63,0.6597222222222222,0.7308769994969934,0.876663905181723,0.5551199851481241,-1.8502805079568427,0.9979670117204541,0.5202898251700386,-1.6253785112502654,1.0097942758620828,0.5172338907881086,-1.6063411870722566
NQ,GLOBEX,B0,1day,S-B_q0.90,M6_GK,145,0.5125950424395435,-1.6880673865844904,,2,63,0.6527777777777778,0.7246439730659218,0.876663905181723,0.5474668646734101,-1.925558217472832,0.9979670117204541,0.5131168881107978,-1.6915061988615552,1.0097942758620828,0.5101030841414154,-1.67169435095416
NQ,GLOBEX,B0,1day,S-C_q0.90,M1_EWMA,145,0.38799541576503577,-0.04364971424706754,,2,63,0.5902777777777778,0.4109483498546735,0.876663905181723,0.4143907298939454,-0.04979070541066639,0.9979670117204541,0.38839041320242784,-0.0437386343781216,1.0097942758620828,0.3861091930826044,-0.043226343514180504
NQ,GLOBEX,B0,1day,S-C_q0.90,M2_HAR,145,0.6590293725717353,0.3824170176634186,,2,63,0.4236111111111111,0.16190468145079495,0.876663905181723,0.7038631169986115,0.4362185044953433,0.9979670117204541,0.6597002952237947,0.3831960507433481,1.0097942758620828,0.6558255302054995,0.37870784852384026
NQ,GLOBEX,B0,1day,S-C_q0.90,M3_HARJ,145,0.6761848597565047,0.42083565212223006,,2,63,0.4236111111111111,0.1584787240758259,0.876663905181723,0.7221856913572939,0.48004217994465664,0.9979670117204541,0.6768732474950054,0.4216929489450024,1.0097942758620828,0.6728976167423713,0.41675384994924214
NQ,GLOBEX,B0,1day,S-C_q0.90,M4_HARQ,145,0.41168777925642414,-0.23201230511907012,,2,63,0.4236111111111111,1.5460842110480653,0.876663905181723,0.4396948840184226,-0.26465365318191864,0.9979670117204541,0.41210689662535305,-0.23248494428597438,1.0097942758620828,0.409686377188871,-0.22976195316714018
NQ,GLOBEX,B0,1day,S-C_q0.90,M5_RGARCH,145,0.5849481688054609,0.02303294671858791,,2,63,0.4652777777777778,0.3914855499869349,0.876663905181723,0.6247421716142485,0.026273406013919812,0.9979670117204541,0.5855436733354042,0.023079867819358134,1.0097942758620828,0.5821044689594923,0.022809543754765488
NQ,GLOBEX,B0,1day,S-C_q0.90,M6_PARK,145,0.6190494860682902,0.22020807501379602,,2,63,0.7013888888888888,0.32327579241090965,0.876663905181723,0.6611634002595028,0.2511887095068084,0.9979670117204541,0.619679707330399,0.22065666743248993,1.0097942758620828,0.6160400041653479,0.21807221557658338
NQ,GLOBEX,B0,1day,S-C_q0.90,M6_GK,145,0.5591169407688844,0.14805010295909982,,2,63,0.6527777777777778,0.3159050586104434,0.876663905181723,0.5971536460667813,0.16887897640591307,0.9979670117204541,0.559686147903383,0.14835170022691183,1.0097942758620828,0.5563988183041371,0.1466141237854674
NQ,GLOBEX,B0,1h,S-B_q0.80,M1_EWMA,4427,0.6115742295329818,-0.7581981228451535,0.7822663011646893,70,63,0.4710799819249887,1.2916111739821232,,,,,,,,,
NQ,GLOBEX,B0,1h,S-B_q0.80,M2_HAR,4427,0.7000890435868703,-0.00042273644415469214,1.834044017167074,70,63,0.4774062358788974,0.6888012603876323,,,,,,,,,
NQ,GLOBEX,B0,1h,S-B_q0.80,M3_HARJ,4427,0.6979032113381195,-0.011324685634156673,1.8404154215914217,70,63,0.4787618617261636,0.7034999889683377,,,,,,,,,
NQ,GLOBEX,B0,1h,S-B_q0.80,M4_HARQ,4427,0.6816528118349143,-0.0644855440156511,1.7543723744091761,70,63,0.47763217352010845,0.8693082405797016,,,,,,,,,
NQ,GLOBEX,B0,1h,S-B_q0.80,M6_PARK,4427,0.6050603113199438,-0.9289866388653782,1.6729838031354787,70,63,0.4905106190691369,13.70073091606943,,,,,,,,,
NQ,GLOBEX,B0,1h,S-B_q0.80,M6_GK,4427,0.6135998652726007,-0.7774512837477359,1.6872675108537267,70,63,0.4844103027564392,33.12361759115491,,,,,,,,,
NQ,GLOBEX,B0,1h,S-B_q0.90,M1_EWMA,2214,0.6128349063470885,-1.3479000360685034,1.5385995934206127,35,63,0.4848621780388613,1.5171585964130971,,,,,,,,,
NQ,GLOBEX,B0,1h,S-B_q0.90,M2_HAR,2214,0.6733279691778686,-0.4523145822944936,2.224927175735086,35,63,0.4753727971079982,0.9109359947401346,,,,,,,,,
NQ,GLOBEX,B0,1h,S-B_q0.90,M3_HARJ,2214,0.6715640349792036,-0.4562782385423587,2.2422054372122178,35,63,0.47853592408495255,0.9158237382877112,,,,,,,,,
NQ,GLOBEX,B0,1h,S-B_q0.90,M4_HARQ,2214,0.6448789218307651,-0.511827372402512,2.0087942108702173,35,63,0.47356529597831,1.2022732523441213,,,,,,,,,
NQ,GLOBEX,B0,1h,S-B_q0.90,M6_PARK,2214,0.5671618477939672,-1.5243840225403367,2.091956486246226,35,63,0.4844103027564392,25.814849376844148,,,,,,,,,
NQ,GLOBEX,B0,1h,S-B_q0.90,M6_GK,2214,0.5739110216962179,-1.3817163653962505,2.0909287053059686,35,63,0.48892905558065974,64.88342372231526,,,,,,,,,
NQ,GLOBEX,B0,30min,S-B_q0.80,M1_EWMA,16110,0.4136708210092645,-1.3833562381893243,0.49845610731190054,255,63,0.45446644732758085,1.6488604595309562,,,,,,,,,
NQ,GLOBEX,B0,30min,S-B_q0.80,M2_HAR,16110,0.578559046559134,-0.26189910551936113,1.7608201863610597,255,63,0.443913340368738,0.7361095862315082,,,,,,,,,
NQ,GLOBEX,B0,30min,S-B_q0.80,M3_HARJ,16110,0.5754266140188917,-0.2659776689042699,1.7108576980056553,255,63,0.44515488236389594,0.7419982485544153,,,,,,,,,
NQ,GLOBEX,B0,30min,S-B_q0.80,M4_HARQ,16110,0.5659423149969751,-0.29779616480283044,1.6723824593942553,255,63,0.44503072816438016,0.9452866722673923,,,,,,,,,
NQ,GLOBEX,B0,30min,S-B_q0.80,M6_GK,16110,0.5088001812781715,-1.014319725100933,1.576830344692712,255,63,0.4680613321745608,2.0128291886960348,,,,,,,,,
NQ,GLOBEX,B0,30min,S-B_q0.90,M1_EWMA,8055,0.3908091829647609,-3.0300935518685,0.421258237213525,127,63,0.454556741991557,2.3670501782180544,,,,,,,,,
NQ,GLOBEX,B0,30min,S-B_q0.90,M2_HAR,8055,0.5043527062923231,-1.301449752596119,1.3132934276800756,127,63,0.44425130370002486,1.1476110880313422,,,,,,,,,
NQ,GLOBEX,B0,30min,S-B_q0.90,M3_HARJ,8055,0.5003617265006443,-1.3074078064933663,1.2677066430558908,127,63,0.4468587037496896,1.1571467390544359,,,,,,,,,
NQ,GLOBEX,B0,30min,S-B_q0.90,M4_HARQ,8055,0.4743104571663878,-1.2933276066729027,1.2272397454597728,127,63,0.44499627514278617,1.5204704138074348,,,,,,,,,
NQ,GLOBEX,B0,30min,S-B_q0.90,M6_GK,8055,0.40782973605648093,-2.2019126613335853,1.0863848744750224,127,63,0.461509808790663,3.182685303784312,,,,,,,,,
NQ,GLOBEX,B1,1day,S-A,M1_EWMA,1448,0.6869064657529118,0.38869043193772657,1.1317730717913168,22,63,0.5507947477539737,0.26760980914403953,0.876663905181723,0.7336366878226157,0.4433745129008764,0.9979670117204541,0.6876057685865947,0.3894822447764483,1.0097942758620828,0.6835671001218587,0.3849204152062491
NQ,GLOBEX,B1,1day,S-A,M2_HAR,1448,0.823776942961659,0.6638862954181497,2.8478147341014624,22,63,0.40843123704215617,0.1544668173917415,0.876663905181723,0.8798184586552197,0.7572871330667289,0.9979670117204541,0.8246155863276147,0.6652387179348113,1.0097942758620828,0.819772187513674,0.6574470773775934
NQ,GLOBEX,B1,1day,S-A,M3_HARJ,1448,0.7826998757932158,0.6010704800668987,2.128937114246134,22,63,0.42225293711126466,0.28483176996445125,0.876663905181723,0.8359469200900783,0.6856338860470174,0.9979670117204541,0.7834967007881086,0.6022949386179388,1.0097942758620828,0.7788948147041656,0.595240530110702
NQ,GLOBEX,B1,1day,S-A,M4_HARQ,1448,0.7867913194238522,0.6015497616076944,2.6290619554745223,22,63,0.41119557705597787,0.3452832856595636,0.876663905181723,0.8403167044832168,0.6861805967510429,0.9979670117204541,0.7875923096992706,0.6027751965174153,1.0097942758620828,0.7829663679611882,0.595715162966376
NQ,GLOBEX,B1,1day,S-A,M5_RGARCH,1448,0.8034523216548101,0.4243225944314979,2.703889908253576,22,63,0.4035936420179682,0.41369288069083954,0.876663905181723,0.8581111540945296,0.4840196932067602,0.9979670117204541,0.8042702736079139,0.4251869946081516,1.0097942758620828,0.7995463734611458,0.42020697143410196
NQ,GLOBEX,B1,1day,S-A,M6_PARK,1448,0.735911084702344,0.34631869152921424,2.344703511668874,22,63,0.5418106427090532,0.46637916037575455,0.876663905181723,0.7859750892302434,0.3950415769170126,0.9979670117204541,0.7366602765247079,0.34702418763539594,1.0097942758620828,0.7323334852673578,0.3429596501065077
NQ,GLOBEX,B1,1day,S-A,M6_GK,1448,0.7449011121127203,0.40284408945130434,2.537846506928639,22,63,0.5065653075328266,0.4106071380664082,0.876663905181723,0.7955767078808319,0.45951942023642356,0.9979670117204541,0.745659456202469,0.4036647351266829,1.0097942758620828,0.7412798080541015,0.3989367924544708
NQ,GLOBEX,B1,1day,S-B_q0.80,M1_EWMA,290,0.33317824860780965,-0.899613986532219,1.7345560465435912,4,63,0.5155709342560554,0.4407021059164215,0.876663905181723,0.35584435283376475,-1.0261788824826075,0.9979670117204541,0.3335174396112275,-0.9014466169390924,1.0097942758620828,0.331558517177278,-0.890888379976406
NQ,GLOBEX,B1,1day,S-B_q0.80,M2_HAR,290,0.6022204115897815,-0.36973539713224124,2.642053538633949,4,63,0.42560553633217996,0.2844434519611493,0.876663905181723,0.6431894444517052,-0.42175273208676145,0.9979670117204541,0.6028335000688144,-0.3704885961058298,1.0097942758620828,0.5992927434936932,-0.3661492305614332
NQ,GLOBEX,B1,1day,S-B_q0.80,M3_HARJ,290,0.5478092436779952,-0.8814822555613884,2.365753067581184,4,63,0.44982698961937717,0.8335571483361066,0.876663905181723,0.5850766867509762,-1.0054962344761607,0.9979670117204541,0.5483669390492301,-0.8832779492798557,1.0097942758620828,0.5451460930862966,-0.8729325137131009
NQ,GLOBEX,B1,1day,S-B_q0.80,M4_HARQ,290,0.47815768947420645,-0.912133205826319,2.5227084352730382,4,63,0.43944636678200694,1.0276585214160918,0.876663905181723,0.5106867398289365,-1.0404594057482537,0.9979670117204541,0.47864447631327056,-0.9139913395071434,1.0097942758620828,0.4758331468558694,-0.9032861718765552
NQ,GLOBEX,B1,1day,S-B_q0.80,M5_RGARCH,290,0.5481173313243339,-2.14470133525119,2.807435814646612,4,63,0.44982698961937717,0.795081778334936,0.876663905181723,0.5854057335887742,-2.4464350848420255,0.9979670117204541,0.5486753403431683,-2.1490703701255747,1.0097942758620828,0.5454526829780664,-2.1238992798015346
NQ,GLOBEX,B1,1day,S-B_q0.80,M6_PARK,290,0.48280228136446096,-1.2029393113294313,2.9157516573793067,4,63,0.5640138408304498,0.5682015327753301,0.876663905181723,0.5156473031378279,-1.372178441725709,0.9979670117204541,0.48329379661478933,-1.2053898547764754,1.0097942758620828,0.4804551592665268,-1.191271667986488
NQ,GLOBEX,B1,1day,S-B_q0.80,M6_GK,290,0.4832869024130324,-1.113635268056727,3.446494374690296,4,63,0.5086505190311419,0.5331682620838247,0.876663905181723,0.5161648929388402,-1.270310390874234,0.9979670117204541,0.483778911030201,-1.1159038875812795,1.0097942758620828,0.4809374243511434,-1.1028338094964867
NQ,GLOBEX,B1,1day,S-C_q0.80,M1_EWMA,290,0.3289323684123212,-0.06700805237707641,1.6950806747250065,4,63,0.5432525951557093,0.3519700228473604,0.876663905181723,0.35130962556184203,-0.07643528150413169,0.9979670117204541,0.3292672369115842,-0.06714455647342218,1.0097942758620828,0.3273332781419843,-0.06635812261846129
NQ,GLOBEX,B1,1day,S-C_q0.80,M2_HAR,290,0.640169332760488,0.383466054236703,3.8073825876551757,4,63,0.4117647058823529,0.15742013767421129,0.876663905181723,0.6837200293598015,0.43741512793002996,0.9979670117204541,0.6408210550119966,0.3842472243402347,1.0097942758620828,0.6370571776499209,0.3797467101992927
NQ,GLOBEX,B1,1day,S-C_q0.80,M3_HARJ,290,0.5147945586092972,0.047318072751448614,2.627770303038459,4,63,0.4532871972318339,0.7179783977803591,0.876663905181723,0.5498160138487956,0.05397515795022961,0.9979670117204541,0.5153186434906434,0.04741446580471052,1.0097942758620828,0.5122919074598591,0.04685912158796124
NQ,GLOBEX,B1,1day,S-C_q0.80,M4_HARQ,290,0.4383352295816996,-0.04853253168113736,2.931820398056704,4,63,0.42560553633217996,0.9275148133200305,0.876663905181723,0.46815515942742564,-0.05536047668242607,0.9979670117204541,0.43878147529844874,-0.04863139874480347,1.0097942758620828,0.4362042821040973,-0.0480618011423209
NQ,GLOBEX,B1,1day,S-C_q0.80,M5_RGARCH,290,0.5885466366241023,0.04157716826751179,3.9728715532472907,4,63,0.43252595155709345,0.3525394708965448,0.876663905181723,0.6285854430686972,0.04742657707447564,0.9979670117204541,0.5891458045621922,0.04166186635351249,1.0097942758620828,0.5856854429847905,0.04117389973518762
NQ,GLOBEX,B1,1day,S-C_q0.80,M6_PARK,290,0.5692091524415046,0.07394628970815398,3.4402525561788115,4,63,0.615916955017301,0.31737033494199735,0.876663905181723,0.6079324305351883,0.08434964559516764,0.9979670117204541,0.5697886339183957,0.07409692789411307,1.0097942758620828,0.566441967132715,0.07322906405369001
NQ,GLOBEX,B1,1day,S-C_q0.80,M6_GK,290,0.5426720948711048,0.09908948867310252,3.249537030325051,4,63,0.5743944636678201,0.283848064446758,0.876663905181723,0.5795900578961902,0.11303019103149038,0.9979670117204541,0.5432245603851512,0.09929134681744271,1.0097942758620828,0.5400339183028324,0.09812839213067208
NQ,GLOBEX,B1,1day,S-B_q0.90,M1_EWMA,145,0.3083252119810579,-1.9190380762646808,,2,63,0.5138888888888888,0.6644445665837788,0.876663905181723,0.3293005650224225,-2.189023712419054,0.9979670117204541,0.30863910143352924,-1.9229474058028613,1.0097942758620828,0.3068263024971471,-1.9004247916006032
NQ,GLOBEX,B1,1day,S-B_q0.90,M2_HAR,145,0.6205687330356752,-0.9387744276388019,,2,63,0.4791666666666667,0.39934880004764284,0.876663905181723,0.6627860015432383,-1.0708487278761682,0.9979670117204541,0.6212005009620859,-0.9406868329449021,1.0097942758620828,0.6175518653802892,-0.9296689930603441
NQ,GLOBEX,B1,1day,S-B_q0.90,M3_HARJ,145,0.5568561197181591,-1.549925195489199,,2,63,0.4444444444444444,1.1222726974622612,0.876663905181723,0.5947390214415846,-1.7679810772726137,0.9979670117204541,0.5574230252313365,-1.5530825942003752,1.0097942758620828,0.5541489881357097,-1.5348920394364436
NQ,GLOBEX,B1,1day,S-B_q0.90,M4_HARQ,145,0.47406666291674066,-2.0642682703770197,,2,63,0.4722222222222222,1.8814044831540158,0.876663905181723,0.5063174008824414,-2.354686052631674,0.9979670117204541,0.4745492848998791,-2.068473452662835,1.0097942758620828,0.47176200864443446,-2.0442463576204273
NQ,GLOBEX,B1,1day,S-B_q0.90,M5_RGARCH,145,0.56911012954375,-3.489102007236138,,2,63,0.5,1.0976610061137582,0.876663905181723,0.6078266711132738,-3.97997680366786,0.9979670117204541,0.5696895102107107,-3.49620976070248,1.0097942758620828,0.5663434256304312,-3.455260235316166
NQ,GLOBEX,B1,1day,S-B_q0.90,M6_PARK,145,0.5253661572697204,-1.5848657710552838,,2,63,0.6666666666666666,0.6968654722932157,0.876663905181723,0.5611067979844812,-1.8078373726665047,0.9979670117204541,0.5259010045317811,-1.5880943482520935,1.0097942758620828,0.5228121127574418,-1.569493716630796
NQ,GLOBEX,B1,1day,S-B_q0.90,M6_GK,145,0.5194868455649851,-1.6306141075450835,,2,63,0.6597222222222222,0.6810340670134237,0.876663905181723,0.5548275169167001,-1.8600219512939509,0.9979670117204541,0.5200157074133976,-1.6339358800387318,1.0097942758620828,0.5169613830684829,-1.6147983272662083
NQ,GLOBEX,B1,1day,S-C_q0.90,M1_EWMA,145,0.3948941304694682,-0.04268012806589483,,2,63,0.5902777777777778,0.39348369472111344,0.876663905181723,0.4217587639106954,-0.048684710085158234,0.9979670117204541,0.39529615112032834,-0.04276707302410331,1.0097942758620828,0.3929743699883248,-0.042266161619363404
NQ,GLOBEX,B1,1day,S-C_q0.90,M2_HAR,145,0.6594794581030425,0.38480208381341396,,2,63,0.4166666666666667,0.15916959967559582,0.876663905181723,0.7043438218323667,0.43893912084089814,0.9979670117204541,0.6601508389631741,0.3855859755825305,1.0097942758620828,0.656273427665753,0.38106978125311736
NQ,GLOBEX,B1,1day,S-C_q0.90,M3_HARJ,145,0.5071071455847156,-0.20675490537593655,,2,63,0.4305555555555556,1.2717742829861345,0.876663905181723,0.5416056263936465,-0.2358428402878963,0.9979670117204541,0.5076234043209025,-0.2071760919426581,1.0097942758620828,0.5046418664562524,-0.20474953197712029
NQ,GLOBEX,B1,1day,S-C_q0.90,M4_HARQ,145,0.4050662927082211,-0.2823857647804855,,2,63,0.4166666666666667,1.5568626247143311,0.876663905181723,0.4326229379793631,-0.32211405432729656,0.9979670117204541,0.4054786690948806,-0.2829610212201945,1.0097942758620828,0.4030970807068676,-0.279646826616646
NQ,GLOBEX,B1,1day,S-C_q0.90,M5_RGARCH,145,0.5930158340800197,0.05933755872908353,,2,63,0.4375,0.3665905516355993,0.876663905181723,0.6333586798662147,0.06768564141668806,0.9979670117204541,0.5936195518696555,0.05945843703469518,1.0097942758620828,0.5901329136334542,0.05876202722423416
NQ,GLOBEX,B1,1day,S-C_q0.90,M6_PARK,145,0.6003178273173737,0.17024868402179816,,2,63,0.6666666666666666,0.3238297802633601,0.876663905181723,0.6411574274399237,0.19420063152538194,0.9979670117204541,0.6009289788768415,0.17059550267928839,1.0097942758620828,0.5973994085512105,0.16859739462917162
NQ,GLOBEX,B1,1day,S-C_q0.90,M6_GK,145,0.5400026975981711,0.09840871024043807,,2,63,0.6180555555555556,0.3151622605671569,0.876663905181723,0.5767390616231369,0.11225363524010835,0.9979670117204541,0.5405524455412377,0.09860918155078643,1.0097942758620828,0.5373774981875661,0.09745421675759101
NQ,GLOBEX,B1,1h,S-B_q0.80,M1_EWMA,3597,0.6245353973161801,-0.6280117235270151,1.0479578264955738,57,63,0.4735817575083426,1.2461077553644502,,,,,,,,,
NQ,GLOBEX,B1,1h,S-B_q0.80,M2_HAR,3597,0.7198878600193813,0.09000413222252857,2.134723241525233,57,63,0.47302558398220246,0.6446750492321166,,,,,,,,,
NQ,GLOBEX,B1,1h,S-B_q0.80,M3_HARJ,3597,0.7169138378833111,0.07774187363708285,2.1423751411245933,57,63,0.4746941045606229,0.659459313083327,,,,,,,,,
NQ,GLOBEX,B1,1h,S-B_q0.80,M4_HARQ,3597,0.70423891899261,0.042105936796016596,2.0747988226658505,57,63,0.4733036707452725,0.7972613158405066,,,,,,,,,
NQ,GLOBEX,B1,1h,S-B_q0.80,M6_PARK,3597,0.6205489687932086,-0.726180783880694,2.127315166208752,57,63,0.4944382647385984,16.19746198228499,,,,,,,,,
NQ,GLOBEX,B1,1h,S-B_q0.80,M6_GK,3597,0.628772003113705,-0.5902495962735925,2.1123701064494202,57,63,0.48804226918798665,40.172929624552964,,,,,,,,,
NQ,GLOBEX,B1,1h,S-B_q0.90,M1_EWMA,1799,0.6163169120374435,-1.2177919375158006,1.1530340257381901,28,63,0.4933259176863181,1.3995823594092511,,,,,,,,,
NQ,GLOBEX,B1,1h,S-B_q0.90,M2_HAR,1799,0.6794360548585601,-0.35878206885687525,2.191323973718264,28,63,0.4727474972191324,0.8238727129114267,,,,,,,,,
NQ,GLOBEX,B1,1h,S-B_q0.90,M3_HARJ,1799,0.6776067689233982,-0.3658077519480285,2.2180968590870305,28,63,0.4783092324805339,0.828522058639345,,,,,,,,,
NQ,GLOBEX,B1,1h,S-B_q0.90,M4_HARQ,1799,0.6541523998760991,-0.39672043006682234,2.126716670055911,28,63,0.47163515016685204,1.0677697725910904,,,,,,,,,
NQ,GLOBEX,B1,1h,S-B_q0.90,M6_PARK,1799,0.5682250159560472,-1.351596096506928,2.3140914842291793,28,63,0.4899888765294772,30.87349281306407,,,,,,,,,
NQ,GLOBEX,B1,1h,S-B_q0.90,M6_GK,1799,0.5748711026974405,-1.2235673685604227,2.205189009115529,28,63,0.4877641824249166,79.0462537856644,,,,,,,,,
NQ,GLOBEX,B1,30min,S-B_q0.80,M1_EWMA,16616,0.4142375701116448,-1.363223590739929,0.5034976320673339,263,63,0.4536864279265724,1.640000427505247,,,,,,,,,
NQ,GLOBEX,B1,30min,S-B_q0.80,M2_HAR,16616,0.5681920104983511,-0.30159841452448055,1.6564171689632852,263,63,0.43003310261811617,0.7840360184081326,,,,,,,,,
NQ,GLOBEX,B1,30min,S-B_q0.80,M3_HARJ,16616,0.5641832468184592,-0.3057488155182351,1.5973115597107554,263,63,0.4303942220884743,0.7917032607210619,,,,,,,,,
NQ,GLOBEX,B1,30min,S-B_q0.80,M4_HARQ,16616,0.5515803031080819,-0.36530994913308956,1.5731983761493293,263,63,0.4308155281372254,1.0042669801668525,,,,,,,,,
NQ,GLOBEX,B1,30min,S-B_q0.80,M6_PARK,16616,0.5117946837637029,-1.100427045071032,1.656624297556621,263,63,0.46783027384893167,2.0163650539405924,,,,,,,,,
NQ,GLOBEX,B1,30min,S-B_q0.80,M6_GK,16616,0.5187710300891003,-0.9290652227033744,1.6529271387477742,263,63,0.4658441167619621,1.8410501317555055,,,,,,,,,
NQ,GLOBEX,B1,30min,S-B_q0.90,M1_EWMA,8308,0.39112940915161154,-2.941698747977457,0.3712476597086788,131,63,0.4510653665583243,2.3168290120698845,,,,,,,,,
NQ,GLOBEX,B1,30min,S-B_q0.90,M2_HAR,8308,0.49469192869921996,-1.35223605188582,1.2305264663780267,131,63,0.436138196701577,1.2088888567990437,,,,,,,,,
NQ,GLOBEX,B1,30min,S-B_q0.90,M3_HARJ,8308,0.48957626061042525,-1.3605770082949618,1.1760479538577873,131,63,0.436138196701577,1.2221612105411932,,,,,,,,,
NQ,GLOBEX,B1,30min,S-B_q0.90,M4_HARQ,8308,0.46309836787092484,-1.4011003324433977,1.1188509364610133,131,63,0.4367400987119297,1.585398869900412,,,,,,,,,
NQ,GLOBEX,B1,30min,S-B_q0.90,M6_PARK,8308,0.4128003868202611,-2.267437077429409,1.1648834153858731,131,63,0.4620199831467437,3.0924238876446664,,,,,,,,,
NQ,GLOBEX,B1,30min,S-B_q0.90,M6_GK,8308,0.42077044441834904,-2.0474508225891466,1.144444716100287,131,63,0.46406644998194296,2.8733462249193615,,,,,,,,,
ES,RTH,B0,1day,S-A,M1_EWMA,1401,0.7192041478735158,0.43840140948831996,2.2943795012854378,22,63,0.5021428571428571,0.30100796071902153,0.9115033560507677,0.7533088115059072,0.4809652170539046,0.9948439727147731,0.7210654668377344,0.44067353425481515,0.9919787732169962,0.7221060670907056,0.44194636147967176
ES,RTH,B0,1day,S-A,M2_HAR,1401,0.8342518445148247,0.6779550896384614,3.4809641571408827,22,63,0.35642857142857143,0.17115634814621614,0.9115033560507677,0.8738120703922816,0.7437768441970515,0.9948439727147731,0.8364109098980278,0.6814687611650582,0.9919787732169962,0.8376179700672587,0.6834370935578056
ES,RTH,B0,1day,S-A,M3_HARJ,1401,0.8155293233743431,0.6483362755957118,3.2429710774010148,22,63,0.38357142857142856,0.1920767530341356,0.9115033560507677,0.8542017272227775,0.7112823790410725,0.9948439727147731,0.8176399343878659,0.6516964402231878,0.9919787732169962,0.8188199053637255,0.653578779204268
ES,RTH,B0,1day,S-A,M4_HARQ,1401,0.8016908143180368,0.624941741520837,3.1106823004336333,22,63,0.35428571428571426,0.36609020179328583,0.9115033560507677,0.839706996010447,0.6856165008854118,0.9948439727147731,0.8037656109116633,0.628180658134229,0.9919787732169962,0.8049255592610305,0.6299950748886947
ES,RTH,B0,1day,S-A,M5_RGARCH,1401,0.8312417872581033,0.6676149426033927,3.6693861422335265,22,63,0.345,0.23568485498972416,0.9115033560507677,0.8706592762081408,0.7324327860908159,0.9948439727147731,0.8333930625351565,0.6710750237362109,0.9919787732169962,0.8345957675204635,0.6730133351929611
ES,RTH,B0,1day,S-A,M6_PARK,1401,0.7733496112571301,0.3949729556249507,3.2804646913885596,22,63,0.4757142857142857,0.4637886580929051,0.9115033560507677,0.8100218529845283,0.4333203525834874,0.9948439727147731,0.7753510600831137,0.3970200015859085,0.9919787732169962,0.7764700021852813,0.39816674135480723
ES,RTH,B0,1day,S-A,M6_GK,1401,0.7770172929505352,0.44208553709615805,3.2214856471821545,22,63,0.44571428571428573,0.4189536185434794,0.9115033560507677,0.8138634561588289,0.48500703169274495,0.9948439727147731,0.7790282338317452,0.4443767557738486,0.9919787732169962,0.7801524826197951,0.4456602792643139
ES,RTH,B0,1day,S-B_q0.80,M1_EWMA,280,0.4089652958979203,-0.6643642734119182,7.695581027973737,4,63,0.5053763440860215,0.5540001469534276,0.9115033560507677,0.4283584319013196,-0.7288665137673013,0.9948439727147731,0.41002370867711907,-0.6678075071400115,0.9919787732169962,0.4106154313355966,-0.6697363808072009
ES,RTH,B0,1day,S-B_q0.80,M2_HAR,280,0.7055187679798768,-0.1656684446293042,3.759141549457738,4,63,0.46236559139784944,0.3140930789516701,0.9115033560507677,0.7389744708417637,-0.18175297274503618,0.9948439727147731,0.7073446688264388,-0.16652706270835718,0.9919787732169962,0.7083654680120475,-0.16700805410587558
ES,RTH,B0,1day,S-B_q0.80,M3_HARJ,280,0.6948498144956469,-0.2495587098992771,3.9300092062170164,4,63,0.4444444444444444,0.34766200023694477,0.9115033560507677,0.7277995955396951,-0.2737880318735519,0.9948439727147731,0.696648103814234,-0.25085211022414955,0.9919787732169962,0.6976534663317876,-0.25157666336947504
ES,RTH,B0,1day,S-B_q0.80,M4_HARQ,280,0.5868190903446273,-0.6665518187533732,2.462761028234767,4,63,0.4731182795698925,1.2028518950780425,0.9115033560507677,0.6146460540077862,-0.7312664449655065,0.9948439727147731,0.5883377933507953,-0.6700063899813936,0.9919787732169962,0.5891868486512498,-0.6719416148308693
ES,RTH,B0,1day,S-B_q0.80,M5_RGARCH,280,0.6615050328515005,-0.742948920103415,4.161458557911412,4,63,0.45161290322580644,0.5351163894576181,0.9115033560507677,0.6928736042136642,-0.8150808388927481,0.9948439727147731,0.6632170250114638,-0.7467994383843166,0.9919787732169962,0.6641741417168697,-0.7489564697982648
ES,RTH,B0,1day,S-B_q0.80,M6_PARK,280,0.6051448070727331,-0.9020545746464177,2.7618678701965607,4,63,0.5555555555555556,0.6160633306199651,0.9115033560507677,0.6338407762980574,-0.9896338490235643,0.9948439727147731,0.6067109375084838,-0.9067296977081264,0.9919787732169962,0.6075865078749589,-0.9093486665254403
ES,RTH,B0,1day,S-B_q0.80,M6_GK,280,0.611611026662407,-0.892915214420696,2.9878844717795654,4,63,0.5125448028673835,0.6233510050959445,0.9115033560507677,0.6406136240471085,-0.9796071605149017,0.9948439727147731,0.6131938918419501,-0.8975429704660827,0.9919787732169962,0.6140788180356415,-0.9001354046366978
ES,RTH,B0,1day,S-C_q0.80,M1_EWMA,280,0.45377864820617314,0.18338028407752704,2.6176056767589655,4,63,0.5304659498207885,0.3796308561743566,0.9115033560507677,0.4752968335592344,0.20118443103934483,0.9948439727147731,0.45495303910194446,0.18433069818688355,0.9919787732169962,0.4556096011886794,0.18486311303096042
ES,RTH,B0,1day,S-C_q0.80,M2_HAR,280,0.6976010128377603,0.4546678826250896,2.17014565263623,4,63,0.43727598566308246,0.18010462178461084,0.9115033560507677,0.7306812557184389,0.498810980351197,0.9948439727147731,0.6994064223289211,0.4570243124500944,0.9919787732169962,0.700415765493276,0.4583443667353864
ES,RTH,B0,1day,S-C_q0.80,M3_HARJ,280,0.6912552380086869,0.4357951599035289,2.4593117564664526,4,63,0.4229390681003584,0.1912340333355078,0.9115033560507677,0.7240345642210282,0.478105930176363,0.9948439727147731,0.6930442244702156,0.43805377713081206,0.9919787732169962,0.6940443860761606,0.43931903753367746
ES,RTH,B0,1day,S-C_q0.80,M4_HARQ,280,0.5268749421471417,0.1327479911067666,1.5701300063274684,4,63,0.4551971326164875,1.0584835970479454,0.9115033560507677,0.5518593540577138,0.14563631633998392,0.9948439727147731,0.5282385081450433,0.13343599071572818,0.9919787732169962,0.5290008316100893,0.1338214029280724
ES,RTH,B0,1day,S-C_q0.80,M5_RGARCH,280,0.6846002453614773,0.4476808870313018,2.1417298428052893,4,63,0.4121863799283154,0.24191163636391486,0.9115033560507677,0.7170639917952812,0.4911456266830986,0.9948439727147731,0.6863720085296511,0.45000110500710067,0.9919787732169962,0.6873625411769022,0.45130087368650906
ES,RTH,B0,1day,S-C_q0.80,M6_PARK,280,0.629463859455829,0.25303529892095067,2.508979247872034,4,63,0.5591397849462365,0.2823020775295806,0.9115033560507677,0.65931303824458,0.27760215828196844,0.9948439727147731,0.6310929282290828,0.25434671753647664,0.9919787732169962,0.6320036852837002,0.25508136439286383
ES,RTH,B0,1day,S-C_q0.80,M6_GK,280,0.6248268485778588,0.2741817838984403,2.1860456982345116,4,63,0.5197132616487455,0.271297331365839,0.9115033560507677,0.6544561402918196,0.30080172725460513,0.9948439727147731,0.6264439166468481,0.27560279945230126,0.9919787732169962,0.6273479645150586,0.2763988416901969
ES,RTH,B0,1day,S-B_q0.90,M1_EWMA,140,0.36324601073924717,-1.2544786885515058,,2,63,0.49640287769784175,0.7814386893592367,0.9115033560507677,0.38047113805351396,-1.3762743496488405,0.9948439727147731,0.3641861008241901,-1.2609803375781936,0.9919787732169962,0.364711673280611,-1.2646225125193153
ES,RTH,B0,1day,S-B_q0.90,M2_HAR,140,0.7069669236505565,-0.4309711938797558,,2,63,0.4244604316546763,0.3888908235656555,0.9115033560507677,0.7404912980602673,-0.47281361173150976,0.9948439727147731,0.7087965723615056,-0.4332048096986536,0.9919787732169962,0.7098194668508772,-0.43445606450036456
ES,RTH,B0,1day,S-B_q0.90,M3_HARJ,140,0.6869202496949065,-0.48836298511195153,,2,63,0.4028776978417266,0.41458877044996756,0.9115033560507677,0.7194940107436861,-0.5357774953543356,0.9948439727147731,0.6886980170943902,-0.49089404821872273,0.9919787732169962,0.6896919065035613,-0.49231193075652807
ES,RTH,B0,1day,S-B_q0.90,M4_HARQ,140,0.5563441053113398,-1.231648607376108,,2,63,0.4316546762589928,2.103331418513938,0.9115033560507677,0.5827259450596332,-1.3512277263711021,0.9948439727147731,0.557783938266849,-1.238031933806798,0.9919787732169962,0.5585888999991162,-1.24160782531854
ES,RTH,B0,1day,S-B_q0.90,M5_RGARCH,140,0.6668638137426566,-1.1224545944947293,,2,63,0.4172661870503597,0.6534210018074401,0.9115033560507677,0.6984864985165864,-1.2314322125570016,0.9948439727147731,0.6685896745663745,-1.1282719956896625,0.9919787732169962,0.6695545447709328,-1.1315308601358463
ES,RTH,B0,1day,S-B_q0.90,M6_PARK,140,0.6032756711902252,-0.7797715125248532,,2,63,0.5467625899280576,0.5801882176531937,0.9115033560507677,0.6318830059843595,-0.8554784876528996,0.9948439727147731,0.6048369642538959,-0.7838128730849915,0.9919787732169962,0.6057098302098389,-0.7860768129100657
ES,RTH,B0,1day,S-B_q0.90,M6_GK,140,0.6046033303540621,-0.711076473371334,,2,63,0.5107913669064749,0.5243597301087832,0.9115033560507677,0.6332736227511733,-0.780113938858311,0.9948439727147731,0.6061680594340391,-0.7147618047390063,0.9919787732169962,0.6070428463500681,-0.7168262996851298
ES,RTH,B0,1day,S-C_q0.90,M1_EWMA,140,0.41790658201705627,0.11432690736251117,,2,63,0.5251798561151079,0.5375331328890744,0.9115033560507677,0.4377237138447785,0.12542675416780752,0.9948439727147731,0.4189881350763372,0.11491943510551808,0.9919787732169962,0.41959279467994354,0.11525136469578674
ES,RTH,B0,1day,S-C_q0.90,M2_HAR,140,0.7425151683052644,0.4975731554279331,,2,63,0.48201438848920863,0.1720834188695275,0.9115033560507677,0.7777252406218288,0.5458818688103875,0.9948439727147731,0.744436816794185,0.5001519525419992,0.9919787732169962,0.7455111452366139,0.5015965753120895
ES,RTH,B0,1day,S-C_q0.90,M3_HARJ,140,0.7461093566400591,0.49126890914866717,,2,63,0.4748201438848921,0.18157673228601423,0.9115033560507677,0.781489865382153,0.5389655516762629,0.9948439727147731,0.7480403069814903,0.49381503293232143,0.9919787732169962,0.7491198357739192,0.49524135234817335
ES,RTH,B0,1day,S-C_q0.90,M4_HARQ,140,0.47573698601408226,-0.03562018503071873,,2,63,0.5107913669064749,1.9210622190427378,0.9115033560507677,0.49829643583576405,-0.03907850124112412,0.9948439727147731,0.4769682056568866,-0.03580479553343107,0.9919787732169962,0.4776565387671136,-0.03590821295016439
ES,RTH,B0,1day,S-C_q0.90,M5_RGARCH,140,0.7191116164934526,0.48500219140333023,,2,63,0.4748201438848921,0.24895947058325163,0.9115033560507677,0.7532118922874231,0.5320904066713247,0.9948439727147731,0.7209726959840628,0.48751583635757006,0.9919787732169962,0.722013162355468,0.4889239613771812
ES,RTH,B0,1day,S-C_q0.90,M6_PARK,140,0.7015924830855719,0.4004741296483355,,2,63,0.5971223021582733,0.21555574691562993,0.9115033560507677,0.7348620015017194,0.4393556282485376,0.9948439727147731,0.7034082226051249,0.40254968681722464,0.9919787732169962,0.7044233409377153,0.4037123983506162
ES,RTH,B0,1day,S-C_q0.90,M6_GK,140,0.6953991278696091,0.39304934075458664,,2,63,0.5899280575539568,0.21382134709672362,0.9115033560507677,0.7283749573560963,0.43120997651345466,0.9948439727147731,0.697198838825437,0.39508641710118286,0.9919787732169962,0.6982049961321163,0.39622757196701297
ES,RTH,B0,1h,S-A,M1_EWMA,10906,0.7707014496706104,0.5666706473623528,1.2893380795068086,173,63,0.4807886290692343,0.34513515908408093,0.930985664293965,0.7987570035279048,0.6086781666956181,0.9763629103264524,0.7799747422487903,0.580389362775859,0.7627026364969165,0.8824874787073297,0.7429771712407655
ES,RTH,B0,1h,S-A,M2_HAR,10906,0.8347784620564269,0.6504318651556371,3.4449529487215558,173,63,0.46886749197615774,0.249757519443894,0.930985664293965,0.8651665872002723,0.6986486367101125,0.9763629103264524,0.8448227469347294,0.6661783833412533,0.7627026364969165,0.9558585111967913,0.8527987632808802
ES,RTH,B0,1h,S-A,M3_HARJ,10906,0.8332311151828586,0.649869918068836,3.4610116964894053,173,63,0.46795048143053647,0.25173621102963506,0.930985664293965,0.86356291284274,0.6980450322633918,0.9763629103264524,0.8432567819564661,0.6656028318932643,0.7627026364969165,0.9540867301242054,0.8520619792973055
ES,RTH,B0,1h,S-A,M4_HARQ,10906,0.8367485183449377,0.668555939505544,3.6995769516726544,173,63,0.46987620357634113,0.27054913235948347,0.930985664293965,0.8672083587039651,0.718116255863681,0.9763629103264524,0.8468165074842956,0.6847412293467894,0.7627026364969165,0.9581143133724619,0.876561726043341
ES,RTH,B0,1h,S-A,M5_RGARCH,10906,0.8047930422100434,0.4254311415230305,3.3442904033944876,173,63,0.4598807886290692,0.7860581612075446,0.930985664293965,0.8340896194376453,0.4569685203967843,0.9763629103264524,0.8144765342399168,0.4357305434521117,0.7627026364969165,0.9215238702414316,0.5577942453129968
ES,RTH,B0,1h,S-A,M6_PARK,10906,0.777685347038212,0.4003405436564612,3.149631888173984,173,63,0.48564878496102704,0.7738743934547857,0.930985664293965,0.805995133074276,0.4300179465814535,0.9763629103264524,0.7870426717972753,0.41003251907900223,0.7627026364969165,0.8904843521816427,0.5248972856514831
ES,RTH,B0,1h,S-A,M6_GK,10906,0.7853313186539026,0.4561238585712166,3.262934746055736,173,63,0.48592388812471343,0.6844407423876048,0.930985664293965,0.8139194381075915,0.48993650070554945,0.9763629103264524,0.7947806418539536,0.4671663105460541,0.7627026364969165,0.8992393301517535,0.5980362945461781
ES,RTH,B0,1h,S-B_q0.80,M1_EWMA,2181,0.5485066814888476,-0.5158246740961381,1.0755839097121207,34,63,0.47110091743119265,0.6333104965610982,0.930985664293965,0.5684737631002461,-0.554062961310286,0.9763629103264524,0.5551064652841247,-0.5283124426794021,0.7627026364969165,0.6280645749506445,-0.6763116441622835
ES,RTH,B0,1h,S-B_q0.80,M2_HAR,2181,0.6196062774704504,-0.21176606217432203,1.5154182570447008,34,63,0.44311926605504587,0.4692362653819967,0.930985664293965,0.6421615708273261,-0.22746436416388843,0.9763629103264524,0.6270615512301093,-0.2168927761742986,0.7627026364969165,0.7094767783683632,-0.27765219633560057
ES,RTH,B0,1h,S-B_q0.80,M3_HARJ,2181,0.6185600275519121,-0.22577863362565154,1.4996713492389457,34,63,0.43669724770642204,0.47611963404906027,0.930985664293965,0.6410772346680647,-0.24251569308199403,0.9763629103264524,0.6260027125437562,-0.23124458256014782,0.7627026364969165,0.7082787756228082,-0.2960244567432596
ES,RTH,B0,1h,S-B_q0.80,M4_HARQ,2181,0.5943925806090709,-0.3040224952885968,1.435334844417012,34,63,0.44357798165137613,0.5983152982221255,0.930985664293965,0.6160300292797347,-0.3265598031728657,0.9763629103264524,0.6015444762083889,-0.31138267551247434,0.7627026364969165,0.6806059727125552,-0.39861209433465217
ES,RTH,B0,1h,S-B_q0.80,M5_RGARCH,2181,0.5259800495998669,-2.4289311305183907,1.2652194070445943,34,63,0.44220183486238535,1.7798898865077162,0.930985664293965,0.5451271027366144,-2.608988756406285,0.9763629103264524,0.5323087867422581,-2.4877339202758777,0.7627026364969165,0.6022705783414893,-3.184637123682226
ES,RTH,B0,1h,S-B_q0.80,M6_PARK,2181,0.5021111050034824,-1.5951209844002796,1.376755953408295,34,63,0.4706422018348624,1.3618105142815682,0.930985664293965,0.5203892659629453,-1.7133679341990484,0.9763629103264524,0.5081526444159754,-1.6337377910708857,0.7627026364969165,0.5749395739100447,-2.0914061497501177
ES,RTH,B0,1h,S-B_q0.80,M6_GK,2181,0.513383913496311,-1.415132855759187,1.4489126723601666,34,63,0.463302752293578,1.234860919714611,0.930985664293965,0.5320724342467522,-1.5200372143564491,0.9763629103264524,0.5195610904522088,-1.4493922708371105,0.7627026364969165,0.5878474416051664,-1.8554188592540786
ES,RTH,B0,1h,S-C_q0.80,M1_EWMA,2181,0.5310122657741982,0.22523697824969646,0.7039943132796829,34,63,0.5027522935779817,0.3315724721322915,0.930985664293965,0.5503425047761868,0.2419338845786742,0.9763629103264524,0.5374015519306352,0.23068981407168285,0.7627026364969165,0.6080326899424132,0.2953142777691277
ES,RTH,B0,1h,S-C_q0.80,M2_HAR,2181,0.7027006201144842,0.461077574270529,3.41462790929215,34,63,0.5247706422018349,0.20482252131274523,0.930985664293965,0.7282807654504012,0.4952574373099483,0.9763629103264524,0.7111557079412621,0.4722399523721821,0.7627026364969165,0.804623500832836,0.604531244822035
ES,RTH,B0,1h,S-C_q0.80,M3_HARJ,2181,0.7033307983328497,0.4622032896852124,3.409237243483161,34,63,0.5261467889908257,0.20487533487402587,0.930985664293965,0.728933883808496,0.4964666024537931,0.9763629103264524,0.7117934686378983,0.47339292060026344,0.7627026364969165,0.8053450829542909,0.6060072006674925
ES,RTH,B0,1h,S-C_q0.80,M4_HARQ,2181,0.6950573928047321,0.4396415715835713,3.4097065340159083,34,63,0.5238532110091743,0.3036279268025147,0.930985664293965,0.7203593046229569,0.4722323752610991,0.9763629103264524,0.7034205152107688,0.4502849984710856,0.7627026364969165,0.7958716652152269,0.5764259234802694
ES,RTH,B0,1h,S-C_q0.80,M5_RGARCH,2181,0.6728954144348157,0.0535123584051439,3.837401042032547,34,63,0.5142201834862385,0.6212580336219193,0.930985664293965,0.6973905721227517,0.057479250709758525,0.9763629103264524,0.6809918777997628,0.05480785662705248,0.7627026364969165,0.7704952131231845,0.070161496557722
ES,RTH,B0,1h,S-C_q0.80,M6_PARK,2181,0.6299741272402631,0.18216290408479063,3.197215582728858,34,63,0.544954128440367,0.3921713112684989,0.930985664293965,0.6529068375174335,0.19566671225054597,0.9763629103264524,0.6375541498301769,0.1865729455289155,0.7627026364969165,0.7213484280284084,0.23883869724308615
ES,RTH,B0,1h,S-C_q0.80,M6_GK,2181,0.6409965786034806,0.22976453701590205,3.312822270729146,34,63,0.539908256880734,0.3679634985952236,0.930985664293965,0.6643305350155743,0.24679707306787524,0.9763629103264524,0.6487092263707098,0.2353269819918487,0.7627026364969165,0.7339696256618853,0.3012504821947485
ES,RTH,B0,1h,S-B_q0.90,M1_EWMA,1091,0.5317278515965156,-1.2038825689424186,0.8581621616852992,17,63,0.4743119266055046,0.8747636385684684,0.930985664293965,0.5510841397989905,-1.2931268601814738,0.9763629103264524,0.538125747879089,-1.2330277565950285,0.7627026364969165,0.608852067573538,-1.5784429099023913
ES,RTH,B0,1h,S-B_q0.90,M2_HAR,1091,0.6041995934295652,-0.8464756403466207,1.4137975747283755,17,63,0.45137614678899085,0.6663508570581247,0.930985664293965,0.6261940430848284,-0.9092252145349258,0.9763629103264524,0.6114694897141567,-0.8669682465340647,0.7627026364969165,0.691835439091926,-1.1098370450566062
ES,RTH,B0,1h,S-B_q0.90,M3_HARJ,1091,0.6047212964877109,-0.8614290874563004,1.3992981648558798,17,63,0.44311926605504587,0.6747646190665418,0.930985664293965,0.6267347375024058,-0.9252871665962606,0.9763629103264524,0.611997470047503,-0.8822837065454245,0.7627026364969165,0.6924328123246009,-1.1294429129192909
ES,RTH,B0,1h,S-B_q0.90,M4_HARQ,1091,0.5689555731961803,-0.973859372165021,1.2061922381986705,17,63,0.45688073394495415,0.8984152571700182,0.930985664293965,0.5896670480909472,-1.0460519528016259,0.9763629103264524,0.5758014037009616,-0.9974358528627493,0.7627026364969165,0.6514794665313933,-1.2768532919172073
ES,RTH,B0,1h,S-B_q0.90,M5_RGARCH,1091,0.5000615464374418,-4.025168190156846,1.141616716993058,17,63,0.44954128440366975,2.3782020169317653,0.930985664293965,0.5182650980903337,-4.323555500942571,0.9763629103264524,0.5060784249955312,-4.122614806016144,0.7627026364969165,0.5725927380864178,-5.277506589782345
ES,RTH,B0,1h,S-B_q0.90,M6_PARK,1091,0.48525074164286214,-2.2482626482506003,1.3864501328759495,17,63,0.4761467889908257,1.5209035575755183,0.930985664293965,0.5029151411613422,-2.4149272480534094,0.9763629103264524,0.4910894125094555,-2.302691575511488,0.7627026364969165,0.5556337070811158,-2.947757803194233
ES,RTH,B0,1h,S-B_q0.90,M6_GK,1091,0.48972533005969926,-2.131149763767361,1.3122909899559625,17,63,0.46422018348623856,1.4279677514103988,0.930985664293965,0.5075526163307233,-2.2891327390992307,0.9763629103264524,0.49561784040923895,-2.1827434668271035,0.7627026364969165,0.5607573100689074,-2.7942079413225906
ES,RTH,B0,1h,S-C_q0.90,M1_EWMA,1091,0.5564384466501746,0.2569848141441744,1.160983743672745,17,63,0.5128440366972477,0.33992928794096094,0.930985664293965,0.5766942653137249,0.27603520011134103,0.9763629103264524,0.5631336676332678,0.2632062437298546,0.7627026364969165,0.6371467992567097,0.33693972178266274
ES,RTH,B0,1h,S-C_q0.90,M2_HAR,1091,0.7143206762553324,0.4789916234976449,3.6605012095930505,17,63,0.5155963302752293,0.19156612559800737,0.930985664293965,0.7403238221072386,0.5144994620952618,0.9763629103264524,0.7229155798050663,0.49058768868789926,0.7627026364969165,0.8179289825476522,0.6280188379807461
ES,RTH,B0,1h,S-C_q0.90,M3_HARJ,1091,0.7164334225064999,0.48168121310050394,3.72313071201623,17,63,0.5211009174311927,0.19085832639856457,0.930985664293965,0.7425134778624194,0.5173884320397116,0.9763629103264524,0.7250537472023065,0.4933423914468967,0.7627026364969165,0.820348171084456,0.6315452314585663
ES,RTH,B0,1h,S-C_q0.90,M4_HARQ,1091,0.6845001832187003,0.4167541517395227,2.5540979665727144,17,63,0.518348623853211,0.3929768597760672,0.930985664293965,0.7094177849227424,0.4476483019269454,0.9763629103264524,0.6927362783649047,0.42684348957927803,0.7627026364969165,0.7837831901335415,0.5464176099530339
ES,RTH,B0,1h,S-C_q0.90,M5_RGARCH,1091,0.671111773336048,-0.009713059581854422,3.5786335511008036,17,63,0.5036697247706422,0.6320800382491015,0.930985664293965,0.6955420018105642,-0.010433092532332976,0.9763629103264524,0.6791867754389584,-0.00994820622447324,0.7627026364969165,0.7684528646407169,-0.012735054419722974
ES,RTH,B0,1h,S-C_q0.90,M6_PARK,1091,0.6362551425352345,0.19969963176315642,3.0124180519567774,17,63,0.5477064220183486,0.3219450644696545,0.930985664293965,0.659416498240491,0.21450344449138575,0.9763629103264524,0.643910740034918,0.20453422559485154,0.7627026364969165,0.7285404702306781,0.2618315739412863
ES,RTH,B0,1h,S-C_q0.90,M6_GK,1091,0.642722812461516,0.2203086555929502,2.844708716816379,17,63,0.5504587155963303,0.3243660314988565,0.930985664293965,0.6661196083129218,0.23664022341313545,0.9763629103264524,0.6504562307510152,0.22564218003661035,0.7627026364969165,0.7359462402974072,0.28885262099633624
ES,RTH,B0,30min,S-A,M1_EWMA,22312,0.7847766106815511,0.5914969176409357,1.254307401282223,354,63,0.4704405898435749,0.35325406043925534,0.8036308834779807,0.8754225749608388,0.7360305953910525,0.9989807302415732,0.7851768662170201,0.5921004277008427,0.5608079747699993,1.047946135789077,1.054722729083021
ES,RTH,B0,30min,S-A,M2_HAR,22312,0.8555993234531597,0.684681008217783,4.253168613180905,354,63,0.41508672851956435,0.2307362319956834,0.8036308834779807,0.9544256960227532,0.8519844399889133,0.9989807302415732,0.8560357003286864,0.6853795949119196,0.5608079747699993,1.1425187659680662,1.2208831525596384
ES,RTH,B0,30min,S-A,M3_HARJ,22312,0.8560190457074592,0.6860864398268279,4.2444703000691915,354,63,0.41746223835776075,0.23052378286403824,0.8036308834779807,0.9548938984788741,0.8537332921521881,0.9989807302415732,0.8564556366517456,0.686786460496509,0.5608079747699993,1.1430792392397096,1.2233892360539422
ES,RTH,B0,30min,S-A,M4_HARQ,22312,0.860571498812658,0.7109433647972483,4.3841465763775505,354,63,0.41625207296849087,0.23438619229608937,0.8036308834779807,0.9599721846631176,0.8846640658213678,0.9989807302415732,0.8610104116209379,0.7116687472293166,0.5608079747699993,1.149158326683219,1.2677126517125992
ES,RTH,B0,30min,S-A,M5_RGARCH,22312,0.8301530412891832,0.4064692801746721,4.5289881293356,354,63,0.4123526511586213,0.8695747103513299,0.8036308834779807,0.9260402299525778,0.5057910149191139,0.9989807302415732,0.8305764399296879,0.406884004735887,0.5608079747699993,1.1085392452981282,0.7247922612751269
ES,RTH,B0,30min,S-A,M6_PARK,22312,0.8118446414693152,0.5047754470275643,3.7930288069561664,354,63,0.45112276455560035,0.6250649263838997,0.8036308834779807,0.9056171104360546,0.6281185273056955,0.9989807302415732,0.812258702371827,0.5052904743272671,0.5608079747699993,1.0840912475079678,0.900086071769191
ES,RTH,B0,30min,S-A,M6_GK,22312,0.8184410827247199,0.5514119214887314,3.9416099435539205,354,63,0.4595042803998028,0.5612102674269662,0.8036308834779807,0.9129754765121908,0.6861507351513326,0.9989807302415732,0.8188585079758769,0.5519745324370663,0.5608079747699993,1.0928997606943605,0.9832455070113412
ES,RTH,B0,30min,S-B_q0.80,M1_EWMA,4463,0.5530452223666527,-0.5113197974173107,0.7454939298221618,70,63,0.4789332138054684,0.6765432197610977,0.8036308834779807,0.6169249516923534,-0.6362620052683935,0.9989807302415732,0.5533272891466815,-0.5118415019813881,0.5608079747699993,0.738505194736137,-0.9117555748507591
ES,RTH,B0,30min,S-B_q0.80,M2_HAR,4463,0.6661471046057187,-0.006973481365835532,1.9091791271315224,70,63,0.45159121470192737,0.4152294120935892,0.8036308834779807,0.7430907161086149,-0.008677468112792611,0.9989807302415732,0.6664868561508412,-0.006980596476720034,0.5608079747699993,0.8895350277225788,-0.01243470435436572
ES,RTH,B0,30min,S-B_q0.80,M3_HARJ,4463,0.6664350561131512,-0.008882638521519937,1.8904367445705978,70,63,0.4524876736889287,0.4171798282084015,0.8036308834779807,0.7434119275803501,-0.011053132357329718,0.9989807302415732,0.6667749545206844,-0.008891701564025105,0.5608079747699993,0.8899195418192036,-0.01583900179943575
ES,RTH,B0,30min,S-B_q0.80,M4_HARQ,4463,0.6493116013646089,-0.055866025615795456,1.892355752329738,70,63,0.45181532944867775,0.47981107149975905,0.8036308834779807,0.7243106207317989,-0.06951702176254923,0.9989807302415732,0.6496427663855244,-0.05592302626526735,0.5608079747699993,0.8670538524104558,-0.0996170313710454
ES,RTH,B0,30min,S-B_q0.80,M5_RGARCH,4463,0.5959773995408516,-2.036640632273487,1.5649139351286652,70,63,0.44397131331241596,1.680343502099253,0.8036308834779807,0.6648160286930708,-2.5342986116452435,0.9989807302415732,0.5962813627960427,-2.0387186365256387,0.5608079747699993,0.7958343869653002,-3.631618528799919
ES,RTH,B0,30min,S-B_q0.80,M6_PARK,4463,0.5625443923717187,-0.9686718436969735,1.6294061846886856,70,63,0.47848498431196773,1.0613055850521447,0.8036308834779807,0.6275213274668604,-1.2053691111331148,0.9989807302415732,0.5628313039640485,-0.9696601890035752,0.5608079747699993,0.7511898471130309,-1.7272790104210782
ES,RTH,B0,30min,S-B_q0.80,M6_GK,4463,0.5732995677480986,-0.8213042675152991,1.6585529227525868,70,63,0.48498431196772745,0.983714151009617,0.8036308834779807,0.6395187840602329,-1.02199191743457,0.9989807302415732,0.5735919647466201,-0.8221422522501425,0.5608079747699993,0.7655516977619982,-1.464501762572359
ES,RTH,B0,30min,S-C_q0.80,M1_EWMA,4463,0.5512023975385246,0.2321477238127192,0.9748945255670123,70,63,0.5029134917077543,0.37871103884127194,0.8036308834779807,0.6148692705796854,0.28887357191652774,0.9989807302415732,0.5514835244321854,0.23238458639395507,0.5608079747699993,0.7360443910739384,0.4139522514955828
ES,RTH,B0,30min,S-C_q0.80,M2_HAR,4463,0.7291440077077714,0.509451023842646,3.9581884949204196,70,63,0.4769161810847154,0.19655397386574977,0.8036308834779807,0.8133641039460309,0.6339365924288857,0.9989807302415732,0.7295158892359246,0.5099708216788633,0.5608079747699993,0.9736575159235731,0.9084232870468433
ES,RTH,B0,30min,S-C_q0.80,M3_HARJ,4463,0.7315450977054117,0.5133062737132553,3.953412587635472,70,63,0.47982967279246974,0.1962007664192581,0.8036308834779807,0.8160425328898057,0.6387338817688927,0.9989807302415732,0.7319182038490154,0.5138300050984245,0.5608079747699993,0.9768637952016005,0.9152977432672466
ES,RTH,B0,30min,S-C_q0.80,M4_HARQ,4463,0.7325590859784891,0.5060819843650484,3.860822595711797,70,63,0.4796055580457194,0.2321202416742661,0.8036308834779807,0.8171736423200759,0.6297443201470926,0.9989807302415732,0.732932709281261,0.5065983447375084,0.5608079747699993,0.9782178175794898,0.9024158127790615
ES,RTH,B0,30min,S-C_q0.80,M5_RGARCH,4463,0.7340978127237698,0.023665828756302743,3.8393156216688453,70,63,0.45629762438368443,0.6529688237381996,0.8036308834779807,0.8188901003683668,0.02944863026403487,0.9989807302415732,0.7344722208153454,0.023689975231634228,0.5608079747699993,0.9802725459248617,0.04219952251215518
ES,RTH,B0,30min,S-C_q0.80,M6_PARK,4463,0.6639685885450689,0.28048500711137536,3.0437224715393603,70,63,0.5109816225907665,0.34095383915041694,0.8036308834779807,0.7406605696013797,0.34902218528173395,0.9989807302415732,0.664307228992969,0.28077118869304774,0.5608079747699993,0.8866259610449547,0.5001444696402703
ES,RTH,B0,30min,S-C_q0.80,M6_GK,4463,0.6777903250286651,0.3328647153573533,3.2569524747009213,70,63,0.5186015239802779,0.31344601927539695,0.8036308834779807,0.7560787917785056,0.41420099973854935,0.9989807302415732,0.6781360149049783,0.3332043404649658,0.5608079747699993,0.9050827233142843,0.5935449036613094
ES,RTH,B0,30min,S-B_q0.90,M1_EWMA,2232,0.5188353502355174,-1.2000111112648657,0.603856668180781,35,63,0.4805020170327208,0.9213054004057369,0.8036308834779807,0.5787636533782885,-1.4932366785997786,0.9989807302415732,0.5190999691322865,-1.201235494276931,0.5608079747699993,0.6928232735145972,-2.139789669997148
ES,RTH,B0,30min,S-B_q0.90,M2_HAR,2232,0.6202805980975877,-0.5384831190602746,1.4298142419491153,35,63,0.4612281488121918,0.5885350784827145,0.8036308834779807,0.691926378786004,-0.6700627491191096,0.9989807302415732,0.6205969565868105,-0.5390325386257038,0.5608079747699993,0.8282874986765779,-0.9601916222413194
ES,RTH,B0,30min,S-B_q0.90,M3_HARJ,2232,0.6202766005455825,-0.5412303775254363,1.418549642663696,35,63,0.4648139847601972,0.5915703580450121,0.8036308834779807,0.6919219194950131,-0.6734813067201715,0.9989807302415732,0.6205929569959546,-0.5417826001454064,0.5608079747699993,0.8282821605725628,-0.96509037295236
ES,RTH,B0,30min,S-B_q0.90,M4_HARQ,2232,0.5930948027869184,-0.5839133940796333,1.337691866467398,35,63,0.4612281488121918,0.6898450243154143,0.8036308834779807,0.6616004763453646,-0.726594019822326,0.9989807302415732,0.5933972958462709,-0.5845091665966685,0.5608079747699993,0.7919851308990433,-1.0412002331441703
ES,RTH,B0,30min,S-B_q0.90,M5_RGARCH,2232,0.541329500196257,-3.425417814369296,1.1606174540260057,35,63,0.4495741819811744,2.1859720498919177,0.8036308834779807,0.6038559999290912,-4.262426799160154,0.9989807302415732,0.5416055916674059,-3.4289128014921393,0.5608079747699993,0.7228606844266593,-6.108004822460203
ES,RTH,B0,30min,S-B_q0.90,M6_PARK,2232,0.5109742025920013,-1.5505464128267539,1.2543959061088479,35,63,0.4943971313312416,1.245297802356898,0.8036308834779807,0.5699945004517537,-1.9294261142830238,0.9989807302415732,0.5112348121085002,-1.5521284504174582,0.5608079747699993,0.6823259432122382,-2.76484373008902
ES,RTH,B0,30min,S-B_q0.90,M6_GK,2232,0.5201114236091736,-1.404842172530469,1.2838773646964154,35,63,0.49394890183774093,1.1684062496447662,0.8036308834779807,0.5801871201628489,-1.748118696547034,0.9989807302415732,0.5203766933350125,-1.406275546667202,0.5608079747699993,0.6945272694577803,-2.5050324455650403
ES,RTH,B0,30min,S-C_q0.90,M1_EWMA,2232,0.542184124182266,0.17397339296535042,0.5976546995005922,35,63,0.5181532944867773,0.3838492344358882,0.8036308834779807,0.6048093376308935,0.21648420505247698,0.9989807302415732,0.5424606515328441,0.17415089971082848,0.5608079747699993,0.7240019007823723,0.31021918516173214
ES,RTH,B0,30min,S-C_q0.90,M2_HAR,2232,0.7258352778497743,0.5100583859884193,3.1338281468447358,35,63,0.49798296727924696,0.17939942054808772,0.8036308834779807,0.8096731978044448,0.6346923649586133,0.9989807302415732,0.7262054718436368,0.5105788035221432,0.5608079747699993,0.9692392259008279,0.9095062997233704
ES,RTH,B0,30min,S-C_q0.90,M3_HARJ,2232,0.7282675915700343,0.5134373832409945,3.1429046540345125,35,63,0.5015688032272524,0.17920740297838944,0.8036308834779807,0.8123864569805221,0.6388970282213682,0.9989807302415732,0.7286390261042203,0.5139612483984904,0.5608079747699993,0.9724871995655369,0.9155315301134357
ES,RTH,B0,30min,S-C_q0.90,M4_HARQ,2232,0.7140607564789961,0.47938439063884175,2.786335190118784,35,63,0.4988794262662483,0.25666304162681003,0.8036308834779807,0.7965386552135459,0.5965231059365786,0.9989807302415732,0.7144249451749279,0.4798735111966746,0.5608079747699993,0.9535161984770661,0.8548102241867168
ES,RTH,B0,30min,S-C_q0.90,M5_RGARCH,2232,0.7179186209354008,-0.1272606494665205,3.32712033439695,35,63,0.4688480502017033,0.6625627346865556,0.8036308834779807,0.8008421239845414,-0.1583570916485409,0.9989807302415732,0.7182847772378881,-0.12739049474532543,0.5608079747699993,0.9586677716693103,-0.22692375142973512
ES,RTH,B0,30min,S-C_q0.90,M6_PARK,2232,0.6432989012868936,0.2415871226608831,3.160799792173608,35,63,0.5383236216943075,0.29539448413237807,0.8036308834779807,0.7176034211123691,0.3006195103096763,0.9989807302415732,0.6436269996816426,0.2418336163526023,0.5608079747699993,0.8590248340549926,0.4307840357654752
ES,RTH,B0,30min,S-C_q0.90,M6_GK,2232,0.6548424430886522,0.27949759553592635,3.141616278537687,35,63,0.5378753922008068,0.28716310138580253,0.8036308834779807,0.73048030473851,0.3477934973408529,0.9989807302415732,0.655176428976023,0.27978276965196147,0.5608079747699993,0.8744394244745094,0.49838377503557246
ES,RTH,B1,1day,S-A,M1_EWMA,1401,0.7182282722693459,0.45168730885124364,2.289716854352273,22,63,0.5035714285714286,0.30802031462071433,0.9115033560507677,0.752286659876598,0.49554102664882144,0.9948439727147731,0.7200870656422229,0.4540282911084638,0.9919787732169962,0.7211262539228026,0.45533969178233274
ES,RTH,B1,1day,S-A,M2_HAR,1401,0.8338351559494853,0.6771392246253929,3.4780371231769203,22,63,0.3485714285714286,0.17356905257357763,0.9115033560507677,0.8733756224534703,0.7428817679390732,0.9948439727147731,0.8359931429318879,0.680648667727851,0.9919787732169962,0.8371996002038359,0.6826146313891619
ES,RTH,B1,1day,S-A,M3_HARJ,1401,0.8162144856230477,0.6485074584375413,3.2566134652410246,22,63,0.385,0.19450867377320374,0.9115033560507677,0.8549193798681167,0.71147018179648,0.9948439727147731,0.8183268698542178,0.6518685102628368,0.9919787732169962,0.8195078321758746,0.6537513462454703
ES,RTH,B1,1day,S-A,M4_HARQ,1401,0.8017225065691759,0.6252370016596078,3.108130401495849,22,63,0.3492857142857143,0.36616170986121577,0.9115033560507677,0.8397401911082646,0.685940427436873,0.9948439727147731,0.8037973851831692,0.6284774485323906,0.9919787732169962,0.8049573793873396,0.6302927225266711
ES,RTH,B1,1day,S-A,M5_RGARCH,1401,0.829556282554894,0.6490383332761562,3.668815344528589,22,63,0.345,0.26110639698508387,0.9115033560507677,0.8688938448650148,0.712052598564439,0.9948439727147731,0.8317031957021158,0.6524021364928537,0.9919787732169962,0.8329034619687006,0.6542865137842808
ES,RTH,B1,1day,S-A,M6_PARK,1401,0.7731510578920353,0.4058759201927825,3.2816942825143967,22,63,0.47214285714285714,0.45286523883161983,0.9115033560507677,0.8098138842180491,0.44528187142536046,0.9948439727147731,0.775151992856767,0.407979473489909,0.9919787732169962,0.7762706476765509,0.4091578682440182
ES,RTH,B1,1day,S-A,M6_GK,1401,0.7766162767563186,0.45095326294443605,3.22205914476797,22,63,0.4421428571428571,0.40988499110856147,0.9115033560507677,0.8134434237750431,0.49473571320489956,0.9948439727147731,0.7786261797972305,0.45329044082546466,0.9919787732169962,0.7797498483639977,0.4545997103163715
ES,RTH,B1,1day,S-B_q0.80,M1_EWMA,280,0.383690565307966,-0.7970707556627346,11.953073073810021,4,63,0.5125448028673835,0.6203419382776738,0.9115033560507677,0.40188517348346225,-0.8744572912119265,0.9948439727147731,0.38468356642970747,-0.8012017738697793,0.9919787732169962,0.3852387196508097,-0.8035159392350976
ES,RTH,B1,1day,S-B_q0.80,M2_HAR,280,0.7048696618286591,-0.18446732061920268,3.7918081495059006,4,63,0.44802867383512546,0.32230063206026766,0.9115033560507677,0.7382945840742016,-0.2023770065076189,0.9948439727147731,0.7066938827716879,-0.18542336856685204,0.9919787732169962,0.7077137427802532,-0.18595893944481642
ES,RTH,B1,1day,S-B_q0.80,M3_HARJ,280,0.7019273189538441,-0.23510467094680498,4.052921129297214,4,63,0.43727598566308246,0.3409933721730824,0.9115033560507677,0.7352127152882341,-0.2579306695758457,0.9948439727147731,0.7037439250372974,-0.23632315960586386,0.9919787732169962,0.7047595278363502,-0.23700574779877434
ES,RTH,B1,1day,S-B_q0.80,M4_HARQ,280,0.5883673292286122,-0.6857468373576645,2.4683854077915766,4,63,0.46953405017921146,1.2016268910816976,0.9115033560507677,0.616267710385979,-0.7523250823000488,0.9948439727147731,0.5898900391171159,-0.6893008915622909,0.9919787732169962,0.5907413345294762,-0.6912918460278956
ES,RTH,B1,1day,S-B_q0.80,M5_RGARCH,280,0.6622439353474618,-0.9359916850271057,4.095254708017638,4,63,0.43727598566308246,0.6092569886928667,0.9115033560507677,0.6936475454690046,-1.0268658681438514,0.9948439727147731,0.6639578398062245,-0.9408426956369161,0.9919787732169962,0.6649160256129787,-0.9435601953373217
ES,RTH,B1,1day,S-B_q0.80,M6_PARK,280,0.6078530022283785,-0.9579376494478495,2.849116490737211,4,63,0.5483870967741935,0.646722866119946,0.9115033560507677,0.636677394079055,-1.0509425369515542,0.9948439727147731,0.6094261415433423,-0.9629024004978268,0.9919787732169962,0.6103056303362786,-0.965683616738339
ES,RTH,B1,1day,S-B_q0.80,M6_GK,280,0.6111863732740886,-0.9439105651511661,2.9970619343651865,4,63,0.5089605734767025,0.6467435396734215,0.9115033560507677,0.6401688335933802,-1.0355535817671673,0.9948439727147731,0.612768139439663,-0.9488026173344372,0.9919787732169962,0.613652451211949,-0.9515431082159707
ES,RTH,B1,1day,S-C_q0.80,M1_EWMA,280,0.4171773747595835,0.14912104794109093,1.9131405910905033,4,63,0.5197132616487455,0.4278124550845432,0.9115033560507677,0.43695992757617524,0.16359901140373354,0.9948439727147731,0.41825704061159347,0.1498939050051869,0.9919787732169962,0.41886064514167326,0.15032685372640586
ES,RTH,B1,1day,S-C_q0.80,M2_HAR,280,0.6843785065938907,0.4395210490484853,1.9225131197221328,4,63,0.4157706093189964,0.1880215681379632,0.9115033560507677,0.716831738174429,0.48219356092420734,0.9948439727147731,0.6861496958963902,0.44179897662655715,0.9919787732169962,0.687139907714822,0.4430750545428654
ES,RTH,B1,1day,S-C_q0.80,M3_HARJ,280,0.684477357273319,0.43384719538572114,2.168572294673879,4,63,0.4157706093189964,0.1934795005495511,0.9115033560507677,0.7169352763534801,0.4759688403841239,0.9948439727147731,0.6862488024039374,0.4360957168005152,0.9919787732169962,0.6872391572471868,0.43735532160506896
ES,RTH,B1,1day,S-C_q0.80,M4_HARQ,280,0.5176834265767507,0.12328198190229356,1.4555313406465207,4,63,0.44086021505376344,1.0522030465287693,0.9115033560507677,0.5422319767813985,0.13525126493931106,0.9948439727147731,0.5190232046942685,0.12392092155504182,0.9919787732169962,0.519772229162839,0.12427885074847818
ES,RTH,B1,1day,S-C_q0.80,M5_RGARCH,280,0.6700909050797091,0.40602015898785915,1.934752856518387,4,63,0.3906810035842294,0.2703049884096589,0.9115033560507677,0.7018666185380349,0.44544011417248713,0.9948439727147731,0.6718251176993987,0.4081244598385552,0.9919787732169962,0.6727946571095943,0.4093032733665581
ES,RTH,B1,1day,S-C_q0.80,M6_PARK,280,0.6216922966973545,0.23377205980189597,2.286057306954744,4,63,0.5663082437275986,0.291224777669819,0.9115033560507677,0.6511729479483273,0.2564686769939612,0.9948439727147731,0.6233012524648829,0.23498364187096465,0.9919787732169962,0.6242007650207075,0.2356623610440484
ES,RTH,B1,1day,S-C_q0.80,M6_GK,280,0.6082622057812102,0.23700667019933852,2.0724995477342945,4,63,0.5125448028673835,0.28485978163191383,0.9115033560507677,0.6371060020660348,0.26001733139657035,0.9948439727147731,0.6098364041255683,0.23823501644442244,0.9919787732169962,0.6107164849858917,0.23892312678296906
ES,RTH,B1,1day,S-B_q0.90,M1_EWMA,140,0.3255236419942411,-1.4903514615511377,,2,63,0.5107913669064749,0.8910732732279691,0.9115033560507677,0.3409599744284042,-1.6350476952803783,0.9948439727147731,0.32636610561175067,-1.498075580117556,0.9919787732169962,0.3268370984240263,-1.502402573311034
ES,RTH,B1,1day,S-B_q0.90,M2_HAR,140,0.7129018538196132,-0.4473113192752607,,2,63,0.41007194244604317,0.39483263269623764,0.9115033560507677,0.7467076626422038,-0.49074017808700965,0.9948439727147731,0.7147468622835722,-0.4496296218738887,0.9919787732169962,0.7157783438894858,-0.45092831757339524
ES,RTH,B1,1day,S-B_q0.90,M3_HARJ,140,0.7023105349775095,-0.4888706486939449,,2,63,0.39568345323741005,0.4090446676441144,0.9115033560507677,0.7356141034173083,-0.5363344473157556,0.9948439727147731,0.7041281328339586,-0.4914043428939853,0.9919787732169962,0.7051442900996288,-0.49282369935047393
ES,RTH,B1,1day,S-B_q0.90,M4_HARQ,140,0.5634369650301284,-1.2486870539748827,,2,63,0.4172661870503597,2.085892859244154,0.9115033560507677,0.5901551482152836,-1.3699204130032132,0.9948439727147731,0.564895154490316,-1.2551586864092985,0.9919787732169962,0.5657103787212624,-1.2587840462809292
ES,RTH,B1,1day,S-B_q0.90,M5_RGARCH,140,0.680264402123197,-1.341741611630503,,2,63,0.4172661870503597,0.7299681240159315,0.9115033560507677,0.712522542852916,-1.4720095134304392,0.9948439727147731,0.6820249440167588,-1.3486955225442043,0.9919787732169962,0.6830092032302654,-1.352591051196814
ES,RTH,B1,1day,S-B_q0.90,M6_PARK,140,0.6076565249153142,-0.7824197988482784,,2,63,0.5467625899280576,0.5739170735790322,0.9115033560507677,0.636471599811002,-0.8583838925599087,0.9948439727147731,0.6092291557419025,-0.7864748848135226,0.9919787732169962,0.610108360256248,-0.788746513507425
ES,RTH,B1,1day,S-B_q0.90,M6_GK,140,0.6088192649405125,-0.7105444696897512,,2,63,0.5107913669064749,0.5181628097705366,0.9115033560507677,0.6376894769729486,-0.7795302836495275,0.9948439727147731,0.6103949049684044,-0.7142270438155108,0.9919787732169962,0.6112757918250556,-0.7162899941754287
ES,RTH,B1,1day,S-C_q0.90,M1_EWMA,140,0.36272609856980553,0.03938476942570768,,2,63,0.5107913669064749,0.6285097270644332,0.9115033560507677,0.3799265716468719,0.04320858410916709,0.9948439727147731,0.36366484310858666,0.03958889082700358,0.9919787732169962,0.36418966331582125,0.03970323810254781
ES,RTH,B1,1day,S-C_q0.90,M2_HAR,140,0.739452524532677,0.4945200827861421,,2,63,0.460431654676259,0.1741322523983095,0.9115033560507677,0.7745173662690246,0.5425323774217667,0.9948439727147731,0.7413662468201826,0.4970830565889387,0.9919787732169962,0.7424361439924443,0.4985188152589283
ES,RTH,B1,1day,S-C_q0.90,M3_HARJ,140,0.746506537440575,0.5007933374767647,,2,63,0.4748201438848921,0.17659647904318415,0.9115033560507677,0.7819058804978533,0.5494146940352814,0.9948439727147731,0.7484385156962061,0.5033888239883267,0.9919787732169962,0.749518619160573,0.5048427960335152
ES,RTH,B1,1day,S-C_q0.90,M4_HARQ,140,0.4756298729277616,-0.03257086393877584,,2,63,0.5035971223021583,1.8986773375401031,0.9115033560507677,0.4981842434464521,-0.03573312563531774,0.9948439727147731,0.476860815359124,-0.03273967057356247,0.9919787732169962,0.47754899348984337,-0.03283423478221034
ES,RTH,B1,1day,S-C_q0.90,M5_RGARCH,140,0.7195578174437283,0.472388813421322,,2,63,0.45323741007194246,0.2620033352933297,0.9115033560507677,0.753679252088585,0.5182524126603562,0.9948439727147731,0.7214200517139557,0.4748370863948113,0.9919787732169962,0.7224611636834475,0.47620859052191283
ES,RTH,B1,1day,S-C_q0.90,M6_PARK,140,0.6957694263520018,0.3824502075796954,,2,63,0.5755395683453237,0.2227036065333733,0.9115033560507677,0.7287628153940379,0.4195817876488369,0.9948439727147731,0.6975700956498939,0.3844323512721787,0.9919787732169962,0.6985767887330917,0.3855427332778562
ES,RTH,B1,1day,S-C_q0.90,M6_GK,140,0.6860279500787994,0.3683110849147053,,2,63,0.5683453237410072,0.22498973018426907,0.9115033560507677,0.7185593982761354,0.4040699164405398,0.9948439727147731,0.6878034081837633,0.37021994907366446,0.9919787732169962,0.6887960065447544,0.3712892804351741
ES,RTH,B1,1h,S-A,M1_EWMA,10906,0.773158891647726,0.5715648122167527,1.3247931860999302,173,63,0.48234754699679044,0.34249042772678245,0.930985664293965,0.8013039028373891,0.6139351379274056,0.9763629103264524,0.7824617528460991,0.5854020120711537,0.7627026364969165,0.8853013591994205,0.7493940427975214
ES,RTH,B1,1h,S-A,M2_HAR,10906,0.8379261482749453,0.6569677971882764,3.5040410827899184,173,63,0.4695093993580926,0.24435886876414348,0.930985664293965,0.8684288574516443,0.7056690799707463,0.9763629103264524,0.8480083069826808,0.6728725458944518,0.7627026364969165,0.9594627520814157,0.8613682000703722
ES,RTH,B1,1h,S-A,M3_HARJ,10906,0.8369494775799992,0.6569019424125493,3.519062499024698,173,63,0.4687757909215956,0.24594559910873948,0.930985664293965,0.8674166333821787,0.7055983433544344,0.9763629103264524,0.8470198847163439,0.672805096818877,0.7627026364969165,0.9583444206451913,0.8612818560975369
ES,RTH,B1,1h,S-A,M4_HARQ,10906,0.8404220097166222,0.6764082547766281,3.7565295903201257,173,63,0.47024300779458966,0.26315188891687946,0.930985664293965,0.8710155747949512,0.726550666373148,0.9763629103264524,0.8505341993181534,0.6927836438916625,0.7627026364969165,0.962320624571223,0.886857108405135
ES,RTH,B1,1h,S-A,M5_RGARCH,10906,0.8210388422712975,0.5345930352828372,3.413914179431394,173,63,0.45969738651994496,0.609524198172949,0.930985664293965,0.8509268092241531,0.5742226285388169,0.9763629103264524,0.8309178082518155,0.5475351732729103,0.7627026364969165,0.940126034726482,0.7009193487755807
ES,RTH,B1,1h,S-A,M6_PARK,10906,0.7801754235194378,0.4059727997674274,3.1938371433606134,173,63,0.48766620816139383,0.7558034442389264,0.930985664293965,0.8085758548694008,0.4360677240667357,0.9763629103264524,0.7895627095660558,0.4158011283239837,0.7627026364969165,0.8933356006341331,0.5322818885641398
ES,RTH,B1,1h,S-A,M6_GK,10906,0.7878647433142483,0.4615957001490708,3.3068511127948965,173,63,0.48775790921595596,0.6676875735815262,0.930985664293965,0.8165450860692326,0.4958139720649005,0.9763629103264524,0.7973445493791106,0.4727706217299198,0.7627026364969165,0.9021402141996022,0.6052105736374191
ES,RTH,B1,1h,S-B_q0.80,M1_EWMA,2181,0.54527263537529,-0.5168677439310219,1.1164604486514476,34,63,0.47660550458715595,0.6349811807988286,0.930985664293965,0.5651219892271849,-0.5551833543247959,0.9763629103264524,0.5518335062350391,-0.5293807645337575,0.7627026364969165,0.6243614481406503,-0.6776792411587678
ES,RTH,B1,1h,S-B_q0.80,M2_HAR,2181,0.6239513601227885,-0.18841484538377418,1.5701985390816513,34,63,0.4481651376146789,0.459962873089035,0.930985664293965,0.6466648258827642,-0.20238211243205664,0.9763629103264524,0.631458915116288,-0.1929762421237167,0.7627026364969165,0.7144520914889959,-0.24703578612126106
ES,RTH,B1,1h,S-B_q0.80,M3_HARJ,2181,0.6229058949058828,-0.20159639677427088,1.5568550089341384,34,63,0.4444954128440367,0.46692838803574205,0.930985664293965,0.6455813029903327,-0.21654081744336662,0.9763629103264524,0.6304008705733141,-0.2064769100117353,0.7627026364969165,0.7132549872617524,-0.2643184737110659
ES,RTH,B1,1h,S-B_q0.80,M4_HARQ,2181,0.5987029853194806,-0.27801774819343206,1.494765682241518,34,63,0.44862385321100917,0.5805573833332642,0.930985664293965,0.6204973440252187,-0.29862731388487423,0.9763629103264524,0.6059067448980698,-0.28474837097250577,0.7627026364969165,0.6855415780454936,-0.3645165689610882
ES,RTH,B1,1h,S-B_q0.80,M5_RGARCH,2181,0.5357624338426347,-2.011705967269631,1.3017062845911334,34,63,0.44724770642201833,1.5186580720316687,0.930985664293965,0.5552655914191662,-2.160834526700533,0.9763629103264524,0.542208875332454,-2.060408016315374,0.7627026364969165,0.6134718439026687,-2.637601957834276
ES,RTH,B1,1h,S-B_q0.80,M6_PARK,2181,0.5066523586308026,-1.5336325131547257,1.4146137830963823,34,63,0.47660550458715595,1.32347235888788,0.930985664293965,0.5250958331312942,-1.6473212982476935,0.9763629103264524,0.512748539660456,-1.570760725273707,0.7627026364969165,0.5801395115323978,-2.010786956498119
ES,RTH,B1,1h,S-B_q0.80,M6_GK,2181,0.5170061817611267,-1.3551400881252333,1.4757961517260059,34,63,0.46559633027522934,1.1978130640347269,0.930985664293965,0.535826562575452,-1.455597159117306,0.9763629103264524,0.5232269428486368,-1.387947118630443,0.7627026364969165,0.5919951000656313,-1.7767607233526483
ES,RTH,B1,1h,S-C_q0.80,M1_EWMA,2181,0.5306037635866354,0.22630876447770354,0.7483304109016697,34,63,0.4990825688073395,0.33142445321643316,0.930985664293965,0.5499191320377396,0.24308512274389332,0.9763629103264524,0.5369881345319933,0.2317875475237337,0.7627026364969165,0.607564936747317,0.2967195256032375
ES,RTH,B1,1h,S-C_q0.80,M2_HAR,2181,0.7052326383793603,0.46580419974338094,3.4729907577539985,34,63,0.5261467889908257,0.20203038902724066,0.930985664293965,0.7309049558200894,0.5003344493995346,0.9763629103264524,0.713718192148811,0.47708100627013444,0.7627026364969165,0.8075227744952462,0.6107284509764037
ES,RTH,B1,1h,S-C_q0.80,M3_HARJ,2181,0.7072233367367239,0.4689666598513339,3.4683870488606394,34,63,0.5266055045871559,0.20145572451191762,0.930985664293965,0.732968120818073,0.5037313439267466,0.9763629103264524,0.7157328431383003,0.48032002741125457,0.7627026364969165,0.8098022127589312,0.6148748377287534
ES,RTH,B1,1h,S-C_q0.80,M4_HARQ,2181,0.7006691844420169,0.44799475504254826,3.542603827424656,34,63,0.5247706422018349,0.2907838979374138,0.930985664293965,0.7261753801922144,0.4812047835154322,0.9763629103264524,0.709099829474049,0.45884040688595873,0.7627026364969165,0.802297416529351,0.5873780076337254
ES,RTH,B1,1h,S-C_q0.80,M5_RGARCH,2181,0.6869662158813559,0.1752299879935011,3.978542565102485,34,63,0.5188073394495413,0.5217516609731174,0.930985664293965,0.7119735876412485,0.1882198563458986,0.9763629103264524,0.6952319830132532,0.1794721881998897,0.7627026364969165,0.7866069073431132,0.2297487639459727
ES,RTH,B1,1h,S-C_q0.80,M6_PARK,2181,0.6310776447887991,0.18198459371720455,3.2494233729205453,34,63,0.544954128440367,0.38711874837285376,0.930985664293965,0.6540505259986031,0.1954751836648493,0.9763629103264524,0.6386709452064594,0.18639031838720396,0.7627026364969165,0.7226120047604011,0.23860490971036558
ES,RTH,B1,1h,S-C_q0.80,M6_GK,2181,0.6416700672924142,0.22903136419738512,3.402912472813823,34,63,0.5394495412844037,0.3637147647670222,0.930985664293965,0.6650285404589433,0.2460095498581887,0.9763629103264524,0.6493908186614509,0.23457605955229005,0.7627026364969165,0.7347408002007277,0.3002891995356451
ES,RTH,B1,1h,S-B_q0.90,M1_EWMA,1091,0.531441189276749,-1.2021498203727128,0.9185228503407931,17,63,0.481651376146789,0.8768900461058479,0.930985664293965,0.5507870422190404,-1.2912656622746082,0.9763629103264524,0.5378356363591639,-1.2312530593473356,0.7627026364969165,0.6085238264525186,-1.576171056513154
ES,RTH,B1,1h,S-B_q0.90,M2_HAR,1091,0.6087060488519519,-0.8118211690926964,1.4275674591088319,17,63,0.4522935779816514,0.6548277063413683,0.930985664293965,0.6308645453023292,-0.8720017936133959,0.9763629103264524,0.6160301680520968,-0.8314748138284559,0.7627026364969165,0.6969955312200888,-1.064400633019155
ES,RTH,B1,1h,S-B_q0.90,M3_HARJ,1091,0.6092606533680319,-0.8256241537267057,1.4161280428498237,17,63,0.44862385321100917,0.6637998751164207,0.930985664293965,0.6314393388771907,-0.8868279989604753,0.9763629103264524,0.6165914457228011,-0.8456119594410378,0.7627026364969165,0.697630578087179,-1.0824980984971901
ES,RTH,B1,1h,S-B_q0.90,M4_HARQ,1091,0.5729263383776636,-0.9326117502690816,1.2326087786306612,17,63,0.45688073394495415,0.8692544940409547,0.930985664293965,0.5937823595379803,-1.0017466283719307,0.9763629103264524,0.5798199462251538,-0.9551896537704998,0.7627026364969165,0.6560261694797836,-1.2227724222280856
ES,RTH,B1,1h,S-B_q0.90,M5_RGARCH,1091,0.5072139122522049,-3.4816587901805933,1.1683516331756938,17,63,0.45321100917431195,2.0750360443357208,0.930985664293965,0.525677828777135,-3.7397555340672097,0.9763629103264524,0.513316850050036,-3.56594740885485,0.7627026364969165,0.5807825154345211,-4.564896754745477
ES,RTH,B1,1h,S-B_q0.90,M6_PARK,1091,0.49402924308824175,-2.1869219335718917,1.4514218645085517,17,63,0.48623853211009177,1.4838933177844444,0.930985664293965,0.5120132030800963,-2.3490393219216705,0.9763629103264524,0.4999735393073445,-2.2398658433683045,0.7627026364969165,0.5656854821370375,-2.8673323375626394
ES,RTH,B1,1h,S-B_q0.90,M6_GK,1091,0.4966044456056281,-2.0701946522703385,1.3757204249055837,17,63,0.4724770642201835,1.3932657186740574,0.930985664293965,0.5146821497223326,-2.223659001065628,0.9763629103264524,0.50257972737225,-2.120312673059403,0.7627026364969165,0.5686342036915386,-2.7142880504238405
ES,RTH,B1,1h,S-C_q0.90,M1_EWMA,1091,0.5575008790322179,0.2590504057682834,1.201317958180344,17,63,0.5064220183486239,0.3413459511964494,0.930985664293965,0.5777953730205998,0.2782539148599462,0.9763629103264524,0.5642088834949937,0.2653218419385354,0.7627026364969165,0.6383633316435725,0.3396479746787013
ES,RTH,B1,1h,S-C_q0.90,M2_HAR,1091,0.7131312659629152,0.47905144950153855,3.667461966841545,17,63,0.5165137614678899,0.1927357888915749,0.930985664293965,0.7390911141610651,0.5145637230244985,0.9763629103264524,0.7217118581996994,0.49064896303912753,0.7627026364969165,0.8165670547991676,0.6280972774682093
ES,RTH,B1,1h,S-C_q0.90,M3_HARJ,1091,0.7166878596060888,0.4840238464190604,3.693307013549695,17,63,0.5247706422018349,0.19138665353586065,0.930985664293965,0.7427771771396697,0.5199047256932052,0.9763629103264524,0.7253112457593097,0.49574173834319896,0.7627026364969165,0.820639512893404,0.6346167211931714
ES,RTH,B1,1h,S-C_q0.90,M4_HARQ,1091,0.6861263053758712,0.42024791757002433,2.5938321335575156,17,63,0.5174311926605505,0.3761116798983127,0.930985664293965,0.7111031021907809,0.4514010620010237,0.9763629103264524,0.694381966472727,0.43042183713176085,0.7627026364969165,0.7856451724136645,0.5509983805749219
ES,RTH,B1,1h,S-C_q0.90,M5_RGARCH,1091,0.6839844734935246,0.12369593557647418,3.6326540978746213,17,63,0.5055045871559632,0.5321436083382631,0.930985664293965,0.708883302011172,0.13286556423001628,0.9763629103264524,0.692214363477965,0.12669053101895866,0.7627026364969165,0.7831926795339965,0.16218107773248044
ES,RTH,B1,1h,S-C_q0.90,M6_PARK,1091,0.6354368494326091,0.19648154052870648,2.992768827709974,17,63,0.544954128440367,0.3196040351805804,0.930985664293965,0.6585684171230363,0.2110467948802551,0.9763629103264524,0.6430826010038094,0.2012382265350614,0.7627026364969165,0.7276034881901122,0.2576122477183817
ES,RTH,B1,1h,S-C_q0.90,M6_GK,1091,0.641690322641942,0.21654610397793395,2.834067815884199,17,63,0.5477064220183486,0.3229051250761196,0.930985664293965,0.6650495331563117,0.23259875235797192,0.9763629103264524,0.6494113177289353,0.22178853957646807,0.7627026364969165,0.7347639934778947,0.28391943808209114
ES,RTH,B1,30min,S-A,M1_EWMA,22312,0.7876948804639288,0.5973637000786948,1.2842241646254873,354,63,0.4702613060822016,0.3473323883178603,0.8036308834779807,0.8786779207656796,0.7433309400621888,0.9989807302415732,0.7880966243893657,0.5979731960738026,0.5608079747699993,1.051843027592436,1.0651840325981239
ES,RTH,B1,30min,S-A,M2_HAR,22312,0.8580014742375154,0.6899558411585519,4.267518599571335,354,63,0.41495226569853433,0.22517220782553177,0.8036308834779807,0.9571053082798751,0.8585481908964696,0.9989807302415732,0.8584390762695202,0.6906598098160582,0.5608079747699993,1.1457264617604548,1.230288926332617
ES,RTH,B1,30min,S-A,M3_HARJ,22312,0.8585906966375204,0.6917570526565902,4.267947690477198,354,63,0.41750705929810406,0.22496236920445334,0.8036308834779807,0.9577625890698683,0.8607895327053395,0.9989807302415732,0.8590285991875631,0.6924628591077124,0.5608079747699993,1.1465132759045071,1.2335007413906625
ES,RTH,B1,30min,S-A,M4_HARQ,22312,0.8626462604923174,0.7168026554953351,4.282401525334502,354,63,0.41638653578952084,0.24547864787561893,0.8036308834779807,0.9622865925943888,0.8919550881284358,0.9989807302415732,0.8630862314805121,0.7175340162187093,0.5608079747699993,1.151928845650386,1.278160596395429
ES,RTH,B1,30min,S-A,M5_RGARCH,22312,0.8462644619975264,0.5183883010257472,4.556213744245211,354,63,0.41194926269553134,0.662894503930616,0.8036308834779807,0.9440126073282569,0.6450577145346242,0.9989807302415732,0.8466960778621876,0.5189172176528277,0.5608079747699993,1.1300535219006345,0.9243597173138463
ES,RTH,B1,30min,S-A,M6_PARK,22312,0.8140889033414894,0.5095693409736824,3.8302639529171074,354,63,0.45278113934830355,0.6085532123858208,0.8036308834779807,0.9081205967534143,0.634083820632118,0.9989807302415732,0.8145041088732181,0.5100892595300197,0.5608079747699993,1.0870881074100502,0.9086342632389793
ES,RTH,B1,30min,S-A,M6_GK,22312,0.8206673434581009,0.5559420387801595,3.973597783949014,354,63,0.46102819237147596,0.5461986532463002,0.8036308834779807,0.9154588824613793,0.6917877973705227,0.9989807302415732,0.8210859041574475,0.5565092718512415,0.5608079747699993,1.0958725828975853,0.9913233473688824
ES,RTH,B1,30min,S-B_q0.80,M1_EWMA,4463,0.5546745136848659,-0.4942132794819467,0.6786884691856444,70,63,0.4831913939937248,0.6662367567601496,0.8036308834779807,0.6187424350140248,-0.6149754690151701,0.9989807302415732,0.5549574114438767,-0.49471753009934055,0.5608079747699993,0.7406808578710429,-0.8812522319865999
ES,RTH,B1,30min,S-B_q0.80,M2_HAR,4463,0.6710530865557435,0.019274112180943326,2.0674024095415953,70,63,0.4522635589421784,0.4017573393066926,0.8036308834779807,0.7485633656409094,0.023983787304848434,0.9989807302415732,0.6713953402733386,0.01929377774512474,0.5608079747699993,0.896086197516381,0.03436847022164422
ES,RTH,B1,30min,S-B_q0.80,M3_HARJ,4463,0.6709431878615336,0.015700686546967768,2.0299429795579758,70,63,0.45517705064993275,0.4048015778584889,0.8036308834779807,0.7484407730501511,0.01953718662356256,0.9989807302415732,0.671285385528069,0.015716706110207986,0.5608079747699993,0.8959394450388505,0.027996546506684383
ES,RTH,B1,30min,S-B_q0.80,M4_HARQ,4463,0.6481111687217633,-0.04866601892299793,2.0456755315316135,70,63,0.4524876736889287,0.5522054248002506,0.8036308834779807,0.7229715315936119,-0.06055767632072513,0.9989807302415732,0.648441721492258,-0.0487156733355903,0.5608079747699993,0.8654508628052324,-0.08677840029460535
ES,RTH,B1,30min,S-B_q0.80,M5_RGARCH,4463,0.6075786914741311,-1.5551763152371385,1.6520599983491988,70,63,0.4435230838189153,1.3782749221200428,0.8036308834779807,0.6777573329048309,-1.935187344352166,0.9989807302415732,0.6078885716759433,-1.5567630767623177,0.5608079747699993,0.8113260936320965,-2.773099501437998
ES,RTH,B1,30min,S-B_q0.80,M6_PARK,4463,0.5680290930134354,-0.9137420513983687,1.725332412218509,70,63,0.48296727924697447,1.013535619528212,0.8036308834779807,0.6336395408454307,-1.137017093524138,0.9989807302415732,0.568318801939124,-0.914674351303461,0.5608079747699993,0.7585138049950774,-1.6293314155760998
ES,RTH,B1,30min,S-B_q0.80,M6_GK,4463,0.5778901009256727,-0.7715459448719579,1.7761508169228353,70,63,0.4872254594352308,0.9425827111854935,0.8036308834779807,0.6446395487721998,-0.9600750303831473,0.9989807302415732,0.5781848392099691,-0.7723331607060958,0.5608079747699993,0.771681635172432,-1.3757756301314854
ES,RTH,B1,30min,S-C_q0.80,M1_EWMA,4463,0.5528351327449985,0.2357521105386009,1.0104353327175601,70,63,0.5015688032272524,0.37627507874375415,0.8036308834779807,0.6166905955774313,0.2933586991061182,0.9989807302415732,0.5531170923741098,0.2359926507106813,0.5608079747699993,0.7382246529817253,0.42037938321987744
ES,RTH,B1,30min,S-C_q0.80,M2_HAR,4463,0.7312962887208341,0.5134429765827824,4.050329127396409,70,63,0.47601972209771404,0.19340295985070766,0.8036308834779807,0.8157649851150789,0.6389039883095167,0.9989807302415732,0.7316692679656848,0.5139668474472193,0.5608079747699993,0.9765315498079575,0.9155415038335671
ES,RTH,B1,30min,S-C_q0.80,M3_HARJ,4463,0.734050239929203,0.51789613226103,4.040976529502658,70,63,0.47736441057821605,0.1930848557426019,0.8036308834779807,0.8188370326574401,0.6444452831624162,0.9989807302415732,0.7344246237574734,0.5184245467235314,0.5608079747699993,0.9802090199156045,0.9234821107410813
ES,RTH,B1,30min,S-C_q0.80,M4_HARQ,4463,0.7281564912425975,0.5000066370131722,3.5772668731542128,70,63,0.4789332138054684,0.31320085814077997,0.8036308834779807,0.8122625239613674,0.6221844472293382,0.9989807302415732,0.728527869112861,0.5005167986496203,0.5608079747699993,0.9723388424952093,0.8915826085002388
ES,RTH,B1,30min,S-C_q0.80,M5_RGARCH,4463,0.745661773456116,0.21755219083698385,3.9410956273283384,70,63,0.4549529359031824,0.504007904148789,0.8036308834779807,0.8317897614225677,0.27071158576615945,0.9989807302415732,0.7460420794544742,0.2177741614539206,0.5608079747699993,0.9957144026251452,0.38792635023816696
ES,RTH,B1,30min,S-C_q0.80,M6_PARK,4463,0.6678645806796724,0.2847270784347069,3.1309046728215613,70,63,0.5118780815777678,0.3339093817088699,0.8036308834779807,0.7450065700046534,0.35430081681586884,0.9989807302415732,0.6682052081801895,0.28501758824302276,0.5608079747699993,0.8918284477742376,0.5077086832644992
ES,RTH,B1,30min,S-C_q0.80,M6_GK,4463,0.6812467465746893,0.33574844253062885,3.3471592171265936,70,63,0.5172568354997759,0.30736963043988114,0.8036308834779807,0.7599344488008815,0.4177893725009241,0.9989807302415732,0.6815941993117172,0.33609100993313284,0.5608079747699993,0.9096982324330747,0.5986869973957258
ES,RTH,B1,30min,S-B_q0.90,M1_EWMA,2232,0.5208996630471565,-1.1760215603421749,0.67155571473647,35,63,0.48363962348722545,0.9099513292635093,0.8036308834779807,0.5810664055404869,-1.463385223888546,0.9989807302415732,0.5211653347946587,-1.1772214665820329,0.5608079747699993,0.6955798396565702,-2.097012905040249
ES,RTH,B1,30min,S-B_q0.90,M2_HAR,2232,0.6265303148729927,-0.4947216956383058,1.5406818790725252,35,63,0.4621246077991932,0.5704030255555153,0.8036308834779807,0.698897971820039,-0.615608117867786,0.9989807302415732,0.6268498608727764,-0.49522646499765055,0.5608079747699993,0.8366330156751973,-0.8821588099584406
ES,RTH,B1,30min,S-B_q0.90,M3_HARJ,2232,0.6261674885451782,-0.4999770072531011,1.5361937356314417,35,63,0.46302106678619454,0.5752305190374412,0.8036308834779807,0.6984932370791768,-0.6221475773669671,0.9989807302415732,0.6264868494945358,-0.5004871386580169,0.5608079747699993,0.8361485179939202,-0.8915297744440128
ES,RTH,B1,30min,S-B_q0.90,M4_HARQ,2232,0.5878936722535208,-0.5831507972267513,1.359894402238607,35,63,0.46302106678619454,0.842237827028419,0.8036308834779807,0.6557985869640028,-0.7256450806158317,0.9989807302415732,0.5881935126073029,-0.583745791658798,0.5608079747699993,0.7850398364419685,-1.0398404150117788
ES,RTH,B1,30min,S-B_q0.90,M5_RGARCH,2232,0.5517496659015767,-2.7090419355386715,1.258589239996741,35,63,0.45181532944867775,1.805420765014861,0.8036308834779807,0.6154797514134116,-3.3710027715888526,0.9989807302415732,0.552031071915676,-2.7118059973825237,0.5608079747699993,0.736775182178686,-4.830605229267137
ES,RTH,B1,30min,S-B_q0.90,M6_PARK,2232,0.5157851930045674,-1.465567263784901,1.366653378071294,35,63,0.4943971313312416,1.1911101584265922,0.8036308834779807,0.5753611864076753,-1.8236821081864971,0.9989807302415732,0.5160482562454988,-1.4670625963230524,0.5608079747699993,0.6887502666993874,-2.613313878758527
ES,RTH,B1,30min,S-B_q0.90,M6_GK,2232,0.5261731388198672,-1.3245235618970863,1.4104607865553,35,63,0.49170775437023756,1.1177262728616955,0.8036308834779807,0.5869489964295435,-1.6481740424966855,0.9989807302415732,0.526441500170806,-1.325874986173948,0.5608079747699993,0.7026217398393368,-2.3618129939045622
ES,RTH,B1,30min,S-C_q0.90,M1_EWMA,2232,0.5440781065464471,0.17720191835892918,0.5882004613382091,35,63,0.5150156880322725,0.38544255990271026,0.8036308834779807,0.6069220852531013,0.22050162829983433,0.9989807302415732,0.5443555998750054,0.17738271920027754,0.5608079747699993,0.7265310173141104,0.31597610292828643
ES,RTH,B1,30min,S-C_q0.90,M2_HAR,2232,0.7268209065187555,0.5121521117378668,3.14267765976631,35,63,0.4961900493052443,0.17844119378756726,0.8036308834779807,0.8107726719421939,0.6372976975714991,0.9989807302415732,0.7271916032076847,0.5126746655203432,0.5608079747699993,0.9705553784733221,0.913239709096349
ES,RTH,B1,30min,S-C_q0.90,M3_HARJ,2232,0.7295997083899558,0.5159756238973383,3.2025494965019385,35,63,0.4988794262662483,0.17817468803359915,0.8036308834779807,0.8138724405340222,0.6420554940152147,0.9989807302415732,0.7299718223367592,0.5165020788464711,0.5608079747699993,0.9742660327453943,0.9200575724853987
ES,RTH,B1,30min,S-C_q0.90,M4_HARQ,2232,0.6998744378069329,0.45684708801047513,2.864777374291722,35,63,0.49798296727924696,0.4248700175601939,0.8036308834779807,0.7807137396234558,0.5684787598422263,0.9989807302415732,0.7002313911284931,0.4573132135391646,0.5608079747699993,0.9345725938498206,0.8146230235007607
ES,RTH,B1,30min,S-C_q0.90,M5_RGARCH,2232,0.7287498043745274,0.11209650839287655,3.3763522711994023,35,63,0.4652622142536979,0.5039186973061005,0.8036308834779807,0.8129243679850586,0.13948755666001972,0.9989807302415732,0.7291214848492036,0.1122108815510079,0.5608079747699993,0.9731311191704518,0.199883941448675
ES,RTH,B1,30min,S-C_q0.90,M6_PARK,2232,0.6458528003868527,0.24389253732199678,3.1947497369420534,35,63,0.5383236216943075,0.2928870077768117,0.8036308834779807,0.7204523094403923,0.3034882585229558,0.9989807302415732,0.6461822013334845,0.24414138325072474,0.5608079747699993,0.8624351659336058,0.4348949164319978
ES,RTH,B1,30min,S-C_q0.90,M6_GK,2232,0.6567601316469946,0.28052636573393896,3.150951520630242,35,63,0.5351860152398028,0.28516733524592297,0.8036308834779807,0.7326194967491626,0.349073649982026,0.9989807302415732,0.6570950956030926,0.28081258951421634,0.5608079747699993,0.87700019691218,0.5002182179185121
NQ,RTH,B0,1day,S-A,M1_EWMA,1401,0.7014148995486105,0.38242782447065393,1.6866464597080948,22,63,0.5278571428571428,0.2715943535077155,0.9344009680731142,0.7256185006410707,0.4092759292183546,0.994621494991568,0.7033088246213266,0.38449583725706227,1.0097312791173454,0.6980267755952202,0.3787421786170202
NQ,RTH,B0,1day,S-A,M2_HAR,1401,0.8290965215129756,0.6757028252336286,2.956390202396047,22,63,0.37285714285714283,0.1520362654920865,0.9344009680731142,0.8577060099723175,0.7231401168462368,0.994621494991568,0.8313352060501956,0.6793567489101539,1.0097312791173454,0.8250916425376097,0.6691907433275642
NQ,RTH,B0,1day,S-A,M3_HARJ,1401,0.8212523057230681,0.6638065401988611,3.0551424143612005,22,63,0.39571428571428574,0.15817123299320177,0.9344009680731142,0.8495911152019887,0.7104086606071668,0.994621494991568,0.8234698097051417,0.6673961336462858,1.0097312791173454,0.8172853175530307,0.6574091086681263
NQ,RTH,B0,1day,S-A,M4_HARQ,1401,0.815267688298779,0.6545711136050784,2.9657738113601995,22,63,0.37357142857142855,0.1994073264600877,0.9344009680731142,0.8433999876323895,0.7005248667014009,0.994621494991568,0.8174690329192569,0.6581107656542527,1.0097312791173454,0.8113296083051436,0.6482626884424838
NQ,RTH,B0,1day,S-A,M5_RGARCH,1401,0.814650974522939,0.1423450217509009,3.098659951245832,22,63,0.3628571428571429,0.6605546191378474,0.9344009680731142,0.8427619930222983,0.15233826442243456,0.994621494991568,0.8168506539240389,0.1431147652324844,1.0097312791173454,0.8107158735118111,0.14097317246161922
NQ,RTH,B0,1day,S-A,M6_PARK,1401,0.7576768176524785,0.40793521616631856,3.1413519267789853,22,63,0.5064285714285715,0.3546720024155992,0.9344009680731142,0.7838218388991999,0.4365740512957161,0.994621494991568,0.7597226583138207,0.41014116246278876,1.0097312791173454,0.7540169253740725,0.40400374297893826
NQ,RTH,B0,1day,S-A,M6_GK,1401,0.7618657980310002,0.45473808784338476,3.067661543980469,22,63,0.47,0.3210261578108787,0.9344009680731142,0.7881553676899824,0.48666268912491406,0.994621494991568,0.7639229495655119,0.45719712486933517,1.0097312791173454,0.7581856712455002,0.45035555226227436
NQ,RTH,B0,1day,S-B_q0.80,M1_EWMA,280,0.23953454359154105,-0.8781664073386823,2.9224158158916764,4,63,0.5842293906810035,0.4269189373311512,0.9344009680731142,0.24780012013501793,-0.9398175273187092,0.994621494991568,0.2401813226636446,-0.8829151710079692,1.0097312791173454,0.23837749271433673,-0.8697030838802278
NQ,RTH,B0,1day,S-B_q0.80,M2_HAR,280,0.599284726698156,-0.5246192406842427,3.4111959042405444,4,63,0.4659498207885305,0.2811244606579841,0.9344009680731142,0.6199641398032107,-0.561449804323397,0.994621494991568,0.6009028850382767,-0.5274561663165044,1.0097312791173454,0.5963899337036906,-0.5195632259137675
NQ,RTH,B0,1day,S-B_q0.80,M3_HARJ,280,0.5925061694345036,-0.5514777465780816,3.3020917763475914,4,63,0.4551971326164875,0.2866675744119461,0.9344009680731142,0.6129516760512626,-0.5901938947209331,0.994621494991568,0.5941060246567881,-0.5544599119917037,1.0097312791173454,0.5896441196741058,-0.5461628831189173
NQ,RTH,B0,1day,S-B_q0.80,M4_HARQ,280,0.5407858885947153,-0.7730635987276322,2.704913641748279,4,63,0.46953405017921146,0.49684508388187804,0.9344009680731142,0.5594466925388594,-0.8273360421723601,0.994621494991568,0.5422460913278476,-0.7772440095256395,1.0097312791173454,0.5381736691736817,-0.7656132029537643
NQ,RTH,B0,1day,S-B_q0.80,M5_RGARCH,280,0.5231733758151405,-4.469543210380299,3.791073225616307,4,63,0.46953405017921146,1.377872509578661,0.9344009680731142,0.5412264278654667,-4.783324678694649,0.994621494991568,0.524586022131139,-4.493712666463326,1.0097312791173454,0.5206462321124389,-4.426468014625971
NQ,RTH,B0,1day,S-B_q0.80,M6_PARK,280,0.5251234741525517,-1.3367709742050593,3.019626325180435,4,63,0.5734767025089605,0.5155577631244903,0.9344009680731142,0.5432438179046655,-1.4306181391931743,0.994621494991568,0.526541386025552,-1.343999683232657,1.0097312791173454,0.522586910668644,-1.3238878519972115
NQ,RTH,B0,1day,S-B_q0.80,M6_GK,280,0.5298866852030047,-1.2838509089253733,3.185385378726057,4,63,0.5232974910394266,0.4926029734870115,0.9344009680731142,0.5481713922446046,-1.3739828540341534,0.994621494991568,0.5313174584578219,-1.2907934479500236,1.0097312791173454,0.5273271134404514,-1.2714778035277357
NQ,RTH,B0,1day,S-C_q0.80,M1_EWMA,280,0.301501964505017,0.0150339793530474,1.5389232089600138,4,63,0.5949820788530465,0.34117611728279884,0.9344009680731142,0.3119058399889406,0.016089430412352734,0.994621494991568,0.3023160648761621,0.015115276945804244,1.0097312791173454,0.3000455853653793,0.014889089467634719
NQ,RTH,B0,1day,S-C_q0.80,M2_HAR,280,0.594756006626987,0.3181277160931367,2.389906330893237,4,63,0.40860215053763443,0.17635720810838942,0.9344009680731142,0.6152791479817089,0.34046167219750156,0.994621494991568,0.5963619367459855,0.3198480202721073,1.0097312791173454,0.591883089222791,0.31506176214648657
NQ,RTH,B0,1day,S-C_q0.80,M3_HARJ,280,0.5888235984257444,0.30201544340046915,2.7935847683171717,4,63,0.41935483870967744,0.1820391348683781,0.9344009680731142,0.6091420312096719,0.32321824754021156,0.994621494991568,0.5904135101558532,0.30364861901866447,1.0097312791173454,0.585979337005818,0.29910477138479397
NQ,RTH,B0,1day,S-C_q0.80,M4_HARQ,280,0.48491788001563907,0.12476500397631574,1.9234039128943528,4,63,0.40860215053763443,0.40273653114307667,0.9344009680731142,0.5016508563725045,0.13352405256343144,0.994621494991568,0.48622723077474184,0.12543968193385308,1.0097312791173454,0.482575526173761,0.12356258200239059
NQ,RTH,B0,1day,S-C_q0.80,M5_RGARCH,280,0.5125856887714332,-0.587019846188841,2.0221830445937465,4,63,0.35842293906810035,0.6988671984912808,0.9344009680731142,0.5302733933592767,-0.6282312050675319,0.994621494991568,0.5139697467498201,-0.5901942086962614,1.0097312791173454,0.5101096879744595,-0.5813624459588725
NQ,RTH,B0,1day,S-C_q0.80,M6_PARK,280,0.5365353354455402,0.01582186394820506,2.4602705677891907,4,63,0.6344086021505376,0.27361117335486723,0.9344009680731142,0.5550494662966103,0.016932627949682352,0.994621494991568,0.5379840610498187,0.015907422097628396,1.0097312791173454,0.5339436479535391,0.015669380829754737
NQ,RTH,B0,1day,S-C_q0.80,M6_GK,280,0.5238313313596553,0.06126773348342196,2.8319412384829206,4,63,0.5519713261648745,0.26290326252823853,0.9344009680731142,0.5419070873667214,0.06556899615565032,0.994621494991568,0.5252457542539719,0.06159904425144297,1.0097312791173454,0.5213010094596527,0.060677266071205625
NQ,RTH,B0,1day,S-B_q0.90,M1_EWMA,140,0.19929614809625476,-2.119833896439251,,2,63,0.6115107913669064,0.7018549116736602,0.9344009680731142,0.20617322537375465,-2.2686555010861036,0.994621494991568,0.1998342774858901,-2.1312970885042275,1.0097312791173454,0.19833346530520216,-2.099404010037502
NQ,RTH,B0,1day,S-B_q0.90,M2_HAR,140,0.574939471932343,-1.0369140185196972,,2,63,0.4316546762589928,0.36176231278514537,0.9344009680731142,0.5947788075950377,-1.1097099146397307,0.994621494991568,0.5764918944455909,-1.0425212241451585,1.0097312791173454,0.5721622765835457,-1.0269207659151784
NQ,RTH,B0,1day,S-B_q0.90,M3_HARJ,140,0.5502238602195219,-1.0804743121047942,,2,63,0.43884892086330934,0.36942157647177215,0.9344009680731142,0.5692103385975507,-1.15632833122263,0.994621494991568,0.5517095468867812,-1.0863170739276593,1.0097312791173454,0.5475660514935647,-1.0700612474333653
NQ,RTH,B0,1day,S-B_q0.90,M4_HARQ,140,0.5145749529062792,-1.4968582260640546,,2,63,0.43884892086330934,0.7819258946282258,0.9344009680731142,0.5323313006832228,-1.6019442158229118,0.994621494991568,0.5159643821951753,-1.5049526212750353,1.0097312791173454,0.5120893431411054,-1.482432263931182
NQ,RTH,B0,1day,S-B_q0.90,M5_RGARCH,140,0.5064441553449038,-6.202945321818303,,2,63,0.4316546762589928,1.730010784871983,0.9344009680731142,0.5239199351144302,-6.638419194502526,0.994621494991568,0.5078116302650338,-6.236488305403945,1.0097312791173454,0.5039978206934973,-6.143164473661344
NQ,RTH,B0,1day,S-B_q0.90,M6_PARK,140,0.5092385762727688,-1.434648981053209,,2,63,0.5755395683453237,0.4987804757174213,0.9344009680731142,0.5268107826358364,-1.5353676099155666,0.994621494991568,0.5106135965470999,-1.4424069741880767,1.0097312791173454,0.5067787434129729,-1.4208225601442244
NQ,RTH,B0,1day,S-B_q0.90,M6_GK,140,0.5069773434485776,-1.5036138002456854,,2,63,0.5035971223021583,0.49315858381451816,0.9344009680731142,0.5244715218466146,-1.6091740608385499,0.994621494991568,0.5083462580562857,-1.5117447268304134,1.0097312791173454,0.5045284332781924,-1.4891227313073498
NQ,RTH,B0,1day,S-C_q0.90,M1_EWMA,140,0.1887498886233827,-0.13976950094674323,,2,63,0.5971223021582733,0.4924443569139088,0.9344009680731142,0.195263047972331,-0.1495819308010463,0.994621494991568,0.18925954153604005,-0.14052531706840715,1.0097312791173454,0.18783814862576337,-0.13842247322369022
NQ,RTH,B0,1day,S-C_q0.90,M2_HAR,140,0.6287407274096696,0.3169708553429288,,2,63,0.4460431654676259,0.170487956254026,0.9344009680731142,0.6504365735723333,0.3392235947663602,0.994621494991568,0.6304384213546446,0.31868490369355623,1.0097312791173454,0.6257036497536637,0.31391605063478695
NQ,RTH,B0,1day,S-C_q0.90,M3_HARJ,140,0.6209539426609211,0.3019429151736345,,2,63,0.460431654676259,0.17600640286689503,0.9344009680731142,0.6423810916060424,0.3231406275148554,0.994621494991568,0.6226306111231454,0.3035756985889333,1.0097312791173454,0.617954478394571,0.2990329421483083
NQ,RTH,B0,1day,S-C_q0.90,M4_HARQ,140,0.44389899742693345,-0.017257153987310758,,2,63,0.43884892086330934,0.6255095573433239,0.9344009680731142,0.45921654238638426,-0.01846868162272755,0.994621494991568,0.44509759107175256,-0.01735047359644792,1.0097312791173454,0.441754781746548,-0.01709083826975833
NQ,RTH,B0,1day,S-C_q0.90,M5_RGARCH,140,0.5540696838152425,-0.3926191022900165,,2,63,0.4316546762589928,0.6487976038316341,0.9344009680731142,0.5731888693545287,-0.4201826792834564,0.994621494991568,0.5555657547810644,-0.3947422253259718,1.0097312791173454,0.5513932981713249,-0.38883523805781645
NQ,RTH,B0,1day,S-C_q0.90,M6_PARK,140,0.5801568919457952,0.17790072386776423,,2,63,0.6474820143884892,0.22135770969681215,0.9344009680731142,0.6001762642071118,0.19039013223051798,0.994621494991568,0.5817234022729529,0.17886273799991864,1.0097312791173454,0.5773544943012756,0.1761862067136078
NQ,RTH,B0,1day,S-C_q0.90,M6_GK,140,0.571153067749661,0.17853656104792937,,2,63,0.5467625899280576,0.22279471265232959,0.9344009680731142,0.5908617466263772,0.1910706079597719,0.994621494991568,0.5726952664056433,0.1795020135267064,1.0097312791173454,0.5683941622984933,0.17681591601678096
NQ,RTH,B0,1h,S-A,M1_EWMA,10906,0.7410663374498837,0.4932059896160236,1.0785933683403586,173,63,0.4773956900504356,0.3790145483589291,0.935730999945097,0.7660931468873868,0.5270809555790734,0.9781804166183807,0.749285975923766,0.5042075891491078,0.9497789234694411,0.7604065027419669,0.5192850435282294
NQ,RTH,B0,1h,S-A,M2_HAR,10906,0.8054778523460177,0.5972343832327497,3.2448947318521237,173,63,0.4731774415405777,0.32001574108112607,0.935730999945097,0.832679925491266,0.6382543522313483,0.9781804166183807,0.8144119199327149,0.6105564710622803,0.9497789234694411,0.8264990133625746,0.6288141044982511
NQ,RTH,B0,1h,S-A,M3_HARJ,10906,0.8040235575941984,0.5961263709310379,3.1840988455740384,173,63,0.47326914259513986,0.3224571749331398,0.935730999945097,0.8311765172447697,0.6370702380983584,0.9781804166183807,0.8129414946720729,0.6094237431085331,0.9497789234694411,0.8250067647873766,0.6276475042775763
NQ,RTH,B0,1h,S-A,M4_HARQ,10906,0.8032982552824204,0.6030529102449662,3.3631698402178807,173,63,0.4741861531407611,0.35694258876858087,0.935730999945097,0.8304267204959567,0.6444725143020267,0.9781804166183807,0.8122081475706643,0.6165047878690423,0.9497789234694411,0.8242625337159347,0.6349402954132507
NQ,RTH,B0,1h,S-A,M5_RGARCH,10906,0.6692721342529524,-0.5241191725135388,2.76822371908358,173,63,0.45758826226501603,3.908738337920995,0.935730999945097,0.6918743566442945,-0.5601173548213011,0.9781804166183807,0.6766954575186309,-0.5358103307010023,0.9497789234694411,0.6867386322541691,-0.5518328103123065
NQ,RTH,B0,1h,S-A,M6_PARK,10906,0.7229341305592318,0.3607496380456233,2.791813504881567,173,63,0.477670793214122,0.9435225405567095,0.935730999945097,0.7473485909213535,0.385527077831973,0.9781804166183807,0.7309526531844471,0.3687966267948331,0.9497789234694411,0.7418010860175204,0.3798248509535707
NQ,RTH,B0,1h,S-A,M6_GK,10906,0.7320049877602174,0.40922820114118375,2.9194977649179434,173,63,0.4772122879413113,0.8356375946880833,0.935730999945097,0.7567257832007682,0.4373353038054684,0.9781804166183807,0.7401241210366962,0.4183565671411685,0.9497789234694411,0.7511086721977382,0.43086679544995243
NQ,RTH,B0,1h,S-B_q0.80,M1_EWMA,2181,0.462206239945957,-0.9382489915670298,0.8922319639909436,34,63,0.47293577981651375,0.6054607447111459,0.935730999945097,0.4778155678878494,-1.002690935345821,0.9781804166183807,0.4673328635702357,-0.9591778527018605,0.9497789234694411,0.4742687836452808,-0.9878604045452033
NQ,RTH,B0,1h,S-B_q0.80,M2_HAR,2181,0.5087032114454123,-0.8729720073465013,1.0854764647163628,34,63,0.4114678899082569,0.5758866839710194,0.935730999945097,0.525882804809348,-0.9329305189180672,0.9781804166183807,0.5143455625782041,-0.8924447806514157,0.9497789234694411,0.5219792215632422,-0.9191317955947343
NQ,RTH,B0,1h,S-B_q0.80,M3_HARJ,2181,0.5079970973527125,-0.8916465562532898,1.0842948651211497,34,63,0.4160550458715596,0.5842103346808787,0.935730999945097,0.525152844291644,-0.9528876956150926,0.9781804166183807,0.5136316165246257,-0.9115358896017947,0.9497789234694411,0.5212546794802563,-0.938793791081613
NQ,RTH,B0,1h,S-B_q0.80,M4_HARQ,2181,0.476507234457855,-1.0248212042565639,0.9580577798342106,34,63,0.41192660550458715,0.7627493237921581,0.935730999945097,0.49259952626725706,-1.0952092046931161,0.9781804166183807,0.48179247951555254,-1.047681170922868,0.9497789234694411,0.4889430019614782,-1.079010261159514
NQ,RTH,B0,1h,S-B_q0.80,M5_RGARCH,2181,0.4028209433264927,-9.38256886279217,0.844459296710879,34,63,0.40458715596330275,6.228627025696635,0.935730999945097,0.41642474972897847,-10.026993722921096,0.9781804166183807,0.40728888682429853,-9.591859235158465,0.9497789234694411,0.4133336642980806,-9.878687167028982
NQ,RTH,B0,1h,S-B_q0.80,M6_PARK,2181,0.3827091019766395,-3.1330974398713805,0.8843047794013488,34,63,0.43486238532110094,1.7880095728751653,0.935730999945097,0.395633704378803,-3.3482886000946976,0.9781804166183807,0.38695397223985645,-3.202985243461178,0.9497789234694411,0.39269694910579545,-3.2987649677743
NQ,RTH,B0,1h,S-B_q0.80,M6_GK,2181,0.3942211048157968,-2.861075061896414,0.936462092545243,34,63,0.43119266055045874,1.6280498552759215,0.935730999945097,0.4075344830761258,-3.0575828545429022,0.9781804166183807,0.3985936620304597,-2.924895053396484,0.9497789234694411,0.40450938933699293,-3.0123589723861333
NQ,RTH,B0,1h,S-C_q0.80,M1_EWMA,2181,0.46060145849646345,0.12429165681887389,1.2417089011221922,34,63,0.5110091743119266,0.3135447077195378,0.935730999945097,0.4761565908049885,0.13282840562743625,0.9781804166183807,0.4657102824681634,0.12706414349262526,0.9497789234694411,0.47262212100793344,0.1308637765563903
NQ,RTH,B0,1h,S-C_q0.80,M2_HAR,2181,0.6464278309451235,0.3643401394121355,3.719687011873137,34,63,0.5284403669724771,0.21285615978172479,0.935730999945097,0.668258570411489,0.38936418632439534,0.9781804166183807,0.6535977735012906,0.37246721895300033,0.9497789234694411,0.6632981439901104,0.38360520581067414
NQ,RTH,B0,1h,S-C_q0.80,M3_HARJ,2181,0.6432171734015116,0.3605859573575374,3.4342099091998826,34,63,0.5348623853211009,0.21592959057260094,0.935730999945097,0.6649394846335175,0.38535215503033926,0.9781804166183807,0.6503515045111209,0.3686292949966238,0.9497789234694411,0.6600036955030273,0.3796525153878498
NQ,RTH,B0,1h,S-C_q0.80,M4_HARQ,2181,0.6172812001264198,0.30849944542122265,3.2883372645588675,34,63,0.5302752293577981,0.36904472379526676,0.935730999945097,0.6381276185699805,0.32968817474180456,0.9781804166183807,0.6241278588469106,0.315380925829328,0.9497789234694411,0.6333908516364614,0.3248118459970738
NQ,RTH,B0,1h,S-C_q0.80,M5_RGARCH,2181,0.5410460527905517,-1.6853528382681207,3.355774033819827,34,63,0.518348623853211,1.8898236571404687,0.935730999945097,0.5593179075164023,-1.8011082654812194,0.9781804166183807,0.5470471389645141,-1.72294682007075,0.9497789234694411,0.5551661383521309,-1.7744685596009084
NQ,RTH,B0,1h,S-C_q0.80,M6_PARK,2181,0.5172087423108813,-0.06549341477300152,2.9493788446195492,34,63,0.5518348623853211,0.4430726846901203,0.935730999945097,0.5346755789206342,-0.06999171212329641,0.9781804166183807,0.5229454337006914,-0.06695433036720932,0.9497789234694411,0.5307067276615914,-0.06895648361385096
NQ,RTH,B0,1h,S-C_q0.80,M6_GK,2181,0.5302988408437831,-0.0072161846251563855,3.0957134944865268,34,63,0.5555045871559633,0.4161841844813648,0.935730999945097,0.5482077477311151,-0.007711815281934431,0.9781804166183807,0.536180722848914,-0.007377150986218986,0.9497789234694411,0.5441384483361589,-0.007597751905039578
NQ,RTH,B0,1h,S-B_q0.90,M1_EWMA,1091,0.4074847427617443,-2.0865027327100685,0.7773613833581003,17,63,0.48990825688073397,0.8488025594933419,0.935730999945097,0.42124605195962406,-2.2298104186272463,0.9781804166183807,0.41200441542782457,-2.1330448834001543,0.9497789234694411,0.41811917841312357,-2.1968298949910325
NQ,RTH,B0,1h,S-B_q0.90,M2_HAR,1091,0.4648716035903308,-1.9560081975042047,1.251520209913821,17,63,0.42844036697247706,0.7775112572768501,0.935730999945097,0.48057094445635484,-2.0903531010717518,0.9781804166183807,0.4700277904594245,-1.9996394982698837,0.9497789234694411,0.4770037072883223,-2.0594352529524613
NQ,RTH,B0,1h,S-B_q0.90,M3_HARJ,1091,0.46466400384203055,-1.9766680393343408,1.2279273429327655,17,63,0.43211009174311926,0.7873017527393457,0.935730999945097,0.48035633378463594,-2.112431926964394,0.9781804166183807,0.4698178880901684,-2.0207601846781826,0.9497789234694411,0.4767906896533312,-2.0811875168947562
NQ,RTH,B0,1h,S-B_q0.90,M4_HARQ,1091,0.4240291850373073,-2.210790223156057,1.0243447969391692,17,63,0.43211009174311926,1.127776791196456,0.935730999945097,0.43834922235864376,-2.362634371721972,0.9781804166183807,0.42873236264401826,-2.2601047675835413,0.9497789234694411,0.435095393435747,-2.3276892848709214
NQ,RTH,B0,1h,S-B_q0.90,M5_RGARCH,1091,0.3939878610584243,-13.626660672500508,1.0280361851266346,17,63,0.43119266055045874,6.678625049065583,0.935730999945097,0.407293362362571,-14.562583342114387,0.9781804166183807,0.3983578312181031,-13.930621019390845,0.9497789234694411,0.4042700584419474,-14.347192105215148
NQ,RTH,B0,1h,S-B_q0.90,M6_PARK,1091,0.3741635524138935,-4.567909734669248,1.1244874136079013,17,63,0.4651376146788991,2.003998248538085,0.935730999945097,0.38679956008487343,-4.88164839567917,0.9781804166183807,0.3783136385472468,-4.669802888163253,0.9497789234694411,0.38392837991214307,-4.809445252778574
NQ,RTH,B0,1h,S-B_q0.90,M6_GK,1091,0.37995118167054454,-4.237763311125664,1.1668219787799754,17,63,0.4596330275229358,1.8188566127262815,0.935730999945097,0.3927826453853107,-4.5288264590724365,0.9781804166183807,0.38416546208409447,-4.332292120277593,0.9497789234694411,0.38986705328025395,-4.4618418101399495
NQ,RTH,B0,1h,S-C_q0.90,M1_EWMA,1091,0.4153028910658888,0.06926197080037932,0.8103757650570855,17,63,0.5229357798165137,0.3329451997118801,0.935730999945097,0.4293282296736528,0.07401910464058922,0.9781804166183807,0.4199092797914468,0.07080694892647868,0.9497789234694411,0.42614136281071757,0.07292430805620821
NQ,RTH,B0,1h,S-C_q0.90,M2_HAR,1091,0.6324390419660587,0.3415681252973902,3.6455982975344408,17,63,0.5192660550458715,0.19526106046299085,0.935730999945097,0.6537973611667227,0.3650281173942419,0.9781804166183807,0.6394538259591058,0.3491872455167407,0.9497789234694411,0.6489442790692317,0.3596290851029609
NQ,RTH,B0,1h,S-C_q0.90,M3_HARJ,1091,0.6321028525589092,0.34144147440864414,3.3985569994800895,17,63,0.536697247706422,0.19549228145417158,0.935730999945097,0.6534498181899905,0.36489276771708734,0.9781804166183807,0.6391139076612404,0.34905776951559164,0.9497789234694411,0.6485993158743992,0.35949573734632356
NQ,RTH,B0,1h,S-C_q0.90,M4_HARQ,1091,0.5694981198959588,0.23275497323324268,2.1342688962120477,17,63,0.5211009174311927,0.5036378635438694,0.935730999945097,0.5887308392914965,0.24874132976987973,0.9781804166183807,0.5758147860573293,0.2379468749107536,0.9497789234694411,0.5843607404411314,0.245062263945607
NQ,RTH,B0,1h,S-C_q0.90,M5_RGARCH,1091,0.5083836579505377,-2.1334590448600856,3.4632695470893156,17,63,0.5027522935779817,1.9247229302849391,0.935730999945097,0.5255524595620795,-2.279991840588015,0.9781804166183807,0.5140224647121063,-2.1810486170184857,0.9497789234694411,0.5216513284405931,-2.2462690970934447
NQ,RTH,B0,1h,S-C_q0.90,M6_PARK,1091,0.5219401843352308,-0.08062051277708848,2.9316867713049928,17,63,0.5678899082568807,0.3485664581377852,0.935730999945097,0.5395668081218179,-0.08615778763535546,0.9781804166183807,0.5277293551603288,-0.08241885791968488,0.9497789234694411,0.5355616496852291,-0.08488345106942397
NQ,RTH,B0,1h,S-C_q0.90,M6_GK,1091,0.5359555191411648,-0.040267579637427,2.9305658091771365,17,63,0.5678899082568807,0.3371937106936966,0.935730999945097,0.55405545968182,-0.043033285890698984,0.9781804166183807,0.5419001429660463,-0.04116580024841845,0.9497789234694411,0.5499427532193762,-0.04239679218226261
NQ,RTH,B0,30min,S-A,M1_EWMA,22312,0.7576888492256573,0.5244191086614912,1.1365047003754383,354,63,0.4724127112186814,0.38884034779571786,0.9264306788654363,0.7871988150513006,0.5660640570579193,0.9605987174182957,0.7730719125226058,0.5459294283370684,0.8653811737464322,0.814492659017804,0.6059978245091252
NQ,RTH,B0,30min,S-A,M2_HAR,22312,0.839199545407499,0.6533402926646932,4.832927338589943,354,63,0.43010174353457936,0.29017719124802605,0.9264306788654363,0.8718841360955892,0.7052230755838242,0.9605987174182957,0.8562374888046694,0.6801386268978268,0.8653811737464322,0.9021141988350915,0.7549740073917188
NQ,RTH,B0,30min,S-A,M3_HARJ,22312,0.8391257592006978,0.6531287417112583,4.8189740022364,354,63,0.430056922594236,0.29020358479366737,0.9264306788654363,0.871807476112246,0.7049947250355739,0.9605987174182957,0.8561622045450846,0.6799183986697448,0.8653811737464322,0.9020348808883673,0.7547295475399762
NQ,RTH,B0,30min,S-A,M4_HARQ,22312,0.8415948304069191,0.6735300133193773,4.889871151798923,354,63,0.4312670879835059,0.3086307520144794,0.9264306788654363,0.8743727110761774,0.7270160937936807,0.9605987174182957,0.858681404347878,0.7011564778366101,0.8653811737464322,0.9046890579613369,0.7783044440445965
NQ,RTH,B0,30min,S-A,M5_RGARCH,22312,0.7774120144687213,-0.34033252238015366,4.84465004560724,354,63,0.4230648559006768,2.8195364659180058,0.9264306788654363,0.8076901451325976,-0.36735886466642675,0.9605987174182957,0.7931955095519635,-0.35429208493514447,0.8653811737464322,0.8356944667512665,-0.3932747010277294
NQ,RTH,B0,30min,S-A,M6_PARK,22312,0.7837575198075393,0.5102944087457714,3.94400054681764,354,63,0.45641163551611313,0.7050222540448478,0.9264306788654363,0.8142827910303486,0.5508176924480838,0.9605987174182957,0.7996698452284298,0.5312253696499181,0.8653811737464322,0.8425156935932708,0.5896758841385359
NQ,RTH,B0,30min,S-A,M6_GK,22312,0.7929066787093494,0.5516038349061905,4.182724080707437,354,63,0.4592353547577428,0.630722220784797,0.9264306788654363,0.8237882853418743,0.5954075652824,0.9605987174182957,0.8090047559604856,0.5742292019592535,0.8653811737464322,0.8523507634498848,0.6374114108794069
NQ,RTH,B0,30min,S-B_q0.80,M1_EWMA,4463,0.4511775033317538,-0.9417802489975713,0.585976169447882,70,63,0.46077991931869117,0.6703041701489777,0.9264306788654363,0.4687496673120289,-1.0165685037016834,0.9605987174182957,0.46033758546705855,-0.980409646526178,0.8653811737464322,0.4850022073747716,-1.0882837269505068
NQ,RTH,B0,30min,S-B_q0.80,M2_HAR,4463,0.5473657324161536,-0.5639206106373038,1.4355019564513758,70,63,0.4327655759748992,0.5342317974527354,0.9264306788654363,0.568684172134828,-0.608702435597141,0.9605987174182957,0.558478686918445,-0.5870511800732947,0.8653811737464322,0.5884016523490946,-0.6516441861058325
NQ,RTH,B0,30min,S-B_q0.80,M3_HARJ,4463,0.5478270523295197,-0.5639544334051629,1.4336413676908475,70,63,0.43209323173464814,0.5339844952552658,0.9264306788654363,0.5691634592320743,-0.6087389442843323,0.9605987174182957,0.5589493728313697,-0.5870863901638828,0.8653811737464322,0.5888975573413343,-0.6516832703485745
NQ,RTH,B0,30min,S-B_q0.80,M4_HARQ,4463,0.5250803855040482,-0.6621002103646689,1.3710833325836258,70,63,0.4341102644554012,0.6490659036720354,0.9264306788654363,0.5455308702218526,-0.7146786321622222,0.9605987174182957,0.5357408892378035,-0.6892578538352923,0.8653811737464322,0.5644455766035888,-0.7650966192138041
NQ,RTH,B0,30min,S-B_q0.80,M5_RGARCH,4463,0.4432657706825008,-8.925147102910842,1.1499149200612682,70,63,0.420663379650381,5.892955560585397,0.9264306788654363,0.4605297937150244,-9.633907108777015,0.9605987174182957,0.4522652239735822,-9.291233624481677,0.8653811737464322,0.47649733341560785,-10.313544335927538
NQ,RTH,B0,30min,S-B_q0.80,M6_PARK,4463,0.43578889344392524,-2.052297747042085,1.1398755493236665,70,63,0.4623487225459435,1.4104473314239507,0.9264306788654363,0.45276171199057264,-2.2152739474856924,0.9605987174182957,0.44463654659179214,-2.136477708983246,0.8653811737464322,0.46845991590653296,-2.3715534949266583
NQ,RTH,B0,30min,S-B_q0.80,M6_GK,4463,0.44684646924636573,-1.8306546540569544,1.138861728749734,70,63,0.45562528014343345,1.2875498862425592,0.9264306788654363,0.46424995096613225,-1.9760298269686902,0.9605987174182957,0.45591862007379275,-1.9057433878081997,0.8653811737464322,0.48034647636842304,-2.115431568879218
NQ,RTH,B0,30min,S-C_q0.80,M1_EWMA,4463,0.4560695183033038,0.09493721650978248,0.8840228872572312,70,63,0.5011205737337516,0.3706020047787398,0.9264306788654363,0.4738322132578389,0.10247633058314563,0.9605987174182957,0.46532892112418267,0.0988312963449875,0.8653811737464322,0.49026097591307694,0.10970566426673885
NQ,RTH,B0,30min,S-C_q0.80,M2_HAR,4463,0.6846386989956265,0.432325137615598,4.0563076798686355,70,63,0.5114298520842672,0.1970147444885597,0.9264306788654363,0.7113035557253007,0.46665675854457866,0.9605987174182957,0.6985386533805346,0.45005800005387747,0.8653811737464322,0.7359659509062693,0.4995777014006025
NQ,RTH,B0,30min,S-C_q0.80,M3_HARJ,4463,0.6846813002172563,0.4323917876606924,4.065622492900367,70,63,0.5109816225907665,0.19712108922826296,0.9264306788654363,0.7113478161512274,0.46672870137485717,0.9605987174182957,0.6985821195182702,0.45012738391197127,0.8653811737464322,0.7360117459345558,0.4996547195367908
NQ,RTH,B0,30min,S-C_q0.80,M4_HARQ,4463,0.678043728980848,0.40922831599194787,3.6636307730146993,70,63,0.5125504258180188,0.27405089562329343,0.9264306788654363,0.7044517291658388,0.441725781893486,0.9605987174182957,0.6918097882433949,0.42601380636004754,0.8653811737464322,0.7288765570621217,0.4728879347124057
NQ,RTH,B0,30min,S-C_q0.80,M5_RGARCH,4463,0.5951665821908175,-2.291255188821508,3.9756188429221067,70,63,0.4805020170327208,2.338316071128682,0.9264306788654363,0.6183467378958478,-2.473207376538436,0.9605987174182957,0.6072500188355914,-2.3852365688968264,0.8653811737464322,0.639786124056796,-2.647683192485159
NQ,RTH,B0,30min,S-C_q0.80,M6_PARK,4463,0.5815097380357734,0.09697385984378148,3.2701744988235304,70,63,0.5336172120125504,0.36561432628957946,0.9264306788654363,0.6041579959773441,0.10467470697596241,0.9605987174182957,0.5933159050621699,0.10095147753726795,0.8653811737464322,0.6251054285166656,0.11205912814576213
NQ,RTH,B0,30min,S-C_q0.80,M6_GK,4463,0.6016218998871485,0.16329242475158312,3.6171779723499435,70,63,0.5356342447333035,0.3371038196554998,0.9264306788654363,0.6250534730504232,0.17625973370350928,0.9605987174182957,0.6138363963473414,0.16999025898186465,0.8653811737464322,0.6467253958708958,0.18869421903951644
NQ,RTH,B0,30min,S-B_q0.90,M1_EWMA,2232,0.38834951537596096,-2.0374954437898736,0.4781314834454837,35,63,0.4796055580457194,0.906359880072005,0.9264306788654363,0.4034746962980002,-2.1992961699898745,0.9605987174182957,0.39623402520142953,-2.121068253417873,0.8653811737464322,0.4174640153805909,-2.3544485431420834
NQ,RTH,B0,30min,S-B_q0.90,M2_HAR,2232,0.48771276411338693,-1.5077425861581477,1.315292611965926,35,63,0.44822949350067237,0.7225652120845323,0.9264306788654363,0.5067078793462755,-1.6274748025449908,0.9605987174182957,0.49761460750035685,-1.5695862994803442,0.8653811737464322,0.5242765107149264,-1.7422872508663283
NQ,RTH,B0,30min,S-B_q0.90,M3_HARJ,2232,0.488426691293193,-1.5087636899046428,1.31463038774405,35,63,0.44822949350067237,0.7223698335187766,0.9264306788654363,0.5074496120912547,-1.6285769937502148,0.9605987174182957,0.498343029267232,-1.5706492862697077,0.8653811737464322,0.5250439608992858,-1.7434671976660425
NQ,RTH,B0,30min,S-B_q0.90,M4_HARQ,2232,0.45525317825898803,-1.6393450685084185,1.1879327943371896,35,63,0.44822949350067237,0.9181255305623495,0.9264306788654363,0.47298407893961447,-1.7695280455479527,0.9605987174182957,0.46449600724406825,-1.7065867763329114,0.8653811737464322,0.48938343498841247,-1.8943618352723348
NQ,RTH,B0,30min,S-B_q0.90,M5_RGARCH,2232,0.4028293174980078,-13.731157202706166,1.06266387624002,35,63,0.43343792021515015,7.2473992944071925,0.9264306788654363,0.4185184482079057,-14.821570049388026,0.9605987174182957,0.41100780513877405,-14.29437386675886,0.8653811737464322,0.4330293659126602,-15.867178093626487
NQ,RTH,B0,30min,S-B_q0.90,M6_PARK,2232,0.3951951452624609,-3.341849300107489,1.2067359806634101,35,63,0.474675033617212,1.6840780098131414,0.9264306788654363,0.4105869452646306,-3.6072308229258145,0.9605987174182957,0.40321863926060025,-3.4789233417769285,0.8653811737464322,0.4248228610262743,-3.861707882596824
NQ,RTH,B0,30min,S-B_q0.90,M6_GK,2232,0.4065174648835386,-3.0659926404492417,1.2054804879744199,35,63,0.47736441057821605,1.539911539972619,0.9264306788654363,0.4223502391265546,-3.3094679509146263,0.9605987174182957,0.414770831552468,-3.1917517532080417,0.8653811737464322,0.4369940131078256,-3.542938919246257
NQ,RTH,B0,30min,S-C_q0.90,M1_EWMA,2232,0.4255608525488683,0.019614105221814948,0.8434981757033391,35,63,0.5141192290452712,0.3654019417337006,0.9264306788654363,0.44213531610113393,0.021171692247751967,0.9605987174182957,0.43420084974316897,0.020418625245024063,0.8653811737464322,0.45746508044911327,0.022665278396225123
NQ,RTH,B0,30min,S-C_q0.90,M2_HAR,2232,0.6757040540650185,0.41556725937527306,4.476379614041511,35,63,0.5262214253697893,0.16619571544095113,0.9264306788654363,0.7020209301337184,0.44856811076701625,0.9605987174182957,0.6894226118137695,0.4326127568566313,0.8653811737464322,0.7263614770983889,0.48021296508703526
NQ,RTH,B0,30min,S-C_q0.90,M3_HARJ,2232,0.6762284574462588,0.41625029749081766,4.464763018682063,35,63,0.5275661138502914,0.16615456778232407,0.9264306788654363,0.7025657576321606,0.44930539001642655,0.9605987174182957,0.6899576619537882,0.43332381143453075,0.8653811737464322,0.7269251949158293,0.4810022567151251
NQ,RTH,B0,30min,S-C_q0.90,M4_HARQ,2232,0.6503635097983781,0.35970088980811976,3.2242844922607525,35,63,0.528014343343792,0.32221060821440856,0.9264306788654363,0.6756934390536518,0.3882653046946065,0.9605987174182957,0.6635675882898043,0.3744548928556261,0.8653811737464322,0.6991211563495913,0.4156560146217333
NQ,RTH,B0,30min,S-C_q0.90,M5_RGARCH,2232,0.5763728392982199,-2.9638693981968296,4.775213745571884,35,63,0.48543254146122816,2.358583999021142,0.9264306788654363,0.5988210286940413,-3.1992349409526954,0.9605987174182957,0.5880747138587703,-3.0854396788729037,0.8653811737464322,0.6195834173162487,-3.4249293699856724
NQ,RTH,B0,30min,S-C_q0.90,M6_PARK,2232,0.5582257891284166,0.018244996306472583,3.5322381213263663,35,63,0.5437023756163155,0.30989819237784344,0.9264306788654363,0.5799671991768919,0.01969386023443926,0.9605987174182957,0.569559231156668,0.018993359012083443,0.8653811737464322,0.6000758857467421,0.021083190690971285
NQ,RTH,B0,30min,S-C_q0.90,M6_GK,2232,0.5786398793793323,0.07451288433083814,3.6513099447064365,35,63,0.5414612281488121,0.29565722982572973,0.9264306788654363,0.6011763639577835,0.0804300699779191,0.9605987174182957,0.5903877807767566,0.07756921072214097,0.8653811737464322,0.6220204170235192,0.08610411988540828
NQ,RTH,B1,1day,S-A,M1_EWMA,1401,0.7032070200986535,0.3922198317838985,1.6519003062007795,22,63,0.5271428571428571,0.2752353857775822,0.9344009680731142,0.7274724615810609,0.4197553782427251,0.994621494991568,0.7051057841647319,0.3943407957287547,1.0097312791173454,0.6998102394620835,0.388439815518795
NQ,RTH,B1,1day,S-A,M2_HAR,1401,0.8283085739402963,0.6741865832754111,2.9335494718605464,22,63,0.37214285714285716,0.1541909810118227,0.9344009680731142,0.8568908728307494,0.7215174280755432,0.994621494991568,0.8305451309012917,0.6778323077374541,1.0097312791173454,0.8243075010774705,0.6676891141420814
NQ,RTH,B1,1day,S-A,M3_HARJ,1401,0.8160778993753929,0.6543613583873857,3.0856066463013723,22,63,0.39571428571428574,0.1677826924146339,0.9344009680731142,0.8442381565207232,0.7003003857506532,0.994621494991568,0.8182814316868838,0.6578998761663934,1.0097312791173454,0.8121359057272888,0.6480549547394376
NQ,RTH,B1,1day,S-A,M4_HARQ,1401,0.8038051932778764,0.6346446292789729,2.756894947629849,22,63,0.37214285714285716,0.30948211332126857,0.9344009680731142,0.8315419583033494,0.6791994560833051,0.994621494991568,0.8059755874484423,0.6380765270756119,1.0097312791173454,0.7999224818741738,0.6285282454889842
NQ,RTH,B1,1day,S-A,M5_RGARCH,1401,0.8133223813841727,0.204825858926595,3.0661607499892343,22,63,0.36857142857142855,0.6119449810489289,0.9344009680731142,0.8413875543527832,0.21920552945164323,0.994621494991568,0.8155184733852066,0.20593347314330002,1.0097312791173454,0.8093936980271902,0.20285185094557348
NQ,RTH,B1,1day,S-A,M6_PARK,1401,0.757266600889624,0.4147001369383636,3.141459715456071,22,63,0.5085714285714286,0.34790009889894163,0.9344009680731142,0.7833974668583552,0.44381389907326646,0.994621494991568,0.7593113339043894,0.4169426651511078,1.0097312791173454,0.7536086901277801,0.4107034668678115
NQ,RTH,B1,1day,S-A,M6_GK,1401,0.7613639407276012,0.46019018045743443,3.0621706312320525,22,63,0.4735714285714286,0.3152418924277181,0.9344009680731142,0.7876361928845106,0.4924975424698253,0.994621494991568,0.7634197371723785,0.46267870016355894,1.0097312791173454,0.7576862381203613,0.45575510036661315
NQ,RTH,B1,1day,S-B_q0.80,M1_EWMA,280,0.21404595374508248,-1.00826138645305,4.070118552519179,4,63,0.5806451612903226,0.4683745365772431,0.9344009680731142,0.22143199998281587,-1.0790457425705027,0.994621494991568,0.21462390981469567,-1.013713650398836,1.0097312791173454,0.21301202329467903,-0.9985442734173985
NQ,RTH,B1,1day,S-B_q0.80,M2_HAR,280,0.60101887279972,-0.5317109758278096,3.5175430981930655,4,63,0.4444444444444444,0.28349895516976975,0.9344009680731142,0.621758125780582,-0.5690394102697512,0.994621494991568,0.6026417135935263,-0.5345862506543931,1.0097312791173454,0.5981157031626296,-0.5265866145026266
NQ,RTH,B1,1day,S-B_q0.80,M3_HARJ,280,0.5933830817641165,-0.6051027309318224,3.221659670276699,4,63,0.4336917562724014,0.3029603354830266,0.9344009680731142,0.6138588478410503,-0.6475835873539836,0.994621494991568,0.5949853047807673,-0.6083748782615563,1.0097312791173454,0.5905167961546215,-0.5992710570091201
NQ,RTH,B1,1day,S-B_q0.80,M4_HARQ,280,0.4900978866575493,-1.0571871871961198,2.016889850237529,4,63,0.44802867383512546,1.0336741034633359,0.9344009680731142,0.5070096085963773,-1.1314063483647825,0.994621494991568,0.49142122420886625,-1.0629040218008583,1.0097312791173454,0.48773051124200134,-1.0469985520506584
NQ,RTH,B1,1day,S-B_q0.80,M5_RGARCH,280,0.5332548544101883,-4.201646176249436,3.9171426142691517,4,63,0.45161290322580644,1.2917965376807754,0.9344009680731142,0.5516557862767171,-4.496620101875439,0.994621494991568,0.5346947222253217,-4.22436695507476,1.0097312791173454,0.5306790129978495,-4.161152836547063
NQ,RTH,B1,1day,S-B_q0.80,M6_PARK,280,0.526367778594032,-1.303788958145264,3.099614027872873,4,63,0.5555555555555556,0.5060014450054774,0.9344009680731142,0.5445310593415797,-1.3953206414521246,0.994621494991568,0.5277890502750167,-1.310839313960651,1.0097312791173454,0.5238252046052346,-1.2912236999184263
NQ,RTH,B1,1day,S-B_q0.80,M6_GK,280,0.5308616046084231,-1.2518913680933723,3.3253223165760075,4,63,0.5125448028673835,0.4832530674680326,0.9344009680731142,0.5491799530231978,-1.3397796137508018,0.994621494991568,0.532295010291361,-1.2586610830323803,1.0097312791173454,0.5282973235820769,-1.2398262725778988
NQ,RTH,B1,1day,S-C_q0.80,M1_EWMA,280,0.25571220060842964,-0.024905064284759915,1.1184658300332888,4,63,0.5734767025089605,0.37306291231685224,0.9344009680731142,0.2645360167292229,-0.026653508649630554,0.994621494991568,0.2564026617726327,-0.025039740655284196,1.0097312791173454,0.2544770049594448,-0.024665041877805972
NQ,RTH,B1,1day,S-C_q0.80,M2_HAR,280,0.5974861027508729,0.3222128312522464,2.2657886890265617,4,63,0.4121863799283154,0.17812091521813203,0.9344009680731142,0.6181034510543909,0.3448335802955142,0.994621494991568,0.5990994045374867,0.32395522605810767,1.0097312791173454,0.5945999978536847,0.31910750703286933
NQ,RTH,B1,1day,S-C_q0.80,M3_HARJ,280,0.5826878160330932,0.2920318422827739,2.5018137741409143,4,63,0.41935483870967744,0.196592389807657,0.9344009680731142,0.6027945224486224,0.3125337539889227,0.994621494991568,0.5842611602335963,0.293611030681827,1.0097312791173454,0.5798731929788625,0.2892173871627043
NQ,RTH,B1,1day,S-C_q0.80,M4_HARQ,280,0.4145551597100031,-0.025241845802814966,1.5257357244980043,4,63,0.4157706093189964,0.9402542333178379,0.9344009680731142,0.42886014200065475,-0.027013933702217507,0.994621494991568,0.4156745206068188,-0.025378343349626638,1.0097312791173454,0.4125526868975224,-0.024998577666010383
NQ,RTH,B1,1day,S-C_q0.80,M5_RGARCH,280,0.5174415107181667,-0.4490405982080823,2.03439183477141,4,63,0.3655913978494624,0.6403115911266747,0.9344009680731142,0.5352967743034743,-0.4805652108153061,0.994621494991568,0.5188386801416334,-0.4514688255474401,1.0097312791173454,0.5149420542936298,-0.44471297214899613
NQ,RTH,B1,1day,S-C_q0.80,M6_PARK,280,0.5349438354916162,0.010387502019992945,2.2798349131195508,4,63,0.6308243727598566,0.27452693002969575,0.9344009680731142,0.5534030487325126,0.01111675006224967,0.994621494991568,0.5363882638081297,0.010443673369517322,1.0097312791173454,0.5323598356023723,0.010287392531875569
NQ,RTH,B1,1day,S-C_q0.80,M6_GK,280,0.5222351973268604,0.057610616582542296,2.611230291165541,4,63,0.5519713261648745,0.26316005304184975,0.9344009680731142,0.5402558758164048,0.06165513366423913,0.994621494991568,0.5236453104207064,0.05792215116266987,1.0097312791173454,0.5197125854141319,0.05705539461241856
NQ,RTH,B1,1day,S-B_q0.90,M1_EWMA,140,0.13470554717131353,-2.357418986210542,,2,63,0.6258992805755396,0.7659290677428144,0.9344009680731142,0.13935380789513652,-2.522920102567874,0.994621494991568,0.13506927228377674,-2.3701669409733874,1.0097312791173454,0.13405486368666075,-2.3346993749379292
NQ,RTH,B1,1day,S-B_q0.90,M2_HAR,140,0.5745691103794345,-1.0697954252546173,,2,63,0.4316546762589928,0.36445454109049413,0.9344009680731142,0.5943956660408883,-1.1448997398415675,0.994621494991568,0.5761205328611299,-1.075580440038335,1.0097312791173454,0.5717937040300577,-1.0594852782908508
NQ,RTH,B1,1day,S-B_q0.90,M3_HARJ,140,0.5515816800698568,-1.1372660691664165,,2,63,0.41007194244604317,0.3804895595645689,0.9344009680731142,0.5706150124996515,-1.2171071178486073,0.994621494991568,0.553071033053672,-1.1434159375130513,1.0097312791173454,0.548917312512654,-1.126305674278562
NQ,RTH,B1,1day,S-B_q0.90,M4_HARQ,140,0.4388350324830744,-2.155869658892861,,2,63,0.43884892086330934,1.8532360794702547,0.9344009680731142,0.45397783609111364,-2.3072211315647637,0.994621494991568,0.4400199526656094,-2.1675277175777685,1.0097312791173454,0.43671527784698166,-2.135092478047635
NQ,RTH,B1,1day,S-B_q0.90,M5_RGARCH,140,0.5261915138367388,-6.005025671822047,,2,63,0.43884892086330934,1.63846456319654,0.9344009680731142,0.5443487122471777,-6.426604720032964,0.994621494991568,0.5276123095765316,-6.037498387135655,1.0097312791173454,0.5236497912795929,-5.947152273099164
NQ,RTH,B1,1day,S-B_q0.90,M6_PARK,140,0.4981249520936876,-1.467459300778685,,2,63,0.5683453237410072,0.49343137811622173,0.9344009680731142,0.515313662573655,-1.5704813574891976,0.994621494991568,0.49946996392152715,-1.4753947186624248,1.0097312791173454,0.49571880263342366,-1.4533166706110774
NQ,RTH,B1,1day,S-B_q0.90,M6_GK,140,0.5014802221602728,-1.5254779292331624,,2,63,0.49640287769784175,0.48675941705464426,0.9344009680731142,0.5187847123567836,-1.6325731472420715,0.994621494991568,0.5028342937188208,-1.5337270880578493,1.0097312791173454,0.4990578653584054,-1.5107761448834742
NQ,RTH,B1,1day,S-C_q0.90,M1_EWMA,140,0.1144275504346669,-0.20957301899271252,,2,63,0.5611510791366906,0.5471771695285139,0.9344009680731142,0.11837608187660002,-0.22428596090272246,0.994621494991568,0.11473652192488927,-0.21070630390356604,1.0097312791173454,0.11387481805785973,-0.20755326028516258
NQ,RTH,B1,1day,S-C_q0.90,M2_HAR,140,0.6284234982275421,0.316573953717735,,2,63,0.4316546762589928,0.1714145649790442,0.9344009680731142,0.6501083978183779,0.3387988289123476,0.994621494991568,0.6301203356063075,0.3182858557871995,1.0097312791173454,0.6253879529196391,0.31352297414661406
NQ,RTH,B1,1day,S-C_q0.90,M3_HARJ,140,0.6177740013649252,0.3113386212643864,,2,63,0.4172661870503597,0.18061046217897117,0.9344009680731142,0.6390914206326825,0.3331959532388081,0.994621494991568,0.6194420835103289,0.31302221280370157,1.0097312791173454,0.6147898975297298,0.30833809717823385
NQ,RTH,B1,1day,S-C_q0.90,M4_HARQ,140,0.34353991483135043,-0.3001444642674458,,2,63,0.4316546762589928,1.6954993044325868,0.9344009680731142,0.35539438650463073,-0.3212159174945978,0.994621494991568,0.3444675239519958,-0.3017675223980458,1.0097312791173454,0.3418804750117304,-0.29725182380188964
NQ,RTH,B1,1day,S-C_q0.90,M5_RGARCH,140,0.5609218809464563,-0.28014026821166516,,2,63,0.4316546762589928,0.5854393675919949,0.9344009680731142,0.5802775140520511,-0.29980733944375043,0.994621494991568,0.5624364538687642,-0.2816551518565764,1.0097312791173454,0.5582123963574657,-0.2774404180650412
NQ,RTH,B1,1day,S-C_q0.90,M6_PARK,140,0.583891920361429,0.17580865020045322,,2,63,0.6402877697841727,0.22030957228957304,0.9344009680731142,0.6040401765941285,0.18815118584797602,0.994621494991568,0.585468515823602,0.17675935125647335,1.0097312791173454,0.5810714809854752,0.1741142953936576
NQ,RTH,B1,1day,S-C_q0.90,M6_GK,140,0.5760609598190651,0.18042105700491295,,2,63,0.5467625899280576,0.2209655250934968,0.9344009680731142,0.5959389944678488,0.19308740376946562,0.994621494991568,0.5776164105172416,0.1813967000647241,1.0097312791173454,0.5732783472201141,0.17868225015533604
NQ,RTH,B1,1h,S-A,M1_EWMA,10906,0.7457056193447154,0.504481195266817,1.1242846907141761,173,63,0.4811554332874828,0.3708279450181361,0.935730999945097,0.7708891035872142,0.5391305784423268,0.9781804166183807,0.7539767150472246,0.5157343028915198,0.9497789234694411,0.765166859463907,0.5311564436742826
NQ,RTH,B1,1h,S-A,M2_HAR,10906,0.8109248454231461,0.6094258435730011,3.312150440031183,173,63,0.4730857404860156,0.30947329848947985,0.935730999945097,0.8383108708690992,0.6512831610887728,0.9781804166183807,0.8199193290773411,0.623019877743839,0.9497789234694411,0.8320881607127186,0.6416502077629113
NQ,RTH,B1,1h,S-A,M3_HARJ,10906,0.8094608825674969,0.6080690181818005,3.241986143752529,173,63,0.47400275103163686,0.31182553751720593,0.935730999945097,0.8367974680138704,0.6498331445869361,0.9781804166183807,0.8184391284777754,0.621632786601807,0.9497789234694411,0.8305859917179171,0.6402216380635076
NQ,RTH,B1,1h,S-A,M4_HARQ,10906,0.8094678627992439,0.6150002471392,3.4079491462981046,173,63,0.47372764786795046,0.33419507021065625,0.935730999945097,0.8368046839774553,0.6572404325337992,0.9781804166183807,0.8184461861317159,0.6287186256143698,0.9497789234694411,0.8305931541180193,0.647519366815037
NQ,RTH,B1,1h,S-A,M5_RGARCH,10906,0.703240774186619,-0.18800567196191476,2.873490909142992,173,63,0.46024759284731775,2.4734188765819853,0.935730999945097,0.726990163350367,-0.2009185032588915,0.9781804166183807,0.7110408652605142,-0.1921993824123569,0.9497789234694411,0.7215937773195154,-0.197946771944728
NQ,RTH,B1,1h,S-A,M6_PARK,10906,0.7274820778778971,0.368613317804944,2.858190600091716,173,63,0.4792297111416781,0.9067034743055234,0.935730999945097,0.7520501285532257,0.393930860286313,0.9781804166183807,0.7355510446818162,0.3768357161343088,0.9497789234694411,0.7464677245362007,0.38810433533146727
NQ,RTH,B1,1h,S-A,M6_GK,10906,0.7365385465594865,0.416806788412711,2.9830376197771318,173,63,0.478404401650619,0.8031109913003349,0.935730999945097,0.7614124463935433,0.4454344127074626,0.9781804166183807,0.7447079644224415,0.42610420463500304,0.9497789234694411,0.7557605466890154,0.43884611261972445
NQ,RTH,B1,1h,S-B_q0.80,M1_EWMA,2181,0.4562538641995797,-0.9080853312994435,0.9322621326695971,34,63,0.4775229357798165,0.5923044704898746,0.935730999945097,0.4716621723865907,-0.9704555383467304,0.9781804166183807,0.46131446623547495,-0.928341352854661,0.9497789234694411,0.468161064274456,-0.9561017925964335
NQ,RTH,B1,1h,S-B_q0.80,M2_HAR,2181,0.5093262057595118,-0.8137809826380824,1.1858976530439633,34,63,0.41100917431192663,0.5524534430768219,0.935730999945097,0.5265268384814533,-0.8696740651809443,0.9781804166183807,0.5149754669188078,-0.8319334233365298,0.9497789234694411,0.5226184746282818,-0.8568109509794418
NQ,RTH,B1,1h,S-B_q0.80,M3_HARJ,2181,0.5092770035412696,-0.8303703433605436,1.1820097981626139,34,63,0.4178899082568807,0.5601470762313456,0.935730999945097,0.5264759746379589,-0.8874028362951154,0.9781804166183807,0.5149257189674434,-0.8488928312745986,0.9497789234694411,0.5225679883427633,-0.874277500628556
NQ,RTH,B1,1h,S-B_q0.80,M4_HARQ,2181,0.4844156569819889,-0.9343515904626025,1.0732227814842314,34,63,0.41009174311926605,0.6792590866295294,0.935730999945097,0.5007750268834061,-0.9985258482591948,0.9781804166183807,0.4897886193880021,-0.9551935150089217,0.9497789234694411,0.4970578165332427,-0.9837569221366966
NQ,RTH,B1,1h,S-B_q0.80,M5_RGARCH,2181,0.41058459427115945,-7.9697471926923615,0.9131146595165672,34,63,0.4087155963302752,4.670315418716508,0.935730999945097,0.424450589634218,-8.517134938523975,0.9781804166183807,0.41513864936353884,-8.147522744571171,0.9497789234694411,0.4212999290776391,-8.391160296103145
NQ,RTH,B1,1h,S-B_q0.80,M6_PARK,2181,0.3840020993179303,-2.9512858883868316,0.9539941435704032,34,63,0.44541284403669723,1.6641946975076038,0.935730999945097,0.396970367983731,-3.153989649332976,0.9781804166183807,0.388261311037716,-3.0171181494203045,0.9497789234694411,0.39402369077069,-3.1073398403136796
NQ,RTH,B1,1h,S-B_q0.80,M6_GK,2181,0.3957527401663566,-2.6948574429952608,1.0020491797279525,34,63,0.4353211009174312,1.521019324927927,0.935730999945097,0.40911784381766486,-2.879948877565645,0.9781804166183807,0.4001422857236539,-2.754969734838405,0.9497789234694411,0.4060809969266764,-2.837352331583895
NQ,RTH,B1,1h,S-C_q0.80,M1_EWMA,2181,0.45924173832318294,0.12345694949832309,1.179798940059941,34,63,0.5165137614678899,0.30948153162992786,0.935730999945097,0.47475095104806836,0.13193636793647617,0.9781804166183807,0.46433548077291215,0.12621081694225694,0.9497789234694411,0.471226915195145,0.12998493275398026
NQ,RTH,B1,1h,S-C_q0.80,M2_HAR,2181,0.6542932178917503,0.3780258375414759,3.654321037062352,34,63,0.5266055045871559,0.20326997912451905,0.935730999945097,0.6763895820806513,0.40398986200484555,0.9781804166183807,0.6615504004612487,0.38645819433630696,0.9497789234694411,0.6713687998525504,0.3980145570724899
NQ,RTH,B1,1h,S-C_q0.80,M3_HARJ,2181,0.6507575835749035,0.3741786199849543,3.412734077475952,34,63,0.5357798165137615,0.20636469288486606,0.935730999945097,0.672734544625628,0.3998784052328167,0.9781804166183807,0.6579755501735883,0.38252515960042294,0.9497789234694411,0.6677408934290857,0.39396391174708284
NQ,RTH,B1,1h,S-C_q0.80,M4_HARQ,2181,0.6368416800834602,0.3384847678358409,3.6803447095283657,34,63,0.5252293577981652,0.3007417670105129,0.935730999945097,0.6583486823096758,0.36173298507338236,0.9781804166183807,0.6439052965383634,0.3460351097663557,0.9497789234694411,0.6534618161431891,0.35638269019425295
NQ,RTH,B1,1h,S-C_q0.80,M5_RGARCH,2181,0.5546337210906528,-1.3616269811715607,3.3911992588730606,34,63,0.518348623853211,1.5295663383920706,0.935730999945097,0.5733644496960224,-1.4551478803752922,0.9781804166183807,0.5607855167429516,-1.3919998376973997,0.9497789234694411,0.5691084142461516,-1.4336251811081282
NQ,RTH,B1,1h,S-C_q0.80,M6_PARK,2181,0.5183595110509858,-0.07391217432446351,2.752336714693183,34,63,0.5532110091743119,0.42541675469992934,0.935730999945097,0.5358652106727387,-0.07898869902653671,0.9781804166183807,0.5241089663494133,-0.07556088127380595,0.9497789234694411,0.5318875288785766,-0.07782039851386702
NQ,RTH,B1,1h,S-C_q0.80,M6_GK,2181,0.5317911847020653,-0.013389874715405758,2.8739812850999673,34,63,0.5568807339449541,0.39924696919985936,0.935730999945097,0.5497504900537036,-0.01430953416760949,0.9781804166183807,0.5376896192428788,-0.013688553244293352,0.9497789234694411,0.5456697390139541,-0.01409788571270246
NQ,RTH,B1,1h,S-B_q0.90,M1_EWMA,1091,0.397524327787032,-2.022928455440188,0.7488923039581995,17,63,0.4954128440366973,0.830056174821768,0.935730999945097,0.4109492603410227,-2.161869656513337,0.9781804166183807,0.401933523150333,-2.068052499388154,0.9497789234694411,0.4078988190012485,-2.129894026338936
NQ,RTH,B1,1h,S-B_q0.90,M2_HAR,1091,0.46632762633661334,-1.8333161323471665,1.2475906371674181,17,63,0.42201834862385323,0.7420565677358353,0.935730999945097,0.48207613905401747,-1.9592341521812726,0.9781804166183807,0.47149996288081625,-1.8742106274065813,0.9497789234694411,0.47849772895475423,-1.930255649020151
NQ,RTH,B1,1h,S-B_q0.90,M3_HARJ,1091,0.4659112290640476,-1.8511822843050831,1.2166926354636804,17,63,0.42844036697247706,0.751090950516743,0.935730999945097,0.4816456794841051,-1.9783274086395548,0.9781804166183807,0.4710789470810431,-1.892475307065249,0.9497789234694411,0.47807046464954694,-1.9490665022791953
NQ,RTH,B1,1h,S-B_q0.90,M4_HARQ,1091,0.4360454928157242,-2.0155120395306216,1.0963868501283784,17,63,0.42201834862385323,0.9737952179189959,0.935730999945097,0.45077133705300787,-2.153943857421502,0.9781804166183807,0.4408819509409774,-2.0604706506989263,0.9497789234694411,0.44742529983130636,-2.122085455600732
NQ,RTH,B1,1h,S-B_q0.90,M5_RGARCH,1091,0.3969446490438623,-11.847180762996835,1.0286579828059368,17,63,0.42568807339449544,5.383659678238857,0.935730999945097,0.41035000506508235,-12.660883056874203,0.9781804166183807,0.4013474148212287,-12.111447501630773,0.9497789234694411,0.40730401194615495,-12.4736193552499
NQ,RTH,B1,1h,S-B_q0.90,M6_PARK,1091,0.37369409031200157,-4.304170665884426,1.1111951889975946,17,63,0.46605504587155966,1.8820836195172232,0.935730999945097,0.3863142436147982,-4.599794883504948,0.9781804166183807,0.37783896934234706,-4.400180777247782,0.9497789234694411,0.38344666590486814,-4.531760559775058
NQ,RTH,B1,1h,S-B_q0.90,M6_GK,1091,0.38113373154614777,-4.014504446864424,1.1368539417661603,17,63,0.4522935779816514,1.717585332446251,0.935730999945097,0.39400513156471223,-4.290233461432795,0.9781804166183807,0.38536112837311925,-4.1040531773706626,0.9497789234694411,0.391080465048922,-4.226777777085079
NQ,RTH,B1,1h,S-C_q0.90,M1_EWMA,1091,0.4127900439263054,0.06652680806266653,0.8024131000478303,17,63,0.5266055045871559,0.33119575928289824,0.935730999945097,0.4267305202979512,0.07109608217166036,0.9781804166183807,0.41736856106468734,0.06801077483502796,0.9497789234694411,0.4235629360103436,0.07004451922311689
NQ,RTH,B1,1h,S-C_q0.90,M2_HAR,1091,0.6427915160596119,0.3559832180452617,3.8714294774019806,17,63,0.5192660550458715,0.18613782571384607,0.935730999945097,0.6644994522692439,0.3804332848501851,0.9781804166183807,0.6499211259326902,0.3639238856119341,0.9497789234694411,0.6595669294614956,0.3748063988879569
NQ,RTH,B1,1h,S-C_q0.90,M3_HARJ,1091,0.6429456415238265,0.3571339450600034,3.6564280874171486,17,63,0.5394495412844037,0.18622072324270914,0.935730999945097,0.6646587827582011,0.3816630474794122,0.9781804166183807,0.6500769609005369,0.36510028108580783,0.9497789234694411,0.6597250772538109,0.3760179724302906
NQ,RTH,B1,1h,S-C_q0.90,M4_HARQ,1091,0.6046958259364181,0.2825421754317091,2.497290007667116,17,63,0.5229357798165137,0.37725912074629325,0.935730999945097,0.6251172193240078,0.3019480763684082,0.9781804166183807,0.611402892260557,0.28884464525314435,0.9497789234694411,0.6204770274753882,0.29748204392619354
NQ,RTH,B1,1h,S-C_q0.90,M5_RGARCH,1091,0.5255898821527338,-1.746219592691483,3.568694089578431,17,63,0.5082568807339449,1.5728604888113873,0.935730999945097,0.5433397611557128,-1.8661555434135884,0.9781804166183807,0.5314195340995381,-1.7851712864261304,0.9497789234694411,0.539306596410272,-1.8385537408144719
NQ,RTH,B1,1h,S-C_q0.90,M6_PARK,1091,0.5268654082528872,-0.08075802449264691,2.9833364572581837,17,63,0.5697247706422018,0.33258447342546466,0.935730999945097,0.5446583634921326,-0.0863047440956699,0.9781804166183807,0.5327092078716035,-0.08255943701248027,0.9497789234694411,0.5406154108739154,-0.08502823393642645
NQ,RTH,B1,1h,S-C_q0.90,M6_GK,1091,0.5408887775516414,-0.04282929020213033,2.9561703753484148,17,63,0.5697247706422018,0.3231181648730591,0.935730999945097,0.5591553208806108,-0.04577094293621061,0.9781804166183807,0.5468881192858155,-0.04378465309108657,0.9497789234694411,0.5550047585830818,-0.04509395728184776
NQ,RTH,B1,30min,S-A,M1_EWMA,22312,0.7616151014177194,0.5342176822589326,1.1651025225400462,354,63,0.4736676975482946,0.3775079401607791,0.9264306788654363,0.7912779843255252,0.5766407508364989,0.9605987174182957,0.7770778778925139,0.5561299141588442,0.8653811737464322,0.8187132616981198,0.6173206656971547
NQ,RTH,B1,30min,S-A,M2_HAR,22312,0.8443427094918284,0.6657961083424142,4.914618390165152,354,63,0.430056922594236,0.2770223580093727,0.9264306788654363,0.877227612744264,0.7186680272265906,0.9605987174182957,0.8614850725577543,0.6931053480185849,0.8653811737464322,0.9076429450943132,0.7693674516398724
NQ,RTH,B1,30min,S-A,M3_HARJ,22312,0.8441902652033517,0.6656801533625054,4.891201153091746,354,63,0.4296983550714894,0.27716296299602416,0.9264306788654363,0.8770692311561321,0.7185428640788732,0.9605987174182957,0.8613295332519214,0.6929846368643785,0.8653811737464322,0.9074790720823237,0.769233458685754
NQ,RTH,B1,30min,S-A,M4_HARQ,22312,0.8471195176936994,0.6849644497300496,5.005612771641148,354,63,0.43099816234144595,0.2878577682803712,0.9264306788654363,0.8801125702414893,0.7393585568311478,0.9605987174182957,0.8643182572212513,0.7130599253463084,0.8653811737464322,0.9106279301554445,0.7915176231124632
NQ,RTH,B1,30min,S-A,M5_RGARCH,22312,0.7882988135600565,-0.15997187193474027,4.924819965311007,354,63,0.42252700461655684,2.2893687275576116,0.9264306788654363,0.819000956098285,-0.17267549055116743,0.9605987174182957,0.8043033391094251,-0.16653350565018507,0.8653811737464322,0.8473974473997956,-0.18485712052434145
NQ,RTH,B1,30min,S-A,M6_PARK,22312,0.7877999363997246,0.5173151560129428,4.0210003841840445,354,63,0.4588767872349962,0.6715171378226571,0.9264306788654363,0.8184826489991759,0.5583959683270404,0.9605987174182957,0.8037943334392931,0.538534089867701,0.8653811737464322,0.8468611694998934,0.5977887799122872
NQ,RTH,B1,30min,S-A,M6_GK,22312,0.7969510574848977,0.5584536920817675,4.266458303975367,354,63,0.4612522970731926,0.5994556048822118,0.9264306788654363,0.8279901819158888,0.6028013804181055,0.9605987174182957,0.8131312461921608,0.5813600226145077,0.8653811737464322,0.856698348644438,0.6453268328730729
NQ,RTH,B1,30min,S-B_q0.80,M1_EWMA,4463,0.4600594009107487,-0.8832213108299747,0.6336334434348138,70,63,0.4679515912147019,0.6375869714604616,0.9264306788654363,0.477977491182919,-0.9533593079102493,0.9605987174182957,0.4693998087731568,-0.9194487717032556,0.8653811737464322,0.4945499793706676,-1.020615351506098
NQ,RTH,B1,30min,S-B_q0.80,M2_HAR,4463,0.5631775200419491,-0.481577580617933,1.5797240392506202,70,63,0.43702375616315553,0.49560543423027886,0.9264306788654363,0.5851117868418276,-0.5198204157138906,0.9605987174182957,0.5746114951454201,-0.5013306512757174,0.8653811737464322,0.6053988471214878,-0.556491861884485
NQ,RTH,B1,30min,S-B_q0.80,M3_HARJ,4463,0.5636082272380063,-0.48186899164105856,1.578610505278919,70,63,0.43612729717615417,0.4956158542244005,0.9264306788654363,0.5855592689378315,-0.5201349681459003,0.9605987174182957,0.575050946822891,-0.5016340152276376,0.8653811737464322,0.6058618443659811,-0.556828604850436
NQ,RTH,B1,30min,S-B_q0.80,M4_HARQ,4463,0.5446417049085722,-0.56555228935895,1.5278252073589278,70,63,0.43881667413715825,0.5734533127411657,0.9264306788654363,0.5658540509995801,-0.6104636884991329,0.9605987174182957,0.5556993545352348,-0.5887497860489839,0.8653811737464322,0.5854734049423193,-0.6535296890161654
NQ,RTH,B1,30min,S-B_q0.80,M5_RGARCH,4463,0.4636811601254386,-7.686333657751041,1.251448721006753,70,63,0.42312864186463467,4.7554339839978095,0.9264306788654363,0.4817403082880126,-8.296717534402244,0.9605987174182957,0.4730950991626855,-8.001607245956796,0.8653811737464322,0.49844326128462174,-8.882020883901543
NQ,RTH,B1,30min,S-B_q0.80,M6_PARK,4463,0.4501221960305681,-1.8900237537207611,1.2440833016469617,70,63,0.46750336172120127,1.2778716692177707,0.9264306788654363,0.46765325859774276,-2.040113520458325,0.9605987174182957,0.45926085267039607,-1.9675476548629873,0.8653811737464322,0.48386778385685647,-2.1840361346647024
NQ,RTH,B1,30min,S-B_q0.80,M6_GK,4463,0.4618489345210666,-1.6811136261590596,1.2418831282913465,70,63,0.45943523083818916,1.167869858924077,0.9264306788654363,0.479836722368618,-1.8146135102281524,0.9605987174182957,0.47122567459138254,-1.7500685725223735,0.8653811737464322,0.49647367402469234,-1.942627916067478
NQ,RTH,B1,30min,S-C_q0.80,M1_EWMA,4463,0.4589509845901763,0.09981084827250197,0.91664773448181,70,63,0.49843119677274766,0.36454791422662175,0.9264306788654363,0.47682590499416905,0.10773698512956895,0.9605987174182957,0.468268888705253,0.10390483191644637,0.8653811737464322,0.4933584652588202,0.1153374389234724
NQ,RTH,B1,30min,S-C_q0.80,M2_HAR,4463,0.6909182034076902,0.4438309137628704,3.965252763660204,70,63,0.5082922456297624,0.18879235737316596,0.9264306788654363,0.7178276301357105,0.47907622651962795,0.9605987174182957,0.7049456481389891,0.46203571347222905,0.8653811737464322,0.7427162287427754,0.5128733178252831
NQ,RTH,B1,30min,S-C_q0.80,M3_HARJ,4463,0.6910089819809955,0.4440382830043159,3.9774402898250543,70,63,0.5082922456297624,0.18894093131640077,0.9264306788654363,0.717921944293047,0.4793000632795455,0.9605987174182957,0.705038269754515,0.46225158846527803,0.8653811737464322,0.7428138129709567,0.5131129454572868
NQ,RTH,B1,30min,S-C_q0.80,M4_HARQ,4463,0.6922935342464164,0.4311489226177003,4.096673398225083,70,63,0.5085163603765128,0.2283608968248154,0.9264306788654363,0.7192565264533153,0.46538713845887714,0.9605987174182957,0.7063489017871483,0.4488335397495177,0.8653811737464322,0.7441946679107903,0.49821851421976104
NQ,RTH,B1,30min,S-C_q0.80,M5_RGARCH,4463,0.6065780465694873,-1.8874360689906906,3.8665765482980117,70,63,0.47870909905871806,1.924265184723098,0.9264306788654363,0.6302026484666178,-2.0373203436032155,0.9605987174182957,0.618893165756544,-1.964853829977373,0.8653811737464322,0.6520531040639171,-2.1810459093067047
NQ,RTH,B1,30min,S-C_q0.80,M6_PARK,4463,0.5848396981902014,0.09506892296662106,3.212696884901566,70,63,0.5316001792917974,0.35395075963350087,0.9264306788654363,0.6076176492247327,0.10261849605741498,0.9605987174182957,0.5967134721081131,0.09896840506109379,0.8653811737464322,0.6286850352422697,0.10985785899992027
NQ,RTH,B1,30min,S-C_q0.80,M6_GK,4463,0.603896070229631,0.15940832366479152,3.350776627331631,70,63,0.5340654415060511,0.32658739859414915,0.9264306788654363,0.627416216280255,0.17206719002442009,0.9605987174182957,0.6161567382896332,0.1659468420832553,0.8653811737464322,0.6491700603940718,0.18420590660029798
NQ,RTH,B1,30min,S-B_q0.90,M1_EWMA,2232,0.39644233571506576,-1.9710654460314383,0.5689963015275681,35,63,0.48543254146122816,0.8755789929426587,0.9264306788654363,0.41188271046882646,-2.1275908613533026,0.9605987174182957,0.4044911509379999,-2.051913468434428,0.8653811737464322,0.42616355314426163,-2.2776846848865997
NQ,RTH,B1,30min,S-B_q0.90,M2_HAR,2232,0.5015689816407006,-1.4119253796199454,1.4495943647466514,35,63,0.45629762438368443,0.6851350565157439,0.9264306788654363,0.5211037596997237,-1.5240486005375768,0.9605987174182957,0.5117521424464194,-1.4698389181849365,0.8653811737464322,0.5391715266166184,-1.6315647051892739
NQ,RTH,B1,30min,S-B_q0.90,M3_HARJ,2232,0.502252883716029,-1.4127127470594671,1.4488337586826947,35,63,0.4554011653966831,0.6850404859275452,0.9264306788654363,0.5218142979422488,-1.5248984940671024,0.9605987174182957,0.5124499295207476,-1.4706585814066802,0.8653811737464322,0.5399067007193009,-1.6324745556267557
NQ,RTH,B1,30min,S-B_q0.90,M4_HARQ,2232,0.4763653372280402,-1.502001638151056,1.353867698750834,35,63,0.45674585387718514,0.8064126100351521,0.9264306788654363,0.4949185003589046,-1.6212779568035236,0.9605987174182957,0.48603679820115625,-1.5636098725884564,0.8653811737464322,0.5120783690815874,-1.7356532401190896
NQ,RTH,B1,30min,S-B_q0.90,M5_RGARCH,2232,0.42094229818149476,-11.998198150024017,1.1652490052634137,35,63,0.44105782160466156,5.986164286607282,0.9264306788654363,0.43733688132284454,-12.950993985559442,0.9605987174182957,0.4294885266549725,-12.490333301995618,0.8653811737464322,0.45250027381200253,-13.864639668645765
NQ,RTH,B1,30min,S-B_q0.90,M6_PARK,2232,0.4097524741217963,-3.1239996313943257,1.3291051345902636,35,63,0.4813984760197221,1.5620812287445498,0.9264306788654363,0.42571124337208227,-3.3720813684842206,0.9605987174182957,0.41807151993055885,-3.2521380413565244,0.8653811737464322,0.44047155046251735,-3.6099694864747516
NQ,RTH,B1,30min,S-B_q0.90,M6_GK,2232,0.4212556708891019,-2.871587796655015,1.3297189826661922,35,63,0.4831913939937248,1.440107603708014,0.9264306788654363,0.43766245906408996,-3.0996251119098703,0.9605987174182957,0.4298082616473111,-2.9893729239746354,0.8653811737464322,0.45283714002053044,-3.3182924285529087
NQ,RTH,B1,30min,S-C_q0.90,M1_EWMA,2232,0.4248181028449237,0.013948012559187428,0.8530986421756012,35,63,0.5132227700582699,0.3642495697909694,0.9264306788654363,0.4413636382713461,0.015055646231695412,0.9605987174182957,0.433443020279609,0.014520124070823344,0.8653811737464322,0.4566666469206685,0.016117767502155503
NQ,RTH,B1,30min,S-C_q0.90,M2_HAR,2232,0.6829338516122611,0.4283316168105472,4.3136117940257925,35,63,0.5271178843567906,0.1594766329284047,0.9264306788654363,0.7095323090698957,0.462346105954855,0.9605987174182957,0.6967991931409331,0.44590067532229366,0.8653811737464322,0.7341332913918579,0.4949629478952056
NQ,RTH,B1,30min,S-C_q0.90,M3_HARJ,2232,0.6835570105886043,0.4292719316710848,4.298761529323961,35,63,0.5271178843567906,0.15939254831800387,0.9264306788654363,0.7101797384312587,0.4633610927012882,0.9605987174182957,0.6974350038726598,0.4468795594739036,0.8653811737464322,0.7348031684953039,0.4960495382776457
NQ,RTH,B1,30min,S-C_q0.90,M4_HARQ,2232,0.6744733384113607,0.39437026169628275,3.914877356238817,35,63,0.5298072613177948,0.2409144313820249,0.9264306788654363,0.7007422813780785,0.42568782607593775,0.9605987174182957,0.6881669094167802,0.41054631298716693,0.8653811737464322,0.7250384948923462,0.4557185592436268
NQ,RTH,B1,30min,S-C_q0.90,M5_RGARCH,2232,0.5860262098434581,-2.464211162563497,4.70777184749643,35,63,0.4813984760197221,1.9329975646358188,0.9264306788654363,0.6088503723517034,-2.659898056896519,0.9605987174182957,0.5979240730479988,-2.5652867507321986,0.8653811737464322,0.6299604994811909,-2.8475442236573807
NQ,RTH,B1,30min,S-C_q0.90,M6_PARK,2232,0.562333607964857,0.017709517628994642,3.4511465785431126,35,63,0.5463917525773195,0.29779443346743306,0.9264306788654363,0.5842350066334699,0.019115858350764896,0.9605987174182957,0.573750449448225,0.018435916379933054,0.8653811737464322,0.6044916670932342,0.02046441286944816
NQ,RTH,B1,30min,S-C_q0.90,M6_GK,2232,0.5828360546314132,0.07534124942768716,3.644679327072161,35,63,0.5423576871358136,0.2850111410789852,0.9264306788654363,0.6055359690774332,0.0813242168533912,0.9605987174182957,0.5946691493500456,0.078431553219407,0.8653811737464322,0.6265311788517618,0.08706134558199104
