root,geom,btag,horizon,scheme,model,n,ic_pearson_log,ic_spearman,lam_E2,lam_E4,ic_corrected_E2,ic_corrected_E4,r2_oos,r2_corrected_E2,r2_corrected_E4,ic_ir,ic_ir_n_blocks,ic_ir_block_len_windows,hit_rate,qlike_mean
ES,GLOBEX,B0,1day,S-A,M1_EWMA,1453,0.706805514561046,0.7054630055813567,0.8455309763227498,0.9980157499857758,0.7686615686692684,0.7075077992915602,0.45449482263504126,0.5375259279224265,0.45539844700999854,1.239918536675955,23,63,0.5172176308539945,0.29205902427325614
ES,GLOBEX,B0,1day,S-A,M2_HAR,1453,0.8382523624190857,0.8342060145482041,0.8455309763227498,0.9980157499857758,0.911611981745686,0.839085253253009,0.6813217952074162,0.8057916436965015,0.6826763958556032,4.114699182418259,23,63,0.39944903581267216,0.16273511767904392
ES,GLOBEX,B0,1day,S-A,M3_HARJ,1453,0.7532021967406761,0.8022848016948846,0.8455309763227498,0.9980157499857758,0.8191186544878366,0.7539505813965163,0.555470546021137,0.6569487831621522,0.5565749298335761,3.614354953379316,23,63,0.41391184573002754,0.5550262187426538
ES,GLOBEX,B0,1day,S-A,M4_HARQ,1453,0.747856745723912,0.8061950458972749,0.8455309763227498,0.9980157499857758,0.8133053965559961,0.7485998191186635,0.5492192935790389,0.6495554970293542,0.5503112486820639,3.507124923353638,23,63,0.40082644628099173,0.577422236938575
ES,GLOBEX,B0,1day,S-A,M5_RGARCH,1453,0.8323390414197648,0.8264052845757219,0.8455309763227498,0.9980157499857758,0.9051811567142687,0.8331660567547582,0.6548360075176256,0.7744671997299677,0.6561379492527635,3.767925753686671,23,63,0.40426997245179064,0.16539181443101078
ES,GLOBEX,B0,1day,S-A,M6_PARK,1453,0.7620380344216118,0.7502083096237228,0.8455309763227498,0.9980157499857758,0.8287277601221538,0.7627951984004153,0.31983161904763213,0.3782612677758933,0.3204675067023647,3.259959331913783,23,63,0.5075757575757576,0.5464143507156587
ES,GLOBEX,B0,1day,S-A,M6_GK,1453,0.772324492502007,0.7659663534746507,0.8455309763227498,0.9980157499857758,0.8399144371375952,0.7730918771458903,0.3930615556450948,0.4648694922503446,0.39384303870023785,3.5097838718226724,23,63,0.49242424242424243,0.46873984026456567
ES,GLOBEX,B0,1day,S-B_q0.80,M1_EWMA,291,0.47469482200858004,0.2859356510136402,0.8455309763227498,0.9980157499857758,0.5162377188736266,0.4751664806449134,-0.7526767221643824,-0.890182315304172,-0.7541731903280183,1.8910403698426215,4,63,0.5310344827586206,0.5594526055852151
ES,GLOBEX,B0,1day,S-B_q0.80,M2_HAR,291,0.6975809132978136,0.4867045858514042,0.8455309763227498,0.9980157499857758,0.7586296768245248,0.6982740324283447,-0.01178363945547356,-0.013936378187728983,-0.011807067629585511,2.1301678207996715,4,63,0.4379310344827586,0.3149798642097884
ES,GLOBEX,B0,1day,S-B_q0.80,M3_HARJ,291,0.023293781583876204,0.24781252961538033,0.8455309763227498,0.9980157499857758,0.025332335874064773,0.023316926376588307,-1.466444883955203,-1.7343479127551709,-1.4693604624737668,0.6305932337832019,4,63,0.4379310344827586,2.2606607385894244
ES,GLOBEX,B0,1day,S-B_q0.80,M4_HARQ,291,-0.024881331408207114,0.2199808733022452,0.8455309763227498,0.9980157499857758,-0.027058820052769387,-0.024906053596649144,-1.505729679456011,-1.7808095996724964,-1.5087233638121156,0.47901162714243994,4,63,0.4379310344827586,2.291043030587302
ES,GLOBEX,B0,1day,S-B_q0.80,M5_RGARCH,291,0.6780283857678442,0.5031254108858577,0.8455309763227498,0.9980157499857758,0.7373660106914597,0.6787020774303599,0.19970578728258714,0.2361897941943134,0.20010284134837897,2.267942931095262,4,63,0.46551724137931033,0.23732778554986353
ES,GLOBEX,B0,1day,S-B_q0.80,M6_PARK,291,0.6222904416789566,0.49725156760668354,0.8455309763227498,0.9980157499857758,0.67675016283072,0.622908751901688,-0.6078840191585886,-0.7189376098345942,-0.6090926111809883,2.681004480799743,4,63,0.5379310344827586,0.5811246999012486
ES,GLOBEX,B0,1day,S-B_q0.80,M6_GK,291,0.6044919261525852,0.48720324910274704,0.8455309763227498,0.9980157499857758,0.6573940109860622,0.605092551700505,-0.5549545322492189,-0.6563384994630709,-0.5560578901256101,2.6464949102549027,4,63,0.506896551724138,0.5581116971061211
ES,GLOBEX,B0,1day,S-C_q0.80,M1_EWMA,291,0.5163440342693888,0.3745725569639979,0.8455309763227498,0.9980157499857758,0.5615318601482807,0.5168570757263229,0.10177793492662479,0.12037162182899716,0.10198028931715294,1.949174453682173,4,63,0.5655172413793104,0.40980820804028023
ES,GLOBEX,B0,1day,S-C_q0.80,M2_HAR,291,0.7212179508650285,0.5761781162800891,0.8455309763227498,0.9980157499857758,0.7843353087144986,0.7219345558487626,0.50365273976931,0.5956644450327736,0.504654099673766,2.9501251885964552,4,63,0.43103448275862066,0.18448492636394573
ES,GLOBEX,B0,1day,S-C_q0.80,M3_HARJ,291,0.021194859583631695,0.34417072910255575,0.8455309763227498,0.9980157499857758,0.023049726805537143,0.021215918879214892,-0.36989580489255713,-0.4374716187232427,-0.37063122991578945,0.526856095260096,4,63,0.43448275862068964,2.1322161013664913
ES,GLOBEX,B0,1day,S-C_q0.80,M4_HARQ,291,-0.07862519259663828,0.2746079783796086,0.8455309763227498,0.9980157499857758,-0.08550607293406384,-0.07870331489627631,-0.4947448108646655,-0.5851291374519852,-0.49572846006860793,0.26019398314542097,4,63,0.4517241379310345,2.1955950326899023
ES,GLOBEX,B0,1day,S-C_q0.80,M5_RGARCH,291,0.7303440319837919,0.5879449132939534,0.8455309763227498,0.9980157499857758,0.7942600584285813,0.7310697046775072,0.45182410979954357,0.5343673058136154,0.45272242427635356,2.988389238750048,4,63,0.46206896551724136,0.1761355812096989
ES,GLOBEX,B0,1day,S-C_q0.80,M6_PARK,291,0.6488525524817013,0.5449143342449158,0.8455309763227498,0.9980157499857758,0.7056368556142143,0.6494972549218712,0.27594876185343664,0.32636150487773913,0.2764974018269447,2.743930316856879,4,63,0.5689655172413793,0.315793452853847
ES,GLOBEX,B0,1day,S-C_q0.80,M6_GK,291,0.6199848925642145,0.5150933289180859,0.8455309763227498,0.9980157499857758,0.6742428436846853,0.6206009119843059,0.27023364778372294,0.3196023035832236,0.27077092499549676,2.5047841645683713,4,63,0.5517241379310345,0.29247252631367565
ES,GLOBEX,B0,1day,S-B_q0.90,M1_EWMA,146,0.5018194628581024,0.3246584982599559,0.8455309763227498,0.9980157499857758,0.5457361714966694,0.5023180726439342,-1.425481821667275,-1.6859013585365688,-1.428315957626512,,2,63,0.5655172413793104,0.8519669004646874
ES,GLOBEX,B0,1day,S-B_q0.90,M2_HAR,146,0.7236249829816306,0.4805047574060328,0.8455309763227498,0.9980157499857758,0.786952992142922,0.7243439796019132,-0.35888690253891387,-0.4244515134143616,-0.35960043971653644,,2,63,0.4413793103448276,0.4701006407179665
ES,GLOBEX,B0,1day,S-B_q0.90,M3_HARJ,146,-0.23252092688988568,0.03769651310485946,0.8455309763227498,0.9980157499857758,-0.2528699857733992,-0.23275196059451259,-3.199533995964593,-3.784052962647806,-3.2058952937468117,,2,63,0.42758620689655175,4.35232191126597
ES,GLOBEX,B0,1day,S-B_q0.90,M4_HARQ,146,-0.2836338061889119,0.014848464359098675,0.8455309763227498,0.9980157499857758,-0.308456006498764,-0.28391562585081387,-3.1633841899505732,-3.741298992626226,-3.1696736148659572,,2,63,0.42758620689655175,4.388162669951575
ES,GLOBEX,B0,1day,S-B_q0.90,M5_RGARCH,146,0.6978482667754713,0.49565133564053876,0.8455309763227498,0.9980157499857758,0.7589204277302435,0.698541651549466,0.0023113746366636434,0.002733636852331431,0.002315970100368242,,2,63,0.4482758620689655,0.339216510148646
ES,GLOBEX,B0,1day,S-B_q0.90,M6_PARK,146,0.6524578549682635,0.531084611454407,0.8455309763227498,0.9980157499857758,0.7095576759923196,0.6531061396511196,-0.6633462634156841,-0.7845321839072121,-0.6646651251998162,,2,63,0.5448275862068965,0.6715190808002435
ES,GLOBEX,B0,1day,S-B_q0.90,M6_GK,146,0.6219000228498102,0.5030163978676025,0.8455309763227498,0.9980157499857758,0.6763255765145872,0.6225179451508621,-0.6875980720124113,-0.8132145258625587,-0.6889651511233278,,2,63,0.5241379310344828,0.6783052310266019
ES,GLOBEX,B0,1day,S-C_q0.90,M1_EWMA,146,0.5590337978950669,0.40504564603356696,0.8455309763227498,0.9980157499857758,0.607957616595601,0.5595892560685177,0.1060616387327371,0.12543791026320963,0.10627250996214113,,2,63,0.5517241379310345,0.4776731678841445
ES,GLOBEX,B0,1day,S-C_q0.90,M2_HAR,146,0.7529214537217022,0.5560602701165492,0.8455309763227498,0.9980157499857758,0.8188133422556712,0.7536695594301779,0.5446771626780729,0.6441835697692556,0.5457600871387409,,2,63,0.45517241379310347,0.1666753998928708
ES,GLOBEX,B0,1day,S-C_q0.90,M3_HARJ,146,-0.2670542832851878,0.14809501124485294,0.8455309763227498,0.9980157499857758,-0.2904255273635253,-0.26731962946812765,-1.0471630455523298,-1.2384679862427825,-1.049245009978304,,2,63,0.43448275862068964,4.059406829176648
ES,GLOBEX,B0,1day,S-C_q0.90,M4_HARQ,146,-0.39254245719247743,0.03290175579717562,0.8455309763227498,0.9980157499857758,-0.42689579339550915,-0.39293248891702615,-1.1592409298387198,-1.3710212426282808,-1.1615457269639702,,2,63,0.46206896551724136,4.022841963736936
ES,GLOBEX,B0,1day,S-C_q0.90,M5_RGARCH,146,0.7790883739702326,0.5913315916824927,0.8455309763227498,0.9980157499857758,0.8472702594006517,0.7798624792332626,0.5217496577638692,0.61706746692236,0.5227869978718326,,2,63,0.4482758620689655,0.15755067470127354
ES,GLOBEX,B0,1day,S-C_q0.90,M6_PARK,146,0.6897554431566149,0.589368860439783,0.8455309763227498,0.9980157499857758,0.7501193610015873,0.6904407868693315,0.3737295231856991,0.4420057143394849,0.37447257038881965,,2,63,0.5862068965517241,0.3187670388663597
ES,GLOBEX,B0,1day,S-C_q0.90,M6_GK,146,0.6624406891987289,0.5768906712425169,0.8455309763227498,0.9980157499857758,0.7204141575297058,0.6630988928648172,0.363975881009894,0.43047019116063684,0.3646995360695275,,2,63,0.5586206896551724,0.30003857998843153
ES,GLOBEX,B1,1day,S-A,M1_EWMA,1453,0.7066356683356527,0.7063535001562519,0.8444522596248096,0.9980312144245638,0.7689675339678141,0.7073323042050264,0.45099829037898176,0.5340719800777849,0.4518879608780718,1.2231609281787486,23,63,0.5241046831955923,0.29182616249638843
ES,GLOBEX,B1,1day,S-A,M2_HAR,1453,0.8387622899925371,0.8347172727156152,0.8444522596248096,0.9980312144245638,0.9127489576628492,0.8395891827227937,0.6818729217028153,0.8074736184681082,0.6832180315081264,4.13635581409662,23,63,0.4015151515151515,0.16299949172333142
ES,GLOBEX,B1,1day,S-A,M3_HARJ,1453,0.7404852762455731,0.7906620934197088,0.8444522596248096,0.9980312144245638,0.805802993436731,0.7412152827075887,0.5362608779073581,0.6350398992900071,0.5373187432985759,3.3880046733066482,23,63,0.41391184573002754,0.5729182173749077
ES,GLOBEX,B1,1day,S-A,M4_HARQ,1453,0.7416720917271701,0.7980567776258918,0.8444522596248096,0.9980312144245638,0.8070944971281707,0.7424032682097095,0.5319009236569727,0.6298768433555929,0.5329501883001241,3.4820349056456523,23,63,0.40289256198347106,0.5852951360882828
ES,GLOBEX,B1,1day,S-A,M5_RGARCH,1453,0.8389274718034107,0.8352505312497879,0.8444522596248096,0.9980312144245638,0.9129287100521717,0.8397545273779441,0.6717216558955728,0.7954524938970723,0.6730467406100803,3.793505258338898,23,63,0.41046831955922863,0.15661215215976143
ES,GLOBEX,B1,1day,S-A,M6_PARK,1453,0.7629174875316286,0.7507724934810371,0.8444522596248096,0.9980312144245638,0.8302139352657946,0.7636696087604349,0.3348898011095848,0.39657635738742225,0.33555042795196804,3.277085907462022,23,63,0.5117079889807162,0.5270060324306882
ES,GLOBEX,B1,1day,S-A,M6_GK,1453,0.7731855146139467,0.7664759921271546,0.8444522596248096,0.9980312144245638,0.8413876982359003,0.7739477585641125,0.4062329263078639,0.48106085533876514,0.40703428954582965,3.5253818033025563,23,63,0.49104683195592286,0.4514351920761699
ES,GLOBEX,B1,1day,S-B_q0.80,M1_EWMA,291,0.4646795349724761,0.30081811939673436,0.8444522596248096,0.9980312144245638,0.5056686098717658,0.4651376386973958,-0.7134622404885311,-0.844881676088501,-0.714869665574431,2.5087567744820687,4,63,0.5310344827586206,0.5491193882763665
ES,GLOBEX,B1,1day,S-B_q0.80,M2_HAR,291,0.7009062524811472,0.49961626304486506,0.8444522596248096,0.9980312144245638,0.7627327301245662,0.7015972400132324,-0.019915224262220033,-0.023583599943315176,-0.01995451041448897,2.43181809919509,4,63,0.44482758620689655,0.3134453816689181
ES,GLOBEX,B1,1day,S-B_q0.80,M3_HARJ,291,0.0015167858256472009,0.24921394741231342,0.8444522596248096,0.9980312144245638,0.0016505805016217227,0.0015182811470124415,-1.599813097514974,-1.8944979769795056,-1.6029689997595722,0.5514483875743781,4,63,0.4482758620689655,2.3232867595516926
ES,GLOBEX,B1,1day,S-B_q0.80,M4_HARQ,291,-0.02525852087018607,0.20420191442013885,0.8444522596248096,0.9980312144245638,-0.027486558315077313,-0.025283421950663562,-1.5772497995265145,-1.86777852927682,-1.580361191844998,0.522247698792409,4,63,0.4379310344827586,2.2762712808963554
ES,GLOBEX,B1,1day,S-B_q0.80,M5_RGARCH,291,0.6928163074085819,0.5251123696730932,0.8444522596248096,0.9980312144245638,0.7539291763398588,0.6934993194786697,0.24812679194746345,0.29383163952655683,0.2486162640619675,2.625136027526129,4,63,0.4724137931034483,0.20736735195006295
ES,GLOBEX,B1,1day,S-B_q0.80,M6_PARK,291,0.6263533359397883,0.5048155243120723,0.8444522596248096,0.9980312144245638,0.6816035500508457,0.6269708255745037,-0.6186197858909182,-0.7325692824432385,-0.6198401181746571,2.752934875592972,4,63,0.5482758620689655,0.569707543115283
ES,GLOBEX,B1,1day,S-B_q0.80,M6_GK,291,0.6095722723994258,0.4960934798805936,0.8444522596248096,0.9980312144245638,0.6633422399780285,0.6101732184441241,-0.5539537801612271,-0.6559918264738245,-0.5550465477982279,2.7967326130900916,4,63,0.503448275862069,0.5406313824092048
ES,GLOBEX,B1,1day,S-C_q0.80,M1_EWMA,291,0.4961748047019448,0.3489254878280391,0.8444522596248096,0.9980312144245638,0.5399420565441699,0.496663957998224,0.11538522487077452,0.1366391333028586,0.11561284176597857,1.8448219018341596,4,63,0.5620689655172414,0.40759783881769596
ES,GLOBEX,B1,1day,S-C_q0.80,M2_HAR,291,0.7199711852281638,0.5772070962118151,0.8444522596248096,0.9980312144245638,0.7834793679984584,0.720680967899801,0.5010535318015352,0.5933473752846057,0.5020419447406045,2.855470375547885,4,63,0.42758620689655175,0.18349996597615023
ES,GLOBEX,B1,1day,S-C_q0.80,M3_HARJ,291,0.004334374779027044,0.3238547826345092,0.8444522596248096,0.9980312144245638,0.004716707115805453,0.004338647816856411,-0.45686155725321664,-0.5410152581700716,-0.4577627940390922,0.4051548894475586,4,63,0.4413793103448276,2.204402492353727
ES,GLOBEX,B1,1day,S-C_q0.80,M4_HARQ,291,-0.0978673414028109,0.24369006801717036,0.8444522596248096,0.9980312144245638,-0.10650015495504056,-0.09796382379609571,-0.5545804614118044,-0.6567339421392568,-0.5556744652836931,0.18492788935859406,4,63,0.4413793103448276,2.1834911755219077
ES,GLOBEX,B1,1day,S-C_q0.80,M5_RGARCH,291,0.730819774871353,0.5780753741191825,0.8444522596248096,0.9980312144245638,0.7952849045695184,0.7315402526112074,0.45062905554284305,0.5336347323447955,0.45151799766369316,2.991990445226682,4,63,0.45517241379310347,0.16772875187487507
ES,GLOBEX,B1,1day,S-C_q0.80,M6_PARK,291,0.6512859375168981,0.549973283285202,0.8444522596248096,0.9980312144245638,0.708735439947246,0.651928006924973,0.27821117847534893,0.32945755701921886,0.27875999713672034,2.580376380796903,4,63,0.5758620689655173,0.3061348768910926
ES,GLOBEX,B1,1day,S-C_q0.80,M6_GK,291,0.6197712742638247,0.5156061144685389,0.8444522596248096,0.9980312144245638,0.6744408890613277,0.6203822749814597,0.26414005733188506,0.3127945414572549,0.26466111832402023,2.406634589953667,4,63,0.5482758620689655,0.28727723231270835
ES,GLOBEX,B1,1day,S-B_q0.90,M1_EWMA,146,0.47774276329261217,0.2938679108866032,0.8444522596248096,0.9980312144245638,0.5198841369348888,0.47821374538445477,-1.4107945686107342,-1.670662316940866,-1.4135775997989781,,2,63,0.5448275862068965,0.8384452681884295
ES,GLOBEX,B1,1day,S-B_q0.90,M2_HAR,146,0.7175363194859826,0.46858569596946015,0.8444522596248096,0.9980312144245638,0.7808297243571776,0.7182437017483436,-0.37216767029997944,-0.44072079393254704,-0.37290183405191457,,2,63,0.4206896551724138,0.4637218273263429
ES,GLOBEX,B1,1day,S-B_q0.90,M3_HARJ,146,-0.2903169622924078,-0.005105726832753208,0.8444522596248096,0.9980312144245638,-0.31592562980698335,-0.29060317089817606,-3.464724456024861,-4.102925199778895,-3.4715592117251783,,2,63,0.42758620689655175,4.460649184567222
ES,GLOBEX,B1,1day,S-B_q0.90,M4_HARQ,146,-0.2889486425416519,-0.02574341839888085,0.8444522596248096,0.9980312144245638,-0.31443661147467017,-0.2892335021911449,-3.28559409355782,-3.890799102151269,-3.2920754842845263,,2,63,0.41379310344827586,4.34194441420569
ES,GLOBEX,B1,1day,S-B_q0.90,M5_RGARCH,146,0.7094396652152655,0.5065909594825178,0.8444522596248096,0.9980312144245638,0.7720188695603802,0.7101390654013747,0.07217857361158919,0.0854738356004378,0.0723209580706404,,2,63,0.43448275862068964,0.284437955975245
ES,GLOBEX,B1,1day,S-B_q0.90,M6_PARK,146,0.6533807156676942,0.5277915417465995,0.8444522596248096,0.9980312144245638,0.711014997095304,0.6540248502101285,-0.6523295966260501,-0.772488425711455,-0.6536164272198286,,2,63,0.5586206896551724,0.6433918371748433
ES,GLOBEX,B1,1day,S-B_q0.90,M6_GK,146,0.6236495969724802,0.5004945388641995,0.8444522596248096,0.9980312144245638,0.678661316054817,0.6242644211295947,-0.6753774921248492,-0.7997817335759391,-0.6767097885953923,,2,63,0.5241379310344828,0.6453089839911015
ES,GLOBEX,B1,1day,S-C_q0.90,M1_EWMA,146,0.5197414396833228,0.3832627996876597,0.8444522596248096,0.9980312144245638,0.5655874888335316,0.520253826116541,0.06746334265289844,0.07989006114196724,0.06759642552041407,,2,63,0.5586206896551724,0.4959952290909071
ES,GLOBEX,B1,1day,S-C_q0.90,M2_HAR,146,0.7508330861481719,0.5566656705195069,0.8444522596248096,0.9980312144245638,0.8170635768170048,0.7515732939853382,0.5397565037418991,0.6391794178888373,0.5408212648470191,,2,63,0.45517241379310347,0.16508082772578403
ES,GLOBEX,B1,1day,S-C_q0.90,M3_HARJ,146,-0.24505358414597325,0.12461489200055523,0.8444522596248096,0.9980312144245638,-0.2666695989667973,-0.2452951699083177,-1.2079000661749815,-1.4303947350577897,-1.2102828535993457,,2,63,0.43448275862068964,4.200935307883002
ES,GLOBEX,B1,1day,S-C_q0.90,M4_HARQ,146,-0.3967993029710024,0.00787944620770565,0.8444522596248096,0.9980312144245638,-0.4318007074344628,-0.39719048705606724,-1.250012559851415,-1.480264331824745,-1.252478421300817,,2,63,0.46206896551724136,3.9988075804308467
ES,GLOBEX,B1,1day,S-C_q0.90,M5_RGARCH,146,0.7598225605399256,0.5913200235219266,0.8444522596248096,0.9980312144245638,0.826846006808085,0.7605716306389175,0.4931806218104724,0.5840242786840225,0.4941535041013985,,2,63,0.4482758620689655,0.16307652290292876
ES,GLOBEX,B1,1day,S-C_q0.90,M6_PARK,146,0.7039910132609983,0.6044383176038484,0.8444522596248096,0.9980312144245638,0.7660895956155904,0.7046850419005509,0.4077941718481164,0.4829096816311433,0.4085986149072891,,2,63,0.6068965517241379,0.28917931799147706
ES,GLOBEX,B1,1day,S-C_q0.90,M6_GK,146,0.6737204355392682,0.5874254094646835,0.8444522596248096,0.9980312144245638,0.7331488702241242,0.6743846219685099,0.3871747022604992,0.45849211467859774,0.38793846992424286,,2,63,0.5655172413793104,0.27648901192795683
NQ,GLOBEX,B0,1day,S-A,M1_EWMA,1448,0.6859099795193132,0.6971558527630288,0.8763327212359883,0.9979673357818636,0.7327108245917022,0.6866081564052852,0.39973680679637025,0.45614730239968393,0.4005509924662955,1.1443448355390855,22,63,0.5348997926744989,0.2642388408653072
NQ,GLOBEX,B0,1day,S-A,M2_HAR,1448,0.8225777024558697,0.8341588954484902,0.8763327212359883,0.9979673357818636,0.8787036267930807,0.8234149912487417,0.6624642653806793,0.7559506216387004,0.663813575483077,2.860028921057016,22,63,0.40566689702833447,0.15484613015589893
NQ,GLOBEX,B0,1day,S-A,M3_HARJ,1448,0.7448272266202258,0.7972690310507896,0.8763327212359883,0.9979673357818636,0.7956480991539354,0.7455853744372809,0.5480462793533891,0.6253860732033596,0.5491625424032731,2.2163894966821114,22,63,0.4063579820317899,0.4342461180577883
NQ,GLOBEX,B0,1day,S-A,M4_HARQ,1448,0.749179712255521,0.8000244907086673,0.8763327212359883,0.9979673357818636,0.8002975625443,0.7499422903986507,0.5557034244276502,0.6341237876452686,0.5568352835839873,2.2623419750457834,22,63,0.40152038700760195,0.4383054267928967
NQ,GLOBEX,B0,1day,S-A,M5_RGARCH,1448,0.8043494811250569,0.821769471677479,0.8763327212359883,0.9979673357818636,0.8592316618400414,0.8051682157006328,0.4310879563553176,0.4919226977480733,0.43196599818327636,2.701021226274052,22,63,0.39668279198341394,0.4041415180383155
NQ,GLOBEX,B0,1day,S-A,M6_PARK,1448,0.7345625611477082,0.742469534468865,0.8763327212359883,0.9979673357818636,0.7846830574908923,0.735310260724631,0.33304983858816173,0.3800495297247659,0.33372819595065384,2.3352013151993525,22,63,0.5411195577055978,0.48669120578530856
NQ,GLOBEX,B0,1day,S-A,M6_GK,1448,0.743485764640512,0.7540852437458617,0.8763327212359883,0.9979673357818636,0.7942151068624348,0.7442425470047006,0.39091939909313433,0.4460855901189879,0.39171562542862803,2.5255276466834253,22,63,0.5044920525224602,0.4293984742115736
NQ,GLOBEX,B0,1day,S-B_q0.80,M1_EWMA,290,0.3638715027406414,0.23422321229782142,0.8763327212359883,0.9979673357818636,0.3886990957696223,0.36424188177034356,-0.8968637424220542,-1.0234283402736677,-0.8986904784006792,1.5461948715790765,4,63,0.5294117647058824,0.4447899987213178
NQ,GLOBEX,B0,1day,S-B_q0.80,M2_HAR,290,0.599931920914602,0.4356956148972209,0.8763327212359883,0.9979673357818636,0.6408663317309917,0.6005425820987896,-0.35695233068146437,-0.40732511982208686,-0.3576793727440066,2.166667255299473,4,63,0.4290657439446367,0.28820538492714237
NQ,GLOBEX,B0,1day,S-B_q0.80,M3_HARJ,290,-0.05925675326809933,0.2058299422695632,0.8763327212359883,0.9979673357818636,-0.06329994583272218,-0.05931706977712362,-2.0452548403819266,-2.3338793483567284,-2.0494206243529596,0.48649329715948836,4,63,0.43944636678200694,1.6711421977328527
NQ,GLOBEX,B0,1day,S-B_q0.80,M4_HARQ,290,-0.06414230425405333,0.20180396482074356,0.8763327212359883,0.9979673357818636,-0.06851884656079121,-0.0642075936879154,-2.0402621876893816,-2.3281821370446782,-2.0444178026036552,0.4272020481408405,4,63,0.42214532871972316,1.6888230292171014
NQ,GLOBEX,B0,1day,S-B_q0.80,M5_RGARCH,290,0.5493222944520499,0.43162750305366704,0.8763327212359883,0.9979673357818636,0.5868035213843019,0.5498814409003991,-2.0596364621295447,-2.350290491520861,-2.0638315386504207,2.216165958919915,4,63,0.44982698961937717,0.7837088090469159
NQ,GLOBEX,B0,1day,S-B_q0.80,M6_PARK,290,0.4789761655963082,0.384104987607587,0.8763327212359883,0.9979673357818636,0.5116575523508051,0.47946370783615894,-1.2141193141084372,-1.385454730477291,-1.2165922376179057,2.826722811503235,4,63,0.5813148788927336,0.5936664818369585
NQ,GLOBEX,B0,1day,S-B_q0.80,M6_GK,290,0.4761608550111173,0.3849613202174285,0.8763327212359883,0.9979673357818636,0.5086501481695705,0.4766455315909892,-1.1385458844782637,-1.2992164470047944,-1.140864879696952,3.210067245729696,4,63,0.5121107266435986,0.5627601127795894
NQ,GLOBEX,B0,1day,S-C_q0.80,M1_EWMA,290,0.3733685433133098,0.2576985006587064,0.8763327212359883,0.9979673357818636,0.3988441361349153,0.3737485892299373,-0.017805308190801394,-0.02031797713280478,-0.017841574120110573,2.2604231168279947,4,63,0.5570934256055363,0.3429074274289682
NQ,GLOBEX,B0,1day,S-C_q0.80,M2_HAR,290,0.6469276530518392,0.5231063881607514,0.8763327212359883,0.9979673357818636,0.6910686653822639,0.647586150446167,0.39265483399631684,0.44806592802162243,0.3934545950731835,3.9220325096100206,4,63,0.42214532871972316,0.15761090671924285
NQ,GLOBEX,B0,1day,S-C_q0.80,M3_HARJ,290,-0.09056728371705447,0.2798775184539337,0.8763327212359883,0.9979673357818636,-0.09674684887929252,-0.0906594707182712,-0.6193830788134664,-0.706789857098891,-0.6206446409673388,0.2307809065664303,4,63,0.4359861591695502,1.5414089721975344
NQ,GLOBEX,B0,1day,S-C_q0.80,M4_HARQ,290,-0.10825430905095879,0.2654647947368259,0.8763327212359883,0.9979673357818636,-0.1156406910800743,-0.10836449939465259,-0.6596845217502683,-0.7527786031084663,-0.6610281700587268,0.24228651753564867,4,63,0.4117647058823529,1.5735917793173395
NQ,GLOBEX,B0,1day,S-C_q0.80,M5_RGARCH,290,0.5972643179765328,0.4759506345354059,0.8763327212359883,0.9979673357818636,0.6380167135496004,0.597872263850012,0.06735356770577816,0.0768584420889614,0.06749075374597266,3.7117676129690844,4,63,0.4429065743944637,0.3464402338117959
NQ,GLOBEX,B0,1day,S-C_q0.80,M6_PARK,290,0.5808650596811687,0.5186081228424595,0.8763327212359883,0.9979673357818636,0.6204985049988089,0.5814563130098086,0.11174430213654019,0.1275135566990297,0.11197190341805469,3.402746702872979,4,63,0.615916955017301,0.31375991033468387
NQ,GLOBEX,B0,1day,S-C_q0.80,M6_GK,290,0.554530769850607,0.48416755129730105,0.8763327212359883,0.9979673357818636,0.5923673802259779,0.5550952179234303,0.13528495044548772,0.1543762399453492,0.13556049942205564,3.2679400165024064,4,63,0.5778546712802768,0.28057055776155954
NQ,GLOBEX,B0,1day,S-B_q0.90,M1_EWMA,145,0.34501102760514163,0.14939773264052902,0.8763327212359883,0.9979673357818636,0.36855173722206497,0.3453622088564308,-1.915810915184406,-2.186168413844376,-1.9197130472045483,,2,63,0.5347222222222222,0.6727385539958172
NQ,GLOBEX,B0,1day,S-B_q0.90,M2_HAR,145,0.6221412397880421,0.41616674539442605,0.8763327212359883,0.9979673357818636,0.6645910315185389,0.6227745074855531,-0.9041341628045996,-1.0317247557861355,-0.9059757072071404,,2,63,0.4722222222222222,0.4064032253247279
NQ,GLOBEX,B0,1day,S-B_q0.90,M3_HARJ,145,-0.33970265547804984,-0.023555912344865784,0.8763327212359883,0.9979673357818636,-0.3628811655222527,-0.3400484334215699,-4.60036829832963,-5.249568099934948,-4.609738348525649,,2,63,0.4375,3.179144683384214
NQ,GLOBEX,B0,1day,S-B_q0.90,M4_HARQ,145,-0.3477044869919146,-0.01293664423030362,0.8763327212359883,0.9979673357818636,-0.37142897608316117,-0.34805840987278097,-4.521093848098424,-5.1591065111911245,-4.530302431748776,,2,63,0.4305555555555556,3.1981041152837046
NQ,GLOBEX,B0,1day,S-B_q0.90,M5_RGARCH,145,0.5882133976644864,0.4382774366241537,0.8763327212359883,0.9979673357818636,0.6283482330154628,0.5888121307497758,-3.316192756218989,-3.784170870102623,-3.322947192075077,,2,63,0.4861111111111111,1.0868417573467883
NQ,GLOBEX,B0,1day,S-B_q0.90,M6_PARK,145,0.5184273523005969,0.47722649703465186,0.8763327212359883,0.9979673357818636,0.5538005629561883,0.5189550512774883,-1.5889759758905884,-1.813210824365295,-1.5922124090822025,,2,63,0.6527777777777778,0.7341746779068066
NQ,GLOBEX,B0,1day,S-B_q0.90,M6_GK,145,0.5123256747275395,0.4566131317902692,0.8763327212359883,0.9979673357818636,0.5472825571836515,0.5128471629036343,-1.6518022703055482,-1.8849031084629935,-1.6551666683673907,,2,63,0.6458333333333334,0.7274752931842656
NQ,GLOBEX,B0,1day,S-C_q0.90,M1_EWMA,145,0.42510580341730353,0.31325381829633125,0.8763327212359883,0.9979673357818636,0.45411152055098536,0.42553851187016273,-0.011089642259883847,-0.012654602517001656,-0.011112229691561597,,2,63,0.5625,0.3998447717538944
NQ,GLOBEX,B0,1day,S-C_q0.90,M2_HAR,145,0.6554836779669654,0.48888757675956535,0.8763327212359883,0.9979673357818636,0.7002084829355566,0.6561508844033102,0.3819561254095565,0.43585742738310834,0.38273409531015423,,2,63,0.4513888888888889,0.1674471888957052
NQ,GLOBEX,B0,1day,S-C_q0.90,M3_HARJ,145,-0.38060800438379994,0.055093742831330186,0.8763327212359883,0.9979673357818636,-0.4065775583753611,-0.38099541923299474,-1.4544442813794305,-1.6596941391485052,-1.4574066998294462,,2,63,0.4305555555555556,2.9316734147513595
NQ,GLOBEX,B0,1day,S-C_q0.90,M4_HARQ,145,-0.39005824981561527,0.04058689209938676,0.8763327212359883,0.9979673357818636,-0.4166726106849833,-0.39045528391970397,-1.461949875506845,-1.6682589159114092,-1.4649275813836846,,2,63,0.4027777777777778,2.8744689199951794
NQ,GLOBEX,B0,1day,S-C_q0.90,M5_RGARCH,145,0.5832247810542396,0.4306880806172256,0.8763327212359883,0.9979673357818636,0.6230192343141646,0.5838184363058274,0.06415317380137853,0.07320641149961428,0.06428384126532291,,2,63,0.4513888888888889,0.3814665562333289
NQ,GLOBEX,B0,1day,S-C_q0.90,M6_PARK,145,0.6063098583233067,0.5717839710281845,0.8763327212359883,0.9979673357818636,0.6476794470339667,0.6069270115087946,0.19432003705660406,0.22174230443265108,0.1947158289548253,,2,63,0.6944444444444444,0.34578165435150404
NQ,GLOBEX,B0,1day,S-C_q0.90,M6_GK,145,0.5487420784237559,0.48787198866320264,0.8763327212359883,0.9979673357818636,0.586183716195244,0.5493006342794152,0.13141480484809864,0.14995994291158032,0.13168247109524975,,2,63,0.6527777777777778,0.33098516998656435
NQ,GLOBEX,B1,1day,S-A,M1_EWMA,1448,0.687363255402211,0.6982511042731722,0.874551540212329,0.9979877899103252,0.7350106091050643,0.6880558604667297,0.3887060769491564,0.4444633152836069,0.3894898122792502,1.1338090548545268,22,63,0.5514858327574291,0.2672441902815486
NQ,GLOBEX,B1,1day,S-A,M2_HAR,1448,0.823756783984553,0.8352978817627653,0.874551540212329,0.9979877899103252,0.8808588047038157,0.8245868227101254,0.6638749031886775,0.7591032348162098,0.6652134524094031,2.846994495759796,22,63,0.4091223220456116,0.1545294914696867
NQ,GLOBEX,B1,1day,S-A,M3_HARJ,1448,0.7235180691880694,0.7735289724025491,0.874551540212329,0.9979877899103252,0.7736716394903358,0.7242471047817705,0.5178997914335935,0.5921889878644027,0.5189440158181993,1.9515129681689967,22,63,0.41948859709744296,0.46186342518348017
NQ,GLOBEX,B1,1day,S-A,M4_HARQ,1448,0.737285537625312,0.791844638609734,0.874551540212329,0.9979877899103252,0.788393455476806,0.7380284456777025,0.5347817114021478,0.6114925042294366,0.5358599742489845,2.1809200475567487,22,63,0.4132688320663442,0.46265709056712795
NQ,GLOBEX,B1,1day,S-A,M5_RGARCH,1448,0.8032074990899455,0.820233164647818,0.874551540212329,0.9979877899103252,0.8588850633256548,0.8040168318224664,0.4276884215801897,0.48903741165026465,0.42855075573481705,2.703994962719595,22,63,0.40221147201105734,0.4108585371091776
NQ,GLOBEX,B1,1day,S-A,M6_PARK,1448,0.7359055743401548,0.7436208883027932,0.874551540212329,0.9979877899103252,0.7869178344761277,0.7366470919057065,0.3464306969308658,0.39612382004010566,0.3471291937970449,2.3449202700183434,22,63,0.5411195577055978,0.4664312932515854
NQ,GLOBEX,B1,1day,S-A,M6_GK,1448,0.7449049596436951,0.755289450846669,0.874551540212329,0.9979877899103252,0.7965410484340164,0.7456555452235606,0.40295881965463465,0.4607605168207718,0.40377129232296793,2.5379455523955974,22,63,0.5058742225293711,0.4106490173904793
NQ,GLOBEX,B1,1day,S-B_q0.80,M1_EWMA,290,0.3400069387076334,0.22997304900505192,0.874551540212329,0.9979877899103252,0.3635758896847223,0.34034953852784433,-0.8914680694047927,-1.0193430900463072,-0.8932655072712825,1.705104775434478,4,63,0.5155709342560554,0.4383257903802935
NQ,GLOBEX,B1,1day,S-B_q0.80,M2_HAR,290,0.603115213040146,0.4498203472016355,0.874551540212329,0.9979877899103252,0.6449225742184508,0.6037229275895591,-0.3672695344519983,-0.4199518468206349,-0.36801004798365267,2.6379771046689826,4,63,0.42560553633217996,0.28462649860214806
NQ,GLOBEX,B1,1day,S-B_q0.80,M3_HARJ,290,-0.06828256600619195,0.19310754672437688,0.874551540212329,0.9979877899103252,-0.07301584720600192,-0.06835136929275482,-2.3505754608708633,-2.6877494953587027,-2.3553148491747335,0.3773941774316761,4,63,0.4359861591695502,1.761918784841219
NQ,GLOBEX,B1,1day,S-B_q0.80,M4_HARQ,290,-0.053242154791434945,0.20195247737492528,0.874551540212329,0.9979877899103252,-0.056932849284211016,-0.05329580296911191,-2.2202249001510226,-2.538701034832073,-2.2247014668892113,0.4375147427323247,4,63,0.4532871972318339,1.7360535135388362
NQ,GLOBEX,B1,1day,S-B_q0.80,M5_RGARCH,290,0.5465844729728607,0.43404042280219,0.874551540212329,0.9979877899103252,0.5844731781190011,0.5471352256806801,-2.108674998682796,-2.4111500600305833,-2.112926651008699,2.816220751242582,4,63,0.44982698961937717,0.787442727893814
NQ,GLOBEX,B1,1day,S-B_q0.80,M6_PARK,290,0.4827915057316573,0.3876872193347549,0.874551540212329,0.9979877899103252,0.5162581443067275,0.48327797898920827,-1.1990707802458922,-1.3710693139420629,-1.201488427382098,2.918099803704312,4,63,0.5640138408304498,0.5684521001734296
NQ,GLOBEX,B1,1day,S-B_q0.80,M6_GK,290,0.48338605869269674,0.39725422131797866,0.874551540212329,0.9979877899103252,0.5168939111019472,0.4838731310372497,-1.1097465186341382,-1.26893209560263,-1.1119840641876542,3.447266507626778,4,63,0.5086505190311419,0.5333797032716439
NQ,GLOBEX,B1,1day,S-C_q0.80,M1_EWMA,290,0.34166120607830397,0.25296417891721207,0.874551540212329,0.9979877899103252,0.3653448292638794,0.342005472781273,-0.04438975324983496,-0.05075716090907318,-0.044479254855235885,2.0224521922460355,4,63,0.5501730103806228,0.3510816613694254
NQ,GLOBEX,B1,1day,S-C_q0.80,M2_HAR,290,0.6435371051705812,0.5252944497679458,0.874551540212329,0.9979877899103252,0.6881464726774763,0.6441855498681175,0.38777598485509623,0.44339980781572874,0.3885578448709679,3.950740732987751,4,63,0.4117647058823529,0.15867652895663867
NQ,GLOBEX,B1,1day,S-C_q0.80,M3_HARJ,290,-0.05186874263480473,0.2664400978197325,0.874551540212329,0.9979877899103252,-0.055464233529930726,-0.05192100692673006,-0.766899369657942,-0.8769058590552017,-0.7684456437356335,0.18947944929227553,4,63,0.4463667820069204,1.6438286605513388
NQ,GLOBEX,B1,1day,S-C_q0.80,M4_HARQ,290,-0.12757215066785013,0.23306720926056984,0.874551540212329,0.9979877899103252,-0.13641532832934433,-0.1277006956794574,-0.7815668739681791,-0.8936773169233978,-0.7831427216543474,0.19059985890894954,4,63,0.43944636678200694,1.634432549499153
NQ,GLOBEX,B1,1day,S-C_q0.80,M5_RGARCH,290,0.5920718444505987,0.47991099160226186,0.874551540212329,0.9979877899103252,0.6331136900370797,0.5926684314150641,0.07715078445296708,0.08821753882479692,0.07730634105242862,4.121024720654793,4,63,0.43252595155709345,0.3461297834024886
NQ,GLOBEX,B1,1day,S-C_q0.80,M6_PARK,290,0.5797842940919165,0.5172321579695413,0.874551540212329,0.9979877899103252,0.6199743786139524,0.5803684998015765,0.11152564478873728,0.1275232386665975,0.11175051029307531,3.3950393040394187,4,63,0.6193771626297578,0.30956251425960407
NQ,GLOBEX,B1,1day,S-C_q0.80,M6_GK,290,0.5529868988660555,0.4824070645802915,0.874551540212329,0.9979877899103252,0.5913194139608537,0.553544102824453,0.13145529978479709,0.1503116668834424,0.13172034879966726,3.25603401663004,4,63,0.5778546712802768,0.27747733305438865
NQ,GLOBEX,B1,1day,S-B_q0.90,M1_EWMA,145,0.3194472238162899,0.15921114785073218,0.874551540212329,0.9979877899103252,0.3415909953125752,0.3197691071339138,-1.8949789095626683,-2.166800722919765,-1.8987996934641282,,2,63,0.5138888888888888,0.6592568721844878
NQ,GLOBEX,B1,1day,S-B_q0.90,M2_HAR,145,0.6219720620243069,0.42279955912454725,0.874551540212329,0.9979877899103252,0.6650865616715481,0.6225987772244016,-0.9338263453398206,-1.067777372061,-0.9357091888105465,,2,63,0.4791666666666667,0.39974091465346157
NQ,GLOBEX,B1,1day,S-B_q0.90,M3_HARJ,145,-0.3661516288426915,-0.06879087300189679,0.874551540212329,0.9979877899103252,-0.3915329043636458,-0.366520572731567,-5.113961292319416,-5.847524196318742,-5.124272404954909,,2,63,0.4236111111111111,3.3137289456695838
NQ,GLOBEX,B1,1day,S-B_q0.90,M4_HARQ,145,-0.3426469799102819,-0.03090464568900769,0.874551540212329,0.9979877899103252,-0.3663989359810882,-0.3429922399045611,-4.859376002270647,-5.55642038099991,-4.869173802925273,,2,63,0.4722222222222222,3.2598365715125643
NQ,GLOBEX,B1,1day,S-B_q0.90,M5_RGARCH,145,0.5669350836268081,0.42120925838450635,0.874551540212329,0.9979877899103252,0.6062344733509746,0.5675063421383553,-3.43769909779029,-3.930813611003034,-3.4446304178723333,,2,63,0.5,1.0886493826491939
NQ,GLOBEX,B1,1day,S-B_q0.90,M6_PARK,145,0.5252502842839661,0.4866679328729456,0.874551540212329,0.9979877899103252,0.5616601241773687,0.5257795401092897,-1.5782998948010545,-1.8046962611464445,-1.5814821691785164,,2,63,0.6666666666666666,0.6973666070894148
NQ,GLOBEX,B1,1day,S-B_q0.90,M6_GK,145,0.5196095484905786,0.46589119823649816,0.874551540212329,0.9979877899103252,0.5556283780537379,0.5201331205640469,-1.623415082212575,-1.8562829148050353,-1.6266883208645748,,2,63,0.6597222222222222,0.6814569493890621
NQ,GLOBEX,B1,1day,S-C_q0.90,M1_EWMA,145,0.4071836253503678,0.32213430955754996,0.874551540212329,0.9979877899103252,0.4354091990431694,0.40759391414437923,-0.006258611135282255,-0.00715636626031526,-0.0062712301679007775,,2,63,0.5833333333333334,0.39126785413875703
NQ,GLOBEX,B1,1day,S-C_q0.90,M2_HAR,145,0.6582622955622791,0.5027594079672492,0.874551540212329,0.9979877899103252,0.7038923989747101,0.6589255777440148,0.38207814417142916,0.43688465070756827,0.3828485158177747,,2,63,0.4305555555555556,0.1649132112383959
NQ,GLOBEX,B1,1day,S-C_q0.90,M3_HARJ,145,-0.2998369336981995,0.02105605703110901,0.874551540212329,0.9979877899103252,-0.3206213389174418,-0.30013905717829104,-1.7815286131932893,-2.0370767545166735,-1.785120650978475,,2,63,0.4097222222222222,3.1315130064769705
NQ,GLOBEX,B1,1day,S-C_q0.90,M4_HARQ,145,-0.3539958317100695,0.0594439121041429,0.874551540212329,0.9979877899103252,-0.3785344791723283,-0.3543525271021114,-1.6747633781631368,-1.9149967739540286,-1.6781401487022438,,2,63,0.4652777777777778,2.977683370026158
NQ,GLOBEX,B1,1day,S-C_q0.90,M5_RGARCH,145,0.5833990219990147,0.43206975279483545,0.874551540212329,0.9979877899103252,0.6238396759510799,0.5839868700023756,0.09008725227457715,0.1030096548142894,0.09026889225034707,,2,63,0.4375,0.36696462591226486
NQ,GLOBEX,B1,1day,S-C_q0.90,M6_PARK,145,0.6107656934954695,0.5771846953235711,0.874551540212329,0.9979877899103252,0.6531033785533047,0.6113811168676452,0.20440294337606835,0.23372315292754747,0.20481507433516305,,2,63,0.6805555555555556,0.3252779865664237
NQ,GLOBEX,B1,1day,S-C_q0.90,M6_GK,145,0.5494522404001786,0.49167060305463695,0.874551540212329,0.9979877899103252,0.5875397364008971,0.5500058827449235,0.1300900591812688,0.14875059181724698,0.13035235550623134,,2,63,0.6388888888888888,0.3177689540565595
ES,RTH,B0,1day,S-A,M1_EWMA,1401,0.720160508346065,0.7208128579152538,0.911645734847303,0.9948453111439494,0.7542516170288602,0.7220238167030044,0.43895212147691387,0.4814941865004574,0.4412265068346888,2.29221010449072,22,63,0.5021428571428571,0.2996941667049211
ES,RTH,B0,1day,S-A,M2_HAR,1401,0.8340663650922522,0.8214945131479786,0.911645734847303,0.9948453111439494,0.8735495730320024,0.836224387936198,0.6771852625807652,0.7428162461531078,0.6806940285038743,3.495839314649875,22,63,0.3578571428571429,0.17149008654162154
ES,RTH,B0,1day,S-A,M3_HARJ,1401,0.7144592532308385,0.7576621627157926,0.911645734847303,0.9948453111439494,0.7482804747072276,0.7163078104369189,0.5029284597564588,0.5516709402920613,0.5055343319436799,3.1200892243171285,22,63,0.38357142857142856,0.6257017326223596
ES,RTH,B0,1day,S-A,M4_HARQ,1401,0.7159304500544982,0.7653943197969864,0.911645734847303,0.9948453111439494,0.7498213153536573,0.7177828137638574,0.5024694825240539,0.5511674802144667,0.5050729765678605,2.8202701282659186,22,63,0.35928571428571426,0.6434746532755661
ES,RTH,B0,1day,S-A,M5_RGARCH,1401,0.8314326479366524,0.820013876955047,0.911645734847303,0.9948453111439494,0.870791180423152,0.8335838564286184,0.6664997267827818,0.7310950968189609,0.6699531266990537,3.6708393514047817,22,63,0.345,0.2379140148403659
ES,RTH,B0,1day,S-A,M6_PARK,1401,0.7732363059751902,0.7533194956740391,0.911645734847303,0.9948453111439494,0.8098399278608491,0.7752369400756652,0.395158542757982,0.43345625131912613,0.3972060161831576,3.2814559694159193,22,63,0.4757142857142857,0.46424971420053723
ES,RTH,B0,1day,S-A,M6_GK,1401,0.7769209179754081,0.7588253375743869,0.911645734847303,0.9948453111439494,0.813698962794146,0.7789310854621941,0.44225482086200174,0.4851169746722696,0.4445463188176092,3.2223756943097435,22,63,0.44571428571428573,0.4193563426501137
ES,RTH,B0,1day,S-B_q0.80,M1_EWMA,280,0.41849884655434755,0.3985344200818888,0.911645734847303,0.9948453111439494,0.43830983243341887,0.41958165016426097,-0.6420671135525,-0.7042945400935195,-0.645393918391395,7.32909069901638,4,63,0.5053763440860215,0.5462919044330043
ES,RTH,B0,1day,S-B_q0.80,M2_HAR,280,0.7068699981118172,0.5664955639011431,0.911645734847303,0.9948453111439494,0.7403319578429626,0.7086989192474351,-0.157649742915972,-0.17292873414515308,-0.15846658887570597,3.7418504869398728,4,63,0.45878136200716846,0.31460373248184986
ES,RTH,B0,1day,S-B_q0.80,M3_HARJ,280,-0.024740664097412657,0.22030154813737904,0.911645734847303,0.9948453111439494,-0.02591184282611923,-0.02480467689127553,-2.275697209951443,-2.4962516940120527,-2.2874885014381503,0.6774431192161,4,63,0.46236559139784944,2.537432512555152
ES,RTH,B0,1day,S-B_q0.80,M4_HARQ,280,-0.05212453743727329,0.1680300946771666,0.911645734847303,0.9948453111439494,-0.05459201968632853,-0.052259401936343826,-2.4038455616498835,-2.6368198410455106,-2.416300840666131,0.6110122325189403,4,63,0.4946236559139785,2.6139178958931493
ES,RTH,B0,1day,S-B_q0.80,M5_RGARCH,280,0.6629807354378798,0.5504468898109123,0.911645734847303,0.9948453111439494,0.6943650560781769,0.6646960996247725,-0.751040338853753,-0.8238291587900087,-0.7549317772731413,4.151773004578214,4,63,0.45161290322580644,0.5433403248991776
ES,RTH,B0,1day,S-B_q0.80,M6_PARK,280,0.6039101180240218,0.5503672287275814,0.911645734847303,0.9948453111439494,0.6324981414293587,0.6054726457615379,-0.8933308907946222,-0.9799101302703418,-0.8979595931023708,2.773471838386791,4,63,0.5555555555555556,0.6183702577870818
ES,RTH,B0,1day,S-B_q0.80,M6_GK,280,0.610527463592676,0.55853463874357,0.911645734847303,0.9948453111439494,0.6394287402857982,0.6121071127290413,-0.8838637781539465,-0.9695254904055357,-0.8884434275893728,3.0038810053710456,4,63,0.5125448028673835,0.625366063929497
ES,RTH,B0,1day,S-C_q0.80,M1_EWMA,280,0.4560430381205934,0.39125790598641014,0.911645734847303,0.9948453111439494,0.4776312987880755,0.45722298175011244,0.18225585814902656,0.1999196082232027,0.18320019816895433,2.683341044706981,4,63,0.5304659498207885,0.3716459173333201
ES,RTH,B0,1day,S-C_q0.80,M2_HAR,280,0.6925463079845019,0.5363410247579689,0.911645734847303,0.9948453111439494,0.7253302098782487,0.6943381686992732,0.4511570691050575,0.49488200499355645,0.45349469314609575,2.070030497052139,4,63,0.40860215053763443,0.18050638954427808
ES,RTH,B0,1day,S-C_q0.80,M3_HARJ,280,-0.15423151872264176,0.1680697714835748,0.911645734847303,0.9948453111439494,-0.16153256259571055,-0.1546305698708356,-0.7357021096450074,-0.8070043894498498,-0.7395140746042626,0.18270514448388692,4,63,0.41935483870967744,2.3837100802865634
ES,RTH,B0,1day,S-C_q0.80,M4_HARQ,280,-0.22278774886098401,0.09666792003133766,0.911645734847303,0.9948453111439494,-0.23333412188698915,-0.22336417907267359,-0.8705418475777205,-0.9549124339659557,-0.8750524707973993,-0.05469754901519837,4,63,0.4551971326164875,2.4700864198284815
ES,RTH,B0,1day,S-C_q0.80,M5_RGARCH,280,0.6811950772399724,0.539696934909884,0.911645734847303,0.9948453111439494,0.7134416321999308,0.6829575683310797,0.43795738429739006,0.4804030420553069,0.4402266155265818,2.0289685500933876,4,63,0.3978494623655914,0.24592890683435695
ES,RTH,B0,1day,S-C_q0.80,M6_PARK,280,0.6248704099800008,0.5492706400967345,0.911645734847303,0.9948453111439494,0.6544506560673832,0.6264871693599255,0.2410599695117881,0.26442285670558713,0.24230899699833622,2.5857329201818375,4,63,0.5591397849462365,0.28554235007098705
ES,RTH,B0,1day,S-C_q0.80,M6_GK,280,0.6177285605902814,0.5448272846045776,0.911645734847303,0.9948453111439494,0.6469707243183571,0.6193268414956193,0.25336340447689065,0.27791870766480137,0.2546761809487286,2.31347866572111,4,63,0.5125448028673835,0.2801992467445129
ES,RTH,B0,1day,S-B_q0.90,M1_EWMA,140,0.3788813598088232,0.35509829218691924,0.911645734847303,0.9948453111439494,0.39681692481889586,0.37986165905578095,-1.2032167635019335,-1.3198293125382388,-1.209451107648467,,2,63,0.49640287769784175,0.7654141389782134
ES,RTH,B0,1day,S-B_q0.90,M2_HAR,140,0.7088252808370751,0.561807089282981,0.911645734847303,0.9948453111439494,0.7423798001505911,0.7106592609763456,-0.4262661431873662,-0.4675787171414388,-0.42847479745088485,,2,63,0.4172661870503597,0.3926494545330658
ES,RTH,B0,1day,S-B_q0.90,M3_HARJ,140,-0.3162808779397445,-0.06412208838076075,0.911645734847303,0.9948453111439494,-0.33125304825341073,-0.3170992077373041,-4.574201982467116,-5.017521398521407,-4.597902740484697,,2,63,0.4028776978417266,4.784981132927573
ES,RTH,B0,1day,S-B_q0.90,M4_HARQ,140,-0.32643434087173495,-0.07389187800171564,0.911645734847303,0.9948453111439494,-0.34188715793610425,-0.3272789412466364,-4.7145845066823995,-5.171509421334673,-4.739012642338545,,2,63,0.43884892086330934,4.903998011595006
ES,RTH,B0,1day,S-B_q0.90,M5_RGARCH,140,0.6684338080601651,0.542629726006429,0.911645734847303,0.9948453111439494,0.7000762673921386,0.6701632812625763,-1.1258848845757874,-1.235002634838596,-1.131718541529998,,2,63,0.4172661870503597,0.6649398386897261
ES,RTH,B0,1day,S-B_q0.90,M6_PARK,140,0.6008072430795723,0.5637166951488085,0.911645734847303,0.9948453111439494,0.6292483819421796,0.6023617425890094,-0.7698783168033141,-0.8444928631539812,-0.7738673622716772,,2,63,0.5467625899280576,0.5848020719874271
ES,RTH,B0,1day,S-B_q0.90,M6_GK,140,0.6025002533830107,0.5300561982025322,0.911645734847303,0.9948453111439494,0.6310215363212605,0.6040591333051616,-0.7011878047149525,-0.7691450504426465,-0.7048209373462021,,2,63,0.5107913669064749,0.528389847775888
ES,RTH,B0,1day,S-C_q0.90,M1_EWMA,140,0.428877835770031,0.38326299446764783,0.911645734847303,0.9948453111439494,0.44918014441016574,0.42998749347305015,0.12599672224622172,0.13820798741226564,0.1266495613286261,,2,63,0.5251798561151079,0.5220639355818112
ES,RTH,B0,1day,S-C_q0.90,M2_HAR,140,0.7400045858123916,0.6651942883383265,0.911645734847303,0.9948453111439494,0.7750350775823933,0.7419192377725281,0.4991660517841777,0.5475438898069172,0.5017524294407121,,2,63,0.4748201438848921,0.17353866507211185
ES,RTH,B0,1day,S-C_q0.90,M3_HARJ,140,-0.39758925315303595,0.017540656656306674,0.911645734847303,0.9948453111439494,-0.41641041632884035,-0.39861795629552116,-1.6023489910940052,-1.7576443675924094,-1.6106513979057724,,2,63,0.4676258992805755,4.566218717728814
ES,RTH,B0,1day,S-C_q0.90,M4_HARQ,140,-0.4398498193673897,-0.07773612917956635,0.911645734847303,0.9948453111439494,-0.46067152206058415,-0.44098786544840546,-1.8283036474255843,-2.005497944584601,-1.8377768150942588,,2,63,0.5323741007194245,4.746863774507257
ES,RTH,B0,1day,S-C_q0.90,M5_RGARCH,140,0.7190542452712749,0.6160022741685072,0.911645734847303,0.9948453111439494,0.7530929854413881,0.7209146913368107,0.4823554498354139,0.529104049300693,0.48485472508360583,,2,63,0.460431654676259,0.2537994114751221
ES,RTH,B0,1day,S-C_q0.90,M6_PARK,140,0.6893145966975708,0.6536572565655684,0.911645734847303,0.9948453111439494,0.7219455151668762,0.6910980958393617,0.3799158258970584,0.41673625112795903,0.38188432074952644,,2,63,0.5827338129496403,0.23158098952262662
ES,RTH,B0,1day,S-C_q0.90,M6_GK,140,0.6784141348643413,0.6504471802497213,0.911645734847303,0.9948453111439494,0.710529044992808,0.6801694306800778,0.3669146661427719,0.40247505376003173,0.36881579682057836,,2,63,0.5827338129496403,0.2328317151228452
ES,RTH,B0,1h,S-A,M1_EWMA,10906,0.7702623008130772,0.7549182730463742,0.9308850207198344,0.9763634147783378,0.7983450219403349,0.7795301080533125,0.5663918607331381,0.6084444889822793,0.5801035271909744,1.2888247178989458,173,63,0.48088033012379644,0.3459176203415619
ES,RTH,B0,1h,S-A,M2_HAR,10906,0.8323371986347681,0.8175198849131654,0.9308850207198344,0.9763634147783378,0.862683086533513,0.842351891951164,0.6454103823359225,0.693329861336516,0.6610349922650973,3.3696795427028916,173,63,0.46868408986703347,0.25170554249508403
ES,RTH,B0,1h,S-A,M3_HARJ,10906,0.752089784629584,0.7597919434079785,0.9308850207198344,0.9763634147783378,0.779509960408818,0.7611389398899926,0.5152924963279506,0.5535511742679944,0.5277671085667796,1.9096763241508083,173,63,0.46125630444750115,0.38066826030417683
ES,RTH,B0,1h,S-A,M4_HARQ,10906,0.7074255233622928,0.7106604067094601,0.9308850207198344,0.9763634147783378,0.7332173006178029,0.7159372775795556,0.443685688513648,0.4766278097058162,0.454426785967167,1.5338193426958018,173,63,0.4613480055020633,0.4107565521600228
ES,RTH,B0,1h,S-A,M5_RGARCH,10906,0.8048785931135334,0.7959482054770519,0.9308850207198344,0.9763634147783378,0.8342233774134364,0.8145629040877221,0.42345127240212044,0.4548910584839728,0.4337025189521833,3.3442161273306144,173,63,0.4598807886290692,0.7902922672281465
ES,RTH,B0,1h,S-A,M6_PARK,10906,0.7776391853437324,0.7638065451443363,0.9308850207198344,0.9763634147783378,0.8059908576981807,0.7869957513662571,0.4004174880747632,0.43014709568011794,0.41011111438016074,3.149319467657339,173,63,0.48564878496102704,0.7742612382244413
ES,RTH,B0,1h,S-A,M6_GK,10906,0.7852960535732673,0.7724779495863364,0.9308850207198344,0.9763634147783378,0.8139268849816783,0.7947447471460307,0.45620538984556624,0.49007705537338214,0.46724957422655766,3.262411035307521,173,63,0.48592388812471343,0.6847061172305577
ES,RTH,B0,1h,S-B_q0.80,M1_EWMA,2181,0.543367681986931,0.46451598664831595,0.9308850207198344,0.9763634147783378,0.5631781323577929,0.549905489863433,-0.5169814551714755,-0.5553655324389088,-0.5294969550747096,1.0743264800966246,34,63,0.47155963302752296,0.6372234477302269
ES,RTH,B0,1h,S-B_q0.80,M2_HAR,2181,0.6197693836316621,0.5118827383030349,0.9308850207198344,0.9763634147783378,0.6423653366535977,0.627226457896928,-0.21048321479111642,-0.22611086235801073,-0.21557876053651814,1.5055633242126583,34,63,0.44357798165137613,0.46995937999736803
ES,RTH,B0,1h,S-B_q0.80,M3_HARJ,2181,0.2869410623070045,0.35331711190905357,0.9308850207198344,0.9763634147783378,0.2974025451346343,0.29039354135467765,-0.838893197048822,-0.9011781029628375,-0.859201793462606,1.110770360540983,34,63,0.41834862385321103,0.9811996276836649
ES,RTH,B0,1h,S-B_q0.80,M4_HARQ,2181,0.2705617990301907,0.3396625927084343,0.9308850207198344,0.9763634147783378,0.2804261160840482,0.2738172025431709,-0.8992475043075674,-0.966013507889726,-0.9210172059875084,1.1129452781532845,34,63,0.4279816513761468,1.025216924350301
ES,RTH,B0,1h,S-B_q0.80,M5_RGARCH,2181,0.5266604897131514,0.4664010988118055,0.9308850207198344,0.9763634147783378,0.5458618184627828,0.532997276408485,-2.4366956618255458,-2.6176118506464943,-2.49568513623459,1.2675193974093875,34,63,0.44220183486238535,1.794193365293578
ES,RTH,B0,1h,S-B_q0.80,M6_PARK,2181,0.5016948432808617,0.4428324629182828,0.9308850207198344,0.9763634147783378,0.5199859583464277,0.5077312429541145,-1.5875937288954138,-1.7054670486240717,-1.626027465660256,1.3789480358894572,34,63,0.4706422018348624,1.3637449155002124
ES,RTH,B0,1h,S-B_q0.80,M6_GK,2181,0.5130703843539086,0.4536879916864106,0.9308850207198344,0.9763634147783378,0.5317762362530037,0.5192436547033027,-1.4078844194968374,-1.5124149472382198,-1.4419676097925762,1.450803702633132,34,63,0.463302752293578,1.2361879156051407
ES,RTH,B0,1h,S-C_q0.80,M1_EWMA,2181,0.5262557206684304,0.4207872018766765,0.9308850207198344,0.9763634147783378,0.5454422920864466,0.5325876371767131,0.22563353086524784,0.24238603677473514,0.23109584756048349,0.7747138878817996,34,63,0.501834862385321,0.3334903362305244
ES,RTH,B0,1h,S-C_q0.80,M2_HAR,2181,0.6941393559320396,0.6052300623337609,0.9308850207198344,0.9763634147783378,0.7194467375025991,0.7024912507889585,0.45007519723944966,0.4834917172600067,0.46097097702255624,3.431640805241725,34,63,0.5266055045871559,0.21077621746782266
ES,RTH,B0,1h,S-C_q0.80,M3_HARJ,2181,0.3245151939222252,0.3576653362452151,0.9308850207198344,0.9763634147783378,0.33634657874120955,0.3284197654696371,0.07848103512025628,0.08430797936738578,0.08038096668961496,1.427841363059878,34,63,0.5091743119266054,0.7172443026787199
ES,RTH,B0,1h,S-C_q0.80,M4_HARQ,2181,0.3416326510692906,0.38712725351829425,0.9308850207198344,0.9763634147783378,0.35408811521159295,0.34574318011081134,0.0792488721732788,0.08513282565444792,0.08116739215517467,1.507482488175544,34,63,0.5082568807339449,0.7303223177739938
ES,RTH,B0,1h,S-C_q0.80,M5_RGARCH,2181,0.6765625368917754,0.6016890833175282,0.9308850207198344,0.9763634147783378,0.7012290914260241,0.684702947205585,0.04936681406571897,0.05303212853027178,0.05056192532257739,3.9885669575580462,34,63,0.5146788990825688,0.632229739961945
ES,RTH,B0,1h,S-C_q0.80,M6_PARK,2181,0.6360661633418466,0.5756294895782145,0.9308850207198344,0.9763634147783378,0.6592562748983365,0.6437193206983285,0.19306958232171123,0.20740432816548543,0.197743564946607,3.4246539219582677,34,63,0.544954128440367,0.3927762516792021
ES,RTH,B0,1h,S-C_q0.80,M6_GK,2181,0.646885740605599,0.5871309569736723,0.9308850207198344,0.9763634147783378,0.6704703193074911,0.6546690792735581,0.24149107843559992,0.25942095216964584,0.2473372873054909,3.568694803466886,34,63,0.5371559633027523,0.3679830502282919
ES,RTH,B0,1h,S-B_q0.90,M1_EWMA,1091,0.5236841918460924,0.4414889107730453,0.9308850207198344,0.9763634147783378,0.5427770088031773,0.5299851676820704,-1.203804751730205,-1.2931830730279958,-1.2329474184604745,0.8693436351676732,17,63,0.47522935779816516,0.882588341032201
ES,RTH,B0,1h,S-B_q0.90,M2_HAR,1091,0.6067136201564081,0.4676867133404777,0.9308850207198344,0.9763634147783378,0.6288335777097974,0.6140136072850777,-0.8499861663260979,-0.913094686676579,-0.8705633101984561,1.4029500720256474,17,63,0.45321100917431195,0.6704482463859961
ES,RTH,B0,1h,S-B_q0.90,M3_HARJ,1091,0.04288025915996685,0.10972927469222157,0.9308850207198344,0.9763634147783378,0.0444436153810655,0.043396195063731595,-2.307303547049837,-2.478612820803203,-2.363160593818092,0.5235560700117564,17,63,0.41284403669724773,1.6882814824109609
ES,RTH,B0,1h,S-B_q0.90,M4_HARQ,1091,0.023496381238479466,0.0985364580027265,0.9308850207198344,0.9763634147783378,0.02435302750186718,0.02377909004031417,-2.358891452251842,-2.5340309487714814,-2.415997380224839,0.4753104919397948,17,63,0.42477064220183486,1.7505441772484398
ES,RTH,B0,1h,S-B_q0.90,M5_RGARCH,1091,0.5004808185184698,0.4299278509732684,0.9308850207198344,0.9763634147783378,0.5187276718840828,0.506502611028071,-4.018125045338404,-4.316456872655733,-4.11539902511672,1.1474016487684415,17,63,0.44954128440366975,2.3989298117779603
ES,RTH,B0,1h,S-B_q0.90,M6_PARK,1091,0.4842925036223355,0.4150906698230193,0.9308850207198344,0.9763634147783378,0.501949152933734,0.49011951809094567,-2.229853181980747,-2.3954120351581625,-2.2838352484632853,1.3922555865831288,17,63,0.4761467889908257,1.5247705869594443
ES,RTH,B0,1h,S-B_q0.90,M6_GK,1091,0.4889980227098253,0.4110719559874027,0.9308850207198344,0.9763634147783378,0.5068262288793921,0.49488165405274187,-2.1126370025695076,-2.269492961586006,-2.1637814061776743,1.3160413093629162,17,63,0.46422018348623856,1.4306205268799181
ES,RTH,B0,1h,S-C_q0.90,M1_EWMA,1091,0.5471698040609226,0.4524462537017301,0.9308850207198344,0.9763634147783378,0.5671188746573661,0.5537533591256857,0.2567515507586635,0.2758144615541485,0.262967197328828,1.080538176181404,17,63,0.518348623853211,0.3486170767695138
ES,RTH,B0,1h,S-C_q0.90,M2_HAR,1091,0.7086459003705974,0.6155216280284603,0.9308850207198344,0.9763634147783378,0.7344821709203504,0.7171723381818275,0.47062957034844943,0.5055721811749868,0.48202294680950913,3.3166637699438826,17,63,0.5266055045871559,0.19942967009288484
ES,RTH,B0,1h,S-C_q0.90,M3_HARJ,1091,-0.04135609036096566,0.16227216880307582,0.9308850207198344,0.9763634147783378,-0.042863877450239944,-0.04185368744350572,-0.291002612708926,-0.3126085458802416,-0.29804743633802777,0.8545597367765724,17,63,0.4926605504587156,1.2104917549312673
ES,RTH,B0,1h,S-C_q0.90,M4_HARQ,1091,-0.0341527131130704,0.15860428776608568,0.9308850207198344,0.9763634147783378,-0.03539787481588408,-0.034563639055478435,-0.31639971335605876,-0.3398912930314351,-0.3240593702785253,0.8588872957466971,17,63,0.4972477064220184,1.2439222349591872
ES,RTH,B0,1h,S-C_q0.90,M5_RGARCH,1091,0.6819284276199287,0.5913909634122552,0.9308850207198344,0.9763634147783378,0.7067906152687139,0.690133400409259,0.011707819819077314,0.012577084772536029,0.011991252070557479,3.4359369976330583,17,63,0.5119266055045871,0.6401214489775326
ES,RTH,B0,1h,S-C_q0.90,M6_PARK,1091,0.6419329345669699,0.570330907201991,0.9308850207198344,0.9763634147783378,0.6653369406630972,0.649656681000419,0.20739439433192575,0.22279270770900567,0.21241516344506842,2.918284241900241,17,63,0.5522935779816514,0.33198662641718546
ES,RTH,B0,1h,S-C_q0.90,M6_GK,1091,0.6480492569817964,0.5823744373421044,0.9308850207198344,0.9763634147783378,0.6716762559162317,0.6558465950957676,0.22840020287750984,0.24535812457363707,0.23392949737814908,2.8229826740900847,17,63,0.5541284403669725,0.3331324437593967
ES,RTH,B0,30min,S-A,M1_EWMA,22312,0.7844464995352398,0.7704395707494259,0.7917703994735505,0.9989807345567924,0.8815839982049264,0.7848465850107165,0.591317740573566,0.746829814510285,0.5919210652604927,1.2540241012135422,354,63,0.47048541078391826,0.3538766955412168
ES,RTH,B0,30min,S-A,M2_HAR,22312,0.8533149021029303,0.838381325826304,0.7917703994735505,0.9989807345567924,0.9589803301683958,0.8537501120229712,0.6793195345434021,0.8579754118050925,0.6800126479363878,4.207915589497312,354,63,0.4152660122809377,0.23278706714883426
ES,RTH,B0,30min,S-A,M3_HARJ,22312,0.3906270776840799,0.3371141216382057,0.7917703994735505,0.9989807345567924,0.4389981740703367,0.3908263063379166,-0.21466810248836632,-0.27112418275689454,-0.21488712951366967,0.6624227925851054,354,63,0.3864013266998342,0.536433025904411
ES,RTH,B0,30min,S-A,M4_HARQ,22312,0.3359439992087352,0.26438082096716076,0.7917703994735505,0.9989807345567924,0.3775437256343889,0.33611533825446566,-0.3519466917721825,-0.4445059982113406,-0.3523057848841571,0.5307847612534662,354,63,0.3846533100264444,0.5783475617181855
ES,RTH,B0,30min,S-A,M5_RGARCH,22312,0.8302182300883169,0.8301741156455555,0.7917703994735505,0.9989807345567924,0.9330236123145531,0.8306416601826969,0.4043903601860356,0.5107419530395623,0.4048029618563639,4.529948166740557,354,63,0.412307830218278,0.8735748844805451
ES,RTH,B0,30min,S-A,M6_PARK,22312,0.8118096366213492,0.7984456773368798,0.7917703994735505,0.9989807345567924,0.9123354947188299,0.8122236779162707,0.5048105918098289,0.637571942756989,0.5053256527852793,3.7951563944637607,354,63,0.45112276455560035,0.6253251869520996
ES,RTH,B0,30min,S-A,M6_GK,22312,0.8184018369869033,0.8065201027409011,0.7917703994735505,0.9989807345567924,0.9197440029583036,0.8188192404532657,0.5514248578212413,0.6964454066328882,0.5519874795842648,3.942477462729473,354,63,0.4595042803998028,0.5615281223517258
ES,RTH,B0,30min,S-B_q0.80,M1_EWMA,4463,0.5489813767998588,0.4837242162627786,0.7917703994735505,0.9989807345567924,0.6169613828170613,0.5492613697315565,-0.511514919702492,-0.6460394579572551,-0.5120368211399298,0.739716629586849,70,63,0.4791573285522187,0.679655976436297
ES,RTH,B0,30min,S-B_q0.80,M2_HAR,4463,0.6663745425641411,0.588549767414974,0.7917703994735505,0.9989807345567924,0.7488912677712619,0.6667144086682862,-0.005172625044700396,-0.006532986138582199,-0.005177902701992829,1.9068436777800006,70,63,0.4511429852084267,0.41473113573539877
ES,RTH,B0,30min,S-B_q0.80,M3_HARJ,4463,0.507129413066976,0.544958352574318,0.7917703994735505,0.9989807345567924,0.5699269176977418,0.5073880605495963,-0.24413417167456997,-0.3083396043056108,-0.24438326308953545,1.385165225807868,70,63,0.4444195428059166,0.6010009254498825
ES,RTH,B0,30min,S-B_q0.80,M4_HARQ,4463,0.5040407912734028,0.5434986203353275,0.7917703994735505,0.9989807345567924,0.5664558338808923,0.5042978634889788,-0.24259779348484733,-0.3063991703227994,-0.24284531732484133,1.4221049468725906,70,63,0.44643657552666965,0.5994343117012779
ES,RTH,B0,30min,S-B_q0.80,M5_RGARCH,4463,0.5965162359013796,0.5610264465120424,0.7917703994735505,0.9989807345567924,0.670382452533931,0.5968204726874594,-2.0442506836295413,-2.581873084657834,-2.046336443651732,1.5678421668110467,70,63,0.44397131331241596,1.692173648411703
ES,RTH,B0,30min,S-B_q0.80,M6_PARK,4463,0.5622019156837479,0.5164316739386848,0.7917703994735505,0.9989807345567924,0.6318190124126906,0.5624886513896036,-0.9645948236038013,-1.2182759348482364,-0.9655790049161992,1.6332935091173315,70,63,0.47848498431196773,1.0626067129476586
ES,RTH,B0,30min,S-B_q0.80,M6_GK,4463,0.5728991329187965,0.5262357600779612,0.7917703994735505,0.9989807345567924,0.6438408590846153,0.5731913244476385,-0.8177911694280513,-1.032864034790644,-0.8186255661785834,1.6628720051384551,70,63,0.48498431196772745,0.9853032119733711
ES,RTH,B0,30min,S-C_q0.80,M1_EWMA,4463,0.5472668250372124,0.46150274754401943,0.7917703994735505,0.9989807345567924,0.6150345192273343,0.5475459435086918,0.23325837085462608,0.29460355048599945,0.23349636563122858,0.9887249350970575,70,63,0.5029134917077543,0.37512484770705296
ES,RTH,B0,30min,S-C_q0.80,M2_HAR,4463,0.7240847757568296,0.6492765519290027,0.7917703994735505,0.9989807345567924,0.8137477215198499,0.7244540753865248,0.5023530155435878,0.6344680426012429,0.5028655690406899,4.07961745832365,70,63,0.4757956073509637,0.19887268943370773
ES,RTH,B0,30min,S-C_q0.80,M3_HARJ,4463,0.5789976682051804,0.6034476970825962,0.7917703994735505,0.9989807345567924,0.6506945720199774,0.579292970125096,0.32913893601305777,0.41569997594239794,0.3294747582485497,2.4395600816881147,70,63,0.46929627969520393,0.414376850742947
ES,RTH,B0,30min,S-C_q0.80,M4_HARQ,4463,0.5992231068251649,0.629417559552842,0.7917703994735505,0.9989807345567924,0.673424513519644,0.5995287241767023,0.3458713131409308,0.4368328411505421,0.34622420751124894,2.509859473703988,70,63,0.47198565665620795,0.40238808189034553
ES,RTH,B0,30min,S-C_q0.80,M5_RGARCH,4463,0.7385820674571718,0.6792676056275363,0.7917703994735505,0.9989807345567924,0.8300402034008996,0.7389587610338686,0.02532444145400692,0.03198457718404879,0.025350280118507346,4.041561201171099,70,63,0.45629762438368443,0.6558243590288166
ES,RTH,B0,30min,S-C_q0.80,M6_PARK,4463,0.6686368922946817,0.605300417612416,0.7917703994735505,0.9989807345567924,0.7514337627941469,0.6689779122484114,0.28857560190329956,0.3644687930935205,0.2888700371497444,3.157915226074014,70,63,0.5100851636037651,0.3391920531372627
ES,RTH,B0,30min,S-C_q0.80,M6_GK,4463,0.6817956855884701,0.6162789320281195,0.7917703994735505,0.9989807345567924,0.7662220008835043,0.682143416824709,0.33969206666449303,0.42902849979028623,0.3400386563162309,3.367968215993219,70,63,0.5172568354997759,0.3123417591426541
ES,RTH,B0,30min,S-B_q0.90,M1_EWMA,2232,0.5124396047885554,0.4321918094589458,0.7917703994735505,0.9989807345567924,0.5758946669985779,0.5127009605891822,-1.1981341656171725,-1.5132343497733862,-1.1993566283825647,0.6042208825118208,35,63,0.4809502465262214,0.9275295164145883
ES,RTH,B0,30min,S-B_q0.90,M2_HAR,2232,0.6230482873160114,0.5093568956282595,0.7917703994735505,0.9989807345567924,0.700199950579429,0.6233660560490268,-0.5403359234970864,-0.682440166816487,-0.5408872311604805,1.4442638556135534,35,63,0.4616763783056925,0.590205786069523
ES,RTH,B0,30min,S-B_q0.90,M3_HARJ,2232,0.3174517510487854,0.35945280124698853,0.7917703994735505,0.9989807345567924,0.35676159443958483,0.3176136586292699,-1.1762355355427347,-1.4855765463382007,-1.1774356550174947,0.9764773106340846,35,63,0.4491259524876737,0.995875763551657
ES,RTH,B0,30min,S-B_q0.90,M4_HARQ,2232,0.3096162425389213,0.3567872092959859,0.7917703994735505,0.9989807345567924,0.3479558200187832,0.3097741538326614,-1.126218442446961,-1.4224053377036898,-1.1273675292112804,0.9575232090491009,35,63,0.4491259524876737,0.9811407411344644
ES,RTH,B0,30min,S-B_q0.90,M5_RGARCH,2232,0.541939240100328,0.490907777316452,0.7917703994735505,0.9989807345567924,0.6090472229206805,0.5422156413828674,-3.422684998876938,-4.322825153797979,-3.4261771828817555,1.1630298195433957,35,63,0.4495741819811744,2.2026493621493297
ES,RTH,B0,30min,S-B_q0.90,M6_PARK,2232,0.5102475505142505,0.44946579823361105,0.7917703994735505,0.9989807345567924,0.5734311720724499,0.5105077883175669,-1.539684137851551,-1.944609370185207,-1.5412550858997764,1.2600252759242105,35,63,0.4943971313312416,1.2478994752053205
ES,RTH,B0,30min,S-B_q0.90,M6_GK,2232,0.5192562179865156,0.45327954385156755,0.7917703994735505,0.9989807345567924,0.5835553769652034,0.5195210504142088,-1.395140243394065,-1.762051529485942,-1.39656371252548,1.2894806264631469,35,63,0.49394890183774093,1.171583659627398
ES,RTH,B0,30min,S-C_q0.90,M1_EWMA,2232,0.531869401217943,0.44208208715512765,0.7917703994735505,0.9989807345567924,0.597730442453852,0.5321406666546603,0.17435900025138562,0.22021409283211044,0.17453689968179587,0.8397762094202507,35,63,0.5199462124607799,0.3912303615559412
ES,RTH,B0,30min,S-C_q0.90,M2_HAR,2232,0.7237095165416774,0.6252713178003444,0.7917703994735505,0.9989807345567924,0.8133259942007106,0.7240786247806766,0.5075308361010122,0.6410075906329289,0.5080486725564165,3.1368601356486914,35,63,0.49663827879874495,0.1840251402323548
ES,RTH,B0,30min,S-C_q0.90,M3_HARJ,2232,0.39028666360483943,0.3792767943362968,0.7917703994735505,0.9989807345567924,0.4386156067375742,0.39048571863978837,0.1256972042438721,0.15875461412481243,0.12582545378078677,1.3722319014231608,35,63,0.48498431196772745,0.615092487668672
ES,RTH,B0,30min,S-C_q0.90,M4_HARQ,2232,0.40433713103065183,0.41262023831746025,0.7917703994735505,0.9989807345567924,0.4544059343854565,0.4045433521221056,0.13361391027090685,0.16875335369918726,0.13375023726577268,1.4290621090900812,35,63,0.4845360824742268,0.5986228807944897
ES,RTH,B0,30min,S-C_q0.90,M5_RGARCH,2232,0.7264934251797581,0.6456613134831226,0.7917703994735505,0.9989807345567924,0.8164546324306607,0.7268639532751935,-0.10649532848591381,-0.13450279090595296,-0.10660398624520173,3.381252458767603,35,63,0.46615867324069926,0.6688810621661847
ES,RTH,B0,30min,S-C_q0.90,M6_PARK,2232,0.6526835884873924,0.5793589699704332,0.7917703994735505,0.9989807345567924,0.7335049717760971,0.6530164718949805,0.25881545295909036,0.32688195104436485,0.25907952376470644,3.3033528574033877,35,63,0.5387718511878081,0.2982877226409296
ES,RTH,B0,30min,S-C_q0.90,M6_GK,2232,0.6626698917089628,0.5875459462534399,0.7917703994735505,0.9989807345567924,0.7447278724156878,0.6630078683572945,0.2936809746196979,0.37091684005232683,0.2939806189055211,3.158231381636404,35,63,0.5360824742268041,0.29047129525656407
ES,RTH,B1,1day,S-A,M1_EWMA,1401,0.7191305923129894,0.7216475436698612,0.9127468958775103,0.994861565631604,0.752718486022673,0.7209853459544738,0.4523215498897255,0.49556076490938467,0.4546577790474415,2.287471097920542,22,63,0.5035714285714286,0.3067054348288193
ES,RTH,B1,1day,S-A,M2_HAR,1401,0.8335436256881977,0.8211272189491131,0.9127468958775103,0.994861565631604,0.8724753232147219,0.8356934689734191,0.6761403326190141,0.7407752748027437,0.6796325800261018,3.4941567933350157,22,63,0.3492857142857143,0.17399620471440813
ES,RTH,B1,1day,S-A,M3_HARJ,1401,0.7160827825347229,0.7581681445301027,0.9127468958775103,0.994861565631604,0.7495283244769055,0.7179296753838211,0.5049680956332372,0.5532400032407269,0.5075762428440483,3.1707359367147006,22,63,0.385,0.6233995080270816
ES,RTH,B1,1day,S-A,M4_HARQ,1401,0.7160030469401039,0.7658570584973051,0.9127468958775103,0.994861565631604,0.7494448647316169,0.717849734138259,0.5026136184098111,0.5506604521800108,0.505209604806392,2.8046454307852895,22,63,0.3514285714285714,0.6447479274836281
ES,RTH,B1,1day,S-A,M5_RGARCH,1401,0.8297643428652315,0.8179641852372764,0.9127468958775103,0.994861565631604,0.86851952426087,0.8319044387712522,0.6472063125501613,0.7090753367371798,0.6505491164886562,3.67044983524115,22,63,0.345,0.26405995966190504
ES,RTH,B1,1day,S-A,M6_PARK,1401,0.7730378605817911,0.7529389790806089,0.9127468958775103,0.994861565631604,0.8091435606762208,0.7750316497519999,0.40605648777069403,0.4448730415898192,0.40815375907390944,3.28270174288171,22,63,0.47214285714285714,0.4533245474272733
ES,RTH,B1,1day,S-A,M6_GK,1401,0.776520250506136,0.7582720965417145,0.9127468958775103,0.994861565631604,0.812788599977306,0.7785230213209339,0.4511193665621398,0.49424366009860365,0.4534493864739255,3.2229653899529946,22,63,0.4421428571428571,0.410285967703217
ES,RTH,B1,1day,S-B_q0.80,M1_EWMA,280,0.3927880390002617,0.3839688188442637,0.9127468958775103,0.994861565631604,0.41113369561033936,0.39380110262661094,-0.7734794517211216,-0.8474194272416586,-0.7774744531718498,12.76227151722596,4,63,0.5125448028673835,0.6127388085458926
ES,RTH,B1,1day,S-B_q0.80,M2_HAR,280,0.7062285110639634,0.5686275152926514,0.9127468958775103,0.994861565631604,0.7392137969326537,0.7080499881595255,-0.1761686065642214,-0.19300926397000098,-0.1770785128807121,3.7745068574028404,4,63,0.4444444444444444,0.32282753653228724
ES,RTH,B1,1day,S-B_q0.80,M3_HARJ,280,-0.021631869439199453,0.2210478882170671,0.9127468958775103,0.994861565631604,-0.02264221295570689,-0.021687661515135792,-2.2645191795079196,-2.480993569779081,-2.2762153627577852,0.6800171165842411,4,63,0.44086021505376344,2.525728523089445
ES,RTH,B1,1day,S-B_q0.80,M4_HARQ,280,-0.04756957592685549,0.16753549045910832,0.9127468958775103,0.994861565631604,-0.049791372464403634,-0.04769226552609842,-2.4284044580689197,-2.660545293593427,-2.44094710456244,0.6055883744307853,4,63,0.4946236559139785,2.616620461712525
ES,RTH,B1,1day,S-B_q0.80,M5_RGARCH,280,0.6637485795465495,0.5451749566776544,0.9127468958775103,0.994861565631604,0.6947497870853048,0.6654604940556854,-0.946876412704855,-1.037392093012305,-0.9517670049940217,4.085916455569548,4,63,0.43727598566308246,0.6192849237119216
ES,RTH,B1,1day,S-B_q0.80,M6_PARK,280,0.6065920766831673,0.5627412966477452,0.9127468958775103,0.994861565631604,0.6349237182717133,0.6081565753641441,-0.9486399128808594,-1.0393241731803882,-0.9535396136030242,2.8618341870125796,4,63,0.5483870967741935,0.6490210494860547
ES,RTH,B1,1day,S-B_q0.80,M6_GK,280,0.6100852044020262,0.5632227451880764,0.9127468958775103,0.994861565631604,0.6385799968894348,0.6116587124220938,-0.9343182804208163,-1.023633478942229,-0.939144010280113,3.0135049055040812,4,63,0.5089605734767025,0.6487498547059657
ES,RTH,B1,1day,S-C_q0.80,M1_EWMA,280,0.41673724346511426,0.36233607207089014,0.9127468958775103,0.994861565631604,0.43620147762229594,0.4178120759477278,0.14452531270274993,0.1583410618600943,0.14527178222127388,1.9716722736942678,4,63,0.5197132616487455,0.42208108967875263
ES,RTH,B1,1day,S-C_q0.80,M2_HAR,280,0.6848750149908255,0.5212899945881234,0.9127468958775103,0.994861565631604,0.7168629591192237,0.6866414179802051,0.4417369887130763,0.4839643834541804,0.4440185488848717,1.809432953270866,4,63,0.4014336917562724,0.18761180832850027
ES,RTH,B1,1day,S-C_q0.80,M3_HARJ,280,-0.1611679410531866,0.16350479468847165,0.9127468958775103,0.994861565631604,-0.16869549130812964,-0.16158361913551864,-0.7298211905796537,-0.7995876993676403,-0.7335906982358041,0.1337582521321043,4,63,0.4050179211469534,2.378724797603525
ES,RTH,B1,1day,S-C_q0.80,M4_HARQ,280,-0.22358555648611592,0.08540466919501298,0.9127468958775103,0.994861565631604,-0.2340283995337492,-0.22416221965343042,-0.8738423325129951,-0.9573763947703021,-0.8783557056586282,-0.10464899146838007,4,63,0.45878136200716846,2.4676994087171233
ES,RTH,B1,1day,S-C_q0.80,M5_RGARCH,280,0.6720925097811474,0.5248541799913629,0.9127468958775103,0.994861565631604,0.7034834310170203,0.6738259446304724,0.40163272291233076,0.4400263914633235,0.4037071455839665,1.8024871412174168,4,63,0.3835125448028674,0.2737002488281389
ES,RTH,B1,1day,S-C_q0.80,M6_PARK,280,0.6184860446684562,0.5437548976813585,0.9127468958775103,0.994861565631604,0.6473732089071949,0.6200812198088526,0.2221385124381121,0.24337361588564949,0.22328585213469762,2.2915209038752673,4,63,0.5627240143369175,0.2969560063284774
ES,RTH,B1,1day,S-C_q0.80,M6_GK,280,0.6115874447297057,0.5362360671510024,0.9127468958775103,0.994861565631604,0.6401524012304268,0.6131648272695726,0.23801314338975477,0.26076576591469,0.2392424751464273,2.0969808168847597,4,63,0.5125448028673835,0.2856783596325973
ES,RTH,B1,1day,S-B_q0.90,M1_EWMA,140,0.34099468028081636,0.3349194200870308,0.9127468958775103,0.994861565631604,0.3569212632954557,0.34187416049169633,-1.436078953181915,-1.573359449008343,-1.4434962639954805,,2,63,0.5107913669064749,0.8753408650338524
ES,RTH,B1,1day,S-B_q0.90,M2_HAR,140,0.714652057698742,0.5712623821915114,0.9127468958775103,0.994861565631604,0.7480307758480942,0.7164952604780144,-0.4437796977771784,-0.4862023631978839,-0.44607180848868927,,2,63,0.4028776978417266,0.3991758817584588
ES,RTH,B1,1day,S-B_q0.90,M3_HARJ,140,-0.30583727467917776,-0.03913547493093048,0.9127468958775103,0.994861565631604,-0.32012178709484845,-0.3066260782775456,-4.59964563917959,-5.039344050310369,-4.623402690463201,,2,63,0.38848920863309355,4.766690230928459
ES,RTH,B1,1day,S-B_q0.90,M4_HARQ,140,-0.3214101325178306,-0.06969840547324253,0.9127468958775103,0.994861565631604,-0.33642199473537576,-0.3222391010251779,-4.763235903924845,-5.218572558765586,-4.787837894713349,,2,63,0.4316546762589928,4.894074540260124
ES,RTH,B1,1day,S-B_q0.90,M5_RGARCH,140,0.6819014357228276,0.5587719490061447,0.9127468958775103,0.994861565631604,0.7137504951125448,0.6836601693722646,-1.3471024776232774,-1.4758773584523448,-1.3540602272317632,,2,63,0.4172661870503597,0.7434477213135577
ES,RTH,B1,1day,S-B_q0.90,M6_PARK,140,0.6051343028219852,0.5713154876514837,0.9127468958775103,0.994861565631604,0.6333978572591494,0.606695041669343,-0.7722245775413916,-0.8460445946507205,-0.7762130975992949,,2,63,0.5467625899280576,0.5785134403112494
ES,RTH,B1,1day,S-B_q0.90,M6_GK,140,0.6066678671214021,0.5411908770855657,0.9127468958775103,0.994861565631604,0.6350030485971548,0.6082325612781281,-0.7003911220613785,-0.7673442936094852,-0.7040086241714684,,2,63,0.5107913669064749,0.5221754398356253
ES,RTH,B1,1day,S-C_q0.90,M1_EWMA,140,0.3790507915211953,0.3348363254685006,0.9127468958775103,0.994861565631604,0.3967548328069875,0.3800284245733789,0.05180944436800383,0.05676211510770956,0.05207703881405024,,2,63,0.5323741007194245,0.6132401137108049
ES,RTH,B1,1day,S-C_q0.90,M2_HAR,140,0.730624468743298,0.636119918654742,0.9127468958775103,0.994861565631604,0.764749198326716,0.7325088669436314,0.489920578934708,0.5367540346041941,0.49245100610925097,,2,63,0.43884892086330934,0.17885831182732395
ES,RTH,B1,1day,S-C_q0.90,M3_HARJ,140,-0.39881791101096353,0.0020458258387850196,0.9127468958775103,0.994861565631604,-0.41744520033468646,-0.39984652664857345,-1.602104093334209,-1.7552555922898583,-1.6103789197214462,,2,63,0.4460431654676259,4.551896072393908
ES,RTH,B1,1day,S-C_q0.90,M4_HARQ,140,-0.44300320105941243,-0.1006163316682052,0.9127468958775103,0.994861565631604,-0.46369421961610463,-0.4441457776778142,-1.8387509920783724,-2.014524508802198,-1.848248093603869,,2,63,0.5251798561151079,4.735283320813717
ES,RTH,B1,1day,S-C_q0.90,M5_RGARCH,140,0.7116444846322859,0.5906190549080493,0.9127468958775103,0.994861565631604,0.7448827303200852,0.7134799303961336,0.45628025224895863,0.4998978953637449,0.45863692800242184,,2,63,0.4316546762589928,0.2746724323710608
ES,RTH,B1,1day,S-C_q0.90,M6_PARK,140,0.695194481897967,0.6705210907262034,0.9127468958775103,0.994861565631604,0.7276644096345202,0.6969875004548509,0.3872024240713653,0.4242166429929195,0.38920231462107346,,2,63,0.5899280575539568,0.22735133409772063
ES,RTH,B1,1day,S-C_q0.90,M6_GK,140,0.6762382648314679,0.6532242898690168,0.9127468958775103,0.994861565631604,0.7078228187419412,0.6779823922509024,0.35757357621012553,0.39175545578421944,0.35942043452358535,,2,63,0.5683453237410072,0.2329483092168649
ES,RTH,B1,1h,S-A,M1_EWMA,10906,0.7727082000936004,0.7579324064309698,0.9316287078116872,0.9762041724563976,0.8005603740901418,0.7820692157531892,0.5712667655271791,0.6131914578598956,0.5851918908415595,1.3243724183416226,173,63,0.4822558459422283,0.34329492691505614
ES,RTH,B1,1h,S-A,M2_HAR,10906,0.8354262614915628,0.8211330204123952,0.9316287078116872,0.9762041724563976,0.8655391004565492,0.8455470785287147,0.6518226857108294,0.6996592958603678,0.6677114317906105,3.425462105887108,173,63,0.4695093993580926,0.24637277191118997
ES,RTH,B1,1h,S-A,M3_HARJ,10906,0.7525282292130632,0.76019555572026,0.9316287078116872,0.9762041724563976,0.7796530185899748,0.7616447735141237,0.5157666404311578,0.5536182345031506,0.5283389018235267,1.8902366231221899,173,63,0.46125630444750115,0.37608260545701455
ES,RTH,B1,1h,S-A,M4_HARQ,10906,0.7046302976559762,0.7076014770274969,0.9316287078116872,0.9762041724563976,0.7300286118594125,0.7131665798512206,0.4390372257762991,0.4712577254167687,0.449739140810637,1.5094595299897589,173,63,0.4624484181568088,0.4095735508708865
ES,RTH,B1,1h,S-A,M5_RGARCH,10906,0.8210795281606305,0.8114976268325145,0.9316287078116872,0.9762041724563976,0.8506752408508256,0.8310265409138903,0.5331555410845186,0.5722832890549857,0.5461516720861302,3.4139209381777937,173,63,0.45960568546538283,0.6127118511007804
ES,RTH,B1,1h,S-A,M6_PARK,10906,0.7801281334343619,0.7666142310574405,0.9316287078116872,0.9762041724563976,0.8082477580344101,0.7895790382813407,0.406048077415759,0.4358475366968132,0.4159458532061286,3.1935037682560834,173,63,0.48766620816139383,0.7561902886468844
ES,RTH,B1,1h,S-A,M6_GK,10906,0.7878283592532777,0.7753311470354274,0.9316287078116872,0.9762041724563976,0.8162255375654452,0.7973725489061696,0.46167562253367,0.49555753130247016,0.47292936822014137,3.3062976280412077,173,63,0.48775790921595596,0.6679529480627816
ES,RTH,B1,1h,S-B_q0.80,M1_EWMA,2181,0.5399626854790519,0.4613547998578159,0.9316287078116872,0.9762041724563976,0.5594255754364519,0.5465040929000561,-0.5182559437421876,-0.556290225276038,-0.5308888840723898,1.1127118837885932,34,63,0.4761467889908257,0.6390043033761178
ES,RTH,B1,1h,S-B_q0.80,M2_HAR,2181,0.6240116209846445,0.517583480383403,0.9316287078116872,0.9762041724563976,0.6465040446983088,0.6315712438216935,-0.18777116369221813,-0.20155150020363355,-0.19234824946479626,1.560258187464271,34,63,0.44862385321100917,0.46083561304555953
ES,RTH,B1,1h,S-B_q0.80,M3_HARJ,2181,0.292376606586992,0.3609578359361489,0.9316287078116872,0.9762041724563976,0.30291528615347363,0.29591861894356686,-0.8107296808942248,-0.8702283153108888,-0.8304919234817513,1.1872891456746457,34,63,0.42844036697247706,0.9676614984547991
ES,RTH,B1,1h,S-B_q0.80,M4_HARQ,2181,0.2696704717236593,0.34412317262868725,0.9316287078116872,0.9762041724563976,0.27939071139403804,0.2729374093702743,-0.8827433617383611,-0.9475270076335954,-0.9042610005621432,1.0652145134756565,34,63,0.43302752293577984,1.0203828563102368
ES,RTH,B1,1h,S-B_q0.80,M5_RGARCH,2181,0.5362821155256363,0.4766906347185587,0.9316287078116872,0.9762041724563976,0.555612339782405,0.5427789344810774,-2.016808759276506,-2.164820322050627,-2.0659702305939356,1.303717662088474,34,63,0.4463302752293578,1.529898351557641
ES,RTH,B1,1h,S-B_q0.80,M6_PARK,2181,0.506225535889489,0.44779167957593624,0.9316287078116872,0.9762041724563976,0.5244723743537095,0.512358232770629,-1.5263128849820626,-1.638327449748984,-1.563518091857199,1.4165973131767562,34,63,0.47660550458715595,1.3254067582978706
ES,RTH,B1,1h,S-B_q0.80,M6_GK,2181,0.5166845501585104,0.4569281405963878,0.9316287078116872,0.9762041724563976,0.5353083825322271,0.5229439533387996,-1.3480955770560366,-1.447030953160077,-1.3809565817198446,1.4774901424659141,34,63,0.46559633027522934,1.1991400581166027
ES,RTH,B1,1h,S-C_q0.80,M1_EWMA,2181,0.5258407139391537,0.4207393290820068,0.9316287078116872,0.9762041724563976,0.5447945791334466,0.5322110399652493,0.22708794313984715,0.24375369848064954,0.23262340967917763,0.763166120003298,34,63,0.49678899082568806,0.33512290735823097
ES,RTH,B1,1h,S-C_q0.80,M2_HAR,2181,0.6960181058238901,0.6079590290863316,0.9316287078116872,0.9762041724563976,0.7211059946101123,0.7044500551511854,0.45368922274334933,0.4869850176783677,0.4647482929741457,3.403674153758248,34,63,0.5279816513761468,0.20954679057517314
ES,RTH,B1,1h,S-C_q0.80,M3_HARJ,2181,0.33242443629944635,0.36477651626277946,0.9316287078116872,0.9762041724563976,0.3444066350639901,0.3364516102746315,0.0851352585261651,0.0913832493699558,0.08721050465492422,1.4629881239050613,34,63,0.513302752293578,0.711693742677664
ES,RTH,B1,1h,S-C_q0.80,M4_HARQ,2181,0.3430968227967208,0.39204345984500877,0.9316287078116872,0.9762041724563976,0.3554637064470267,0.34725328798055893,0.0809034076346885,0.08684082720542544,0.08287549870957152,1.4992706138363523,34,63,0.5096330275229358,0.7318165982483198
ES,RTH,B1,1h,S-C_q0.80,M5_RGARCH,2181,0.6888446737506656,0.6159031832296978,0.9316287078116872,0.9762041724563976,0.7136739970418774,0.697189720143629,0.1731323390122551,0.18583834692999912,0.17735259067435313,4.1060984449487865,34,63,0.518348623853211,0.5336342518972514
ES,RTH,B1,1h,S-C_q0.80,M6_PARK,2181,0.6344714643905072,0.5733931422661519,0.9316287078116872,0.9762041724563976,0.6573409118998053,0.642157803571329,0.1902357475990022,0.20419695744010402,0.19487290975239008,3.3475306280375703,34,63,0.5472477064220184,0.39093996358434735
ES,RTH,B1,1h,S-C_q0.80,M6_GK,2181,0.6450572944786838,0.5845212812489327,0.9316287078116872,0.9762041724563976,0.6683083069584042,0.6528718762758169,0.2373908004426637,0.2548126721001047,0.24317740810851413,3.5231225030192683,34,63,0.5389908256880734,0.3666257433026307
ES,RTH,B1,1h,S-B_q0.90,M1_EWMA,1091,0.5231676391516825,0.44323054320195227,0.9316287078116872,0.9762041724563976,0.5420251536872438,0.5295055820673857,-1.2026108829577402,-1.290869283947428,-1.2319255714013608,0.9339300921792357,17,63,0.48073394495412847,0.884934912806757
ES,RTH,B1,1h,S-B_q0.90,M2_HAR,1091,0.6112621303662523,0.47549712709611464,0.9316287078116872,0.9762041724563976,0.6332950002263045,0.6186672988034179,-0.815779276470193,-0.8756484956183733,-0.8356646073510099,1.4195300130634885,17,63,0.4522935779816514,0.6589659230448529
ES,RTH,B1,1h,S-B_q0.90,M3_HARJ,1091,0.04886240526245947,0.12076658897512099,0.9316287078116872,0.9762041724563976,0.0506236447744702,0.04945435153761437,-2.2593096979700373,-2.4251181602990255,-2.3143823410270765,0.4812833184479418,17,63,0.42018348623853213,1.6687740296444626
ES,RTH,B1,1h,S-B_q0.90,M4_HARQ,1091,0.01890238539656634,0.09953303357658848,0.9316287078116872,0.9762041724563976,0.01958371960131669,0.01913137937602638,-2.3367169982120655,-2.5082063043128047,-2.3936765116791543,0.3137025548764653,17,63,0.42660550458715596,1.747246365251041
ES,RTH,B1,1h,S-B_q0.90,M5_RGARCH,1091,0.5074813217111073,0.43959962035290623,0.9316287078116872,0.9762041724563976,0.5257734248240035,0.513629231878116,-3.4734191466524766,-3.7283298781241174,-3.558086765714595,1.172943469356916,17,63,0.4522935779816514,2.091842994780362
ES,RTH,B1,1h,S-B_q0.90,M6_PARK,1091,0.4930351271596206,0.42905178669783256,0.9316287078116872,0.9762041724563976,0.5108065189300112,0.49900802811435296,-2.1689196269607045,-2.328094453052336,-2.221788933254718,1.456118436380029,17,63,0.48623853211009177,1.4877603435527207
ES,RTH,B1,1h,S-B_q0.90,M6_GK,1091,0.4958471354725711,0.4217746884503248,0.9316287078116872,0.9762041724563976,0.5137198857438842,0.5018541026554724,-2.0520895508807797,-2.2026903354029903,-2.102111022243594,1.3788827718657721,17,63,0.4724770642201835,1.3959184905279265
ES,RTH,B1,1h,S-C_q0.90,M1_EWMA,1091,0.5450150707937421,0.44894992241925874,0.9316287078116872,0.9762041724563976,0.5646600733712298,0.5516176856123685,0.25375387832768126,0.2723766197842127,0.2599393502787095,1.1046224903834898,17,63,0.5137614678899083,0.3504690916551363
ES,RTH,B1,1h,S-C_q0.90,M2_HAR,1091,0.7073332664973315,0.6093554953695048,0.9316287078116872,0.9762041724563976,0.7328290088870709,0.7159022939561155,0.4709679572441803,0.5055318210947385,0.4824482116882329,3.4551816098581782,17,63,0.5229357798165137,0.19847820451306714
ES,RTH,B1,1h,S-C_q0.90,M3_HARJ,1091,-0.034993531426592984,0.16364550614610338,0.9316287078116872,0.9762041724563976,-0.03625486905175193,-0.035417462472787355,-0.29035909665071924,-0.3116682581977823,-0.29743685270274567,0.8823915318089252,17,63,0.4954128440366973,1.2012466127292256
ES,RTH,B1,1h,S-C_q0.90,M4_HARQ,1091,-0.04404057974413858,0.15335607062700563,0.9316287078116872,0.9762041724563976,-0.04562801713614985,-0.04457411175090687,-0.3296329232768205,-0.35382435138897644,-0.3376680130831377,0.7475707005122864,17,63,0.4926605504587156,1.250550254102448
ES,RTH,B1,1h,S-C_q0.90,M5_RGARCH,1091,0.6920375166605445,0.6027500573157701,0.9316287078116872,0.9762041724563976,0.716981925589852,0.7004212429231849,0.13419943757180308,0.14404819908032418,0.13747066582815404,3.5591182945411717,17,63,0.5110091743119266,0.5404954812864807
ES,RTH,B1,1h,S-C_q0.90,M6_PARK,1091,0.639907168228037,0.5664759651593386,0.9316287078116872,0.9762041724563976,0.6629725450274063,0.6476593585396451,0.19858761627943633,0.21316176134793113,0.20342836251123103,3.0760520302649152,17,63,0.5486238532110091,0.3310379066205567
ES,RTH,B1,1h,S-C_q0.90,M6_GK,1091,0.6467541124476619,0.5796765995211995,0.9316287078116872,0.9762041724563976,0.6700662865266854,0.6545892504386819,0.22159267439670405,0.23785513750129653,0.2269941889708544,2.876140432243094,17,63,0.5532110091743119,0.33157551808965907
ES,RTH,B1,30min,S-A,M1_EWMA,22312,0.7873589601105867,0.7734554754971168,0.7911741771303851,0.998978434296922,0.885190454598224,0.787761437959857,0.5971712499727602,0.7547911284702441,0.5977819234837111,1.2839182471017776,354,63,0.4702613060822016,0.34796734508036725
ES,RTH,B1,30min,S-A,M2_HAR,22312,0.8556687606902882,0.8410205812775939,0.7911741771303851,0.998978434296922,0.9619879338828533,0.8561061567700153,0.684475763297751,0.865139160355773,0.6851757153090926,4.220481718216109,354,63,0.4152211913405943,0.22728863406293986
ES,RTH,B1,30min,S-A,M3_HARJ,22312,0.3857358124058484,0.3295837803007919,0.7911741771303851,0.998978434296922,0.4336645373164874,0.3859329907298772,-0.2274277352559786,-0.28745596333902923,-0.22766030521573927,0.6572353111565671,354,63,0.38617722199811755,0.5362813071788394
ES,RTH,B1,30min,S-A,M4_HARQ,22312,0.32602107065349933,0.24981917861262937,0.7911741771303851,0.998978434296922,0.36653007631974804,0.32618772432225923,-0.3779168767740886,-0.47766583857021927,-0.37830333849004993,0.5126524762020565,354,63,0.38295011429339787,0.5830699052648041
ES,RTH,B1,30min,S-A,M5_RGARCH,22312,0.8463464993211746,0.839542642361295,0.7911741771303851,0.998978434296922,0.9515073561574786,0.8467791300982935,0.5169476521698954,0.653392978578853,0.5174762881980746,4.557143793016089,354,63,0.41194926269553134,0.6657376602224429
ES,RTH,B1,30min,S-A,M6_PARK,22312,0.8140530856345118,0.8008201795965779,0.7911741771303851,0.998978434296922,0.9152013978969534,0.8144692088409488,0.5096033448253992,0.6441101840226223,0.5101244704887513,3.832345488371958,354,63,0.45278113934830355,0.608813472544866
ES,RTH,B1,30min,S-A,M6_GK,22312,0.8206272749341175,0.8088911470335501,0.7911741771303851,0.998978434296922,0.9225924481161766,0.8210467586987038,0.5559538004033815,0.7026945727928638,0.5565223245231116,3.9743754746817683,354,63,0.46102819237147596,0.5465165077619049
ES,RTH,B1,30min,S-B_q0.80,M1_EWMA,4463,0.5505075641175315,0.4843230491663053,0.7911741771303851,0.998978434296922,0.6189096277922785,0.5507889695649045,-0.4946149484557958,-0.6251656875983751,-0.4951207468296393,0.6727024791808379,70,63,0.4831913939937248,0.6694111134803801
ES,RTH,B1,30min,S-B_q0.80,M2_HAR,4463,0.6711662069383846,0.592117033100992,0.7911741771303851,0.998978434296922,0.7545604354935009,0.6715092900112355,0.020630707898594225,0.02607606326766438,0.020651805074364846,2.0663957670547752,70,63,0.4522635589421784,0.4013859926843166
ES,RTH,B1,30min,S-B_q0.80,M3_HARJ,4463,0.5124432988987425,0.5492303497988326,0.7911741771303851,0.998978434296922,0.5761157739848172,0.5127052468630926,-0.22033213767457838,-0.2784875240414574,-0.22055745160269397,1.493751235464397,70,63,0.448677722994173,0.5877013672034398
ES,RTH,B1,30min,S-B_q0.80,M4_HARQ,4463,0.5073432535665399,0.5486236578880926,0.7911741771303851,0.998978434296922,0.570382034134508,0.5076025945175955,-0.2207233128779944,-0.27898194766488105,-0.22094902682592824,1.5060579803541148,70,63,0.4471089197669207,0.5888422217504283
ES,RTH,B1,30min,S-B_q0.80,M5_RGARCH,4463,0.6080271504000083,0.5734165173996546,0.7911741771303851,0.998978434296922,0.6835761792753989,0.6083379583950765,-1.5605523727082002,-1.9724510958742048,-1.5621482097423978,1.6558544209499795,70,63,0.4435230838189153,1.3871553828880356
ES,RTH,B1,30min,S-B_q0.80,M6_PARK,4463,0.5676766489483548,0.5207173754741651,0.7911741771303851,0.998978434296922,0.6382120181585447,0.5679668307946598,-0.9098081629667483,-1.149946736465354,-0.9107385422259575,1.730739872433693,70,63,0.48296727924697447,1.014836745378227
ES,RTH,B1,30min,S-B_q0.80,M6_GK,4463,0.5774805064433355,0.529093038568215,0.7911741771303851,0.998978434296922,0.6492340316396376,0.5777756997719238,-0.768162433521709,-0.9709144404938235,-0.768947964389581,1.7819325091196998,70,63,0.4872254594352308,0.9441717701037485
ES,RTH,B1,30min,S-C_q0.80,M1_EWMA,4463,0.5484725814001296,0.4629371153466693,0.7911741771303851,0.998978434296922,0.6166217929317168,0.5487529466161609,0.23675268908271152,0.2992421844977567,0.23699479483692493,1.0313621600616367,70,63,0.5002241147467503,0.37354452396973753
ES,RTH,B1,30min,S-C_q0.80,M2_HAR,4463,0.7261245843100346,0.6514294625742097,0.7911741771303851,0.998978434296922,0.8163475408853781,0.72649576070581,0.5060206577874795,0.6395818675766608,0.5065381197579258,4.090521196099466,70,63,0.4744509188704617,0.19597488335805827
ES,RTH,B1,30min,S-C_q0.80,M3_HARJ,4463,0.5827147619809115,0.6068536719433653,0.7911741771303851,0.998978434296922,0.6551186576787437,0.5830126309276333,0.3337962405531971,0.4218998170085469,0.3341375840491711,2.568089095506261,70,63,0.4708650829224563,0.4096564088149525
ES,RTH,B1,30min,S-C_q0.80,M4_HARQ,4463,0.6027184328891856,0.6347883916064164,0.7911741771303851,0.998978434296922,0.6776078391601372,0.6030265272030557,0.3501151409809058,0.44252599629930417,0.3504731723536312,2.5228061654736846,70,63,0.471313312415957,0.40012968092848367
ES,RTH,B1,30min,S-C_q0.80,M5_RGARCH,4463,0.7496294738170296,0.6899196720779853,0.7911741771303851,0.998978434296922,0.8427729769089367,0.7500126653137379,0.22161339270249125,0.2801069588826703,0.22184001685528085,3.873925238277659,70,63,0.4560735096369341,0.504910920059337
ES,RTH,B1,30min,S-C_q0.80,M6_PARK,4463,0.6722320976479474,0.609280547931993,0.7911741771303851,0.998978434296922,0.7557587660257622,0.6725757255769848,0.292963897865823,0.37029001493503333,0.29326348578486594,3.2695141164722705,70,63,0.5103092783505154,0.3325846005890182
ES,RTH,B1,30min,S-C_q0.80,M6_GK,4463,0.6850288411029494,0.6194483708745312,0.7911741771303851,0.998978434296922,0.7701455396959558,0.6853790104013548,0.34273608915737963,0.43319928666086494,0.34308657463521347,3.470500884358506,70,63,0.5154639175257731,0.3064516820339691
ES,RTH,B1,30min,S-B_q0.90,M1_EWMA,2232,0.5143347905355106,0.43587069119248156,0.7911741771303851,0.998978434296922,0.5782422886073019,0.5145977053822159,-1.174640018647155,-1.484679420285952,-1.1758412177074304,0.6716077274517527,35,63,0.48363962348722545,0.9162986180632254
ES,RTH,B1,30min,S-B_q0.90,M2_HAR,2232,0.6292159086539649,0.5167104103159853,0.7911741771303851,0.998978434296922,0.7073976984317407,0.6295375478026527,-0.4973333760324572,-0.628601628324501,-0.4978419542985219,1.5583000760025882,35,63,0.4621246077991932,0.5722500087809795
ES,RTH,B1,30min,S-B_q0.90,M3_HARJ,2232,0.32485042634572764,0.368463901494729,0.7911741771303851,0.998978434296922,0.3652139762694943,0.32501648161092944,-1.130748555235861,-1.4292030603641834,-1.1319048704306398,1.0375913851434693,35,63,0.4495741819811744,0.9754537149413952
ES,RTH,B1,30min,S-B_q0.90,M4_HARQ,2232,0.3113519144398058,0.36190997107671735,0.7911741771303851,0.998978434296922,0.35003823750769214,0.3115110696094788,-1.0843043523561593,-1.3705001802371344,-1.0854131732275976,0.9936568688193457,35,63,0.4509188704616764,0.9654856166803356
ES,RTH,B1,30min,S-B_q0.90,M5_RGARCH,2232,0.5522343696776864,0.5038473867899362,0.7911741771303851,0.998978434296922,0.62085099364475,0.5525166578240863,-2.7060862658567215,-3.420341998106897,-2.708853537725523,1.2616145959977123,35,63,0.45181532944867775,1.8182986302040345
ES,RTH,B1,30min,S-B_q0.90,M6_PARK,2232,0.5150404275903528,0.45260518773182723,0.7911741771303851,0.998978434296922,0.579035602987403,0.5153037031407507,-1.455169571638161,-1.8392531173301296,-1.4566576431275065,1.374173662480916,35,63,0.4943971313312416,1.1937118271849332
ES,RTH,B1,30min,S-B_q0.90,M6_GK,2232,0.5252961654584392,0.4590016578527645,0.7911741771303851,0.998978434296922,0.5905656442082667,0.5255646834808593,-1.3152601405149018,-1.6624154055247276,-1.3166051391695737,1.4179995795920608,35,63,0.49170775437023756,1.1209036787542457
ES,RTH,B1,30min,S-C_q0.90,M1_EWMA,2232,0.5348110510865174,0.44774449161514035,0.7911741771303851,0.998978434296922,0.6012627802812286,0.5350844328761614,0.17978796656322282,0.22724195475555045,0.1799718196016484,0.850719005889895,35,63,0.5163603765127746,0.3916272261652762
ES,RTH,B1,30min,S-C_q0.90,M2_HAR,2232,0.7256721556545705,0.6294074629445521,0.7911741771303851,0.998978434296922,0.815838896737673,0.7260431007803391,0.5108479880391155,0.6456833435742027,0.5113703864875209,3.2032784640638843,35,63,0.4975347377857463,0.18258036862594187
ES,RTH,B1,30min,S-C_q0.90,M3_HARJ,2232,0.39659733780794176,0.3873560308987439,0.7911741771303851,0.998978434296922,0.44587563682179915,0.39680006826715297,0.1317792867360129,0.1665616630891326,0.1319140456007529,1.3994453099768003,35,63,0.48543254146122816,0.6098526430885987
ES,RTH,B1,30min,S-C_q0.90,M4_HARQ,2232,0.4063354821026217,0.41877498658292567,0.7911741771303851,0.998978434296922,0.45682377205854063,0.4065431904532016,0.13540096936725987,0.17113926778849592,0.13553943180220368,1.4443328772326272,35,63,0.4881219184222322,0.5997660803046826
ES,RTH,B1,30min,S-C_q0.90,M5_RGARCH,2232,0.7365119305637433,0.6582315813273166,0.7911741771303851,0.998978434296922,0.8280255431921,0.7368884167063962,0.1294332622952702,0.16359641914088868,0.12956562209109643,3.450713572346566,35,63,0.46436575526669654,0.5084044070326107
ES,RTH,B1,30min,S-C_q0.90,M6_PARK,2232,0.655238824553909,0.5824396028593558,0.7911741771303851,0.998978434296922,0.7366540324832482,0.6555737659544969,0.2613517122102791,0.33033397672079035,0.2616189731805548,3.4181481286564335,35,63,0.5392200806813088,0.2956280024311044
ES,RTH,B1,30min,S-C_q0.90,M6_GK,2232,0.6650162467536258,0.5908088933174329,0.7911741771303851,0.998978434296922,0.7476463260116669,0.6653561861234472,0.2956283624619006,0.37365774946567953,0.2959306750900613,3.2481210383664534,35,63,0.5347377857463022,0.28791916156137193
NQ,RTH,B0,1day,S-A,M1_EWMA,1401,0.7015963314321415,0.7027956129621233,0.934437050707514,0.9946217617849026,0.7257921797778115,0.7034906520472944,0.38241676339777353,0.40924828816261577,0.384484613237806,1.6862985357969789,22,63,0.5278571428571428,0.2714734388083432
NQ,RTH,B0,1day,S-A,M2_HAR,1401,0.829133867415977,0.8243908954956191,0.934437050707514,0.9946217617849026,0.8577280837986438,0.8313725412906843,0.6757235943242298,0.7231344196086853,0.6793774480779581,2.9595711285366657,22,63,0.37357142857142855,0.15207892493232975
NQ,RTH,B0,1day,S-A,M3_HARJ,1401,0.7283058050241163,0.7589775086111017,0.934437050707514,0.9946217617849026,0.7534227790135093,0.7302722416184704,0.526806729642041,0.5637690941761849,0.529655342244531,2.9271881192981635,22,63,0.4007142857142857,0.4429779588340259
NQ,RTH,B0,1day,S-A,M4_HARQ,1401,0.7291184070236563,0.7625480553528257,0.934437050707514,0.9946217617849026,0.754263405097363,0.7310870376555939,0.5267704562346216,0.5637302757160308,0.5296188726951877,2.64452281088855,22,63,0.37714285714285717,0.4521656308186152
NQ,RTH,B0,1day,S-A,M5_RGARCH,1401,0.8143158064397402,0.811885921829105,0.934437050707514,0.9946217617849026,0.8423989945571565,0.816514471327618,0.1415128800023372,0.15144185463877952,0.14227808543861403,3.0980997397052055,22,63,0.3628571428571429,0.6618566309550106
NQ,RTH,B0,1day,S-A,M6_PARK,1401,0.7576289994418876,0.7432640905062043,0.934437050707514,0.9946217617849026,0.7837572380764287,0.7596746091008646,0.4079662031140139,0.43659035437980553,0.4101722069522151,3.141835980867159,22,63,0.5064285714285715,0.35483160246524986
NQ,RTH,B0,1day,S-A,M6_GK,1401,0.7618226686257444,0.7470681790511218,0.934437050707514,0.9946217617849026,0.7880955337057766,0.763879601254401,0.4547597001797091,0.48666702570856474,0.45721873143376457,3.06810306039456,22,63,0.47,0.32117528806397283
NQ,RTH,B0,1day,S-B_q0.80,M1_EWMA,280,0.2424510978254332,0.263182839431261,0.934437050707514,0.9946217617849026,0.25081247278053126,0.24310571942506395,-0.8712295334365787,-0.9323576508197343,-0.8759405503787794,2.9010735690494833,4,63,0.5842293906810035,0.4258601308107644
NQ,RTH,B0,1day,S-B_q0.80,M2_HAR,280,0.5998729827487119,0.5039949489151647,0.934437050707514,0.9946217617849026,0.6205607130959114,0.6014926487970998,-0.5211775733255661,-0.5577449791090301,-0.5239957472781259,3.4059859144538978,4,63,0.46953405017921146,0.28135591099926294
NQ,RTH,B0,1day,S-B_q0.80,M3_HARJ,280,-0.030438932222070978,0.1892564830611329,0.934437050707514,0.9946217617849026,-0.03148867515095143,-0.030521117795495815,-2.8348747001971413,-3.033778142733853,-2.850203775060989,0.4710045669953396,4,63,0.4838709677419355,1.7109276991645395
NQ,RTH,B0,1day,S-B_q0.80,M4_HARQ,280,-0.0607259087608592,0.17313334936487143,0.934437050707514,0.9946217617849026,-0.0628201541455685,-0.06088986962508546,-2.9135887862465806,-3.118015048783159,-2.929343493367758,0.2864785784793983,4,63,0.4874551971326165,1.7629161289602706
NQ,RTH,B0,1day,S-B_q0.80,M5_RGARCH,280,0.523128442196406,0.44414998004712164,0.934437050707514,0.9946217617849026,0.5411694949864818,0.5245408968345348,-4.466524184698729,-4.779909124233543,-4.490676110568212,3.7801400863662264,4,63,0.46953405017921146,1.382266380973759
NQ,RTH,B0,1day,S-B_q0.80,M6_PARK,280,0.5245871471331413,0.48294657548474557,0.934437050707514,0.9946217617849026,0.542678506063442,0.5260035402964722,-1.3330228756855593,-1.4265518203460081,-1.3402309570357456,3.028196276123787,4,63,0.5734767025089605,0.516356333372921
NQ,RTH,B0,1day,S-B_q0.80,M6_GK,280,0.5294005667181262,0.4770536431769356,0.934437050707514,0.9946217617849026,0.5476579253338367,0.5308299561865129,-1.2801517257884991,-1.3699710695538296,-1.2870739159086944,3.1966147279895334,4,63,0.5232974910394266,0.4933491573605292
NQ,RTH,B0,1day,S-C_q0.80,M1_EWMA,280,0.3006728786112164,0.3057026966451831,0.934437050707514,0.9946217617849026,0.3110421394619435,0.30148469989199184,0.015584475526045027,0.01667792979125256,0.01566874577334588,1.38801752284366,4,63,0.5985663082437276,0.3401635812659674
NQ,RTH,B0,1day,S-C_q0.80,M2_HAR,280,0.5947653832323336,0.49203360830039744,0.934437050707514,0.9946217617849026,0.6152769685545778,0.5963712586854399,0.31862990656491696,0.340985951192394,0.3203528404537604,2.337320337192006,4,63,0.4121863799283154,0.17651426595521924
NQ,RTH,B0,1day,S-C_q0.80,M3_HARJ,280,-0.15464884955985714,0.13353809886012535,0.934437050707514,0.9946217617849026,-0.1599822014363479,-0.155066403772595,-0.9435165208467939,-1.0097165134156498,-0.9486184166668569,-0.06655317734246335,4,63,0.44086021505376344,1.606283874852259
NQ,RTH,B0,1day,S-C_q0.80,M4_HARQ,280,-0.22029017632317974,0.09813341401076962,0.934437050707514,0.9946217617849026,-0.22788729087404466,-0.22088496310245614,-1.0408134756426661,-1.1138401188765028,-1.0464414872391994,-0.3300883360671348,4,63,0.4229390681003584,1.668422399054375
NQ,RTH,B0,1day,S-C_q0.80,M5_RGARCH,280,0.5105898655993355,0.42436656444233073,0.934437050707514,0.9946217617849026,0.5281985023629564,0.511968465892639,-0.591130458793754,-0.6326059720621913,-0.5943268903878982,2.056612583224421,4,63,0.36200716845878134,0.7018070219065471
NQ,RTH,B0,1day,S-C_q0.80,M6_PARK,280,0.5353110198339208,0.49964419639703367,0.934437050707514,0.9946217617849026,0.5537722113672752,0.5367563676143461,0.012516101855809647,0.013394269679624768,0.012583780424579515,2.260746119958294,4,63,0.6344086021505376,0.2750319082810094
NQ,RTH,B0,1day,S-C_q0.80,M6_GK,280,0.5219478299229836,0.4603336777254811,0.934437050707514,0.9946217617849026,0.5399481671131583,0.5233570968902712,0.057478158263995716,0.061511000896717245,0.057788961062794415,2.679491910205109,4,63,0.5483870967741935,0.2644644090144521
NQ,RTH,B0,1day,S-B_q0.90,M1_EWMA,140,0.2035045751520659,0.2000612276136538,0.934437050707514,0.9946217617849026,0.21052280717157817,0.20405404055648385,-2.1007652099671312,-2.2481612949492162,-2.112124719850483,,2,63,0.6115107913669064,0.6996059162846862
NQ,RTH,B0,1day,S-B_q0.90,M2_HAR,140,0.575918486335185,0.45454943036452305,0.934437050707514,0.9946217617849026,0.5957801015269141,0.577473474884064,-1.0330237787017205,-1.1055038730747684,-1.0386096689136415,,2,63,0.43884892086330934,0.3628035403687937
NQ,RTH,B0,1day,S-B_q0.90,M3_HARJ,140,-0.2389200256985821,0.002575900627849232,0.934437050707514,0.9946217617849026,-0.24715962509435743,-0.2395651133505227,-5.997324409085657,-6.418114954393932,-6.029753861732457,,2,63,0.460431654676259,3.194451504542933
NQ,RTH,B0,1day,S-B_q0.90,M4_HARQ,140,-0.2963008318377163,-0.04828061363865031,0.934437050707514,0.9946217617849026,-0.3065193145615455,-0.2971008485266454,-6.0941154861309,-6.521697188180529,-6.127068319111257,,2,63,0.4460431654676259,3.279465986232204
NQ,RTH,B0,1day,S-B_q0.90,M5_RGARCH,140,0.5072001257492902,0.4226892042596926,0.934437050707514,0.9946217617849026,0.5246918610588006,0.5085695736941701,-6.191049027163715,-6.625431881661937,-6.224526010826008,,2,63,0.4316546762589928,1.736731814741891
NQ,RTH,B0,1day,S-B_q0.90,M6_PARK,140,0.5080943786821549,0.5024644114495638,0.934437050707514,0.9946217617849026,0.5256169539595741,0.5094662411233627,-1.42975883550482,-1.5300750697141883,-1.4374899991520802,,2,63,0.5755395683453237,0.5003776162142828
NQ,RTH,B0,1day,S-B_q0.90,M6_GK,140,0.5059586053358885,0.45862981347444853,0.934437050707514,0.9946217617849026,0.5234075245155322,0.507324701157036,-1.498209625488287,-1.60332857558881,-1.5063109244660693,,2,63,0.5035971223021583,0.4946509515615534
NQ,RTH,B0,1day,S-C_q0.90,M1_EWMA,140,0.180833821840639,0.1858126872362293,0.934437050707514,0.9946217617849026,0.18707021096213372,0.18132207587117302,-0.1333072422508177,-0.14266048435245948,-0.13402807717738915,,2,63,0.5971223021582733,0.48733304446045217
NQ,RTH,B0,1day,S-C_q0.90,M2_HAR,140,0.6255737134698987,0.5578841486081653,0.934437050707514,0.9946217617849026,0.6471477810954493,0.6272627718766107,0.315950061632429,0.33811808017801276,0.31765850474198304,,2,63,0.43884892086330934,0.17066643993222347
NQ,RTH,B0,1day,S-C_q0.90,M3_HARJ,140,-0.34067782886459885,0.020206143081930302,0.934437050707514,0.9946217617849026,-0.35242673448546186,-0.34159766411092407,-1.9971978251616753,-2.1373273070128014,-2.007997313046515,,2,63,0.5107913669064749,3.0238910268806474
NQ,RTH,B0,1day,S-C_q0.90,M4_HARQ,140,-0.3911815513555366,-0.0577145818643667,0.934437050707514,0.9946217617849026,-0.4046721713433892,-0.3922377474098798,-2.1710307779573985,-2.323356909182476,-2.182770236256812,,2,63,0.45323741007194246,3.1565865891115856
NQ,RTH,B0,1day,S-C_q0.90,M5_RGARCH,140,0.5486654472103617,0.4619317312107762,0.934437050707514,0.9946217617849026,0.5675871908946716,0.5501468521449501,-0.41171342648959675,-0.4406004943595352,-0.4139396927639656,,2,63,0.4316546762589928,0.6573866420492327
NQ,RTH,B0,1day,S-C_q0.90,M6_PARK,140,0.5834100786956173,0.5528722310905076,0.934437050707514,0.9946217617849026,0.6035300553189841,0.5849852946562042,0.18683676495037993,0.19994580138802873,0.18784705113941128,,2,63,0.6546762589928058,0.22037407894550579
NQ,RTH,B0,1day,S-C_q0.90,M6_GK,140,0.5770876692459787,0.527607093656382,0.934437050707514,0.9946217617849026,0.5969896058748796,0.5786458146062483,0.19301483738708924,0.20655734620212995,0.19405853039120485,,2,63,0.5611510791366906,0.22091716523267715
NQ,RTH,B0,1h,S-A,M1_EWMA,10906,0.740875014830743,0.7318974341408652,0.9357212155969796,0.9781812308341564,0.7658993673188892,0.7490922194598252,0.49310304384265,0.526976449420414,0.5041019274333757,1.0775050504710777,173,63,0.4773956900504356,0.3793223109889101
NQ,RTH,B0,1h,S-A,M2_HAR,10906,0.805195305077447,0.7948648597978077,0.9357212155969796,0.9781812308341564,0.8323921881315498,0.8141258999223941,0.5966084281968692,0.6375920714977481,0.6099160456065016,3.2381857817700013,173,63,0.47299403943145346,0.32012543084424366
NQ,RTH,B0,1h,S-A,M3_HARJ,10906,0.7818928683568865,0.786145366650892,0.9357212155969796,0.9781812308341564,0.8083026707581734,0.790565010848797,0.5644251583549436,0.6031979920374538,0.5770149135591396,2.4191899326022717,173,63,0.47161852361302153,0.3796055783291953
NQ,RTH,B0,1h,S-A,M4_HARQ,10906,0.7736797480913585,0.7800755819918024,0.9357212155969796,0.9781812308341564,0.7998121379568764,0.7822607970944698,0.5572200820276039,0.5954979674924905,0.569649124786853,2.283177072442528,173,63,0.4739110499770747,0.39069375560658426
NQ,RTH,B0,1h,S-A,M5_RGARCH,10906,0.6690164437433046,0.6906828331815941,0.9357212155969796,0.9781812308341564,0.6916136470143897,0.6764366494573757,-0.5298551661345827,-0.5662532357958145,-0.5416738222248877,2.767911038617715,173,63,0.4574965612104539,3.9227096142789617
NQ,RTH,B0,1h,S-A,M6_PARK,10906,0.7229179300186868,0.7099480115666588,0.9357212155969796,0.9781812308341564,0.7473357504859103,0.7309359687459789,0.3607549628677492,0.38553679969475907,0.3688017634115826,2.7914166877095976,173,63,0.477670793214122,0.943703650317117
NQ,RTH,B0,1h,S-A,M6_GK,10906,0.7319918527919708,0.7198584260427062,0.9357212155969796,0.9781812308341564,0.7567161609087754,0.740110532354389,0.40923483078489575,0.43734696185530914,0.41836299643156677,2.919022046946032,173,63,0.4772122879413113,0.8357665287073834
NQ,RTH,B0,1h,S-B_q0.80,M1_EWMA,2181,0.4595235047147434,0.4282025969082582,0.9357212155969796,0.9781812308341564,0.47504471669838294,0.46462017904513186,-0.9390571604727738,-1.003565105525224,-0.9600032497781428,0.8862196734405817,34,63,0.47293577981651375,0.6070030566061964
NQ,RTH,B0,1h,S-B_q0.80,M2_HAR,2181,0.509466070885561,0.4373684997496881,0.9357212155969796,0.9781812308341564,0.5266741805982413,0.5151166689921761,-0.8687261414613678,-0.928402741095413,-0.8881034659809928,1.0863045849310062,34,63,0.4114678899082569,0.5751212320803096
NQ,RTH,B0,1h,S-B_q0.80,M3_HARJ,2181,0.2973004284640946,0.3201368133783227,0.9357212155969796,0.9781812308341564,0.3073422716465942,0.3005978516570759,-1.3625896421508212,-1.4561918864706989,-1.3929828125907258,0.5982971290645972,34,63,0.41009174311926605,0.861592350994329
NQ,RTH,B0,1h,S-B_q0.80,M4_HARQ,2181,0.273288963478203,0.3004906281051883,0.9357212155969796,0.9781812308341564,0.28251977733519484,0.27632007033268796,-1.4602698043782678,-1.5605821264260125,-1.4928417744562572,0.5182177165437769,34,63,0.4068807339449541,0.901087705992428
NQ,RTH,B0,1h,S-B_q0.80,M5_RGARCH,2181,0.4034481079397955,0.3610714090606655,0.9357212155969796,0.9781812308341564,0.41707527508899084,0.40792283794660333,-9.426551130021886,-10.0741021715617,-9.636814562454113,0.843876439488779,34,63,0.40458715596330275,6.270149204368924
NQ,RTH,B0,1h,S-B_q0.80,M6_PARK,2181,0.3825456330715752,0.32900952635163794,0.9357212155969796,0.9781812308341564,0.3954667824870014,0.3867885292200288,-3.1288172418452955,-3.3437493878442686,-3.198606907614816,0.8838129370813606,34,63,0.43486238532110094,1.7889152047169834
NQ,RTH,B0,1h,S-B_q0.80,M6_GK,2181,0.3940958744533216,0.33998030377108834,0.9357212155969796,0.9781812308341564,0.4074071535206784,0.3984668768208395,-2.857025049570011,-3.0532866006968336,-2.9207522691205665,0.9360537044254,34,63,0.43119266055045874,1.6286945844893501
NQ,RTH,B0,1h,S-C_q0.80,M1_EWMA,2181,0.45698689375940654,0.4135283453778538,0.9357212155969796,0.9781812308341564,0.47242242726097966,0.4620554339904299,0.12263199937091496,0.13105612796507676,0.12536736087886186,1.1876303409634266,34,63,0.5123853211009174,0.31550986439250006
NQ,RTH,B0,1h,S-C_q0.80,M2_HAR,2181,0.6432744198714057,0.581070788384585,0.9357212155969796,0.9781812308341564,0.6650021411566853,0.6504091152450174,0.3615881927109823,0.38642726774159236,0.36965357881855226,3.4722678800087836,34,63,0.5252293577981652,0.21440391254310306
NQ,RTH,B0,1h,S-C_q0.80,M3_HARJ,2181,0.37239810153018665,0.40582095234966165,0.9357212155969796,0.9781812308341564,0.3849765002776958,0.3765284492170422,0.09522114363919254,0.10176230062117649,0.09734509376957837,1.3077883786337747,34,63,0.5247706422018349,0.49559193191213596
NQ,RTH,B0,1h,S-C_q0.80,M4_HARQ,2181,0.3564111650769272,0.39335285673074505,0.9357212155969796,0.9781812308341564,0.3684495770182902,0.36036419820248855,0.06314351881777158,0.06748112340007886,0.06455196320207979,1.3219419229900073,34,63,0.5211009174311927,0.5090731069310725
NQ,RTH,B0,1h,S-C_q0.80,M5_RGARCH,2181,0.5411134023796199,0.4885143243560893,0.9357212155969796,0.9781812308341564,0.559390456195912,0.5471150078675685,-1.710567724311268,-1.8280741056191026,-1.7487227012652449,3.2771739079405884,34,63,0.5160550458715596,1.9150551375689313
NQ,RTH,B0,1h,S-C_q0.80,M6_PARK,2181,0.5163233122721539,0.4726557820189245,0.9357212155969796,0.9781812308341564,0.5337630373344133,0.5220499655223989,-0.06858610316926561,-0.07329758268386428,-0.0701159468279492,2.9272835994543613,34,63,0.5495412844036697,0.44674602016122655
NQ,RTH,B0,1h,S-C_q0.80,M6_GK,2181,0.5293638172230457,0.48685114726699014,0.9357212155969796,0.9781812308341564,0.5472440082019336,0.5352351055271162,-0.009907764833225752,-0.010588372549514878,-0.010128761952196506,3.03428721551644,34,63,0.5532110091743119,0.4194968039436803
NQ,RTH,B0,1h,S-B_q0.90,M1_EWMA,1091,0.40348989941716784,0.36422977538779044,0.9357212155969796,0.9781812308341564,0.417118478146778,0.40796509294226746,-2.0868064318300856,-2.230158296131745,-2.1333535811666873,0.7669726470203595,17,63,0.48990825688073397,0.8519019620674189
NQ,RTH,B0,1h,S-B_q0.90,M2_HAR,1091,0.4657648574256689,0.3918859628250054,0.9357212155969796,0.9781812308341564,0.48149688203912394,0.4709307559455108,-1.9487418660780733,-2.082609471278043,-1.9922094236221022,1.2515294006828066,17,63,0.42844036697247706,0.7770587422598941
NQ,RTH,B0,1h,S-B_q0.90,M3_HARJ,1091,0.1159638219620669,0.16015471018008973,0.9357212155969796,0.9781812308341564,0.11988070335037279,0.11725000172998692,-3.1474851448030163,-3.3636996707346816,-3.217691206484261,0.3099127191936631,17,63,0.41834862385321103,1.3429071534604098
NQ,RTH,B0,1h,S-B_q0.90,M4_HARQ,1091,0.09323300265188093,0.14155654438275442,0.9357212155969796,0.9781812308341564,0.09638211076753515,0.09426706999878598,-3.2900079624678646,-3.5160130043315054,-3.3633930592414543,0.20724637119002198,17,63,0.42201834862385323,1.4046781300098805
NQ,RTH,B0,1h,S-B_q0.90,M5_RGARCH,1091,0.39453623754771366,0.3554034794576676,0.9357212155969796,0.9781812308341564,0.4078623906506045,0.39891212407731724,-13.665470102621015,-14.604211035123958,-13.970284515649121,1.0282087076558328,17,63,0.43119266055045874,6.730875641182115
NQ,RTH,B0,1h,S-B_q0.90,M6_PARK,1091,0.37375013465851575,0.3292162950476486,0.9357212155969796,0.9781812308341564,0.38637420069524603,0.37789547803649115,-4.55610663216642,-4.869085531270845,-4.657732625150804,1.1232818909395204,17,63,0.4651376146788991,2.005808682128374
NQ,RTH,B0,1h,S-B_q0.90,M6_GK,1091,0.3796264670890152,0.3276596896825792,0.9357212155969796,0.9781812308341564,0.3924490165556556,0.38383698613776274,-4.226508714890667,-4.516846090952637,-4.320782879146493,1.1659657840921744,17,63,0.4596330275229358,1.8201454802006063
NQ,RTH,B0,1h,S-C_q0.90,M1_EWMA,1091,0.40889816957008285,0.34832938737781527,0.9357212155969796,0.9781812308341564,0.4227094221055961,0.41343334738625215,0.06676685057944931,0.07135335767379476,0.06825611499672002,0.8742565373149017,17,63,0.5211009174311927,0.33738074998295886
NQ,RTH,B0,1h,S-C_q0.90,M2_HAR,1091,0.6342852635269874,0.5601747666640577,0.9357212155969796,0.9781812308341564,0.6557093602974288,0.6413202582282236,0.34266636074502443,0.36620561234833937,0.3503096869409479,3.913585341576125,17,63,0.518348623853211,0.19668904916374302
NQ,RTH,B0,1h,S-C_q0.90,M3_HARJ,1091,0.060140055905845466,0.24604211035450443,0.9357212155969796,0.9781812308341564,0.06217139172837757,0.06080708224077413,-0.24408626952031476,-0.2608536233354402,-0.24953072276000135,0.7345304752926112,17,63,0.5256880733944954,0.7531857486853961
NQ,RTH,B0,1h,S-C_q0.90,M4_HARQ,1091,0.02479270355983986,0.2199669867980939,0.9357212155969796,0.9781812308341564,0.025630120587808187,0.02506768478390762,-0.3060876373044943,-0.32711413635012415,-0.31291505873965114,0.6503227503270068,17,63,0.5119266055045871,0.7819675065925266
NQ,RTH,B0,1h,S-C_q0.90,M5_RGARCH,1091,0.5153149483909066,0.46003693159320097,0.9357212155969796,0.9781812308341564,0.5327206141952676,0.5210304176597959,-2.111073532721586,-2.256092410360435,-2.1581619705801773,3.2829308806691353,17,63,0.5036697247706422,1.9362872961780133
NQ,RTH,B0,1h,S-C_q0.90,M6_PARK,1091,0.5265763625231181,0.4821891587643838,0.9357212155969796,0.9781812308341564,0.5443624023327003,0.5324167345657341,-0.07118531571458964,-0.07607534651137968,-0.07277313596978902,2.782258289113403,17,63,0.5706422018348624,0.3508908587041948
NQ,RTH,B0,1h,S-C_q0.90,M6_GK,1091,0.5400047418842844,0.4993986672431664,0.9357212155969796,0.9781812308341564,0.5582443487487025,0.5459940509794919,-0.03067576112540804,-0.03278301337416749,-0.03135999767573632,2.8336914876012913,17,63,0.5688073394495413,0.3385772729464455
NQ,RTH,B0,30min,S-A,M1_EWMA,22312,0.7575288555497034,0.7487391957036085,0.926678286455522,0.9606047460549624,0.7869274358284761,0.772906245213553,0.5243237755792725,0.5658099291230545,0.5458267593748413,1.1360142940366653,354,63,0.472502353099368,0.38911531786411413
NQ,RTH,B0,30min,S-A,M2_HAR,22312,0.8390117228844116,0.8307368519442987,0.926678286455522,0.9606047460549624,0.8715725333530109,0.856043166770426,0.652951784604388,0.7046153925780237,0.6797299173108899,4.831533412103094,354,63,0.430056922594236,0.2903445452000025
NQ,RTH,B0,30min,S-A,M3_HARJ,22312,0.6658661801805164,0.6751302983525735,0.926678286455522,0.9606047460549624,0.691707466897907,0.6793828715139241,0.3483410995249462,0.37590294778280164,0.36262687744935973,1.5735393046380477,354,63,0.4228855721393035,0.40193545284761645
NQ,RTH,B0,30min,S-A,M4_HARQ,22312,0.6139306530279259,0.62193416070227,0.926678286455522,0.9606047460549624,0.6377563983528928,0.6263930837446298,0.25881854943056204,0.2792970907093598,0.269432928052339,1.3394914531861202,354,63,0.4228855721393035,0.433771573926535
NQ,RTH,B0,30min,S-A,M5_RGARCH,22312,0.7773883295529623,0.7713252015465859,0.926678286455522,0.9606047460549624,0.8075576267971705,0.7931688548439633,-0.34485592306171453,-0.3721420131475873,-0.35899877080347375,4.845009148821395,354,63,0.42310967684102013,2.830453083920604
NQ,RTH,B0,30min,S-A,M6_PARK,22312,0.7837476550521153,0.7737822479658341,0.926678286455522,0.9606047460549624,0.8141637483620259,0.7996572709057836,0.5103009969675897,0.5506776239674877,0.5312288941557989,3.945049294003744,354,63,0.45641163551611313,0.7051080673014942
NQ,RTH,B0,30min,S-A,M6_GK,22312,0.7928940439406279,0.7840880963679386,0.926678286455522,0.9606047460549624,0.8236650951455808,0.8089893261024842,0.5516004491530586,0.5952448192812316,0.5742220735618747,4.183828617022807,354,63,0.4592353547577428,0.6308376083048541
NQ,RTH,B0,30min,S-B_q0.80,M1_EWMA,4463,0.44887626883260673,0.4189727692983782,0.926678286455522,0.9606047460549624,0.4662964963629962,0.4579881927495974,-0.9424744973167414,-1.0170460569672337,-0.9811262136558467,0.5820151241318345,70,63,0.4612281488121918,0.6716788889296322
NQ,RTH,B0,30min,S-B_q0.80,M2_HAR,4463,0.5478005689604993,0.4995782241158805,0.926678286455522,0.9606047460549624,0.5690599030246206,0.5589205979142102,-0.5622591839007021,-0.6067469067947012,-0.585317932489719,1.4369022476266222,70,63,0.4329896907216495,0.5341682847058283
NQ,RTH,B0,30min,S-B_q0.80,M3_HARJ,4463,0.400398596784957,0.4374228127499599,0.926678286455522,0.9606047460549624,0.4159374771917617,0.4085264525075657,-0.8199818467909528,-0.8848614009586051,-0.8536100307212476,1.2671216435240957,70,63,0.42604213357238907,0.6759436781929802
NQ,RTH,B0,30min,S-B_q0.80,M4_HARQ,4463,0.3881284419456548,0.4295406917377342,0.926678286455522,0.9606047460549624,0.40319113569708204,0.39600722075084,-0.8777008456122997,-0.9471473093099467,-0.9136961369562927,1.226535470346179,70,63,0.4291797400268938,0.7057486093777694
NQ,RTH,B0,30min,S-B_q0.80,M5_RGARCH,4463,0.443946823950361,0.4194521854605022,0.926678286455522,0.9606047460549624,0.46117574697790703,0.4529586830391601,-8.95245451632846,-9.660800999849643,-9.319602628546907,1.150305629933155,70,63,0.42088749439713136,5.922728782131192
NQ,RTH,B0,30min,S-B_q0.80,M6_PARK,4463,0.43570185398270617,0.40637966623960575,0.926678286455522,0.9606047460549624,0.45261080185720765,0.444546345036571,-2.0495606939880924,-2.211728410975847,-2.1336149986821153,1.1409402675564986,70,63,0.4623487225459435,1.4108763400240616
NQ,RTH,B0,30min,S-B_q0.80,M6_GK,4463,0.44672565218865895,0.414307310696967,0.926678286455522,0.9606047460549624,0.46406241745144927,0.45579391985426165,-1.8283046701309047,-1.9729659115290583,-1.9032850687438678,1.1400863791763987,70,63,0.45562528014343345,1.288126746280094
NQ,RTH,B0,30min,S-C_q0.80,M1_EWMA,4463,0.45288045666858556,0.41489809516358395,0.926678286455522,0.9606047460549624,0.47045608083724816,0.4620736632406065,0.09346765931062162,0.10086311579407857,0.0973008510466736,0.8917929669095755,70,63,0.5008964589870013,0.37232363270797936
NQ,RTH,B0,30min,S-C_q0.80,M2_HAR,4463,0.6843724945095669,0.6351830025128525,0.926678286455522,0.9606047460549624,0.7109319840564353,0.6982648531256064,0.4319230432195771,0.46609815891084677,0.4496365909011072,3.9700681565594405,70,63,0.5114298520842672,0.19765782993977815
NQ,RTH,B0,30min,S-C_q0.80,M3_HARJ,4463,0.5331312994057046,0.5593620895932423,0.926678286455522,0.9606047460549624,0.5538213407023251,0.5439535508260904,0.2689486557541899,0.2902287230478867,0.2799784790349158,2.1861709745068825,70,63,0.5044822949350067,0.34978574281842195
NQ,RTH,B0,30min,S-C_q0.80,M4_HARQ,4463,0.5385673428889783,0.565940658791552,0.926678286455522,0.9606047460549624,0.5594683490347543,0.549499942790824,0.26412446931568734,0.2850228317380183,0.2749564484252247,2.2104044674077814,70,63,0.5076199013895114,0.34803342217742483
NQ,RTH,B0,30min,S-C_q0.80,M5_RGARCH,4463,0.5973642175815513,0.5487142087911424,0.926678286455522,0.9606047460549624,0.620547043922198,0.6094903594145596,-2.2996941891200224,-2.4816532584530364,-2.3940066906440647,3.886129585444188,70,63,0.4807261317794711,2.3533158384712047
NQ,RTH,B0,30min,S-C_q0.80,M6_PARK,4463,0.5826323069260058,0.5413944788685418,0.926678286455522,0.9606047460549624,0.6052434094901996,0.5944593996482328,0.09941430152628028,0.10728027512820318,0.10349137034202426,3.2010584485190248,70,63,0.5327207530255491,0.3659459864266507
NQ,RTH,B0,30min,S-C_q0.80,M6_GK,4463,0.6026036430454162,0.5580474660399654,0.926678286455522,0.9606047460549624,0.6259898037791828,0.6148361421298775,0.165164129437249,0.1782324371373694,0.1719376571014765,3.551710619235662,70,63,0.5345136709995517,0.33767464453185564
NQ,RTH,B0,30min,S-B_q0.90,M1_EWMA,2232,0.38493477764540845,0.34351456877731157,0.926678286455522,0.9606047460549624,0.39987352998440445,0.39274872694602675,-2.0377124874906207,-2.1989427369499777,-2.1212808867113697,0.47290631087435075,35,63,0.4805020170327208,0.9091094219512403
NQ,RTH,B0,30min,S-B_q0.90,M2_HAR,2232,0.4884479123790206,0.42969488806488837,0.926678286455522,0.9606047460549624,0.5074038571709235,0.49836311735652034,-1.50321819918836,-1.6221575720070682,-1.5648665128522603,1.3157633792988566,35,63,0.44778126400717166,0.722715670143191
NQ,RTH,B0,30min,S-B_q0.90,M3_HARJ,2232,0.22106438138824183,0.2650790275720004,0.926678286455522,0.9606047460549624,0.22964356476245595,0.2255518581470487,-2.1930406426318894,-2.3665609464317034,-2.2829791874736496,0.5629989077560703,35,63,0.43612729717615417,1.0202893560807116
NQ,RTH,B0,30min,S-B_q0.90,M4_HARQ,2232,0.20834042940058128,0.25512322694119804,0.926678286455522,0.9606047460549624,0.2164258149197935,0.2125696174270911,-2.2448458541064396,-2.4224651498988004,-2.3369089766895628,0.5517965778234603,35,63,0.43881667413715825,1.0569408421799924
NQ,RTH,B0,30min,S-B_q0.90,M5_RGARCH,2232,0.40366745175849195,0.37080783372344944,0.926678286455522,0.9606047460549624,0.41933319161712496,0.41186166331205604,-13.751372309111533,-14.839424328921687,-14.315328302911308,1.0629327641831119,35,63,0.4338861497086508,7.287019697124137
NQ,RTH,B0,30min,S-B_q0.90,M6_PARK,2232,0.3949835117737967,0.3696706300434277,0.926678286455522,0.9606047460549624,0.4103122406989111,0.4030014444595872,-3.333529941640559,-3.5972893617601334,-3.470240965736209,1.2078559310792987,35,63,0.474675033617212,1.6849358348052088
NQ,RTH,B0,30min,S-B_q0.90,M6_GK,2232,0.4062252550345741,0.3741469976511751,0.926678286455522,0.9606047460549624,0.4219902594748772,0.41447138848836895,-3.0586589460364024,-3.300669704623763,-3.18409726643324,1.205845057580004,35,63,0.47736441057821605,1.5410650015978509
NQ,RTH,B0,30min,S-C_q0.90,M1_EWMA,2232,0.42107143480776665,0.36579062534691303,0.926678286455522,0.9606047460549624,0.4374125976408463,0.42961893696813874,0.018901368848777134,0.0203969048644417,0.01967653077543265,0.788705276768895,35,63,0.5154639175257731,0.3684168282112664
NQ,RTH,B0,30min,S-C_q0.90,M2_HAR,2232,0.6755370237109511,0.6127993956541439,0.926678286455522,0.9606047460549624,0.7017536216363705,0.6892500274729298,0.415180843246316,0.4480312631845006,0.4322077784347745,4.502382334573571,35,63,0.52666965486329,0.16730968042961483
NQ,RTH,B0,30min,S-C_q0.90,M3_HARJ,2232,0.3057364391473932,0.3580885656211028,0.926678286455522,0.9606047460549624,0.31760162049932783,0.3119427088158875,0.0411663506105554,0.044423562321734916,0.04285461921734042,1.6673738154019917,35,63,0.5118780815777678,0.4712546746421239
NQ,RTH,B0,30min,S-C_q0.90,M4_HARQ,2232,0.3044596093952143,0.3644276262138978,0.926678286455522,0.9606047460549624,0.3162752388631557,0.3106399601716561,0.02570758118227079,0.027741646219639444,0.026761871922710543,1.7225200075197806,35,63,0.5136709995517705,0.470379006410547
NQ,RTH,B0,30min,S-C_q0.90,M5_RGARCH,2232,0.5792816644076726,0.5158626466354711,0.926678286455522,0.9606047460549624,0.6017627334657643,0.591040741059949,-2.9592778394112615,-3.1934252508821452,-3.080640452344738,4.781943914221965,35,63,0.4863290004482295,2.3751781669442047
NQ,RTH,B0,30min,S-C_q0.90,M6_PARK,2232,0.5582531839965869,0.5092784891048793,0.926678286455522,0.9606047460549624,0.5799181686705962,0.5695853948800533,0.019538187356284098,0.02108411046407083,0.020339465775621093,3.5240576911114556,35,63,0.5441506051098163,0.3121993142463983
NQ,RTH,B0,30min,S-C_q0.90,M6_GK,2232,0.5775961154280711,0.5273663467567846,0.926678286455522,0.9606047460549624,0.6000117708103304,0.5893209764286704,0.07251221354042225,0.07824960895304484,0.07548600383062584,3.6780583928035613,35,63,0.5410129986553115,0.30091033196874084
NQ,RTH,B1,1day,S-A,M1_EWMA,1401,0.7032360317349303,0.7058517417542304,0.9354902943015015,0.994642067495946,0.7270787829286436,0.7051275818324407,0.39217527543877684,0.4192189676661484,0.39428784308921794,1.6517259897764163,22,63,0.5271428571428571,0.2753277609998191
NQ,RTH,B1,1day,S-A,M2_HAR,1401,0.8283101444193833,0.823314170334823,0.9354902943015015,0.994642067495946,0.8563934504409726,0.8305381163430914,0.674146211223952,0.7206341052713047,0.6777776983846501,2.936834280731396,22,63,0.37214285714285716,0.15426381653425122
NQ,RTH,B1,1day,S-A,M3_HARJ,1401,0.7208762327980974,0.7516768973165382,0.9354902943015015,0.994642067495946,0.7453170633079665,0.7228152311527155,0.5160117759101083,0.5515950075092939,0.5187914253508199,2.8389166868385933,22,63,0.40214285714285714,0.45357401136993564
NQ,RTH,B1,1day,S-A,M4_HARQ,1401,0.7166780915221993,0.7529541956843923,0.9354902943015015,0.994642067495946,0.7409765868367708,0.7186057978010684,0.5078147524722157,0.5428327322747731,0.5105502462314521,2.4090555457453897,22,63,0.37642857142857145,0.4773089088601875
NQ,RTH,B1,1day,S-A,M5_RGARCH,1401,0.8131524613980047,0.8094589296678391,0.9354902943015015,0.994642067495946,0.8407218562309702,0.8153396624915743,0.20222635236700648,0.21617151305455493,0.20331570418705494,3.065946511825612,22,63,0.3692857142857143,0.614549613664341
NQ,RTH,B1,1day,S-A,M6_PARK,1401,0.7572186853326394,0.7431375025595873,0.9354902943015015,0.994642067495946,0.7828916825894436,0.7592554368832446,0.41473079316661154,0.443329872787485,0.4169648627578301,3.1419577235016978,22,63,0.5085714285714286,0.3480592661090857
NQ,RTH,B1,1day,S-A,M6_GK,1401,0.7613207490182188,0.7468518949243945,0.9354902943015015,0.994642067495946,0.7871328240233499,0.763368534217008,0.46021183021674195,0.4919471992602193,0.4626908968121014,3.0626235686298466,22,63,0.4735714285714286,0.31539058984130575
NQ,RTH,B1,1day,S-B_q0.80,M1_EWMA,280,0.21514089710671006,0.24524766168664686,0.9354902943015015,0.994642067495946,0.22243510651838172,0.2157195787534634,-1.0039802943370302,-1.0732129456101602,-1.0093885299508734,4.05827347348675,4,63,0.5806451612903226,0.46860059262523757
NQ,RTH,B1,1day,S-B_q0.80,M2_HAR,280,0.6016202746494859,0.5071961559276448,0.9354902943015015,0.994642067495946,0.6220178110017869,0.6032385007326545,-0.5284184226899433,-0.5648571940390843,-0.5312649041883573,3.513427845394467,4,63,0.4444444444444444,0.28379997041078797
NQ,RTH,B1,1day,S-B_q0.80,M3_HARJ,280,-0.05368796990607449,0.17128152273750338,0.9354902943015015,0.994642067495946,-0.055508224914066734,-0.0538323787249179,-3.009182778591274,-3.216690538556712,-3.0253926280908474,0.32859022500570456,4,63,0.46953405017921146,1.757980405097363
NQ,RTH,B1,1day,S-B_q0.80,M4_HARQ,280,-0.10007312214524983,0.1420498958600442,0.9354902943015015,0.994642067495946,-0.10346603497225729,-0.10034229681123646,-3.20375443088112,-3.4246794973680124,-3.22101239790381,0.018503813287986136,4,63,0.46953405017921146,1.8747086674217517
NQ,RTH,B1,1day,S-B_q0.80,M5_RGARCH,280,0.5352558880609869,0.45493218754612397,0.9354902943015015,0.994642067495946,0.5534033839060498,0.5366956085553377,-4.217355443212596,-4.508176588151083,-4.240073470680733,3.940023333693679,4,63,0.4551971326164875,1.3008708661909063
NQ,RTH,B1,1day,S-B_q0.80,M6_PARK,280,0.5258225551004453,0.4862549267210041,0.9354902943015015,0.994642067495946,0.5436502200486886,0.5272369020060207,-1.300041689756982,-1.3896901952656584,-1.3070447472927549,3.1086937831730217,4,63,0.5555555555555556,0.5067978495105199
NQ,RTH,B1,1day,S-B_q0.80,M6_GK,280,0.5303678814209385,0.4791424088864107,0.9354902943015015,0.994642067495946,0.5483496526431256,0.5317944542535948,-1.2481914085139958,-1.3342644131289223,-1.2549151592354937,3.337907835203004,4,63,0.5125448028673835,0.483997085598162
NQ,RTH,B1,1day,S-C_q0.80,M1_EWMA,280,0.25667217331723624,0.27319973104613215,0.9354902943015015,0.994642067495946,0.26537447310078777,0.25736256495326865,-0.024196023891831064,-0.025864537600464796,-0.024326362902330877,1.1120696425854386,4,63,0.5734767025089605,0.3733536983089039
NQ,RTH,B1,1day,S-C_q0.80,M2_HAR,280,0.5983201463518429,0.5034843738896086,0.9354902943015015,0.994642067495946,0.6186057940432147,0.5999294958164632,0.3236931194050151,0.3460144069658207,0.32543678774810564,2.259793044713182,4,63,0.40860215053763443,0.17832849650526625
NQ,RTH,B1,1day,S-C_q0.80,M3_HARJ,280,-0.1540986198748472,0.12590261102961453,0.9354902943015015,0.994642067495946,-0.15932323136681845,-0.15451311123521075,-0.9918975804155634,-1.0602970297582608,-0.9972407289314719,-0.1968255217255899,4,63,0.4444444444444444,1.651712117609771
NQ,RTH,B1,1day,S-C_q0.80,M4_HARQ,280,-0.2605569813395096,0.06597885910217736,0.9354902943015015,0.994642067495946,-0.2693909929622311,-0.26125782225382377,-1.1696553639675158,-1.2503126660879547,-1.175956057149456,-0.48337084833717486,4,63,0.43010752688172044,1.7810403143506275
NQ,RTH,B1,1day,S-C_q0.80,M5_RGARCH,280,0.518924956930994,0.42793894965861445,0.9354902943015015,0.994642067495946,0.5365187633885359,0.5203207508161023,-0.4573701813524078,-0.48890959546930457,-0.45983394056904997,2.039617038264907,4,63,0.36917562724014336,0.6460230955710361
NQ,RTH,B1,1day,S-C_q0.80,M6_PARK,280,0.5345591286829572,0.5018742725227417,0.9354902943015015,0.994642067495946,0.5526830013634743,0.535996975047983,0.010669258915809388,0.011404991565172525,0.010726732021972189,2.27860483274021,4,63,0.6308243727598566,0.27532333453473823
NQ,RTH,B1,1day,S-C_q0.80,M6_GK,280,0.5219006861635684,0.462904592441959,0.9354902943015015,0.994642067495946,0.5395953827469149,0.5233044841051613,0.05786242594328184,0.06185251337800968,0.058174118946077734,2.61118033843429,4,63,0.5519713261648745,0.26390407117197917
NQ,RTH,B1,1day,S-B_q0.90,M1_EWMA,140,0.136490992135489,0.13871553213356366,0.9354902943015015,0.994642067495946,0.141118628688242,0.1368581228538144,-2.3443833669595033,-2.5060477711422693,-2.357012078587817,,2,63,0.6258992805755396,0.7663135667783426
NQ,RTH,B1,1day,S-B_q0.90,M2_HAR,140,0.5754991303635656,0.45983687214362257,0.9354902943015015,0.994642067495946,0.5950110466452229,0.577047096319563,-1.0666729231528942,-1.1402287438474625,-1.0724188710802158,,2,63,0.4316546762589928,0.36572176313969523
NQ,RTH,B1,1day,S-B_q0.90,M3_HARJ,140,-0.27607463320482745,-0.03834157223003094,0.9354902943015015,0.994642067495946,-0.2854347605210561,-0.27681721318621777,-6.364443116339663,-6.803323513999441,-6.398727064060764,,2,63,0.45323741007194246,3.266143350775606
NQ,RTH,B1,1day,S-B_q0.90,M4_HARQ,140,-0.3383756466353889,-0.10251040994263118,0.9354902943015015,0.994642067495946,-0.3498480484872047,-0.33928580262641406,-6.740269001228925,-7.205065666941689,-6.776577445791974,,2,63,0.4460431654676259,3.484043158774471
NQ,RTH,B1,1day,S-B_q0.90,M5_RGARCH,140,0.5270867404638329,0.45967505630753763,0.9354902943015015,0.994642067495946,0.5449572667782773,0.5285044877497066,-6.012235414234073,-6.426828210679837,-6.044622091412375,,2,63,0.4460431654676259,1.650661758381504
NQ,RTH,B1,1day,S-B_q0.90,M6_PARK,140,0.4969697424471133,0.48301152391156993,0.9354902943015015,0.994642067495946,0.513819171920654,0.4983064816390264,-1.4622123672630338,-1.5630438671251181,-1.4700890049263813,,2,63,0.5683453237410072,0.49502418712630664
NQ,RTH,B1,1day,S-B_q0.90,M6_GK,140,0.5004455486186129,0.45116004460868997,0.9354902943015015,0.994642067495946,0.5174128229948673,0.501791636963877,-1.5197537042191263,-1.6245531498045889,-1.527940305244852,,2,63,0.49640287769784175,0.4882474533149032
NQ,RTH,B1,1day,S-C_q0.90,M1_EWMA,140,0.11631563732509821,0.13399663248124907,0.9354902943015015,0.994642067495946,0.12025924185548416,0.11662850078088768,-0.20789895647572987,-0.2222352896038979,-0.2090188654488789,,2,63,0.5611510791366906,0.5477037880729798
NQ,RTH,B1,1day,S-C_q0.90,M2_HAR,140,0.6292960092233529,0.5730729701952725,0.9354902943015015,0.994642067495946,0.650631872998838,0.6309886769393013,0.3185651669328943,0.34053284023727465,0.32028121204937143,,2,63,0.4244604316546763,0.17169187742543088
NQ,RTH,B1,1day,S-C_q0.90,M3_HARJ,140,-0.35968342969595374,-0.01778109824521891,0.9354902943015015,0.994642067495946,-0.3718782577988098,-0.36065089893218694,-2.0810220234812276,-2.224525509412212,-2.092232061650368,,2,63,0.4748201438848921,3.0891859386935514
NQ,RTH,B1,1day,S-C_q0.90,M4_HARQ,140,-0.42175098796123517,-0.10396959044175745,0.9354902943015015,0.994642067495946,-0.4360501754571523,-0.4228854052641072,-2.4356152931669666,-2.6035708847044283,-2.448735452441432,,2,63,0.43884892086330934,3.3770374333742863
NQ,RTH,B1,1day,S-C_q0.90,M5_RGARCH,140,0.5634405694688094,0.4791366906474821,0.9354902943015015,0.994642067495946,0.5825436482418729,0.5649561005508711,-0.28427342450548854,-0.30387640175117553,-0.2858047470495181,,2,63,0.43884892086330934,0.5905450073803709
NQ,RTH,B1,1day,S-C_q0.90,M6_PARK,140,0.582923894416372,0.5544685224464807,0.9354902943015015,0.994642067495946,0.6026875423983326,0.5844918313529993,0.17538846564920396,0.18748293458261958,0.17633324728638508,,2,63,0.6402877697841727,0.221902381299658
NQ,RTH,B1,1day,S-C_q0.90,M6_GK,140,0.5751553890542376,0.5251186285014542,0.9354902943015015,0.994642067495946,0.5946556510148086,0.5767024304217926,0.18008564058802534,0.19250401814429202,0.18105572494173575,,2,63,0.5467625899280576,0.22245356135375577
NQ,RTH,B1,1h,S-A,M1_EWMA,10906,0.7455045992906737,0.7375293469723215,0.9378998453073688,0.9779906992612014,0.7697896985601286,0.7538465728850964,0.5043618759252484,0.5377566468837179,0.5157123439990339,1.1232353114324072,173,63,0.4812471343420449,0.37115378795627874
NQ,RTH,B1,1h,S-A,M2_HAR,10906,0.8106341465955296,0.8006574005464578,0.9378998453073688,0.9779906992612014,0.8370408659370511,0.8197049003535498,0.6087681381543328,0.6490758487702141,0.6224682285978911,3.3058176809746174,173,63,0.47290233837689133,0.3095824456022481
NQ,RTH,B1,1h,S-A,M3_HARJ,10906,0.7840689179839245,0.7889492948836977,0.9378998453073688,0.9779906992612014,0.8096102647783653,0.7928424147755643,0.5697997509910162,0.6075272896588242,0.5826228730206301,2.4181106926671774,173,63,0.473360843649702,0.3693561730486364
NQ,RTH,B1,1h,S-A,M4_HARQ,10906,0.7793037403171925,0.7857224231200121,0.9378998453073688,0.9779906992612014,0.8046898596150044,0.7880239161953109,0.5679684539681202,0.6055747389338628,0.5807503633696903,2.314736121311941,173,63,0.474094452086199,0.37865764677760455
NQ,RTH,B1,1h,S-A,M5_RGARCH,10906,0.7030694359056825,0.7080269451567208,0.9378998453073688,0.9779906992612014,0.7259721933944151,0.7109365727079923,-0.19211519431641033,-0.20483551125168412,-0.19643867212800586,2.873222267025768,173,63,0.4600641907381935,2.482817642571825
NQ,RTH,B1,1h,S-A,M6_PARK,10906,0.7274653123288123,0.7146708239356376,0.9378998453073688,0.9779906992612014,0.7511627748820942,0.7356054316950501,0.36861790686136986,0.39302480825185154,0.37691350964772263,2.857767152777366,173,63,0.4792297111416781,0.9068845832528981
NQ,RTH,B1,1h,S-A,M6_GK,10906,0.7365248566418626,0.7245921345694983,0.9378998453073688,0.9779906992612014,0.7605174373381953,0.7447663496005757,0.41681271609229964,0.4444106886015123,0.42619292433677575,2.982529088530696,173,63,0.478404401650619,0.8032399245066022
NQ,RTH,B1,1h,S-B_q0.80,M1_EWMA,2181,0.4533718238516945,0.4198411555040765,0.9378998453073688,0.9779906992612014,0.4681405855182061,0.4584449190232394,-0.9092319662160355,-0.9694339654337631,-0.9296938783803282,0.9257569166606786,34,63,0.4779816513761468,0.5939371038782273
NQ,RTH,B1,1h,S-B_q0.80,M2_HAR,2181,0.5100757420545516,0.4345842204175989,0.9378998453073688,0.9779906992612014,0.5266916556820755,0.515783337118919,-0.8095757337263365,-0.8631793019019234,-0.8277949210947612,1.1876851931655064,34,63,0.41100917431192663,0.5516507333385284
NQ,RTH,B1,1h,S-B_q0.80,M3_HARJ,2181,0.29449653706202505,0.31622299215379035,0.9378998453073688,0.9779906992612014,0.30408987510965985,0.2977918652708085,-1.3028472018076438,-1.38911122368367,-1.3321672719299347,0.6032030182231357,34,63,0.41192660550458715,0.8332634053159155
NQ,RTH,B1,1h,S-B_q0.80,M4_HARQ,2181,0.27183991855264455,0.297558933548267,0.9378998453073688,0.9779906992612014,0.2806952085317175,0.2748817259735965,-1.3959353706141,-1.488362939388932,-1.4273503538107515,0.5184898040426941,34,63,0.405045871559633,0.8703126134835671
NQ,RTH,B1,1h,S-B_q0.80,M5_RGARCH,2181,0.41116420160295963,0.3629576987274163,0.9378998453073688,0.9779906992612014,0.42455803372884404,0.41576500609968203,-8.00092820948423,-8.530685072095478,-8.180985990488795,0.9128488330535406,34,63,0.4087155963302752,4.698829291796378
NQ,RTH,B1,1h,S-B_q0.80,M6_PARK,2181,0.3838333323715574,0.32856263040670186,0.9378998453073688,0.9779906992612014,0.3963368509124732,0.3881283126122552,-2.9472020615812826,-3.142341984943419,-3.013527698993122,0.9539915140273055,34,63,0.44541284403669723,1.6651003252838845
NQ,RTH,B1,1h,S-B_q0.80,M6_GK,2181,0.3956227958745419,0.3396426564459692,0.9378998453073688,0.9779906992612014,0.40851036072687685,0.4000496966873299,-2.6909854882051807,-2.8691608188967024,-2.751545071172986,1.0020339524478952,34,63,0.4353211009174312,1.5216640500758183
NQ,RTH,B1,1h,S-C_q0.80,M1_EWMA,2181,0.4553983432010597,0.41150675156426625,0.9378998453073688,0.9779906992612014,0.47023311951539193,0.4604941145182878,0.12161715150983365,0.12966965728625027,0.12435409825646224,1.2140082801902556,34,63,0.5174311926605505,0.3120397384059109
NQ,RTH,B1,1h,S-C_q0.80,M2_HAR,2181,0.6520805654834633,0.5911520704630907,0.9378998453073688,0.9779906992612014,0.6733223408923816,0.6593771520690791,0.3758324104594075,0.4007169980247087,0.38429037284640916,3.618112060406685,34,63,0.5275229357798165,0.2049622163436857
NQ,RTH,B1,1h,S-C_q0.80,M3_HARJ,2181,0.3804708719145335,0.4143921471899492,0.9378998453073688,0.9779906992612014,0.3928648570118379,0.3847282272279385,0.10330066554481576,0.11014040151692533,0.10562540689073185,1.3608866921146885,34,63,0.5307339449541284,0.4819901432937621
NQ,RTH,B1,1h,S-C_q0.80,M4_HARQ,2181,0.36687067385861927,0.40401739322438074,0.9378998453073688,0.9779906992612014,0.3788216272694842,0.37097584702161324,0.0748667533786096,0.0798238252764337,0.07655160057776195,1.3737196932635636,34,63,0.5211009174311927,0.493563168963821
NQ,RTH,B1,1h,S-C_q0.80,M5_RGARCH,2181,0.5561010644436415,0.4962024409411268,0.9378998453073688,0.9779906992612014,0.5742162706633119,0.5623236691060849,-1.3719187494002307,-1.462756131440266,-1.4027932478668892,3.428108246291936,34,63,0.5192660550458715,1.546046959373512
NQ,RTH,B1,1h,S-C_q0.80,M6_PARK,2181,0.5179158243571738,0.47443603432842235,0.9378998453073688,0.9779906992612014,0.5347871316833831,0.5237111475986829,-0.07340413151354874,-0.07826436040139523,-0.07505606297585453,2.722706323286839,34,63,0.5522935779816514,0.4286059041375663
NQ,RTH,B1,1h,S-C_q0.80,M6_GK,2181,0.5308475643267008,0.4877847581410037,0.9378998453073688,0.9779906992612014,0.5481401280598934,0.5367875898724724,-0.01459756338628293,-0.01556409616583209,-0.014926075879157433,2.846947271697248,34,63,0.5559633027522936,0.4030650338357368
NQ,RTH,B1,1h,S-B_q0.90,M1_EWMA,1091,0.39315520319471564,0.3479325432427964,0.9378998453073688,0.9779906992612014,0.4059623852657194,0.3975544923831133,-2.024098816140984,-2.1581182961786776,-2.069650373638562,0.7396607003311557,17,63,0.4963302752293578,0.8333363616112135
NQ,RTH,B1,1h,S-B_q0.90,M2_HAR,1091,0.46721633480640556,0.389988503579267,0.9378998453073688,0.9779906992612014,0.4824360867460719,0.47244434591666074,-1.8263910533815242,-1.9473199217587873,-1.867493274487401,1.247175766307443,17,63,0.42201834862385323,0.7415634554305277
NQ,RTH,B1,1h,S-B_q0.90,M3_HARJ,1091,0.10989487348655733,0.15057226718400285,0.9378998453073688,0.9779906992612014,0.11347474128933752,0.11112456426735134,-3.0213051394608526,-3.221351570295557,-3.089298437851425,0.3270238785496326,17,63,0.41651376146788993,1.2981919006516192
NQ,RTH,B1,1h,S-B_q0.90,M4_HARQ,1091,0.09062204650924106,0.13636287819722426,0.9378998453073688,0.9779906992612014,0.09357409455505063,0.09163608011784913,-3.155262267381538,-3.36417825759156,-3.226270218893801,0.22312689091932408,17,63,0.41284403669724773,1.3561007590256025
NQ,RTH,B1,1h,S-B_q0.90,M5_RGARCH,1091,0.39741211179463765,0.3552177310828157,0.9378998453073688,0.9779906992612014,0.41035796430178423,0.40185903451764826,-11.871231113102759,-12.657248183266642,-12.138388557345774,1.0284572045715485,17,63,0.42568807339449544,5.420019240533445
NQ,RTH,B1,1h,S-B_q0.90,M6_PARK,1091,0.3732691775553249,0.32591114475895383,0.9378998453073688,0.9779906992612014,0.38542856468691844,0.37744594806182624,-4.292955087726236,-4.577199910209333,-4.389566374168222,1.1100058809683484,17,63,0.46605504587155966,1.8838940449801636
NQ,RTH,B1,1h,S-B_q0.90,M6_GK,1091,0.3807969456253191,0.3266324413819768,0.9378998453073688,0.9779906992612014,0.3932015526992594,0.3850579496060667,-4.0037327581608135,-4.268827613303112,-4.093835208438417,1.1359691671693255,17,63,0.4522935779816514,1.718874191793227
NQ,RTH,B1,1h,S-C_q0.90,M1_EWMA,1091,0.4084137368969425,0.3475264213918256,0.9378998453073688,0.9779906992612014,0.42171797157636404,0.4129837645158672,0.06640345935994241,0.0708001602646396,0.06789784341518303,0.8121091377536168,17,63,0.5266055045871559,0.3347787513940096
NQ,RTH,B1,1h,S-C_q0.90,M2_HAR,1091,0.6385982382118489,0.5624099477075032,0.9378998453073688,0.9779906992612014,0.6594008216204953,0.6457439615858921,0.35212407330502304,0.3754388862167099,0.36004848877502243,3.9104890304970548,17,63,0.5165137614678899,0.1898756377618349
NQ,RTH,B1,1h,S-C_q0.90,M3_HARJ,1091,0.06513645254021345,0.2503666422363029,0.9378998453073688,0.9779906992612014,0.0672582975529797,0.06586530997133035,-0.24504474452829106,-0.2612696288994321,-0.2505593813043457,0.7690151816072598,17,63,0.5256880733944954,0.7376929173583983
NQ,RTH,B1,1h,S-C_q0.90,M4_HARQ,1091,0.030968534529359496,0.22184321058391315,0.9378998453073688,0.9779906992612014,0.031977346461560335,0.03131506317257335,-0.30371906188061604,-0.3238288857815955,-0.31055414137379117,0.657658752619212,17,63,0.5082568807339449,0.7634897444101355
NQ,RTH,B1,1h,S-C_q0.90,M5_RGARCH,1091,0.5271269460055097,0.46419173120793544,0.9378998453073688,0.9779906992612014,0.5442983091648094,0.5330253389445613,-1.7576680891073058,-1.8740466776932694,-1.797223726600971,3.431987109482908,17,63,0.5064220183486239,1.6016252326701117
NQ,RTH,B1,1h,S-C_q0.90,M6_PARK,1091,0.5263735528618642,0.48098774527282245,0.9378998453073688,0.9779906992612014,0.5435203739495257,0.5322635155568683,-0.08090665900544036,-0.0862636446847111,-0.08272743193422931,2.8461861632222782,17,63,0.5688073394495413,0.34174947216289103
NQ,RTH,B1,1h,S-C_q0.90,M6_GK,1091,0.5394104316990348,0.4970822692221291,0.9378998453073688,0.9779906992612014,0.5569819341327615,0.5454462731707989,-0.04348947469398845,-0.04636899655286335,-0.04446818842637408,2.8913510541522323,17,63,0.5688073394495413,0.3296788051465189
NQ,RTH,B1,30min,S-A,M1_EWMA,22312,0.7614520631287678,0.7528365054639445,0.9275207672358042,0.9602138384741016,0.7906435759147302,0.7770672171814214,0.5341139754151663,0.5758512308106392,0.5562448217408941,1.1645588273948684,354,63,0.47375733942898124,0.3777897204520085
NQ,RTH,B1,30min,S-A,M2_HAR,22312,0.8441475096181563,0.8358074530240008,0.9275207672358042,0.9602138384741016,0.8765092878750885,0.8614585053382142,0.6653811150428426,0.7173759753388705,0.6929509744415009,4.913178357961726,354,63,0.43010174353457936,0.27719675702545066
NQ,RTH,B1,30min,S-A,M3_HARJ,22312,0.649914363477269,0.6588891372347743,0.9275207672358042,0.9602138384741016,0.6748298957476426,0.6632422056332548,0.32115283481876133,0.3462486729821268,0.33445970256907864,1.4774426382566017,354,63,0.42140648110797363,0.3998688831175426
NQ,RTH,B1,30min,S-A,M4_HARQ,22312,0.6088157914797615,0.61734014947712,0.9275207672358042,0.9602138384741016,0.6321557426360457,0.621300822165189,0.251414219368411,0.271060474600127,0.26183148929402983,1.2676334453438058,354,63,0.42073416700282373,0.42576936472752286
NQ,RTH,B1,30min,S-A,M5_RGARCH,22312,0.7882792211487749,0.7822064848243223,0.9275207672358042,0.9602138384741016,0.8184991970045388,0.8044445217248433,-0.16361914609047368,-0.17640483304550816,-0.17039865448146915,4.9252157479271945,354,63,0.42252700461655684,2.2976035298593493
NQ,RTH,B1,30min,S-A,M6_PARK,22312,0.7877896325968909,0.7775901498681708,0.9275207672358042,0.9602138384741016,0.8179908392731303,0.8039448931441378,0.5173211718928246,0.5577461876509183,0.5387562136314468,4.022059432765751,354,63,0.4588767872349962,0.6716029498048915
NQ,RTH,B1,30min,S-A,M6_GK,22312,0.7969379711187421,0.7879036260360951,0.9275207672358042,0.9602138384741016,0.8274898943454543,0.8132808373239965,0.5584496670779909,0.6020885858354219,0.5815888552131643,4.267554661795617,354,63,0.4612522970731926,0.5995709911278573
NQ,RTH,B1,30min,S-B_q0.80,M1_EWMA,4463,0.4576758529718746,0.4306903842951247,0.9275207672358042,0.9602138384741016,0.47522160688179,0.4670614457050141,-0.8841196981489379,-0.9532074422266467,-0.9207529226551383,0.6331795758964728,70,63,0.4683998207082026,0.6389956959999402
NQ,RTH,B1,30min,S-B_q0.80,M2_HAR,4463,0.5635814323557466,0.5166016025529182,0.9275207672358042,0.9602138384741016,0.5851872502202937,0.5751388386766249,-0.4799800686670326,-0.5174871395035913,-0.49986789341609594,1.5820737441249177,70,63,0.43702375616315553,0.49552890553570617
NQ,RTH,B1,30min,S-B_q0.80,M3_HARJ,4463,0.4148612143216706,0.45488648561203676,0.9275207672358042,0.9602138384741016,0.4307655988898991,0.4233688040778603,-0.7361696924648995,-0.7936961828454053,-0.7666726545357481,1.3335156231069325,70,63,0.4298520842671448,0.6331384184519725
NQ,RTH,B1,30min,S-B_q0.80,M4_HARQ,4463,0.40401029063451654,0.4484693418421579,0.9275207672358042,0.9602138384741016,0.4194986872595887,0.412295359692171,-0.7997202580466656,-0.8622127787283842,-0.8328564180219689,1.2494707899201574,70,63,0.4336620349619005,0.6664190220369725
NQ,RTH,B1,30min,S-B_q0.80,M5_RGARCH,4463,0.46431352928840414,0.43886817729441213,0.9275207672358042,0.9602138384741016,0.48211374939842,0.47383524134310456,-7.708408071952734,-8.310766016512297,-8.027803561134203,1.2520700794977244,70,63,0.42312864186463467,4.777962910973199
NQ,RTH,B1,30min,S-B_q0.80,M6_PARK,4463,0.4500242178289458,0.4198692277358502,0.9275207672358042,0.9602138384741016,0.46727663376537076,0.4592528979115101,-1.8874377211751145,-2.034927721133461,-1.9656431156777394,1.245561798151595,70,63,0.46750336172120127,1.278300671446679
NQ,RTH,B1,30min,S-B_q0.80,M6_GK,4463,0.4617160170510838,0.4288094924587462,0.9275207672358042,0.9602138384741016,0.4794166572724119,0.4711844617292763,-1.6789041070456263,-1.8100986698649275,-1.7484689761539078,1.2435466975167848,70,63,0.45943523083818916,1.1684467125904092
NQ,RTH,B1,30min,S-C_q0.80,M1_EWMA,4463,0.45696395616381047,0.42055743690509695,0.9275207672358042,0.9602138384741016,0.47448241834285904,0.46633494997619607,0.09925198382848466,0.10700782918777683,0.1033644588857502,0.9132904409408977,70,63,0.4988794262662483,0.36575905786366647
NQ,RTH,B1,30min,S-C_q0.80,M2_HAR,4463,0.6908375026781225,0.6400499849983795,0.9275207672358042,0.9602138384741016,0.7173218905588084,0.7050045586912665,0.44376072696819047,0.4784375106669422,0.4621478145674104,3.9814276584369503,70,63,0.5082922456297624,0.18900776851786313
NQ,RTH,B1,30min,S-C_q0.80,M3_HARJ,4463,0.5392715435878378,0.5652768435454018,0.9275207672358042,0.9602138384741016,0.5599454020249223,0.5503304252129472,0.27736191934760124,0.29903580506794986,0.28885432414550866,2.186051641119366,70,63,0.5017929179740027,0.3397481049273203
NQ,RTH,B1,30min,S-C_q0.80,M4_HARQ,4463,0.5479150771603033,0.5735811323524057,0.9275207672358042,0.9602138384741016,0.5689202996227997,0.5591512123708042,0.2759296208049735,0.29749158245512763,0.28736267875857713,2.2895031621238195,70,63,0.503361721201255,0.3355529015511712
NQ,RTH,B1,30min,S-C_q0.80,M5_RGARCH,4463,0.6081878757932231,0.55610591726031,0.9275207672358042,0.9602138384741016,0.631503754772571,0.6206600297649976,-1.897242494382477,-2.045498668495193,-1.975854146611165,3.8040666909615775,70,63,0.4778126400717167,1.934349057169801
NQ,RTH,B1,30min,S-C_q0.80,M6_PARK,4463,0.5851267658248694,0.5414226622565926,0.9275207672358042,0.9602138384741016,0.6075585593586628,0.5971260039005317,0.0956134389282316,0.10308495756184372,0.09957515201007014,3.120542228412457,70,63,0.5318242940385477,0.35425361581274833
NQ,RTH,B1,30min,S-C_q0.80,M6_GK,4463,0.6040480049129309,0.5566128017999512,0.9275207672358042,0.9602138384741016,0.6272051751572368,0.6164352622448719,0.159708571714406,0.1721886747510454,0.1663260466733146,3.294968930012634,70,63,0.5336172120125504,0.327118237035685
NQ,RTH,B1,30min,S-B_q0.90,M1_EWMA,2232,0.39287382441967683,0.35733409214352485,0.9275207672358042,0.9602138384741016,0.40793528636081744,0.4009305171369582,-1.9717445790893273,-2.1258225677959937,-2.0534432020087037,0.5629686298801614,35,63,0.4863290004482295,0.8783965483281364
NQ,RTH,B1,30min,S-B_q0.90,M2_HAR,2232,0.5022695934021416,0.4467017654044028,0.9275207672358042,0.9602138384741016,0.5215249214362575,0.5125696732846644,-1.4076291706442934,-1.5176255027036294,-1.4659538471984428,1.4502581909600585,35,63,0.45629762438368443,0.6852895900979455
NQ,RTH,B1,30min,S-B_q0.90,M3_HARJ,2232,0.23137415210398662,0.28098791765201037,0.9275207672358042,0.9602138384741016,0.2402442594246395,0.23611895903780786,-2.1031024891161096,-2.2674451757924214,-2.190243886151651,0.6142209561129407,35,63,0.4419542805916629,0.9796780934774322
NQ,RTH,B1,30min,S-B_q0.90,M4_HARQ,2232,0.22230803610403477,0.27482371892162144,0.9275207672358042,0.9602138384741016,0.2308305790093466,0.22686692352321605,-2.1427025836413156,-2.3101397395413517,-2.2314847982677843,0.6116279831322201,35,63,0.445988346033169,1.0127583021277546
NQ,RTH,B1,30min,S-B_q0.90,M5_RGARCH,2232,0.42170030072430387,0.3913410835255866,0.9275207672358042,0.9602138384741016,0.4378668728783752,0.4303481401336598,-12.012703902895607,-12.951412331926374,-12.510446550098964,1.1655142657702664,35,63,0.44150605109816227,6.016095632062739
NQ,RTH,B1,30min,S-B_q0.90,M6_PARK,2232,0.40951485792746317,0.3859639268551883,0.9275207672358042,0.9602138384741016,0.4252142811611613,0.4179128095557149,-3.116078021367043,-3.359577630432549,-3.2451917442877893,1.3304163008216734,35,63,0.4813984760197221,1.562939040997066
NQ,RTH,B1,30min,S-B_q0.90,M6_GK,2232,0.42093589278239746,0.390691517793248,0.9275207672358042,0.9602138384741016,0.4370731601052255,0.429568056421275,-2.8646057738845854,-3.08845459322887,-2.9832998225028686,1.3302558665965627,35,63,0.4831913939937248,1.4412610525936946
NQ,RTH,B1,30min,S-C_q0.90,M1_EWMA,2232,0.41860793892754106,0.36304237629780384,0.9275207672358042,0.9602138384741016,0.43465596032405307,0.42719236304369446,0.008213999436020414,0.008855865794250366,0.008554343946004229,0.8146828813310568,35,63,0.5145674585387718,0.3675594957047953
NQ,RTH,B1,30min,S-C_q0.90,M2_HAR,2232,0.6816938892381441,0.6185382630336907,0.9275207672358042,0.9602138384741016,0.7078277417121146,0.6956734364908858,0.42727598739639183,0.46066460449156194,0.4449800349424105,4.323539894571427,35,63,0.5248767368892873,0.16038519121587275
NQ,RTH,B1,30min,S-C_q0.90,M3_HARJ,2232,0.31087228932454447,0.3646714260903359,0.9275207672358042,0.9602138384741016,0.32279008802526743,0.3172473704669577,0.04456933846590949,0.048052119198080015,0.04641605513281883,1.5834335226865865,35,63,0.5064993276557598,0.4614302213255382
NQ,RTH,B1,30min,S-C_q0.90,M4_HARQ,2232,0.31614091413183404,0.3764808867104903,0.9275207672358042,0.9602138384741016,0.3282606941993084,0.322624039354755,0.036029029537194,0.03884444511638015,0.03752188116185513,1.68110671550676,35,63,0.5132227700582699,0.45586715042499104
NQ,RTH,B1,30min,S-C_q0.90,M5_RGARCH,2232,0.5874922056495019,0.520231560567977,0.9275207672358042,0.9602138384741016,0.6100146821956984,0.5995399519754565,-2.4832599494120493,-2.6773092712658673,-2.586153052489075,4.600669444865991,35,63,0.48005378753922007,1.9500816965703132
NQ,RTH,B1,30min,S-C_q0.90,M6_PARK,2232,0.5604185783215047,0.509936933252938,0.9275207672358042,0.9602138384741016,0.5819031429930387,0.571911123759627,0.012945381371637477,0.013956971993432859,0.013481769219457707,3.3965334325620935,35,63,0.5445988346033169,0.3031373702222447
NQ,RTH,B1,30min,S-C_q0.90,M6_GK,2232,0.5812823690824054,0.5286876718072494,0.9275207672358042,0.9602138384741016,0.6035667813664838,0.5932027698283394,0.07203510380733136,0.07766414117282813,0.07501985591230807,3.584300418417161,35,63,0.5401165396683102,0.28915685125668705
