symbol,value,artifact,location,session,note,superseded
b[ES/GLOBEX/B0/1day],-0.4426723058533993,artifacts/s10-exponent-audit/phase1_bootstrap.csv,"cell=ES/GLOBEX/B0/1day, col=b",S10,,False
c[ES/GLOBEX/B0/1day],1.033909620188399,artifacts/s10-exponent-audit/phase1_bootstrap.csv,"cell=ES/GLOBEX/B0/1day, col=c",S10,,False
A[ES/GLOBEX/B0/1day],2.0584522490557693,artifacts/s10-exponent-audit/phase1_bootstrap.csv,"cell=ES/GLOBEX/B0/1day, col=A",S10,,False
rmse[ES/GLOBEX/B0/1day],0.0498940011671775,artifacts/s10-exponent-audit/phase1_bootstrap.csv,"cell=ES/GLOBEX/B0/1day, col=rmse",S10,,False
b_lo[ES/GLOBEX/B0/1day],-0.5508020721772262,artifacts/s10-exponent-audit/phase1_bootstrap.csv,"cell=ES/GLOBEX/B0/1day, col=b_lo",S10,,False
b_hi[ES/GLOBEX/B0/1day],-0.3397550127314422,artifacts/s10-exponent-audit/phase1_bootstrap.csv,"cell=ES/GLOBEX/B0/1day, col=b_hi",S10,,False
b_se[ES/GLOBEX/B0/1day],0.0536951035324225,artifacts/s10-exponent-audit/phase1_bootstrap.csv,"cell=ES/GLOBEX/B0/1day, col=b_se",S10,,False
c_lo[ES/GLOBEX/B0/1day],0.9310585411291388,artifacts/s10-exponent-audit/phase1_bootstrap.csv,"cell=ES/GLOBEX/B0/1day, col=c_lo",S10,,False
c_hi[ES/GLOBEX/B0/1day],1.116288574536073,artifacts/s10-exponent-audit/phase1_bootstrap.csv,"cell=ES/GLOBEX/B0/1day, col=c_hi",S10,,False
b_ref[ES/GLOBEX/B0/1day],-1.13767466962387,artifacts/s10-exponent-audit/phase1_bootstrap.csv,"cell=ES/GLOBEX/B0/1day, col=b_trigamma_ref",S10,,False
cond[ES/GLOBEX/B0/1day],24.95950357749797,artifacts/s10-exponent-audit/phase1_bootstrap.csv,"cell=ES/GLOBEX/B0/1day, col=cond",S10,,False
n_grid[ES/GLOBEX/B0/1day],10.0,artifacts/s10-exponent-audit/phase1_bootstrap.csv,"cell=ES/GLOBEX/B0/1day, col=n_grid",S10,,False
ref_inside_95[ES/GLOBEX/B0/1day],False,artifacts/s10-exponent-audit/phase1_bootstrap.csv,"cell=ES/GLOBEX/B0/1day, col=ref_inside_95",S10,,False
b[ES/GLOBEX/B1/1day],-0.4426723058533993,artifacts/s10-exponent-audit/phase1_bootstrap.csv,"cell=ES/GLOBEX/B1/1day, col=b",S10,,False
c[ES/GLOBEX/B1/1day],1.033909620188399,artifacts/s10-exponent-audit/phase1_bootstrap.csv,"cell=ES/GLOBEX/B1/1day, col=c",S10,,False
A[ES/GLOBEX/B1/1day],2.0584522490557693,artifacts/s10-exponent-audit/phase1_bootstrap.csv,"cell=ES/GLOBEX/B1/1day, col=A",S10,,False
rmse[ES/GLOBEX/B1/1day],0.0498940011671775,artifacts/s10-exponent-audit/phase1_bootstrap.csv,"cell=ES/GLOBEX/B1/1day, col=rmse",S10,,False
b_lo[ES/GLOBEX/B1/1day],-0.5460931612437697,artifacts/s10-exponent-audit/phase1_bootstrap.csv,"cell=ES/GLOBEX/B1/1day, col=b_lo",S10,,False
b_hi[ES/GLOBEX/B1/1day],-0.3412275284319387,artifacts/s10-exponent-audit/phase1_bootstrap.csv,"cell=ES/GLOBEX/B1/1day, col=b_hi",S10,,False
b_se[ES/GLOBEX/B1/1day],0.0534529047147064,artifacts/s10-exponent-audit/phase1_bootstrap.csv,"cell=ES/GLOBEX/B1/1day, col=b_se",S10,,False
c_lo[ES/GLOBEX/B1/1day],0.9338853599795304,artifacts/s10-exponent-audit/phase1_bootstrap.csv,"cell=ES/GLOBEX/B1/1day, col=c_lo",S10,,False
c_hi[ES/GLOBEX/B1/1day],1.119937727143011,artifacts/s10-exponent-audit/phase1_bootstrap.csv,"cell=ES/GLOBEX/B1/1day, col=c_hi",S10,,False
b_ref[ES/GLOBEX/B1/1day],-1.13767466962387,artifacts/s10-exponent-audit/phase1_bootstrap.csv,"cell=ES/GLOBEX/B1/1day, col=b_trigamma_ref",S10,,False
cond[ES/GLOBEX/B1/1day],24.95950357749797,artifacts/s10-exponent-audit/phase1_bootstrap.csv,"cell=ES/GLOBEX/B1/1day, col=cond",S10,,False
n_grid[ES/GLOBEX/B1/1day],10.0,artifacts/s10-exponent-audit/phase1_bootstrap.csv,"cell=ES/GLOBEX/B1/1day, col=n_grid",S10,,False
ref_inside_95[ES/GLOBEX/B1/1day],False,artifacts/s10-exponent-audit/phase1_bootstrap.csv,"cell=ES/GLOBEX/B1/1day, col=ref_inside_95",S10,,False
b[NQ/GLOBEX/B0/1day],-0.6885818583672129,artifacts/s10-exponent-audit/phase1_bootstrap.csv,"cell=NQ/GLOBEX/B0/1day, col=b",S10,,False
c[NQ/GLOBEX/B0/1day],1.0853359132503864,artifacts/s10-exponent-audit/phase1_bootstrap.csv,"cell=NQ/GLOBEX/B0/1day, col=c",S10,,False
A[NQ/GLOBEX/B0/1day],2.5860441879745837,artifacts/s10-exponent-audit/phase1_bootstrap.csv,"cell=NQ/GLOBEX/B0/1day, col=A",S10,,False
rmse[NQ/GLOBEX/B0/1day],0.0364751316228859,artifacts/s10-exponent-audit/phase1_bootstrap.csv,"cell=NQ/GLOBEX/B0/1day, col=rmse",S10,,False
b_lo[NQ/GLOBEX/B0/1day],-0.802167808848199,artifacts/s10-exponent-audit/phase1_bootstrap.csv,"cell=NQ/GLOBEX/B0/1day, col=b_lo",S10,,False
b_hi[NQ/GLOBEX/B0/1day],-0.5779906947524147,artifacts/s10-exponent-audit/phase1_bootstrap.csv,"cell=NQ/GLOBEX/B0/1day, col=b_hi",S10,,False
b_se[NQ/GLOBEX/B0/1day],0.0579041508626577,artifacts/s10-exponent-audit/phase1_bootstrap.csv,"cell=NQ/GLOBEX/B0/1day, col=b_se",S10,,False
c_lo[NQ/GLOBEX/B0/1day],1.0150992478502532,artifacts/s10-exponent-audit/phase1_bootstrap.csv,"cell=NQ/GLOBEX/B0/1day, col=c_lo",S10,,False
c_hi[NQ/GLOBEX/B0/1day],1.1579095735563536,artifacts/s10-exponent-audit/phase1_bootstrap.csv,"cell=NQ/GLOBEX/B0/1day, col=c_hi",S10,,False
b_ref[NQ/GLOBEX/B0/1day],-1.13767466962387,artifacts/s10-exponent-audit/phase1_bootstrap.csv,"cell=NQ/GLOBEX/B0/1day, col=b_trigamma_ref",S10,,False
cond[NQ/GLOBEX/B0/1day],38.9856757921873,artifacts/s10-exponent-audit/phase1_bootstrap.csv,"cell=NQ/GLOBEX/B0/1day, col=cond",S10,,False
n_grid[NQ/GLOBEX/B0/1day],10.0,artifacts/s10-exponent-audit/phase1_bootstrap.csv,"cell=NQ/GLOBEX/B0/1day, col=n_grid",S10,,False
ref_inside_95[NQ/GLOBEX/B0/1day],False,artifacts/s10-exponent-audit/phase1_bootstrap.csv,"cell=NQ/GLOBEX/B0/1day, col=ref_inside_95",S10,,False
b[NQ/GLOBEX/B1/1day],-0.6885818583672129,artifacts/s10-exponent-audit/phase1_bootstrap.csv,"cell=NQ/GLOBEX/B1/1day, col=b",S10,,False
c[NQ/GLOBEX/B1/1day],1.0853359132503864,artifacts/s10-exponent-audit/phase1_bootstrap.csv,"cell=NQ/GLOBEX/B1/1day, col=c",S10,,False
A[NQ/GLOBEX/B1/1day],2.5860441879745837,artifacts/s10-exponent-audit/phase1_bootstrap.csv,"cell=NQ/GLOBEX/B1/1day, col=A",S10,,False
rmse[NQ/GLOBEX/B1/1day],0.0364751316228859,artifacts/s10-exponent-audit/phase1_bootstrap.csv,"cell=NQ/GLOBEX/B1/1day, col=rmse",S10,,False
b_lo[NQ/GLOBEX/B1/1day],-0.7998549192061557,artifacts/s10-exponent-audit/phase1_bootstrap.csv,"cell=NQ/GLOBEX/B1/1day, col=b_lo",S10,,False
b_hi[NQ/GLOBEX/B1/1day],-0.5761496781957492,artifacts/s10-exponent-audit/phase1_bootstrap.csv,"cell=NQ/GLOBEX/B1/1day, col=b_hi",S10,,False
b_se[NQ/GLOBEX/B1/1day],0.0575252669621773,artifacts/s10-exponent-audit/phase1_bootstrap.csv,"cell=NQ/GLOBEX/B1/1day, col=b_se",S10,,False
c_lo[NQ/GLOBEX/B1/1day],1.0141537337297502,artifacts/s10-exponent-audit/phase1_bootstrap.csv,"cell=NQ/GLOBEX/B1/1day, col=c_lo",S10,,False
c_hi[NQ/GLOBEX/B1/1day],1.155019656130149,artifacts/s10-exponent-audit/phase1_bootstrap.csv,"cell=NQ/GLOBEX/B1/1day, col=c_hi",S10,,False
b_ref[NQ/GLOBEX/B1/1day],-1.13767466962387,artifacts/s10-exponent-audit/phase1_bootstrap.csv,"cell=NQ/GLOBEX/B1/1day, col=b_trigamma_ref",S10,,False
cond[NQ/GLOBEX/B1/1day],38.9856757921873,artifacts/s10-exponent-audit/phase1_bootstrap.csv,"cell=NQ/GLOBEX/B1/1day, col=cond",S10,,False
n_grid[NQ/GLOBEX/B1/1day],10.0,artifacts/s10-exponent-audit/phase1_bootstrap.csv,"cell=NQ/GLOBEX/B1/1day, col=n_grid",S10,,False
ref_inside_95[NQ/GLOBEX/B1/1day],False,artifacts/s10-exponent-audit/phase1_bootstrap.csv,"cell=NQ/GLOBEX/B1/1day, col=ref_inside_95",S10,,False
b[ES/RTH/B0/1day],-0.6274444407456055,artifacts/s10-exponent-audit/phase1_bootstrap.csv,"cell=ES/RTH/B0/1day, col=b",S10,,False
c[ES/RTH/B0/1day],1.0809384800522852,artifacts/s10-exponent-audit/phase1_bootstrap.csv,"cell=ES/RTH/B0/1day, col=c",S10,,False
A[ES/RTH/B0/1day],2.327882005917143,artifacts/s10-exponent-audit/phase1_bootstrap.csv,"cell=ES/RTH/B0/1day, col=A",S10,,False
rmse[ES/RTH/B0/1day],0.0291152123452189,artifacts/s10-exponent-audit/phase1_bootstrap.csv,"cell=ES/RTH/B0/1day, col=rmse",S10,,False
b_lo[ES/RTH/B0/1day],-0.7557685386363908,artifacts/s10-exponent-audit/phase1_bootstrap.csv,"cell=ES/RTH/B0/1day, col=b_lo",S10,,False
b_hi[ES/RTH/B0/1day],-0.4982405151687234,artifacts/s10-exponent-audit/phase1_bootstrap.csv,"cell=ES/RTH/B0/1day, col=b_hi",S10,,False
b_se[ES/RTH/B0/1day],0.0657501446497119,artifacts/s10-exponent-audit/phase1_bootstrap.csv,"cell=ES/RTH/B0/1day, col=b_se",S10,,False
c_lo[ES/RTH/B0/1day],0.99701777526825,artifacts/s10-exponent-audit/phase1_bootstrap.csv,"cell=ES/RTH/B0/1day, col=c_lo",S10,,False
c_hi[ES/RTH/B0/1day],1.1610578419327755,artifacts/s10-exponent-audit/phase1_bootstrap.csv,"cell=ES/RTH/B0/1day, col=c_hi",S10,,False
b_ref[ES/RTH/B0/1day],-1.144373249661363,artifacts/s10-exponent-audit/phase1_bootstrap.csv,"cell=ES/RTH/B0/1day, col=b_trigamma_ref",S10,,False
cond[ES/RTH/B0/1day],36.51938054986661,artifacts/s10-exponent-audit/phase1_bootstrap.csv,"cell=ES/RTH/B0/1day, col=cond",S10,,False
n_grid[ES/RTH/B0/1day],8.0,artifacts/s10-exponent-audit/phase1_bootstrap.csv,"cell=ES/RTH/B0/1day, col=n_grid",S10,,False
ref_inside_95[ES/RTH/B0/1day],False,artifacts/s10-exponent-audit/phase1_bootstrap.csv,"cell=ES/RTH/B0/1day, col=ref_inside_95",S10,,False
b[ES/RTH/B0/1h],-0.4658063300928055,artifacts/s10-exponent-audit/phase1_bootstrap.csv,"cell=ES/RTH/B0/1h, col=b",S10,,False
c[ES/RTH/B0/1h],1.051936782682572,artifacts/s10-exponent-audit/phase1_bootstrap.csv,"cell=ES/RTH/B0/1h, col=c",S10,,False
A[ES/RTH/B0/1h],2.326387543880114,artifacts/s10-exponent-audit/phase1_bootstrap.csv,"cell=ES/RTH/B0/1h, col=A",S10,,False
rmse[ES/RTH/B0/1h],0.0150926701868285,artifacts/s10-exponent-audit/phase1_bootstrap.csv,"cell=ES/RTH/B0/1h, col=rmse",S10,,False
b_lo[ES/RTH/B0/1h],-0.5344953729483165,artifacts/s10-exponent-audit/phase1_bootstrap.csv,"cell=ES/RTH/B0/1h, col=b_lo",S10,,False
b_hi[ES/RTH/B0/1h],-0.4003586516220614,artifacts/s10-exponent-audit/phase1_bootstrap.csv,"cell=ES/RTH/B0/1h, col=b_hi",S10,,False
b_se[ES/RTH/B0/1h],0.0340774541605736,artifacts/s10-exponent-audit/phase1_bootstrap.csv,"cell=ES/RTH/B0/1h, col=b_se",S10,,False
c_lo[ES/RTH/B0/1h],0.94692268588903,artifacts/s10-exponent-audit/phase1_bootstrap.csv,"cell=ES/RTH/B0/1h, col=c_lo",S10,,False
c_hi[ES/RTH/B0/1h],1.1327760576027854,artifacts/s10-exponent-audit/phase1_bootstrap.csv,"cell=ES/RTH/B0/1h, col=c_hi",S10,,False
b_ref[ES/RTH/B0/1h],-1.20971277863279,artifacts/s10-exponent-audit/phase1_bootstrap.csv,"cell=ES/RTH/B0/1h, col=b_trigamma_ref",S10,,False
cond[ES/RTH/B0/1h],37.39987622887221,artifacts/s10-exponent-audit/phase1_bootstrap.csv,"cell=ES/RTH/B0/1h, col=cond",S10,,False
n_grid[ES/RTH/B0/1h],9.0,artifacts/s10-exponent-audit/phase1_bootstrap.csv,"cell=ES/RTH/B0/1h, col=n_grid",S10,,False
ref_inside_95[ES/RTH/B0/1h],False,artifacts/s10-exponent-audit/phase1_bootstrap.csv,"cell=ES/RTH/B0/1h, col=ref_inside_95",S10,,False
b[ES/RTH/B0/30min],-0.4111082270680417,artifacts/s10-exponent-audit/phase1_bootstrap.csv,"cell=ES/RTH/B0/30min, col=b",S10,,False
c[ES/RTH/B0/30min],0.8153215401312074,artifacts/s10-exponent-audit/phase1_bootstrap.csv,"cell=ES/RTH/B0/30min, col=c",S10,,False
A[ES/RTH/B0/30min],2.5881134751747803,artifacts/s10-exponent-audit/phase1_bootstrap.csv,"cell=ES/RTH/B0/30min, col=A",S10,,False
rmse[ES/RTH/B0/30min],0.0044574469267371,artifacts/s10-exponent-audit/phase1_bootstrap.csv,"cell=ES/RTH/B0/30min, col=rmse",S10,,False
b_lo[ES/RTH/B0/30min],-0.4843437161085977,artifacts/s10-exponent-audit/phase1_bootstrap.csv,"cell=ES/RTH/B0/30min, col=b_lo",S10,,False
b_hi[ES/RTH/B0/30min],-0.3421507449558926,artifacts/s10-exponent-audit/phase1_bootstrap.csv,"cell=ES/RTH/B0/30min, col=b_hi",S10,,False
b_se[ES/RTH/B0/30min],0.0365070540395463,artifacts/s10-exponent-audit/phase1_bootstrap.csv,"cell=ES/RTH/B0/30min, col=b_se",S10,,False
c_lo[ES/RTH/B0/30min],0.6376069294255036,artifacts/s10-exponent-audit/phase1_bootstrap.csv,"cell=ES/RTH/B0/30min, col=c_lo",S10,,False
c_hi[ES/RTH/B0/30min],0.947611338521586,artifacts/s10-exponent-audit/phase1_bootstrap.csv,"cell=ES/RTH/B0/30min, col=c_hi",S10,,False
b_ref[ES/RTH/B0/30min],-1.1971005917687416,artifacts/s10-exponent-audit/phase1_bootstrap.csv,"cell=ES/RTH/B0/30min, col=b_trigamma_ref",S10,,False
cond[ES/RTH/B0/30min],97.82048294779273,artifacts/s10-exponent-audit/phase1_bootstrap.csv,"cell=ES/RTH/B0/30min, col=cond",S10,,False
n_grid[ES/RTH/B0/30min],5.0,artifacts/s10-exponent-audit/phase1_bootstrap.csv,"cell=ES/RTH/B0/30min, col=n_grid",S10,,False
ref_inside_95[ES/RTH/B0/30min],False,artifacts/s10-exponent-audit/phase1_bootstrap.csv,"cell=ES/RTH/B0/30min, col=ref_inside_95",S10,,False
b[ES/RTH/B1/1day],-0.6274444407456055,artifacts/s10-exponent-audit/phase1_bootstrap.csv,"cell=ES/RTH/B1/1day, col=b",S10,,False
c[ES/RTH/B1/1day],1.0809384800522852,artifacts/s10-exponent-audit/phase1_bootstrap.csv,"cell=ES/RTH/B1/1day, col=c",S10,,False
A[ES/RTH/B1/1day],2.327882005917143,artifacts/s10-exponent-audit/phase1_bootstrap.csv,"cell=ES/RTH/B1/1day, col=A",S10,,False
rmse[ES/RTH/B1/1day],0.0291152123452189,artifacts/s10-exponent-audit/phase1_bootstrap.csv,"cell=ES/RTH/B1/1day, col=rmse",S10,,False
b_lo[ES/RTH/B1/1day],-0.7569657100565887,artifacts/s10-exponent-audit/phase1_bootstrap.csv,"cell=ES/RTH/B1/1day, col=b_lo",S10,,False
b_hi[ES/RTH/B1/1day],-0.5077123624435455,artifacts/s10-exponent-audit/phase1_bootstrap.csv,"cell=ES/RTH/B1/1day, col=b_hi",S10,,False
b_se[ES/RTH/B1/1day],0.0639837749970563,artifacts/s10-exponent-audit/phase1_bootstrap.csv,"cell=ES/RTH/B1/1day, col=b_se",S10,,False
c_lo[ES/RTH/B1/1day],0.9963368170651992,artifacts/s10-exponent-audit/phase1_bootstrap.csv,"cell=ES/RTH/B1/1day, col=c_lo",S10,,False
c_hi[ES/RTH/B1/1day],1.162383452682612,artifacts/s10-exponent-audit/phase1_bootstrap.csv,"cell=ES/RTH/B1/1day, col=c_hi",S10,,False
b_ref[ES/RTH/B1/1day],-1.144373249661363,artifacts/s10-exponent-audit/phase1_bootstrap.csv,"cell=ES/RTH/B1/1day, col=b_trigamma_ref",S10,,False
cond[ES/RTH/B1/1day],36.51938054986661,artifacts/s10-exponent-audit/phase1_bootstrap.csv,"cell=ES/RTH/B1/1day, col=cond",S10,,False
n_grid[ES/RTH/B1/1day],8.0,artifacts/s10-exponent-audit/phase1_bootstrap.csv,"cell=ES/RTH/B1/1day, col=n_grid",S10,,False
ref_inside_95[ES/RTH/B1/1day],False,artifacts/s10-exponent-audit/phase1_bootstrap.csv,"cell=ES/RTH/B1/1day, col=ref_inside_95",S10,,False
b[ES/RTH/B1/1h],-0.4658063300928055,artifacts/s10-exponent-audit/phase1_bootstrap.csv,"cell=ES/RTH/B1/1h, col=b",S10,,False
c[ES/RTH/B1/1h],1.051936782682572,artifacts/s10-exponent-audit/phase1_bootstrap.csv,"cell=ES/RTH/B1/1h, col=c",S10,,False
A[ES/RTH/B1/1h],2.326387543880114,artifacts/s10-exponent-audit/phase1_bootstrap.csv,"cell=ES/RTH/B1/1h, col=A",S10,,False
rmse[ES/RTH/B1/1h],0.0150926701868285,artifacts/s10-exponent-audit/phase1_bootstrap.csv,"cell=ES/RTH/B1/1h, col=rmse",S10,,False
b_lo[ES/RTH/B1/1h],-0.5319764399737642,artifacts/s10-exponent-audit/phase1_bootstrap.csv,"cell=ES/RTH/B1/1h, col=b_lo",S10,,False
b_hi[ES/RTH/B1/1h],-0.4034128826811238,artifacts/s10-exponent-audit/phase1_bootstrap.csv,"cell=ES/RTH/B1/1h, col=b_hi",S10,,False
b_se[ES/RTH/B1/1h],0.0323033766386897,artifacts/s10-exponent-audit/phase1_bootstrap.csv,"cell=ES/RTH/B1/1h, col=b_se",S10,,False
c_lo[ES/RTH/B1/1h],0.9573569615098012,artifacts/s10-exponent-audit/phase1_bootstrap.csv,"cell=ES/RTH/B1/1h, col=c_lo",S10,,False
c_hi[ES/RTH/B1/1h],1.1270853695805287,artifacts/s10-exponent-audit/phase1_bootstrap.csv,"cell=ES/RTH/B1/1h, col=c_hi",S10,,False
b_ref[ES/RTH/B1/1h],-1.20971277863279,artifacts/s10-exponent-audit/phase1_bootstrap.csv,"cell=ES/RTH/B1/1h, col=b_trigamma_ref",S10,,False
cond[ES/RTH/B1/1h],37.39987622887221,artifacts/s10-exponent-audit/phase1_bootstrap.csv,"cell=ES/RTH/B1/1h, col=cond",S10,,False
n_grid[ES/RTH/B1/1h],9.0,artifacts/s10-exponent-audit/phase1_bootstrap.csv,"cell=ES/RTH/B1/1h, col=n_grid",S10,,False
ref_inside_95[ES/RTH/B1/1h],False,artifacts/s10-exponent-audit/phase1_bootstrap.csv,"cell=ES/RTH/B1/1h, col=ref_inside_95",S10,,False
b[ES/RTH/B1/30min],-0.4111082270680417,artifacts/s10-exponent-audit/phase1_bootstrap.csv,"cell=ES/RTH/B1/30min, col=b",S10,,False
c[ES/RTH/B1/30min],0.8153215401312074,artifacts/s10-exponent-audit/phase1_bootstrap.csv,"cell=ES/RTH/B1/30min, col=c",S10,,False
A[ES/RTH/B1/30min],2.5881134751747803,artifacts/s10-exponent-audit/phase1_bootstrap.csv,"cell=ES/RTH/B1/30min, col=A",S10,,False
rmse[ES/RTH/B1/30min],0.0044574469267371,artifacts/s10-exponent-audit/phase1_bootstrap.csv,"cell=ES/RTH/B1/30min, col=rmse",S10,,False
b_lo[ES/RTH/B1/30min],-0.477990297459731,artifacts/s10-exponent-audit/phase1_bootstrap.csv,"cell=ES/RTH/B1/30min, col=b_lo",S10,,False
b_hi[ES/RTH/B1/30min],-0.3423090497046587,artifacts/s10-exponent-audit/phase1_bootstrap.csv,"cell=ES/RTH/B1/30min, col=b_hi",S10,,False
b_se[ES/RTH/B1/30min],0.0346526877367409,artifacts/s10-exponent-audit/phase1_bootstrap.csv,"cell=ES/RTH/B1/30min, col=b_se",S10,,False
c_lo[ES/RTH/B1/30min],0.6384866973095559,artifacts/s10-exponent-audit/phase1_bootstrap.csv,"cell=ES/RTH/B1/30min, col=c_lo",S10,,False
c_hi[ES/RTH/B1/30min],0.9399249735833916,artifacts/s10-exponent-audit/phase1_bootstrap.csv,"cell=ES/RTH/B1/30min, col=c_hi",S10,,False
b_ref[ES/RTH/B1/30min],-1.1971005917687416,artifacts/s10-exponent-audit/phase1_bootstrap.csv,"cell=ES/RTH/B1/30min, col=b_trigamma_ref",S10,,False
cond[ES/RTH/B1/30min],97.82048294779273,artifacts/s10-exponent-audit/phase1_bootstrap.csv,"cell=ES/RTH/B1/30min, col=cond",S10,,False
n_grid[ES/RTH/B1/30min],5.0,artifacts/s10-exponent-audit/phase1_bootstrap.csv,"cell=ES/RTH/B1/30min, col=n_grid",S10,,False
ref_inside_95[ES/RTH/B1/30min],False,artifacts/s10-exponent-audit/phase1_bootstrap.csv,"cell=ES/RTH/B1/30min, col=ref_inside_95",S10,,False
b[NQ/RTH/B0/1day],-0.9743997227891924,artifacts/s10-exponent-audit/phase1_bootstrap.csv,"cell=NQ/RTH/B0/1day, col=b",S10,,False
c[NQ/RTH/B0/1day],1.0567722578646066,artifacts/s10-exponent-audit/phase1_bootstrap.csv,"cell=NQ/RTH/B0/1day, col=c",S10,,False
A[NQ/RTH/B0/1day],3.5897307083476124,artifacts/s10-exponent-audit/phase1_bootstrap.csv,"cell=NQ/RTH/B0/1day, col=A",S10,,False
rmse[NQ/RTH/B0/1day],0.0162496697379841,artifacts/s10-exponent-audit/phase1_bootstrap.csv,"cell=NQ/RTH/B0/1day, col=rmse",S10,,False
b_lo[NQ/RTH/B0/1day],-1.125495005553469,artifacts/s10-exponent-audit/phase1_bootstrap.csv,"cell=NQ/RTH/B0/1day, col=b_lo",S10,,False
b_hi[NQ/RTH/B0/1day],-0.835319083614595,artifacts/s10-exponent-audit/phase1_bootstrap.csv,"cell=NQ/RTH/B0/1day, col=b_hi",S10,,False
b_se[NQ/RTH/B0/1day],0.0755699864664221,artifacts/s10-exponent-audit/phase1_bootstrap.csv,"cell=NQ/RTH/B0/1day, col=b_se",S10,,False
c_lo[NQ/RTH/B0/1day],0.9861349099479804,artifacts/s10-exponent-audit/phase1_bootstrap.csv,"cell=NQ/RTH/B0/1day, col=c_lo",S10,,False
c_hi[NQ/RTH/B0/1day],1.122810834100859,artifacts/s10-exponent-audit/phase1_bootstrap.csv,"cell=NQ/RTH/B0/1day, col=c_hi",S10,,False
b_ref[NQ/RTH/B0/1day],-1.144373249661363,artifacts/s10-exponent-audit/phase1_bootstrap.csv,"cell=NQ/RTH/B0/1day, col=b_trigamma_ref",S10,,False
cond[NQ/RTH/B0/1day],70.47027152605779,artifacts/s10-exponent-audit/phase1_bootstrap.csv,"cell=NQ/RTH/B0/1day, col=cond",S10,,False
n_grid[NQ/RTH/B0/1day],8.0,artifacts/s10-exponent-audit/phase1_bootstrap.csv,"cell=NQ/RTH/B0/1day, col=n_grid",S10,,False
ref_inside_95[NQ/RTH/B0/1day],False,artifacts/s10-exponent-audit/phase1_bootstrap.csv,"cell=NQ/RTH/B0/1day, col=ref_inside_95",S10,,False
b[NQ/RTH/B0/1h],-0.8032152282589848,artifacts/s10-exponent-audit/phase1_bootstrap.csv,"cell=NQ/RTH/B0/1h, col=b",S10,,False
c[NQ/RTH/B0/1h],1.424896531154938,artifacts/s10-exponent-audit/phase1_bootstrap.csv,"cell=NQ/RTH/B0/1h, col=c",S10,,False
A[NQ/RTH/B0/1h],2.4407802378582644,artifacts/s10-exponent-audit/phase1_bootstrap.csv,"cell=NQ/RTH/B0/1h, col=A",S10,,False
rmse[NQ/RTH/B0/1h],0.0118761039921077,artifacts/s10-exponent-audit/phase1_bootstrap.csv,"cell=NQ/RTH/B0/1h, col=rmse",S10,,False
b_lo[NQ/RTH/B0/1h],-0.8944315953435547,artifacts/s10-exponent-audit/phase1_bootstrap.csv,"cell=NQ/RTH/B0/1h, col=b_lo",S10,,False
b_hi[NQ/RTH/B0/1h],-0.7149615345172784,artifacts/s10-exponent-audit/phase1_bootstrap.csv,"cell=NQ/RTH/B0/1h, col=b_hi",S10,,False
b_se[NQ/RTH/B0/1h],0.0459204573671992,artifacts/s10-exponent-audit/phase1_bootstrap.csv,"cell=NQ/RTH/B0/1h, col=b_se",S10,,False
c_lo[NQ/RTH/B0/1h],1.3780583977392191,artifacts/s10-exponent-audit/phase1_bootstrap.csv,"cell=NQ/RTH/B0/1h, col=c_lo",S10,,False
c_hi[NQ/RTH/B0/1h],1.4692998836242692,artifacts/s10-exponent-audit/phase1_bootstrap.csv,"cell=NQ/RTH/B0/1h, col=c_hi",S10,,False
b_ref[NQ/RTH/B0/1h],-1.20971277863279,artifacts/s10-exponent-audit/phase1_bootstrap.csv,"cell=NQ/RTH/B0/1h, col=b_trigamma_ref",S10,,False
cond[NQ/RTH/B0/1h],48.37411655705927,artifacts/s10-exponent-audit/phase1_bootstrap.csv,"cell=NQ/RTH/B0/1h, col=cond",S10,,False
n_grid[NQ/RTH/B0/1h],9.0,artifacts/s10-exponent-audit/phase1_bootstrap.csv,"cell=NQ/RTH/B0/1h, col=n_grid",S10,,False
ref_inside_95[NQ/RTH/B0/1h],False,artifacts/s10-exponent-audit/phase1_bootstrap.csv,"cell=NQ/RTH/B0/1h, col=ref_inside_95",S10,,False
b[NQ/RTH/B0/30min],-0.7009504660809367,artifacts/s10-exponent-audit/phase1_bootstrap.csv,"cell=NQ/RTH/B0/30min, col=b",S10,,False
c[NQ/RTH/B0/30min],1.3684356791732393,artifacts/s10-exponent-audit/phase1_bootstrap.csv,"cell=NQ/RTH/B0/30min, col=c",S10,,False
A[NQ/RTH/B0/30min],2.3299100072766117,artifacts/s10-exponent-audit/phase1_bootstrap.csv,"cell=NQ/RTH/B0/30min, col=A",S10,,False
rmse[NQ/RTH/B0/30min],0.0053024681302765,artifacts/s10-exponent-audit/phase1_bootstrap.csv,"cell=NQ/RTH/B0/30min, col=rmse",S10,,False
b_lo[NQ/RTH/B0/30min],-0.7976284061385536,artifacts/s10-exponent-audit/phase1_bootstrap.csv,"cell=NQ/RTH/B0/30min, col=b_lo",S10,,False
b_hi[NQ/RTH/B0/30min],-0.6091683577127147,artifacts/s10-exponent-audit/phase1_bootstrap.csv,"cell=NQ/RTH/B0/30min, col=b_hi",S10,,False
b_se[NQ/RTH/B0/30min],0.0482720926894856,artifacts/s10-exponent-audit/phase1_bootstrap.csv,"cell=NQ/RTH/B0/30min, col=b_se",S10,,False
c_lo[NQ/RTH/B0/30min],1.3079703138026089,artifacts/s10-exponent-audit/phase1_bootstrap.csv,"cell=NQ/RTH/B0/30min, col=c_lo",S10,,False
c_hi[NQ/RTH/B0/30min],1.418375772266111,artifacts/s10-exponent-audit/phase1_bootstrap.csv,"cell=NQ/RTH/B0/30min, col=c_hi",S10,,False
b_ref[NQ/RTH/B0/30min],-1.1971005917687416,artifacts/s10-exponent-audit/phase1_bootstrap.csv,"cell=NQ/RTH/B0/30min, col=b_trigamma_ref",S10,,False
cond[NQ/RTH/B0/30min],73.86245739384485,artifacts/s10-exponent-audit/phase1_bootstrap.csv,"cell=NQ/RTH/B0/30min, col=cond",S10,,False
n_grid[NQ/RTH/B0/30min],5.0,artifacts/s10-exponent-audit/phase1_bootstrap.csv,"cell=NQ/RTH/B0/30min, col=n_grid",S10,,False
ref_inside_95[NQ/RTH/B0/30min],False,artifacts/s10-exponent-audit/phase1_bootstrap.csv,"cell=NQ/RTH/B0/30min, col=ref_inside_95",S10,,False
b[NQ/RTH/B1/1day],-0.9743997227891924,artifacts/s10-exponent-audit/phase1_bootstrap.csv,"cell=NQ/RTH/B1/1day, col=b",S10,,False
c[NQ/RTH/B1/1day],1.0567722578646066,artifacts/s10-exponent-audit/phase1_bootstrap.csv,"cell=NQ/RTH/B1/1day, col=c",S10,,False
A[NQ/RTH/B1/1day],3.5897307083476124,artifacts/s10-exponent-audit/phase1_bootstrap.csv,"cell=NQ/RTH/B1/1day, col=A",S10,,False
rmse[NQ/RTH/B1/1day],0.0162496697379841,artifacts/s10-exponent-audit/phase1_bootstrap.csv,"cell=NQ/RTH/B1/1day, col=rmse",S10,,False
b_lo[NQ/RTH/B1/1day],-1.1263944916694908,artifacts/s10-exponent-audit/phase1_bootstrap.csv,"cell=NQ/RTH/B1/1day, col=b_lo",S10,,False
b_hi[NQ/RTH/B1/1day],-0.8288643663463371,artifacts/s10-exponent-audit/phase1_bootstrap.csv,"cell=NQ/RTH/B1/1day, col=b_hi",S10,,False
b_se[NQ/RTH/B1/1day],0.0765919900228785,artifacts/s10-exponent-audit/phase1_bootstrap.csv,"cell=NQ/RTH/B1/1day, col=b_se",S10,,False
c_lo[NQ/RTH/B1/1day],0.9903368974003532,artifacts/s10-exponent-audit/phase1_bootstrap.csv,"cell=NQ/RTH/B1/1day, col=c_lo",S10,,False
c_hi[NQ/RTH/B1/1day],1.12024619795379,artifacts/s10-exponent-audit/phase1_bootstrap.csv,"cell=NQ/RTH/B1/1day, col=c_hi",S10,,False
b_ref[NQ/RTH/B1/1day],-1.144373249661363,artifacts/s10-exponent-audit/phase1_bootstrap.csv,"cell=NQ/RTH/B1/1day, col=b_trigamma_ref",S10,,False
cond[NQ/RTH/B1/1day],70.47027152605779,artifacts/s10-exponent-audit/phase1_bootstrap.csv,"cell=NQ/RTH/B1/1day, col=cond",S10,,False
n_grid[NQ/RTH/B1/1day],8.0,artifacts/s10-exponent-audit/phase1_bootstrap.csv,"cell=NQ/RTH/B1/1day, col=n_grid",S10,,False
ref_inside_95[NQ/RTH/B1/1day],False,artifacts/s10-exponent-audit/phase1_bootstrap.csv,"cell=NQ/RTH/B1/1day, col=ref_inside_95",S10,,False
b[NQ/RTH/B1/1h],-0.8032152282589848,artifacts/s10-exponent-audit/phase1_bootstrap.csv,"cell=NQ/RTH/B1/1h, col=b",S10,,False
c[NQ/RTH/B1/1h],1.424896531154938,artifacts/s10-exponent-audit/phase1_bootstrap.csv,"cell=NQ/RTH/B1/1h, col=c",S10,,False
A[NQ/RTH/B1/1h],2.4407802378582644,artifacts/s10-exponent-audit/phase1_bootstrap.csv,"cell=NQ/RTH/B1/1h, col=A",S10,,False
rmse[NQ/RTH/B1/1h],0.0118761039921077,artifacts/s10-exponent-audit/phase1_bootstrap.csv,"cell=NQ/RTH/B1/1h, col=rmse",S10,,False
b_lo[NQ/RTH/B1/1h],-0.8971001036999707,artifacts/s10-exponent-audit/phase1_bootstrap.csv,"cell=NQ/RTH/B1/1h, col=b_lo",S10,,False
b_hi[NQ/RTH/B1/1h],-0.7207686742889138,artifacts/s10-exponent-audit/phase1_bootstrap.csv,"cell=NQ/RTH/B1/1h, col=b_hi",S10,,False
b_se[NQ/RTH/B1/1h],0.0450935940316284,artifacts/s10-exponent-audit/phase1_bootstrap.csv,"cell=NQ/RTH/B1/1h, col=b_se",S10,,False
c_lo[NQ/RTH/B1/1h],1.3794630242511596,artifacts/s10-exponent-audit/phase1_bootstrap.csv,"cell=NQ/RTH/B1/1h, col=c_lo",S10,,False
c_hi[NQ/RTH/B1/1h],1.4694619829807138,artifacts/s10-exponent-audit/phase1_bootstrap.csv,"cell=NQ/RTH/B1/1h, col=c_hi",S10,,False
b_ref[NQ/RTH/B1/1h],-1.20971277863279,artifacts/s10-exponent-audit/phase1_bootstrap.csv,"cell=NQ/RTH/B1/1h, col=b_trigamma_ref",S10,,False
cond[NQ/RTH/B1/1h],48.37411655705927,artifacts/s10-exponent-audit/phase1_bootstrap.csv,"cell=NQ/RTH/B1/1h, col=cond",S10,,False
n_grid[NQ/RTH/B1/1h],9.0,artifacts/s10-exponent-audit/phase1_bootstrap.csv,"cell=NQ/RTH/B1/1h, col=n_grid",S10,,False
ref_inside_95[NQ/RTH/B1/1h],False,artifacts/s10-exponent-audit/phase1_bootstrap.csv,"cell=NQ/RTH/B1/1h, col=ref_inside_95",S10,,False
b[NQ/RTH/B1/30min],-0.7009504660809367,artifacts/s10-exponent-audit/phase1_bootstrap.csv,"cell=NQ/RTH/B1/30min, col=b",S10,,False
c[NQ/RTH/B1/30min],1.3684356791732393,artifacts/s10-exponent-audit/phase1_bootstrap.csv,"cell=NQ/RTH/B1/30min, col=c",S10,,False
A[NQ/RTH/B1/30min],2.3299100072766117,artifacts/s10-exponent-audit/phase1_bootstrap.csv,"cell=NQ/RTH/B1/30min, col=A",S10,,False
rmse[NQ/RTH/B1/30min],0.0053024681302765,artifacts/s10-exponent-audit/phase1_bootstrap.csv,"cell=NQ/RTH/B1/30min, col=rmse",S10,,False
b_lo[NQ/RTH/B1/30min],-0.7958708981026248,artifacts/s10-exponent-audit/phase1_bootstrap.csv,"cell=NQ/RTH/B1/30min, col=b_lo",S10,,False
b_hi[NQ/RTH/B1/30min],-0.6096481975357134,artifacts/s10-exponent-audit/phase1_bootstrap.csv,"cell=NQ/RTH/B1/30min, col=b_hi",S10,,False
b_se[NQ/RTH/B1/30min],0.0481566571874574,artifacts/s10-exponent-audit/phase1_bootstrap.csv,"cell=NQ/RTH/B1/30min, col=b_se",S10,,False
c_lo[NQ/RTH/B1/30min],1.307830017802652,artifacts/s10-exponent-audit/phase1_bootstrap.csv,"cell=NQ/RTH/B1/30min, col=c_lo",S10,,False
c_hi[NQ/RTH/B1/30min],1.419214872553802,artifacts/s10-exponent-audit/phase1_bootstrap.csv,"cell=NQ/RTH/B1/30min, col=c_hi",S10,,False
b_ref[NQ/RTH/B1/30min],-1.1971005917687416,artifacts/s10-exponent-audit/phase1_bootstrap.csv,"cell=NQ/RTH/B1/30min, col=b_trigamma_ref",S10,,False
cond[NQ/RTH/B1/30min],73.86245739384485,artifacts/s10-exponent-audit/phase1_bootstrap.csv,"cell=NQ/RTH/B1/30min, col=cond",S10,,False
n_grid[NQ/RTH/B1/30min],5.0,artifacts/s10-exponent-audit/phase1_bootstrap.csv,"cell=NQ/RTH/B1/30min, col=n_grid",S10,,False
ref_inside_95[NQ/RTH/B1/30min],False,artifacts/s10-exponent-audit/phase1_bootstrap.csv,"cell=NQ/RTH/B1/30min, col=ref_inside_95",S10,,False
b[SPY/ARCX/TICK],-0.5332573378046044,artifacts/s10-exponent-audit/phase1_bootstrap.csv,"cell=SPY/ARCX/TICK, col=b",S10,,False
c[SPY/ARCX/TICK],1.0342942397323764,artifacts/s10-exponent-audit/phase1_bootstrap.csv,"cell=SPY/ARCX/TICK, col=c",S10,,False
A[SPY/ARCX/TICK],1.4569098932482172,artifacts/s10-exponent-audit/phase1_bootstrap.csv,"cell=SPY/ARCX/TICK, col=A",S10,,False
rmse[SPY/ARCX/TICK],0.0557649110375174,artifacts/s10-exponent-audit/phase1_bootstrap.csv,"cell=SPY/ARCX/TICK, col=rmse",S10,,False
b_lo[SPY/ARCX/TICK],-0.68068749448494,artifacts/s10-exponent-audit/phase1_bootstrap.csv,"cell=SPY/ARCX/TICK, col=b_lo",S10,,False
b_hi[SPY/ARCX/TICK],-0.3896388230817285,artifacts/s10-exponent-audit/phase1_bootstrap.csv,"cell=SPY/ARCX/TICK, col=b_hi",S10,,False
b_se[SPY/ARCX/TICK],0.073632671434014,artifacts/s10-exponent-audit/phase1_bootstrap.csv,"cell=SPY/ARCX/TICK, col=b_se",S10,,False
c_lo[SPY/ARCX/TICK],0.945627975272792,artifacts/s10-exponent-audit/phase1_bootstrap.csv,"cell=SPY/ARCX/TICK, col=c_lo",S10,,False
c_hi[SPY/ARCX/TICK],1.1198715650604902,artifacts/s10-exponent-audit/phase1_bootstrap.csv,"cell=SPY/ARCX/TICK, col=c_hi",S10,,False
b_ref[SPY/ARCX/TICK],-1.1261902267497008,artifacts/s10-exponent-audit/phase1_bootstrap.csv,"cell=SPY/ARCX/TICK, col=b_trigamma_ref",S10,,False
cond[SPY/ARCX/TICK],23.174298086131596,artifacts/s10-exponent-audit/phase1_bootstrap.csv,"cell=SPY/ARCX/TICK, col=cond",S10,,False
n_grid[SPY/ARCX/TICK],15.0,artifacts/s10-exponent-audit/phase1_bootstrap.csv,"cell=SPY/ARCX/TICK, col=n_grid",S10,,False
ref_inside_95[SPY/ARCX/TICK],False,artifacts/s10-exponent-audit/phase1_bootstrap.csv,"cell=SPY/ARCX/TICK, col=ref_inside_95",S10,,False
b[SPY/XNAS/TICK],-0.5985384739875643,artifacts/s10-exponent-audit/phase1_bootstrap.csv,"cell=SPY/XNAS/TICK, col=b",S10,,False
c[SPY/XNAS/TICK],1.0438873159534647,artifacts/s10-exponent-audit/phase1_bootstrap.csv,"cell=SPY/XNAS/TICK, col=c",S10,,False
A[SPY/XNAS/TICK],1.6770886062626031,artifacts/s10-exponent-audit/phase1_bootstrap.csv,"cell=SPY/XNAS/TICK, col=A",S10,,False
rmse[SPY/XNAS/TICK],0.0590016850503011,artifacts/s10-exponent-audit/phase1_bootstrap.csv,"cell=SPY/XNAS/TICK, col=rmse",S10,,False
b_lo[SPY/XNAS/TICK],-0.7627600010678083,artifacts/s10-exponent-audit/phase1_bootstrap.csv,"cell=SPY/XNAS/TICK, col=b_lo",S10,,False
b_hi[SPY/XNAS/TICK],-0.4467674727704005,artifacts/s10-exponent-audit/phase1_bootstrap.csv,"cell=SPY/XNAS/TICK, col=b_hi",S10,,False
b_se[SPY/XNAS/TICK],0.0809168070525657,artifacts/s10-exponent-audit/phase1_bootstrap.csv,"cell=SPY/XNAS/TICK, col=b_se",S10,,False
c_lo[SPY/XNAS/TICK],0.9570599806832484,artifacts/s10-exponent-audit/phase1_bootstrap.csv,"cell=SPY/XNAS/TICK, col=c_lo",S10,,False
c_hi[SPY/XNAS/TICK],1.1283646158968703,artifacts/s10-exponent-audit/phase1_bootstrap.csv,"cell=SPY/XNAS/TICK, col=c_hi",S10,,False
b_ref[SPY/XNAS/TICK],-1.1261902267497008,artifacts/s10-exponent-audit/phase1_bootstrap.csv,"cell=SPY/XNAS/TICK, col=b_trigamma_ref",S10,,False
cond[SPY/XNAS/TICK],27.324601781257975,artifacts/s10-exponent-audit/phase1_bootstrap.csv,"cell=SPY/XNAS/TICK, col=cond",S10,,False
n_grid[SPY/XNAS/TICK],15.0,artifacts/s10-exponent-audit/phase1_bootstrap.csv,"cell=SPY/XNAS/TICK, col=n_grid",S10,,False
ref_inside_95[SPY/XNAS/TICK],False,artifacts/s10-exponent-audit/phase1_bootstrap.csv,"cell=SPY/XNAS/TICK, col=ref_inside_95",S10,,False
n_cells_ref_outside_95,18,artifacts/s10-exponent-audit/phase1_bootstrap.csv,count over 18 rows,S10,,False
n_cells_total,18,artifacts/s10-exponent-audit/phase1_bootstrap.csv,row count,S10,,False
median_b_se,0.05357400412356445,artifacts/s10-exponent-audit/phase1_bootstrap.csv,median of col b_se,S10,,False
corr_cb_min,-0.973305326088638,artifacts/s10-exponent-audit/phase1_corr.csv,"min of boot_corr where c,b",S10,,False
corr_cb_max,-0.0653863251065386,artifacts/s10-exponent-audit/phase1_corr.csv,"max of boot_corr where c,b",S10,,False
corr_cb_asym_min,-0.993466839786863,artifacts/s10-exponent-audit/phase1_corr.csv,"min of asym_corr where c,b",S10,,False
corr_cb_asym_max,-0.7481562588648306,artifacts/s10-exponent-audit/phase1_corr.csv,"max of asym_corr where c,b",S10,,False
n_screen_rows_extended,18,artifacts/s10-exponent-audit/phase2_screen.csv,"rows range in {extended,tick_full}",S10,,False
n_screen_pass,14,artifacts/s10-exponent-audit/phase2_screen.csv,count screen_tight_pass,S10,,False
n_futures_pass,12,artifacts/s10-exponent-audit/phase2_screen.csv,"count, futures only",S10,,False
n_spy_pass,2,artifacts/s10-exponent-audit/phase2_screen.csv,"count, SPY only",S10,,False
n_screen_pass_old,26,artifacts/s10-exponent-audit/phase2_screen.csv,count over all 34 rows,S10,,False
n_screen_rows_all,34,artifacts/s10-exponent-audit/phase2_screen.csv,row count,S10,,False
n_proxy_fits,54,artifacts/s11-extensions/phase7_proxy_fits.csv,row count,S11,,False
n_proxy_ref_inside_95,0,artifacts/s11-extensions/phase7_proxy_fits.csv,count ref_inside_95,S11,,False
mean_b_RV,-0.6311196132994588,artifacts/s11-extensions/phase7_proxy_fits.csv,mean of b where proxy=RV,S11,,False
median_rmse_RV,0.0162496697379852,artifacts/s11-extensions/phase7_proxy_fits.csv,"median rmse, proxy=RV",S11,,False
median_cond_RV,38.98567677763267,artifacts/s11-extensions/phase7_proxy_fits.csv,"median cond, proxy=RV",S11,,False
n_screen_pass_RV,14,artifacts/s11-extensions/phase7_proxy_fits.csv,"count, proxy=RV",S11,,False
mean_b_RK,-0.5213795394315187,artifacts/s11-extensions/phase7_proxy_fits.csv,mean of b where proxy=RK,S11,,False
median_rmse_RK,0.0349718032940213,artifacts/s11-extensions/phase7_proxy_fits.csv,"median rmse, proxy=RK",S11,,False
median_cond_RK,48.29333600550507,artifacts/s11-extensions/phase7_proxy_fits.csv,"median cond, proxy=RK",S11,,False
n_screen_pass_RK,14,artifacts/s11-extensions/phase7_proxy_fits.csv,"count, proxy=RK",S11,,False
mean_b_TSRV,-0.49527021755808537,artifacts/s11-extensions/phase7_proxy_fits.csv,mean of b where proxy=TSRV,S11,,False
median_rmse_TSRV,0.0366855304744746,artifacts/s11-extensions/phase7_proxy_fits.csv,"median rmse, proxy=TSRV",S11,,False
median_cond_TSRV,52.73593165418727,artifacts/s11-extensions/phase7_proxy_fits.csv,"median cond, proxy=TSRV",S11,,False
n_screen_pass_TSRV,14,artifacts/s11-extensions/phase7_proxy_fits.csv,"count, proxy=TSRV",S11,,False
arm_b[A0/GLOBEX_1day],-1.185001193928075,artifacts/s05e-positive-control/phase2_arm_summary.csv,"arm=A0,grid=GLOBEX_1day, col=b_mean",S05E,,False
arm_bsd[A0/GLOBEX_1day],0.0848669150747638,artifacts/s05e-positive-control/phase2_arm_summary.csv,"arm=A0,grid=GLOBEX_1day, col=b_sd",S05E,,False
arm_recovery_err[A0/GLOBEX_1day],0.0024982846030732,artifacts/s05e-positive-control/phase2_arm_summary.csv,"arm=A0,grid=GLOBEX_1day, col=recovery_error_mean",S05E,,False
arm_b[A0/RTH_1day],-1.245116724732657,artifacts/s05e-positive-control/phase2_arm_summary.csv,"arm=A0,grid=RTH_1day, col=b_mean",S05E,,False
arm_bsd[A0/RTH_1day],0.1444651832719476,artifacts/s05e-positive-control/phase2_arm_summary.csv,"arm=A0,grid=RTH_1day, col=b_sd",S05E,,False
arm_recovery_err[A0/RTH_1day],0.0057589392354392,artifacts/s05e-positive-control/phase2_arm_summary.csv,"arm=A0,grid=RTH_1day, col=recovery_error_mean",S05E,,False
arm_b[A0/RTH_1h],-1.1927630074437532,artifacts/s05e-positive-control/phase2_arm_summary.csv,"arm=A0,grid=RTH_1h, col=b_mean",S05E,,False
arm_bsd[A0/RTH_1h],0.0414269536018025,artifacts/s05e-positive-control/phase2_arm_summary.csv,"arm=A0,grid=RTH_1h, col=b_sd",S05E,,False
arm_recovery_err[A0/RTH_1h],0.0103453014442699,artifacts/s05e-positive-control/phase2_arm_summary.csv,"arm=A0,grid=RTH_1h, col=recovery_error_mean",S05E,,False
arm_b[A0/RTH_30min],-1.216782593863161,artifacts/s05e-positive-control/phase2_arm_summary.csv,"arm=A0,grid=RTH_30min, col=b_mean",S05E,,False
arm_bsd[A0/RTH_30min],0.0725011875767137,artifacts/s05e-positive-control/phase2_arm_summary.csv,"arm=A0,grid=RTH_30min, col=b_sd",S05E,,False
arm_recovery_err[A0/RTH_30min],0.0159831793646509,artifacts/s05e-positive-control/phase2_arm_summary.csv,"arm=A0,grid=RTH_30min, col=recovery_error_mean",S05E,,False
arm_b[A1/GLOBEX_1day],-1.0808208284322387,artifacts/s05e-positive-control/phase2_arm_summary.csv,"arm=A1,grid=GLOBEX_1day, col=b_mean",S05E,,False
arm_bsd[A1/GLOBEX_1day],0.1059338333258672,artifacts/s05e-positive-control/phase2_arm_summary.csv,"arm=A1,grid=GLOBEX_1day, col=b_sd",S05E,,False
arm_recovery_err[A1/GLOBEX_1day],0.0059424341584203,artifacts/s05e-positive-control/phase2_arm_summary.csv,"arm=A1,grid=GLOBEX_1day, col=recovery_error_mean",S05E,,False
arm_b[A1/RTH_1day],-1.1622365887534063,artifacts/s05e-positive-control/phase2_arm_summary.csv,"arm=A1,grid=RTH_1day, col=b_mean",S05E,,False
arm_bsd[A1/RTH_1day],0.1190755577083245,artifacts/s05e-positive-control/phase2_arm_summary.csv,"arm=A1,grid=RTH_1day, col=b_sd",S05E,,False
arm_recovery_err[A1/RTH_1day],0.0043028483694029,artifacts/s05e-positive-control/phase2_arm_summary.csv,"arm=A1,grid=RTH_1day, col=recovery_error_mean",S05E,,False
arm_b[A1/RTH_1h],-1.1937105273684536,artifacts/s05e-positive-control/phase2_arm_summary.csv,"arm=A1,grid=RTH_1h, col=b_mean",S05E,,False
arm_bsd[A1/RTH_1h],0.0379400485223319,artifacts/s05e-positive-control/phase2_arm_summary.csv,"arm=A1,grid=RTH_1h, col=b_sd",S05E,,False
arm_recovery_err[A1/RTH_1h],0.0916544329313205,artifacts/s05e-positive-control/phase2_arm_summary.csv,"arm=A1,grid=RTH_1h, col=recovery_error_mean",S05E,,False
arm_b[A1/RTH_30min],-1.2162571686730153,artifacts/s05e-positive-control/phase2_arm_summary.csv,"arm=A1,grid=RTH_30min, col=b_mean",S05E,,False
arm_bsd[A1/RTH_30min],0.0797755686359419,artifacts/s05e-positive-control/phase2_arm_summary.csv,"arm=A1,grid=RTH_30min, col=b_sd",S05E,,False
arm_recovery_err[A1/RTH_30min],0.103873106361699,artifacts/s05e-positive-control/phase2_arm_summary.csv,"arm=A1,grid=RTH_30min, col=recovery_error_mean",S05E,,False
arm_b[A2/GLOBEX_1day],-1.072128988936639,artifacts/s05e-positive-control/phase2_arm_summary.csv,"arm=A2,grid=GLOBEX_1day, col=b_mean",S05E,,False
arm_bsd[A2/GLOBEX_1day],0.080133041860095,artifacts/s05e-positive-control/phase2_arm_summary.csv,"arm=A2,grid=GLOBEX_1day, col=b_sd",S05E,,False
arm_recovery_err[A2/GLOBEX_1day],-0.1631246398556708,artifacts/s05e-positive-control/phase2_arm_summary.csv,"arm=A2,grid=GLOBEX_1day, col=recovery_error_mean",S05E,,False
arm_b[A2/RTH_1day],-1.1420999294719234,artifacts/s05e-positive-control/phase2_arm_summary.csv,"arm=A2,grid=RTH_1day, col=b_mean",S05E,,False
arm_bsd[A2/RTH_1day],0.0927041418251135,artifacts/s05e-positive-control/phase2_arm_summary.csv,"arm=A2,grid=RTH_1day, col=b_sd",S05E,,False
arm_recovery_err[A2/RTH_1day],-0.1344893820447498,artifacts/s05e-positive-control/phase2_arm_summary.csv,"arm=A2,grid=RTH_1day, col=recovery_error_mean",S05E,,False
arm_b[A2/RTH_1h],-1.1836054096555069,artifacts/s05e-positive-control/phase2_arm_summary.csv,"arm=A2,grid=RTH_1h, col=b_mean",S05E,,False
arm_bsd[A2/RTH_1h],0.027803243855087,artifacts/s05e-positive-control/phase2_arm_summary.csv,"arm=A2,grid=RTH_1h, col=b_sd",S05E,,False
arm_recovery_err[A2/RTH_1h],0.0941353400154666,artifacts/s05e-positive-control/phase2_arm_summary.csv,"arm=A2,grid=RTH_1h, col=recovery_error_mean",S05E,,False
arm_b[A2/RTH_30min],-1.2149297435583917,artifacts/s05e-positive-control/phase2_arm_summary.csv,"arm=A2,grid=RTH_30min, col=b_mean",S05E,,False
arm_bsd[A2/RTH_30min],0.0776818630399609,artifacts/s05e-positive-control/phase2_arm_summary.csv,"arm=A2,grid=RTH_30min, col=b_sd",S05E,,False
arm_recovery_err[A2/RTH_30min],0.139489274335202,artifacts/s05e-positive-control/phase2_arm_summary.csv,"arm=A2,grid=RTH_30min, col=recovery_error_mean",S05E,,False
arm_b[A3/GLOBEX_1day],-1.0712352312535829,artifacts/s05e-positive-control/phase2_arm_summary.csv,"arm=A3,grid=GLOBEX_1day, col=b_mean",S05E,,False
arm_bsd[A3/GLOBEX_1day],0.0798154891451421,artifacts/s05e-positive-control/phase2_arm_summary.csv,"arm=A3,grid=GLOBEX_1day, col=b_sd",S05E,,False
arm_recovery_err[A3/GLOBEX_1day],-0.1631820586950784,artifacts/s05e-positive-control/phase2_arm_summary.csv,"arm=A3,grid=GLOBEX_1day, col=recovery_error_mean",S05E,,False
arm_b[A3/RTH_1day],-1.1378764490337665,artifacts/s05e-positive-control/phase2_arm_summary.csv,"arm=A3,grid=RTH_1day, col=b_mean",S05E,,False
arm_bsd[A3/RTH_1day],0.0924427877605968,artifacts/s05e-positive-control/phase2_arm_summary.csv,"arm=A3,grid=RTH_1day, col=b_sd",S05E,,False
arm_recovery_err[A3/RTH_1day],-0.1348042224313028,artifacts/s05e-positive-control/phase2_arm_summary.csv,"arm=A3,grid=RTH_1day, col=recovery_error_mean",S05E,,False
arm_b[A3/RTH_1h],-1.1917234996129067,artifacts/s05e-positive-control/phase2_arm_summary.csv,"arm=A3,grid=RTH_1h, col=b_mean",S05E,,False
arm_bsd[A3/RTH_1h],0.0291472158632649,artifacts/s05e-positive-control/phase2_arm_summary.csv,"arm=A3,grid=RTH_1h, col=b_sd",S05E,,False
arm_recovery_err[A3/RTH_1h],0.0951334717437962,artifacts/s05e-positive-control/phase2_arm_summary.csv,"arm=A3,grid=RTH_1h, col=recovery_error_mean",S05E,,False
arm_b[A3/RTH_30min],-1.2242938399904872,artifacts/s05e-positive-control/phase2_arm_summary.csv,"arm=A3,grid=RTH_30min, col=b_mean",S05E,,False
arm_bsd[A3/RTH_30min],0.0809128575852735,artifacts/s05e-positive-control/phase2_arm_summary.csv,"arm=A3,grid=RTH_30min, col=b_sd",S05E,,False
arm_recovery_err[A3/RTH_30min],0.1420563837968225,artifacts/s05e-positive-control/phase2_arm_summary.csv,"arm=A3,grid=RTH_30min, col=recovery_error_mean",S05E,,False
arm_b[A4/GLOBEX_1day],-1.0927935015358177,artifacts/s05e-positive-control/phase2_arm_summary.csv,"arm=A4,grid=GLOBEX_1day, col=b_mean",S05E,,False
arm_bsd[A4/GLOBEX_1day],0.1025594800605819,artifacts/s05e-positive-control/phase2_arm_summary.csv,"arm=A4,grid=GLOBEX_1day, col=b_sd",S05E,,False
arm_recovery_err[A4/GLOBEX_1day],0.0018417210280547,artifacts/s05e-positive-control/phase2_arm_summary.csv,"arm=A4,grid=GLOBEX_1day, col=recovery_error_mean",S05E,,False
arm_b[A4/RTH_1day],-1.1593115794234348,artifacts/s05e-positive-control/phase2_arm_summary.csv,"arm=A4,grid=RTH_1day, col=b_mean",S05E,,False
arm_bsd[A4/RTH_1day],0.0933440789496676,artifacts/s05e-positive-control/phase2_arm_summary.csv,"arm=A4,grid=RTH_1day, col=b_sd",S05E,,False
arm_recovery_err[A4/RTH_1day],0.0023957004079198,artifacts/s05e-positive-control/phase2_arm_summary.csv,"arm=A4,grid=RTH_1day, col=recovery_error_mean",S05E,,False
arm_b[A4/RTH_1h],-1.2522073058240293,artifacts/s05e-positive-control/phase2_arm_summary.csv,"arm=A4,grid=RTH_1h, col=b_mean",S05E,,False
arm_bsd[A4/RTH_1h],0.0738232062768562,artifacts/s05e-positive-control/phase2_arm_summary.csv,"arm=A4,grid=RTH_1h, col=b_sd",S05E,,False
arm_recovery_err[A4/RTH_1h],0.0140543589058708,artifacts/s05e-positive-control/phase2_arm_summary.csv,"arm=A4,grid=RTH_1h, col=recovery_error_mean",S05E,,False
arm_b[A4/RTH_30min],-1.1863065102513422,artifacts/s05e-positive-control/phase2_arm_summary.csv,"arm=A4,grid=RTH_30min, col=b_mean",S05E,,False
arm_bsd[A4/RTH_30min],0.0441860908633989,artifacts/s05e-positive-control/phase2_arm_summary.csv,"arm=A4,grid=RTH_30min, col=b_sd",S05E,,False
arm_recovery_err[A4/RTH_30min],0.0081178508717891,artifacts/s05e-positive-control/phase2_arm_summary.csv,"arm=A4,grid=RTH_30min, col=recovery_error_mean",S05E,,False
trigamma_ref_fit[RTH_1day],-1.144373249661363,artifacts/s05e-positive-control/phase1_trigamma_reference.csv,"grid=RTH_1day, col=free_b",S05E,,False
trigamma_ref_rmse[RTH_1day],0.0017694365302516,artifacts/s05e-positive-control/phase1_trigamma_reference.csv,"grid=RTH_1day, col=free_rmse",S05E,,False
trigamma_ref_fit[RTH_1h],-1.20971277863279,artifacts/s05e-positive-control/phase1_trigamma_reference.csv,"grid=RTH_1h, col=free_b",S05E,,False
trigamma_ref_rmse[RTH_1h],0.002377886242447,artifacts/s05e-positive-control/phase1_trigamma_reference.csv,"grid=RTH_1h, col=free_rmse",S05E,,False
trigamma_ref_fit[RTH_30min],-1.1971005917687416,artifacts/s05e-positive-control/phase1_trigamma_reference.csv,"grid=RTH_30min, col=free_b",S05E,,False
trigamma_ref_rmse[RTH_30min],0.0008901771358731,artifacts/s05e-positive-control/phase1_trigamma_reference.csv,"grid=RTH_30min, col=free_rmse",S05E,,False
trigamma_ref_fit[GLOBEX_1day],-1.1385774213013309,artifacts/s05e-positive-control/phase1_trigamma_reference.csv,"grid=GLOBEX_1day, col=free_b",S05E,,False
trigamma_ref_rmse[GLOBEX_1day],0.0019698456832375,artifacts/s05e-positive-control/phase1_trigamma_reference.csv,"grid=GLOBEX_1day, col=free_rmse",S05E,,False
A5_b[GLOBEX/gaussian],-1.209101296962224,artifacts/s10-exponent-audit/phase4_a5_agg.csv,"geom=GLOBEX, df=gaussian, subarm=signal, col=b_mean",S10,,False
A5_bsd[GLOBEX/gaussian],0.0848160446177977,artifacts/s10-exponent-audit/phase4_a5_agg.csv,"geom=GLOBEX, df=gaussian, subarm=signal, col=b_sd",S10,,False
A5_b[GLOBEX/nu10],-1.183380670348424,artifacts/s10-exponent-audit/phase4_a5_agg.csv,"geom=GLOBEX, df=nu10, subarm=signal, col=b_mean",S10,,False
A5_bsd[GLOBEX/nu10],0.0748209072554466,artifacts/s10-exponent-audit/phase4_a5_agg.csv,"geom=GLOBEX, df=nu10, subarm=signal, col=b_sd",S10,,False
A5_b[GLOBEX/nu2.95],-1.1420237639432105,artifacts/s10-exponent-audit/phase4_a5_agg.csv,"geom=GLOBEX, df=nu2.95, subarm=signal, col=b_mean",S10,,False
A5_bsd[GLOBEX/nu2.95],0.1697758527616436,artifacts/s10-exponent-audit/phase4_a5_agg.csv,"geom=GLOBEX, df=nu2.95, subarm=signal, col=b_sd",S10,,False
A5_b[GLOBEX/nu3],-1.2201559917100564,artifacts/s10-exponent-audit/phase4_a5_agg.csv,"geom=GLOBEX, df=nu3, subarm=signal, col=b_mean",S10,,False
A5_bsd[GLOBEX/nu3],0.0690971391243903,artifacts/s10-exponent-audit/phase4_a5_agg.csv,"geom=GLOBEX, df=nu3, subarm=signal, col=b_sd",S10,,False
A5_b[GLOBEX/nu3.67],-1.098016465870683,artifacts/s10-exponent-audit/phase4_a5_agg.csv,"geom=GLOBEX, df=nu3.67, subarm=signal, col=b_mean",S10,,False
A5_bsd[GLOBEX/nu3.67],0.1080070191312664,artifacts/s10-exponent-audit/phase4_a5_agg.csv,"geom=GLOBEX, df=nu3.67, subarm=signal, col=b_sd",S10,,False
A5_b[GLOBEX/nu4],-1.122041740087141,artifacts/s10-exponent-audit/phase4_a5_agg.csv,"geom=GLOBEX, df=nu4, subarm=signal, col=b_mean",S10,,False
A5_bsd[GLOBEX/nu4],0.0673019137025973,artifacts/s10-exponent-audit/phase4_a5_agg.csv,"geom=GLOBEX, df=nu4, subarm=signal, col=b_sd",S10,,False
A5_b[GLOBEX/nu6],-1.1668213754753456,artifacts/s10-exponent-audit/phase4_a5_agg.csv,"geom=GLOBEX, df=nu6, subarm=signal, col=b_mean",S10,,False
A5_bsd[GLOBEX/nu6],0.1310641169743566,artifacts/s10-exponent-audit/phase4_a5_agg.csv,"geom=GLOBEX, df=nu6, subarm=signal, col=b_sd",S10,,False
A5_b[RTH/gaussian],-1.1847448602355533,artifacts/s10-exponent-audit/phase4_a5_agg.csv,"geom=RTH, df=gaussian, subarm=signal, col=b_mean",S10,,False
A5_bsd[RTH/gaussian],0.1212304410176092,artifacts/s10-exponent-audit/phase4_a5_agg.csv,"geom=RTH, df=gaussian, subarm=signal, col=b_sd",S10,,False
A5_b[RTH/nu10],-1.1555325187515693,artifacts/s10-exponent-audit/phase4_a5_agg.csv,"geom=RTH, df=nu10, subarm=signal, col=b_mean",S10,,False
A5_bsd[RTH/nu10],0.08217413003607,artifacts/s10-exponent-audit/phase4_a5_agg.csv,"geom=RTH, df=nu10, subarm=signal, col=b_sd",S10,,False
A5_b[RTH/nu2.95],-1.0884515554326373,artifacts/s10-exponent-audit/phase4_a5_agg.csv,"geom=RTH, df=nu2.95, subarm=signal, col=b_mean",S10,,False
A5_bsd[RTH/nu2.95],0.1144873005240543,artifacts/s10-exponent-audit/phase4_a5_agg.csv,"geom=RTH, df=nu2.95, subarm=signal, col=b_sd",S10,,False
A5_b[RTH/nu3],-1.157828922022426,artifacts/s10-exponent-audit/phase4_a5_agg.csv,"geom=RTH, df=nu3, subarm=signal, col=b_mean",S10,,False
A5_bsd[RTH/nu3],0.1238979331756417,artifacts/s10-exponent-audit/phase4_a5_agg.csv,"geom=RTH, df=nu3, subarm=signal, col=b_sd",S10,,False
A5_b[RTH/nu3.67],-1.2305832728842876,artifacts/s10-exponent-audit/phase4_a5_agg.csv,"geom=RTH, df=nu3.67, subarm=signal, col=b_mean",S10,,False
A5_bsd[RTH/nu3.67],0.0883766971368616,artifacts/s10-exponent-audit/phase4_a5_agg.csv,"geom=RTH, df=nu3.67, subarm=signal, col=b_sd",S10,,False
A5_b[RTH/nu4],-1.1193755392922786,artifacts/s10-exponent-audit/phase4_a5_agg.csv,"geom=RTH, df=nu4, subarm=signal, col=b_mean",S10,,False
A5_bsd[RTH/nu4],0.1066234546683884,artifacts/s10-exponent-audit/phase4_a5_agg.csv,"geom=RTH, df=nu4, subarm=signal, col=b_sd",S10,,False
A5_b[RTH/nu6],-1.120701020509134,artifacts/s10-exponent-audit/phase4_a5_agg.csv,"geom=RTH, df=nu6, subarm=signal, col=b_mean",S10,,False
A5_bsd[RTH/nu6],0.0658159126526678,artifacts/s10-exponent-audit/phase4_a5_agg.csv,"geom=RTH, df=nu6, subarm=signal, col=b_sd",S10,,False
A5ref_b[GLOBEX/gaussian],-1.1119921361504352,artifacts/s10-exponent-audit/phase4_a5_agg.csv,"geom=GLOBEX, df=gaussian, subarm=reference, col=b_mean",S10,,False
A5ref_b[GLOBEX/nu10],-1.0899259001791877,artifacts/s10-exponent-audit/phase4_a5_agg.csv,"geom=GLOBEX, df=nu10, subarm=reference, col=b_mean",S10,,False
A5ref_b[GLOBEX/nu2.95],-1.137868733654059,artifacts/s10-exponent-audit/phase4_a5_agg.csv,"geom=GLOBEX, df=nu2.95, subarm=reference, col=b_mean",S10,,False
A5ref_b[GLOBEX/nu3],-1.1771755873821903,artifacts/s10-exponent-audit/phase4_a5_agg.csv,"geom=GLOBEX, df=nu3, subarm=reference, col=b_mean",S10,,False
A5ref_b[GLOBEX/nu3.67],-1.1257724914711609,artifacts/s10-exponent-audit/phase4_a5_agg.csv,"geom=GLOBEX, df=nu3.67, subarm=reference, col=b_mean",S10,,False
A5ref_b[GLOBEX/nu4],-1.1337667717749318,artifacts/s10-exponent-audit/phase4_a5_agg.csv,"geom=GLOBEX, df=nu4, subarm=reference, col=b_mean",S10,,False
A5ref_b[GLOBEX/nu6],-1.120038807609865,artifacts/s10-exponent-audit/phase4_a5_agg.csv,"geom=GLOBEX, df=nu6, subarm=reference, col=b_mean",S10,,False
A5ref_b[RTH/gaussian],-1.1186461980474989,artifacts/s10-exponent-audit/phase4_a5_agg.csv,"geom=RTH, df=gaussian, subarm=reference, col=b_mean",S10,,False
A5ref_b[RTH/nu10],-1.152591200247835,artifacts/s10-exponent-audit/phase4_a5_agg.csv,"geom=RTH, df=nu10, subarm=reference, col=b_mean",S10,,False
A5ref_b[RTH/nu2.95],-1.1536538493753956,artifacts/s10-exponent-audit/phase4_a5_agg.csv,"geom=RTH, df=nu2.95, subarm=reference, col=b_mean",S10,,False
A5ref_b[RTH/nu3],-1.1172298060983137,artifacts/s10-exponent-audit/phase4_a5_agg.csv,"geom=RTH, df=nu3, subarm=reference, col=b_mean",S10,,False
A5ref_b[RTH/nu3.67],-1.167982133941475,artifacts/s10-exponent-audit/phase4_a5_agg.csv,"geom=RTH, df=nu3.67, subarm=reference, col=b_mean",S10,,False
A5ref_b[RTH/nu4],-1.1616290000537968,artifacts/s10-exponent-audit/phase4_a5_agg.csv,"geom=RTH, df=nu4, subarm=reference, col=b_mean",S10,,False
A5ref_b[RTH/nu6],-1.1242358770072092,artifacts/s10-exponent-audit/phase4_a5_agg.csv,"geom=RTH, df=nu6, subarm=reference, col=b_mean",S10,,False
A6_b[ES/GLOBEX/H0.05],-0.8976350226377828,artifacts/s11-extensions/phase6_a6cal_agg.csv,"root=ES,geom=GLOBEX,H=0.05, col=b_mean",S11,,False
A6_sigmaw[ES/GLOBEX/H0.05],2.3032048768699176,artifacts/s11-extensions/phase6_a6cal_agg.csv,"root=ES,geom=GLOBEX,H=0.05, col=sigma_w",S11,,False
A6_b[ES/GLOBEX/H0.10],-0.9263427024121788,artifacts/s11-extensions/phase6_a6cal_agg.csv,"root=ES,geom=GLOBEX,H=0.1, col=b_mean",S11,,False
A6_sigmaw[ES/GLOBEX/H0.10],2.2799829635322095,artifacts/s11-extensions/phase6_a6cal_agg.csv,"root=ES,geom=GLOBEX,H=0.1, col=sigma_w",S11,,False
A6_b[ES/GLOBEX/H0.20],-0.8495478547570567,artifacts/s11-extensions/phase6_a6cal_agg.csv,"root=ES,geom=GLOBEX,H=0.2, col=b_mean",S11,,False
A6_sigmaw[ES/GLOBEX/H0.20],2.6065675798952577,artifacts/s11-extensions/phase6_a6cal_agg.csv,"root=ES,geom=GLOBEX,H=0.2, col=sigma_w",S11,,False
A6_b[ES/GLOBEX/H0.30],-0.8916006805861295,artifacts/s11-extensions/phase6_a6cal_agg.csv,"root=ES,geom=GLOBEX,H=0.3, col=b_mean",S11,,False
A6_sigmaw[ES/GLOBEX/H0.30],2.9202926112115386,artifacts/s11-extensions/phase6_a6cal_agg.csv,"root=ES,geom=GLOBEX,H=0.3, col=sigma_w",S11,,False
A6_b[ES/GLOBEX/H0.45],-0.9012595053423238,artifacts/s11-extensions/phase6_a6cal_agg.csv,"root=ES,geom=GLOBEX,H=0.45, col=b_mean",S11,,False
A6_sigmaw[ES/GLOBEX/H0.45],3.602184229880572,artifacts/s11-extensions/phase6_a6cal_agg.csv,"root=ES,geom=GLOBEX,H=0.45, col=sigma_w",S11,,False
A6_b[ES/GLOBEX/H0.50],-0.8586133269384251,artifacts/s11-extensions/phase6_a6cal_agg.csv,"root=ES,geom=GLOBEX,H=0.5, col=b_mean",S11,,False
A6_sigmaw[ES/GLOBEX/H0.50],3.980572263628244,artifacts/s11-extensions/phase6_a6cal_agg.csv,"root=ES,geom=GLOBEX,H=0.5, col=sigma_w",S11,,False
A6_b[ES/RTH/H0.05],-1.039610649804622,artifacts/s11-extensions/phase6_a6cal_agg.csv,"root=ES,geom=RTH,H=0.05, col=b_mean",S11,,False
A6_sigmaw[ES/RTH/H0.05],1.650273784607649,artifacts/s11-extensions/phase6_a6cal_agg.csv,"root=ES,geom=RTH,H=0.05, col=sigma_w",S11,,False
A6_b[ES/RTH/H0.10],-1.0004382202153288,artifacts/s11-extensions/phase6_a6cal_agg.csv,"root=ES,geom=RTH,H=0.1, col=b_mean",S11,,False
A6_sigmaw[ES/RTH/H0.10],1.495183198481798,artifacts/s11-extensions/phase6_a6cal_agg.csv,"root=ES,geom=RTH,H=0.1, col=sigma_w",S11,,False
A6_b[ES/RTH/H0.20],-1.041990805479458,artifacts/s11-extensions/phase6_a6cal_agg.csv,"root=ES,geom=RTH,H=0.2, col=b_mean",S11,,False
A6_sigmaw[ES/RTH/H0.20],1.6030905067622665,artifacts/s11-extensions/phase6_a6cal_agg.csv,"root=ES,geom=RTH,H=0.2, col=sigma_w",S11,,False
A6_b[ES/RTH/H0.30],-0.9528999559464394,artifacts/s11-extensions/phase6_a6cal_agg.csv,"root=ES,geom=RTH,H=0.3, col=b_mean",S11,,False
A6_sigmaw[ES/RTH/H0.30],1.696414750963449,artifacts/s11-extensions/phase6_a6cal_agg.csv,"root=ES,geom=RTH,H=0.3, col=sigma_w",S11,,False
A6_b[ES/RTH/H0.45],-1.0153743202284715,artifacts/s11-extensions/phase6_a6cal_agg.csv,"root=ES,geom=RTH,H=0.45, col=b_mean",S11,,False
A6_sigmaw[ES/RTH/H0.45],1.881388389617205,artifacts/s11-extensions/phase6_a6cal_agg.csv,"root=ES,geom=RTH,H=0.45, col=sigma_w",S11,,False
A6_b[ES/RTH/H0.50],-1.044403684181973,artifacts/s11-extensions/phase6_a6cal_agg.csv,"root=ES,geom=RTH,H=0.5, col=b_mean",S11,,False
A6_sigmaw[ES/RTH/H0.50],1.9641432735025883,artifacts/s11-extensions/phase6_a6cal_agg.csv,"root=ES,geom=RTH,H=0.5, col=sigma_w",S11,,False
A6_b[NQ/GLOBEX/H0.05],-0.9362920838858146,artifacts/s11-extensions/phase6_a6cal_agg.csv,"root=NQ,geom=GLOBEX,H=0.05, col=b_mean",S11,,False
A6_sigmaw[NQ/GLOBEX/H0.05],2.5903979854285715,artifacts/s11-extensions/phase6_a6cal_agg.csv,"root=NQ,geom=GLOBEX,H=0.05, col=sigma_w",S11,,False
A6_b[NQ/GLOBEX/H0.10],-0.8597905022885122,artifacts/s11-extensions/phase6_a6cal_agg.csv,"root=NQ,geom=GLOBEX,H=0.1, col=b_mean",S11,,False
A6_sigmaw[NQ/GLOBEX/H0.10],2.5517459287941455,artifacts/s11-extensions/phase6_a6cal_agg.csv,"root=NQ,geom=GLOBEX,H=0.1, col=sigma_w",S11,,False
A6_b[NQ/GLOBEX/H0.20],-0.8207068800696549,artifacts/s11-extensions/phase6_a6cal_agg.csv,"root=NQ,geom=GLOBEX,H=0.2, col=b_mean",S11,,False
A6_sigmaw[NQ/GLOBEX/H0.20],2.88187941017747,artifacts/s11-extensions/phase6_a6cal_agg.csv,"root=NQ,geom=GLOBEX,H=0.2, col=sigma_w",S11,,False
A6_b[NQ/GLOBEX/H0.30],-0.7960224053479563,artifacts/s11-extensions/phase6_a6cal_agg.csv,"root=NQ,geom=GLOBEX,H=0.3, col=b_mean",S11,,False
A6_sigmaw[NQ/GLOBEX/H0.30],3.3582282758057116,artifacts/s11-extensions/phase6_a6cal_agg.csv,"root=NQ,geom=GLOBEX,H=0.3, col=sigma_w",S11,,False
A6_b[NQ/GLOBEX/H0.45],-0.8138751189775032,artifacts/s11-extensions/phase6_a6cal_agg.csv,"root=NQ,geom=GLOBEX,H=0.45, col=b_mean",S11,,False
A6_sigmaw[NQ/GLOBEX/H0.45],4.465884292930365,artifacts/s11-extensions/phase6_a6cal_agg.csv,"root=NQ,geom=GLOBEX,H=0.45, col=sigma_w",S11,,False
A6_b[NQ/GLOBEX/H0.50],-0.8415035482478513,artifacts/s11-extensions/phase6_a6cal_agg.csv,"root=NQ,geom=GLOBEX,H=0.5, col=b_mean",S11,,False
A6_sigmaw[NQ/GLOBEX/H0.50],4.804715622335673,artifacts/s11-extensions/phase6_a6cal_agg.csv,"root=NQ,geom=GLOBEX,H=0.5, col=sigma_w",S11,,False
A6_b[NQ/RTH/H0.05],-0.9900556669738496,artifacts/s11-extensions/phase6_a6cal_agg.csv,"root=NQ,geom=RTH,H=0.05, col=b_mean",S11,,False
A6_sigmaw[NQ/RTH/H0.05],1.753066794008017,artifacts/s11-extensions/phase6_a6cal_agg.csv,"root=NQ,geom=RTH,H=0.05, col=sigma_w",S11,,False
A6_b[NQ/RTH/H0.10],-1.0501606245920407,artifacts/s11-extensions/phase6_a6cal_agg.csv,"root=NQ,geom=RTH,H=0.1, col=b_mean",S11,,False
A6_sigmaw[NQ/RTH/H0.10],1.6399422071874143,artifacts/s11-extensions/phase6_a6cal_agg.csv,"root=NQ,geom=RTH,H=0.1, col=sigma_w",S11,,False
A6_b[NQ/RTH/H0.20],-0.8939146445451687,artifacts/s11-extensions/phase6_a6cal_agg.csv,"root=NQ,geom=RTH,H=0.2, col=b_mean",S11,,False
A6_sigmaw[NQ/RTH/H0.20],1.6402818970382214,artifacts/s11-extensions/phase6_a6cal_agg.csv,"root=NQ,geom=RTH,H=0.2, col=sigma_w",S11,,False
A6_b[NQ/RTH/H0.30],-0.9585300472552776,artifacts/s11-extensions/phase6_a6cal_agg.csv,"root=NQ,geom=RTH,H=0.3, col=b_mean",S11,,False
A6_sigmaw[NQ/RTH/H0.30],1.8008003694117072,artifacts/s11-extensions/phase6_a6cal_agg.csv,"root=NQ,geom=RTH,H=0.3, col=sigma_w",S11,,False
A6_b[NQ/RTH/H0.45],-0.9819860025884726,artifacts/s11-extensions/phase6_a6cal_agg.csv,"root=NQ,geom=RTH,H=0.45, col=b_mean",S11,,False
A6_sigmaw[NQ/RTH/H0.45],2.17533488997817,artifacts/s11-extensions/phase6_a6cal_agg.csv,"root=NQ,geom=RTH,H=0.45, col=sigma_w",S11,,False
A6_b[NQ/RTH/H0.50],-0.9393195660124252,artifacts/s11-extensions/phase6_a6cal_agg.csv,"root=NQ,geom=RTH,H=0.5, col=b_mean",S11,,False
A6_sigmaw[NQ/RTH/H0.50],2.245863799780608,artifacts/s11-extensions/phase6_a6cal_agg.csv,"root=NQ,geom=RTH,H=0.5, col=sigma_w",S11,,False
A7_b[ES/GLOBEX/end],-1.0803535071511778,artifacts/s13-extension/phase1_arms_agg.csv,"arm=A7,root=ES,geom=GLOBEX,position=end, col=b_mean",S13,,False
A7_b[ES/GLOBEX/mid],-1.1388948440979614,artifacts/s13-extension/phase1_arms_agg.csv,"arm=A7,root=ES,geom=GLOBEX,position=mid, col=b_mean",S13,,False
A7_b[ES/GLOBEX/quarter],-1.152670153628326,artifacts/s13-extension/phase1_arms_agg.csv,"arm=A7,root=ES,geom=GLOBEX,position=quarter, col=b_mean",S13,,False
A7_b[ES/GLOBEX/start],-1.074339829538883,artifacts/s13-extension/phase1_arms_agg.csv,"arm=A7,root=ES,geom=GLOBEX,position=start, col=b_mean",S13,,False
A7_b[ES/RTH/end],-1.1797660303493054,artifacts/s13-extension/phase1_arms_agg.csv,"arm=A7,root=ES,geom=RTH,position=end, col=b_mean",S13,,False
A7_b[ES/RTH/mid],-1.18035955265966,artifacts/s13-extension/phase1_arms_agg.csv,"arm=A7,root=ES,geom=RTH,position=mid, col=b_mean",S13,,False
A7_b[ES/RTH/quarter],-1.1307945345483348,artifacts/s13-extension/phase1_arms_agg.csv,"arm=A7,root=ES,geom=RTH,position=quarter, col=b_mean",S13,,False
A7_b[ES/RTH/start],-1.086219402449598,artifacts/s13-extension/phase1_arms_agg.csv,"arm=A7,root=ES,geom=RTH,position=start, col=b_mean",S13,,False
A7_b[NQ/GLOBEX/end],-1.1033636873706911,artifacts/s13-extension/phase1_arms_agg.csv,"arm=A7,root=NQ,geom=GLOBEX,position=end, col=b_mean",S13,,False
A7_b[NQ/GLOBEX/mid],-1.1632154647890105,artifacts/s13-extension/phase1_arms_agg.csv,"arm=A7,root=NQ,geom=GLOBEX,position=mid, col=b_mean",S13,,False
A7_b[NQ/GLOBEX/quarter],-1.0657380337967155,artifacts/s13-extension/phase1_arms_agg.csv,"arm=A7,root=NQ,geom=GLOBEX,position=quarter, col=b_mean",S13,,False
A7_b[NQ/GLOBEX/start],-1.1203421598183192,artifacts/s13-extension/phase1_arms_agg.csv,"arm=A7,root=NQ,geom=GLOBEX,position=start, col=b_mean",S13,,False
A7_b[NQ/RTH/end],-1.113988127286495,artifacts/s13-extension/phase1_arms_agg.csv,"arm=A7,root=NQ,geom=RTH,position=end, col=b_mean",S13,,False
A7_b[NQ/RTH/mid],-1.1335522546348462,artifacts/s13-extension/phase1_arms_agg.csv,"arm=A7,root=NQ,geom=RTH,position=mid, col=b_mean",S13,,False
A7_b[NQ/RTH/quarter],-1.0076842695254018,artifacts/s13-extension/phase1_arms_agg.csv,"arm=A7,root=NQ,geom=RTH,position=quarter, col=b_mean",S13,,False
A7_b[NQ/RTH/start],-1.1751996113321677,artifacts/s13-extension/phase1_arms_agg.csv,"arm=A7,root=NQ,geom=RTH,position=start, col=b_mean",S13,,False
A8_b[ES/GLOBEX/H0.05],-0.8811722043139604,artifacts/s13-extension/phase1_arms_agg.csv,"arm=A8,root=ES,geom=GLOBEX,H=0.05, col=b_mean",S13,,False
A8_b[ES/GLOBEX/H0.10],-0.8959851532844143,artifacts/s13-extension/phase1_arms_agg.csv,"arm=A8,root=ES,geom=GLOBEX,H=0.1, col=b_mean",S13,,False
A8_b[ES/GLOBEX/H0.20],-0.8567833778342816,artifacts/s13-extension/phase1_arms_agg.csv,"arm=A8,root=ES,geom=GLOBEX,H=0.2, col=b_mean",S13,,False
A8_b[ES/GLOBEX/H0.30],-0.8243808593891411,artifacts/s13-extension/phase1_arms_agg.csv,"arm=A8,root=ES,geom=GLOBEX,H=0.3, col=b_mean",S13,,False
A8_b[ES/GLOBEX/H0.45],-0.8590827213273039,artifacts/s13-extension/phase1_arms_agg.csv,"arm=A8,root=ES,geom=GLOBEX,H=0.45, col=b_mean",S13,,False
A8_b[ES/GLOBEX/H0.50],-0.8837562746471491,artifacts/s13-extension/phase1_arms_agg.csv,"arm=A8,root=ES,geom=GLOBEX,H=0.5, col=b_mean",S13,,False
A8_b[ES/RTH/H0.05],-1.104255666454836,artifacts/s13-extension/phase1_arms_agg.csv,"arm=A8,root=ES,geom=RTH,H=0.05, col=b_mean",S13,,False
A8_b[ES/RTH/H0.10],-1.0655642309904192,artifacts/s13-extension/phase1_arms_agg.csv,"arm=A8,root=ES,geom=RTH,H=0.1, col=b_mean",S13,,False
A8_b[ES/RTH/H0.20],-0.947702008920092,artifacts/s13-extension/phase1_arms_agg.csv,"arm=A8,root=ES,geom=RTH,H=0.2, col=b_mean",S13,,False
A8_b[ES/RTH/H0.30],-0.9579623226831776,artifacts/s13-extension/phase1_arms_agg.csv,"arm=A8,root=ES,geom=RTH,H=0.3, col=b_mean",S13,,False
A8_b[ES/RTH/H0.45],-0.9276023396633948,artifacts/s13-extension/phase1_arms_agg.csv,"arm=A8,root=ES,geom=RTH,H=0.45, col=b_mean",S13,,False
A8_b[ES/RTH/H0.50],-1.0672006096787774,artifacts/s13-extension/phase1_arms_agg.csv,"arm=A8,root=ES,geom=RTH,H=0.5, col=b_mean",S13,,False
A8_b[NQ/GLOBEX/H0.05],-0.9343404203714222,artifacts/s13-extension/phase1_arms_agg.csv,"arm=A8,root=NQ,geom=GLOBEX,H=0.05, col=b_mean",S13,,False
A8_b[NQ/GLOBEX/H0.10],-0.8194132238634442,artifacts/s13-extension/phase1_arms_agg.csv,"arm=A8,root=NQ,geom=GLOBEX,H=0.1, col=b_mean",S13,,False
A8_b[NQ/GLOBEX/H0.20],-0.791020265391616,artifacts/s13-extension/phase1_arms_agg.csv,"arm=A8,root=NQ,geom=GLOBEX,H=0.2, col=b_mean",S13,,False
A8_b[NQ/GLOBEX/H0.30],-0.8628819792432729,artifacts/s13-extension/phase1_arms_agg.csv,"arm=A8,root=NQ,geom=GLOBEX,H=0.3, col=b_mean",S13,,False
A8_b[NQ/GLOBEX/H0.45],-0.7932253619147105,artifacts/s13-extension/phase1_arms_agg.csv,"arm=A8,root=NQ,geom=GLOBEX,H=0.45, col=b_mean",S13,,False
A8_b[NQ/GLOBEX/H0.50],-0.8171850483516007,artifacts/s13-extension/phase1_arms_agg.csv,"arm=A8,root=NQ,geom=GLOBEX,H=0.5, col=b_mean",S13,,False
A8_b[NQ/RTH/H0.05],-0.9997301385899924,artifacts/s13-extension/phase1_arms_agg.csv,"arm=A8,root=NQ,geom=RTH,H=0.05, col=b_mean",S13,,False
A8_b[NQ/RTH/H0.10],-1.0509443339799656,artifacts/s13-extension/phase1_arms_agg.csv,"arm=A8,root=NQ,geom=RTH,H=0.1, col=b_mean",S13,,False
A8_b[NQ/RTH/H0.20],-1.0262620093321957,artifacts/s13-extension/phase1_arms_agg.csv,"arm=A8,root=NQ,geom=RTH,H=0.2, col=b_mean",S13,,False
A8_b[NQ/RTH/H0.30],-0.9523789670197416,artifacts/s13-extension/phase1_arms_agg.csv,"arm=A8,root=NQ,geom=RTH,H=0.3, col=b_mean",S13,,False
A8_b[NQ/RTH/H0.45],-0.9974085602355692,artifacts/s13-extension/phase1_arms_agg.csv,"arm=A8,root=NQ,geom=RTH,H=0.45, col=b_mean",S13,,False
A8_b[NQ/RTH/H0.50],-0.934975392157964,artifacts/s13-extension/phase1_arms_agg.csv,"arm=A8,root=NQ,geom=RTH,H=0.5, col=b_mean",S13,,False
required_share[ES/GLOBEX],0.3230097198750305,artifacts/s14-applications/phase4_analytic_bound.csv,"root=ES,geom=GLOBEX, col=required_share_5min_target",S14,,False
measured_share[ES/GLOBEX],0.0045179748093637,artifacts/s14-applications/phase4_analytic_bound.csv,"root=ES,geom=GLOBEX, col=measured_share_5min",S14,,False
share_ratio[ES/GLOBEX],71.49436052754848,artifacts/s14-applications/phase4_analytic_bound.csv,"root=ES,geom=GLOBEX, col=ratio_required_to_measured_5min",S14,,False
required_share[NQ/GLOBEX],0.1761664554663931,artifacts/s14-applications/phase4_analytic_bound.csv,"root=NQ,geom=GLOBEX, col=required_share_5min_target",S14,,False
measured_share[NQ/GLOBEX],0.0040555707594004,artifacts/s14-applications/phase4_analytic_bound.csv,"root=NQ,geom=GLOBEX, col=measured_share_5min",S14,,False
share_ratio[NQ/GLOBEX],43.43814124264933,artifacts/s14-applications/phase4_analytic_bound.csv,"root=NQ,geom=GLOBEX, col=ratio_required_to_measured_5min",S14,,False
required_share[ES/RTH],0.300214574784662,artifacts/s14-applications/phase4_analytic_bound.csv,"root=ES,geom=RTH, col=required_share_5min_target",S14,,False
measured_share[ES/RTH],0.0292807669461983,artifacts/s14-applications/phase4_analytic_bound.csv,"root=ES,geom=RTH, col=measured_share_5min",S14,,False
share_ratio[ES/RTH],10.252961452010078,artifacts/s14-applications/phase4_analytic_bound.csv,"root=ES,geom=RTH, col=ratio_required_to_measured_5min",S14,,False
required_share[NQ/RTH],0.1612487111060714,artifacts/s14-applications/phase4_analytic_bound.csv,"root=NQ,geom=RTH, col=required_share_5min_target",S14,,False
measured_share[NQ/RTH],0.0404379661510424,artifacts/s14-applications/phase4_analytic_bound.csv,"root=NQ,geom=RTH, col=measured_share_5min",S14,,False
share_ratio[NQ/RTH],3.9875573985046926,artifacts/s14-applications/phase4_analytic_bound.csv,"root=NQ,geom=RTH, col=ratio_required_to_measured_5min",S14,,False
pooling_share_mean,0.359520937695568,artifacts/s10-exponent-audit/phase3_pooling.csv,mean of share_gap_from_year_pooling,S10,,False
pooling_share_min,0.2357562326876082,artifacts/s10-exponent-audit/phase3_pooling.csv,min,S10,,False
pooling_share_max,0.6113459238063959,artifacts/s10-exponent-audit/phase3_pooling.csv,max,S10,,False
mean_year_minus_pooled,-0.17603361206094714,artifacts/s10-exponent-audit/phase3_pooling.csv,mean of b_year_mean - b_pooled,S10,,False
residual_gap_mean,0.3569093879537216,artifacts/s10-exponent-audit/phase3_pooling.csv,mean of b_year_mean - b_ref,S10,,False
trend_beta[year_only],-0.0469036999353932,artifacts/s15-confounds/phase3_trend_control.csv,"spec=year_only, col=year_coef",S15,,False
trend_p[year_only],0.0076007600760076,artifacts/s15-confounds/phase3_trend_control.csv,"spec=year_only, col=p_wcb",S15,,False
trend_ci_lo[year_only],-0.0748892638034722,artifacts/s15-confounds/phase3_trend_control.csv,"spec=year_only, col=ci_lo",S15,,False
trend_ci_hi[year_only],-0.0245152488409299,artifacts/s15-confounds/phase3_trend_control.csv,"spec=year_only, col=ci_hi",S15,,False
trend_vif[year_only],1.0,artifacts/s15-confounds/phase3_trend_control.csv,"spec=year_only, col=vif_year",S15,,False
trend_r2w[year_only],0.2846448814371268,artifacts/s15-confounds/phase3_trend_control.csv,"spec=year_only, col=r2_within",S15,,False
trend_beta[year_plus_cond],-0.0104593279994014,artifacts/s15-confounds/phase3_trend_control.csv,"spec=year_plus_cond, col=year_coef",S15,,False
trend_p[year_plus_cond],0.0036003600360036,artifacts/s15-confounds/phase3_trend_control.csv,"spec=year_plus_cond, col=p_wcb",S15,,False
trend_ci_lo[year_plus_cond],-0.0210735246094752,artifacts/s15-confounds/phase3_trend_control.csv,"spec=year_plus_cond, col=ci_lo",S15,,False
trend_ci_hi[year_plus_cond],-0.0019679707113424,artifacts/s15-confounds/phase3_trend_control.csv,"spec=year_plus_cond, col=ci_hi",S15,,False
trend_vif[year_plus_cond],1.2701760941569693,artifacts/s15-confounds/phase3_trend_control.csv,"spec=year_plus_cond, col=vif_year",S15,,False
trend_r2w[year_plus_cond],0.920712364911308,artifacts/s15-confounds/phase3_trend_control.csv,"spec=year_plus_cond, col=r2_within",S15,,False
trend_beta[year_plus_cond_plus_Aoverc],-0.010357935109639,artifacts/s15-confounds/phase3_trend_control.csv,"spec=year_plus_cond_plus_Aoverc, col=year_coef",S15,,False
trend_p[year_plus_cond_plus_Aoverc],0.003000300030003,artifacts/s15-confounds/phase3_trend_control.csv,"spec=year_plus_cond_plus_Aoverc, col=p_wcb",S15,,False
trend_ci_lo[year_plus_cond_plus_Aoverc],-0.0206877424165026,artifacts/s15-confounds/phase3_trend_control.csv,"spec=year_plus_cond_plus_Aoverc, col=ci_lo",S15,,False
trend_ci_hi[year_plus_cond_plus_Aoverc],-0.0025072815564227,artifacts/s15-confounds/phase3_trend_control.csv,"spec=year_plus_cond_plus_Aoverc, col=ci_hi",S15,,False
trend_vif[year_plus_cond_plus_Aoverc],1.2716968727601696,artifacts/s15-confounds/phase3_trend_control.csv,"spec=year_plus_cond_plus_Aoverc, col=vif_year",S15,,False
trend_r2w[year_plus_cond_plus_Aoverc],0.9215870227271036,artifacts/s15-confounds/phase3_trend_control.csv,"spec=year_plus_cond_plus_Aoverc, col=r2_within",S15,,False
rademacher_floor_G8,0.0078125,artifacts/s15-confounds/s15_summary.json,trend.rademacher_floor,S15,,False
lambda[ES/GLOBEX/1day/restricted_S05],-890.2105121888576,artifacts/s09-application/phase3_sizing_params.csv,"root=ES,geom=GLOBEX,horizon=1day,range=restricted_S05, col=lam_intercept",S09,,False
lambda_theory[ES/GLOBEX/1day/restricted_S05],1.0000065365203092,artifacts/s09-application/phase3_sizing_params.csv,"...,range=restricted_S05, col=lam_theory",S09,,False
lambda[ES/GLOBEX/1day/extended],0.8272250642225776,artifacts/s09-application/phase3_sizing_params.csv,"root=ES,geom=GLOBEX,horizon=1day,range=extended, col=lam_intercept",S09,,False
lambda_theory[ES/GLOBEX/1day/extended],0.9930149647327526,artifacts/s09-application/phase3_sizing_params.csv,"...,range=extended, col=lam_theory",S09,,False
lambda[NQ/GLOBEX/1day/restricted_S05],0.8496344690820835,artifacts/s09-application/phase3_sizing_params.csv,"root=NQ,geom=GLOBEX,horizon=1day,range=restricted_S05, col=lam_intercept",S09,,False
lambda_theory[NQ/GLOBEX/1day/restricted_S05],0.9926414064188588,artifacts/s09-application/phase3_sizing_params.csv,"...,range=restricted_S05, col=lam_theory",S09,,False
lambda[NQ/GLOBEX/1day/extended],0.9399469453085768,artifacts/s09-application/phase3_sizing_params.csv,"root=NQ,geom=GLOBEX,horizon=1day,range=extended, col=lam_intercept",S09,,False
lambda_theory[NQ/GLOBEX/1day/extended],0.9933437324775314,artifacts/s09-application/phase3_sizing_params.csv,"...,range=extended, col=lam_theory",S09,,False
lambda[ES/RTH/1day/restricted_S05],0.3466401547514712,artifacts/s09-application/phase3_sizing_params.csv,"root=ES,geom=RTH,horizon=1day,range=restricted_S05, col=lam_intercept",S09,,False
lambda_theory[ES/RTH/1day/restricted_S05],0.9449916624649066,artifacts/s09-application/phase3_sizing_params.csv,"...,range=restricted_S05, col=lam_theory",S09,,False
lambda[ES/RTH/1day/extended],0.8397800078923314,artifacts/s09-application/phase3_sizing_params.csv,"root=ES,geom=RTH,horizon=1day,range=extended, col=lam_intercept",S09,,False
lambda_theory[ES/RTH/1day/extended],0.9765359952651714,artifacts/s09-application/phase3_sizing_params.csv,"...,range=extended, col=lam_theory",S09,,False
lambda[ES/RTH/1h/restricted_S05],MISSING,artifacts/s09-application/phase3_sizing_params.csv,"root=ES,geom=RTH,horizon=1h,range=restricted_S05, col=lam_intercept",S09,undefined on this range,False
lambda_theory[ES/RTH/1h/restricted_S05],MISSING,artifacts/s09-application/phase3_sizing_params.csv,"...,range=restricted_S05, col=lam_theory",S09,,False
lambda[ES/RTH/1h/extended],0.588054052124918,artifacts/s09-application/phase3_sizing_params.csv,"root=ES,geom=RTH,horizon=1h,range=extended, col=lam_intercept",S09,,False
lambda_theory[ES/RTH/1h/extended],0.8529726155294435,artifacts/s09-application/phase3_sizing_params.csv,"...,range=extended, col=lam_theory",S09,,False
lambda[ES/RTH/30min/restricted_S05],MISSING,artifacts/s09-application/phase3_sizing_params.csv,"root=ES,geom=RTH,horizon=30min,range=restricted_S05, col=lam_intercept",S09,undefined on this range,False
lambda_theory[ES/RTH/30min/restricted_S05],MISSING,artifacts/s09-application/phase3_sizing_params.csv,"...,range=restricted_S05, col=lam_theory",S09,,False
lambda[ES/RTH/30min/extended],0.3958240376050629,artifacts/s09-application/phase3_sizing_params.csv,"root=ES,geom=RTH,horizon=30min,range=extended, col=lam_intercept",S09,,False
lambda_theory[ES/RTH/30min/extended],0.6736771351183367,artifacts/s09-application/phase3_sizing_params.csv,"...,range=extended, col=lam_theory",S09,,False
lambda[NQ/RTH/1day/restricted_S05],0.8975978507290965,artifacts/s09-application/phase3_sizing_params.csv,"root=NQ,geom=RTH,horizon=1day,range=restricted_S05, col=lam_intercept",S09,,False
lambda_theory[NQ/RTH/1day/restricted_S05],0.9751344278478182,artifacts/s09-application/phase3_sizing_params.csv,"...,range=restricted_S05, col=lam_theory",S09,,False
lambda[NQ/RTH/1day/extended],0.9312843759268288,artifacts/s09-application/phase3_sizing_params.csv,"root=NQ,geom=RTH,horizon=1day,range=extended, col=lam_intercept",S09,,False
lambda_theory[NQ/RTH/1day/extended],0.9760122926626974,artifacts/s09-application/phase3_sizing_params.csv,"...,range=extended, col=lam_theory",S09,,False
lambda[NQ/RTH/1h/restricted_S05],MISSING,artifacts/s09-application/phase3_sizing_params.csv,"root=NQ,geom=RTH,horizon=1h,range=restricted_S05, col=lam_intercept",S09,undefined on this range,False
lambda_theory[NQ/RTH/1h/restricted_S05],MISSING,artifacts/s09-application/phase3_sizing_params.csv,"...,range=restricted_S05, col=lam_theory",S09,,False
lambda[NQ/RTH/1h/extended],0.8101747602302579,artifacts/s09-application/phase3_sizing_params.csv,"root=NQ,geom=RTH,horizon=1h,range=extended, col=lam_intercept",S09,,False
lambda_theory[NQ/RTH/1h/extended],0.887111968415982,artifacts/s09-application/phase3_sizing_params.csv,"...,range=extended, col=lam_theory",S09,,False
lambda[NQ/RTH/30min/restricted_S05],MISSING,artifacts/s09-application/phase3_sizing_params.csv,"root=NQ,geom=RTH,horizon=30min,range=restricted_S05, col=lam_intercept",S09,undefined on this range,False
lambda_theory[NQ/RTH/30min/restricted_S05],MISSING,artifacts/s09-application/phase3_sizing_params.csv,"...,range=restricted_S05, col=lam_theory",S09,,False
lambda[NQ/RTH/30min/extended],0.6765338975574761,artifacts/s09-application/phase3_sizing_params.csv,"root=NQ,geom=RTH,horizon=30min,range=extended, col=lam_intercept",S09,,False
lambda_theory[NQ/RTH/30min/extended],0.7760344553519921,artifacts/s09-application/phase3_sizing_params.csv,"...,range=extended, col=lam_theory",S09,,False
bound_violations_E2,14,artifacts/s08-final/phase4_bound_violations.json,key=E2,S08,,False
bound_violations_E4,0,artifacts/s08-final/phase4_bound_violations.json,key=E4,S08,,False
bound_violations_intercept,4,artifacts/s08-final/phase4_bound_violations.json,key=intercept,S08,,False
bound_violations_n_rows,128,artifacts/s08-final/phase4_bound_violations.json,key=n_rows,S08,,False
convex_overstatement[ES/GLOBEX/1day],0.1930379885042465,artifacts/s12-correction/phase1_convexity_exact.csv,"ES/GLOBEX/1day, col=overstatement_prop",S12,,False
convex_adj_vp[ES/GLOBEX/1day],2.4247164543727417,artifacts/s12-correction/phase1_convexity_exact.csv,"ES/GLOBEX/1day, col=adj_exact_intercept_vp",S12,,False
convex_diff_vp[ES/GLOBEX/1day],0.4680623870452627,artifacts/s12-correction/phase1_convexity_exact.csv,"ES/GLOBEX/1day, col=diff_vp",S12,,False
convex_overstatement[NQ/GLOBEX/1day],0.0593961434179846,artifacts/s12-correction/phase1_convexity_exact.csv,"NQ/GLOBEX/1day, col=overstatement_prop",S12,,False
convex_adj_vp[NQ/GLOBEX/1day],2.5373330609393774,artifacts/s12-correction/phase1_convexity_exact.csv,"NQ/GLOBEX/1day, col=adj_exact_intercept_vp",S12,,False
convex_diff_vp[NQ/GLOBEX/1day],0.1507077983867488,artifacts/s12-correction/phase1_convexity_exact.csv,"NQ/GLOBEX/1day, col=diff_vp",S12,,False
convex_overstatement[ES/RTH/1day],0.1759117082228924,artifacts/s12-correction/phase1_convexity_exact.csv,"ES/RTH/1day, col=overstatement_prop",S12,,False
convex_adj_vp[ES/RTH/1day],2.527731558392603,artifacts/s12-correction/phase1_convexity_exact.csv,"ES/RTH/1day, col=adj_exact_intercept_vp",S12,,False
convex_diff_vp[ES/RTH/1day],0.4446575763657567,artifacts/s12-correction/phase1_convexity_exact.csv,"ES/RTH/1day, col=diff_vp",S12,,False
convex_overstatement[ES/RTH/1h],0.6261932609074736,artifacts/s12-correction/phase1_convexity_exact.csv,"ES/RTH/1h, col=overstatement_prop",S12,,False
convex_adj_vp[ES/RTH/1h],2.4642759276121895,artifacts/s12-correction/phase1_convexity_exact.csv,"ES/RTH/1h, col=adj_exact_intercept_vp",S12,,False
convex_diff_vp[ES/RTH/1h],1.5431129788872666,artifacts/s12-correction/phase1_convexity_exact.csv,"ES/RTH/1h, col=diff_vp",S12,,False
convex_overstatement[ES/RTH/30min],1.3427678095394455,artifacts/s12-correction/phase1_convexity_exact.csv,"ES/RTH/30min, col=overstatement_prop",S12,,False
convex_adj_vp[ES/RTH/30min],1.937877228394096,artifacts/s12-correction/phase1_convexity_exact.csv,"ES/RTH/30min, col=adj_exact_intercept_vp",S12,,False
convex_diff_vp[ES/RTH/30min],2.602119161127112,artifacts/s12-correction/phase1_convexity_exact.csv,"ES/RTH/30min, col=diff_vp",S12,,False
convex_overstatement[NQ/RTH/1day],0.0686844307856771,artifacts/s12-correction/phase1_convexity_exact.csv,"NQ/RTH/1day, col=overstatement_prop",S12,,False
convex_adj_vp[NQ/RTH/1day],2.4748719198173896,artifacts/s12-correction/phase1_convexity_exact.csv,"NQ/RTH/1day, col=adj_exact_intercept_vp",S12,,False
convex_diff_vp[NQ/RTH/1day],0.1699851690801135,artifacts/s12-correction/phase1_convexity_exact.csv,"NQ/RTH/1day, col=diff_vp",S12,,False
convex_overstatement[NQ/RTH/1h],0.2096497382649771,artifacts/s12-correction/phase1_convexity_exact.csv,"NQ/RTH/1h, col=overstatement_prop",S12,,False
convex_adj_vp[NQ/RTH/1h],3.263027287511866,artifacts/s12-correction/phase1_convexity_exact.csv,"NQ/RTH/1h, col=adj_exact_intercept_vp",S12,,False
convex_diff_vp[NQ/RTH/1h],0.6840928167783411,artifacts/s12-correction/phase1_convexity_exact.csv,"NQ/RTH/1h, col=diff_vp",S12,,False
convex_overstatement[NQ/RTH/30min],0.4209470972622591,artifacts/s12-correction/phase1_convexity_exact.csv,"NQ/RTH/30min, col=overstatement_prop",S12,,False
convex_adj_vp[NQ/RTH/30min],3.144486505086772,artifacts/s12-correction/phase1_convexity_exact.csv,"NQ/RTH/30min, col=adj_exact_intercept_vp",S12,,False
convex_diff_vp[NQ/RTH/30min],1.3236624666966224,artifacts/s12-correction/phase1_convexity_exact.csv,"NQ/RTH/30min, col=diff_vp",S12,,False
convex_kappa_boundary,0.18222415079042253,artifacts/s12-correction/phase1_k6.json,key=validity_boundary_kappa_at_10pct,S12,,False
convex_kappa_measured_lo,1.259902204790218,artifacts/s12-correction/phase1_k6.json,key=measured_kappa_range[0],S12,,False
convex_kappa_measured_hi,6.8444633315410295,artifacts/s12-correction/phase1_k6.json,key=measured_kappa_range[1],S12,,False
freq_required_min[ES/GLOBEX/1day],1.0007251631617111,artifacts/s13-extension/phase4_frequency_guide.csv,"ES/GLOBEX/1day, col=minutes_per_sub_bar_required",S13,,False
freq_at_5min_overstatement[ES/GLOBEX/1day],0.1930379885042465,artifacts/s13-extension/phase4_frequency_guide.csv,"ES/GLOBEX/1day, col=at_5min_overstatement",S13,,False
freq_required_min[ES/RTH/1day],1.0025706940874035,artifacts/s13-extension/phase4_frequency_guide.csv,"ES/RTH/1day, col=minutes_per_sub_bar_required",S13,,False
freq_at_5min_overstatement[ES/RTH/1day],0.1759117082228924,artifacts/s13-extension/phase4_frequency_guide.csv,"ES/RTH/1day, col=at_5min_overstatement",S13,,False
freq_required_min[ES/RTH/1h],MISSING,artifacts/s13-extension/phase4_frequency_guide.csv,"ES/RTH/1h, col=minutes_per_sub_bar_required",S13,no grid frequency reaches 5 percent,False
freq_at_5min_overstatement[ES/RTH/1h],0.6261932609074736,artifacts/s13-extension/phase4_frequency_guide.csv,"ES/RTH/1h, col=at_5min_overstatement",S13,,False
freq_required_min[ES/RTH/30min],MISSING,artifacts/s13-extension/phase4_frequency_guide.csv,"ES/RTH/30min, col=minutes_per_sub_bar_required",S13,no grid frequency reaches 5 percent,False
freq_at_5min_overstatement[ES/RTH/30min],1.3427678095394455,artifacts/s13-extension/phase4_frequency_guide.csv,"ES/RTH/30min, col=at_5min_overstatement",S13,,False
freq_required_min[NQ/GLOBEX/1day],1.0007251631617111,artifacts/s13-extension/phase4_frequency_guide.csv,"NQ/GLOBEX/1day, col=minutes_per_sub_bar_required",S13,,False
freq_at_5min_overstatement[NQ/GLOBEX/1day],0.0593961434179846,artifacts/s13-extension/phase4_frequency_guide.csv,"NQ/GLOBEX/1day, col=at_5min_overstatement",S13,,False
freq_required_min[NQ/RTH/1day],1.0025706940874035,artifacts/s13-extension/phase4_frequency_guide.csv,"NQ/RTH/1day, col=minutes_per_sub_bar_required",S13,,False
freq_at_5min_overstatement[NQ/RTH/1day],0.0686844307856771,artifacts/s13-extension/phase4_frequency_guide.csv,"NQ/RTH/1day, col=at_5min_overstatement",S13,,False
freq_required_min[NQ/RTH/1h],1.0,artifacts/s13-extension/phase4_frequency_guide.csv,"NQ/RTH/1h, col=minutes_per_sub_bar_required",S13,,False
freq_at_5min_overstatement[NQ/RTH/1h],0.2096497382649771,artifacts/s13-extension/phase4_frequency_guide.csv,"NQ/RTH/1h, col=at_5min_overstatement",S13,,False
freq_required_min[NQ/RTH/30min],MISSING,artifacts/s13-extension/phase4_frequency_guide.csv,"NQ/RTH/30min, col=minutes_per_sub_bar_required",S13,no grid frequency reaches 5 percent,False
freq_at_5min_overstatement[NQ/RTH/30min],0.4209470972622591,artifacts/s13-extension/phase4_frequency_guide.csv,"NQ/RTH/30min, col=at_5min_overstatement",S13,,False
H_naive_common[ES/GLOBEX/q0.5],0.1833861626647031,artifacts/s15-confounds/phase1_k10_decomposition.csv,"ES/GLOBEX/q0.5, col=H_common_naive",S15,,False
H_corr_common[ES/GLOBEX/q0.5],0.3968184855900726,artifacts/s15-confounds/phase1_k10_decomposition.csv,"ES/GLOBEX/q0.5, col=H_common_corrected",S15,,False
H_shift_common[ES/GLOBEX/q0.5],0.2134323229253695,artifacts/s15-confounds/phase1_k10_decomposition.csv,"ES/GLOBEX/q0.5, col=common_shift",S15,,False
H_share_lagsel[ES/GLOBEX/q0.5],-0.025365096754643,artifacts/s15-confounds/phase1_k10_decomposition.csv,"ES/GLOBEX/q0.5, col=share_lag_selection",S15,,False
H_naive_common[ES/GLOBEX/q1.0],0.1804781967441557,artifacts/s15-confounds/phase1_k10_decomposition.csv,"ES/GLOBEX/q1.0, col=H_common_naive",S15,,False
H_corr_common[ES/GLOBEX/q1.0],0.3675753147329995,artifacts/s15-confounds/phase1_k10_decomposition.csv,"ES/GLOBEX/q1.0, col=H_common_corrected",S15,,False
H_shift_common[ES/GLOBEX/q1.0],0.1870971179888438,artifacts/s15-confounds/phase1_k10_decomposition.csv,"ES/GLOBEX/q1.0, col=common_shift",S15,,False
H_share_lagsel[ES/GLOBEX/q1.0],-0.0286340260694778,artifacts/s15-confounds/phase1_k10_decomposition.csv,"ES/GLOBEX/q1.0, col=share_lag_selection",S15,,False
H_naive_common[ES/GLOBEX/q2.0],0.1775395512107924,artifacts/s15-confounds/phase1_k10_decomposition.csv,"ES/GLOBEX/q2.0, col=H_common_naive",S15,,False
H_corr_common[ES/GLOBEX/q2.0],0.3273279249018222,artifacts/s15-confounds/phase1_k10_decomposition.csv,"ES/GLOBEX/q2.0, col=H_common_corrected",S15,,False
H_shift_common[ES/GLOBEX/q2.0],0.1497883736910298,artifacts/s15-confounds/phase1_k10_decomposition.csv,"ES/GLOBEX/q2.0, col=common_shift",S15,,False
H_share_lagsel[ES/GLOBEX/q2.0],-0.0302261400413893,artifacts/s15-confounds/phase1_k10_decomposition.csv,"ES/GLOBEX/q2.0, col=share_lag_selection",S15,,False
H_naive_common[NQ/GLOBEX/q0.5],0.1587521906456598,artifacts/s15-confounds/phase1_k10_decomposition.csv,"NQ/GLOBEX/q0.5, col=H_common_naive",S15,,False
H_corr_common[NQ/GLOBEX/q0.5],0.1904098125620153,artifacts/s15-confounds/phase1_k10_decomposition.csv,"NQ/GLOBEX/q0.5, col=H_common_corrected",S15,,False
H_shift_common[NQ/GLOBEX/q0.5],0.0316576219163555,artifacts/s15-confounds/phase1_k10_decomposition.csv,"NQ/GLOBEX/q0.5, col=common_shift",S15,,False
H_share_lagsel[NQ/GLOBEX/q0.5],0.0,artifacts/s15-confounds/phase1_k10_decomposition.csv,"NQ/GLOBEX/q0.5, col=share_lag_selection",S15,,False
H_naive_common[NQ/GLOBEX/q1.0],0.1577456086224654,artifacts/s15-confounds/phase1_k10_decomposition.csv,"NQ/GLOBEX/q1.0, col=H_common_naive",S15,,False
H_corr_common[NQ/GLOBEX/q1.0],0.18761929000983,artifacts/s15-confounds/phase1_k10_decomposition.csv,"NQ/GLOBEX/q1.0, col=H_common_corrected",S15,,False
H_shift_common[NQ/GLOBEX/q1.0],0.0298736813873645,artifacts/s15-confounds/phase1_k10_decomposition.csv,"NQ/GLOBEX/q1.0, col=common_shift",S15,,False
H_share_lagsel[NQ/GLOBEX/q1.0],0.0,artifacts/s15-confounds/phase1_k10_decomposition.csv,"NQ/GLOBEX/q1.0, col=share_lag_selection",S15,,False
H_naive_common[NQ/GLOBEX/q2.0],0.1551712446166399,artifacts/s15-confounds/phase1_k10_decomposition.csv,"NQ/GLOBEX/q2.0, col=H_common_naive",S15,,False
H_corr_common[NQ/GLOBEX/q2.0],0.1816228012279374,artifacts/s15-confounds/phase1_k10_decomposition.csv,"NQ/GLOBEX/q2.0, col=H_common_corrected",S15,,False
H_shift_common[NQ/GLOBEX/q2.0],0.0264515566112974,artifacts/s15-confounds/phase1_k10_decomposition.csv,"NQ/GLOBEX/q2.0, col=common_shift",S15,,False
H_share_lagsel[NQ/GLOBEX/q2.0],0.0,artifacts/s15-confounds/phase1_k10_decomposition.csv,"NQ/GLOBEX/q2.0, col=share_lag_selection",S15,,False
H_naive_common[ES/RTH/q0.5],0.166150309095013,artifacts/s15-confounds/phase1_k10_decomposition.csv,"ES/RTH/q0.5, col=H_common_naive",S15,,False
H_corr_common[ES/RTH/q0.5],0.2908968154712871,artifacts/s15-confounds/phase1_k10_decomposition.csv,"ES/RTH/q0.5, col=H_common_corrected",S15,,False
H_shift_common[ES/RTH/q0.5],0.124746506376274,artifacts/s15-confounds/phase1_k10_decomposition.csv,"ES/RTH/q0.5, col=common_shift",S15,,False
H_share_lagsel[ES/RTH/q0.5],0.0,artifacts/s15-confounds/phase1_k10_decomposition.csv,"ES/RTH/q0.5, col=share_lag_selection",S15,,False
H_naive_common[ES/RTH/q1.0],0.1662661863355732,artifacts/s15-confounds/phase1_k10_decomposition.csv,"ES/RTH/q1.0, col=H_common_naive",S15,,False
H_corr_common[ES/RTH/q1.0],0.2853944258749671,artifacts/s15-confounds/phase1_k10_decomposition.csv,"ES/RTH/q1.0, col=H_common_corrected",S15,,False
H_shift_common[ES/RTH/q1.0],0.1191282395393939,artifacts/s15-confounds/phase1_k10_decomposition.csv,"ES/RTH/q1.0, col=common_shift",S15,,False
H_share_lagsel[ES/RTH/q1.0],0.0,artifacts/s15-confounds/phase1_k10_decomposition.csv,"ES/RTH/q1.0, col=share_lag_selection",S15,,False
H_naive_common[ES/RTH/q2.0],0.1711018561067765,artifacts/s15-confounds/phase1_k10_decomposition.csv,"ES/RTH/q2.0, col=H_common_naive",S15,,False
H_corr_common[ES/RTH/q2.0],0.2840477704749981,artifacts/s15-confounds/phase1_k10_decomposition.csv,"ES/RTH/q2.0, col=H_common_corrected",S15,,False
H_shift_common[ES/RTH/q2.0],0.1129459143682215,artifacts/s15-confounds/phase1_k10_decomposition.csv,"ES/RTH/q2.0, col=common_shift",S15,,False
H_share_lagsel[ES/RTH/q2.0],0.0,artifacts/s15-confounds/phase1_k10_decomposition.csv,"ES/RTH/q2.0, col=share_lag_selection",S15,,False
H_naive_common[NQ/RTH/q0.5],0.1448863012420115,artifacts/s15-confounds/phase1_k10_decomposition.csv,"NQ/RTH/q0.5, col=H_common_naive",S15,,False
H_corr_common[NQ/RTH/q0.5],0.1759296366487618,artifacts/s15-confounds/phase1_k10_decomposition.csv,"NQ/RTH/q0.5, col=H_common_corrected",S15,,False
H_shift_common[NQ/RTH/q0.5],0.0310433354067503,artifacts/s15-confounds/phase1_k10_decomposition.csv,"NQ/RTH/q0.5, col=common_shift",S15,,False
H_share_lagsel[NQ/RTH/q0.5],0.0,artifacts/s15-confounds/phase1_k10_decomposition.csv,"NQ/RTH/q0.5, col=share_lag_selection",S15,,False
H_naive_common[NQ/RTH/q1.0],0.1470011808139671,artifacts/s15-confounds/phase1_k10_decomposition.csv,"NQ/RTH/q1.0, col=H_common_naive",S15,,False
H_corr_common[NQ/RTH/q1.0],0.177735610838741,artifacts/s15-confounds/phase1_k10_decomposition.csv,"NQ/RTH/q1.0, col=H_common_corrected",S15,,False
H_shift_common[NQ/RTH/q1.0],0.0307344300247739,artifacts/s15-confounds/phase1_k10_decomposition.csv,"NQ/RTH/q1.0, col=common_shift",S15,,False
H_share_lagsel[NQ/RTH/q1.0],0.0,artifacts/s15-confounds/phase1_k10_decomposition.csv,"NQ/RTH/q1.0, col=share_lag_selection",S15,,False
H_naive_common[NQ/RTH/q2.0],0.1533349167035019,artifacts/s15-confounds/phase1_k10_decomposition.csv,"NQ/RTH/q2.0, col=H_common_naive",S15,,False
H_corr_common[NQ/RTH/q2.0],0.1838157875376985,artifacts/s15-confounds/phase1_k10_decomposition.csv,"NQ/RTH/q2.0, col=H_common_corrected",S15,,False
H_shift_common[NQ/RTH/q2.0],0.0304808708341965,artifacts/s15-confounds/phase1_k10_decomposition.csv,"NQ/RTH/q2.0, col=common_shift",S15,,False
H_share_lagsel[NQ/RTH/q2.0],0.0,artifacts/s15-confounds/phase1_k10_decomposition.csv,"NQ/RTH/q2.0, col=share_lag_selection",S15,,False
v_ratio_measured_to_fitted[ES/GLOBEX],0.0913036548363755,artifacts/s15-confounds/phase2_k9_check.csv,"root=ES,geom=GLOBEX, col=ratio_measured_to_fitted",S15,,False
v_ratio_measured_to_fitted[NQ/GLOBEX],0.2706686030660656,artifacts/s15-confounds/phase2_k9_check.csv,"root=NQ,geom=GLOBEX, col=ratio_measured_to_fitted",S15,,False
v_ratio_measured_to_fitted[ES/RTH],0.1512460143302873,artifacts/s15-confounds/phase2_k9_check.csv,"root=ES,geom=RTH, col=ratio_measured_to_fitted",S15,,False
v_ratio_measured_to_fitted[NQ/RTH],0.4181305348877943,artifacts/s15-confounds/phase2_k9_check.csv,"root=NQ,geom=RTH, col=ratio_measured_to_fitted",S15,,False
v_ratio_min,0.0913036548363755,artifacts/s15-confounds/phase2_k9_check.csv,min,S15,,False
v_ratio_max,0.4181305348877943,artifacts/s15-confounds/phase2_k9_check.csv,max,S15,,False
mis_analytic[ES/GLOBEX/insample],0.1364500863266465,artifacts/s14-applications/phase1_k8_rates.csv,"ES/GLOBEX/insample, col=analytic_rate",S14,,False
mis_empirical[ES/GLOBEX/insample],0.0307219662058371,artifacts/s14-applications/phase1_k8_rates.csv,"ES/GLOBEX/insample, col=empirical_rate",S14,,False
mis_analytic[ES/GLOBEX/holdout],0.1364500863266465,artifacts/s14-applications/phase1_k8_rates.csv,"ES/GLOBEX/holdout, col=analytic_rate",S14,,False
mis_empirical[ES/GLOBEX/holdout],0.0312012480499219,artifacts/s14-applications/phase1_k8_rates.csv,"ES/GLOBEX/holdout, col=empirical_rate",S14,,False
mis_analytic[NQ/GLOBEX/insample],0.0788067606592226,artifacts/s14-applications/phase1_k8_rates.csv,"NQ/GLOBEX/insample, col=analytic_rate",S14,,False
mis_empirical[NQ/GLOBEX/insample],0.0266940451745379,artifacts/s14-applications/phase1_k8_rates.csv,"NQ/GLOBEX/insample, col=empirical_rate",S14,,False
mis_analytic[NQ/GLOBEX/holdout],0.0788067606592226,artifacts/s14-applications/phase1_k8_rates.csv,"NQ/GLOBEX/holdout, col=analytic_rate",S14,,False
mis_empirical[NQ/GLOBEX/holdout],0.0327613104524181,artifacts/s14-applications/phase1_k8_rates.csv,"NQ/GLOBEX/holdout, col=empirical_rate",S14,,False
mis_analytic[ES/RTH/insample],0.1310853592067087,artifacts/s14-applications/phase1_k8_rates.csv,"ES/RTH/insample, col=analytic_rate",S14,,False
mis_empirical[ES/RTH/insample],0.0389268805891636,artifacts/s14-applications/phase1_k8_rates.csv,"ES/RTH/insample, col=empirical_rate",S14,,False
mis_analytic[ES/RTH/holdout],0.1310853592067087,artifacts/s14-applications/phase1_k8_rates.csv,"ES/RTH/holdout, col=analytic_rate",S14,,False
mis_empirical[ES/RTH/holdout],0.0305958132045088,artifacts/s14-applications/phase1_k8_rates.csv,"ES/RTH/holdout, col=empirical_rate",S14,,False
mis_analytic[NQ/RTH/insample],0.084427118547443,artifacts/s14-applications/phase1_k8_rates.csv,"NQ/RTH/insample, col=analytic_rate",S14,,False
mis_empirical[NQ/RTH/insample],0.0420831141504471,artifacts/s14-applications/phase1_k8_rates.csv,"NQ/RTH/insample, col=empirical_rate",S14,,False
mis_analytic[NQ/RTH/holdout],0.084427118547443,artifacts/s14-applications/phase1_k8_rates.csv,"NQ/RTH/holdout, col=analytic_rate",S14,,False
mis_empirical[NQ/RTH/holdout],0.0515297906602254,artifacts/s14-applications/phase1_k8_rates.csv,"NQ/RTH/holdout, col=empirical_rate",S14,,False
mis_tercile_min,0.0595482546201232,artifacts/s14-applications/phase1_tercile.csv,min empirical_rate,S14,,False
mis_tercile_max,0.1191626409017713,artifacts/s14-applications/phase1_tercile.csv,max empirical_rate,S14,,False
k11_mis_A1[ES/GLOBEX/1day],0.0124804992199688,artifacts/s16-regime/phase4_k11_final.csv,"ES/GLOBEX/1day, col=mis_A1",S16,,False
k11_mis_A3[ES/GLOBEX/1day],0.0124804992199688,artifacts/s16-regime/phase4_k11_final.csv,"ES/GLOBEX/1day, col=mis_A3",S16,,False
k11_red_vs_A1[ES/GLOBEX/1day],0.0,artifacts/s16-regime/phase4_k11_final.csv,"ES/GLOBEX/1day, col=reduction_vs_A1_pp",S16,,False
k11_mis_A1[NQ/GLOBEX/1day],0.0327613104524181,artifacts/s16-regime/phase4_k11_final.csv,"NQ/GLOBEX/1day, col=mis_A1",S16,,False
k11_mis_A3[NQ/GLOBEX/1day],0.0327613104524181,artifacts/s16-regime/phase4_k11_final.csv,"NQ/GLOBEX/1day, col=mis_A3",S16,,False
k11_red_vs_A1[NQ/GLOBEX/1day],0.0,artifacts/s16-regime/phase4_k11_final.csv,"NQ/GLOBEX/1day, col=reduction_vs_A1_pp",S16,,False
k11_mis_A1[ES/RTH/1day],0.0225442834138486,artifacts/s16-regime/phase4_k11_final.csv,"ES/RTH/1day, col=mis_A1",S16,,False
k11_mis_A3[ES/RTH/1day],0.0225442834138486,artifacts/s16-regime/phase4_k11_final.csv,"ES/RTH/1day, col=mis_A3",S16,,False
k11_red_vs_A1[ES/RTH/1day],0.0,artifacts/s16-regime/phase4_k11_final.csv,"ES/RTH/1day, col=reduction_vs_A1_pp",S16,,False
k11_mis_A1[NQ/RTH/1day],0.0563607085346215,artifacts/s16-regime/phase4_k11_final.csv,"NQ/RTH/1day, col=mis_A1",S16,,False
k11_mis_A3[NQ/RTH/1day],0.0563607085346215,artifacts/s16-regime/phase4_k11_final.csv,"NQ/RTH/1day, col=mis_A3",S16,,False
k11_red_vs_A1[NQ/RTH/1day],0.0,artifacts/s16-regime/phase4_k11_final.csv,"NQ/RTH/1day, col=reduction_vs_A1_pp",S16,,False
k11_mis_A1[ES/RTH/1h],0.0515297906602254,artifacts/s16-regime/phase4_k11_final.csv,"ES/RTH/1h, col=mis_A1",S16,,False
k11_mis_A3[ES/RTH/1h],0.0515297906602254,artifacts/s16-regime/phase4_k11_final.csv,"ES/RTH/1h, col=mis_A3",S16,,False
k11_red_vs_A1[ES/RTH/1h],0.0,artifacts/s16-regime/phase4_k11_final.csv,"ES/RTH/1h, col=reduction_vs_A1_pp",S16,,False
k11_mis_A1[NQ/RTH/1h],0.0794417606011809,artifacts/s16-regime/phase4_k11_final.csv,"NQ/RTH/1h, col=mis_A1",S16,,False
k11_mis_A3[NQ/RTH/1h],0.0794417606011809,artifacts/s16-regime/phase4_k11_final.csv,"NQ/RTH/1h, col=mis_A3",S16,,False
k11_red_vs_A1[NQ/RTH/1h],0.0,artifacts/s16-regime/phase4_k11_final.csv,"NQ/RTH/1h, col=reduction_vs_A1_pp",S16,,False
k11_mis_A1[ES/RTH/30min],0.4700751476113795,artifacts/s16-regime/phase4_k11_final.csv,"ES/RTH/30min, col=mis_A1",S16,,False
k11_mis_A3[ES/RTH/30min],0.4700751476113795,artifacts/s16-regime/phase4_k11_final.csv,"ES/RTH/30min, col=mis_A3",S16,,False
k11_red_vs_A1[ES/RTH/30min],0.0,artifacts/s16-regime/phase4_k11_final.csv,"ES/RTH/30min, col=reduction_vs_A1_pp",S16,,False
k11_mis_A1[NQ/RTH/30min],0.2652979066022544,artifacts/s16-regime/phase4_k11_final.csv,"NQ/RTH/30min, col=mis_A1",S16,,False
k11_mis_A3[NQ/RTH/30min],0.2652979066022544,artifacts/s16-regime/phase4_k11_final.csv,"NQ/RTH/30min, col=mis_A3",S16,,False
k11_red_vs_A1[NQ/RTH/30min],0.0,artifacts/s16-regime/phase4_k11_final.csv,"NQ/RTH/30min, col=reduction_vs_A1_pp",S16,,False
k12_red[ES/GLOBEX/1day],0.0,artifacts/s17-emission/phase4_a4_holdout.csv,"ES/GLOBEX/1day, scale=1.0, col=reduction_pp",S17,,False
k12_states_differ[ES/GLOBEX/1day],0,artifacts/s17-emission/phase4_a4_holdout.csv,"ES/GLOBEX/1day, scale=1.0, col=states_differ_vs_A1",S17,,False
k12_red[ES/RTH/1day],0.0,artifacts/s17-emission/phase4_a4_holdout.csv,"ES/RTH/1day, scale=1.0, col=reduction_pp",S17,,False
k12_states_differ[ES/RTH/1day],0,artifacts/s17-emission/phase4_a4_holdout.csv,"ES/RTH/1day, scale=1.0, col=states_differ_vs_A1",S17,,False
k12_red[ES/RTH/1h],-0.6977992485238865,artifacts/s17-emission/phase4_a4_holdout.csv,"ES/RTH/1h, scale=1.0, col=reduction_pp",S17,,False
k12_states_differ[ES/RTH/1h],114,artifacts/s17-emission/phase4_a4_holdout.csv,"ES/RTH/1h, scale=1.0, col=states_differ_vs_A1",S17,,False
k12_red[ES/RTH/30min],-0.4159957058507801,artifacts/s17-emission/phase4_a4_holdout.csv,"ES/RTH/30min, scale=1.0, col=reduction_pp",S17,,False
k12_states_differ[ES/RTH/30min],749,artifacts/s17-emission/phase4_a4_holdout.csv,"ES/RTH/30min, scale=1.0, col=states_differ_vs_A1",S17,,False
k12_red[NQ/GLOBEX/1day],0.0,artifacts/s17-emission/phase4_a4_holdout.csv,"NQ/GLOBEX/1day, scale=1.0, col=reduction_pp",S17,,False
k12_states_differ[NQ/GLOBEX/1day],0,artifacts/s17-emission/phase4_a4_holdout.csv,"NQ/GLOBEX/1day, scale=1.0, col=states_differ_vs_A1",S17,,False
k12_red[NQ/RTH/1day],0.0,artifacts/s17-emission/phase4_a4_holdout.csv,"NQ/RTH/1day, scale=1.0, col=reduction_pp",S17,,False
k12_states_differ[NQ/RTH/1day],0,artifacts/s17-emission/phase4_a4_holdout.csv,"NQ/RTH/1day, scale=1.0, col=states_differ_vs_A1",S17,,False
k12_red[NQ/RTH/1h],0.0,artifacts/s17-emission/phase4_a4_holdout.csv,"NQ/RTH/1h, scale=1.0, col=reduction_pp",S17,,False
k12_states_differ[NQ/RTH/1h],0,artifacts/s17-emission/phase4_a4_holdout.csv,"NQ/RTH/1h, scale=1.0, col=states_differ_vs_A1",S17,,False
k12_red[NQ/RTH/30min],-0.0268384326355342,artifacts/s17-emission/phase4_a4_holdout.csv,"NQ/RTH/30min, scale=1.0, col=reduction_pp",S17,,False
k12_states_differ[NQ/RTH/30min],28,artifacts/s17-emission/phase4_a4_holdout.csv,"NQ/RTH/30min, scale=1.0, col=states_differ_vs_A1",S17,,False
k12_max_reduction_pp,0.0,artifacts/s17-emission/phase4_a4_holdout.csv,"max over extended, scale=1.0",S17,,False
k12_windows_binding,153613,artifacts/s17-emission/phase3_a4_insample.csv,sum of n_windows_binding,S17," SUPERSEDED S19: aggregated over all 35 rows, mixing four noise scalings and two lambda ranges.",True
k12_windows_total,294906,artifacts/s17-emission/phase3_a4_insample.csv,sum of n_windows,S17," SUPERSEDED S19: aggregated over all 35 rows, mixing four noise scalings and two lambda ranges.",True
k12_states_differ_insample,20462,artifacts/s17-emission/phase3_a4_insample.csv,sum of states_differ_vs_A1,S17," SUPERSEDED S19: aggregated over all 35 rows, mixing four noise scalings and two lambda ranges.",True
holdout_read_count,7,DECISIONS.md,"items 72, 88, 105, 110, 121, 128 (S11 phases 8-9 shares item 88's opening)",S09-S17,,False
k12_states_differ_insample_s100_ext,18311,artifacts/s17-emission/phase3_a4_insample.csv,"sum states_differ_vs_A1, lam_range=extended, scale=1.00, 8 cells",S17,headline scaling; the figure S17's report cited,False
k12_states_differ_insample_all_scalings_ext,20382,artifacts/s17-emission/phase3_a4_insample.csv,"sum states_differ_vs_A1, lam_range=extended, all 4 scalings",S17,,False
k12_states_differ_insample_all_rows,20462,artifacts/s17-emission/phase3_a4_insample.csv,"sum states_differ_vs_A1, all 35 rows",S17,mixes lambda ranges; not a meaningful aggregate,False
k12_states_differ_holdout_all_scalings_ext,1183,artifacts/s17-emission/phase4_a4_holdout.csv,"sum states_differ_vs_A1, lam_range=extended, all 4 scalings",S17,"holdout, a different sample from the in-sample counts",False
k12_windows_binding_s100_ext,46120,artifacts/s17-emission/phase3_a4_insample.csv,"sum n_windows_binding, extended, scale=1.00",S17,headline scaling,False
k12_windows_total_s100_ext,72619,artifacts/s17-emission/phase3_a4_insample.csv,"sum n_windows, extended, scale=1.00",S17,denominator at one scaling,False
k12_binding_share_s100_ext,0.635082,artifacts/s17-emission/phase3_a4_insample.csv,"n_windows_binding / n_windows, extended, scale=1.00",S17,,False
n_futures_cells_pass_screen,12,artifacts/s10-exponent-audit/phase2_screen.csv,"count screen_tight_pass, range in {extended,tick_full}, non-SPY",S10,,False
n_distinct_futures_cells_pass,6,artifacts/s10-exponent-audit/phase2_screen.csv,distinct after mapping B1->B0,S10,B0 and B1 give identical fits,False
median_gap_b_to_ref,0.516929,artifacts/s10-exponent-audit/phase1_bootstrap.csv,median |b - b_trigamma_ref| over 18 rows,S10,,False
ratio_median_gap_to_median_se,9.648944,artifacts/s10-exponent-audit/phase1_bootstrap.csv,median|b-b_ref| / median b_se,S10,S18 draft said 'roughly ten times',False
rows_pre2024,11318126,artifacts/s03-data-noise/s03_counts.json,key=rows_pre2024,S03,,False
rows_final,5179550,artifacts/s03-data-noise/s03_counts.json,key=rows_final,S03,,False
rows_spread_filtered,1031774,artifacts/s03-data-noise/s03_counts.json,key=rows_spread_filtered,S03,,False
sessions_ES_RTH,1901,artifacts/s04-repairs-diagnostics/s04_build.json,ledger.ES_RTH.final,S04,,False
sessions_NQ_RTH,1901,artifacts/s04-repairs-diagnostics/s04_build.json,ledger.NQ_RTH.final,S04,,False
sessions_ES_GLOBEX,1953,artifacts/s04-repairs-diagnostics/s04_build.json,ledger.ES_GLOBEX.final,S04,,False
sessions_NQ_GLOBEX,1948,artifacts/s04-repairs-diagnostics/s04_build.json,ledger.NQ_GLOBEX.final,S04,,False
roll_excluded_per_cell,96,artifacts/s04-repairs-diagnostics/s04_build.json,ledger.*.roll_excluded,S04,,False
early_close_excl_RTH_ES,68,artifacts/s04-repairs-diagnostics/s04_build.json,r1_counts.excluded_rth_per_root.ES,S04,,False
early_close_excl_GLOBEX_ES,16,artifacts/s04-repairs-diagnostics/s04_build.json,r1_counts.excluded_globex_per_root.ES,S04,,False
early_close_excl_GLOBEX_NQ,21,artifacts/s04-repairs-diagnostics/s04_build.json,r1_counts.excluded_globex_per_root.NQ,S04,,False
spy_sessions_pre2024,1427,artifacts/s07-completion-and-spy/phase1_spy_span.json,venues.ARCX.PILLAR.n_rth_sessions_pre2024,S07,Inventory count of pre-2024 RTH sessions present in the raw extract. The count entering the analysis is 12 lower; see spy_windows_analysed.,False
spy_windows_analysed,1415,artifacts/s07-completion-and-spy/phase6_spy_grid_ARCX.csv,col=n_windows,S07,"sessions surviving the analysis filters; 1,427 in the raw inventory",False
bars_RTH,390,sessions/s06r-repair/src/phase23_panels.py,constant N_GRID['RTH'],S06R,"grid constant, read from published source",False
bars_GLOBEX,1380,sessions/s06r-repair/src/phase23_panels.py,constant N_GRID['GLOBEX'],S06R,"grid constant, read from published source",False
grid_RTH_1day,"'5,6,10,13,26,78,195,389'",sessions/s08-final/src/phase234.py,"constant GRID[('RTH','1day')]",S08,grid constant,False
grid_GLOBEX_1day,"'5,6,10,12,23,46,138,276,345,1379'",sessions/s08-final/src/phase234.py,"constant GRID[('GLOBEX','1day')]",S08,grid constant,False
spy_share_of_consolidated_volume,'approximately one third',DECISIONS.md,item 57,S07,stated in the decision log; no measurement artifact in this repository,False
excluded_with_nonzero_rv_max,1,artifacts/s07-completion-and-spy/phase2_exclusion_audit.csv,max of col n_excluded_with_nonzero_rv over 8 rows,S07,under the adopted data-presence rule,False
blanket_rule_windows_removed,MISSING,NONE,"the 42-98 range appears only in the tradeable_ext docstring of sessions/s07-completion-and-spy/src/phase2_rerun8.py, not in any results artifact",S07,MISSING: not artifact-supported,False
loo_deviation_median,0.0191250320295256,artifacts/s10-exponent-audit/phase2_leave_one_out.csv,median of col deviation over 158 rows,S10,registered in S21 prose pass,False
loo_deviation_max,0.231611884759408,artifacts/s10-exponent-audit/phase2_leave_one_out.csv,max of col deviation over 158 rows,S10,registered in S21 prose pass,False
loo_endpoint_cells,18.0,artifacts/s10-exponent-audit/phase2_leave_one_out.csv,cells whose max-deviation dropped_M is a grid endpoint,S10,registered in S21 prose pass,False
loo_n_cells,18.0,artifacts/s10-exponent-audit/phase2_leave_one_out.csv,distinct cells in the leave-one-out artifact,S10,registered in S21 prose pass,False
k5_cap_first_binds,1.4340665802401198,artifacts/s12-correction/phase4_k4.json,leverage_cap.cap_that_would_first_bind,S12,registered in S23B for Section 5,False
k1_excess_rth,0.20833333333333331,artifacts/s09-application/phase12_summary.json,excess_rth,S09,registered in S23B for Section 5,False
k1_excess[1day],0.125,artifacts/s09-application/phase12_summary.json,by_horizon[1day].excess,S09,registered in S23B for Section 5,False
k1_excess[1h],0.4375,artifacts/s09-application/phase12_summary.json,by_horizon[1h].excess,S09,registered in S23B for Section 5,False
k1_excess[30min],0.0625,artifacts/s09-application/phase12_summary.json,by_horizon[30min].excess,S09,registered in S23B for Section 5,False
k1_lam_intercept[1day],1.000855026167171,artifacts/s09-application/phase12_summary.json,by_horizon[1day].lam_intercept,S09,registered in S23B for Section 5,False
k1_lam_intercept[1h],0.8562407799831788,artifacts/s09-application/phase12_summary.json,by_horizon[1h].lam_intercept,S09,registered in S23B for Section 5,False
k1_lam_intercept[30min],0.7130945742582158,artifacts/s09-application/phase12_summary.json,by_horizon[30min].lam_intercept,S09,registered in S23B for Section 5,False
n_conditions_before,8.0,paper/k_table.csv,count of chosen==before,S23B,registered in S23B for Section 5,False
n_conditions_after,5.0,paper/k_table.csv,count of chosen==after,S23B,registered in S23B for Section 5,False
n_fire_before,5.0,paper/k_table.csv,FIRES among chosen==before,S23B,registered in S23B for Section 5,False
n_material_after,3.0,paper/k_table.csv,DOES NOT FIRE among chosen==after,S23B,registered in S23B for Section 5,False
k1_raw_rate_rth,0.6875,artifacts/s09-application/phase12_summary.json,bc_rate_rth,S09,registered in S23C for Section 5.4,False
k1_placebo_rate_rth,0.4791666666666667,artifacts/s09-application/phase12_summary.json,dc_rate_rth,S09,registered in S23C for Section 5.4,False
inv30_mis_insample,0.4847577328803862,artifacts/s17-emission/phase12_summary.json,phase2.rows[2].mis (NQ/RTH/30min insample),S17,registered in S24 for Section 8,False
inv30_mis_holdout,0.26529790660225444,artifacts/s17-emission/phase12_summary.json,phase2.rows[3].mis (NQ/RTH/30min holdout),S17,registered in S24 for Section 8,False
inv30_gap_threshold,0.25,artifacts/s17-emission/phase2_stability_restricted.csv,mu_gap_threshold column value; also the 0p25 in share_gap_below_0p25,S17,registered in S24 for Section 8,False
inv30_share_gap_insample,0.17428035043804757,artifacts/s17-emission/phase12_summary.json,phase2.stability[2].share_gap_below_0p25,S17,registered in S24 for Section 8,False
inv30_share_gap_holdout,0.06896551724137931,artifacts/s17-emission/phase12_summary.json,phase2.stability[3].share_gap_below_0p25,S17,registered in S24 for Section 8,False
inv30_restrict_move_insample,0.6681257061246726,artifacts/s17-emission/phase2_stability_restricted.csv,"100*(misclass at mu_gap_threshold 0.00 minus 0.50), NQ/RTH/30min insample",S17,registered in S24 for Section 8,False
inv30_restrict_move_holdout,-0.03822452156165279,artifacts/s17-emission/phase2_stability_restricted.csv,"100*(misclass at mu_gap_threshold 0.00 minus 0.50), NQ/RTH/30min holdout",S17,registered in S24 for Section 8,False
inv30_inversion_pp,21.949542240138452,artifacts/s17-emission/phase2_stability_restricted.csv,100*(insample minus holdout misclass at mu_gap_threshold 0.00),S17,registered in S24 for Section 8,False
inv30_separation_insample,1.7086224134645949,artifacts/s17-emission/phase12_summary.json,phase2.rows[2].separation_mean,S17,registered in S24 for Section 8,False
inv30_separation_holdout,1.6680181295851042,artifacts/s17-emission/phase12_summary.json,phase2.rows[3].separation_mean,S17,registered in S24 for Section 8,False
